area1,area2,2026Q1,2026Q2,property_type,metric,SIDO_NM,qoq_change,qoq_change_pct
전국,합계,14.058577204910245,14.329177887673469,중대형상가,vacancy_rate_pct,전국,0.2706006827632237,1.924808455500826
서울,계,9.347004088628726,9.671976723597064,중대형상가,vacancy_rate_pct,서울특별시,0.32497263496833817,3.4767571714629852
서울,소계(도심지역),10.210494090005561,11.192240181056468,중대형상가,vacancy_rate_pct,서울특별시,0.9817460910509066,9.615069382507935
서울,광화문,5.2375017721552375,5.2375017721552375,중대형상가,vacancy_rate_pct,서울특별시,0.0,0.0
서울,남대문,14.596374127682472,13.93330844034612,중대형상가,vacancy_rate_pct,서울특별시,-0.663065687336351,-4.542673965028254
서울,동대문,15.3409705531901,17.392934554963173,중대형상가,vacancy_rate_pct,서울특별시,2.0519640017730723,13.375711756036024
서울,명동,5.026152811558029,6.469479825857184,중대형상가,vacancy_rate_pct,서울특별시,1.4433270142991548,28.71633769232229
서울,방산시장,21.137414632652437,32.38844822834042,중대형상가,vacancy_rate_pct,서울특별시,11.251033595687986,53.22804984062588
서울,북촌,1.946579458490347,1.946579458490347,중대형상가,vacancy_rate_pct,서울특별시,0.0,0.0
서울,서촌,10.115366030442138,10.115366030442138,중대형상가,vacancy_rate_pct,서울특별시,0.0,0.0
서울,시청,11.71677999111627,11.71677999111627,중대형상가,vacancy_rate_pct,서울특별시,0.0,0.0
서울,을지로,6.812365249492021,12.282007931214554,중대형상가,vacancy_rate_pct,서울특별시,5.469642681722534,80.28992106860962
서울,종로,8.515068268348891,9.201611470961188,중대형상가,vacancy_rate_pct,서울특별시,0.6865432026122971,8.062685829122795
서울,충무로,11.20128037669521,3.047344911550804,중대형상가,vacancy_rate_pct,서울특별시,-8.153935465144407,-72.79467338491992
서울,소계(강남지역),10.680308743181556,11.069885968715623,중대형상가,vacancy_rate_pct,서울특별시,0.38957722553406704,3.6476213834434112
서울,강남대로,6.893751785759991,6.893751785759991,중대형상가,vacancy_rate_pct,서울특별시,0.0,0.0
서울,교대역,2.8979287631150594,3.7365679283059268,중대형상가,vacancy_rate_pct,서울특별시,0.8386391651908673,28.939260890919627
서울,남부터미널,5.154107499231925,7.752580916377163,중대형상가,vacancy_rate_pct,서울특별시,2.5984734171452377,50.415584415584405
서울,논현역,13.584550672882193,17.27659472479538,중대형상가,vacancy_rate_pct,서울특별시,3.6920440519131876,27.178256688926304
서울,도산대로,8.52224014590724,9.62276208207973,중대형상가,vacancy_rate_pct,서울특별시,1.1005219361724894,12.91352880616734
서울,방배역/내방역,8.531916581743317,9.645073638590269,중대형상가,vacancy_rate_pct,서울특별시,1.1131570568469513,13.046975391542116
서울,서래마을,7.391490861764546,9.05588007466276,중대형상가,vacancy_rate_pct,서울특별시,1.6643892128982136,22.51763878256192
서울,신사역,17.623306730584773,18.227489598524716,중대형상가,vacancy_rate_pct,서울특별시,0.6041828679399437,3.428317268582748
서울,압구정,7.758348894316949,7.920987582091299,중대형상가,vacancy_rate_pct,서울특별시,0.16263868777434975,2.0963054122699276
서울,양재말죽거리,7.199333954240523,7.199333954240523,중대형상가,vacancy_rate_pct,서울특별시,0.0,0.0
서울,양재역,13.755484812487733,13.329599860117028,중대형상가,vacancy_rate_pct,서울특별시,-0.4258849523707049,-3.0961100839140943
서울,청담,29.891521773792846,27.02588819372283,중대형상가,vacancy_rate_pct,서울특별시,-2.865633580070014,-9.58677715291978
서울,테헤란로,9.049325990171981,9.049325990171981,중대형상가,vacancy_rate_pct,서울특별시,0.0,0.0
서울,학동/강남구청역,11.883736015988443,10.190042891127279,중대형상가,vacancy_rate_pct,서울특별시,-1.6936931248611646,-14.252194112882188
서울,소계(영등포신촌지역),8.47824761628618,8.987310006839508,중대형상가,vacancy_rate_pct,서울특별시,0.5090623905533267,6.004335018187601
서울,공덕역,5.7600534932027525,3.7026656111790777,중대형상가,vacancy_rate_pct,서울특별시,-2.057387882023675,-35.71820790295662
서울,당산역,7.339272326946326,7.339272326946326,중대형상가,vacancy_rate_pct,서울특별시,0.0,0.0
서울,동교/연남,4.542724109543029,5.000097883551545,중대형상가,vacancy_rate_pct,서울특별시,0.4573737740085164,10.0682709973009
서울,망원역,1.7508823807219815,1.7508823807219815,중대형상가,vacancy_rate_pct,서울특별시,0.0,0.0
서울,신촌/이대,12.3456141886176,11.677552633184032,중대형상가,vacancy_rate_pct,서울특별시,-0.6680615554335674,-5.411327012385547
서울,영등포역,11.703508051850568,15.92845910450697,중대형상가,vacancy_rate_pct,서울특별시,4.224951052656403,36.099868808039574
서울,홍대/합정,8.695251922950245,8.09766611083619,중대형상가,vacancy_rate_pct,서울특별시,-0.5975858121140547,-6.872553175104534
서울,소계(기타지역),8.490723855544438,8.654662649921743,중대형상가,vacancy_rate_pct,서울특별시,0.16393879437730519,1.9307988007436272
서울,가락시장,11.186410848534441,11.186410848534441,중대형상가,vacancy_rate_pct,서울특별시,0.0,0.0
서울,건대입구,10.798770225867207,9.54246322037158,중대형상가,vacancy_rate_pct,서울특별시,-1.2563070054956267,-11.633796990015476
서울,경희대,3.0089787760420204,5.233206923876931,중대형상가,vacancy_rate_pct,서울특별시,2.224228147834911,73.91970211104773
서울,구로디지털단지역,4.119324688452761,5.280325136236276,중대형상가,vacancy_rate_pct,서울특별시,1.1610004477835147,28.18424221421576
서울,구의역,7.573444647035626,5.013650859516374,중대형상가,vacancy_rate_pct,서울특별시,-2.5597937875192525,-33.7995972350732
서울,군자,8.797994908747674,7.670291332771911,중대형상가,vacancy_rate_pct,서울특별시,-1.1277035759757625,-12.817733900419848
서울,까치산역,6.63735726934115,7.690929219398362,중대형상가,vacancy_rate_pct,서울특별시,1.0535719500572123,15.873365065397383
서울,낙성대,5.778212771702047,0.49626480760567643,중대형상가,vacancy_rate_pct,서울특별시,-5.2819479640963705,-91.41144801665905
서울,노량진,8.918882163388178,8.918882163388178,중대형상가,vacancy_rate_pct,서울특별시,0.0,0.0
서울,독산/시흥,14.737958698356016,14.737958698356016,중대형상가,vacancy_rate_pct,서울특별시,0.0,0.0
서울,뚝섬,3.394738331276812,1.2534768716151738,중대형상가,vacancy_rate_pct,서울특별시,-2.141261459661638,-63.07589129723225
서울,목동,9.999075055076268,9.999075055076268,중대형상가,vacancy_rate_pct,서울특별시,0.0,0.0
서울,미아사거리,7.185127784427768,6.818668842764655,중대형상가,vacancy_rate_pct,서울특별시,-0.36645894166311255,-5.100242510054365
서울,불광역,14.90275536956741,14.115439396995061,중대형상가,vacancy_rate_pct,서울특별시,-0.7873159725723493,-5.283022857505326
서울,사당,7.8235954981486024,8.484314650960265,중대형상가,vacancy_rate_pct,서울특별시,0.6607191528116623,8.44521106654883
서울,상계역,7.482968718848923,7.968548657677328,중대형상가,vacancy_rate_pct,서울특별시,0.4855799388284048,6.489134955292175
서울,상봉역,4.304359428995314,9.143583434350742,중대형상가,vacancy_rate_pct,서울특별시,4.839224005355428,112.42611322737419
서울,서울대입구역,2.735386077533006,2.9310373829614096,중대형상가,vacancy_rate_pct,서울특별시,0.1956513054284037,7.152602955589282
서울,성신여대,12.779987479336752,12.779987479336752,중대형상가,vacancy_rate_pct,서울특별시,0.0,0.0
서울,수유,7.462528300346609,8.04013947499206,중대형상가,vacancy_rate_pct,서울특별시,0.5776111746454511,7.740153891525248
서울,숙명여대,3.4798127853553997,4.884639368114737,중대형상가,vacancy_rate_pct,서울특별시,1.4048265827593371,40.3707518022657
서울,신림역,5.634078641394911,7.253531779862259,중대형상가,vacancy_rate_pct,서울특별시,1.6194531384673478,28.743885940264335
서울,쌍문역,16.730305730437195,15.919893658978365,중대형상가,vacancy_rate_pct,서울특별시,-0.8104120714588294,-4.843976461138178
서울,약수역,12.358478612475496,4.708507892235506,중대형상가,vacancy_rate_pct,서울특별시,-7.64997072023999,-61.900586310984785
서울,연신내,11.978794433943543,13.296278364749249,중대형상가,vacancy_rate_pct,서울특별시,1.3174839308057056,10.998468485880641
서울,오류동역,1.4736246582809571,1.4736246582809571,중대형상가,vacancy_rate_pct,서울특별시,0.0,0.0
서울,왕십리,1.7971256774611053,1.7971256774611053,중대형상가,vacancy_rate_pct,서울특별시,0.0,0.0
서울,용산역,13.38295393760191,14.154350920951211,중대형상가,vacancy_rate_pct,서울특별시,0.7713969833493017,5.764026290054836
서울,이태원,14.314430195907155,14.314430195907155,중대형상가,vacancy_rate_pct,서울특별시,0.0,0.0
서울,잠실/송파,17.35062670518175,17.439565477726475,중대형상가,vacancy_rate_pct,서울특별시,0.08893877254472571,0.5125968880315135
서울,잠실새내역,5.530458861441534,4.154891815048476,중대형상가,vacancy_rate_pct,서울특별시,-1.3755670463930585,-24.87256628891209
서울,장안동,9.821083116887358,11.515668313160926,중대형상가,vacancy_rate_pct,서울특별시,1.694585196273568,17.25456526642899
서울,천호,8.480176211453745,8.630849144958203,중대형상가,vacancy_rate_pct,서울특별시,0.15067293350445787,1.776766540546082
서울,청량리,10.49010244003277,12.276151684748074,중대형상가,vacancy_rate_pct,서울특별시,1.7860492447153042,17.026041975522645
서울,혜화동,1.2285759315770073,3.2902256236263834,중대형상가,vacancy_rate_pct,서울특별시,2.061649692049376,167.8080808080808
서울,화곡,14.96447451024108,15.927681719773998,중대형상가,vacancy_rate_pct,서울특별시,0.9632072095329178,6.436625682203134
부산,계,15.299148122504919,15.616285225956197,중대형상가,vacancy_rate_pct,부산광역시,0.31713710345127843,2.0729069416928647
부산,개금역,19.843299857300558,19.843299857300558,중대형상가,vacancy_rate_pct,부산광역시,0.0,0.0
부산,경성대/부경대,11.129146817752734,12.092789145953498,중대형상가,vacancy_rate_pct,부산광역시,0.9636423282007645,8.658725992037454
부산,광안리,11.359838832039102,7.891227464439628,중대형상가,vacancy_rate_pct,부산광역시,-3.4686113675994745,-30.53398396653886
부산,구서동/금정구청,10.152884644760329,12.725431747458835,중대형상가,vacancy_rate_pct,부산광역시,2.572547102698506,25.338090530026246
부산,남포동,20.96683515340068,23.57280912494154,중대형상가,vacancy_rate_pct,부산광역시,2.605973971540859,12.429028761253868
부산,남항동,16.346912971247455,16.346912971247455,중대형상가,vacancy_rate_pct,부산광역시,0.0,0.0
부산,덕천역,8.560178801454242,10.862030532754952,중대형상가,vacancy_rate_pct,부산광역시,2.30185173130071,26.890229569850344
부산,동래역,5.772748390647426,6.727004234121574,중대형상가,vacancy_rate_pct,부산광역시,0.9542558434741473,16.530355714448962
부산,부산대학앞,23.70046258762936,22.609939076732317,중대형상가,vacancy_rate_pct,부산광역시,-1.090523510897043,-4.601275215051082
부산,부산역,11.914756098775312,12.54894911279592,중대형상가,vacancy_rate_pct,부산광역시,0.6341930140206085,5.3227528013418235
부산,부전시장,15.254987669353504,15.254987669353504,중대형상가,vacancy_rate_pct,부산광역시,0.0,0.0
부산,사상역,12.882412971992292,14.774161847526177,중대형상가,vacancy_rate_pct,부산광역시,1.8917488755338852,14.684740193058122
부산,사직야구장,10.665973663239782,10.892613398767585,중대형상가,vacancy_rate_pct,부산광역시,0.2266397355278027,2.124885572415347
부산,서면/전포,11.235318216534061,11.673917959973604,중대형상가,vacancy_rate_pct,부산광역시,0.4385997434395428,3.9037589767069836
부산,송정해수욕장,20.134267739109664,20.134267739109664,중대형상가,vacancy_rate_pct,부산광역시,0.0,0.0
부산,수영역,6.803717590031224,6.803717590031224,중대형상가,vacancy_rate_pct,부산광역시,0.0,0.0
부산,연산로터리,20.319909138232923,22.864985092991336,중대형상가,vacancy_rate_pct,부산광역시,2.5450759547584134,12.525036098560726
부산,온천장,21.960609962314383,21.960609962314383,중대형상가,vacancy_rate_pct,부산광역시,0.0,0.0
부산,하단역,20.813619793686495,19.837342522520522,중대형상가,vacancy_rate_pct,부산광역시,-0.9762772711659728,-4.690569352391616
부산,해운대,18.012137645174604,18.43462159800753,중대형상가,vacancy_rate_pct,부산광역시,0.42248395283292695,2.3455514340137595
부산,현대백화점주변,10.875790870906767,10.208040070181484,중대형상가,vacancy_rate_pct,부산광역시,-0.6677508007252833,-6.139790739370932
대구,계,18.34971899178441,18.915722277693867,중대형상가,vacancy_rate_pct,대구광역시,0.5660032859094564,3.0845338076450624
대구,경북대북문,19.27562221246505,19.27562221246505,중대형상가,vacancy_rate_pct,대구광역시,0.0,0.0
대구,계명대,24.85730493088164,23.290995982848788,중대형상가,vacancy_rate_pct,대구광역시,-1.5663089480328516,-6.301201809239332
대구,동대구,16.136181533386825,17.214977245103054,중대형상가,vacancy_rate_pct,대구광역시,1.0787957117162286,6.685569999842467
대구,동성로중심,26.274510580256127,25.84924149590509,중대형상가,vacancy_rate_pct,대구광역시,-0.4252690843510365,-1.6185613926167797
대구,동호지구,4.232964764392174,4.232964764392174,중대형상가,vacancy_rate_pct,대구광역시,0.0,0.0
대구,두류감삼역,19.309996542231996,18.287144261673582,중대형상가,vacancy_rate_pct,대구광역시,-1.0228522805584142,-5.297009133696018
대구,들안길,5.1665948549979435,5.1665948549979435,중대형상가,vacancy_rate_pct,대구광역시,0.0,0.0
대구,삼덕/대봉,12.891929722736545,14.316868055054755,중대형상가,vacancy_rate_pct,대구광역시,1.4249383323182094,11.052948340271751
대구,상인/월배,22.768360769482427,22.68021038175733,중대형상가,vacancy_rate_pct,대구광역시,-0.08815038772509709,-0.3871617663545157
대구,서문시장/청라언덕,36.24992696629214,38.32226123595506,중대형상가,vacancy_rate_pct,대구광역시,2.0723342696629174,5.71679570993322
대구,수성범어,13.754237458551488,13.754237458551488,중대형상가,vacancy_rate_pct,대구광역시,0.0,0.0
대구,시지지구,14.248378599813385,20.745904052035574,중대형상가,vacancy_rate_pct,대구광역시,6.497525452222188,45.60185853222125
대구,월촌/안지랑,18.28423507474191,18.356010985907503,중대형상가,vacancy_rate_pct,대구광역시,0.07177591116559157,0.3925562697711271
대구,죽전역,19.442956961152447,19.951083648039305,중대형상가,vacancy_rate_pct,대구광역시,0.5081266868868575,2.6134228857375374
대구,칠곡,14.232946678668403,14.211106779417698,중대형상가,vacancy_rate_pct,대구광역시,-0.02183989925070584,-0.1534460835396656
인천,계,14.29135283493629,14.999229548016688,중대형상가,vacancy_rate_pct,인천광역시,0.7078767130803971,4.9531819783354525
인천,간석오거리,15.621796627174051,16.397512668089984,중대형상가,vacancy_rate_pct,인천광역시,0.7757160409159329,4.965600688761862
인천,검단사거리완정역,1.6228976483348498,0.6249926758670796,중대형상가,vacancy_rate_pct,인천광역시,-0.9979049724677702,-61.489088575096275
인천,계양계산,8.222984126984125,8.222984126984125,중대형상가,vacancy_rate_pct,인천광역시,0.0,0.0
인천,구월,9.369696466914778,12.1402202298319,중대형상가,vacancy_rate_pct,인천광역시,2.770523762917122,29.568980945114774
인천,부평,21.424909708471464,22.887094800542865,중대형상가,vacancy_rate_pct,인천광역시,1.462185092071401,6.824696635679395
인천,석남/가정중앙시장,6.970837655796314,6.970837655796314,중대형상가,vacancy_rate_pct,인천광역시,0.0,0.0
인천,소래포구역,30.106237192459528,23.959128155790722,중대형상가,vacancy_rate_pct,인천광역시,-6.147109036668805,-20.41805821621715
인천,신포동,30.937042179395558,32.592505960238846,중대형상가,vacancy_rate_pct,인천광역시,1.655463780843288,5.351073225564673
인천,연수역,12.103925168180153,12.103925168180153,중대형상가,vacancy_rate_pct,인천광역시,0.0,0.0
인천,인천서구청,8.675270396204567,8.675270396204567,중대형상가,vacancy_rate_pct,인천광역시,0.0,0.0
인천,인하대앞,18.667992047713717,17.01775164615146,중대형상가,vacancy_rate_pct,인천광역시,-1.6502404015622574,-8.839945921041704
인천,주안,12.1975460385964,13.10973553860866,중대형상가,vacancy_rate_pct,인천광역시,0.9121895000122606,7.478467366516517
광주,계,16.664928622309148,17.615827783860137,중대형상가,vacancy_rate_pct,광주광역시,0.9508991615509892,5.7059900051298795
광주,금남로/충장로,26.879506503978167,26.49582311711633,중대형상가,vacancy_rate_pct,광주광역시,-0.38368338686183634,-1.427419758636761
광주,금호지구,13.804041470939762,13.804041470939762,중대형상가,vacancy_rate_pct,광주광역시,0.0,0.0
광주,봉선동,10.197203143518596,9.390167970055318,중대형상가,vacancy_rate_pct,광주광역시,-0.8070351734632784,-7.914279652026302
광주,상무지구,12.06777975377739,17.75717516316831,중대형상가,vacancy_rate_pct,광주광역시,5.689395409390919,47.1453368015774
광주,송정동지구,6.851211177124089,4.100100227020239,중대형상가,vacancy_rate_pct,광주광역시,-2.7511109501038495,-40.155103659476964
광주,양산지구,2.499007232095296,2.499007232095296,중대형상가,vacancy_rate_pct,광주광역시,0.0,0.0
광주,어룡동,24.81899522590028,24.81899522590028,중대형상가,vacancy_rate_pct,광주광역시,0.0,0.0
광주,용봉동,9.459063607719575,12.265040370224497,중대형상가,vacancy_rate_pct,광주광역시,2.8059767625049226,29.664424290528668
광주,우산동,4.758002922406471,4.037884314635779,중대형상가,vacancy_rate_pct,광주광역시,-0.7201186077706918,-15.134892086330943
광주,월산동지구,23.729528198215835,25.805011171719105,중대형상가,vacancy_rate_pct,광주광역시,2.07548297350327,8.746414830360273
광주,일곡동,3.2565334398417836,3.2565334398417836,중대형상가,vacancy_rate_pct,광주광역시,0.0,0.0
광주,전남대,38.420434295989565,39.54097139992601,중대형상가,vacancy_rate_pct,광주광역시,1.1205371039364422,2.9165133722952374
광주,첨단1지구,10.7547476620011,11.14311667222034,중대형상가,vacancy_rate_pct,광주광역시,0.3883690102192414,3.6111401441005997
대전,계,14.332684262951634,14.123109047269164,중대형상가,vacancy_rate_pct,대전광역시,-0.20957521568247017,-1.4622188826429294
대전,관평동,14.920538654389059,17.75987767949808,중대형상가,vacancy_rate_pct,대전광역시,2.8393390251090196,19.029735392788872
대전,노은,18.152154883512967,16.260211441964163,중대형상가,vacancy_rate_pct,대전광역시,-1.8919434415488041,-10.422693358942182
대전,대전원도심,17.29941197393367,17.29941197393367,중대형상가,vacancy_rate_pct,대전광역시,0.0,0.0
대전,둔산,9.226856572060196,9.453506957381355,중대형상가,vacancy_rate_pct,대전광역시,0.22665038532115922,2.4564203805603535
대전,복합터미널,19.302936943582623,19.62196162663716,중대형상가,vacancy_rate_pct,대전광역시,0.31902468305453624,1.652726131712301
대전,서대전네거리,9.581806751089337,9.192896139422993,중대형상가,vacancy_rate_pct,대전광역시,-0.38891061166634344,-4.058844242732496
대전,용문/한민시장,17.793322798914144,11.443867935187905,중대형상가,vacancy_rate_pct,대전광역시,-6.349454863726239,-35.684480832965725
대전,유성온천역,14.767938752076255,13.389617591776762,중대형상가,vacancy_rate_pct,대전광역시,-1.3783211602994925,-9.333199327534537
울산,계,17.724641244206744,16.839106388025833,중대형상가,vacancy_rate_pct,울산광역시,-0.8855348561809109,-4.9960664590057435
울산,삼산동,15.975111659708546,13.213415853427174,중대형상가,vacancy_rate_pct,울산광역시,-2.761695806281372,-17.28748984739026
울산,성남옥교동,25.448440875514194,28.910187222907908,중대형상가,vacancy_rate_pct,울산광역시,3.4617463473937136,13.602980097395712
울산,신정동,21.8951725256401,20.28848733500744,중대형상가,vacancy_rate_pct,울산광역시,-1.6066851906326605,-7.33807960979147
울산,울산농소,13.03813513685181,11.531398177886643,중대형상가,vacancy_rate_pct,울산광역시,-1.506736958965167,-11.556383970177075
울산,울산대,24.26608684377197,20.634945965759194,중대형상가,vacancy_rate_pct,울산광역시,-3.6311408780127756,-14.963850172425841
울산,전하동,16.2237781228235,17.59940831049003,중대형상가,vacancy_rate_pct,울산광역시,1.3756301876665304,8.479098871127322
세종,계,26.969588799406065,29.678938977308427,중대형상가,vacancy_rate_pct,세종특별자치시,2.709350177902362,10.045945446383776
세종,조치원,28.149222178564102,29.334189278183914,중대형상가,vacancy_rate_pct,세종특별자치시,1.1849670996198114,4.209590915525108
경기,계,11.568970707418345,11.845442569898918,중대형상가,vacancy_rate_pct,경기도,0.2764718624805731,2.389770615490372
경기,고양시청,14.11137507663718,11.92109422646598,중대형상가,vacancy_rate_pct,경기도,-2.1902808501712006,-15.521384969757012
경기,광명철산,10.593117306564181,10.24932770836627,중대형상가,vacancy_rate_pct,경기도,-0.34378959819791177,-3.24540537264586
경기,광주광남동,3.005040713454828,5.592743005244792,중대형상가,vacancy_rate_pct,경기도,2.587702291789964,86.11205432937182
경기,광주시가지,4.4148016750908345,3.7811496847866075,중대형상가,vacancy_rate_pct,경기도,-0.633651990304227,-14.352898203319398
경기,구리역,28.152914299742903,28.152914299742903,중대형상가,vacancy_rate_pct,경기도,0.0,0.0
경기,기흥역,18.350264005876465,17.156158900056564,중대형상가,vacancy_rate_pct,경기도,-1.1941051058199008,-6.507291150892991
경기,김량장동,7.478878800706898,9.23593476264356,중대형상가,vacancy_rate_pct,경기도,1.7570559619366612,23.493574488338886
경기,단대오거리역,4.658694935084215,7.275077579056568,중대형상가,vacancy_rate_pct,경기도,2.6163826439723525,56.16127865056389
경기,동두천중앙로,20.430843779627093,19.537593002251167,중대형상가,vacancy_rate_pct,경기도,-0.8932507773759255,-4.372069930203482
경기,모란,6.222587895176828,6.065281428741265,중대형상가,vacancy_rate_pct,경기도,-0.15730646643556234,-2.5279910719701038
경기,병점역,13.106333770396267,13.106333770396267,중대형상가,vacancy_rate_pct,경기도,0.0,0.0
경기,부천역,16.616942186856967,17.348790217187787,중대형상가,vacancy_rate_pct,경기도,0.7318480303308199,4.4042280589365435
경기,분당역세권,0.6041748439693599,1.441698738503097,중대형상가,vacancy_rate_pct,경기도,0.8375238945337371,138.62276837468116
경기,성남구시가지,10.639918033979027,12.078521630649195,중대형상가,vacancy_rate_pct,경기도,1.438603596670168,13.520814653608483
경기,수원역,12.568831291382915,13.375839453942092,중대형상가,vacancy_rate_pct,경기도,0.8070081625591765,6.420709641575462
경기,수원파장동,19.033369464230415,19.033369464230415,중대형상가,vacancy_rate_pct,경기도,0.0,0.0
경기,신장/지산/서정,10.981456308965683,11.76745527161518,중대형상가,vacancy_rate_pct,경기도,0.7859989626494972,7.157511176434572
경기,신천역,12.382295521736427,12.382295521736427,중대형상가,vacancy_rate_pct,경기도,0.0,0.0
경기,아주대삼거리,11.637311426246963,11.960454407676032,중대형상가,vacancy_rate_pct,경기도,0.3231429814290685,2.7767838256888666
경기,안성 서인사거리,20.303352055093576,23.087304264988987,중대형상가,vacancy_rate_pct,경기도,2.7839522098954106,13.71178612448376
경기,안양역,17.208933046151138,18.27166715663629,중대형상가,vacancy_rate_pct,경기도,1.0627341104851524,6.175479372457882
경기,양주덕정역,12.326585008585731,12.326585008585731,중대형상가,vacancy_rate_pct,경기도,0.0,0.0
경기,여주시청,9.894340337826634,6.860178626424392,중대형상가,vacancy_rate_pct,경기도,-3.034161711402242,-30.665629115287928
경기,영통역,7.211176048045402,9.420600505463444,중대형상가,vacancy_rate_pct,경기도,2.2094244574180415,30.638892223646486
경기,오산시청,4.126197323096994,4.126197323096994,중대형상가,vacancy_rate_pct,경기도,0.0,0.0
경기,용인수지,5.123210490964916,5.123210490964916,중대형상가,vacancy_rate_pct,경기도,0.0,0.0
경기,의정부역,14.500034879969759,12.524300318722872,중대형상가,vacancy_rate_pct,경기도,-1.9757345612468864,-13.62572281792337
경기,이천종합터미널,13.776997178360487,12.41433067029418,중대형상가,vacancy_rate_pct,경기도,-1.3626665080663063,-9.89088181136195
경기,인계동,15.134865160039451,13.543870047228888,중대형상가,vacancy_rate_pct,경기도,-1.590995112810564,-10.512119506761541
경기,인덕원,5.376424410722027,5.376424410722027,중대형상가,vacancy_rate_pct,경기도,0.0,0.0
경기,탄현역,19.632472413117956,20.579276753566013,중대형상가,vacancy_rate_pct,경기도,0.9468043404480575,4.822644446022117
경기,파주시청,12.43672548621841,18.26863141967692,중대형상가,vacancy_rate_pct,경기도,5.831905933458511,46.89261606619088
경기,팔달문로터리,26.051642237103472,24.499579638168825,중대형상가,vacancy_rate_pct,경기도,-1.552062598934647,-5.957638235658546
경기,평택시청,12.53993434153343,13.585718099676445,중대형상가,vacancy_rate_pct,경기도,1.0457837581430152,8.339627063909582
경기,평택역,9.411130158253052,10.901515232061678,중대형상가,vacancy_rate_pct,경기도,1.4903850738086266,15.83640911077655
경기,포천소흘읍,9.967285215904,9.967285215904,중대형상가,vacancy_rate_pct,경기도,0.0,0.0
경기,포천시외버스터미널,14.15482661668229,13.037113402061856,중대형상가,vacancy_rate_pct,경기도,-1.1177132146204336,-7.896339848508937
경기,하남원도심,10.706914524378325,9.77826067777801,중대형상가,vacancy_rate_pct,경기도,-0.9286538466003158,-8.673403009670855
경기,화성남양읍,9.781329108725846,17.056548537053224,중대형상가,vacancy_rate_pct,경기도,7.275219428327379,74.37863860277652
경기,화성봉담읍,6.4831401796268535,9.768581142836252,중대형상가,vacancy_rate_pct,경기도,3.285440963209399,50.67669172932332
강원,계,16.977189623684,17.52411891087009,중대형상가,vacancy_rate_pct,강원특별자치도,0.5469292871860887,3.221553739513494
강원,강릉교동,9.560219724911732,11.101268171661992,중대형상가,vacancy_rate_pct,강원특별자치도,1.5410484467502599,16.11938314278114
강원,강릉중부,15.10389920073667,16.734294633549602,중대형상가,vacancy_rate_pct,강원특별자치도,1.6303954328129322,10.794533326423505
강원,묵호항,17.950753509138817,17.95048711029179,중대형상가,vacancy_rate_pct,강원특별자치도,-0.00026639884702817085,-0.0014840538414828686
강원,삼척중앙시장,7.456665776796386,12.892476392725245,중대형상가,vacancy_rate_pct,강원특별자치도,5.435810615928858,72.89867587795051
강원,속초중앙시장,24.789096440039366,24.789096440039366,중대형상가,vacancy_rate_pct,강원특별자치도,0.0,0.0
강원,영월경찰서,12.356049419601222,9.25841870299402,중대형상가,vacancy_rate_pct,강원특별자치도,-3.0976307166072026,-25.06975013950029
강원,원주중앙/일산,36.8375837647794,36.16280008841816,중대형상가,vacancy_rate_pct,강원특별자치도,-0.674783676361244,-1.8317805007786903
강원,원주터미널,14.348364588410941,10.947707909879915,중대형상가,vacancy_rate_pct,강원특별자치도,-3.4006566785310266,-23.700657016185033
강원,주문진항,13.635977807100804,16.199813258636787,중대형상가,vacancy_rate_pct,강원특별자치도,2.563835451535983,18.801991964235153
강원,춘천명동,25.07756481297969,27.006022589057093,중대형상가,vacancy_rate_pct,강원특별자치도,1.9284577760774013,7.6899722539218285
강원,태백중앙시장,10.637974104273782,10.637974104273782,중대형상가,vacancy_rate_pct,강원특별자치도,0.0,0.0
충북,계,20.316367447036534,19.498978169730925,중대형상가,vacancy_rate_pct,충청북도,-0.8173892773056082,-4.023304261632843
충북,봉명사거리,5.718603335219518,2.9789302000465994,중대형상가,vacancy_rate_pct,충청북도,-2.7396731351729184,-47.908081301948734
충북,제천역,16.20376754833549,15.924352008418536,중대형상가,vacancy_rate_pct,충청북도,-0.2794155399169558,-1.7243862520457953
충북,제천중앙,33.796908732723914,34.731038663169294,중대형상가,vacancy_rate_pct,충청북도,0.9341299304453798,2.763950803408566
충북,증평광장로,16.791854926093265,16.791854926093265,중대형상가,vacancy_rate_pct,충청북도,0.0,0.0
충북,청주성안길,30.40912804237596,28.2834929167269,중대형상가,vacancy_rate_pct,충청북도,-2.1256351256490618,-6.9901219222298305
충북,청주율량동,17.259148073166777,21.3729543589004,중대형상가,vacancy_rate_pct,충청북도,4.113806285733624,23.835511858951254
충북,충북대학교,30.01166750311583,27.837455893886055,중대형상가,vacancy_rate_pct,충청북도,-2.1742116092297756,-7.24455450202508
충북,충주연수칠금,19.245912939486175,19.944398536672463,중대형상가,vacancy_rate_pct,충청북도,0.6984855971862878,3.629267156006044
충북,충주자유시장,36.86343822235959,34.59760345637994,중대형상가,vacancy_rate_pct,충청북도,-2.2658347659796476,-6.146563845488783
충남,계,15.586926693675418,16.034571142151965,중대형상가,vacancy_rate_pct,충청남도,0.44764444847654694,2.871922459596754
충남,공주대,9.864555377381796,11.992647890036553,중대형상가,vacancy_rate_pct,충청남도,2.1280925126547565,21.573121455977716
충남,공주웅진동,21.200789196287985,18.150669495371254,중대형상가,vacancy_rate_pct,충청남도,-3.0501197009167313,-14.386821512525449
충남,논산시외버스터미널,15.501150265738998,16.48539466592662,중대형상가,vacancy_rate_pct,충청남도,0.984244400187622,6.349492671927859
충남,당진시청,5.128900478053019,8.321773142112125,중대형상가,vacancy_rate_pct,충청남도,3.192872664059106,62.252575921908935
충남,두정,23.755618489597563,23.32621380857679,중대형상가,vacancy_rate_pct,충청남도,-0.4294046810207739,-1.8075920911459598
충남,배방읍,10.497023888478545,9.079827925881348,중대형상가,vacancy_rate_pct,충청남도,-1.4171959625971962,-13.500931098696455
충남,보령문화의전당,15.078212700589575,13.440821712282535,중대형상가,vacancy_rate_pct,충청남도,-1.6373909883070397,-10.859317485573182
충남,서산터미널,25.158094397673956,26.472353885407884,중대형상가,vacancy_rate_pct,충청남도,1.3142594877339278,5.224002529601135
충남,아산온양,17.684778047981613,16.04178427224404,중대형상가,vacancy_rate_pct,충청남도,-1.6429937757375725,-9.290440463996042
충남,예산시장,15.15498569952221,15.827035669388692,중대형상가,vacancy_rate_pct,충청남도,0.6720499698664817,4.434514048321869
충남,천안역,15.31907558208255,17.33961091502734,중대형상가,vacancy_rate_pct,충청남도,2.020535332944789,13.18966880291419
충남,천안종합버스터미널,18.649194027016126,19.218241815635167,중대형상가,vacancy_rate_pct,충청남도,0.5690477886190415,3.0513264422831865
충남,청당행정타운,3.791060344644606,3.791060344644606,중대형상가,vacancy_rate_pct,충청남도,0.0,0.0
충남,태안터미널,4.214607908704127,8.132959574256155,중대형상가,vacancy_rate_pct,충청남도,3.918351665552028,92.97072824875923
충남,합덕버스터미널,22.84341759121583,22.84341759121583,중대형상가,vacancy_rate_pct,충청남도,0.0,0.0
전북,계,18.17816556377016,18.02865050938743,중대형상가,vacancy_rate_pct,전북특별자치도,-0.14951505438273216,-0.8224980340190258
전북,군산수송동조촌동,19.276901299486422,19.276901299486422,중대형상가,vacancy_rate_pct,전북특별자치도,0.0,0.0
전북,군산원도심,13.953151795888516,13.953151795888516,중대형상가,vacancy_rate_pct,전북특별자치도,0.0,0.0
전북,김제시장,30.388996177038592,23.845820360225435,중대형상가,vacancy_rate_pct,전북특별자치도,-6.543175816813157,-21.531398334759967
전북,남원광한루,13.084747438543584,12.3701350867002,중대형상가,vacancy_rate_pct,전북특별자치도,-0.7146123518433836,-5.461414942854448
전북,송천동,18.049656135881545,18.049656135881545,중대형상가,vacancy_rate_pct,전북특별자치도,0.0,0.0
전북,영등부송,14.643120777158543,9.681214371930382,중대형상가,vacancy_rate_pct,전북특별자치도,-4.961906405228161,-33.88557999854868
전북,익산역,29.12862061509493,28.73261703544308,중대형상가,vacancy_rate_pct,전북특별자치도,-0.3960035796518504,-1.359499939542741
전북,전주동부,26.970025679368863,27.99419759960588,중대형상가,vacancy_rate_pct,전북특별자치도,1.0241719202370163,3.7974451059587633
전북,전주서부,4.415253079431165,3.1241610991686346,중대형상가,vacancy_rate_pct,전북특별자치도,-1.29109198026253,-29.24163025393024
전북,전주서부신시가지,11.88863493367917,17.021597606543484,중대형상가,vacancy_rate_pct,전북특별자치도,5.1329626728643145,43.1753746456055
전북,전주한옥마을,31.239842067169143,31.239842067169143,중대형상가,vacancy_rate_pct,전북특별자치도,0.0,0.0
전북,정읍중심,27.356549154875363,27.356549154875363,중대형상가,vacancy_rate_pct,전북특별자치도,0.0,0.0
전남,계,14.492961586062481,14.681747395759897,중대형상가,vacancy_rate_pct,전라남도,0.18878580969741598,1.3026033952850957
전남,광양읍,11.410025091976419,9.879459525127224,중대형상가,vacancy_rate_pct,전라남도,-1.5305655668491944,-13.414217361585779
전남,광양중동,10.515597739067486,11.988394829823365,중대형상가,vacancy_rate_pct,전라남도,1.4727970907558792,14.005833308782357
전남,나주구시가지,5.877500809323406,5.877500809323406,중대형상가,vacancy_rate_pct,전라남도,0.0,0.0
전남,목포구도심,21.269231610859745,19.921668570550917,중대형상가,vacancy_rate_pct,전라남도,-1.3475630403088275,-6.33573917931658
전남,무선지구,5.35162628622325,3.2814807291137655,중대형상가,vacancy_rate_pct,전라남도,-2.0701455571094844,-38.682550805886486
전남,순천법원,11.137873413417234,11.137873413417234,중대형상가,vacancy_rate_pct,전라남도,0.0,0.0
전남,순천원도심,29.575509051013142,27.978531213244008,중대형상가,vacancy_rate_pct,전라남도,-1.5969778377691348,-5.399663062483883
전남,순천해룡면,0.0,3.1791674159653844,중대형상가,vacancy_rate_pct,전라남도,3.1791674159653844,inf
전남,여수여문,13.49285985634759,14.651279840094125,중대형상가,vacancy_rate_pct,전라남도,1.1584199837465352,8.585429598170524
전남,여수원도심,24.30092197794151,30.774610291286443,중대형상가,vacancy_rate_pct,전라남도,6.473688313344933,26.639681898576704
전남,여수학동,14.190036024139651,17.41448610580209,중대형상가,vacancy_rate_pct,전라남도,3.2244500816624395,22.723339646052377
전남,조례,12.105357747583428,15.122358407053357,중대형상가,vacancy_rate_pct,전라남도,3.017000659469929,24.9228541805979
전남,하당신도심,18.579394737552736,14.500136058378391,중대형상가,vacancy_rate_pct,전라남도,-4.079258679174345,-21.95582114916442
경북,계,18.63427559964256,18.880045629791667,중대형상가,vacancy_rate_pct,경상북도,0.2457700301491066,1.3189137878470536
경북,가흥택지개발지구,2.2391761908534704,0.0,중대형상가,vacancy_rate_pct,경상북도,-2.2391761908534704,-100.0
경북,경산시청,10.761863749208684,8.769440514061069,중대형상가,vacancy_rate_pct,경상북도,-1.9924232351476157,-18.51373778351466
경북,경주도심,16.98082874482537,16.98082874482537,중대형상가,vacancy_rate_pct,경상북도,0.0,0.0
경북,구미산업단지,27.68441096117228,26.198708966592974,중대형상가,vacancy_rate_pct,경상북도,-1.4857019945793049,-5.366565308768967
경북,구미선주원남동,11.745705670883616,9.077798984341314,중대형상가,vacancy_rate_pct,경상북도,-2.6679066865423025,-22.713890176524398
경북,구미역,24.36790850932988,26.86264467512919,중대형상가,vacancy_rate_pct,경상북도,2.49473616579931,10.237793550661657
경북,문경점촌흥덕,15.00207061915978,16.091045508338958,중대형상가,vacancy_rate_pct,경상북도,1.0889748891791786,7.2588305762832706
경북,상주동문동,28.005419235068967,30.719645691783153,중대형상가,vacancy_rate_pct,경상북도,2.7142264567141865,9.691790127945588
경북,안동구도심,19.841822576686095,19.183068941559227,중대형상가,vacancy_rate_pct,경상북도,-0.6587536351268675,-3.320025832208051
경북,양덕동,18.21336020330623,23.09977982580909,중대형상가,vacancy_rate_pct,경상북도,4.88641962250286,26.828765082106255
경북,영일대해수욕장,21.555911642071532,19.43882815842681,중대형상가,vacancy_rate_pct,경상북도,-2.1170834836447234,-9.821359072156921
경북,영주중앙,34.37821794172876,34.37821794172876,중대형상가,vacancy_rate_pct,경상북도,0.0,0.0
경북,옥동사거리,11.502632495290547,11.502632495290547,중대형상가,vacancy_rate_pct,경상북도,0.0,0.0
경북,포항원도심,17.174262784447563,15.319018347856005,중대형상가,vacancy_rate_pct,경상북도,-1.8552444365915584,-10.802469135802472
경북,포항중앙,32.828467326432055,33.65080193438403,중대형상가,vacancy_rate_pct,경상북도,0.8223346079519729,2.5049436508108425
경북,포항효자동,7.216539057541328,3.4531658308697817,중대형상가,vacancy_rate_pct,경상북도,-3.7633732266715465,-52.14928093181727
경남,계,17.830668689478486,17.803863468952898,중대형상가,vacancy_rate_pct,경상남도,-0.026805220525588425,-0.15033211032295934
경남,거제고현,16.0731879055513,16.0731879055513,중대형상가,vacancy_rate_pct,경상남도,0.0,0.0
경남,거제옥포,34.460282017557276,33.27440124797357,중대형상가,vacancy_rate_pct,경상남도,-1.1858807695837044,-3.441297343357508
경남,김해시청/동상시장,11.470548128208854,14.071554561711405,중대형상가,vacancy_rate_pct,경상남도,2.601006433502551,22.675519987628554
경남,마산동서동,13.838711635787648,14.846763912114838,중대형상가,vacancy_rate_pct,경상남도,1.0080522763271897,7.284292807433834
경남,마산역버스터미널,19.404058686151764,18.084214679463383,중대형상가,vacancy_rate_pct,경상남도,-1.3198440066883812,-6.801896593058254
경남,밀양원도심/삼문동,7.219041769604854,7.219041769604854,중대형상가,vacancy_rate_pct,경상남도,0.0,0.0
경남,양산구도심,28.634401634998863,27.31465153750885,중대형상가,vacancy_rate_pct,경상남도,-1.3197500974900116,-4.60896691438778
경남,용원동,6.534518044723357,12.73765883731338,중대형상가,vacancy_rate_pct,경상남도,6.203140792590022,94.92881877645249
경남,진주중앙시장,27.56891904688546,29.564472611171492,중대형상가,vacancy_rate_pct,경상남도,1.995553564286034,7.238417875188619
경남,진주하대동,3.270700320081149,3.270700320081149,중대형상가,vacancy_rate_pct,경상남도,0.0,0.0
경남,진해석동,20.127509902573042,12.712163035179422,중대형상가,vacancy_rate_pct,경상남도,-7.41534686739362,-36.84184930618597
경남,창원시청,6.71075705195651,6.71075705195651,중대형상가,vacancy_rate_pct,경상남도,0.0,0.0
경남,창원역,17.206014047274916,15.834727563494319,중대형상가,vacancy_rate_pct,경상남도,-1.3712864837805974,-7.969809160987995
경남,창원월영동,15.664431341830037,12.95028475250879,중대형상가,vacancy_rate_pct,경상남도,-2.7141465893212473,-17.326812126741142
경남,창원의창구청,19.030240007489784,16.649223937888284,중대형상가,vacancy_rate_pct,경상남도,-2.3810160696015004,-12.51175008126223
경남,통영 강구안,29.43236957707657,29.43236957707657,중대형상가,vacancy_rate_pct,경상남도,0.0,0.0
경남,통영시청,5.622807728011862,12.770159556904058,중대형상가,vacancy_rate_pct,경상남도,7.147351828892196,127.1135734072022
경남,평거동,10.523312437096283,8.29887429948794,중대형상가,vacancy_rate_pct,경상남도,-2.2244381376083435,-21.1381934244094
경남,활천동,6.898252076977686,9.135440050653314,중대형상가,vacancy_rate_pct,경상남도,2.2371879736756277,32.43122966094625
제주,계,10.755742798560398,11.69286798391137,중대형상가,vacancy_rate_pct,제주특별자치도,0.9371251853509719,8.712789092320072
제주,광양사거리,12.43424360482566,11.716436131251264,중대형상가,vacancy_rate_pct,제주특별자치도,-0.7178074735743962,-5.772827816368498
제주,노형오거리,8.872066054781959,8.872066054781959,중대형상가,vacancy_rate_pct,제주특별자치도,0.0,0.0
제주,서귀포도심,12.984009186506789,13.607064938790577,중대형상가,vacancy_rate_pct,제주특별자치도,0.6230557522837881,4.798639182505182
제주,중앙사거리,16.382107625439506,20.205811710665316,중대형상가,vacancy_rate_pct,제주특별자치도,3.8237040852258097,23.340733516413014
전국,합계,26.60889508756293,26.660443118654445,중대형상가,rent_1000won_m2,전국,0.051548031091513735,0.19372480864718877
서울,계,56.36429542548877,56.708091755459485,중대형상가,rent_1000won_m2,서울특별시,0.34379632997071496,0.6099540983798946
서울,소계(도심지역),88.9076648891532,90.36396802469636,중대형상가,rent_1000won_m2,서울특별시,1.4563031355431661,1.6379950337902072
서울,광화문,86.21968115651406,87.33779057932045,중대형상가,rent_1000won_m2,서울특별시,1.1181094228063984,1.2968146110128753
서울,남대문,90.53449231207335,91.46291045019358,중대형상가,rent_1000won_m2,서울특별시,0.9284181381202217,1.0254855518711636
서울,동대문,49.66345105235517,49.63067347562944,중대형상가,rent_1000won_m2,서울특별시,-0.0327775767257279,-0.0659993939832626
서울,명동,215.2560324184933,222.13706812620057,중대형상가,rent_1000won_m2,서울특별시,6.8810357077072695,3.196674969057023
서울,방산시장,50.7124008177749,50.69213657201012,중대형상가,rent_1000won_m2,서울특별시,-0.020264245764778366,-0.039959152865975955
서울,북촌,62.3404945569894,63.01816739961069,중대형상가,rent_1000won_m2,서울특별시,0.6776728426212912,1.0870507964959808
서울,서촌,54.23763179237632,54.692300130256335,중대형상가,rent_1000won_m2,서울특별시,0.45466833788001537,0.8382894364202809
서울,시청,68.07166502413263,68.25360725747355,중대형상가,rent_1000won_m2,서울특별시,0.1819422333409193,0.26728042170911515
서울,을지로,65.7140822108612,65.72991025498979,중대형상가,rent_1000won_m2,서울특별시,0.01582804412858252,0.024086228698738665
서울,종로,80.56315391869808,81.8041490354468,중대형상가,rent_1000won_m2,서울특별시,1.2409951167487208,1.5404003646643405
서울,충무로,48.60672271907747,48.74060586586694,중대형상가,rent_1000won_m2,서울특별시,0.1338831467894721,0.2754416247383151
서울,소계(강남지역),65.16757676850774,65.51291306511787,중대형상가,rent_1000won_m2,서울특별시,0.3453362966101281,0.5299204201452135
서울,강남대로,128.4347891169435,129.30082349841234,중대형상가,rent_1000won_m2,서울특별시,0.866034381468836,0.674298908748372
서울,교대역,35.70218941163664,35.9021728141232,중대형상가,rent_1000won_m2,서울특별시,0.19998340248655921,0.5601432455046407
서울,남부터미널,37.6732526246726,37.956049278399966,중대형상가,rent_1000won_m2,서울특별시,0.28279665372736673,0.750656325177923
서울,논현역,54.70263481166118,54.9719733162938,중대형상가,rent_1000won_m2,서울특별시,0.2693385046326213,0.4923684308076659
서울,도산대로,56.163750535710946,56.353190352854945,중대형상가,rent_1000won_m2,서울특별시,0.18943981714399882,0.33729908586419555
서울,방배역/내방역,43.705910317324914,44.034858052547634,중대형상가,rent_1000won_m2,서울특별시,0.3289477352227195,0.7526390202936106
서울,서래마을,46.25437712494147,46.54448889431788,중대형상가,rent_1000won_m2,서울특별시,0.29011176937640926,0.6272093311142424
서울,신사역,93.84482082409639,94.08712784956934,중대형상가,rent_1000won_m2,서울특별시,0.2423070254729538,0.2581996783041829
서울,압구정,57.05784698840254,57.43663486719042,중대형상가,rent_1000won_m2,서울특별시,0.37878787878788245,0.6638664071304312
서울,양재말죽거리,42.928395430464924,43.14934851549638,중대형상가,rent_1000won_m2,서울특별시,0.2209530850314536,0.5147014762975521
서울,양재역,42.66670807486602,42.959236967103195,중대형상가,rent_1000won_m2,서울특별시,0.29252889223717204,0.6856139257893634
서울,청담,65.18264287455622,65.4909279265213,중대형상가,rent_1000won_m2,서울특별시,0.30828505196507194,0.4729557415436014
서울,테헤란로,52.39536469235081,52.46157986960517,중대형상가,rent_1000won_m2,서울특별시,0.06621517725435666,0.12637602132010706
서울,학동/강남구청역,54.24283459376066,54.537571361406115,중대형상가,rent_1000won_m2,서울특별시,0.2947367676454533,0.5433653492720625
서울,소계(영등포신촌지역),48.873322042857694,49.17560152445373,중대형상가,rent_1000won_m2,서울특별시,0.3022794815960381,0.6184958766072057
서울,공덕역,40.53740197667856,40.67604018180685,중대형상가,rent_1000won_m2,서울특별시,0.13863820512828795,0.3420007162966421
서울,당산역,32.47515663859446,32.8516318521602,중대형상가,rent_1000won_m2,서울특별시,0.3764752135657403,1.1592714324842657
서울,동교/연남,47.7641496830247,47.71853914102781,중대형상가,rent_1000won_m2,서울특별시,-0.04561054199688641,-0.09549116293197102
서울,망원역,35.229530171693774,35.31650217913195,중대형상가,rent_1000won_m2,서울특별시,0.08697200743817746,0.24687245902603738
서울,신촌/이대,57.8560302570355,57.95307602610012,중대형상가,rent_1000won_m2,서울특별시,0.09704576906462137,0.16773665360978463
서울,영등포역,43.71751858430367,44.01776671641915,중대형상가,rent_1000won_m2,서울특별시,0.3002481321154846,0.6867913409506432
서울,홍대/합정,70.14152722568136,71.02280500150482,중대형상가,rent_1000won_m2,서울특별시,0.8812777758234631,1.2564279830804548
서울,소계(기타지역),49.151558044629176,49.32789410331488,중대형상가,rent_1000won_m2,서울특별시,0.17633605868570612,0.35875985563995627
서울,가락시장,38.78228048247899,38.827792357380496,중대형상가,rent_1000won_m2,서울특별시,0.0455118749015071,0.11735224008311285
서울,건대입구,65.15447296242877,65.17742790375081,중대형상가,rent_1000won_m2,서울특별시,0.022954941322041122,0.035231566273696835
서울,경희대,48.19304134327931,48.18162167453128,중대형상가,rent_1000won_m2,서울특별시,-0.011419668748033018,-0.023695679769808464
서울,구로디지털단지역,47.44484606899573,47.49983710638085,중대형상가,rent_1000won_m2,서울특별시,0.0549910373851219,0.11590518663533445
서울,구의역,39.353206034114436,39.44785880960989,중대형상가,rent_1000won_m2,서울특별시,0.09465277549545448,0.24052112911310264
서울,군자,39.98922961326659,40.07644881973694,중대형상가,rent_1000won_m2,서울특별시,0.0872192064703512,0.21810674352529258
서울,까치산역,56.0290113742935,56.039229845201525,중대형상가,rent_1000won_m2,서울특별시,0.01021847090802197,0.01823782118830497
서울,낙성대,46.98765498761449,47.133446276584976,중대형상가,rent_1000won_m2,서울특별시,0.14579128897048577,0.3102757288247604
서울,노량진,46.245357474466104,46.41667640623071,중대형상가,rent_1000won_m2,서울특별시,0.17131893176460267,0.37045649795051094
서울,독산/시흥,30.120114693706114,30.32304800989926,중대형상가,rent_1000won_m2,서울특별시,0.20293331619314614,0.673746824196364
서울,뚝섬,63.70183814539794,65.38920729546673,중대형상가,rent_1000won_m2,서울특별시,1.6873691500687897,2.648854725694738
서울,목동,36.47251589045926,36.52071784947321,중대형상가,rent_1000won_m2,서울특별시,0.04820195901394442,0.13215967650466176
서울,미아사거리,39.09321047831692,39.199345891380226,중대형상가,rent_1000won_m2,서울특별시,0.10613541306330632,0.2714932126696823
서울,불광역,47.80709181427169,48.1745521048532,중대형상가,rent_1000won_m2,서울특별시,0.367460290581505,0.7686313403230338
서울,사당,64.94358153746252,65.12099443990283,중대형상가,rent_1000won_m2,서울특별시,0.1774129024403095,0.27318004064491586
서울,상계역,30.116316272925246,30.178241529140998,중대형상가,rent_1000won_m2,서울특별시,0.06192525621575129,0.20562028786841324
서울,상봉역,39.3954809004978,39.42662562484104,중대형상가,rent_1000won_m2,서울특별시,0.031144724343235453,0.07905659134330723
서울,서울대입구역,79.99769220050862,80.56627972125929,중대형상가,rent_1000won_m2,서울특별시,0.5685875207506683,0.7107549044359285
서울,성신여대,53.10234149539134,53.238242559416726,중대형상가,rent_1000won_m2,서울특별시,0.13590106402538282,0.25592292203757694
서울,수유,51.95213300888223,51.92520260107546,중대형상가,rent_1000won_m2,서울특별시,-0.026930407806766254,-0.051836962694418176
서울,숙명여대,35.95090515266851,35.996148647502274,중대형상가,rent_1000won_m2,서울특별시,0.045243494833762554,0.12584799921346868
서울,신림역,65.36108759027559,65.66870064325373,중대형상가,rent_1000won_m2,서울특별시,0.3076130529781409,0.47063637451452145
서울,쌍문역,46.59290209429485,46.558513016266026,중대형상가,rent_1000won_m2,서울특별시,-0.034389078028823405,-0.07380754682166923
서울,약수역,43.554598145168875,43.659574468085104,중대형상가,rent_1000won_m2,서울특별시,0.10497632291622949,0.24102236591951876
서울,연신내,49.66590381720045,49.74430561228795,중대형상가,rent_1000won_m2,서울특별시,0.07840179508750111,0.15785838787121254
서울,오류동역,44.98719909469309,45.02431331686302,중대형상가,rent_1000won_m2,서울특별시,0.03711422216993299,0.08249951745564754
서울,왕십리,46.20529124560009,46.28477347564437,중대형상가,rent_1000won_m2,서울특별시,0.07948223004428456,0.17201975769789435
서울,용산역,37.760643944613726,38.03423874487707,중대형상가,rent_1000won_m2,서울특별시,0.27359480026334637,0.7245501444960833
서울,이태원,59.440087245893785,59.92422041818914,중대형상가,rent_1000won_m2,서울특별시,0.48413317229535124,0.8144893366198724
서울,잠실/송파,50.81134868300576,51.014192896959074,중대형상가,rent_1000won_m2,서울특별시,0.20284421395331265,0.3992104504424443
서울,잠실새내역,38.38819626240894,38.51312822373706,중대형상가,rent_1000won_m2,서울특별시,0.12493196132812301,0.32544368710145655
서울,장안동,37.371310333969944,37.10276255830859,중대형상가,rent_1000won_m2,서울특별시,-0.2685477756613537,-0.7185934163438934
서울,천호,47.41259682469924,47.56422018348625,중대형상가,rent_1000won_m2,서울특별시,0.15162335878700617,0.31979551625829217
서울,청량리,46.07135190437693,46.13643733757187,중대형상가,rent_1000won_m2,서울특별시,0.06508543319493754,0.1412709427976555
서울,혜화동,68.36937429982062,68.28523583328071,중대형상가,rent_1000won_m2,서울특별시,-0.08413846653991186,-0.12306455544106587
서울,화곡,35.44786021534389,35.46268575286598,중대형상가,rent_1000won_m2,서울특별시,0.014825537522092702,0.041823504809679335
부산,계,30.09444907389515,30.110599096091313,중대형상가,rent_1000won_m2,부산광역시,0.01615002219616457,0.05366445538348419
부산,개금역,23.610664005494037,23.617504721435317,중대형상가,rent_1000won_m2,부산광역시,0.006840715941279996,0.02897299262607511
부산,경성대/부경대,37.64414824899449,37.5772053934898,중대형상가,rent_1000won_m2,부산광역시,-0.06694285550469203,-0.17783070840626802
부산,광안리,41.15876583654772,42.481935700393436,중대형상가,rent_1000won_m2,부산광역시,1.3231698638457132,3.214794799971332
부산,구서동/금정구청,25.507173304875252,25.497225035874056,중대형상가,rent_1000won_m2,부산광역시,-0.009948269001196053,-0.03900184815577301
부산,남포동,54.5120437038434,54.6605546006901,중대형상가,rent_1000won_m2,부산광역시,0.1485108968466946,0.27243685386946215
부산,남항동,14.034841435370877,14.02595362416075,중대형상가,rent_1000won_m2,부산광역시,-0.00888781121012805,-0.06332676611314758
부산,덕천역,47.23987499253783,47.12909642228298,중대형상가,rent_1000won_m2,부산광역시,-0.11077857025485116,-0.23450225105877687
부산,동래역,22.381080985731288,22.363775822405827,중대형상가,rent_1000won_m2,부산광역시,-0.01730516332546017,-0.07732049822121168
부산,부산대학앞,43.682550914966704,43.682550914966704,중대형상가,rent_1000won_m2,부산광역시,0.0,0.0
부산,부산역,18.538867234246243,18.519402035623415,중대형상가,rent_1000won_m2,부산광역시,-0.019465198622828694,-0.10499669897237052
부산,부전시장,32.387553496715086,32.53558102983625,중대형상가,rent_1000won_m2,부산광역시,0.1480275331211658,0.45705067885470907
부산,사상역,17.72996877890037,17.724405999457623,중대형상가,rent_1000won_m2,부산광역시,-0.005562779442747967,-0.031375009804690546
부산,사직야구장,29.51859912743607,29.528395240508765,중대형상가,rent_1000won_m2,부산광역시,0.009796113072695789,0.03318623973449508
부산,서면/전포,49.89455060155697,50.02423920736022,중대형상가,rent_1000won_m2,부산광역시,0.1296886058032456,0.2599253911291788
부산,송정해수욕장,18.19613833846017,18.20197376282057,중대형상가,rent_1000won_m2,부산광역시,0.005835424360398633,0.03206957570807134
부산,수영역,29.482054686844176,29.48938086189397,중대형상가,rent_1000won_m2,부산광역시,0.007326175049794159,0.02484960810096304
부산,연산로터리,23.0494988027681,23.044091658308126,중대형상가,rent_1000won_m2,부산광역시,-0.0054071444599728125,-0.023458837462109194
부산,온천장,22.072176366967717,22.058036845237037,중대형상가,rent_1000won_m2,부산광역시,-0.014139521730680116,-0.06406038759204646
부산,하단역,26.094504987006907,26.08581994389187,중대형상가,rent_1000won_m2,부산광역시,-0.008685043115036706,-0.033283034567477277
부산,해운대,34.03491565319734,34.05983672401875,중대형상가,rent_1000won_m2,부산광역시,0.024921070821413593,0.0732220731067823
부산,현대백화점주변,18.428778156584485,18.45365459719069,중대형상가,rent_1000won_m2,부산광역시,0.024876440606202976,0.13498692314179994
대구,계,21.753530412006263,21.720153443970524,중대형상가,rent_1000won_m2,대구광역시,-0.033376968035739196,-0.15343241949048458
대구,경북대북문,24.176127397806003,24.158881647589997,중대형상가,rent_1000won_m2,대구광역시,-0.017245750216005717,-0.07133379938083495
대구,계명대,14.800346751654446,14.788562097819224,중대형상가,rent_1000won_m2,대구광역시,-0.01178465383522287,-0.07962417389920651
대구,동대구,16.948853407139055,16.950921069926885,중대형상가,rent_1000won_m2,대구광역시,0.0020676627878302156,0.012199425755610172
대구,동성로중심,36.06365075516635,35.90962248812698,중대형상가,rent_1000won_m2,대구광역시,-0.15402826703937222,-0.4271011498116484
대구,동호지구,12.758541481488878,12.7535479231791,중대형상가,rent_1000won_m2,대구광역시,-0.004993558309777768,-0.03913894324850675
대구,두류감삼역,24.886427116193477,24.860661773492016,중대형상가,rent_1000won_m2,대구광역시,-0.02576534270146169,-0.103531706585136
대구,들안길,19.406776358171726,19.39623056766156,중대형상가,rent_1000won_m2,대구광역시,-0.010545790510164466,-0.05434076384213116
대구,삼덕/대봉,21.005292481699552,20.98684475697061,중대형상가,rent_1000won_m2,대구광역시,-0.018447724728943626,-0.08782417452656288
대구,상인/월배,28.91891932209256,28.89713988218218,중대형상가,rent_1000won_m2,대구광역시,-0.021779439910378784,-0.07531208088311647
대구,서문시장/청라언덕,13.641694157130129,13.640059711738312,중대형상가,rent_1000won_m2,대구광역시,-0.0016344453918168966,-0.011981249344772404
대구,수성범어,23.210999979500556,23.20609716657559,중대형상가,rent_1000won_m2,대구광역시,-0.004902812924967748,-0.021122799230099965
대구,시지지구,24.513395012707882,24.47306936541934,중대형상가,rent_1000won_m2,대구광역시,-0.04032564728854027,-0.16450453830502143
대구,월촌/안지랑,18.445669718069254,18.3895604330871,중대형상가,rent_1000won_m2,대구광역시,-0.05610928498215273,-0.3041867594928749
대구,죽전역,19.925042392205196,19.90386393831704,중대형상가,rent_1000won_m2,대구광역시,-0.021178453888154536,-0.10629063402364247
대구,칠곡,17.527875916171876,17.485443231935616,중대형상가,rent_1000won_m2,대구광역시,-0.04243268423626034,-0.24208685889378634
인천,계,25.020970046058913,25.002030570384395,중대형상가,rent_1000won_m2,인천광역시,-0.018939475674518036,-0.0756944100874346
인천,간석오거리,21.676669957952896,21.669569655080604,중대형상가,rent_1000won_m2,인천광역시,-0.007100302872292019,-0.03275550573987873
인천,검단사거리완정역,24.256624947803832,24.19570296981951,중대형상가,rent_1000won_m2,인천광역시,-0.06092197798432153,-0.2511560372286503
인천,계양계산,23.075555143192922,23.040472103667966,중대형상가,rent_1000won_m2,인천광역시,-0.03508303952495595,-0.15203551683697913
인천,구월,33.84837994693144,33.84464155463951,중대형상가,rent_1000won_m2,인천광역시,-0.0037383922919289603,-0.011044523542314
인천,부평,37.83114873455707,37.761934435443486,중대형상가,rent_1000won_m2,인천광역시,-0.06921429911358246,-0.18295584836512946
인천,석남/가정중앙시장,17.724458600268633,17.71086051348059,중대형상가,rent_1000won_m2,인천광역시,-0.013598086788043418,-0.07671933509910689
인천,소래포구역,23.87185279161638,24.19418056544027,중대형상가,rent_1000won_m2,인천광역시,0.3223277738238899,1.3502419633598217
인천,신포동,18.685654892884525,18.643925358226795,중대형상가,rent_1000won_m2,인천광역시,-0.04172953465772977,-0.22332390754803422
인천,연수역,23.15697483931273,23.11493596600272,중대형상가,rent_1000won_m2,인천광역시,-0.04203887331001255,-0.18153870961868934
인천,인천서구청,22.33260687499833,22.32177020370267,중대형상가,rent_1000won_m2,인천광역시,-0.010836671295660238,-0.04852398717407613
인천,인하대앞,30.91100154728264,30.86178268457781,중대형상가,rent_1000won_m2,인천광역시,-0.04921886270483,-0.15922765436617858
인천,주안,20.490745812739714,20.489497320684027,중대형상가,rent_1000won_m2,인천광역시,-0.0012484920556872225,-0.006092955654701804
광주,계,21.529785929913295,21.511764373944832,중대형상가,rent_1000won_m2,광주광역시,-0.018021555968463332,-0.08370522599309149
광주,금남로/충장로,30.389782568278157,30.312546816979165,중대형상가,rent_1000won_m2,광주광역시,-0.07723575129899274,-0.2541503912555587
광주,금호지구,20.568661291698234,20.56113566694595,중대형상가,rent_1000won_m2,광주광역시,-0.007525624752283022,-0.03658781991475735
광주,봉선동,19.947004814655834,19.95472555844141,중대형상가,rent_1000won_m2,광주광역시,0.0077207437855761896,0.0387062812553296
광주,상무지구,22.171897750950293,22.151254166563447,중대형상가,rent_1000won_m2,광주광역시,-0.020643584386846214,-0.09310697991993244
광주,송정동지구,16.326766538479664,16.317840557179593,중대형상가,rent_1000won_m2,광주광역시,-0.008925981300070163,-0.05467084544287237
광주,양산지구,17.240396919704487,17.24582756327454,중대형상가,rent_1000won_m2,광주광역시,0.005430643570051075,0.031499527507072855
광주,어룡동,20.080463107560558,20.05692058584258,중대형상가,rent_1000won_m2,광주광역시,-0.023542521717978104,-0.11724093011138415
광주,용봉동,17.202696866541086,17.20130968465657,중대형상가,rent_1000won_m2,광주광역시,-0.0013871818845139217,-0.008063746604825006
광주,우산동,25.08899264943831,25.049234894364574,중대형상가,rent_1000won_m2,광주광역시,-0.03975775507373669,-0.15846692463608036
광주,월산동지구,15.330460967162185,15.323914828788723,중대형상가,rent_1000won_m2,광주광역시,-0.006546138373462185,-0.0427002057373449
광주,일곡동,29.83059599648019,29.827434490971267,중대형상가,rent_1000won_m2,광주광역시,-0.003161505508924023,-0.0105981975998648
광주,전남대,26.798029261032884,26.769224306580718,중대형상가,rent_1000won_m2,광주광역시,-0.028804954452166243,-0.10748907754217774
광주,첨단1지구,21.18024534751454,21.172274796310074,중대형상가,rent_1000won_m2,광주광역시,-0.007970551204465437,-0.037632006021126596
대전,계,18.67553124720928,18.650851448138567,중대형상가,rent_1000won_m2,대전광역시,-0.02467979907071083,-0.1321504526110795
대전,관평동,16.68354074204502,16.649878903694347,중대형상가,rent_1000won_m2,대전광역시,-0.0336618383506746,-0.20176675246065257
대전,노은,14.750158476777203,14.776295649499868,중대형상가,rent_1000won_m2,대전광역시,0.026137172722664914,0.17719926713883893
대전,대전원도심,16.16609183634419,16.048004052612953,중대형상가,rent_1000won_m2,대전광역시,-0.1180877837312373,-0.7304658721890678
대전,둔산,28.25452385593264,28.225596220948834,중대형상가,rent_1000won_m2,대전광역시,-0.02892763498380546,-0.1023823127627499
대전,복합터미널,19.837732574377938,19.805319283795104,중대형상가,rent_1000won_m2,대전광역시,-0.032413290582834264,-0.16339211379782226
대전,서대전네거리,16.130252276064187,16.129964667258182,중대형상가,rent_1000won_m2,대전광역시,-0.0002876088060048687,-0.0017830397261109354
대전,용문/한민시장,15.985279800818066,16.03647170124978,중대형상가,rent_1000won_m2,대전광역시,0.05119190043171429,0.3202440061705669
대전,유성온천역,16.85197533483533,16.78958836386169,중대형상가,rent_1000won_m2,대전광역시,-0.0623869709736411,-0.37020568647925245
울산,계,16.567034071025663,16.54768519517744,중대형상가,rent_1000won_m2,울산광역시,-0.0193488758482232,-0.11679142908302964
울산,삼산동,17.937615123490502,17.93378929741096,중대형상가,rent_1000won_m2,울산광역시,-0.0038258260795416277,-0.02132851024622129
울산,성남옥교동,18.43492728021818,18.429207593192164,중대형상가,rent_1000won_m2,울산광역시,-0.005719687026015663,-0.031026360663510832
울산,신정동,15.620145467957354,15.616707248080067,중대형상가,rent_1000won_m2,울산광역시,-0.0034382198772870964,-0.02201144595189719
울산,울산농소,11.941106359630828,11.841010156057395,중대형상가,rent_1000won_m2,울산광역시,-0.10009620357343252,-0.8382489909965707
울산,울산대,18.967447060192896,18.95323593978816,중대형상가,rent_1000won_m2,울산광역시,-0.0142111204047346,-0.07492373833777322
울산,전하동,16.107725276196803,16.091506537815032,중대형상가,rent_1000won_m2,울산광역시,-0.016218738381770237,-0.10068919169944346
세종,계,15.747682187817892,15.742401932253523,중대형상가,rent_1000won_m2,세종특별자치시,-0.00528025556436873,-0.03353036657326447
세종,조치원,16.23520344427712,16.234547974132965,중대형상가,rent_1000won_m2,세종특별자치시,-0.0006554701441530142,-0.004037338653639644
경기,계,26.74433297128621,26.71869035290407,중대형상가,rent_1000won_m2,경기도,-0.02564261838213966,-0.09588056808024215
경기,고양시청,25.474947827950295,25.62854071362962,중대형상가,rent_1000won_m2,경기도,0.1535928856793234,0.6029173708878233
경기,광명철산,36.305609969679935,36.457463340065495,중대형상가,rent_1000won_m2,경기도,0.15185337038555957,0.41826420355526306
경기,광주광남동,27.96763411800034,27.952946091679397,중대형상가,rent_1000won_m2,경기도,-0.014688026320943237,-0.052517943630736585
경기,광주시가지,24.098531581551565,24.044779670217363,중대형상가,rent_1000won_m2,경기도,-0.05375191133420287,-0.22305056701193982
경기,구리역,24.93588715592082,24.935500914024892,중대형상가,rent_1000won_m2,경기도,-0.00038624189592795233,-0.001548939861306664
경기,기흥역,25.306208681321703,25.394720481841393,중대형상가,rent_1000won_m2,경기도,0.0885118005196901,0.34976318117940774
경기,김량장동,27.413021587449126,27.384421047613937,중대형상가,rent_1000won_m2,경기도,-0.028600539835188954,-0.10433194948594737
경기,단대오거리역,33.80588778748843,33.64611309003648,중대형상가,rent_1000won_m2,경기도,-0.15977469745195094,-0.47262387681202833
경기,동두천중앙로,16.23623327662832,15.965752231385009,중대형상가,rent_1000won_m2,경기도,-0.27048104524330974,-1.6659100706113983
경기,모란,41.05252341636317,41.21216358509234,중대형상가,rent_1000won_m2,경기도,0.15964016872916886,0.3888681022359286
경기,병점역,21.86723652196184,21.84610705596107,중대형상가,rent_1000won_m2,경기도,-0.021129466000768815,-0.09662613737015935
경기,부천역,27.001079725911953,26.88264737534509,중대형상가,rent_1000won_m2,경기도,-0.11843235056686297,-0.4386207950536458
경기,분당역세권,41.37545597561943,41.170968591755695,중대형상가,rent_1000won_m2,경기도,-0.20448738386373577,-0.4942238799355625
경기,성남구시가지,29.564471459265558,29.534970905672413,중대형상가,rent_1000won_m2,경기도,-0.029500553593145185,-0.09978380176284274
경기,수원역,47.88514529243074,47.94834801664536,중대형상가,rent_1000won_m2,경기도,0.06320272421461937,0.13198816423891646
경기,수원파장동,39.27239877133302,39.250868391967735,중대형상가,rent_1000won_m2,경기도,-0.0215303793652879,-0.05482318381072604
경기,신장/지산/서정,17.833275795564617,17.825571167305522,중대형상가,rent_1000won_m2,경기도,-0.007704628259094903,-0.04320366234122908
경기,신천역,19.065490574409136,19.060777382283355,중대형상가,rent_1000won_m2,경기도,-0.004713192125780807,-0.024721063994581627
경기,아주대삼거리,29.107926450188472,29.114327500341105,중대형상가,rent_1000won_m2,경기도,0.0064010501526325925,0.021990745935096534
경기,안성 서인사거리,11.365122661538772,11.342954150451982,중대형상가,rent_1000won_m2,경기도,-0.022168511086789522,-0.1950573851860926
경기,안양역,38.24571346904574,38.17376552998711,중대형상가,rent_1000won_m2,경기도,-0.0719479390586315,-0.18812026899920342
경기,양주덕정역,20.028533660461004,19.94213864864378,중대형상가,rent_1000won_m2,경기도,-0.08639501181722409,-0.4313596456029134
경기,여주시청,10.685347369340642,10.641666848668835,중대형상가,rent_1000won_m2,경기도,-0.04368052067180628,-0.40878896269800347
경기,영통역,25.276051747863622,25.276051747863622,중대형상가,rent_1000won_m2,경기도,0.0,0.0
경기,오산시청,18.348418779316894,18.33924829543631,중대형상가,rent_1000won_m2,경기도,-0.009170483880584612,-0.04997969574861427
경기,용인수지,31.273641570356222,31.28672278507782,중대형상가,rent_1000won_m2,경기도,0.0130812147215984,0.041828242778096936
경기,의정부역,39.23391032285975,39.30248933102029,중대형상가,rent_1000won_m2,경기도,0.06857900816054041,0.17479524114776268
경기,이천종합터미널,16.997387611843497,16.997387611843497,중대형상가,rent_1000won_m2,경기도,0.0,0.0
경기,인계동,25.301864289331306,25.327749793449,중대형상가,rent_1000won_m2,경기도,0.025885504117695746,0.10230670681690146
경기,인덕원,30.900510728201322,30.959601744730445,중대형상가,rent_1000won_m2,경기도,0.05909101652912341,0.19122990247275595
경기,탄현역,26.07628284079046,26.058779921967947,중대형상가,rent_1000won_m2,경기도,-0.01750291882251176,-0.06712198563489924
경기,파주시청,24.8144805349008,24.776634352081935,중대형상가,rent_1000won_m2,경기도,-0.037846182818864094,-0.15251652262329163
경기,팔달문로터리,32.72196082009307,32.65018747094527,중대형상가,rent_1000won_m2,경기도,-0.0717733491477972,-0.21934305692257183
경기,평택시청,16.45713898316576,16.414767358595302,중대형상가,rent_1000won_m2,경기도,-0.042371624570456845,-0.2574665293511802
경기,평택역,34.12590682086925,33.95376019185572,중대형상가,rent_1000won_m2,경기도,-0.1721466290135254,-0.5044455812328819
경기,포천소흘읍,20.357981174586474,20.429132549856988,중대형상가,rent_1000won_m2,경기도,0.07115137527051374,0.3495011350110433
경기,포천시외버스터미널,14.352464949550813,14.34879596574148,중대형상가,rent_1000won_m2,경기도,-0.003668983809332005,-0.025563440302611706
경기,하남원도심,35.468612600346084,35.379258502822466,중대형상가,rent_1000won_m2,경기도,-0.08935409752361778,-0.2519244226732109
경기,화성남양읍,21.736210083928952,21.659344902254894,중대형상가,rent_1000won_m2,경기도,-0.07686518167405865,-0.35362734063234535
경기,화성봉담읍,21.662912474725857,21.710902721032554,중대형상가,rent_1000won_m2,경기도,0.04799024630669635,0.22153182940052307
강원,계,14.928299237552771,14.909804094575756,중대형상가,rent_1000won_m2,강원특별자치도,-0.018495142977014822,-0.12389316882455148
강원,강릉교동,20.16327040805697,20.138866154574156,중대형상가,rent_1000won_m2,강원특별자치도,-0.024404253482813942,-0.1210332103320999
강원,강릉중부,15.076472084311364,15.074564587318322,중대형상가,rent_1000won_m2,강원특별자치도,-0.001907496993041491,-0.012652144230917983
강원,묵호항,8.676797143727958,8.663734924021423,중대형상가,rent_1000won_m2,강원특별자치도,-0.013062219706535316,-0.15054195102368606
강원,삼척중앙시장,17.223913468952713,17.214481264104087,중대형상가,rent_1000won_m2,강원특별자치도,-0.009432204848625503,-0.054762263324348304
강원,속초중앙시장,16.9042347079989,16.883805833432188,중대형상가,rent_1000won_m2,강원특별자치도,-0.020428874566711386,-0.12085063251662254
강원,영월경찰서,7.474499659381732,7.474959954338741,중대형상가,rent_1000won_m2,강원특별자치도,0.0004602949570085002,0.006158204267636691
강원,원주중앙/일산,17.800355668741464,17.76039507117872,중대형상가,rent_1000won_m2,강원특별자치도,-0.03996059756274306,-0.22449325342929205
강원,원주터미널,18.830416372024118,18.820314341515985,중대형상가,rent_1000won_m2,강원특별자치도,-0.010102030508132742,-0.05364740910955845
강원,주문진항,8.548403671610346,8.534640638017532,중대형상가,rent_1000won_m2,강원특별자치도,-0.013763033592814722,-0.16100121287583313
강원,춘천명동,19.481748329768035,19.460337752792498,중대형상가,rent_1000won_m2,강원특별자치도,-0.021410576975537055,-0.10990069583652895
강원,태백중앙시장,9.22999552014541,9.207810594320229,중대형상가,rent_1000won_m2,강원특별자치도,-0.022184925825181168,-0.24035684282576186
충북,계,17.07089641905668,17.038145443681778,중대형상가,rent_1000won_m2,충청북도,-0.03275097537490268,-0.19185269812979078
충북,봉명사거리,12.825904241563192,12.813539699115372,중대형상가,rent_1000won_m2,충청북도,-0.012364542447819815,-0.09640289070420582
충북,제천역,6.162612654273413,6.146170525428782,중대형상가,rent_1000won_m2,충청북도,-0.016442128844631476,-0.26680451566641894
충북,제천중앙,14.4409284813042,14.39453111961173,중대형상가,rent_1000won_m2,충청북도,-0.04639736169247044,-0.32129071030674305
충북,증평광장로,8.482008968764033,8.471883225574942,중대형상가,rent_1000won_m2,충청북도,-0.010125743189091096,-0.11937906722783165
충북,청주성안길,29.17867385728948,29.154513533121648,중대형상가,rent_1000won_m2,충청북도,-0.024160324167830538,-0.08280130990873102
충북,청주율량동,25.574709291587194,25.514827538607197,중대형상가,rent_1000won_m2,충청북도,-0.059881752979997316,-0.23414441312806789
충북,충북대학교,24.408066235369855,24.21211817391885,중대형상가,rent_1000won_m2,충청북도,-0.19594806145100563,-0.8028004331086969
충북,충주연수칠금,14.780581107727038,14.702776323601292,중대형상가,rent_1000won_m2,충청북도,-0.0778047841257461,-0.5263986818831556
충북,충주자유시장,8.663181197542269,8.647745070479099,중대형상가,rent_1000won_m2,충청북도,-0.015436127063169991,-0.1781808173139554
충남,계,14.41614336491469,14.40894695404743,중대형상가,rent_1000won_m2,충청남도,-0.007196410867260639,-0.04991911279665917
충남,공주대,14.671590093129018,14.67065464958472,중대형상가,rent_1000won_m2,충청남도,-0.0009354435442983089,-0.006375883856901687
충남,공주웅진동,9.910660884523175,9.907644563641789,중대형상가,rent_1000won_m2,충청남도,-0.0030163208813860365,-0.03043511342514238
충남,논산시외버스터미널,12.028058283292605,12.034198249973054,중대형상가,rent_1000won_m2,충청남도,0.006139966680448694,0.051047031331541426
충남,당진시청,27.198324548885854,27.19565902500732,중대형상가,rent_1000won_m2,충청남도,-0.0026655238785338042,-0.00980032381679985
충남,두정,15.102465442523735,15.10038132636035,중대형상가,rent_1000won_m2,충청남도,-0.002084116163384664,-0.013799840637385152
충남,배방읍,16.373866778156017,16.347315405212264,중대형상가,rent_1000won_m2,충청남도,-0.02655137294375365,-0.1621570109460957
충남,보령문화의전당,17.1352339953709,17.172507081886444,중대형상가,rent_1000won_m2,충청남도,0.03727308651554395,0.21752306694855505
충남,서산터미널,14.878242124535012,14.879124875752769,중대형상가,rent_1000won_m2,충청남도,0.0008827512177571606,0.005933168786809162
충남,아산온양,13.19851466760909,13.177271723646045,중대형상가,rent_1000won_m2,충청남도,-0.021242943963043714,-0.1609495045315712
충남,예산시장,8.130951196045249,8.11612504561892,중대형상가,rent_1000won_m2,충청남도,-0.01482615042632851,-0.18234214016116246
충남,천안역,13.306581041156043,13.318474735385184,중대형상가,rent_1000won_m2,충청남도,0.01189369422914055,0.08938204481192535
충남,천안종합버스터미널,22.929088321073422,22.916645929347116,중대형상가,rent_1000won_m2,충청남도,-0.012442391726306568,-0.054264659597791365
충남,청당행정타운,18.43066263967834,18.42691078720118,중대형상가,rent_1000won_m2,충청남도,-0.0037518524771584794,-0.020356579416092035
충남,태안터미널,10.68472771534221,10.687119215456015,중대형상가,rent_1000won_m2,충청남도,0.002391500113803957,0.02238241513978778
충남,합덕버스터미널,8.118127581181275,8.107219581072195,중대형상가,rent_1000won_m2,충청남도,-0.010908000109079552,-0.13436596062330608
전북,계,14.178773386111382,14.154641621177861,중대형상가,rent_1000won_m2,전북특별자치도,-0.024131764933521538,-0.17019642162530157
전북,군산수송동조촌동,21.41584988911742,21.412977283434255,중대형상가,rent_1000won_m2,전북특별자치도,-0.0028726056831658298,-0.013413456379451905
전북,군산원도심,7.902227110694694,7.898488714326546,중대형상가,rent_1000won_m2,전북특별자치도,-0.0037383963681483223,-0.047308136247925514
전북,김제시장,6.850690025943789,6.753622759511899,중대형상가,rent_1000won_m2,전북특별자치도,-0.0970672664318899,-1.4168976565031133
전북,남원광한루,10.029554164958679,10.028240328010144,중대형상가,rent_1000won_m2,전북특별자치도,-0.001313836948535041,-0.013099654550197126
전북,송천동,17.830111716031503,17.794589986070186,중대형상가,rent_1000won_m2,전북특별자치도,-0.035521729961317305,-0.19922326077956853
전북,영등부송,20.504963655132947,20.49934745051054,중대형상가,rent_1000won_m2,전북특별자치도,-0.005616204622405974,-0.02738948830567356
전북,익산역,8.82931070738116,8.78339812755257,중대형상가,rent_1000won_m2,전북특별자치도,-0.04591257982858998,-0.520001859150887
전북,전주동부,18.729638173574543,18.690716508940252,중대형상가,rent_1000won_m2,전북특별자치도,-0.03892166463429092,-0.20780788327884325
전북,전주서부,13.215560451829768,13.18159007494863,중대형상가,rent_1000won_m2,전북특별자치도,-0.03397037688113791,-0.2570483257593126
전북,전주서부신시가지,16.41203471822872,16.39744168454726,중대형상가,rent_1000won_m2,전북특별자치도,-0.01459303368146081,-0.08891666348507243
전북,전주한옥마을,16.609934689776438,16.578208992715396,중대형상가,rent_1000won_m2,전북특별자치도,-0.03172569706104156,-0.1910043456135213
전북,정읍중심,10.85768148965175,10.847922557959734,중대형상가,rent_1000won_m2,전북특별자치도,-0.009758931692015693,-0.08988043811486435
전남,계,12.641852554540664,12.618188279107118,중대형상가,rent_1000won_m2,전라남도,-0.023664275433546322,-0.18718993384435612
전남,광양읍,7.7896423516277595,7.786217269281802,중대형상가,rent_1000won_m2,전라남도,-0.0034250823459576196,-0.04396969965176911
전남,광양중동,12.586427426722782,12.58103803775318,중대형상가,rent_1000won_m2,전라남도,-0.005389388969602393,-0.04281905251493079
전남,나주구시가지,8.73652494512483,8.735663353642275,중대형상가,rent_1000won_m2,전라남도,-0.0008615914825540472,-0.009861947261247117
전남,목포구도심,8.024770170159226,8.004397187401102,중대형상가,rent_1000won_m2,전라남도,-0.020372982758123825,-0.25387621484640466
전남,무선지구,13.73155956621412,13.693304344376338,중대형상가,rent_1000won_m2,전라남도,-0.038255221837781406,-0.2785934230799758
전남,순천법원,17.313358621597175,17.307117174330383,중대형상가,rent_1000won_m2,전라남도,-0.006241447266791766,-0.036049893051981474
전남,순천원도심,12.23599626884546,12.22225362924702,중대형상가,rent_1000won_m2,전라남도,-0.013742639598440576,-0.11231320520611598
전남,순천해룡면,19.099456727981313,19.07733811915333,중대형상가,rent_1000won_m2,전라남도,-0.02211860882798078,-0.11580752868000088
전남,여수여문,14.590662391166736,14.560178699293298,중대형상가,rent_1000won_m2,전라남도,-0.0304836918734388,-0.2089260312944652
전남,여수원도심,19.83430327460196,19.825582088311315,중대형상가,rent_1000won_m2,전라남도,-0.008721186290646443,-0.043970217506017484
전남,여수학동,14.37457997475624,14.28407550250293,중대형상가,rent_1000won_m2,전라남도,-0.09050447225331126,-0.6296147255241524
전남,조례,15.795916627946301,15.733391253504307,중대형상가,rent_1000won_m2,전라남도,-0.06252537444199469,-0.39583251744551573
전남,하당신도심,13.402297488981834,13.382554392231546,중대형상가,rent_1000won_m2,전라남도,-0.019743096750287847,-0.1473112857442449
경북,계,12.77058620786218,12.75256115270642,중대형상가,rent_1000won_m2,경상북도,-0.018025055155760583,-0.14114508811399196
경북,가흥택지개발지구,9.929947386792177,9.930671885374858,중대형상가,rent_1000won_m2,경상북도,0.0007244985826808659,0.007296096892162041
경북,경산시청,10.559477771528776,10.556906279914328,중대형상가,rent_1000won_m2,경상북도,-0.0025714916144483624,-0.024352450661735414
경북,경주도심,16.157201790434474,16.124812179757594,중대형상가,rent_1000won_m2,경상북도,-0.032389610676879954,-0.20046547104496382
경북,구미산업단지,13.459030458368867,13.391020767373442,중대형상가,rent_1000won_m2,경상북도,-0.06800969099542442,-0.5053089909097808
경북,구미선주원남동,9.819223299119162,9.806508215533382,중대형상가,rent_1000won_m2,경상북도,-0.012715083585780107,-0.1294917449012556
경북,구미역,18.07574742513659,18.022550412703563,중대형상가,rent_1000won_m2,경상북도,-0.05319701243302788,-0.2943004855171294
경북,문경점촌흥덕,12.311537613696215,12.311537613696215,중대형상가,rent_1000won_m2,경상북도,0.0,0.0
경북,상주동문동,12.401402564839241,12.394872933371643,중대형상가,rent_1000won_m2,경상북도,-0.006529631467598662,-0.052652362774774364
경북,안동구도심,9.608109978927434,9.607761235355412,중대형상가,rent_1000won_m2,경상북도,-0.00034874357202241413,-0.0036296792271017786
경북,양덕동,11.247119442790195,11.230548147380963,중대형상가,rent_1000won_m2,경상북도,-0.01657129540923208,-0.14733812949638825
경북,영일대해수욕장,16.77888588385546,16.77888588385546,중대형상가,rent_1000won_m2,경상북도,0.0,0.0
경북,영주중앙,10.927645268971736,10.927929284035894,중대형상가,rent_1000won_m2,경상북도,0.00028401506415853817,0.002599050913243417
경북,옥동사거리,13.933472806944026,13.932989269772913,중대형상가,rent_1000won_m2,경상북도,-0.00048353717111382366,-0.0034703277338898886
경북,포항원도심,13.281124486867688,13.271429679406562,중대형상가,rent_1000won_m2,경상북도,-0.009694807461125166,-0.07299688720417974
경북,포항중앙,16.21049858810638,16.184199435242554,중대형상가,rent_1000won_m2,경상북도,-0.02629915286382456,-0.16223531139949454
경북,포항효자동,15.344840614441312,15.334045791638328,중대형상가,rent_1000won_m2,경상북도,-0.010794822802983717,-0.0703482237073505
경남,계,15.626525043787383,15.58621706599376,중대형상가,rent_1000won_m2,경상남도,-0.04030797779362416,-0.25794588163827736
경남,거제고현,18.583318689558947,18.564739803997917,중대형상가,rent_1000won_m2,경상남도,-0.01857888556103049,-0.09997614458104875
경남,거제옥포,14.227786464661836,14.069704266828348,중대형상가,rent_1000won_m2,경상남도,-0.15808219783348854,-1.1110807589509775
경남,김해시청/동상시장,13.207263592833243,13.19556489285128,중대형상가,rent_1000won_m2,경상남도,-0.011698699981963046,-0.08857777313017179
경남,마산동서동,18.17132317476197,18.132379999642726,중대형상가,rent_1000won_m2,경상남도,-0.03894317511924328,-0.21431116900353375
경남,마산역버스터미널,23.367871765291344,23.31322950597177,중대형상가,rent_1000won_m2,경상남도,-0.054642259319575004,-0.2338349844966836
경남,밀양원도심/삼문동,10.96695474632209,10.960362077369965,중대형상가,rent_1000won_m2,경상남도,-0.00659266895212518,-0.0601139432469755
경남,양산구도심,11.513874560648881,11.455751114322178,중대형상가,rent_1000won_m2,경상남도,-0.05812344632670374,-0.5048122247688247
경남,용원동,18.259026922856062,18.226674117615744,중대형상가,rent_1000won_m2,경상남도,-0.03235280524031836,-0.17718800337502838
경남,진주중앙시장,14.070575498178385,14.051810961427561,중대형상가,rent_1000won_m2,경상남도,-0.018764536750824234,-0.13336012271319975
경남,진주하대동,15.441281296240765,15.423174170882103,중대형상가,rent_1000won_m2,경상남도,-0.018107125358662657,-0.11726439672510303
경남,진해석동,18.658014384541524,18.624943657279484,중대형상가,rent_1000won_m2,경상남도,-0.03307072726203941,-0.17724676688768426
경남,창원시청,19.141668319640562,19.134748894045146,중대형상가,rent_1000won_m2,경상남도,-0.006919425595416584,-0.036148498029908716
경남,창원역,12.217156825410642,12.172547483561639,중대형상가,rent_1000won_m2,경상남도,-0.04460934184900367,-0.36513685210474156
경남,창원월영동,14.098996280242243,14.094385010298499,중대형상가,rent_1000won_m2,경상남도,-0.004611269943744389,-0.03270637038330637
경남,창원의창구청,11.420894400601275,11.403549851125948,중대형상가,rent_1000won_m2,경상남도,-0.017344549475327042,-0.15186682292075426
경남,통영 강구안,13.808984246500236,13.77608830732117,중대형상가,rent_1000won_m2,경상남도,-0.03289593917906508,-0.23822128110112528
경남,통영시청,14.05069689112019,13.937610034042862,중대형상가,rent_1000won_m2,경상남도,-0.11308685707732735,-0.8048487413374938
경남,평거동,29.968136633450225,30.034032800091257,중대형상가,rent_1000won_m2,경상남도,0.06589616664103204,0.21988743393368537
경남,활천동,10.005783587385395,9.998332339833661,중대형상가,rent_1000won_m2,경상남도,-0.007451247551733431,-0.07446940548592185
제주,계,15.012617027092437,15.000306450263569,중대형상가,rent_1000won_m2,제주특별자치도,-0.012310576828868491,-0.08200153781751096
제주,광양사거리,12.599311957197395,12.592837962648384,중대형상가,rent_1000won_m2,제주특별자치도,-0.006473994549011763,-0.051383715007657926
제주,노형오거리,20.615658258641293,20.601835125628195,중대형상가,rent_1000won_m2,제주특별자치도,-0.013823133013097788,-0.06705162085863803
제주,서귀포도심,12.617882862496627,12.59927369666365,중대형상가,rent_1000won_m2,제주특별자치도,-0.018609165832977226,-0.14748247416599414
제주,중앙사거리,10.614634348424413,10.605934677380725,중대형상가,rent_1000won_m2,제주특별자치도,-0.008699671043688184,-0.08195921553322272
전국,합계,8.30560334737423,8.474591897613465,소규모상가,vacancy_rate_pct,전국,0.16898855023923431,2.034633044361067
서울,계,6.306253196239286,6.377933611218737,소규모상가,vacancy_rate_pct,서울특별시,0.07168041497945055,1.1366561530101071
서울,소계(도심지역),4.76114856978686,4.638488629852677,소규모상가,vacancy_rate_pct,서울특별시,-0.12265993993418256,-2.576267850840741
서울,광화문,0.9446556691050754,0.9446556691050754,소규모상가,vacancy_rate_pct,서울특별시,0.0,0.0
서울,남대문,4.9534350852824245,6.059406799416666,소규모상가,vacancy_rate_pct,서울특별시,1.1059717141342418,22.32736868643519
서울,동대문,13.375172380127168,9.807971589314263,소규모상가,vacancy_rate_pct,서울특별시,-3.5672007908129046,-26.670316384954052
서울,명동,5.294350378283232,5.294350378283232,소규모상가,vacancy_rate_pct,서울특별시,0.0,0.0
서울,방산시장,5.025151096638496,9.871647048388937,소규모상가,vacancy_rate_pct,서울특별시,4.846495951750441,96.44478063540092
서울,북촌,0.0,0.0,소규모상가,vacancy_rate_pct,서울특별시,0.0,
서울,서촌,4.031596613206475,8.619667125137227,소규모상가,vacancy_rate_pct,서울특별시,4.588070511930751,113.80281690140848
서울,시청,8.075437371479087,8.075437371479087,소규모상가,vacancy_rate_pct,서울특별시,0.0,0.0
서울,을지로,2.5903100817026967,2.5903100817026967,소규모상가,vacancy_rate_pct,서울특별시,0.0,0.0
서울,종로,0.0,0.0,소규모상가,vacancy_rate_pct,서울특별시,0.0,
서울,충무로,1.0170140708785227,1.0170140708785227,소규모상가,vacancy_rate_pct,서울특별시,0.0,0.0
서울,소계(강남지역),3.0114617702542654,2.8175069654111473,소규모상가,vacancy_rate_pct,서울특별시,-0.1939548048431181,-6.440553446798103
서울,강남대로,0.0,0.0,소규모상가,vacancy_rate_pct,서울특별시,0.0,
서울,교대역,0.49180730989598265,0.49180730989598265,소규모상가,vacancy_rate_pct,서울특별시,0.0,0.0
서울,남부터미널,1.9912385503783354,4.915969733174034,소규모상가,vacancy_rate_pct,서울특별시,2.9247311827956985,146.88
서울,논현역,0.0,0.0,소규모상가,vacancy_rate_pct,서울특별시,0.0,
서울,도산대로,0.0,0.0,소규모상가,vacancy_rate_pct,서울특별시,0.0,
서울,신사역,14.876043118612706,14.876043118612706,소규모상가,vacancy_rate_pct,서울특별시,0.0,0.0
서울,압구정,0.0,0.0,소규모상가,vacancy_rate_pct,서울특별시,0.0,
서울,청담,4.8843723654032685,2.027902928991669,소규모상가,vacancy_rate_pct,서울특별시,-2.8564694364115994,-58.48181143281366
서울,테헤란로,1.0267844404860413,1.0267844404860413,소규모상가,vacancy_rate_pct,서울특별시,0.0,0.0
서울,소계(영등포신촌지역),6.310194276966838,7.019515095496446,소규모상가,vacancy_rate_pct,서울특별시,0.7093208185296076,11.240871317048606
서울,공덕역,10.42985480891847,4.531860264306096,소규모상가,vacancy_rate_pct,서울특별시,-5.8979945446123745,-56.5491529140852
서울,당산역,0.0,0.0,소규모상가,vacancy_rate_pct,서울특별시,0.0,
서울,동교/연남,0.0,0.0,소규모상가,vacancy_rate_pct,서울특별시,0.0,
서울,망원역,0.9677771823115306,0.9677771823115306,소규모상가,vacancy_rate_pct,서울특별시,0.0,0.0
서울,신촌/이대,15.102571671032727,19.535660259011916,소규모상가,vacancy_rate_pct,서울특별시,4.433088587979189,29.35320344469552
서울,영등포역,0.8159249552598322,3.0765403198674615,소규모상가,vacancy_rate_pct,서울특별시,2.260615364607629,277.061677061677
서울,홍대/합정,12.997609384038867,14.908475883586997,소규모상가,vacancy_rate_pct,서울특별시,1.9108664995481295,14.701676616737558
서울,소계(기타지역),7.451076698724929,7.225880009009704,소규모상가,vacancy_rate_pct,서울특별시,-0.22519668971522488,-3.022337560338917
서울,가락시장,4.91207863514106,4.91207863514106,소규모상가,vacancy_rate_pct,서울특별시,0.0,0.0
서울,건대입구,11.196552576399021,11.196552576399021,소규모상가,vacancy_rate_pct,서울특별시,0.0,0.0
서울,경희대,4.272206427156027,4.272206427156027,소규모상가,vacancy_rate_pct,서울특별시,0.0,0.0
서울,군자,6.837436061381073,6.837436061381073,소규모상가,vacancy_rate_pct,서울특별시,0.0,0.0
서울,까치산역,3.829952396716857,3.829952396716857,소규모상가,vacancy_rate_pct,서울특별시,0.0,0.0
서울,노량진,1.7367697413936547,1.7367697413936547,소규모상가,vacancy_rate_pct,서울특별시,0.0,0.0
서울,독산/시흥,15.413115008938522,15.413115008938522,소규모상가,vacancy_rate_pct,서울특별시,0.0,0.0
서울,뚝섬,14.06520304564302,8.042571069721337,소규모상가,vacancy_rate_pct,서울특별시,-6.0226319759216835,-42.81937456841275
서울,목동,1.6482568173973076,1.5768906175466926,소규모상가,vacancy_rate_pct,서울특별시,-0.07136619985061499,-4.329798554287578
서울,미아사거리,9.822645796516033,9.0332654790052,소규모상가,vacancy_rate_pct,서울특별시,-0.7893803175108332,-8.036330881347842
서울,불광역,13.062976641565541,7.127095702813986,소규모상가,vacancy_rate_pct,서울특별시,-5.935880938751555,-45.44049263522349
서울,사당,3.3990706755668816,3.3990706755668816,소규모상가,vacancy_rate_pct,서울특별시,0.0,0.0
서울,상계역,0.0,0.0,소규모상가,vacancy_rate_pct,서울특별시,0.0,
서울,상봉역,0.0,0.0,소규모상가,vacancy_rate_pct,서울특별시,0.0,
서울,서울대입구역,9.627696357268732,10.431491519626434,소규모상가,vacancy_rate_pct,서울특별시,0.8037951623577015,8.348779734321909
서울,성신여대,0.0,0.0,소규모상가,vacancy_rate_pct,서울특별시,0.0,
서울,수유,9.377836902716002,14.248602602385423,소규모상가,vacancy_rate_pct,서울특별시,4.8707656996694215,51.93911719939119
서울,숙명여대,8.049225485636605,8.049225485636605,소규모상가,vacancy_rate_pct,서울특별시,0.0,0.0
서울,신림역,4.982479194042926,2.6983866257847864,소규모상가,vacancy_rate_pct,서울특별시,-2.28409256825814,-45.84249084249083
서울,약수역,7.98867880361342,7.98867880361342,소규모상가,vacancy_rate_pct,서울특별시,0.0,0.0
서울,연신내,7.459000527302945,2.964910992597735,소규모상가,vacancy_rate_pct,서울특별시,-4.4940895347052106,-60.25055928411632
서울,오류동역,10.497445853989557,10.497445853989557,소규모상가,vacancy_rate_pct,서울특별시,0.0,0.0
서울,왕십리,0.0,0.0,소규모상가,vacancy_rate_pct,서울특별시,0.0,
서울,용산역,14.36061910279755,12.014153285879821,소규모상가,vacancy_rate_pct,서울특별시,-2.3464658169177284,-16.339586755424918
서울,이태원,3.850892458380177,3.850892458380177,소규모상가,vacancy_rate_pct,서울특별시,0.0,0.0
서울,잠실/송파,6.5731457912478986,6.5731457912478986,소규모상가,vacancy_rate_pct,서울특별시,0.0,0.0
서울,잠실새내역,17.333703587999118,19.083735406759455,소규모상가,vacancy_rate_pct,서울특별시,1.7500318187603376,10.096121754221986
서울,장안동,12.596822820037104,12.596822820037104,소규모상가,vacancy_rate_pct,서울특별시,0.0,0.0
서울,천호,5.004403983083327,5.004403983083327,소규모상가,vacancy_rate_pct,서울특별시,0.0,0.0
서울,청량리,2.069951230288769,7.028930447094737,소규모상가,vacancy_rate_pct,서울특별시,4.958979216805968,239.56985769728325
서울,혜화동,0.5610117023009876,2.1287090740003545,소규모상가,vacancy_rate_pct,서울특별시,1.5676973716993667,279.44111776447113
서울,화곡,8.05615726830177,9.248713111126637,소규모상가,vacancy_rate_pct,서울특별시,1.1925558428248664,14.803035778821826
부산,계,7.802676245483988,8.566661705913294,소규모상가,vacancy_rate_pct,부산광역시,0.7639854604293062,9.791325903999715
부산,개금역,6.200712443188797,6.200712443188797,소규모상가,vacancy_rate_pct,부산광역시,0.0,0.0
부산,경성대/부경대,0.0,4.147518382352942,소규모상가,vacancy_rate_pct,부산광역시,4.147518382352942,inf
부산,광안리,10.355938361266977,10.355938361266977,소규모상가,vacancy_rate_pct,부산광역시,0.0,0.0
부산,구서동/금정구청,10.022712154898095,10.022712154898095,소규모상가,vacancy_rate_pct,부산광역시,0.0,0.0
부산,남포동,15.549391505649776,15.549391505649776,소규모상가,vacancy_rate_pct,부산광역시,0.0,0.0
부산,남항동,9.726495839126052,9.726495839126052,소규모상가,vacancy_rate_pct,부산광역시,0.0,0.0
부산,덕천역,13.922206121711742,23.86176832312507,소규모상가,vacancy_rate_pct,부산광역시,9.939562201413327,71.3935860058309
부산,동래역,5.368495317248652,9.446520498666503,소규모상가,vacancy_rate_pct,부산광역시,4.078025181417852,75.96216333309268
부산,부산대학앞,18.818067993511818,20.94444736529523,소규모상가,vacancy_rate_pct,부산광역시,2.126379371783411,11.299668874172175
부산,부산역,2.2961600071414052,2.2961600071414052,소규모상가,vacancy_rate_pct,부산광역시,0.0,0.0
부산,부전시장,17.142376664475396,17.142376664475396,소규모상가,vacancy_rate_pct,부산광역시,0.0,0.0
부산,사상역,5.945542619591865,5.945542619591865,소규모상가,vacancy_rate_pct,부산광역시,0.0,0.0
부산,사직야구장,0.0,4.8600573565179515,소규모상가,vacancy_rate_pct,부산광역시,4.8600573565179515,inf
부산,서면/전포,4.143854160399494,4.143854160399494,소규모상가,vacancy_rate_pct,부산광역시,0.0,0.0
부산,송정해수욕장,0.6892531935533835,3.154423693027579,소규모상가,vacancy_rate_pct,부산광역시,2.4651704994741954,357.65819041987
부산,수영역,5.090673019800464,5.090673019800464,소규모상가,vacancy_rate_pct,부산광역시,0.0,0.0
부산,연산로터리,2.9927862939585217,2.9927862939585217,소규모상가,vacancy_rate_pct,부산광역시,0.0,0.0
부산,온천장,10.419440591234478,10.419440591234478,소규모상가,vacancy_rate_pct,부산광역시,0.0,0.0
부산,하단역,0.0,0.0,소규모상가,vacancy_rate_pct,부산광역시,0.0,
부산,해운대,8.65331378035824,4.822152722701902,소규모상가,vacancy_rate_pct,부산광역시,-3.8311610576563373,-44.27391811854222
부산,현대백화점주변,2.026950300919793,0.0,소규모상가,vacancy_rate_pct,부산광역시,-2.026950300919793,-100.0
대구,계,10.371856743461052,10.825779054900824,소규모상가,vacancy_rate_pct,대구광역시,0.45392231143977213,4.376480727290688
대구,경북대북문,8.132118326951465,5.79542793025878,소규모상가,vacancy_rate_pct,대구광역시,-2.336690396692685,-28.73409243134628
대구,동대구,8.000985985949702,8.000985985949702,소규모상가,vacancy_rate_pct,대구광역시,0.0,0.0
대구,동성로중심,17.02717189078087,12.756702163474317,소규모상가,vacancy_rate_pct,대구광역시,-4.270469727306553,-25.08032311354501
대구,두류감삼역,2.516517863644565,3.7302858719107004,소규모상가,vacancy_rate_pct,대구광역시,1.2137680082661353,48.23204419889502
대구,들안길,7.647996943293103,16.98590426194649,소규모상가,vacancy_rate_pct,대구광역시,9.337907318653388,122.09611729568289
대구,삼덕/대봉,4.134674705124211,0.0,소규모상가,vacancy_rate_pct,대구광역시,-4.134674705124211,-100.0
대구,상인/월배,6.585096841441835,6.585096841441835,소규모상가,vacancy_rate_pct,대구광역시,0.0,0.0
대구,서문시장/청라언덕,10.097749131150024,10.097749131150024,소규모상가,vacancy_rate_pct,대구광역시,0.0,0.0
대구,수성범어,19.43724095973231,19.43724095973231,소규모상가,vacancy_rate_pct,대구광역시,0.0,0.0
대구,시지지구,11.341234824235082,8.180638463534908,소규모상가,vacancy_rate_pct,대구광역시,-3.1605963607001737,-27.86818551668021
대구,월촌/안지랑,13.039156059263558,13.696902525091925,소규모상가,vacancy_rate_pct,대구광역시,0.6577464658283674,5.044394459571455
대구,죽전역,14.868072983788919,14.868072983788919,소규모상가,vacancy_rate_pct,대구광역시,0.0,0.0
대구,칠곡,0.0,0.0,소규모상가,vacancy_rate_pct,대구광역시,0.0,
인천,계,10.36449678035905,10.585415176086336,소규모상가,vacancy_rate_pct,인천광역시,0.22091839572728666,2.1314917685722357
인천,간석오거리,5.527080898000781,5.527080898000781,소규모상가,vacancy_rate_pct,인천광역시,0.0,0.0
인천,검단사거리완정역,11.763442246138645,15.172606388691975,소규모상가,vacancy_rate_pct,인천광역시,3.4091641425533297,28.981008035062096
인천,계양계산,2.237180953138516,3.66350809859505,소규모상가,vacancy_rate_pct,인천광역시,1.426327145456534,63.75555555555557
인천,구월,15.053763440860212,15.053763440860212,소규모상가,vacancy_rate_pct,인천광역시,0.0,0.0
인천,부평,14.136693630115529,6.4700760995743565,소규모상가,vacancy_rate_pct,인천광역시,-7.666617530541172,-54.23204131840917
인천,석남/가정중앙시장,9.615953200565986,7.797089818588837,소규모상가,vacancy_rate_pct,인천광역시,-1.818863381977149,-18.915060670949313
인천,신포동,17.67723963354408,18.124408696951143,소규모상가,vacancy_rate_pct,인천광역시,0.4471690634070633,2.5296317336702456
인천,인천서구청,6.583846093932549,14.650673728483529,소규모상가,vacancy_rate_pct,인천광역시,8.066827634550979,122.52454749792977
인천,주안,11.548544436534355,15.48568487483886,소규모상가,vacancy_rate_pct,인천광역시,3.937140438304505,34.092092383947346
광주,계,9.53884594165279,9.62768656970307,소규모상가,vacancy_rate_pct,광주광역시,0.08884062805027959,0.9313561472079623
광주,금남로/충장로,18.555142411291037,14.973444033358188,소규모상가,vacancy_rate_pct,광주광역시,-3.581698377932849,-19.30299589483797
광주,금호지구,0.0,0.0,소규모상가,vacancy_rate_pct,광주광역시,0.0,
광주,봉선동,5.614985537854094,7.93627473486066,소규모상가,vacancy_rate_pct,광주광역시,2.3212891970065668,41.340964840556026
광주,상무지구,0.0,0.0,소규모상가,vacancy_rate_pct,광주광역시,0.0,
광주,송정동지구,6.262651185955869,18.103932776795382,소규모상가,vacancy_rate_pct,광주광역시,11.841281590839513,189.07777615642786
광주,양산지구,5.6304416996904925,5.6304416996904925,소규모상가,vacancy_rate_pct,광주광역시,0.0,0.0
광주,용봉동,3.4918842789549958,3.4918842789549958,소규모상가,vacancy_rate_pct,광주광역시,0.0,0.0
광주,월산동지구,7.552728257278623,4.660902223889235,소규모상가,vacancy_rate_pct,광주광역시,-2.891826033389388,-38.28849569163981
광주,전남대,42.42466297840665,30.14742526226809,소규모상가,vacancy_rate_pct,광주광역시,-12.277237716138561,-28.938916314756447
광주,첨단1지구,5.970833452711802,5.970833452711802,소규모상가,vacancy_rate_pct,광주광역시,0.0,0.0
대전,계,6.449516406515328,7.751174449699414,소규모상가,vacancy_rate_pct,대전광역시,1.3016580431840863,20.182258035178368
대전,노은,0.0,0.0,소규모상가,vacancy_rate_pct,대전광역시,0.0,
대전,대전원도심,8.05337076619176,9.806588858418412,소규모상가,vacancy_rate_pct,대전광역시,1.7532180922266516,21.769991015274037
대전,복합터미널,14.453402974969082,14.453402974969082,소규모상가,vacancy_rate_pct,대전광역시,0.0,0.0
대전,서대전네거리,6.5089406621835835,6.5089406621835835,소규모상가,vacancy_rate_pct,대전광역시,0.0,0.0
대전,용문/한민시장,6.169187413496974,4.426953926195202,소규모상가,vacancy_rate_pct,대전광역시,-1.7422334873017729,-28.24089090712509
대전,유성온천역,6.1755210467054695,17.40627085410692,소규모상가,vacancy_rate_pct,대전광역시,11.230749807401452,181.85914552736983
울산,계,6.521632488031445,5.91927961657011,소규모상가,vacancy_rate_pct,울산광역시,-0.6023528714613349,-9.23622839169147
울산,삼산동,4.521087129775711,1.8395328790072056,소규모상가,vacancy_rate_pct,울산광역시,-2.681554250768505,-59.31215598805626
울산,성남옥교동,6.55446652808217,6.55446652808217,소규모상가,vacancy_rate_pct,울산광역시,0.0,0.0
울산,신정동,1.8952189200819622,1.9003809145862618,소규모상가,vacancy_rate_pct,울산광역시,0.00516199450429955,0.272369299905284
울산,울산농소,20.147146794581506,20.147146794581506,소규모상가,vacancy_rate_pct,울산광역시,0.0,0.0
울산,울산대,23.81160715984097,23.81160715984097,소규모상가,vacancy_rate_pct,울산광역시,0.0,0.0
울산,전하동,10.58928771105893,10.58928771105893,소규모상가,vacancy_rate_pct,울산광역시,0.0,0.0
세종,계,10.512132492376946,9.034685454065821,소규모상가,vacancy_rate_pct,세종특별자치시,-1.4774470383111247,-14.054684331485745
세종,조치원,6.678020919878799,4.123467521358334,소규모상가,vacancy_rate_pct,세종특별자치시,-2.554553398520465,-38.25315058412288
경기,계,8.258709484233801,7.577401225718634,소규모상가,vacancy_rate_pct,경기도,-0.6813082585151671,-8.24957288806213
경기,고양시청,0.0,4.880671387359035,소규모상가,vacancy_rate_pct,경기도,4.880671387359035,inf
경기,광명철산,5.634478467581443,3.626337612744189,소규모상가,vacancy_rate_pct,경기도,-2.0081408548372544,-35.640225912501066
경기,광주시가지,10.361081494492389,3.2345668610020963,소규모상가,vacancy_rate_pct,경기도,-7.1265146334902925,-68.78157108674914
경기,구리역,3.5878123662925177,0.0,소규모상가,vacancy_rate_pct,경기도,-3.5878123662925177,-100.0
경기,기흥역,10.351433591908457,7.169245274932498,소규모상가,vacancy_rate_pct,경기도,-3.1821883169759584,-30.74152279219974
경기,김량장동,5.777586409363134,5.777586409363134,소규모상가,vacancy_rate_pct,경기도,0.0,0.0
경기,동두천중앙로,18.171633651538915,17.372830298434593,소규모상가,vacancy_rate_pct,경기도,-0.7988033531043222,-4.3958807910298825
경기,모란,0.0,0.0,소규모상가,vacancy_rate_pct,경기도,0.0,
경기,병점역,0.0,0.0,소규모상가,vacancy_rate_pct,경기도,0.0,
경기,부천역,3.3373452853575722,2.0902868845096734,소규모상가,vacancy_rate_pct,경기도,-1.2470584008478989,-37.36677790935515
경기,성남구시가지,11.395956677494508,11.395956677494508,소규모상가,vacancy_rate_pct,경기도,0.0,0.0
경기,수원역,2.2319176089989017,10.580832813937615,소규모상가,vacancy_rate_pct,경기도,8.348915204938713,374.06914893617034
경기,수원파장동,9.69929473765791,0.0,소규모상가,vacancy_rate_pct,경기도,-9.69929473765791,-100.0
경기,신장/지산/서정,3.9103486801464826,3.9103486801464826,소규모상가,vacancy_rate_pct,경기도,0.0,0.0
경기,신천역,17.748236846110913,15.921221462140595,소규모상가,vacancy_rate_pct,경기도,-1.827015383970318,-10.29406695330789
경기,안성 서인사거리,19.790767903364976,18.15474215172231,소규모상가,vacancy_rate_pct,경기도,-1.6360257516426664,-8.266610773422778
경기,안양역,7.296298941163487,7.75333199166434,소규모상가,vacancy_rate_pct,경기도,0.4570330505008533,6.263902482427253
경기,양주덕정역,20.056806315525662,14.789691324506075,소규모상가,vacancy_rate_pct,경기도,-5.267114991019588,-26.260985463784415
경기,여주시청,15.932523838602094,23.541500305322,소규모상가,vacancy_rate_pct,경기도,7.608976466719906,47.75750875253366
경기,오산시청,0.0,0.0,소규모상가,vacancy_rate_pct,경기도,0.0,
경기,용인수지,3.6963602889109186,0.0,소규모상가,vacancy_rate_pct,경기도,-3.6963602889109186,-100.0
경기,의정부역,16.45615864402136,11.942616819576536,소규모상가,vacancy_rate_pct,경기도,-4.513541824444825,-27.427675693225208
경기,이천종합터미널,0.0,1.3702695190786573,소규모상가,vacancy_rate_pct,경기도,1.3702695190786573,inf
경기,인계동,0.0,0.0,소규모상가,vacancy_rate_pct,경기도,0.0,
경기,인덕원,9.710469471473019,9.710469471473019,소규모상가,vacancy_rate_pct,경기도,0.0,0.0
경기,탄현역,0.0,0.0,소규모상가,vacancy_rate_pct,경기도,0.0,
경기,파주시청,7.457588276464357,4.896161731277832,소규모상가,vacancy_rate_pct,경기도,-2.5614265451865244,-34.34658029151614
경기,팔달문로터리,19.83638481977464,17.11253852193131,소규모상가,vacancy_rate_pct,경기도,-2.7238462978433304,-13.731566122512218
경기,평택역,9.040811961432569,15.869782625946671,소규모상가,vacancy_rate_pct,경기도,6.828970664514102,75.5349264385321
경기,포천소흘읍,11.882095553453171,11.882095553453171,소규모상가,vacancy_rate_pct,경기도,0.0,0.0
경기,포천시외버스터미널,37.09624031817001,14.596304034094166,소규모상가,vacancy_rate_pct,경기도,-22.499936284075844,-60.65287503826961
경기,하남원도심,1.2853807995331195,0.0,소규모상가,vacancy_rate_pct,경기도,-1.2853807995331195,-100.0
경기,화성남양읍,0.0,0.0,소규모상가,vacancy_rate_pct,경기도,0.0,
경기,화성봉담읍,1.3933854232208025,1.3933854232208025,소규모상가,vacancy_rate_pct,경기도,0.0,0.0
강원,계,8.253068722460375,7.764637748683089,소규모상가,vacancy_rate_pct,강원특별자치도,-0.4884309737772856,-5.918174078061911
강원,강릉교동,0.0,0.0,소규모상가,vacancy_rate_pct,강원특별자치도,0.0,
강원,강릉중부,9.7685703173429,9.768352429396133,소규모상가,vacancy_rate_pct,강원특별자치도,-0.000217887946767803,-0.002230499855038204
강원,묵호항,9.957616624139346,5.916780235147084,소규모상가,vacancy_rate_pct,강원특별자치도,-4.040836388992262,-40.580357142857146
강원,삼척중앙시장,2.4284295879530036,2.4284295879530036,소규모상가,vacancy_rate_pct,강원특별자치도,0.0,0.0
강원,속초중앙시장,13.054021504443023,13.054021504443023,소규모상가,vacancy_rate_pct,강원특별자치도,0.0,0.0
강원,영월경찰서,0.0,0.0,소규모상가,vacancy_rate_pct,강원특별자치도,0.0,
강원,원주중앙/일산,9.2399592216999,7.645259780877763,소규모상가,vacancy_rate_pct,강원특별자치도,-1.5946994408221373,-17.258728123788803
강원,주문진항,9.896097835485952,9.896097835485952,소규모상가,vacancy_rate_pct,강원특별자치도,0.0,0.0
강원,춘천명동,8.898236022227115,11.012407205817205,소규모상가,vacancy_rate_pct,강원특별자치도,2.1141711835900896,23.759441515251467
강원,태백중앙시장,4.719234849203543,4.719234849203543,소규모상가,vacancy_rate_pct,강원특별자치도,0.0,0.0
충북,계,9.117726201212292,10.777622722706187,소규모상가,vacancy_rate_pct,충청북도,1.659896521493895,18.20515866415462
충북,봉명사거리,5.3097345132743365,20.286082882556634,소규모상가,vacancy_rate_pct,충청북도,14.976348369282299,282.05456095481657
충북,제천역,5.299418888143139,4.492287217260113,소규모상가,vacancy_rate_pct,충청북도,-0.8071316708830256,-15.230569387313263
충북,제천중앙,10.774754852688245,10.774754852688245,소규모상가,vacancy_rate_pct,충청북도,0.0,0.0
충북,증평광장로,23.803956167364674,19.830659860670057,소규모상가,vacancy_rate_pct,충청북도,-3.9732963066946176,-16.691747702602576
충북,청주성안길,10.455707636719943,11.881468552881373,소규모상가,vacancy_rate_pct,충청북도,1.4257609161614297,13.636197239814042
충북,충북대학교,19.178214786971466,12.617161662929325,소규모상가,vacancy_rate_pct,충청북도,-6.561053124042141,-34.21096904441454
충북,충주연수칠금,7.272324259412019,15.650409925758824,소규모상가,vacancy_rate_pct,충청북도,8.378085666346806,115.20506192368529
충북,충주자유시장,16.766625619323467,16.766625619323467,소규모상가,vacancy_rate_pct,충청북도,0.0,0.0
충남,계,7.5652515283437,7.300367067998138,소규모상가,vacancy_rate_pct,충청남도,-0.264884460345562,-3.50133051562338
충남,공주대,11.142735531469405,11.142735531469405,소규모상가,vacancy_rate_pct,충청남도,0.0,0.0
충남,공주웅진동,4.956305541195875,6.167442089456713,소규모상가,vacancy_rate_pct,충청남도,1.2111365482608374,24.436276944472034
충남,논산시외버스터미널,10.068315819245912,6.1073037008028175,소규모상가,vacancy_rate_pct,충청남도,-3.9610121184430946,-39.34135747779675
충남,당진시청,3.693901877503949,3.693901877503949,소규모상가,vacancy_rate_pct,충청남도,0.0,0.0
충남,두정,0.0,0.0,소규모상가,vacancy_rate_pct,충청남도,0.0,
충남,배방읍,9.859846818253661,9.859846818253661,소규모상가,vacancy_rate_pct,충청남도,0.0,0.0
충남,보령문화의전당,9.93134860386824,9.93134860386824,소규모상가,vacancy_rate_pct,충청남도,0.0,0.0
충남,서산터미널,11.581188151974487,9.094799834761801,소규모상가,vacancy_rate_pct,충청남도,-2.486388317212686,-21.46919888171215
충남,아산온양,4.621441072564285,4.621441072564285,소규모상가,vacancy_rate_pct,충청남도,0.0,0.0
충남,예산시장,20.642325520533873,20.642325520533873,소규모상가,vacancy_rate_pct,충청남도,0.0,0.0
충남,천안역,10.19031847745218,9.5041906331416,소규모상가,vacancy_rate_pct,충청남도,-0.6861278443105796,-6.733134453341716
충남,천안종합버스터미널,7.129812438302073,7.129812438302073,소규모상가,vacancy_rate_pct,충청남도,0.0,0.0
충남,태안터미널,10.262978654135308,7.7668447273615175,소규모상가,vacancy_rate_pct,충청남도,-2.4961339267737905,-24.321729693630534
충남,합덕버스터미널,2.784312788850806,2.784312788850806,소규모상가,vacancy_rate_pct,충청남도,0.0,0.0
전북,계,9.396205759081823,9.227470311180177,소규모상가,vacancy_rate_pct,전북특별자치도,-0.1687354479016463,-1.7957828109346874
전북,군산수송동조촌동,1.5404860213698115,1.5404860213698115,소규모상가,vacancy_rate_pct,전북특별자치도,0.0,0.0
전북,군산원도심,12.931838868585594,14.348622552360391,소규모상가,vacancy_rate_pct,전북특별자치도,1.4167836837747974,10.955778974454212
전북,김제시장,10.93357047088506,10.93357047088506,소규모상가,vacancy_rate_pct,전북특별자치도,0.0,0.0
전북,남원광한루,8.136652370635659,4.919603248294056,소규모상가,vacancy_rate_pct,전북특별자치도,-3.217049122341603,-39.53774815244169
전북,송천동,16.31362630414164,16.31362630414164,소규모상가,vacancy_rate_pct,전북특별자치도,0.0,0.0
전북,영등부송,0.0,0.0,소규모상가,vacancy_rate_pct,전북특별자치도,0.0,
전북,익산역,14.704919174511632,18.071746420310326,소규모상가,vacancy_rate_pct,전북특별자치도,3.366827245798694,22.89592486597609
전북,전주동부,7.657604459456269,6.099181629108793,소규모상가,vacancy_rate_pct,전북특별자치도,-1.5584228303474754,-20.351310107471022
전북,전주서부,2.977270556775857,7.01938687804412,소규모상가,vacancy_rate_pct,전북특별자치도,4.042116321268264,135.7658380112269
전북,전주한옥마을,0.0,0.0,소규모상가,vacancy_rate_pct,전북특별자치도,0.0,
전북,정읍중심,15.145420328778483,13.306139606207587,소규모상가,vacancy_rate_pct,전북특별자치도,-1.839280722570896,-12.144137849221636
전남,계,10.635990382596363,10.450489645050007,소규모상가,vacancy_rate_pct,전라남도,-0.18550073754635577,-1.7440852320616096
전남,광양읍,11.59215511949366,11.59215511949366,소규모상가,vacancy_rate_pct,전라남도,0.0,0.0
전남,광양중동,12.853668314846983,5.198984364559668,소규모상가,vacancy_rate_pct,전라남도,-7.654683950287315,-59.552524328370616
전남,나주구시가지,0.6259055724523228,0.6259055724523228,소규모상가,vacancy_rate_pct,전라남도,0.0,0.0
전남,목포구도심,15.664116885882299,14.039737268840808,소규모상가,vacancy_rate_pct,전라남도,-1.624379617041491,-10.370068283297263
전남,무선지구,0.0,3.7267914041350236,소규모상가,vacancy_rate_pct,전라남도,3.7267914041350236,inf
전남,순천법원,7.428067950322411,15.361217583576991,소규모상가,vacancy_rate_pct,전라남도,7.93314963325458,106.79963735267455
전남,순천원도심,10.459729461764587,10.459729461764587,소규모상가,vacancy_rate_pct,전라남도,0.0,0.0
전남,여수여문,3.523654952180124,12.899831223970242,소규모상가,vacancy_rate_pct,전라남도,9.376176271790118,266.09235010337704
전남,여수원도심,21.565250669728282,24.21453526412602,소규모상가,vacancy_rate_pct,전라남도,2.649284594397738,12.284970089017367
전남,여수학동,0.0,0.0,소규모상가,vacancy_rate_pct,전라남도,0.0,
전남,조례,7.149093303181668,7.149093303181668,소규모상가,vacancy_rate_pct,전라남도,0.0,0.0
전남,하당신도심,35.35775645402096,22.464758729276653,소규모상가,vacancy_rate_pct,전라남도,-12.892997724744305,-36.464411257287466
경북,계,9.74316299976289,10.03328841434383,소규모상가,vacancy_rate_pct,경상북도,0.29012541458094,2.9777333560774943
경북,가흥택지개발지구,6.265509574696981,6.265509574696981,소규모상가,vacancy_rate_pct,경상북도,0.0,0.0
경북,경산시청,5.569005692328662,5.569005692328662,소규모상가,vacancy_rate_pct,경상북도,0.0,0.0
경북,경주도심,21.49095410614303,22.172377372204743,소규모상가,vacancy_rate_pct,경상북도,0.6814232660617137,3.1707445965227565
경북,구미산업단지,19.101416230134937,18.804607416289105,소규모상가,vacancy_rate_pct,경상북도,-0.296808813845832,-1.5538576316533992
경북,구미선주원남동,0.0,0.0,소규모상가,vacancy_rate_pct,경상북도,0.0,
경북,구미역,8.550503103170888,6.7533845211369865,소규모상가,vacancy_rate_pct,경상북도,-1.7971185820339013,-21.017694050861802
경북,문경점촌흥덕,18.451927043616312,18.451927043616312,소규모상가,vacancy_rate_pct,경상북도,0.0,0.0
경북,상주동문동,28.393044974978494,29.713846300959435,소규모상가,vacancy_rate_pct,경상북도,1.3208013259809412,4.651848109792045
경북,안동구도심,6.901826333487174,7.59286205827813,소규모상가,vacancy_rate_pct,경상북도,0.6910357247909564,10.012360372472706
경북,양덕동,11.297835565033452,9.098782451432957,소규모상가,vacancy_rate_pct,경상북도,-2.1990531136004954,-19.46437528624081
경북,영일대해수욕장,0.0,0.0,소규모상가,vacancy_rate_pct,경상북도,0.0,
경북,영주중앙,19.774975394571932,19.774975394571932,소규모상가,vacancy_rate_pct,경상북도,0.0,0.0
경북,옥동사거리,0.0,0.0,소규모상가,vacancy_rate_pct,경상북도,0.0,
경북,포항원도심,3.519107897564777,3.519107897564777,소규모상가,vacancy_rate_pct,경상북도,0.0,0.0
경북,포항중앙,17.611560331221764,20.824054655914225,소규모상가,vacancy_rate_pct,경상북도,3.212494324692461,18.24082741264754
경북,포항효자동,0.0,0.0,소규모상가,vacancy_rate_pct,경상북도,0.0,
경북,황리단길,0.0,0.0,소규모상가,vacancy_rate_pct,경상북도,0.0,
경남,계,8.583306128543711,9.876243741610628,소규모상가,vacancy_rate_pct,경상남도,1.2929376130669166,15.06339857513952
경남,거제고현,15.50476956198493,13.446314275266328,소규모상가,vacancy_rate_pct,경상남도,-2.0584552867186012,-13.276271398225648
경남,거제옥포,19.353536187119058,16.14626929016894,소규모상가,vacancy_rate_pct,경상남도,-3.2072668969501166,-16.571994213051077
경남,김해시청/동상시장,10.622431964077473,13.732956960535352,소규모상가,vacancy_rate_pct,경상남도,3.1105249964578796,29.28260691126978
경남,마산동서동,1.115435295559709,9.395397297214474,소규모상가,vacancy_rate_pct,경상남도,8.279962001654765,742.3076923076925
경남,마산역버스터미널,7.717489556103879,7.717489556103879,소규모상가,vacancy_rate_pct,경상남도,0.0,0.0
경남,밀양원도심/삼문동,19.180201356537005,20.242208408263828,소규모상가,vacancy_rate_pct,경상남도,1.0620070517268232,5.53699636403906
경남,양산구도심,11.10196647406364,11.10196647406364,소규모상가,vacancy_rate_pct,경상남도,0.0,0.0
경남,용원동,3.1165551765383426,3.1165551765383426,소규모상가,vacancy_rate_pct,경상남도,0.0,0.0
경남,진주중앙시장,19.093055048625672,25.331568137495218,소규모상가,vacancy_rate_pct,경상남도,6.238513088869546,32.67425287876389
경남,진주하대동,0.0,0.0,소규모상가,vacancy_rate_pct,경상남도,0.0,
경남,진해석동,0.0,0.0,소규모상가,vacancy_rate_pct,경상남도,0.0,
경남,창원시청,0.0,0.0,소규모상가,vacancy_rate_pct,경상남도,0.0,
경남,창원역,0.0,0.0,소규모상가,vacancy_rate_pct,경상남도,0.0,
경남,창원월영동,12.36548502601025,12.36548502601025,소규모상가,vacancy_rate_pct,경상남도,0.0,0.0
경남,창원의창구청,5.917510130821753,5.917510130821753,소규모상가,vacancy_rate_pct,경상남도,0.0,0.0
경남,통영 강구안,5.354901440820294,11.774065234685757,소규모상가,vacancy_rate_pct,경상남도,6.419163793865463,119.87454605480359
경남,통영시청,0.0,0.0,소규모상가,vacancy_rate_pct,경상남도,0.0,
경남,평거동,0.0,0.0,소규모상가,vacancy_rate_pct,경상남도,0.0,
경남,활천동,1.7668748169192214,1.7668748169192214,소규모상가,vacancy_rate_pct,경상남도,0.0,0.0
제주,계,2.2594286072053067,2.549220163001361,소규모상가,vacancy_rate_pct,제주특별자치도,0.2897915557960542,12.82587796188428
제주,광양사거리,2.446249063234876,3.9114789260149365,소규모상가,vacancy_rate_pct,제주특별자치도,1.4652298627800606,59.89700250891325
제주,노형오거리,0.0,0.0,소규모상가,vacancy_rate_pct,제주특별자치도,0.0,
제주,서귀포도심,1.8663488550268152,1.8663488550268152,소규모상가,vacancy_rate_pct,제주특별자치도,0.0,0.0
제주,중앙사거리,5.850953317031852,5.850953317031852,소규모상가,vacancy_rate_pct,제주특별자치도,0.0,0.0
전국,합계,20.626182220470085,20.646093305328442,소규모상가,rent_1000won_m2,전국,0.019911084858357242,0.09653305999883788
서울,계,52.53972318186169,52.777792630566374,소규모상가,rent_1000won_m2,서울특별시,0.23806944870468527,0.45312276937703455
서울,소계(도심지역),73.570090876387,74.1110910332414,소규모상가,rent_1000won_m2,서울특별시,0.5410001568543947,0.7353533894139064
서울,광화문,92.24072694112405,92.43569851202327,소규모상가,rent_1000won_m2,서울특별시,0.19497157089921302,0.21137254373944092
서울,남대문,77.01893408367057,77.42254753026747,소규모상가,rent_1000won_m2,서울특별시,0.4036134465968928,0.5240444462116578
서울,동대문,53.09792284437661,52.82913827087703,소규모상가,rent_1000won_m2,서울특별시,-0.2687845734995804,-0.5062054391230197
서울,명동,147.5780514590524,152.19053969250078,소규모상가,rent_1000won_m2,서울특별시,4.612488233448374,3.1254567924202226
서울,방산시장,71.27991757806306,71.19670312252336,소규모상가,rent_1000won_m2,서울특별시,-0.08321445553970364,-0.11674319831889157
서울,북촌,99.48263025195864,100.90402220078853,소규모상가,rent_1000won_m2,서울특별시,1.4213919488298927,1.4287840452448242
서울,서촌,44.64339350614244,45.12397500976181,소규모상가,rent_1000won_m2,서울특별시,0.48058150361936924,1.0764896345822006
서울,시청,96.94109604330598,97.10253681248156,소규모상가,rent_1000won_m2,서울특별시,0.16144076917558436,0.16653491219396077
서울,을지로,68.70383784352694,68.75955746240474,소규모상가,rent_1000won_m2,서울특별시,0.05571961887780219,0.08110117371420422
서울,종로,70.98872070634573,71.75158855549027,소규모상가,rent_1000won_m2,서울특별시,0.7628678491445413,1.0746324790106287
서울,충무로,51.7281592755634,51.73672370577185,소규모상가,rent_1000won_m2,서울특별시,0.008564430208451768,0.01655661119281948
서울,소계(강남지역),64.23663743212575,64.56215347491587,소규모상가,rent_1000won_m2,서울특별시,0.32551604279012736,0.5067451470106565
서울,강남대로,84.67030877217246,85.53473254728398,소규모상가,rent_1000won_m2,서울특별시,0.8644237751115185,1.0209290454313624
서울,교대역,46.05872639781915,46.44279426891756,소규모상가,rent_1000won_m2,서울특별시,0.38406787109840934,0.833865591030758
서울,남부터미널,43.892561610007526,44.291288872585376,소규모상가,rent_1000won_m2,서울특별시,0.3987272625778502,0.9084164786749227
서울,논현역,70.11174418091072,70.40435493131928,소규모상가,rent_1000won_m2,서울특별시,0.29261075040855644,0.4173491243542937
서울,도산대로,55.78028501084961,55.85852737439493,소규모상가,rent_1000won_m2,서울특별시,0.07824236354532133,0.14026884862654576
서울,신사역,74.13780991644825,74.63569587685444,소규모상가,rent_1000won_m2,서울특별시,0.4978859604061938,0.6715682065160822
서울,압구정,61.340725164085896,61.93334607786911,소규모상가,rent_1000won_m2,서울특별시,0.5926209137832146,0.9661133157424562
서울,청담,68.66240116608,68.87142602331602,소규모상가,rent_1000won_m2,서울특별시,0.20902485723601671,0.3044240423961231
서울,테헤란로,72.9306347077886,72.96872936539381,소규모상가,rent_1000won_m2,서울특별시,0.03809465760521391,0.05223409580603633
서울,소계(영등포신촌지역),48.14825130924146,48.47447212327236,소규모상가,rent_1000won_m2,서울특별시,0.3262208140309042,0.6775340851647771
서울,공덕역,59.79534645325986,59.83927923610211,소규모상가,rent_1000won_m2,서울특별시,0.043932782842247775,0.07347190951823013
서울,당산역,41.01287449614311,41.8177748585682,소규모상가,rent_1000won_m2,서울특별시,0.8049003624250872,1.9625553495421943
서울,동교/연남,56.488655164817665,56.57536429552348,소규모상가,rent_1000won_m2,서울특별시,0.08670913070581321,0.15349830944428877
서울,망원역,41.26023158467638,41.3060959911451,소규모상가,rent_1000won_m2,서울특별시,0.04586440646871637,0.11115886825450172
서울,신촌/이대,40.730506023246384,40.79505970333528,소규모상가,rent_1000won_m2,서울특별시,0.06455368008889906,0.15848975716641345
서울,영등포역,38.27962258509277,38.52215153075631,소규모상가,rent_1000won_m2,서울특별시,0.242528945663544,0.6335719353669722
서울,홍대/합정,62.89672788266008,63.60609244171104,소규모상가,rent_1000won_m2,서울특별시,0.709364559050961,1.127824265157873
서울,소계(기타지역),44.95195714120709,45.101287536182795,소규모상가,rent_1000won_m2,서울특별시,0.14933039497570633,0.3321999852122559
서울,가락시장,31.629178564672603,31.64719447271941,소규모상가,rent_1000won_m2,서울특별시,0.018015908046805862,0.05695977216091386
서울,건대입구,51.411525375336076,51.451180534075675,소규모상가,rent_1000won_m2,서울특별시,0.03965515873959902,0.07713281885743939
서울,경희대,50.376899604217655,50.36179340765583,소규모상가,rent_1000won_m2,서울특별시,-0.015106196561823992,-0.02998635620791168
서울,군자,36.50067269247532,36.585943569628405,소규모상가,rent_1000won_m2,서울특별시,0.08527087715308568,0.23361453601555837
서울,까치산역,31.83111842878984,31.842878983888042,소규모상가,rent_1000won_m2,서울특별시,0.01176055509820273,0.036946722825681455
서울,노량진,30.33249678567897,30.471948867569978,소규모상가,rent_1000won_m2,서울특별시,0.1394520818910081,0.4597448171719476
서울,독산/시흥,31.356300503097398,31.761798481132,소규모상가,rent_1000won_m2,서울특별시,0.4054979780346031,1.2931945782141963
서울,뚝섬,63.77557660328249,64.98445520931242,소규모상가,rent_1000won_m2,서울특별시,1.208878606029927,1.895519680754565
서울,목동,40.43955240254517,41.85001302724142,소규모상가,rent_1000won_m2,서울특별시,1.410460624696249,3.487824520549032
서울,미아사거리,40.25934698203606,40.49129656743126,소규모상가,rent_1000won_m2,서울특별시,0.23194958539520627,0.5761384691577387
서울,불광역,39.29709865388911,37.99430454493505,소규모상가,rent_1000won_m2,서울특별시,-1.3027941089540604,-3.3152424824755555
서울,사당,47.868138420045945,48.06861379878835,소규모상가,rent_1000won_m2,서울특별시,0.20047537874240362,0.4188075520782153
서울,상계역,24.831853145553865,24.406551450652014,소규모상가,rent_1000won_m2,서울특별시,-0.4253016949018509,-1.712726361616712
서울,상봉역,45.608566007047976,45.857052498418724,소규모상가,rent_1000won_m2,서울특별시,0.2484864913707483,0.5448241703813972
서울,서울대입구역,68.66327545489995,68.81005270836893,소규모상가,rent_1000won_m2,서울특별시,0.14677725346898285,0.21376383881568373
서울,성신여대,58.270991806542206,58.443871670752934,소규모상가,rent_1000won_m2,서울특별시,0.17287986421072787,0.29668254967185614
서울,수유,39.64782024918041,39.61861741592795,소규모상가,rent_1000won_m2,서울특별시,-0.029202833252462312,-0.07365558325508337
서울,숙명여대,44.86680319052823,44.99586986637297,소규모상가,rent_1000won_m2,서울특별시,0.12906667584474008,0.28766630708378926
서울,신림역,67.78689083548763,67.89847929724067,소규모상가,rent_1000won_m2,서울특별시,0.11158846175304404,0.16461658054778283
서울,약수역,74.88078771112406,75.06279120559114,소규모상가,rent_1000won_m2,서울특별시,0.1820034944670823,0.2430576654311123
서울,연신내,44.651706486631454,44.83827147537925,소규모상가,rent_1000won_m2,서울특별시,0.18656498874779714,0.4178227517545263
서울,오류동역,55.61372511818368,55.6979161725877,소규모상가,rent_1000won_m2,서울특별시,0.08419105440402319,0.15138538953309855
서울,왕십리,43.857103642994396,43.91200345084506,소규모상가,rent_1000won_m2,서울특별시,0.05489980785066706,0.1251788268955556
서울,용산역,39.97262084592145,40.31564702920443,소규모상가,rent_1000won_m2,서울특별시,0.34302618328297996,0.8581528456820697
서울,이태원,69.02083333333334,69.1746794871795,소규모상가,rent_1000won_m2,서울특별시,0.1538461538461604,0.22289814019365028
서울,잠실/송파,35.840981601454324,35.985559032734294,소규모상가,rent_1000won_m2,서울특별시,0.14457743127996991,0.40338580256435996
서울,잠실새내역,34.24225510367874,34.34075354959215,소규모상가,rent_1000won_m2,서울특별시,0.09849844591341395,0.2876517496151365
서울,장안동,34.47954151672665,34.470656181971655,소규모상가,rent_1000won_m2,서울특별시,-0.008885334754992869,-0.025769875016123933
서울,천호,57.21124166228787,57.57992431094536,소규모상가,rent_1000won_m2,서울특별시,0.3686826486574901,0.6444234348797817
서울,청량리,40.603759892099816,40.62452767711171,소규모상가,rent_1000won_m2,서울특별시,0.02076778501189125,0.05114744316063735
서울,혜화동,60.26073163477742,60.03271537622681,소규모상가,rent_1000won_m2,서울특별시,-0.22801625855061047,-0.37838282471004403
서울,화곡,30.122792731013202,30.14515115149437,소규모상가,rent_1000won_m2,서울특별시,0.02235842048116865,0.07422426161087792
부산,계,26.316689441059108,26.333355001644616,소규모상가,rent_1000won_m2,부산광역시,0.016665560585508388,0.06332696452124864
부산,개금역,19.719691226464125,19.725555825740347,소규모상가,rent_1000won_m2,부산광역시,0.005864599276222293,0.0297398129051496
부산,경성대/부경대,32.91915990032715,32.87784143881477,소규모상가,rent_1000won_m2,부산광역시,-0.0413184615123825,-0.12551493305870132
부산,광안리,32.05849743860641,32.192991077095705,소규모상가,rent_1000won_m2,부산광역시,0.13449363848929607,0.41952570842367365
부산,구서동/금정구청,31.977468468258966,31.86234951200417,소규모상가,rent_1000won_m2,부산광역시,-0.11511895625479696,-0.36000021818195505
부산,남포동,43.01139670727145,43.05496369129285,소규모상가,rent_1000won_m2,부산광역시,0.04356698402139614,0.1012917211638209
부산,남항동,12.731438343017675,12.718246697726359,소규모상가,rent_1000won_m2,부산광역시,-0.013191645291316334,-0.10361472864179877
부산,덕천역,30.416076743718783,30.366663395806757,소규모상가,rent_1000won_m2,부산광역시,-0.049413347912025785,-0.1624579932789305
부산,동래역,25.488126184852366,25.45436751426222,소규모상가,rent_1000won_m2,부산광역시,-0.03375867059014581,-0.13244861683950893
부산,부산대학앞,33.55677703944932,33.522328683746515,소규모상가,rent_1000won_m2,부산광역시,-0.03444835570280702,-0.10265692578971253
부산,부산역,24.969337999940176,24.985246886889183,소규모상가,rent_1000won_m2,부산광역시,0.015908886949006273,0.06371369136435323
부산,부전시장,37.0685972575411,37.35331020739539,소규모상가,rent_1000won_m2,부산광역시,0.2847129498542884,0.7680704718233455
부산,사상역,23.650516960473176,23.64605774205255,소규모상가,rent_1000won_m2,부산광역시,-0.004459218420624467,-0.01885463403644705
부산,사직야구장,26.26506280242535,26.2753952258251,소규모상가,rent_1000won_m2,부산광역시,0.010332423399749047,0.03933903938273531
부산,서면/전포,29.093542670787237,29.205630547682723,소규모상가,rent_1000won_m2,부산광역시,0.11208787689548672,0.3852671988552103
부산,송정해수욕장,20.80072751460949,20.805429021181148,소규모상가,rent_1000won_m2,부산광역시,0.004701506571656466,0.022602606415356163
부산,수영역,26.670284783912713,26.69218391461244,소규모상가,rent_1000won_m2,부산광역시,0.021899130699726044,0.08211059940737009
부산,연산로터리,21.82769889883916,21.809690661356814,소규모상가,rent_1000won_m2,부산광역시,-0.018008237482344924,-0.08250176789502683
부산,온천장,19.69670994483558,19.669280119472138,소규모상가,rent_1000won_m2,부산광역시,-0.027429825363441296,-0.13926094987570803
부산,하단역,25.902332885244967,25.880533992144315,소규모상가,rent_1000won_m2,부산광역시,-0.02179889310065164,-0.08415803007870704
부산,해운대,41.817774761796166,41.87951586078773,소규모상가,rent_1000won_m2,부산광역시,0.061741098991561216,0.1476431956106028
부산,현대백화점주변,19.465629215727034,19.49352179034158,소규모상가,rent_1000won_m2,부산광역시,0.027892574614543975,0.1432914102361016
대구,계,20.59068911576115,20.55440875295608,소규모상가,rent_1000won_m2,대구광역시,-0.03628036280507274,-0.1761979047962159
대구,경북대북문,17.50180822720489,17.492652646420623,소규모상가,rent_1000won_m2,대구광역시,-0.009155580784266704,-0.05231219920485142
대구,동대구,11.320327819397654,11.330383629141735,소규모상가,rent_1000won_m2,대구광역시,0.010055809744081046,0.08882966910950252
대구,동성로중심,26.86001534182658,26.821162664116336,소규모상가,rent_1000won_m2,대구광역시,-0.038852677710242034,-0.144648754722565
대구,두류감삼역,19.821259458632188,19.789932583047936,소규모상가,rent_1000won_m2,대구광역시,-0.03132687558425218,-0.1580468468698082
대구,들안길,18.503895897249752,18.49743174099618,소규모상가,rent_1000won_m2,대구광역시,-0.006464156253571218,-0.03493402843091076
대구,삼덕/대봉,27.160344939915532,27.157676521102694,소규모상가,rent_1000won_m2,대구광역시,-0.0026684188128385244,-0.00982468675836401
대구,상인/월배,28.609916026294623,28.575928643074448,소규모상가,rent_1000won_m2,대구광역시,-0.03398738322017536,-0.11879581606929479
대구,서문시장/청라언덕,17.316812976957987,17.310151294216926,소규모상가,rent_1000won_m2,대구광역시,-0.00666168274106127,-0.038469450180733666
대구,수성범어,24.64819114146111,24.596005328649206,소규모상가,rent_1000won_m2,대구광역시,-0.05218581281190282,-0.2117226879343681
대구,시지지구,21.69127029967628,21.663062312786277,소규모상가,rent_1000won_m2,대구광역시,-0.0282079868900027,-0.1300430380530737
대구,월촌/안지랑,16.546307473800898,16.507181789697853,소규모상가,rent_1000won_m2,대구광역시,-0.03912568410304473,-0.2364617251613077
대구,죽전역,18.28356302280543,18.25290369393814,소규모상가,rent_1000won_m2,대구광역시,-0.030659328867290725,-0.16768793275713234
대구,칠곡,22.24557884789694,22.19158004358475,소규모상가,rent_1000won_m2,대구광역시,-0.053998804312190174,-0.2427394885132217
인천,계,21.4263516631264,21.361178531326747,소규모상가,rent_1000won_m2,인천광역시,-0.06517313179965356,-0.3041727907033942
인천,간석오거리,19.043896030533777,19.04222365922275,소규모상가,rent_1000won_m2,인천광역시,-0.0016723713110273764,-0.00878166583322404
인천,검단사거리완정역,23.770113471298604,23.72938714638398,소규모상가,rent_1000won_m2,인천광역시,-0.04072632491462258,-0.17133416280825653
인천,계양계산,24.311406932127102,24.270844216637677,소규모상가,rent_1000won_m2,인천광역시,-0.04056271548942547,-0.1668464338681397
인천,구월,20.19342825706232,20.143622596795513,소규모상가,rent_1000won_m2,인천광역시,-0.049805660266805774,-0.24664291586737885
인천,부평,35.74282520822729,35.43121278880163,소규모상가,rent_1000won_m2,인천광역시,-0.3116124194256571,-0.8718180994655378
인천,석남/가정중앙시장,17.00298716156095,16.97574860629392,소규모상가,rent_1000won_m2,인천광역시,-0.02723855526702934,-0.1601986463214411
인천,신포동,17.87553735687496,17.875235284549063,소규모상가,rent_1000won_m2,인천광역시,-0.0003020723258977398,-0.0016898643093510302
인천,인천서구청,17.70233777327698,17.693037658575566,소규모상가,rent_1000won_m2,인천광역시,-0.00930011470141423,-0.05253608207302918
인천,주안,17.61323180956902,17.576982586106496,소규모상가,rent_1000won_m2,인천광역시,-0.036249223462522906,-0.20580676990141766
광주,계,16.688732433076034,16.66465055957578,소규모상가,rent_1000won_m2,광주광역시,-0.024081873500254147,-0.1443001953373324
광주,금남로/충장로,19.135425395958105,19.08802502371298,소규모상가,rent_1000won_m2,광주광역시,-0.047400372245125055,-0.24771005224235587
광주,금호지구,27.60119417603737,27.572940799758904,소규모상가,rent_1000won_m2,광주광역시,-0.028253376278467357,-0.10236287639683317
광주,봉선동,11.222457001657402,11.223386821202674,소규모상가,rent_1000won_m2,광주광역시,0.0009298195452718261,0.008285347363190532
광주,상무지구,19.014463312008345,18.958761676182366,소규모상가,rent_1000won_m2,광주광역시,-0.05570163582597942,-0.29294350785489254
광주,송정동지구,19.330483367690622,19.281481982134206,소규모상가,rent_1000won_m2,광주광역시,-0.049001385556415755,-0.25349281041940896
광주,양산지구,14.518206481698169,14.519766665799894,소규모상가,rent_1000won_m2,광주광역시,0.0015601841017254259,0.010746396971916816
광주,용봉동,13.033466153907678,13.029677294417533,소규모상가,rent_1000won_m2,광주광역시,-0.003788859490144958,-0.02907023692242383
광주,월산동지구,15.778717393503493,15.763077818676507,소규모상가,rent_1000won_m2,광주광역시,-0.01563957482698619,-0.09911816301003684
광주,전남대,21.950065081055495,21.904125512469808,소규모상가,rent_1000won_m2,광주광역시,-0.045939568585687596,-0.20929126367528195
광주,첨단1지구,21.03567983649925,21.017773066307573,소규모상가,rent_1000won_m2,광주광역시,-0.017906770191675747,-0.08512570228704774
대전,계,15.095582148516606,15.081927905400612,소규모상가,rent_1000won_m2,대전광역시,-0.013654243115993836,-0.09045191488249449
대전,노은,17.861370900911567,17.896886468568724,소규모상가,rent_1000won_m2,대전광역시,0.03551556765715702,0.1988400994200612
대전,대전원도심,15.736984935923726,15.735319591200406,소규모상가,rent_1000won_m2,대전광역시,-0.0016653447233192509,-0.010582362060462813
대전,복합터미널,11.342717061731713,11.326193783513315,소규모상가,rent_1000won_m2,대전광역시,-0.01652327821839883,-0.1456730175712906
대전,서대전네거리,20.467977396685782,20.485855050958765,소규모상가,rent_1000won_m2,대전광역시,0.017877654272982824,0.08734450857796894
대전,용문/한민시장,14.617364454150842,14.638311655565941,소규모상가,rent_1000won_m2,대전광역시,0.020947201415099315,0.1433035447724107
대전,유성온천역,10.711704395660735,10.652162766965642,소규모상가,rent_1000won_m2,대전광역시,-0.05954162869509361,-0.5558557863043156
울산,계,14.005082398666584,14.018886083999789,소규모상가,rent_1000won_m2,울산광역시,0.01380368533320464,0.09856197157767088
울산,삼산동,14.122325531633065,14.11824976309596,소규모상가,rent_1000won_m2,울산광역시,-0.004075768537104452,-0.028860463016344706
울산,성남옥교동,12.308440778964151,12.30413166796453,소규모상가,rent_1000won_m2,울산광역시,-0.0043091109996211685,-0.035009397835228384
울산,신정동,13.824394069843315,14.006079401522296,소규모상가,rent_1000won_m2,울산광역시,0.18168533167898104,1.314237215469083
울산,울산농소,16.043782969621525,15.930302134127471,소규모상가,rent_1000won_m2,울산광역시,-0.11348083549405352,-0.7073196870646226
울산,울산대,16.71204521249184,16.71204521249184,소규모상가,rent_1000won_m2,울산광역시,0.0,0.0
울산,전하동,15.512414165526295,15.508732257807175,소규모상가,rent_1000won_m2,울산광역시,-0.0036819077191196925,-0.02373523347063422
세종,계,15.851479747345989,15.831005047108398,소규모상가,rent_1000won_m2,세종특별자치시,-0.02047470023759068,-0.12916586062584612
세종,조치원,13.011454178660296,12.99783126593019,소규모상가,rent_1000won_m2,세종특별자치시,-0.013622912730106407,-0.10469938673303147
경기,계,23.892239904514348,23.91184522038592,소규모상가,rent_1000won_m2,경기도,0.01960531587157277,0.08205725352634641
경기,고양시청,20.426883837479867,20.675476801304615,소규모상가,rent_1000won_m2,경기도,0.24859296382474838,1.2169891687963785
경기,광명철산,37.5102489492402,37.760362107985756,소규모상가,rent_1000won_m2,경기도,0.25011315874555606,0.6667861871138658
경기,광주시가지,23.734405101511562,23.897918055967207,소규모상가,rent_1000won_m2,경기도,0.16351295445564418,0.6889279666218773
경기,구리역,35.01097162364032,35.04380651214063,소규모상가,rent_1000won_m2,경기도,0.032834888500303805,0.09378456802990875
경기,기흥역,29.66643214269934,29.81513393357874,소규모상가,rent_1000won_m2,경기도,0.14870179087940016,0.5012459542290904
경기,김량장동,21.76958461109563,21.67897964873154,소규모상가,rent_1000won_m2,경기도,-0.09060496236408966,-0.41619977589241186
경기,동두천중앙로,14.100836133781405,14.053168506961113,소규모상가,rent_1000won_m2,경기도,-0.04766762682029224,-0.33804822897058884
경기,모란,45.6640897973445,45.6640897973445,소규모상가,rent_1000won_m2,경기도,0.0,0.0
경기,병점역,24.774774774774773,24.748134038424823,소규모상가,rent_1000won_m2,경기도,-0.026640736349950345,-0.10753169944889285
경기,부천역,28.780200882852046,28.50432051610742,소규모상가,rent_1000won_m2,경기도,-0.27588036674462657,-0.9585769323417148
경기,성남구시가지,27.94184400675109,27.882524315915003,소규모상가,rent_1000won_m2,경기도,-0.059319690836087346,-0.2122969794754903
경기,수원역,50.93032295888457,51.00258723968292,소규모상가,rent_1000won_m2,경기도,0.07226428079835046,0.14188851866634433
경기,수원파장동,19.940972222222225,19.875868055555557,소규모상가,rent_1000won_m2,경기도,-0.06510416666666785,-0.3264844158105573
경기,신장/지산/서정,16.63503251877171,16.608423034188935,소규모상가,rent_1000won_m2,경기도,-0.026609484582774456,-0.15996052038219633
경기,신천역,20.439315534795675,20.423669634496648,소규모상가,rent_1000won_m2,경기도,-0.01564590029902746,-0.07654806381550694
경기,안성 서인사거리,12.881795612835688,12.83937997648259,소규모상가,rent_1000won_m2,경기도,-0.04241563635309831,-0.3292680432752326
경기,안양역,32.842931159422044,32.49842842093846,소규모상가,rent_1000won_m2,경기도,-0.3445027384835839,-1.04894029345719
경기,양주덕정역,22.38644121479469,22.316703426907846,소규모상가,rent_1000won_m2,경기도,-0.0697377878868437,-0.31151797294496353
경기,여주시청,17.594683893875136,17.44180885688924,소규모상가,rent_1000won_m2,경기도,-0.15287503698589688,-0.8688706083495701
경기,오산시청,19.206672802340467,19.201017013640733,소규모상가,rent_1000won_m2,경기도,-0.005655788699733932,-0.02944699874850576
경기,용인수지,25.183853654539494,25.283718452966237,소규모상가,rent_1000won_m2,경기도,0.09986479842674356,0.3965429588205227
경기,의정부역,33.93834422327669,34.4283250481891,소규모상가,rent_1000won_m2,경기도,0.4899808249124149,1.4437381555472584
경기,이천종합터미널,17.137817328785246,17.13645252062765,소규모상가,rent_1000won_m2,경기도,-0.001364808157596542,-0.007963722167259046
경기,인계동,25.60173790175548,25.673396590085893,소규모상가,rent_1000won_m2,경기도,0.07165868833041245,0.27989774993164573
경기,인덕원,31.638639251997095,31.672680646332605,소규모상가,rent_1000won_m2,경기도,0.03404139433551023,0.10759436922800347
경기,탄현역,20.162678078209044,20.132468382032272,소규모상가,rent_1000won_m2,경기도,-0.030209696176772383,-0.14982977985162904
경기,파주시청,23.540349972053825,23.488757040285478,소규모상가,rent_1000won_m2,경기도,-0.05159293176834723,-0.21916807451713982
경기,팔달문로터리,30.454549433088253,30.4191679459212,소규모상가,rent_1000won_m2,경기도,-0.03538148716705436,-0.11617800238611364
경기,평택역,20.195093849120717,20.025948499959373,소규모상가,rent_1000won_m2,경기도,-0.16914534916134372,-0.8375566383847621
경기,포천소흘읍,17.54836101262674,17.57956858480631,소규모상가,rent_1000won_m2,경기도,0.031207572179571486,0.17783753227504917
경기,포천시외버스터미널,13.985967383217355,13.68383518872705,소규모상가,rent_1000won_m2,경기도,-0.30213219449030504,-2.1602523887825797
경기,하남원도심,39.13561418284735,39.02066118837875,소규모상가,rent_1000won_m2,경기도,-0.1149529944685952,-0.2937298848346148
경기,화성남양읍,18.188211513777425,18.16122047480237,소규모상가,rent_1000won_m2,경기도,-0.02699103897505495,-0.14839853250336876
경기,화성봉담읍,24.59324627187312,24.67729075079735,소규모상가,rent_1000won_m2,경기도,0.0840444789242305,0.34173804464501245
강원,계,13.340721580308488,13.306198105924743,소규모상가,rent_1000won_m2,강원특별자치도,-0.03452347438374481,-0.25878266161182273
강원,강릉교동,18.393800245452912,18.38552655166232,소규모상가,rent_1000won_m2,강원특별자치도,-0.008273693790592063,-0.04498088312466786
강원,강릉중부,9.830428656135254,9.821285712941165,소규모상가,rent_1000won_m2,강원특별자치도,-0.009142943194088815,-0.09300655662032309
강원,묵호항,11.175752868090031,11.1376239853727,소규모상가,rent_1000won_m2,강원특별자치도,-0.038128882717330725,-0.3411750704169547
강원,삼척중앙시장,9.791686069976093,9.787546697298023,소규모상가,rent_1000won_m2,강원특별자치도,-0.004139372678070075,-0.04227436060029177
강원,속초중앙시장,18.332375195256926,18.310599329884038,소규모상가,rent_1000won_m2,강원특별자치도,-0.021775865372887893,-0.1187836553690147
강원,영월경찰서,10.556775598528604,10.558152449532672,소규모상가,rent_1000won_m2,강원특별자치도,0.0013768510040677029,0.013042344143987528
강원,원주중앙/일산,16.255807391617314,16.204638830652375,소규모상가,rent_1000won_m2,강원특별자치도,-0.05116856096493905,-0.31477095989292936
강원,주문진항,10.6317517159057,10.613846612951358,소규모상가,rent_1000won_m2,강원특별자치도,-0.017905102954342667,-0.16841159794538374
강원,춘천명동,14.03966114755505,14.021343959407305,소규모상가,rent_1000won_m2,강원특별자치도,-0.01831718814774419,-0.13046745185110176
강원,태백중앙시장,10.593797109160233,10.583337364063619,소규모상가,rent_1000won_m2,강원특별자치도,-0.010459745096614625,-0.09873461789796645
충북,계,12.63886611538437,12.603795164077834,소규모상가,rent_1000won_m2,충청북도,-0.03507095130653681,-0.27748494988681927
충북,봉명사거리,14.67219904951531,14.650883388802493,소규모상가,rent_1000won_m2,충청북도,-0.02131566071281732,-0.14527924983079865
충북,제천역,6.260674479178828,6.21303341257942,소규모상가,rent_1000won_m2,충청북도,-0.047641066599408255,-0.7609574137395048
충북,제천중앙,13.198532312790974,13.15973592151293,소규모상가,rent_1000won_m2,충청북도,-0.03879639127804424,-0.29394473838917357
충북,증평광장로,12.61557433023494,12.601318366264262,소규모상가,rent_1000won_m2,충청북도,-0.014255963970677854,-0.1130028930709237
충북,청주성안길,19.43926329021124,19.434630142675772,소규모상가,rent_1000won_m2,충청북도,-0.004633147535468396,-0.023833966680220087
충북,충북대학교,15.741853246763247,15.677830664602542,소규모상가,rent_1000won_m2,충청북도,-0.064022582160705,-0.40670295394774625
충북,충주연수칠금,11.130933734310716,11.00599377649688,소규모상가,rent_1000won_m2,충청북도,-0.1249399578138366,-1.1224571163218178
충북,충주자유시장,8.328999087676815,8.30299361373771,소규모상가,rent_1000won_m2,충청북도,-0.026005473939104462,-0.312228080053234
충남,계,12.903182063181116,12.900620304101334,소규모상가,rent_1000won_m2,충청남도,-0.0025617590797821777,-0.01985370017441035
충남,공주대,12.90117800278263,12.899205993565378,소규모상가,rent_1000won_m2,충청남도,-0.0019720092172530457,-0.015285497315264962
충남,공주웅진동,14.580584665796207,14.575115814323379,소규모상가,rent_1000won_m2,충청남도,-0.005468851472828717,-0.03750776527952082
충남,논산시외버스터미널,13.362159342797378,13.361520936260094,소규모상가,rent_1000won_m2,충청남도,-0.0006384065372841974,-0.004777719834847538
충남,당진시청,15.961232193646476,15.950400956358136,소규모상가,rent_1000won_m2,충청남도,-0.010831237288339679,-0.06785965617773781
충남,두정,14.360102301790281,14.364478545041203,소규모상가,rent_1000won_m2,충청남도,0.004376243250922229,0.030475014445929816
충남,배방읍,16.86766804994943,16.855576141996025,소규모상가,rent_1000won_m2,충청남도,-0.012091907953404757,-0.0716868977833629
충남,보령문화의전당,11.92090962838077,11.923738426678964,소규모상가,rent_1000won_m2,충청남도,0.0028287982981947124,0.023729718506215747
충남,서산터미널,14.780921519797575,14.787922429915893,소규모상가,rent_1000won_m2,충청남도,0.00700091011831816,0.04736450368767464
충남,아산온양,12.936785508657954,12.934049595419234,소규모상가,rent_1000won_m2,충청남도,-0.0027359132387196894,-0.021148323413788805
충남,예산시장,7.952003011013499,7.910183379086002,소규모상가,rent_1000won_m2,충청남도,-0.04181963192749727,-0.5259006047857007
충남,천안역,15.109929740056877,15.165560492628618,소규모상가,rent_1000won_m2,충청남도,0.05563075257174077,0.36817346955797525
충남,천안종합버스터미널,22.265972373179455,22.182973341501487,소규모상가,rent_1000won_m2,충청남도,-0.08299903167796785,-0.3727617652932391
충남,태안터미널,10.417053887091079,10.429825653190418,소규모상가,rent_1000won_m2,충청남도,0.012771766099339388,0.12260439696070158
충남,합덕버스터미널,8.82015374897937,8.818613178043782,소규모상가,rent_1000won_m2,충청남도,-0.001540570935588903,-0.017466486179640306
전북,계,10.86651448055658,10.850346712200555,소규모상가,rent_1000won_m2,전북특별자치도,-0.01616776835602529,-0.14878522809640415
전북,군산수송동조촌동,8.930344867875295,8.926450256070726,소규모상가,rent_1000won_m2,전북특별자치도,-0.003894611804568626,-0.0436109899694781
전북,군산원도심,6.831657930696249,6.825204766952058,소규모상가,rent_1000won_m2,전북특별자치도,-0.006453163744191137,-0.09445970231026779
전북,김제시장,7.824003683709415,7.805438382350481,소규모상가,rent_1000won_m2,전북특별자치도,-0.018565301358933972,-0.2372864598413904
전북,남원광한루,8.827387953797096,8.824496513501291,소규모상가,rent_1000won_m2,전북특별자치도,-0.0028914402958051255,-0.032755332731937425
전북,송천동,12.80665738855037,12.76557247474026,소규모상가,rent_1000won_m2,전북특별자치도,-0.041084913810109924,-0.32080903364246627
전북,영등부송,9.442612200813901,9.4379833747999,소규모상가,rent_1000won_m2,전북특별자치도,-0.004628826014000609,-0.04902060908105188
전북,익산역,8.309948744825347,8.275383477927205,소규모상가,rent_1000won_m2,전북특별자치도,-0.034565266898141545,-0.41595042231356016
전북,전주동부,12.955215420513735,12.876785694084482,소규모상가,rent_1000won_m2,전북특별자치도,-0.07842972642925261,-0.605391140814715
전북,전주서부,13.6320773622786,13.604822753954286,소규모상가,rent_1000won_m2,전북특별자치도,-0.02725460832431459,-0.19992997105291455
전북,전주한옥마을,39.8761862396204,39.747738730723604,소규모상가,rent_1000won_m2,전북특별자치도,-0.128447508896798,-0.32211583155155044
전북,정읍중심,12.234140499154355,12.337468164656398,소규모상가,rent_1000won_m2,전북특별자치도,0.10332766550204298,0.8445845910399985
전남,계,10.868454360915123,10.857145450028229,소규모상가,rent_1000won_m2,전라남도,-0.011308910886894452,-0.10405261421130296
전남,광양읍,7.327167255844149,7.3224044438799645,소규모상가,rent_1000won_m2,전라남도,-0.004762811964184266,-0.06500209150248626
전남,광양중동,9.85562252566563,9.834358834433946,소규모상가,rent_1000won_m2,전라남도,-0.02126369123168459,-0.21575188351938834
전남,나주구시가지,8.453778321788823,8.451514229583669,소규모상가,rent_1000won_m2,전라남도,-0.0022640922051540002,-0.02678201531873814
전남,목포구도심,7.632730691095987,7.619392935876238,소규모상가,rent_1000won_m2,전라남도,-0.013337755219748892,-0.17474421356576952
전남,무선지구,9.172283673234242,9.144630717824635,소규모상가,rent_1000won_m2,전라남도,-0.027652955409607216,-0.30148386590246323
전남,순천법원,12.376959048082039,12.366541657985504,소규모상가,rent_1000won_m2,전라남도,-0.010417390096534973,-0.08416760575893356
전남,순천원도심,11.578711340206185,11.561514621020555,소규모상가,rent_1000won_m2,전라남도,-0.01719671918563037,-0.14852014771208344
전남,여수여문,9.857484455003982,9.841775103238346,소규모상가,rent_1000won_m2,전라남도,-0.01570935176563637,-0.15936471254247575
전남,여수원도심,18.835299961302773,18.815084989517096,소규모상가,rent_1000won_m2,전라남도,-0.020214971785676994,-0.10732492621412515
전남,여수학동,10.129213942504245,10.09734934659542,소규모상가,rent_1000won_m2,전라남도,-0.031864595908825066,-0.31458113225464324
전남,조례,15.039666494916673,15.023353227707089,소규모상가,rent_1000won_m2,전라남도,-0.01631326720958448,-0.10846827763832945
전남,하당신도심,10.427555071850373,10.253453570666407,소규모상가,rent_1000won_m2,전라남도,-0.17410150118396572,-1.6696291698708898
경북,계,13.107068572049572,13.099864855806377,소규모상가,rent_1000won_m2,경상북도,-0.007203716243195046,-0.05496054440851106
경북,가흥택지개발지구,12.259722555643203,12.260151239754453,소규모상가,rent_1000won_m2,경상북도,0.0004286841112506323,0.003496686889170597
경북,경산시청,14.469843268466706,14.414372991339325,소규모상가,rent_1000won_m2,경상북도,-0.055470277127380285,-0.3833509188607698
경북,경주도심,20.96747387503484,20.94216072063227,소규모상가,rent_1000won_m2,경상북도,-0.025313154402571314,-0.12072581825276485
경북,구미산업단지,16.107365510553752,16.01842114746419,소규모상가,rent_1000won_m2,경상북도,-0.08894436308956344,-0.5521968383426001
경북,구미선주원남동,11.874228633137918,11.854944461585928,소규모상가,rent_1000won_m2,경상북도,-0.01928417155198936,-0.16240357287859997
경북,구미역,14.239988184695614,14.20637568084418,소규모상가,rent_1000won_m2,경상북도,-0.03361250385143322,-0.23604305997639852
경북,문경점촌흥덕,9.524988961254001,9.525172940353974,소규모상가,rent_1000won_m2,경상북도,0.00018397909997247552,0.0019315413458231845
경북,상주동문동,10.06269956284602,10.058074501178531,소규모상가,rent_1000won_m2,경상북도,-0.0046250616674896605,-0.04596243422159141
경북,안동구도심,12.523156849144318,12.540600300059728,소규모상가,rent_1000won_m2,경상북도,0.017443450915409997,0.13928956672455417
경북,양덕동,9.771482660964267,9.75589815911265,소규모상가,rent_1000won_m2,경상북도,-0.01558450185161675,-0.15948963317383713
경북,영일대해수욕장,17.825075510508082,17.825075510508082,소규모상가,rent_1000won_m2,경상북도,0.0,0.0
경북,영주중앙,8.462875761493978,8.462653826607742,소규모상가,rent_1000won_m2,경상북도,-0.00022193488623578617,-0.002622452373057804
경북,옥동사거리,11.179701643429805,11.179701643429805,소규모상가,rent_1000won_m2,경상북도,0.0,0.0
경북,포항원도심,10.851874636424007,10.850845040694768,소규모상가,rent_1000won_m2,경상북도,-0.0010295957292392188,-0.00948772229438788
경북,포항중앙,11.92245756239894,11.90310190817783,소규모상가,rent_1000won_m2,경상북도,-0.019355654221110186,-0.16234617837646015
경북,포항효자동,17.41397364670293,17.401611448849593,소규모상가,rent_1000won_m2,경상북도,-0.012362197853338586,-0.07099010314443044
경북,황리단길,38.84895147932094,39.12556714395145,소규모상가,rent_1000won_m2,경상북도,0.276615664630512,0.7120286496734796
경남,계,13.03767911628215,13.008558348894523,소규모상가,rent_1000won_m2,경상남도,-0.02912076738762792,-0.22335852207975293
경남,거제고현,14.36999447286055,14.351815509226743,소규모상가,rent_1000won_m2,경상남도,-0.01817896363380811,-0.12650640658311563
경남,거제옥포,12.01273656526219,11.943597147660109,소규모상가,rent_1000won_m2,경상남도,-0.06913941760208075,-0.5755509348470578
경남,김해시청/동상시장,12.210742202615899,12.19819192305842,소규모상가,rent_1000won_m2,경상남도,-0.01255027955747856,-0.10278064469160242
경남,마산동서동,14.572098737692356,14.511604761164017,소규모상가,rent_1000won_m2,경상남도,-0.06049397652833832,-0.41513564804405156
경남,마산역버스터미널,15.960387832747925,15.859396337629182,소규모상가,rent_1000won_m2,경상남도,-0.10099149511874295,-0.6327634151315875
경남,밀양원도심/삼문동,11.300062256184194,11.297049860174615,소규모상가,rent_1000won_m2,경상남도,-0.0030123960095789215,-0.026658224895448335
경남,양산구도심,9.854432614603445,9.847057587785166,소규모상가,rent_1000won_m2,경상남도,-0.00737502681827884,-0.07483968998225343
경남,용원동,12.054598841361795,12.03362544922738,소규모상가,rent_1000won_m2,경상남도,-0.020973392134415292,-0.1739866453494221
경남,진주중앙시장,14.199910321501836,14.175846380353194,소규모상가,rent_1000won_m2,경상남도,-0.024063941148641632,-0.1694654445261068
경남,진주하대동,13.62423385597202,13.599109725735342,소규모상가,rent_1000won_m2,경상남도,-0.025124130236678255,-0.18440765552233396
경남,진해석동,18.85280544315673,18.813005202460033,소규모상가,rent_1000won_m2,경상남도,-0.039800240696695965,-0.2111104409192488
경남,창원시청,10.725757758724795,10.713681922473135,소규모상가,rent_1000won_m2,경상남도,-0.012075836251659311,-0.11258725512270917
경남,창원역,16.49567734971603,16.477519192163744,소규모상가,rent_1000won_m2,경상남도,-0.01815815755228556,-0.11007827788652724
경남,창원월영동,22.378459228169692,22.359061408126554,소규모상가,rent_1000won_m2,경상남도,-0.019397820043138836,-0.08668076673804537
경남,창원의창구청,9.429892130766842,9.425612737755946,소규모상가,rent_1000won_m2,경상남도,-0.004279393010895305,-0.04538114489065492
경남,통영 강구안,19.432730041586137,19.40051543372577,소규모상가,rent_1000won_m2,경상남도,-0.032214607860368005,-0.16577499811620822
경남,통영시청,17.32143912093106,17.18201689608318,소규모상가,rent_1000won_m2,경상남도,-0.13942222484788047,-0.8049113233288052
경남,평거동,12.440463105444422,12.376346449769182,소규모상가,rent_1000won_m2,경상남도,-0.06411665567524061,-0.5153880135473465
경남,활천동,10.95942566890579,10.94583409568119,소규모상가,rent_1000won_m2,경상남도,-0.01359157322460014,-0.12401720341205236
제주,계,14.799043042391382,14.781560827412132,소규모상가,rent_1000won_m2,제주특별자치도,-0.017482214979249733,-0.11813071243303996
제주,광양사거리,11.96911710593938,11.93878311270865,소규모상가,rent_1000won_m2,제주특별자치도,-0.030333993230730272,-0.25343551209535686
제주,노형오거리,19.953281494992158,19.944881763783556,소규모상가,rent_1000won_m2,제주특별자치도,-0.008399731208601935,-0.04209699146834334
제주,서귀포도심,16.420766812594835,16.405956192509016,소규모상가,rent_1000won_m2,제주특별자치도,-0.014810620085818016,-0.09019444862014003
제주,중앙사거리,11.811967557375318,11.796107872067418,소규모상가,rent_1000won_m2,제주특별자치도,-0.01585968530790005,-0.1342679382656864
전국,합계,10.465750568753043,10.496415239457535,집합상가,vacancy_rate_pct,전국,0.030664670704492636,0.2930002057955239
서울,계,9.287052570634065,9.292848728451004,집합상가,vacancy_rate_pct,서울특별시,0.005796157816938319,0.062411166221520986
서울,소계(도심지역),10.673744098156462,10.36832239000059,집합상가,vacancy_rate_pct,서울특별시,-0.30542170815587255,-2.861429928872139
서울,남대문,2.4009604639583375,2.4009604639583375,집합상가,vacancy_rate_pct,서울특별시,0.0,0.0
서울,동대문,12.825261344043689,12.841863877805137,집합상가,vacancy_rate_pct,서울특별시,0.016602533761448157,0.12945181634960168
서울,방산시장,8.561948191379694,8.561948191379694,집합상가,vacancy_rate_pct,서울특별시,0.0,0.0
서울,종로,9.883328813029062,9.085215289861939,집합상가,vacancy_rate_pct,서울특별시,-0.7981135231671228,-8.075351313972067
서울,소계(강남지역),6.343189732297683,5.620669444434679,집합상가,vacancy_rate_pct,서울특별시,-0.7225202878630039,-11.390488356104822
서울,강남대로,9.230785815477113,8.796708727866067,집합상가,vacancy_rate_pct,서울특별시,-0.4340770876110458,-4.70249333359285
서울,교대역,1.2361337320688335,1.2361337320688335,집합상가,vacancy_rate_pct,서울특별시,0.0,0.0
서울,남부터미널,7.9613807641147245,6.025564626903999,집합상가,vacancy_rate_pct,서울특별시,-1.9358161372107254,-24.315080443536363
서울,논현역,7.895156300793825,8.833065928419375,집합상가,vacancy_rate_pct,서울특별시,0.9379096276255501,11.879557438669664
서울,도산대로,14.215593634284978,13.353111105111553,집합상가,vacancy_rate_pct,서울특별시,-0.862482529173425,-6.067158019298624
서울,신사역,7.895815262054692,7.895815262054692,집합상가,vacancy_rate_pct,서울특별시,0.0,0.0
서울,압구정,2.83412035094822,2.83412035094822,집합상가,vacancy_rate_pct,서울특별시,0.0,0.0
서울,청담,10.084297617234606,10.719139802248765,집합상가,vacancy_rate_pct,서울특별시,0.6348421850141595,6.295353520003011
서울,테헤란로,6.744238568852323,6.744238568852323,집합상가,vacancy_rate_pct,서울특별시,0.0,0.0
서울,한티역,4.81395860513113,4.81395860513113,집합상가,vacancy_rate_pct,서울특별시,0.0,0.0
서울,소계(영등포신촌지역),11.706169899800262,11.658383226727706,집합상가,vacancy_rate_pct,서울특별시,-0.04778667307255624,-0.4082178328316588
서울,당산역,1.5484487856730977,0.2987418384797798,집합상가,vacancy_rate_pct,서울특별시,-1.249706947193318,-80.70702491139097
서울,신촌/이대,12.405769426208716,11.344220966051797,집합상가,vacancy_rate_pct,서울특별시,-1.061548460156919,-8.556893358942064
서울,여의도,5.4210445754020755,5.363331932819048,집합상가,vacancy_rate_pct,서울특별시,-0.05771264258302722,-1.0646037268333464
서울,영등포역,16.102758240178034,16.460686815893077,집합상가,vacancy_rate_pct,서울특별시,0.357928575715043,2.2227780506694383
서울,홍대/합정,12.033440050288304,12.033440050288304,집합상가,vacancy_rate_pct,서울특별시,0.0,0.0
서울,소계(기타지역),11.475826239487464,12.137305472442128,집합상가,vacancy_rate_pct,서울특별시,0.6614792329546635,5.764109870177037
서울,가락시장,19.71901329497361,15.907666135145188,집합상가,vacancy_rate_pct,서울특별시,-3.811347159828422,-19.32828535999789
서울,건대입구,8.725932658767071,8.725932658767071,집합상가,vacancy_rate_pct,서울특별시,0.0,0.0
서울,노원역,2.253964959288996,3.942964496985593,집합상가,vacancy_rate_pct,서울특별시,1.688999537696597,74.93459606529929
서울,명일역,7.1338453111182325,7.42069975309006,집합상가,vacancy_rate_pct,서울특별시,0.2868544419718271,4.021035352767721
서울,목동,0.0,0.0,집합상가,vacancy_rate_pct,서울특별시,0.0,
서울,불광역,11.465014963769468,11.465014963769468,집합상가,vacancy_rate_pct,서울특별시,0.0,0.0
서울,사당,3.779224843165596,3.779224843165596,집합상가,vacancy_rate_pct,서울특별시,0.0,0.0
서울,서울대입구역,22.303678128300934,32.41522623114639,집합상가,vacancy_rate_pct,서울특별시,10.111548102845457,45.33578741891458
서울,성신여대,0.0,0.0,집합상가,vacancy_rate_pct,서울특별시,0.0,
서울,수유,7.667441508029993,6.482206846561366,집합상가,vacancy_rate_pct,서울특별시,-1.1852346614686278,-15.458020256526893
서울,숙명여대,7.331606317337265,7.278795549143171,집합상가,vacancy_rate_pct,서울특별시,-0.05281076819409414,-0.7203164751114821
서울,신림역,9.640253551272789,9.640253551272789,집합상가,vacancy_rate_pct,서울특별시,0.0,0.0
서울,오류동역,0.8359460961752049,0.8359460961752049,집합상가,vacancy_rate_pct,서울특별시,0.0,0.0
서울,용산역,37.702747774211474,38.84936723608641,집합상가,vacancy_rate_pct,서울특별시,1.1466194618749341,3.041209274033907
서울,잠실/송파,12.429980229073783,13.297384880176041,집합상가,vacancy_rate_pct,서울특별시,0.8674046511022588,6.978326876766827
서울,잠실새내역,2.7166729391613207,2.7166729391613207,집합상가,vacancy_rate_pct,서울특별시,0.0,0.0
서울,장안동,9.69892093896403,10.77245990591438,집합상가,vacancy_rate_pct,서울특별시,1.0735389669503501,11.068643343998819
서울,천호,8.858362547793956,8.969670487929385,집합상가,vacancy_rate_pct,서울특별시,0.1113079401354291,1.2565295169946422
서울,청량리,24.006961526815097,23.64268599698976,집합상가,vacancy_rate_pct,서울특별시,-0.3642755298253384,-1.5173745724483045
서울,혜화동,5.02723023257297,5.02723023257297,집합상가,vacancy_rate_pct,서울특별시,0.0,0.0
서울,화곡,9.089724828276387,9.230768294256727,집합상가,vacancy_rate_pct,서울특별시,0.14104346598034034,1.551680261448407
부산,계,9.02424229012907,8.890626074103707,집합상가,vacancy_rate_pct,부산광역시,-0.1336162160253629,-1.4806363983768
부산,광안리,15.913126484879776,15.90019658497443,집합상가,vacancy_rate_pct,부산광역시,-0.012929899905346431,-0.08125304551328538
부산,남포동,11.949450927761058,12.006223275954765,집합상가,vacancy_rate_pct,부산광역시,0.056772348193707245,0.47510424149961317
부산,동래역,5.907971431258652,5.907971431258652,집합상가,vacancy_rate_pct,부산광역시,0.0,0.0
부산,명지국제도시,22.222516022780702,22.508570979926894,집합상가,vacancy_rate_pct,부산광역시,0.28605495714619167,1.2872302886538733
부산,명지오션시티,14.618005947568635,13.17846671242428,집합상가,vacancy_rate_pct,부산광역시,-1.4395392351443554,-9.847712747604875
부산,민락공원,11.189546830423462,9.09346692064642,집합상가,vacancy_rate_pct,부산광역시,-2.096079909777041,-18.732482570947116
부산,부전시장,5.580201203171174,5.411407490126701,집합상가,vacancy_rate_pct,부산광역시,-0.16879371304447321,-3.024867865849523
부산,사상역,5.008724754633477,5.310852640637356,집합상가,vacancy_rate_pct,부산광역시,0.30212788600387874,6.032032120039865
부산,서면/전포,17.0690538304689,17.0690538304689,집합상가,vacancy_rate_pct,부산광역시,0.0,0.0
부산,센텀마린시티,2.79658040295811,3.189734758032145,집합상가,vacancy_rate_pct,부산광역시,0.39315435507403507,14.05839627060863
부산,연산로터리,13.234045581872996,13.234045581872996,집합상가,vacancy_rate_pct,부산광역시,0.0,0.0
부산,온천장,18.79963709041182,18.79963709041182,집합상가,vacancy_rate_pct,부산광역시,0.0,0.0
부산,정관신도시,12.81961297599247,13.226433510130075,집합상가,vacancy_rate_pct,부산광역시,0.406820534137605,3.173422902075629
부산,해운대,4.938605836086565,5.152858863285706,집합상가,vacancy_rate_pct,부산광역시,0.21425302719914097,4.338330174754712
부산,현대백화점주변,2.5541321785135254,2.634130471883267,집합상가,vacancy_rate_pct,부산광역시,0.07999829336974162,3.1321125054811993
부산,화명역,4.7293312916935015,4.123943215333321,집합상가,vacancy_rate_pct,부산광역시,-0.6053880763601809,-12.800711961614352
대구,계,11.56076085735109,11.974387724235843,집합상가,vacancy_rate_pct,대구광역시,0.41362686688475314,3.577851596348358
대구,계명대,11.009208262423664,12.105010662644453,집합상가,vacancy_rate_pct,대구광역시,1.095802400220789,9.95350777367845
대구,대구혁신도시,31.273901338044734,31.865433152191596,집합상가,vacancy_rate_pct,대구광역시,0.5915318141468617,1.8914551393921064
대구,동성로중심,12.568660437758819,12.764403017464526,집합상가,vacancy_rate_pct,대구광역시,0.19574257970570663,1.5573861723374716
대구,두류감삼역,13.743705963535993,13.17013672207409,집합상가,vacancy_rate_pct,대구광역시,-0.573569241461902,-4.173322995876538
대구,상인/월배,13.56931852825187,13.695379634263837,집합상가,vacancy_rate_pct,대구광역시,0.12606110601196718,0.92901574791322
대구,서문시장/청라언덕,2.3984975269767994,2.257437664109207,집합상가,vacancy_rate_pct,대구광역시,-0.1410598628675923,-5.8811760813192056
대구,수성범어,6.2012312435640915,6.5955285992025035,집합상가,vacancy_rate_pct,대구광역시,0.39429735563841195,6.358372074055962
대구,시지지구,15.172163555015866,15.333694732961813,집합상가,vacancy_rate_pct,대구광역시,0.16153117794594785,1.0646548685045332
대구,이시아폴리스,10.19121206423675,12.479469647907571,집합상가,vacancy_rate_pct,대구광역시,2.2882575836708217,22.45324274725704
대구,죽전역,3.685168167209918,5.527973334374883,집합상가,vacancy_rate_pct,대구광역시,1.8428051671649648,50.0059992800864
대구,칠곡,5.359083620261008,5.327060364803334,집합상가,vacancy_rate_pct,대구광역시,-0.03202325545767426,-0.5975509569696613
대구,현풍테크노폴리스,17.181871526136494,17.41271535916285,집합상가,vacancy_rate_pct,대구광역시,0.23084383302635558,1.3435313648760827
인천,계,9.467309840671948,9.731596577328789,집합상가,vacancy_rate_pct,인천광역시,0.26428673665684066,2.7915716407786118
인천,간석오거리,24.281186192341416,23.406548982616897,집합상가,vacancy_rate_pct,인천광역시,-0.8746372097245185,-3.602118952493305
인천,계양계산,1.5824877976059815,2.799832492983955,집합상가,vacancy_rate_pct,인천광역시,1.2173446953779734,76.92600835340382
인천,구월,13.351091209564267,12.621930040468953,집합상가,vacancy_rate_pct,인천광역시,-0.7291611690953133,-5.4614350066979345
인천,부평,6.89748548584962,8.962097541958917,집합상가,vacancy_rate_pct,인천광역시,2.064612056109297,29.93282204572818
인천,송도,4.104352907440637,4.443746953656256,집합상가,vacancy_rate_pct,인천광역시,0.3393940462156193,8.26912436307179
인천,신포동,10.124253603771933,11.833809065682868,집합상가,vacancy_rate_pct,인천광역시,1.7095554619109343,16.885743174924173
인천,영종,30.131610071852084,29.49661238037259,집합상가,vacancy_rate_pct,인천광역시,-0.6349976914794944,-2.107413742462727
인천,인천논현역,1.8684705818171898,1.8487944160556058,집합상가,vacancy_rate_pct,인천광역시,-0.01967616576158404,-1.0530626466940585
인천,주안,12.040712265648217,11.940367648881875,집합상가,vacancy_rate_pct,인천광역시,-0.10034461676634265,-0.8333777483631288
인천,청라국제도시,6.384785524179243,7.169693004519492,집합상가,vacancy_rate_pct,인천광역시,0.7849074803402489,12.29340402066439
광주,계,8.829858080106552,8.169953915046996,집합상가,vacancy_rate_pct,광주광역시,-0.6599041650595563,-7.473553471332728
광주,금남로/충장로,24.453025884597963,24.453025884597963,집합상가,vacancy_rate_pct,광주광역시,0.0,0.0
광주,봉선동,6.528499962167802,1.5005467542013207,집합상가,vacancy_rate_pct,광주광역시,-5.0279532079664815,-77.01544362568914
광주,상무지구,8.825792659772604,7.460176861199949,집합상가,vacancy_rate_pct,광주광역시,-1.3656157985726551,-15.47301020107853
광주,송정동지구,10.831079190374034,10.831079190374034,집합상가,vacancy_rate_pct,광주광역시,0.0,0.0
광주,수완지구,8.780758904687993,9.029345701408403,집합상가,vacancy_rate_pct,광주광역시,0.24858679672041006,2.831039998008489
광주,첨단1지구,4.093199417417562,4.171122950691645,집합상가,vacancy_rate_pct,광주광역시,0.07792353327408286,1.9037316614113342
광주,첨단2지구,12.953360362150896,11.646261416377145,집합상가,vacancy_rate_pct,광주광역시,-1.3070989457737507,-10.090809714466308
대전,계,9.14347173743324,9.040296897531508,집합상가,vacancy_rate_pct,대전광역시,-0.10317483990173137,-1.1283989590008203
대전,가수원,11.325342682579377,11.10714964069771,집합상가,vacancy_rate_pct,대전광역시,-0.21819304188166733,-1.9265910798204056
대전,노은,6.280240446114021,6.1965437869412066,집합상가,vacancy_rate_pct,대전광역시,-0.08369665917281477,-1.3326983240682044
대전,대전동구청,6.236996956131209,5.949098449624962,집합상가,vacancy_rate_pct,대전광역시,-0.28789850650624693,-4.615979589716357
대전,동춘당공원,9.92976474059289,9.064579344193694,집합상가,vacancy_rate_pct,대전광역시,-0.8651853963991964,-8.713050298788227
대전,둔산,12.637010194756835,12.709824990652107,집합상가,vacancy_rate_pct,대전광역시,0.07281479589527251,0.5762027154609939
대전,목원대,6.603901467068931,6.905902088909022,집합상가,vacancy_rate_pct,대전광역시,0.302000621840091,4.573063716138859
대전,유성온천역,7.76138806940347,7.654455647355951,집합상가,vacancy_rate_pct,대전광역시,-0.10693242204751918,-1.3777486847882603
울산,계,20.27363630704127,20.191485309547566,집합상가,vacancy_rate_pct,울산광역시,-0.08215099749370225,-0.4052109658550518
울산,삼산동,8.616641990033676,8.485897368694676,집합상가,vacancy_rate_pct,울산광역시,-0.13074462133899978,-1.5173500476197588
울산,성남옥교동,26.7155998784716,26.66382994595637,집합상가,vacancy_rate_pct,울산광역시,-0.05176993251523143,-0.19378165847194762
울산,신정동,10.119562420271391,6.77845657215572,집합상가,vacancy_rate_pct,울산광역시,-3.341105848115671,-33.01630751763342
울산,울산농소,37.460045478722456,37.91492917305293,집합상가,vacancy_rate_pct,울산광역시,0.4548836943304764,1.2143169836482226
울산,전하동,21.791538304931553,21.027306348239694,집합상가,vacancy_rate_pct,울산광역시,-0.7642319566918587,-3.5070124283924864
세종,계,13.039861038854946,11.35146891927688,집합상가,vacancy_rate_pct,세종특별자치시,-1.688392119578067,-12.947930308054323
세종,나성한솔동,12.693619505443044,10.412780198648386,집합상가,vacancy_rate_pct,세종특별자치시,-2.2808393067946575,-17.968391961147333
세종,세종정부청사,12.632864974295563,12.142617458996185,집합상가,vacancy_rate_pct,세종특별자치시,-0.4902475152993784,-3.8807310637523518
경기,계,5.384180635456833,5.374787233342039,집합상가,vacancy_rate_pct,경기도,-0.009393402114794114,-0.17446298240691993
경기,고양시청,2.359179898032438,2.3528145320790244,집합상가,vacancy_rate_pct,경기도,-0.0063653659534135265,-0.2698126564541492
경기,고잔신도시,1.3915601884464426,1.2858954503920985,집합상가,vacancy_rate_pct,경기도,-0.10566473805434407,-7.593256758251298
경기,광교중앙역,8.831426198730217,9.004359699542746,집합상가,vacancy_rate_pct,경기도,0.17293350081252967,1.9581605158790039
경기,광명철산,6.227391742195368,6.227391742195368,집합상가,vacancy_rate_pct,경기도,0.0,0.0
경기,금릉역,20.805077608298056,20.27721463463434,집합상가,vacancy_rate_pct,경기도,-0.5278629736637157,-2.5371833914869857
경기,김포운양역,0.312658989758753,0.6372331498315094,집합상가,vacancy_rate_pct,경기도,0.32457416007275636,103.81091563149907
경기,김포장기역,11.842464990197367,7.069988713455262,집합상가,vacancy_rate_pct,경기도,-4.772476276742105,-40.29968659981292
경기,김포한강구래,9.446389148902352,11.499154024125325,집합상가,vacancy_rate_pct,경기도,2.052764875222973,21.7306829399623
경기,남양주다산,14.263798124990945,14.183233593670755,집합상가,vacancy_rate_pct,경기도,-0.08056453132019037,-0.5648182245305167
경기,남양주별내,10.466014437211179,8.755098167995289,집합상가,vacancy_rate_pct,경기도,-1.7109162692158897,-16.34735246621529
경기,동백지구,0.25449982557806555,0.7548564793843687,집합상가,vacancy_rate_pct,경기도,0.5003566538063031,196.60392798690668
경기,동탄2신도시,2.8437006864315357,3.1456650169902574,집합상가,vacancy_rate_pct,경기도,0.3019643305587216,10.618710049180535
경기,동탄센트럴파크,3.1185197249733285,6.416704527123543,집합상가,vacancy_rate_pct,경기도,3.2981848021502147,105.76122946211038
경기,모란,2.238858280411042,2.238858280411042,집합상가,vacancy_rate_pct,경기도,0.0,0.0
경기,미사지구,7.1879831855286636,6.918954929963323,집합상가,vacancy_rate_pct,경기도,-0.26902825556534093,-3.7427502071369134
경기,배곧신도시,7.9713412334306355,8.69965845088958,집합상가,vacancy_rate_pct,경기도,0.7283172174589438,9.136696023054292
경기,범계학원가,0.0,0.10005946988775752,집합상가,vacancy_rate_pct,경기도,0.10005946988775752,inf
경기,병점역,2.1824766410987237,3.134293204858162,집합상가,vacancy_rate_pct,경기도,0.9518165637594382,43.611764077358714
경기,부천역,3.510532814196842,2.1559067572640354,집합상가,vacancy_rate_pct,경기도,-1.3546260569328066,-38.58747741808889
경기,분당역세권,0.2361296712488415,0.4753041448392642,집합상가,vacancy_rate_pct,경기도,0.2391744735904227,101.28946198310356
경기,산본역,0.0,0.0,집합상가,vacancy_rate_pct,경기도,0.0,
경기,상록수역,6.108311478513976,5.908027724138056,집합상가,vacancy_rate_pct,경기도,-0.20028375437591972,-3.2788726488558906
경기,상중동,3.4718562417360834,3.4547467643285037,집합상가,vacancy_rate_pct,경기도,-0.017109477407579732,-0.4928048921468031
경기,상현역,1.2029491993642112,2.103187273118489,집합상가,vacancy_rate_pct,경기도,0.9002380737542777,74.83591777857919
경기,서판교,0.674243276696298,0.8899618441646122,집합상가,vacancy_rate_pct,경기도,0.2157185674683142,31.9941740502488
경기,선부다이아몬드,4.588628023919543,3.473628476941198,집합상가,vacancy_rate_pct,경기도,-1.114999546978345,-24.299192289418304
경기,성남구시가지,4.242664336764873,5.472311081473034,집합상가,vacancy_rate_pct,경기도,1.2296467447081607,28.982890162972307
경기,송내역,5.074106866899196,5.978328734908682,집합상가,vacancy_rate_pct,경기도,0.9042218680094853,17.820315805884057
경기,수원역,10.815705823521562,8.694007845952669,집합상가,vacancy_rate_pct,경기도,-2.1216979775688927,-19.616824016743408
경기,시흥시립도서관,1.099089426193967,0.27570151349342364,집합상가,vacancy_rate_pct,경기도,-0.8233879127005433,-74.9154612060868
경기,안산중앙역,6.960575410975947,6.47584240810551,집합상가,vacancy_rate_pct,경기도,-0.48473300287043664,-6.963978899015643
경기,안성 서인사거리,12.288075450753427,12.288075450753427,집합상가,vacancy_rate_pct,경기도,0.0,0.0
경기,안양역,21.49772485408788,21.49772485408788,집합상가,vacancy_rate_pct,경기도,0.0,0.0
경기,야탑역,3.4313719518212262,3.4313719518212262,집합상가,vacancy_rate_pct,경기도,0.0,0.0
경기,역곡역,0.0,0.0,집합상가,vacancy_rate_pct,경기도,0.0,
경기,오산시청,8.664166023457067,8.664166023457067,집합상가,vacancy_rate_pct,경기도,0.0,0.0
경기,용인수지,5.860664521280338,1.4391886638696842,집합상가,vacancy_rate_pct,경기도,-4.421475857410654,-75.44325121078121
경기,월피다이아몬드,6.276451365606069,6.127280788328577,집합상가,vacancy_rate_pct,경기도,-0.1491705772774914,-2.376670646966561
경기,위례신도시,6.216118981539749,4.028532192455269,집합상가,vacancy_rate_pct,경기도,-2.18758678908448,-35.192164042886596
경기,의정부민락,9.65283234183809,7.56184896711716,집합상가,vacancy_rate_pct,경기도,-2.0909833747209303,-21.661863592699316
경기,의정부역,5.896498761169098,5.693429648813315,집합상가,vacancy_rate_pct,경기도,-0.20306911235578262,-3.4438930724971506
경기,이천종합터미널,7.330941220522942,11.435152311018015,집합상가,vacancy_rate_pct,경기도,4.104211090495073,55.98477694794974
경기,인계동,1.0795150425911721,0.0,집합상가,vacancy_rate_pct,경기도,-1.0795150425911721,-100.0
경기,일산라페스타,6.9041173975445345,7.006276743738082,집합상가,vacancy_rate_pct,경기도,0.10215934619354794,1.4796872693659813
경기,죽전카페거리,1.1464423890941604,0.5179254148721911,집합상가,vacancy_rate_pct,경기도,-0.6285169742219693,-54.82324975078598
경기,탄현역,0.8336766316478462,0.8336766316478462,집합상가,vacancy_rate_pct,경기도,0.0,0.0
경기,파주시청,2.528282501144701,5.244854427481768,집합상가,vacancy_rate_pct,경기도,2.716571926337067,107.44732541189981
경기,파주야당역,2.672518819370606,2.672518819370606,집합상가,vacancy_rate_pct,경기도,0.0,0.0
경기,파주운정호수,3.4761875268565703,4.7534158095325285,집합상가,vacancy_rate_pct,경기도,1.2772282826759582,36.74221464775014
경기,팔달문로터리,13.44454473677034,13.44454473677034,집합상가,vacancy_rate_pct,경기도,0.0,0.0
경기,평촌범계,2.53240787826142,2.53240787826142,집합상가,vacancy_rate_pct,경기도,0.0,0.0
경기,평택역,13.563287432758758,15.060971379137516,집합상가,vacancy_rate_pct,경기도,1.4976839463787588,11.042189836377524
경기,한대앞역,1.3042498144307266,1.3042498144307266,집합상가,vacancy_rate_pct,경기도,0.0,0.0
경기,행신역,4.954058912904078,5.679437068150816,집합상가,vacancy_rate_pct,경기도,0.7253781552467373,14.64209788376374
경기,화정역,4.148266840036715,4.593916611922862,집합상가,vacancy_rate_pct,경기도,0.4456497718861465,10.743035322245609
강원,계,17.084344437299013,17.449478281199177,집합상가,vacancy_rate_pct,강원특별자치도,0.3651338439001641,2.1372423462910017
강원,강릉중부,18.679670394458483,18.679670394458483,집합상가,vacancy_rate_pct,강원특별자치도,0.0,0.0
강원,동해천곡,14.805203523635695,13.836589896779145,집합상가,vacancy_rate_pct,강원특별자치도,-0.9686136268565502,-6.542386434000802
강원,삼척중앙시장,26.398508897253965,28.40296091595119,집합상가,vacancy_rate_pct,강원특별자치도,2.0044520186972257,7.593050147259395
강원,속초중앙시장,4.650295764164856,4.650295764164856,집합상가,vacancy_rate_pct,강원특별자치도,0.0,0.0
강원,영월경찰서,0.0,0.0,집합상가,vacancy_rate_pct,강원특별자치도,0.0,
강원,원주무실지구,17.962204979604905,17.635484215672495,집합상가,vacancy_rate_pct,강원특별자치도,-0.32672076393241056,-1.8189346146722185
강원,원주중앙/일산,40.81731166199831,40.81731166199831,집합상가,vacancy_rate_pct,강원특별자치도,0.0,0.0
강원,원주혁신도시,15.45473431569274,15.914417904392266,집합상가,vacancy_rate_pct,강원특별자치도,0.4596835886995265,2.9743868727187595
강원,춘천명동,10.061679687015866,15.872294542194606,집합상가,vacancy_rate_pct,강원특별자치도,5.8106148551787395,57.749948675836606
강원,태백중앙시장,50.35754537057804,43.104104005093255,집합상가,vacancy_rate_pct,강원특별자치도,-7.2534413654847825,-14.403881905099148
충북,계,15.512927725653547,15.095788049222769,집합상가,vacancy_rate_pct,충청북도,-0.41713967643077865,-2.688980982880229
충북,오창호수공원,11.40444643704967,11.40444643704967,집합상가,vacancy_rate_pct,충청북도,0.0,0.0
충북,용담동우체국,10.56673644757669,8.815931598119665,집합상가,vacancy_rate_pct,충청북도,-1.7508048494570243,-16.56902164772496
충북,제천역,3.461231584112798,3.461231584112798,집합상가,vacancy_rate_pct,충청북도,0.0,0.0
충북,제천중앙,33.0108538031398,33.07962271306859,집합상가,vacancy_rate_pct,충청북도,0.06876890992878515,0.2083221183520001
충북,청주고속버스터미널,9.977022022771768,8.962046179346268,집합상가,vacancy_rate_pct,충청북도,-1.0149758434254998,-10.173134238943216
충북,청주지방법원,6.671441685644884,6.671441685644884,집합상가,vacancy_rate_pct,충청북도,0.0,0.0
충북,충북혁신도시,26.431628027603626,23.107536308691536,집합상가,vacancy_rate_pct,충청북도,-3.32409171891209,-12.576189841354479
충북,충주연수칠금,7.1732326951399115,7.756351251840943,집합상가,vacancy_rate_pct,충청북도,0.5831185567010317,8.129090209162083
충북,충주자유시장,23.95057521846426,23.665726790790956,집합상가,vacancy_rate_pct,충청북도,-0.2848484276733032,-1.1893176889284263
충남,계,11.45101135001574,12.632353979103836,집합상가,vacancy_rate_pct,충청남도,1.1813426290880962,10.316491644089343
충남,금산인삼국제시장,3.2453605530357934,3.5199421254119727,집합상가,vacancy_rate_pct,충청남도,0.2745815723761793,8.46074166148747
충남,논산시외버스터미널,22.758864252758546,19.96278033606368,집합상가,vacancy_rate_pct,충청남도,-2.7960839166948652,-12.285691788666298
충남,당진시청,11.072209409161651,11.072209409161651,집합상가,vacancy_rate_pct,충청남도,0.0,0.0
충남,두정,22.39899953649705,27.741712072312456,집합상가,vacancy_rate_pct,충청남도,5.342712535815405,23.8524605847237
충남,백석,5.4327869340106725,5.91897711667077,집합상가,vacancy_rate_pct,충청남도,0.4861901826600974,8.94918553894355
충남,서산터미널,14.770433502470473,14.838112681272115,집합상가,vacancy_rate_pct,충청남도,0.06767917880164198,0.4582071256765907
충남,아산온양,16.445779669721247,16.445779669721247,집합상가,vacancy_rate_pct,충청남도,0.0,0.0
충남,천안시청,7.290160349511381,7.482746131140049,집합상가,vacancy_rate_pct,충청남도,0.1925857816286678,2.641722162415472
충남,천안역,3.7170322797606596,7.1709789736586345,집합상가,vacancy_rate_pct,충청남도,3.453946693897975,92.92216031334479
충남,천안종합버스터미널,7.9148780925236775,7.9148780925236775,집합상가,vacancy_rate_pct,충청남도,0.0,0.0
충남,태안터미널,3.4243366811572473,4.00520911407585,집합상가,vacancy_rate_pct,충청남도,0.5808724329186026,16.96306429548562
전북,계,19.818068487262998,20.34332982248916,집합상가,vacancy_rate_pct,전북특별자치도,0.5252613352261619,2.650416389285093
전북,군산수송동조촌동,20.988372892243053,22.024794320055566,집합상가,vacancy_rate_pct,전북특별자치도,1.0364214278125132,4.9380742048639625
전북,군산원도심,16.189777189838512,16.579562750997663,집합상가,vacancy_rate_pct,전북특별자치도,0.389785561159151,2.407602999031999
전북,익산역,21.670001309238863,21.670001309238863,집합상가,vacancy_rate_pct,전북특별자치도,0.0,0.0
전북,전북혁신도시,27.480904642978675,28.24807387415465,집합상가,vacancy_rate_pct,전북특별자치도,0.7671692311759735,2.7916447480268225
전북,전주동부,22.056354416650702,22.140157066392177,집합상가,vacancy_rate_pct,전북특별자치도,0.08380264974147522,0.37994787424258103
전북,전주서부,12.059623308810036,15.708589827002317,집합상가,vacancy_rate_pct,전북특별자치도,3.6489665181922817,30.2577155583837
전북,전주서부신시가지,17.41581194421989,17.117395917542446,집합상가,vacancy_rate_pct,전북특별자치도,-0.2984160266774438,-1.7134775434715532
전남,계,22.939763038651048,24.030491231200905,집합상가,vacancy_rate_pct,전라남도,1.0907281925498573,4.754749169431682
전남,광양중동,30.165894591998644,35.83228489651881,집합상가,vacancy_rate_pct,전라남도,5.666390304520164,18.78409502240701
전남,광주전남혁신도시,36.03142530788737,36.191254373130135,집합상가,vacancy_rate_pct,전라남도,0.15982906524276785,0.4435824114007003
전남,순천원도심,32.096388780731736,28.444058812019353,집합상가,vacancy_rate_pct,전라남도,-3.652329968712383,-11.379255135720967
전남,여수학동,21.720882825533085,20.947202332630464,집합상가,vacancy_rate_pct,전라남도,-0.7736804929026206,-3.561920107561889
전남,전남도청,17.4910960906853,17.50489644222169,집합상가,vacancy_rate_pct,전라남도,0.013800351536389144,0.07889929518904992
전남,조례,17.0475207449057,26.273020289222575,집합상가,vacancy_rate_pct,전라남도,9.225499544316875,54.11637083400369
전남,하당신도심,8.295339218205289,8.295339218205289,집합상가,vacancy_rate_pct,전라남도,0.0,0.0
경북,계,27.421988414124744,27.558782567859964,집합상가,vacancy_rate_pct,경상북도,0.1367941537352202,0.4988484119727854
경북,경북김천혁신도시,43.00511854262863,43.99916807577558,집합상가,vacancy_rate_pct,경상북도,0.9940495331469492,2.31146795273125
경북,경북도청신도시,31.1759420494004,30.670073699531407,집합상가,vacancy_rate_pct,경상북도,-0.5058683498689938,-1.6226241024807186
경북,구미산업단지,17.093201626773215,17.290850370485312,집합상가,vacancy_rate_pct,경상북도,0.19764874371209729,1.1563003118299386
경북,구미역,25.931924104444143,26.1829673758312,집합상가,vacancy_rate_pct,경상북도,0.25104327138705784,0.9680857863687553
경북,문경점촌흥덕,6.8271578993137325,5.1263469886153645,집합상가,vacancy_rate_pct,경상북도,-1.700810910698368,-24.91242967837808
경북,안동구도심,37.171528322322494,37.171528322322494,집합상가,vacancy_rate_pct,경상북도,0.0,0.0
경북,영주중앙,10.568841505713971,10.568841505713971,집합상가,vacancy_rate_pct,경상북도,0.0,0.0
경북,옥동사거리,18.251005863114965,18.251005863114965,집합상가,vacancy_rate_pct,경상북도,0.0,0.0
경북,포항원도심,24.121825496605485,24.824773698767917,집합상가,vacancy_rate_pct,경상북도,0.7029482021624318,2.9141583926197923
경북,포항중앙,38.17129302451345,38.21697280312016,집합상가,vacancy_rate_pct,경상북도,0.04567977860670425,0.11967050363572707
경남,계,12.795129071223336,12.819440976126392,집합상가,vacancy_rate_pct,경상남도,0.024311904903056458,0.19000906335313594
경남,거제고현,14.153863463352275,14.153863463352275,집합상가,vacancy_rate_pct,경상남도,0.0,0.0
경남,거제옥포,23.487890258466958,24.964750847727547,집합상가,vacancy_rate_pct,경상남도,1.476860589260589,6.287753276300356
경남,김해수리공원,6.95096636773852,4.515572511132522,집합상가,vacancy_rate_pct,경상남도,-2.435393856605998,-35.03676651219861
경남,김해시 내외동,18.11561912241903,18.11561912241903,집합상가,vacancy_rate_pct,경상남도,0.0,0.0
경남,김해시청/동상시장,12.982337782126507,14.929396343008907,집합상가,vacancy_rate_pct,경상남도,1.9470585608824003,14.99774997044847
경남,김해장유,7.466218563470909,7.17274369875683,집합상가,vacancy_rate_pct,경상남도,-0.2934748647140788,-3.9307028346307615
경남,마산동서동,33.593262554196116,33.593262554196116,집합상가,vacancy_rate_pct,경상남도,0.0,0.0
경남,마산역버스터미널,28.014663530767013,26.471315568887277,집합상가,vacancy_rate_pct,경상남도,-1.5433479618797357,-5.509071919370934
경남,물금지구,14.361733204971575,14.264879640774467,집합상가,vacancy_rate_pct,경상남도,-0.096853564197108,-0.6743863210296963
경남,양산구도심,10.948830812237308,10.21199053626977,집합상가,vacancy_rate_pct,경상남도,-0.7368402759675377,-6.729853521382257
경남,양산역,14.450337681713583,14.415431784540536,집합상가,vacancy_rate_pct,경상남도,-0.03490589717304715,-0.24155765728035572
경남,진주혁신도시,4.035387643125367,3.794276093032874,집합상가,vacancy_rate_pct,경상남도,-0.2411115500924934,-5.9749290877481815
경남,진해석동,10.361369967617403,11.31953184288549,집합상가,vacancy_rate_pct,경상남도,0.9581618752680878,9.24744390232808
경남,창원명곡동,6.592040806428144,8.629532924837923,집합상가,vacancy_rate_pct,경상남도,2.037492118409779,30.908366289585842
경남,창원시청,7.598636494423676,7.567279769307143,집합상가,vacancy_rate_pct,경상남도,-0.03135672511653276,-0.4126625235928105
경남,창원역,9.501547783875434,9.501547783875434,집합상가,vacancy_rate_pct,경상남도,0.0,0.0
경남,창원월영동,19.138132933626864,21.24936658732153,집합상가,vacancy_rate_pct,경상남도,2.111233653694665,11.031554964199763
경남,창원의창구청,39.30178049894573,38.13423642479134,집합상가,vacancy_rate_pct,경상남도,-1.1675440741543923,-2.9707154722563023
경남,활천동,2.7368253979705575,2.7368253979705575,집합상가,vacancy_rate_pct,경상남도,0.0,0.0
제주,계,19.026795901888693,18.31528354005874,집합상가,vacancy_rate_pct,제주특별자치도,-0.7115123618299535,-3.7395280082829108
제주,광양사거리,8.194206257772448,5.940868180408908,집합상가,vacancy_rate_pct,제주특별자치도,-2.25333807736354,-27.49916229196918
제주,노형오거리,32.0039990106977,32.0039990106977,집합상가,vacancy_rate_pct,제주특별자치도,0.0,0.0
전국,합계,26.93980761681097,26.961978949387415,집합상가,rent_1000won_m2,전국,0.02217133257644477,0.08229952081248992
서울,계,49.59762157224201,49.75419161914773,집합상가,rent_1000won_m2,서울특별시,0.15657004690572052,0.31568055471706824
서울,소계(도심지역),82.67489072419127,82.80794572136512,집합상가,rent_1000won_m2,서울특별시,0.1330549971738435,0.16093761480462376
서울,남대문,190.24473787871,190.93151107229102,집합상가,rent_1000won_m2,서울특별시,0.6867731935810184,0.3609945805801207
서울,동대문,95.61435194176599,95.59082530581593,집합상가,rent_1000won_m2,서울특별시,-0.02352663595006277,-0.02460575789332564
서울,방산시장,57.381014644351524,57.34882925651761,집합상가,rent_1000won_m2,서울특별시,-0.03218538783391267,-0.05609065652358858
서울,종로,47.78976455221723,48.13586122798843,집합상가,rent_1000won_m2,서울특별시,0.34609667577120007,0.7242066978443429
서울,소계(강남지역),56.50538723584138,56.73909590245481,집합상가,rent_1000won_m2,서울특별시,0.23370866661342404,0.4136042208470636
서울,강남대로,85.20297456465498,86.0106081817194,집합상가,rent_1000won_m2,서울특별시,0.8076336170644254,0.9478936870350285
서울,교대역,42.861032527557406,43.09273189762474,집합상가,rent_1000won_m2,서울특별시,0.2316993700673322,0.5405828007488234
서울,남부터미널,32.435546324117325,32.49750282890161,집합상가,rent_1000won_m2,서울특별시,0.06195650478428405,0.19101421682612418
서울,논현역,55.80110005518079,56.12506452589049,집합상가,rent_1000won_m2,서울특별시,0.32396447070969714,0.5805700432237604
서울,도산대로,64.72269055502515,63.87376681766169,집합상가,rent_1000won_m2,서울특별시,-0.8489237373634637,-1.3116323349409265
서울,신사역,69.2539319070521,69.0686684995393,집합상가,rent_1000won_m2,서울특별시,-0.18526340751280657,-0.26751319731773693
서울,압구정,64.31047585338176,64.83871023711119,집합상가,rent_1000won_m2,서울특별시,0.5282343837294263,0.8213815505481836
서울,청담,72.53728400372837,72.66634401663437,집합상가,rent_1000won_m2,서울특별시,0.12906001290599534,0.17792231219928567
서울,테헤란로,74.38717391988422,74.59695606113054,집합상가,rent_1000won_m2,서울특별시,0.20978214124632188,0.28201386098127834
서울,한티역,71.29205056909292,71.49934000948292,집합상가,rent_1000won_m2,서울특별시,0.2072894403899994,0.2907609456247906
서울,소계(영등포신촌지역),39.86369046020442,40.04406190007212,집합상가,rent_1000won_m2,서울특별시,0.18037143986770587,0.45247050081269613
서울,당산역,31.52000826713385,31.761364188052333,집합상가,rent_1000won_m2,서울특별시,0.24135592091848324,0.7657228985252118
서울,신촌/이대,74.87462438073581,74.78528790709007,집합상가,rent_1000won_m2,서울특별시,-0.08933647364574426,-0.11931475367604749
서울,여의도,58.321315586627854,58.65721310551759,집합상가,rent_1000won_m2,서울특별시,0.3358975188897375,0.5759429730126886
서울,영등포역,30.64067706661393,30.847389799145482,집합상가,rent_1000won_m2,서울특별시,0.2067127325315532,0.6746350026213488
서울,홍대/합정,37.67903288721766,37.80828085262366,집합상가,rent_1000won_m2,서울특별시,0.1292479654060017,0.34302357439182085
서울,소계(기타지역),45.277426481107234,45.35526179500577,집합상가,rent_1000won_m2,서울특별시,0.07783531389853238,0.1719075485242305
서울,가락시장,30.628221263334517,30.69075741704838,집합상가,rent_1000won_m2,서울특별시,0.06253615371386445,0.2041782092933042
서울,건대입구,68.06846494455421,68.08137433355283,집합상가,rent_1000won_m2,서울특별시,0.012909388998622262,0.01896530061187285
서울,노원역,86.190736546122,86.16670371727781,집합상가,rent_1000won_m2,서울특별시,-0.02403282884418445,-0.027883308354514913
서울,명일역,35.42178142020016,35.50318676064892,집합상가,rent_1000won_m2,서울특별시,0.08140534044876091,0.22981718362233838
서울,목동,54.293595849341365,54.40396905166719,집합상가,rent_1000won_m2,서울특별시,0.1103732023258246,0.20328954197856852
서울,불광역,41.28427798479483,41.39964352049469,집합상가,rent_1000won_m2,서울특별시,0.11536553569986552,0.2794418149745903
서울,사당,68.60029690301393,68.63253101290726,집합상가,rent_1000won_m2,서울특별시,0.03223410989333786,0.046988295019922965
서울,서울대입구역,53.154702778562516,53.282285183126326,집합상가,rent_1000won_m2,서울특별시,0.12758240456381031,0.2400209161084188
서울,성신여대,42.39582631543489,42.523832783130096,집합상가,rent_1000won_m2,서울특별시,0.12800646769520796,0.3019317673933486
서울,수유,45.31955175128323,45.30530354032422,집합상가,rent_1000won_m2,서울특별시,-0.014248210959010521,-0.03143943487615708
서울,숙명여대,31.915661143907073,31.93169392774346,집합상가,rent_1000won_m2,서울특별시,0.016032783836386955,0.050234847913999126
서울,신림역,42.495619236419635,42.57261447510487,집합상가,rent_1000won_m2,서울특별시,0.07699523868523528,0.1811839433539797
서울,오류동역,44.21045786137538,44.256362586119174,집합상가,rent_1000won_m2,서울특별시,0.04590472474379226,0.10383227626307168
서울,용산역,28.089024477065138,28.254982095818637,집합상가,rent_1000won_m2,서울특별시,0.1659576187534988,0.5908272780672963
서울,잠실/송파,35.45589362264183,35.6716718497033,집합상가,rent_1000won_m2,서울특별시,0.21577822706147032,0.6085821143249293
서울,잠실새내역,63.50797558296054,63.70234312122091,집합상가,rent_1000won_m2,서울특별시,0.1943675382603729,0.3060521713630582
서울,장안동,39.74302539291594,39.74036561330528,집합상가,rent_1000won_m2,서울특별시,-0.002659779610659996,-0.0066924437290949434
서울,천호,50.251152941925696,50.52711602655615,집합상가,rent_1000won_m2,서울특별시,0.2759630846304546,0.5491676677535695
서울,청량리,45.28807101363948,45.31432235902094,집합상가,rent_1000won_m2,서울특별시,0.026251345381460567,0.057965253970637676
서울,혜화동,37.414817959441066,37.324493588201335,집합상가,rent_1000won_m2,서울특별시,-0.09032437123973125,-0.24141336552176984
서울,화곡,34.79611723217564,34.81496896917838,집합상가,rent_1000won_m2,서울특별시,0.01885173700274123,0.05417770286539891
부산,계,29.015072018526713,28.976776560577665,집합상가,rent_1000won_m2,부산광역시,-0.03829545794904732,-0.13198470754990366
부산,광안리,41.51461499898486,41.75322640311575,집합상가,rent_1000won_m2,부산광역시,0.23861140413088577,0.5747648247170778
부산,남포동,41.138027010586434,41.092168481266846,집합상가,rent_1000won_m2,부산광역시,-0.045858529319588115,-0.11147479024160578
부산,동래역,27.27829423472149,27.25019752192694,집합상가,rent_1000won_m2,부산광역시,-0.02809671279455017,-0.10300025563469983
부산,명지국제도시,20.689095842276593,20.64035961910666,집합상가,rent_1000won_m2,부산광역시,-0.0487362231699322,-0.23556478031457884
부산,명지오션시티,27.87905519244886,27.85116101780523,집합상가,rent_1000won_m2,부산광역시,-0.027894174643630976,-0.10005423229402233
부산,민락공원,24.590067604466093,21.925027487234992,집합상가,rent_1000won_m2,부산광역시,-2.6650401172311007,-10.83787226655315
부산,부전시장,51.982724619043154,52.26743296663543,집합상가,rent_1000won_m2,부산광역시,0.2847083475922787,0.5476980086726257
부산,사상역,9.84727756742901,9.84557636298709,집합상가,rent_1000won_m2,부산광역시,-0.0017012044419200123,-0.017275885951939518
부산,서면/전포,35.165243926705024,35.174064612233785,집합상가,rent_1000won_m2,부산광역시,0.008820685528760919,0.025083532897274274
부산,센텀마린시티,34.719241745564375,34.73011111151973,집합상가,rent_1000won_m2,부산광역시,0.010869365955358035,0.031306461226932036
부산,연산로터리,22.789281857451417,22.758234341252713,집합상가,rent_1000won_m2,부산광역시,-0.031047516198704272,-0.13623736102308381
부산,온천장,12.10237501133219,12.10237501133219,집합상가,rent_1000won_m2,부산광역시,0.0,0.0
부산,정관신도시,24.75328072587207,24.7531521209772,집합상가,rent_1000won_m2,부산광역시,-0.00012860489486854476,-0.0005195468685270654
부산,해운대,38.22825423550992,38.23825490370841,집합상가,rent_1000won_m2,부산광역시,0.01000066819848655,0.026160410404507672
부산,현대백화점주변,25.310494825754674,25.381122312125967,집합상가,rent_1000won_m2,부산광역시,0.07062748637129346,0.2790442733637377
부산,화명역,39.53294162810335,39.53020537626391,집합상가,rent_1000won_m2,부산광역시,-0.002736251839444037,-0.006921447599783637
대구,계,22.88174718842747,22.857383535768687,집합상가,rent_1000won_m2,대구광역시,-0.02436365265878493,-0.10647636501773805
대구,계명대,23.899954246833108,23.89766162113245,집합상가,rent_1000won_m2,대구광역시,-0.002292625700658135,-0.009592594517049413
대구,대구혁신도시,19.03794242189118,19.03634310550298,집합상가,rent_1000won_m2,대구광역시,-0.0015993163882015438,-0.008400678774833636
대구,동성로중심,28.673307287858783,28.468889963333986,집합상가,rent_1000won_m2,대구광역시,-0.20441732452479755,-0.7129185429242568
대구,두류감삼역,22.146257244635077,22.12456243528093,집합상가,rent_1000won_m2,대구광역시,-0.021694809354148248,-0.09796151609050563
대구,상인/월배,23.749902892145364,23.745191233060822,집합상가,rent_1000won_m2,대구광역시,-0.004711659084541964,-0.019838645681791167
대구,서문시장/청라언덕,25.870953617282687,25.869629880566787,집합상가,rent_1000won_m2,대구광역시,-0.0013237367159000257,-0.0051166908475175354
대구,수성범어,20.04309608428562,20.034445726139165,집합상가,rent_1000won_m2,대구광역시,-0.008650358146454096,-0.043158791985420386
대구,시지지구,20.106974810333007,20.10301840720512,집합상가,rent_1000won_m2,대구광역시,-0.0039564031278871425,-0.019676769704080055
대구,이시아폴리스,18.287863507645817,18.26021048822901,집합상가,rent_1000won_m2,대구광역시,-0.027653019416806757,-0.15120967741937275
대구,죽전역,19.37943421185644,19.376975433642023,집합상가,rent_1000won_m2,대구광역시,-0.002458778214418089,-0.012687564495117432
대구,칠곡,32.31418743839339,32.24903894356609,집합상가,rent_1000won_m2,대구광역시,-0.06514849482729801,-0.20160957149705228
대구,현풍테크노폴리스,20.489191775512282,20.48810853402479,집합상가,rent_1000won_m2,대구광역시,-0.0010832414874926144,-0.005286892227673867
인천,계,27.565339359577003,27.75077525229531,집합상가,rent_1000won_m2,인천광역시,0.1854358927183064,0.6727139843967889
인천,간석오거리,21.797761440112705,21.75729199454411,집합상가,rent_1000won_m2,인천광역시,-0.04046944556859344,-0.1856587231665041
인천,계양계산,23.960503300258786,23.919192951002316,집합상가,rent_1000won_m2,인천광역시,-0.04131034925647015,-0.17241018996467794
인천,구월,34.279251163226135,34.26991582339635,집합상가,rent_1000won_m2,인천광역시,-0.009335339829782185,-0.02723320817403785
인천,부평,29.834494262180492,29.83068658563804,집합상가,rent_1000won_m2,인천광역시,-0.003807676542450622,-0.012762664950805025
인천,송도,31.365283304038893,31.36024048025929,집합상가,rent_1000won_m2,인천광역시,-0.005042823779604078,-0.01607772431296839
인천,신포동,9.263954815970568,9.227684846054858,집합상가,rent_1000won_m2,인천광역시,-0.03626996991570941,-0.3915171288743968
인천,영종,33.46576706980977,33.450615142571756,집합상가,rent_1000won_m2,인천광역시,-0.015151927238015617,-0.04527590001570658
인천,인천논현역,36.33630541505996,36.33844611880776,집합상가,rent_1000won_m2,인천광역시,0.0021407037477985114,0.005891363261478766
인천,주안,19.73977699291132,19.736449049261964,집합상가,rent_1000won_m2,인천광역시,-0.003327943649356513,-0.01685907419598509
인천,청라국제도시,27.648938021562767,27.570625916748853,집합상가,rent_1000won_m2,인천광역시,-0.07831210481391437,-0.2832372974066466
광주,계,20.93576249576925,21.07489160481755,집합상가,rent_1000won_m2,광주광역시,0.13912910904830156,0.6645523853091806
광주,금남로/충장로,20.97856539536751,20.927866202802853,집합상가,rent_1000won_m2,광주광역시,-0.05069919256465738,-0.24167139939822446
광주,봉선동,17.473978080631248,18.602059060812092,집합상가,rent_1000won_m2,광주광역시,1.1280809801808438,6.455776555146575
광주,상무지구,26.188253318177324,26.187878466187634,집합상가,rent_1000won_m2,광주광역시,-0.00037485198969022804,-0.001431374537030905
광주,송정동지구,20.41685135933806,20.41685135933806,집합상가,rent_1000won_m2,광주광역시,0.0,0.0
광주,수완지구,26.812099589955007,26.812099589955007,집합상가,rent_1000won_m2,광주광역시,0.0,0.0
광주,첨단1지구,19.818079811229943,19.814524616085848,집합상가,rent_1000won_m2,광주광역시,-0.00355519514409508,-0.017939150401846682
광주,첨단2지구,18.295455884862537,18.287666353889673,집합상가,rent_1000won_m2,광주광역시,-0.007789530972864611,-0.04257631524399175
대전,계,22.65738191985,22.64048801301912,집합상가,rent_1000won_m2,대전광역시,-0.016893906830880212,-0.07456248427396561
대전,가수원,18.291877414543272,18.275309185249583,집합상가,rent_1000won_m2,대전광역시,-0.016568229293689285,-0.09057697533286779
대전,노은,23.891888758955826,23.922342893630322,집합상가,rent_1000won_m2,대전광역시,0.030454134674496203,0.12746641750154275
대전,대전동구청,28.822929211862586,28.675089503488348,집합상가,rent_1000won_m2,대전광역시,-0.14783970837423865,-0.5129239547012943
대전,동춘당공원,20.67196186624991,20.64510777044862,집합상가,rent_1000won_m2,대전광역시,-0.02685409580128706,-0.12990588883162735
대전,둔산,22.55873480126658,22.541422158042334,집합상가,rent_1000won_m2,대전광역시,-0.017312643224247637,-0.07674474378446261
대전,목원대,17.17649664682441,17.174454720043922,집합상가,rent_1000won_m2,대전광역시,-0.0020419267804889785,-0.011887911851138355
대전,유성온천역,28.71738792213495,28.703898171336302,집합상가,rent_1000won_m2,대전광역시,-0.013489750798648004,-0.04697415668591942
울산,계,21.070741705805975,21.05946649396079,집합상가,rent_1000won_m2,울산광역시,-0.01127521184518443,-0.05351122424930299
울산,삼산동,24.72193051480118,24.718711408643454,집합상가,rent_1000won_m2,울산광역시,-0.003219106157725804,-0.013021257202383563
울산,성남옥교동,20.253539365575648,20.239287406357867,집합상가,rent_1000won_m2,울산광역시,-0.014251959217780552,-0.07036774639994636
울산,신정동,19.131085196690297,19.125015877171272,집합상가,rent_1000won_m2,울산광역시,-0.006069319519024674,-0.03172490978229359
울산,울산농소,17.55633514830365,17.53856991436017,집합상가,rent_1000won_m2,울산광역시,-0.01776523394347862,-0.10118987700684645
울산,전하동,20.555682232270122,20.54889020417053,집합상가,rent_1000won_m2,울산광역시,-0.006792028099592784,-0.03304209523598001
세종,계,18.13052246086494,18.109322186286125,집합상가,rent_1000won_m2,세종특별자치시,-0.02120027457881335,-0.11693140462208929
세종,나성한솔동,13.31346818661189,13.299086624349972,집합상가,rent_1000won_m2,세종특별자치시,-0.014381562261919001,-0.10802265841128866
세종,세종정부청사,29.47183999317504,29.4329439711879,집합상가,rent_1000won_m2,세종특별자치시,-0.038896021987138596,-0.1319769040417751
경기,계,30.297465611360412,30.27421062804413,집합상가,rent_1000won_m2,경기도,-0.023254983316281397,-0.07675553993388151
경기,고양시청,31.44708932750651,31.593649114959643,집합상가,rent_1000won_m2,경기도,0.14655978745313192,0.46605199586766677
경기,고잔신도시,22.004637742402853,22.008182874953587,집합상가,rent_1000won_m2,경기도,0.003545132550733854,0.016110842597072406
경기,광교중앙역,20.115846186699308,20.089960201271616,집합상가,rent_1000won_m2,경기도,-0.02588598542769205,-0.12868454643886196
경기,광명철산,45.14143448284354,45.374523541775055,집합상가,rent_1000won_m2,경기도,0.23308905893151177,0.516352795611974
경기,금릉역,30.577559373438458,30.349833955638225,집합상가,rent_1000won_m2,경기도,-0.22772541780023303,-0.7447468747229347
경기,김포운양역,32.598653956710166,32.584576198056986,집합상가,rent_1000won_m2,경기도,-0.014077758653179728,-0.043185091850339585
경기,김포장기역,31.715178012417407,31.694853657023312,집합상가,rent_1000won_m2,경기도,-0.02032435539409505,-0.06408400225954569
경기,김포한강구래,34.181035920452615,34.11227072675489,집합상가,rent_1000won_m2,경기도,-0.06876519369772183,-0.2011793728480149
경기,남양주다산,29.303298227946584,29.248247228762796,집합상가,rent_1000won_m2,경기도,-0.05505099918378775,-0.18786622159578936
경기,남양주별내,32.1520851455516,32.10970537004397,집합상가,rent_1000won_m2,경기도,-0.04237977550763361,-0.13181034858480434
경기,동백지구,29.07047671314833,29.081966908011818,집합상가,rent_1000won_m2,경기도,0.011490194863487346,0.03952530595512371
경기,동탄2신도시,35.19056743099308,35.3420272693592,집합상가,rent_1000won_m2,경기도,0.1514598383661223,0.4303989660386254
경기,동탄센트럴파크,33.10857975586243,33.15958864640666,집합상가,rent_1000won_m2,경기도,0.05100889054423163,0.15406547463032716
경기,모란,33.160024127464894,33.160024127464894,집합상가,rent_1000won_m2,경기도,0.0,0.0
경기,미사지구,37.225988701145006,37.1470882598246,집합상가,rent_1000won_m2,경기도,-0.07890044132040686,-0.21194988789641211
경기,배곧신도시,19.68322707589292,19.599069865752195,집합상가,rent_1000won_m2,경기도,-0.08415721014072375,-0.42755799044656984
경기,범계학원가,24.96428257396796,24.96428257396796,집합상가,rent_1000won_m2,경기도,0.0,0.0
경기,병점역,20.404972463205404,20.399177276687322,집합상가,rent_1000won_m2,경기도,-0.005795186518081863,-0.028400854392385266
경기,부천역,34.971564647204154,34.95578438271619,집합상가,rent_1000won_m2,경기도,-0.015780264487965212,-0.04512312974028765
경기,분당역세권,50.03756146744154,50.021986567327566,집합상가,rent_1000won_m2,경기도,-0.015574900113975332,-0.03112641714986264
경기,산본역,45.02705398618595,45.02705398618595,집합상가,rent_1000won_m2,경기도,0.0,0.0
경기,상록수역,31.3358314582483,31.15859032150969,집합상가,rent_1000won_m2,경기도,-0.17724113673861197,-0.56561810710134
경기,상중동,35.009050978033855,34.89731050848008,집합상가,rent_1000won_m2,경기도,-0.11174046955377293,-0.3191759457401022
경기,상현역,32.52830346473553,32.57674049958353,집합상가,rent_1000won_m2,경기도,0.04843703484799988,0.1489073504878924
경기,서판교,31.611668078054297,31.559689555428086,집합상가,rent_1000won_m2,경기도,-0.05197852262621083,-0.16442828166444157
경기,선부다이아몬드,23.83971804502288,23.83971804502288,집합상가,rent_1000won_m2,경기도,0.0,0.0
경기,성남구시가지,26.513465862253863,26.429893599662655,집합상가,rent_1000won_m2,경기도,-0.08357226259120765,-0.31520685762244094
경기,송내역,24.891742574053016,24.88883936537148,집합상가,rent_1000won_m2,경기도,-0.002903208681534153,-0.011663340454759474
경기,수원역,29.99706164746391,29.99706164746391,집합상가,rent_1000won_m2,경기도,0.0,0.0
경기,시흥시립도서관,16.6933596971613,16.66184948975334,집합상가,rent_1000won_m2,경기도,-0.03151020740795829,-0.18875893157275225
경기,안산중앙역,41.3976707836834,41.33482786680524,집합상가,rent_1000won_m2,경기도,-0.06284291687816079,-0.15180302584301142
경기,안성 서인사거리,22.175493924685874,22.056584399772458,집합상가,rent_1000won_m2,경기도,-0.11890952491341622,-0.5362204121237002
경기,안양역,41.91405434390267,41.83874968053635,집합상가,rent_1000won_m2,경기도,-0.07530466336631747,-0.17966446946040548
경기,야탑역,33.687337565638984,33.64215066357467,집합상가,rent_1000won_m2,경기도,-0.04518690206431586,-0.1341361631095661
경기,역곡역,23.10930535507499,23.133661384696307,집합상가,rent_1000won_m2,경기도,0.02435602962131611,0.10539490152163822
경기,오산시청,25.519956908701516,25.519956908701516,집합상가,rent_1000won_m2,경기도,0.0,0.0
경기,용인수지,28.451272005094687,28.545330655248417,집합상가,rent_1000won_m2,경기도,0.09405865015373038,0.3305955886151235
경기,월피다이아몬드,22.047511290651585,22.04005146615805,집합상가,rent_1000won_m2,경기도,-0.007459824493533773,-0.03383522246657167
경기,위례신도시,26.504357627285117,26.49178063814445,집합상가,rent_1000won_m2,경기도,-0.012576989140665518,-0.04745253334387245
경기,의정부민락,28.348697013827465,28.387337502013764,집합상가,rent_1000won_m2,경기도,0.03864048818629939,0.1363042829356509
경기,의정부역,31.957234441599535,31.995802143764656,집합상가,rent_1000won_m2,경기도,0.038567702165121176,0.12068535603606545
경기,이천종합터미널,22.297601308205632,22.246634565808478,집합상가,rent_1000won_m2,경기도,-0.05096674239715426,-0.22857500092801075
경기,인계동,25.54334840632982,25.782927299192295,집합상가,rent_1000won_m2,경기도,0.23957889286247536,0.9379306465674864
경기,일산라페스타,25.615219511065025,25.526323959499443,집합상가,rent_1000won_m2,경기도,-0.0888955515655816,-0.3470419276601633
경기,죽전카페거리,43.71935718815868,43.71935718815868,집합상가,rent_1000won_m2,경기도,0.0,0.0
경기,탄현역,17.587826157098032,17.579118246098396,집합상가,rent_1000won_m2,경기도,-0.00870791099963597,-0.0495110135946053
경기,파주시청,15.453127608490846,15.259589108548512,집합상가,rent_1000won_m2,경기도,-0.19353849994233308,-1.252422841807066
경기,파주야당역,36.39460976965396,36.23769599895507,집합상가,rent_1000won_m2,경기도,-0.15691377069889256,-0.43114563308143117
경기,파주운정호수,33.26091528481931,33.24122536991278,집합상가,rent_1000won_m2,경기도,-0.019689914906528827,-0.05919835560121989
경기,팔달문로터리,25.252907825489032,25.252907825489032,집합상가,rent_1000won_m2,경기도,0.0,0.0
경기,평촌범계,57.36498321118396,57.3698261388952,집합상가,rent_1000won_m2,경기도,0.004842927711237621,0.008442306508493758
경기,평택역,24.03712961354934,24.006117630519096,집합상가,rent_1000won_m2,경기도,-0.03101198303024333,-0.12901699798948396
경기,한대앞역,23.990644966986483,23.910909113615915,집합상가,rent_1000won_m2,경기도,-0.07973585337056832,-0.3323622748796162
경기,행신역,20.604872879565935,20.590879577763474,집합상가,rent_1000won_m2,경기도,-0.013993301802461389,-0.06791258497080843
경기,화정역,40.59430859965075,40.546294353907854,집합상가,rent_1000won_m2,경기도,-0.048014245742898254,-0.11827826953877407
강원,계,18.315837195034888,18.294490411219606,집합상가,rent_1000won_m2,강원특별자치도,-0.021346783815282322,-0.11654822866119519
강원,강릉중부,13.115767936483133,13.1084467266713,집합상가,rent_1000won_m2,강원특별자치도,-0.007321209811832929,-0.055819909648358035
강원,동해천곡,24.832133758126442,24.815829320692405,집합상가,rent_1000won_m2,강원특별자치도,-0.01630443743403731,-0.06565862439711356
강원,삼척중앙시장,15.803310917914988,15.801974598710023,집합상가,rent_1000won_m2,강원특별자치도,-0.0013363192049649086,-0.008455944529006665
강원,속초중앙시장,17.15897365674125,17.148523319267426,집합상가,rent_1000won_m2,강원특별자치도,-0.010450337473823623,-0.06090304515222744
강원,영월경찰서,9.313018391633609,9.31579239368637,집합상가,rent_1000won_m2,강원특별자치도,0.0027740020527620146,0.029786283416499693
강원,원주무실지구,19.81982797628916,19.816998700985398,집합상가,rent_1000won_m2,강원특별자치도,-0.0028292753037639784,-0.014274974067129964
강원,원주중앙/일산,34.51416421726645,34.42380292438925,집합상가,rent_1000won_m2,강원특별자치도,-0.09036129287719774,-0.26180930330045316
강원,원주혁신도시,17.342558414591,17.309021645325913,집합상가,rent_1000won_m2,강원특별자치도,-0.033536769265086974,-0.19337844200005838
강원,춘천명동,22.307260420532607,22.290131336571548,집합상가,rent_1000won_m2,강원특별자치도,-0.017129083961059166,-0.07678703542319809
강원,태백중앙시장,18.055967991031764,18.055252440326054,집합상가,rent_1000won_m2,강원특별자치도,-0.0007155507057099442,-0.003962959538172939
충북,계,14.92104892694814,14.878182665450474,집합상가,rent_1000won_m2,충청북도,-0.04286626149766626,-0.2872871854219805
충북,오창호수공원,10.185108220271918,10.186126265884852,집합상가,rent_1000won_m2,충청북도,0.0010180456129340598,0.009995432458032028
충북,용담동우체국,22.09349543221636,22.080553204246304,집합상가,rent_1000won_m2,충청북도,-0.01294222797005773,-0.058579358842358875
충북,제천역,5.210358240329063,5.123866106139976,집합상가,rent_1000won_m2,충청북도,-0.0864921341890863,-1.660003596674453
충북,제천중앙,12.989631692336836,12.985684018580834,집합상가,rent_1000won_m2,충청북도,-0.003947673756002246,-0.030390959878645596
충북,청주고속버스터미널,23.734925182374642,23.713736690183758,집합상가,rent_1000won_m2,충청북도,-0.021188492190884034,-0.08927136710175088
충북,청주지방법원,20.18454358155876,20.181763848260665,집합상가,rent_1000won_m2,충청북도,-0.0027797332980945555,-0.013771593530775839
충북,충북혁신도시,15.666888093566902,15.358157101359845,집합상가,rent_1000won_m2,충청북도,-0.3087309922070567,-1.97059550284161
충북,충주연수칠금,13.99390857236803,13.78962986495871,집합상가,rent_1000won_m2,충청북도,-0.20427870740931908,-1.459768772626413
충북,충주자유시장,16.55132831172486,16.55132831172486,집합상가,rent_1000won_m2,충청북도,0.0,0.0
충남,계,15.772999076238943,15.759641984424327,집합상가,rent_1000won_m2,충청남도,-0.01335709181461553,-0.08468327266142328
충남,금산인삼국제시장,12.47504190949045,12.47504190949045,집합상가,rent_1000won_m2,충청남도,0.0,0.0
충남,논산시외버스터미널,10.645716332196598,10.64577971881695,집합상가,rent_1000won_m2,충청남도,6.338662035254572e-05,0.0005954190246626467
충남,당진시청,21.945192780142794,21.937854656849478,집합상가,rent_1000won_m2,충청남도,-0.007338123293315846,-0.033438408889052695
충남,두정,16.938429398247294,16.93199316072084,집합상가,rent_1000won_m2,충청남도,-0.006436237526454391,-0.037997841329495685
충남,백석,8.15308252361568,8.15213395995449,집합상가,rent_1000won_m2,충청남도,-0.000948563661189894,-0.01163441751561578
충남,서산터미널,11.483470202249622,11.484421855715798,집합상가,rent_1000won_m2,충청남도,0.0009516534661759835,0.008287159276898493
충남,아산온양,17.380040525493893,17.280551445266724,집합상가,rent_1000won_m2,충청남도,-0.09948908022716907,-0.572432958837088
충남,천안시청,19.77461992966241,19.77239564740882,집합상가,rent_1000won_m2,충청남도,-0.0022242822535893936,-0.011248166900301726
충남,천안역,9.285733916009722,9.289386447196142,집합상가,rent_1000won_m2,충청남도,0.0036525311864199494,0.0393348680832073
충남,천안종합버스터미널,54.14013279214569,54.106518255606595,집합상가,rent_1000won_m2,충청남도,-0.03361453653909763,-0.062088020116524145
충남,태안터미널,13.930297855095962,13.933771383911777,집합상가,rent_1000won_m2,충청남도,0.0034735288158156408,0.024935064935061035
전북,계,19.256849337893698,19.241225150065517,집합상가,rent_1000won_m2,전북특별자치도,-0.015624187828180425,-0.0811357432050741
전북,군산수송동조촌동,25.314828376722247,25.309589417471663,집합상가,rent_1000won_m2,전북특별자치도,-0.005238959250583264,-0.02069521931027385
전북,군산원도심,8.382763207270406,8.3805094228847,집합상가,rent_1000won_m2,전북특별자치도,-0.0022537843857062256,-0.026885936414755562
전북,익산역,7.009040549885986,7.0022522522522515,집합상가,rent_1000won_m2,전북특별자치도,-0.0067882976337347856,-0.09685059724536815
전북,전북혁신도시,17.121842861213977,17.12467324565654,집합상가,rent_1000won_m2,전북특별자치도,0.002830384442560785,0.016530839965667177
전북,전주동부,27.73891816042832,27.725716414173526,집합상가,rent_1000won_m2,전북특별자치도,-0.013201746254793534,-0.047592866377987875
전북,전주서부,17.997996152793718,17.96604385014777,집합상가,rent_1000won_m2,전북특별자치도,-0.03195230264594784,-0.17753255626176134
전북,전주서부신시가지,23.796155011781895,23.752945112057805,집합상가,rent_1000won_m2,전북특별자치도,-0.04320989972408995,-0.1815835360910012
전남,계,14.815626456378478,14.800421121248657,집합상가,rent_1000won_m2,전라남도,-0.015205335129820696,-0.10263038943773006
전남,광양중동,11.506910788597523,11.50170367947626,집합상가,rent_1000won_m2,전라남도,-0.005207109121263542,-0.04525201608778229
전남,광주전남혁신도시,10.950932044731463,10.924440177167057,집합상가,rent_1000won_m2,전라남도,-0.026491867564406135,-0.24191427228471563
전남,순천원도심,12.30119068557481,12.28630020592852,집합상가,rent_1000won_m2,전라남도,-0.014890479646290089,-0.12104909213179749
전남,여수학동,19.555360261124115,19.51592217672808,집합상가,rent_1000won_m2,전라남도,-0.03943808439603558,-0.2016740365271552
전남,전남도청,19.840157695715074,19.77787754464834,집합상가,rent_1000won_m2,전라남도,-0.06228015106673368,-0.313909556677483
전남,조례,24.275155245615874,24.260906213537286,집합상가,rent_1000won_m2,전라남도,-0.014249032078588186,-0.05869800598354846
전남,하당신도심,9.141891139327923,9.138817188997427,집합상가,rent_1000won_m2,전라남도,-0.003073950330495734,-0.03362488443197087
경북,계,15.820193210611908,15.80836270327134,집합상가,rent_1000won_m2,경상북도,-0.011830507340567564,-0.07478105471323548
경북,경북김천혁신도시,13.685405485523845,13.685405485523845,집합상가,rent_1000won_m2,경상북도,0.0,0.0
경북,경북도청신도시,13.606757958359164,13.606757958359164,집합상가,rent_1000won_m2,경상북도,0.0,0.0
경북,구미산업단지,21.262137799097605,21.19660998401448,집합상가,rent_1000won_m2,경상북도,-0.06552781508312577,-0.30819015332459454
경북,구미역,22.492101109630603,22.482452536849404,집합상가,rent_1000won_m2,경상북도,-0.009648572781198794,-0.04289760540453491
경북,문경점촌흥덕,14.527290487255033,14.527290487255033,집합상가,rent_1000won_m2,경상북도,0.0,0.0
경북,안동구도심,14.929400034801262,14.929400034801262,집합상가,rent_1000won_m2,경상북도,0.0,0.0
경북,영주중앙,7.278235299936693,7.278235299936693,집합상가,rent_1000won_m2,경상북도,0.0,0.0
경북,옥동사거리,14.365913342247227,14.365699432734074,집합상가,rent_1000won_m2,경상북도,-0.00021390951315325424,-0.0014890074028550693
경북,포항원도심,13.899472414759819,13.898022340806047,집합상가,rent_1000won_m2,경상북도,-0.0014500739537712803,-0.010432582694519521
경북,포항중앙,15.494631820583477,15.481105121374682,집합상가,rent_1000won_m2,경상북도,-0.013526699208794568,-0.08729926186968884
경남,계,19.589062160197212,19.55409775895182,집합상가,rent_1000won_m2,경상남도,-0.034964401245392907,-0.1784894088316169
경남,거제고현,27.9194985269728,27.897081229556193,집합상가,rent_1000won_m2,경상남도,-0.02241729741660592,-0.08029262200017762
경남,거제옥포,13.551757104834826,13.390418264770082,집합상가,rent_1000won_m2,경상남도,-0.16133884006474375,-1.1905381628127265
경남,김해수리공원,28.2996631955547,28.294812959330006,집합상가,rent_1000won_m2,경상남도,-0.004850236224694271,-0.0171388478766632
경남,김해시 내외동,32.20469762153354,32.20042938980305,집합상가,rent_1000won_m2,경상남도,-0.004268231730492289,-0.01325344451499344
경남,김해시청/동상시장,12.605294035876407,12.589786778853442,집합상가,rent_1000won_m2,경상남도,-0.015507257022964183,-0.1230217794113253
경남,김해장유,15.935486454807709,15.92947602165743,집합상가,rent_1000won_m2,경상남도,-0.0060104331502781605,-0.03771728693268139
경남,마산동서동,13.828604684806372,13.814667683954161,집합상가,rent_1000won_m2,경상남도,-0.013937000852211057,-0.10078385469738382
경남,마산역버스터미널,18.55268406105157,18.47205425402228,집합상가,rent_1000won_m2,경상남도,-0.08062980702928968,-0.4345991489099865
경남,물금지구,16.68538679347783,16.65410409881375,집합상가,rent_1000won_m2,경상남도,-0.03128269466407829,-0.18748558275141214
경남,양산구도심,10.597470185904276,10.618408888898196,집합상가,rent_1000won_m2,경상남도,0.02093870299392009,0.1975820891836122
경남,양산역,22.867644065873357,22.796013906711142,집합상가,rent_1000won_m2,경상남도,-0.07163015916221482,-0.31323803604723643
경남,진주혁신도시,21.693156991514844,21.59837434886086,집합상가,rent_1000won_m2,경상남도,-0.09478264265398195,-0.436924153967333
경남,진해석동,15.951175733972192,15.884064693789993,집합상가,rent_1000won_m2,경상남도,-0.06711104018219949,-0.42072785919641253
경남,창원명곡동,15.6901174336414,15.686521303077887,집합상가,rent_1000won_m2,경상남도,-0.003596130563513711,-0.02291971732348852
경남,창원시청,21.440900457326904,21.436673041308072,집합상가,rent_1000won_m2,경상남도,-0.004227416018832031,-0.019716597384733525
경남,창원역,12.336518134767122,12.313895235868857,집합상가,rent_1000won_m2,경상남도,-0.02262289889826441,-0.183381555890616
경남,창원월영동,31.695142964757782,31.68861827920314,집합상가,rent_1000won_m2,경상남도,-0.006524685554641252,-0.020585758398050658
경남,창원의창구청,9.25803356777016,9.240114829249352,집합상가,rent_1000won_m2,경상남도,-0.01791873852080883,-0.193547996879051
경남,활천동,10.976194280236456,10.953826489854606,집합상가,rent_1000won_m2,경상남도,-0.022367790381849773,-0.2037845705967989
제주,계,12.634368484427812,12.617075407202167,집합상가,rent_1000won_m2,제주특별자치도,-0.017293077225644993,-0.13687330116229912
제주,광양사거리,14.2094380388129,14.192571272725157,집합상가,rent_1000won_m2,제주특별자치도,-0.016866766087742846,-0.11870114807969179
제주,노형오거리,18.9800933120573,18.95692287264592,집합상가,rent_1000won_m2,제주특별자치도,-0.023170439411380528,-0.12207758429017002
