"행정구역","2026년01월_계_총인구수","2026년01월_계_연령구간인구수","2026년01월_계_0~9세","2026년01월_계_10~19세","2026년01월_계_20~29세","2026년01월_계_30~39세","2026년01월_계_40~49세","2026년01월_계_50~59세","2026년01월_계_60~69세","2026년01월_계_70~79세","2026년01월_계_80~89세","2026년01월_계_90~99세","2026년01월_계_100세 이상","2026년02월_계_총인구수","2026년02월_계_연령구간인구수","2026년02월_계_0~9세","2026년02월_계_10~19세","2026년02월_계_20~29세","2026년02월_계_30~39세","2026년02월_계_40~49세","2026년02월_계_50~59세","2026년02월_계_60~69세","2026년02월_계_70~79세","2026년02월_계_80~89세","2026년02월_계_90~99세","2026년02월_계_100세 이상","2026년03월_계_총인구수","2026년03월_계_연령구간인구수","2026년03월_계_0~9세","2026년03월_계_10~19세","2026년03월_계_20~29세","2026년03월_계_30~39세","2026년03월_계_40~49세","2026년03월_계_50~59세","2026년03월_계_60~69세","2026년03월_계_70~79세","2026년03월_계_80~89세","2026년03월_계_90~99세","2026년03월_계_100세 이상","2026년04월_계_총인구수","2026년04월_계_연령구간인구수","2026년04월_계_0~9세","2026년04월_계_10~19세","2026년04월_계_20~29세","2026년04월_계_30~39세","2026년04월_계_40~49세","2026년04월_계_50~59세","2026년04월_계_60~69세","2026년04월_계_70~79세","2026년04월_계_80~89세","2026년04월_계_90~99세","2026년04월_계_100세 이상","2026년05월_계_총인구수","2026년05월_계_연령구간인구수","2026년05월_계_0~9세","2026년05월_계_10~19세","2026년05월_계_20~29세","2026년05월_계_30~39세","2026년05월_계_40~49세","2026년05월_계_50~59세","2026년05월_계_60~69세","2026년05월_계_70~79세","2026년05월_계_80~89세","2026년05월_계_90~99세","2026년05월_계_100세 이상","2026년06월_계_총인구수","2026년06월_계_연령구간인구수","2026년06월_계_0~9세","2026년06월_계_10~19세","2026년06월_계_20~29세","2026년06월_계_30~39세","2026년06월_계_40~49세","2026년06월_계_50~59세","2026년06월_계_60~69세","2026년06월_계_70~79세","2026년06월_계_80~89세","2026년06월_계_90~99세","2026년06월_계_100세 이상"
"서울특별시  (1100000000)","9,299,701","9,299,701","459,382","717,738","1,249,445","1,463,641","1,363,204","1,469,734","1,317,268","833,117","368,738","56,001","1,433","9,304,129","9,304,129","458,247","719,748","1,247,112","1,461,351","1,364,041","1,470,032","1,318,104","837,711","369,688","56,640","1,455","9,304,400","9,304,400","456,732","720,532","1,244,285","1,465,489","1,359,551","1,465,982","1,318,774","843,052","371,068","57,476","1,459","9,298,673","9,298,673","455,648","719,027","1,239,522","1,467,418","1,357,334","1,464,286","1,318,622","845,655","371,689","58,015","1,457","9,295,082","9,295,082","454,209","717,591","1,235,814","1,469,331","1,355,855","1,462,755","1,318,017","848,552","373,053","58,443","1,462","9,289,813","9,289,813","453,265","716,175","1,232,287","1,469,771","1,355,706","1,461,205","1,316,536","850,440","374,484","58,475","1,469"
"서울특별시 종로구 (1111000000)","136,798","136,798","5,056","9,143","20,071","19,836","18,147","22,783","20,990","12,652","6,864","1,222","34","136,764","136,764","5,041","9,182","20,095","19,786","18,091","22,774","20,979","12,680","6,864","1,237","35","136,817","136,817","5,017","9,216","20,062","19,922","18,041","22,678","20,978","12,762","6,857","1,249","35","136,716","136,716","5,013","9,186","20,011","19,921","18,033","22,594","21,009","12,787","6,868","1,260","34","136,518","136,518","4,996","9,127","19,942","19,932","17,988","22,532","20,994","12,814","6,891","1,263","39","136,318","136,318","4,973","9,062","19,870","19,983","17,996","22,468","20,923","12,831","6,896","1,276","40"
"서울특별시 중구 (1114000000)","117,718","117,718","4,939","5,763","15,651","21,257","16,064","17,797","17,878","11,513","5,820","1,015","21","117,625","117,625","4,854","5,861","15,575","21,165","16,084","17,779","17,858","11,578","5,835","1,014","22","117,762","117,762","4,852","5,881","15,589","21,219","16,104","17,746","17,847","11,632","5,837","1,033","22","117,760","117,760","4,846","5,844","15,534","21,258","16,116","17,756","17,822","11,697","5,822","1,043","22","117,765","117,765","4,830","5,850","15,491","21,274","16,127","17,747","17,798","11,729","5,847","1,047","25","117,558","117,558","4,828","5,841","15,371","21,242","16,146","17,699","17,760","11,764","5,842","1,039","26"
"서울특별시 용산구 (1117000000)","201,746","201,746","9,818","12,684","26,339","37,230","29,073","31,847","28,201","16,276","8,629","1,597","52","201,494","201,494","9,786","12,702","26,201","37,095","29,072","31,831","28,154","16,390","8,597","1,613","53","200,962","200,962","9,780","12,682","26,001","37,073","28,939","31,671","28,146","16,406","8,584","1,627","53","200,187","200,187","9,754","12,658","25,809","37,005","28,857","31,536","27,994","16,350","8,522","1,644","58","199,810","199,810","9,717","12,607","25,671","36,975","28,840","31,475","27,932","16,391","8,494","1,649","59","199,648","199,648","9,737","12,569","25,587","36,964","28,896","31,407","27,848","16,424","8,493","1,665","58"
"서울특별시 성동구 (1120000000)","274,695","274,695","15,651","17,131","37,644","48,439","39,575","42,769","38,520","22,448","10,897","1,591","30","274,854","274,854","15,592","17,242","37,653","48,267","39,608","42,822","38,505","22,606","10,917","1,611","31","275,093","275,093","15,646","17,333","37,645","48,387","39,518","42,734","38,524","22,709","10,916","1,650","31","274,917","274,917","15,631","17,309","37,546","48,384","39,477","42,728","38,508","22,737","10,910","1,658","29","274,694","274,694","15,640","17,242","37,362","48,358","39,477","42,656","38,561","22,754","10,955","1,658","31","274,517","274,517","15,629","17,187","37,232","48,379","39,523","42,576","38,525","22,814","10,969","1,652","31"
"서울특별시 광진구 (1121500000)","330,933","330,933","13,446","22,815","54,622","56,792","45,960","51,138","45,773","26,769","11,773","1,800","45","331,095","331,095","13,416","22,854","54,624","56,682","45,982","51,100","45,854","26,863","11,839","1,834","47","331,123","331,123","13,379","22,967","54,538","56,800","45,857","50,875","45,898","27,024","11,883","1,858","44","331,029","331,029","13,339","22,920","54,349","56,926","45,871","50,720","45,938","27,153","11,891","1,877","45","331,136","331,136","13,317","22,871","54,339","57,020","45,812","50,693","45,957","27,265","11,941","1,874","47","330,905","330,905","13,265","22,805","54,203","57,074","45,786","50,606","45,917","27,345","11,979","1,881","44"
"서울특별시 동대문구 (1123000000)","348,620","348,620","17,752","22,771","55,094","54,791","48,081","52,663","48,814","31,354","15,119","2,130","51","350,393","350,393","17,776","23,267","55,434","55,028","48,207","52,859","48,909","31,537","15,152","2,172","52","351,542","351,542","17,782","23,502","55,656","55,434","48,216","52,756","48,959","31,741","15,249","2,194","53","351,656","351,656","17,796","23,432","55,527","55,627","48,250","52,672","48,980","31,849","15,260","2,211","52","352,299","352,299","17,847","23,376","55,573","55,964","48,321","52,683","48,945","31,999","15,307","2,232","52","352,848","352,848","17,944","23,309","55,543","56,239","48,440","52,717","48,934","32,084","15,350","2,236","52"
"서울특별시 중랑구 (1126000000)","376,920","376,920","16,553","23,097","44,865","58,787","50,689","61,729","64,200","38,260","16,389","2,291","60","376,884","376,884","16,390","23,122","44,832","58,737","50,587","61,636","64,299","38,490","16,417","2,314","60","376,665","376,665","16,292","23,076","44,575","58,935","50,424","61,275","64,428","38,741","16,508","2,348","63","376,570","376,570","16,266","22,983","44,348","59,098","50,362","61,139","64,451","38,924","16,565","2,373","61","376,463","376,463","16,233","22,936","44,178","59,235","50,321","60,932","64,448","39,108","16,634","2,377","61","376,386","376,386","16,206","22,878","44,093","59,263","50,346","60,798","64,419","39,215","16,724","2,384","60"
"서울특별시 성북구 (1129000000)","422,146","422,146","21,357","33,746","62,354","56,864","59,627","70,765","58,609","37,400","18,566","2,792","66","422,542","422,542","21,236","34,185","62,357","56,734","59,496","70,822","58,667","37,564","18,586","2,826","69","422,778","422,778","21,184","34,373","62,353","56,908","59,273","70,639","58,635","37,792","18,674","2,880","67","422,452","422,452","21,169","34,252","62,224","56,970","59,173","70,503","58,633","37,872","18,689","2,899","68","422,190","422,190","21,103","34,115","62,131","57,100","59,101","70,356","58,570","37,992","18,745","2,906","71","421,762","421,762","21,005","33,985","61,979","57,119","59,091","70,249","58,528","37,999","18,824","2,910","73"
"서울특별시 강북구 (1130500000)","278,750","278,750","9,536","17,801","34,030","34,325","36,131","48,619","47,647","32,470","16,097","2,053","41","278,786","278,786","9,500","17,872","33,911","34,264","36,075","48,625","47,673","32,605","16,130","2,087","44","278,786","278,786","9,439","17,899","33,835","34,334","35,953","48,461","47,761","32,758","16,178","2,123","45","278,520","278,520","9,391","17,835","33,732","34,323","35,819","48,392","47,776","32,837","16,205","2,165","45","278,294","278,294","9,384","17,756","33,641","34,338","35,854","48,198","47,758","32,870","16,258","2,192","45","278,041","278,041","9,363","17,658","33,563","34,348","35,804","48,147","47,719","32,888","16,304","2,202","45"
"서울특별시 도봉구 (1132000000)","299,545","299,545","11,731","21,157","33,122","37,202","39,550","51,922","53,183","33,402","15,838","2,366","72","299,295","299,295","11,649","21,105","32,983","37,082","39,446","51,857","53,213","33,602","15,894","2,392","72","299,065","299,065","11,572","21,113","32,852","37,084","39,262","51,695","53,236","33,828","15,937","2,412","74","298,839","298,839","11,547","21,039","32,676","37,090","39,175","51,584","53,305","33,971","15,947","2,432","73","298,571","298,571","11,464","20,982","32,501","37,126","39,133","51,438","53,325","34,108","15,972","2,451","71","298,225","298,225","11,439","20,951","32,350","37,078","39,091","51,340","53,244","34,179","16,023","2,457","73"
"서울특별시 노원구 (1135000000)","482,461","482,461","22,746","43,825","60,581","61,089","68,741","83,777","72,411","45,075","20,658","3,472","86","482,293","482,293","22,719","43,908","60,296","60,931","68,772","83,654","72,414","45,358","20,663","3,493","85","482,487","482,487","22,652","44,192","60,387","61,151","68,484","83,212","72,445","45,611","20,720","3,547","86","482,097","482,097","22,628","43,940","60,257","61,403","68,285","83,019","72,371","45,782","20,746","3,580","86","481,589","481,589","22,468","43,764","60,170","61,561","68,066","82,780","72,351","45,920","20,828","3,597","84","481,053","481,053","22,430","43,514","59,934","61,844","67,968","82,545","72,260","46,015","20,870","3,588","85"
"서울특별시 은평구 (1138000000)","454,860","454,860","20,290","33,520","55,567","66,789","64,403","76,701","69,024","44,266","21,250","2,977","73","454,341","454,341","20,101","33,401","55,361","66,632","64,241","76,652","69,056","44,531","21,269","3,020","77","454,109","454,109","20,056","33,334","55,080","66,801","63,989","76,475","69,092","44,799","21,327","3,081","75","453,550","453,550","19,954","33,224","54,820","66,824","63,826","76,308","69,113","44,876","21,409","3,123","73","453,398","453,398","19,837","33,145","54,686","66,960","63,682","76,204","69,147","45,009","21,508","3,145","75","453,212","453,212","19,784","33,079","54,464","67,057","63,699","76,113","69,118","45,119","21,548","3,157","74"
"서울특별시 서대문구 (1141000000)","299,942","299,942","15,113","21,683","44,714","45,036","41,990","47,684","41,789","25,865","13,866","2,147","55","300,175","300,175","15,031","21,859","44,784","44,926","41,981","47,659","41,863","25,971","13,866","2,180","55","300,594","300,594","14,952","21,978","44,908","45,159","41,851","47,567","41,912","26,127","13,873","2,215","52","300,395","300,395","14,907","21,896","44,731","45,353","41,794","47,479","41,925","26,180","13,845","2,233","52","300,236","300,236","14,864","21,833","44,642","45,432","41,678","47,417","41,918","26,262","13,873","2,262","55","299,810","299,810","14,883","21,698","44,450","45,494","41,609","47,306","41,843","26,304","13,906","2,262","55"
"서울특별시 마포구 (1144000000)","357,232","357,232","18,168","25,687","54,339","64,551","54,473","55,803","42,695","25,593","13,652","2,224","47","357,136","357,136","18,058","25,754","54,289","64,380","54,475","55,809","42,693","25,748","13,646","2,239","45","356,966","356,966","17,975","25,727","54,160","64,534","54,242","55,715","42,682","25,972","13,651","2,258","50","356,894","356,894","17,967","25,716","53,961","64,601","54,193","55,740","42,712","26,041","13,632","2,280","51","356,856","356,856","17,942","25,688","53,819","64,651","54,121","55,794","42,694","26,118","13,666","2,313","50","356,487","356,487","17,856","25,644","53,618","64,549","54,121","55,772","42,674","26,183","13,689","2,331","50"
"서울특별시 양천구 (1147000000)","424,606","424,606","22,542","46,250","46,414","51,695","69,320","71,934","62,323","37,843","14,019","2,201","65","424,499","424,499","22,633","46,116","46,129","51,600","69,452","71,762","62,375","38,073","14,069","2,223","67","423,666","423,666","22,532","45,931","45,775","51,668","69,101","71,492","62,346","38,364","14,149","2,242","66","422,900","422,900","22,422","45,777","45,475","51,656","68,862","71,361","62,387","38,479","14,141","2,273","67","422,070","422,070","22,300","45,670","45,151","51,578","68,662","71,184","62,347","38,639","14,182","2,293","64","421,247","421,247","22,175","45,595","44,916","51,502","68,533","71,015","62,194","38,717","14,254","2,284","62"
"서울특별시 강서구 (1150000000)","549,536","549,536","26,525","40,069","71,210","96,222","81,618","81,413","78,922","50,431","19,739","3,287","100","549,050","549,050","26,389","39,939","70,904","95,950","81,643","81,376","78,897","50,710","19,822","3,321","99","548,985","548,985","26,291","39,894","70,548","96,362","81,367","81,160","78,882","51,135","19,880","3,368","98","548,716","548,716","26,206","39,839","70,279","96,449","81,260","81,071","78,845","51,344","19,926","3,399","98","548,622","548,622","26,163","39,777","69,924","96,591","81,276","80,990","78,760","51,605","20,016","3,424","96","548,515","548,515","26,101","39,803","69,662","96,634","81,283","81,016","78,639","51,753","20,113","3,413","98"
"서울특별시 구로구 (1153000000)","383,226","383,226","19,426","26,924","45,706","61,397","54,598","59,975","57,927","38,947","16,115","2,167","44","382,800","382,800","19,242","26,865","45,596","61,292","54,425","60,005","57,873","39,123","16,135","2,199","45","382,836","382,836","19,196","26,870","45,495","61,453","54,281","59,724","57,941","39,364","16,236","2,232","44","382,718","382,718","19,153","26,818","45,288","61,624","54,190","59,694","57,876","39,501","16,284","2,248","42","382,652","382,652","19,102","26,772","45,057","61,836","54,141","59,616","57,860","39,615","16,349","2,261","43","382,633","382,633","19,065","26,704","45,049","61,915","54,106","59,519","57,816","39,741","16,407","2,266","45"
"서울특별시 금천구 (1154500000)","223,012","223,012","8,262","12,023","31,419","39,776","27,501","34,992","36,992","21,621","9,164","1,238","24","222,809","222,809","8,174","11,982","31,310","39,762","27,456","34,885","37,050","21,751","9,172","1,242","25","222,712","222,712","8,145","11,949","31,218","39,874","27,391","34,637","37,106","21,880","9,220","1,268","24","222,726","222,726","8,122","11,937","31,107","39,993","27,372","34,548","37,089","22,000","9,257","1,277","24","222,655","222,655","8,073","11,911","31,020","40,075","27,351","34,461","37,087","22,066","9,300","1,288","23","222,503","222,503","8,062","11,874","30,857","40,127","27,353","34,335","37,137","22,109","9,334","1,290","25"
"서울특별시 영등포구 (1156000000)","371,228","371,228","19,649","22,351","52,482","74,205","52,073","53,859","48,914","31,008","14,410","2,221","56","371,055","371,055","19,474","22,363","52,384","74,050","52,080","53,909","48,941","31,105","14,444","2,250","55","371,177","371,177","19,465","22,325","52,327","74,412","51,885","53,695","49,033","31,232","14,460","2,288","55","371,471","371,471","19,502","22,332","52,085","74,788","51,862","53,713","49,069","31,288","14,458","2,320","54","371,772","371,772","19,496","22,349","51,858","75,027","51,919","53,741","49,111","31,383","14,500","2,335","53","371,867","371,867","19,539","22,351","51,706","75,168","51,992","53,677","49,045","31,466","14,550","2,321","52"
"서울특별시 동작구 (1159000000)","371,748","371,748","17,285","24,852","59,634","61,559","50,995","56,388","49,944","33,209","15,535","2,291","56","371,746","371,746","17,141","25,028","59,504","61,480","50,822","56,426","50,026","33,338","15,613","2,313","55","372,236","372,236","17,123","25,183","59,493","61,867","50,606","56,406","50,004","33,450","15,686","2,363","55","372,250","372,250","17,119","25,098","59,337","62,130","50,585","56,340","49,938","33,526","15,732","2,393","52","372,327","372,327","17,184","25,072","59,142","62,240","50,561","56,362","49,858","33,625","15,799","2,433","51","371,999","371,999","17,195","24,943","59,040","62,224","50,513","56,362","49,709","33,629","15,893","2,441","50"
"서울특별시 관악구 (1162000000)","477,657","477,657","13,821","23,573","101,295","94,163","57,635","64,521","59,954","41,443","18,937","2,272","43","478,195","478,195","13,701","23,837","101,607","94,012","57,603","64,490","59,972","41,602","19,004","2,323","44","478,468","478,468","13,604","23,981","101,639","94,333","57,428","64,255","59,888","41,848","19,072","2,376","44","478,144","478,144","13,592","23,866","101,354","94,527","57,306","64,154","59,866","41,889","19,159","2,385","46","478,154","478,154","13,493","23,713","101,222","94,814","57,267","64,093","59,848","41,990","19,244","2,423","47","477,797","477,797","13,428","23,578","100,974","94,944","57,252","64,000","59,785","42,066","19,310","2,414","46"
"서울특별시 서초구 (1165000000)","415,407","415,407","26,475","45,878","48,018","57,732","71,400","68,391","48,842","32,723","13,678","2,203","67","415,691","415,691","26,528","45,925","47,773","57,559","71,608","68,523","48,832","32,907","13,750","2,216","70","415,540","415,540","26,419","45,866","47,625","57,607","71,237","68,607","48,907","33,108","13,852","2,243","69","414,999","414,999","26,321","45,808","47,403","57,474","71,070","68,642","48,876","33,183","13,897","2,258","67","414,486","414,486","26,155","45,695","47,337","57,397","70,844","68,703","48,805","33,235","13,981","2,272","62","414,383","414,383","26,056","45,656","47,266","57,312","70,769","68,785","48,785","33,317","14,097","2,275","65"
"서울특별시 강남구 (1168000000)","555,787","555,787","31,890","63,952","62,843","80,365","99,993","88,546","63,692","44,469","17,200","2,750","87","555,502","555,502","31,925","63,898","62,394","80,006","100,128","88,597","63,683","44,729","17,276","2,778","88","554,165","554,165","31,704","63,720","61,970","79,863","99,618","88,450","63,558","45,025","17,376","2,791","90","553,260","553,260","31,530","63,697","61,668","79,568","99,277","88,571","63,442","45,132","17,458","2,823","94","552,962","552,962","31,350","63,642","61,536","79,459","99,093","88,725","63,323","45,359","17,529","2,852","94","552,830","552,830","31,251","63,625","61,459","79,268","98,953","88,838","63,359","45,449","17,677","2,859","92"
"서울특별시 송파구 (1171000000)","645,821","645,821","39,373","57,261","75,979","106,174","104,389","98,418","87,868","53,845","19,183","3,243","88","649,042","649,042","39,847","57,630","75,783","106,555","105,192","98,803","88,176","54,370","19,321","3,275","90","650,071","650,071","39,789","57,672","75,597","106,838","105,086","98,853","88,447","54,927","19,444","3,327","91","650,447","650,447","39,717","57,719","75,289","107,019","105,090","98,826","88,622","55,190","19,550","3,334","91","650,505","650,505","39,603","57,791","75,061","107,058","105,074","98,775","88,636","55,405","19,663","3,353","86","650,258","650,258","39,498","57,850","74,920","106,828","105,181","98,757","88,451","55,589","19,760","3,336","88"
"서울특별시 강동구 (1174000000)","499,307","499,307","31,978","43,782","55,452","77,365","81,178","75,300","72,156","44,235","15,340","2,451","70","500,063","500,063","32,044","43,851","55,333","77,376","81,515","75,377","72,142","44,480","15,407","2,468","70","499,795","499,795","31,886","43,868","54,957","77,471","81,398","75,204","72,119","44,817","15,499","2,503","73","499,460","499,460","31,756","43,902","54,712","77,407","81,229","75,196","72,075","45,067","15,516","2,527","73","499,058","499,058","31,648","43,907","54,360","77,330","81,146","75,200","71,984","45,291","15,571","2,543","78","499,011","499,011","31,553","44,016","54,181","77,216","81,255","75,158","71,904","45,440","15,672","2,536","80"
"부산광역시  (2600000000)","3,239,711","3,239,711","168,926","265,123","336,648","388,026","459,235","528,984","552,024","367,173","151,912","21,216","444","3,239,016","3,239,016","168,293","265,659","335,436","387,259","458,637","528,397","552,184","369,121","152,147","21,432","451","3,237,227","3,237,227","167,345","266,150","333,602","387,891","457,211","526,337","552,343","371,416","152,755","21,706","471","3,235,361","3,235,361","166,618","266,138","332,238","388,058","456,410","525,494","551,990","373,190","152,894","21,856","475","3,234,293","3,234,293","165,892","266,175","331,269","388,320","455,888","524,545","551,537","374,713","153,457","22,017","480","3,232,370","3,232,370","165,292","266,032","330,103","388,502","455,808","523,555","551,101","375,719","153,802","21,978","478"
"부산광역시 중구 (2611000000)","36,449","36,449","614","1,494","4,617","4,024","3,889","5,924","7,242","5,697","2,589","349","10","36,399","36,399","602","1,511","4,631","4,006","3,837","5,894","7,251","5,724","2,584","348","11","36,391","36,391","599","1,516","4,634","4,014","3,829","5,854","7,241","5,747","2,589","357","11","36,397","36,397","603","1,514","4,643","4,013","3,810","5,861","7,235","5,761","2,589","357","11","36,375","36,375","605","1,516","4,632","4,014","3,811","5,834","7,225","5,775","2,598","354","11","36,306","36,306","595","1,519","4,610","3,991","3,796","5,826","7,202","5,782","2,622","353","10"
"부산광역시 서구 (2614000000)","101,633","101,633","4,091","6,996","10,570","10,114","12,663","16,492","18,943","14,173","6,608","957","26","101,572","101,572","4,048","7,062","10,525","10,051","12,646","16,461","18,913","14,252","6,629","958","27","101,452","101,452","4,005","7,097","10,533","10,031","12,555","16,384","18,901","14,316","6,642","958","30","101,312","101,312","4,000","7,060","10,471","10,047","12,502","16,328","18,879","14,370","6,666","959","30","101,320","101,320","4,003","7,054","10,458","10,080","12,474","16,307","18,840","14,435","6,676","964","29","101,216","101,216","3,977","7,033","10,439","10,073","12,459","16,286","18,802","14,457","6,689","973","28"
"부산광역시 동구 (2617000000)","83,765","83,765","3,442","4,499","7,980","10,614","10,494","13,503","15,043","11,667","5,684","825","14","83,553","83,553","3,383","4,491","7,929","10,549","10,457","13,493","15,053","11,667","5,677","839","15","83,530","83,530","3,374","4,494","7,873","10,559","10,422","13,467","15,042","11,753","5,684","845","17","83,475","83,475","3,373","4,484","7,859","10,518","10,424","13,443","15,007","11,778","5,700","872","17","83,432","83,432","3,365","4,481","7,835","10,542","10,394","13,422","14,987","11,811","5,702","876","17","83,354","83,354","3,342","4,488","7,777","10,581","10,401","13,373","14,957","11,836","5,714","868","17"
"부산광역시 영도구 (2620000000)","101,252","101,252","3,518","6,292","8,615","8,842","11,964","16,814","20,476","16,322","7,455","940","14","100,944","100,944","3,484","6,282","8,518","8,735","11,894","16,794","20,424","16,384","7,469","945","15","100,733","100,733","3,457","6,277","8,403","8,742","11,855","16,665","20,408","16,466","7,479","965","16","100,633","100,633","3,420","6,265","8,429","8,752","11,800","16,627","20,357","16,527","7,467","974","15","100,748","100,748","3,408","6,268","8,529","8,785","11,788","16,551","20,325","16,582","7,520","979","13","100,570","100,570","3,401","6,242","8,515","8,744","11,759","16,482","20,288","16,605","7,545","975","14"
"부산광역시 부산진구 (2623000000)","365,384","365,384","18,427","24,428","46,509","54,200","49,188","56,112","58,720","38,771","16,740","2,243","46","365,395","365,395","18,353","24,543","46,495","54,053","49,103","56,054","58,773","38,950","16,778","2,247","46","365,294","365,294","18,256","24,658","46,301","54,118","49,017","55,818","58,786","39,201","16,813","2,279","47","365,157","365,157","18,197","24,653","46,153","54,157","48,986","55,676","58,730","39,431","16,813","2,312","49","365,104","365,104","18,154","24,616","45,986","54,288","48,868","55,620","58,724","39,581","16,875","2,341","51","364,912","364,912","18,150","24,610","45,754","54,401","48,851","55,516","58,627","39,708","16,896","2,349","50"
"부산광역시 동래구 (2626000000)","273,171","273,171","17,006","26,534","25,639","32,148","42,382","44,471","42,554","29,165","11,634","1,612","26","272,758","272,758","16,961","26,457","25,494","31,993","42,313","44,364","42,531","29,345","11,631","1,642","27","272,155","272,155","16,842","26,378","25,308","31,948","42,154","44,151","42,467","29,513","11,700","1,666","28","271,815","271,815","16,753","26,428","25,096","31,947","42,056","44,053","42,437","29,656","11,676","1,685","28","271,437","271,437","16,682","26,424","24,999","31,830","42,008","43,958","42,360","29,752","11,685","1,711","28","271,097","271,097","16,643","26,414","24,899","31,745","42,041","43,821","42,302","29,810","11,698","1,695","29"
"부산광역시 남구 (2629000000)","251,114","251,114","12,323","21,940","30,111","26,959","34,935","41,460","39,980","28,921","12,775","1,681","29","252,749","252,749","12,461","22,245","30,294","27,327","35,080","41,607","40,112","29,097","12,780","1,718","28","253,768","253,768","12,499","22,477","30,400","27,673","35,043","41,634","40,149","29,268","12,851","1,745","29","253,913","253,913","12,465","22,463","30,398","27,789","34,987","41,641","40,107","29,402","12,870","1,763","28","254,174","254,174","12,419","22,483","30,390","27,907","35,038","41,620","40,050","29,530","12,934","1,773","30","254,413","254,413","12,398","22,419","30,401","28,046","35,053","41,644","40,071","29,610","12,979","1,762","30"
"부산광역시 북구 (2632000000)","262,506","262,506","13,160","20,295","24,924","31,325","33,680","45,450","51,884","29,231","10,974","1,547","36","262,000","262,000","13,023","20,241","24,689","31,206","33,586","45,317","51,900","29,440","11,016","1,548","34","261,557","261,557","12,950","20,183","24,369","31,196","33,496","45,037","52,020","29,631","11,075","1,563","37","261,316","261,316","12,870","20,179","24,178","31,190","33,400","44,908","52,073","29,805","11,106","1,572","35","260,994","260,994","12,800","20,150","24,022","31,153","33,325","44,716","52,076","29,981","11,151","1,585","35","260,736","260,736","12,738","20,157","23,870","31,159","33,315","44,563","52,013","30,124","11,180","1,580","37"
"부산광역시 해운대구 (2635000000)","372,400","372,400","20,094","35,036","35,547","41,133","55,377","65,740","62,070","38,427","16,430","2,495","51","372,175","372,175","20,123","34,898","35,336","41,103","55,347","65,626","62,091","38,640","16,446","2,513","52","371,470","371,470","20,010","34,764","34,984","41,150","55,123","65,339","62,097","38,935","16,484","2,533","51","371,143","371,143","19,923","34,717","34,776","41,160","55,039","65,266","62,022","39,151","16,487","2,549","53","370,920","370,920","19,792","34,714","34,563","41,209","54,930","65,246","61,986","39,336","16,531","2,562","51","370,739","370,739","19,706","34,689","34,510","41,252","54,873","65,167","61,927","39,487","16,523","2,554","51"
"부산광역시 사하구 (2638000000)","285,534","285,534","12,252","22,740","29,218","30,243","38,876","49,158","53,664","34,591","13,018","1,729","45","284,653","284,653","12,068","22,683","29,002","29,949","38,704","48,971","53,686","34,738","13,048","1,757","47","283,945","283,945","11,912","22,663","28,770","29,870","38,464","48,715","53,642","34,974","13,110","1,776","49","283,258","283,258","11,819","22,632","28,481","29,841","38,304","48,519","53,597","35,118","13,112","1,785","50","282,633","282,633","11,730","22,532","28,322","29,752","38,206","48,293","53,564","35,233","13,159","1,789","53","282,159","282,159","11,660","22,475","28,190","29,704","38,100","48,144","53,519","35,314","13,199","1,802","52"
"부산광역시 금정구 (2641000000)","206,039","206,039","7,870","15,290","25,449","20,624","25,257","33,660","38,552","26,420","11,197","1,682","38","205,932","205,932","7,811","15,429","25,386","20,558","25,137","33,568","38,544","26,550","11,209","1,704","36","206,033","206,033","7,755","15,586","25,495","20,525","25,036","33,373","38,539","26,672","11,281","1,736","35","205,880","205,880","7,732","15,540","25,501","20,491","24,960","33,301","38,499","26,795","11,285","1,738","38","205,968","205,968","7,708","15,527","25,556","20,529","24,933","33,186","38,492","26,886","11,348","1,762","41","205,672","205,672","7,669","15,434","25,459","20,516","24,919","33,098","38,490","26,924","11,375","1,746","42"
"부산광역시 강서구 (2644000000)","150,848","150,848","16,578","17,990","10,592","23,855","31,334","18,777","17,725","10,031","3,406","550","10","151,888","151,888","16,748","18,163","10,589","24,014","31,655","18,888","17,736","10,113","3,409","562","11","152,414","152,414","16,741","18,287","10,559","24,158","31,737","18,951","17,789","10,187","3,426","568","11","152,826","152,826","16,724","18,394","10,575","24,206","31,851","19,025","17,813","10,239","3,426","562","11","153,175","153,175","16,685","18,525","10,589","24,210","31,961","19,084","17,785","10,329","3,427","568","12","153,555","153,555","16,650","18,645","10,609","24,222","32,063","19,137","17,834","10,393","3,426","566","10"
"부산광역시 연제구 (2647000000)","211,664","211,664","12,302","17,178","21,395","28,325","30,954","33,746","33,567","23,291","9,605","1,278","23","211,506","211,506","12,244","17,163","21,336","28,301","30,894","33,713","33,509","23,420","9,625","1,277","24","211,426","211,426","12,169","17,152","21,230","28,411","30,775","33,589","33,524","23,594","9,656","1,299","27","211,491","211,491","12,127","17,192","21,173","28,436","30,782","33,530","33,542","23,700","9,674","1,307","28","211,509","211,509","12,077","17,228","21,130","28,465","30,763","33,544","33,462","23,799","9,714","1,300","27","211,464","211,464","12,084","17,229","21,029","28,495","30,803","33,476","33,434","23,847","9,739","1,301","27"
"부산광역시 수영구 (2650000000)","168,912","168,912","7,368","11,334","19,566","22,815","22,891","26,050","27,601","20,993","8,986","1,285","23","168,745","168,745","7,324","11,344","19,477","22,750","22,797","26,113","27,547","21,055","9,014","1,301","23","168,585","168,585","7,283","11,374","19,296","22,823","22,745","26,020","27,536","21,117","9,049","1,317","25","168,577","168,577","7,266","11,394","19,147","22,886","22,751","26,001","27,517","21,195","9,072","1,323","25","168,513","168,513","7,225","11,411","19,059","22,917","22,741","25,973","27,458","21,243","9,116","1,343","27","168,440","168,440","7,202","11,406","18,958","22,958","22,774","25,956","27,392","21,266","9,161","1,341","26"
"부산광역시 사상구 (2653000000)","193,750","193,750","7,374","13,135","21,153","22,605","23,985","33,429","40,225","22,962","7,892","971","19","193,474","193,474","7,262","13,220","21,039","22,509","23,875","33,293","40,269","23,122","7,878","985","22","193,189","193,189","7,226","13,263","20,875","22,483","23,769","33,068","40,265","23,298","7,917","1,002","23","192,901","192,901","7,169","13,203","20,818","22,427","23,699","32,945","40,226","23,464","7,924","1,004","22","192,718","192,718","7,120","13,215","20,717","22,404","23,663","32,811","40,223","23,576","7,961","1,007","21","192,475","192,475","7,069","13,188","20,624","22,402","23,603","32,677","40,237","23,675","7,973","1,004","23"
"부산광역시 기장군 (2671000000)","175,290","175,290","12,507","19,942","14,763","20,200","31,366","28,198","23,778","16,511","6,919","1,072","34","175,273","175,273","12,398","19,927","14,696","20,155","31,312","28,241","23,845","16,624","6,954","1,088","33","175,285","175,285","12,267","19,981","14,572","20,190","31,191","28,272","23,937","16,744","6,999","1,097","35","175,267","175,267","12,177","20,020","14,540","20,198","31,059","28,370","23,949","16,798","7,027","1,094","35","175,273","175,273","12,119","20,031","14,482","20,235","30,985","28,380","23,980","16,864","7,060","1,103","34","175,262","175,262","12,008","20,084","14,459","20,213","30,998","28,389","24,006","16,881","7,083","1,109","32"
"대구광역시  (2700000000)","2,352,249","2,352,249","133,545","212,996","252,223","285,023","334,864","412,334","379,999","224,019","101,103","15,852","291","2,351,461","2,351,461","133,157","212,989","251,102","284,536","334,323","411,757","380,674","225,477","101,036","16,116","294","2,350,042","2,350,042","132,564","212,717","249,677","285,160","333,270","409,926","381,544","227,384","101,163","16,339","298","2,349,360","2,349,360","131,987","212,646","248,823","285,394","332,593","409,460","381,795","228,635","101,182","16,543","302","2,349,305","2,349,305","131,363","212,823","248,128","285,727","332,053","408,947","382,007","229,937","101,316","16,695","309","2,348,165","2,348,165","130,923","212,793","247,258","285,821","331,806","408,408","381,859","230,854","101,395","16,741","307"
"대구광역시 중구 (2711000000)","101,099","101,099","8,171","7,511","13,515","18,232","14,961","14,223","11,460","8,086","4,240","682","18","101,081","101,081","8,174","7,532","13,483","18,213","14,975","14,210","11,468","8,092","4,221","694","19","101,349","101,349","8,188","7,532","13,566","18,309","15,001","14,233","11,453","8,129","4,209","710","19","101,576","101,576","8,204","7,559","13,595","18,393","15,007","14,269","11,441","8,138","4,225","725","20","101,643","101,643","8,176","7,584","13,615","18,439","15,008","14,257","11,411","8,171","4,236","726","20","101,754","101,754","8,178","7,612","13,618","18,534","15,016","14,286","11,344","8,183","4,232","732","19"
"대구광역시 동구 (2714000000)","339,167","339,167","19,066","25,956","33,780","44,225","46,564","56,074","56,475","37,320","17,135","2,524","48","338,753","338,753","18,890","25,903","33,646","44,100","46,370","56,024","56,536","37,513","17,155","2,572","44","338,406","338,406","18,778","25,883","33,415","44,109","46,245","55,741","56,580","37,837","17,155","2,615","48","338,262","338,262","18,738","25,889","33,238","44,126","46,155","55,629","56,583","38,001","17,207","2,647","49","338,260","338,260","18,660","25,933","33,056","44,223","46,124","55,574","56,557","38,195","17,223","2,668","47","338,476","338,476","18,665","25,990","32,990","44,355","46,136","55,561","56,499","38,332","17,208","2,692","48"
"대구광역시 서구 (2717000000)","164,018","164,018","6,891","9,783","14,556","19,677","19,512","28,700","33,562","21,019","9,070","1,226","22","163,987","163,987","6,869","9,772","14,539","19,626","19,525","28,616","33,587","21,132","9,061","1,237","23","163,853","163,853","6,844","9,758","14,374","19,637","19,503","28,391","33,678","21,328","9,068","1,249","23","163,811","163,811","6,834","9,750","14,305","19,651","19,523","28,263","33,668","21,469","9,044","1,281","23","163,748","163,748","6,821","9,731","14,307","19,643","19,499","28,169","33,610","21,595","9,057","1,292","24","163,508","163,508","6,804","9,731","14,238","19,605","19,463","28,092","33,520","21,675","9,068","1,289","23"
"대구광역시 남구 (2720000000)","136,497","136,497","5,173","8,115","15,913","16,937","16,679","22,721","23,792","17,113","8,585","1,443","26","137,746","137,746","5,342","8,290","16,048","17,177","16,882","22,827","23,863","17,234","8,589","1,465","29","138,546","138,546","5,407","8,349","16,123","17,442","16,920","22,888","23,928","17,360","8,618","1,482","29","139,121","139,121","5,427","8,355","16,140","17,651","16,974","23,006","23,980","17,464","8,619","1,475","30","140,620","140,620","5,535","8,423","16,340","18,120","17,171","23,228","24,056","17,584","8,635","1,502","26","141,344","141,344","5,579","8,446","16,357","18,435","17,282","23,307","24,111","17,653","8,649","1,501","24"
"대구광역시 북구 (2723000000)","408,890","408,890","21,773","37,490","50,288","48,214","56,672","76,541","64,514","34,979","16,009","2,363","47","408,481","408,481","21,593","37,627","50,087","47,975","56,430","76,409","64,686","35,233","15,993","2,399","49","408,215","408,215","21,415","37,679","50,025","47,961","56,139","76,056","64,888","35,523","16,049","2,430","50","407,876","407,876","21,237","37,631","49,945","47,914","55,914","75,937","64,983","35,743","16,064","2,458","50","407,548","407,548","21,060","37,631","49,843","47,849","55,690","75,807","65,086","35,939","16,101","2,488","54","406,915","406,915","20,955","37,500","49,706","47,698","55,571","75,620","65,103","36,076","16,149","2,483","54"
"대구광역시 수성구 (2726000000)","409,332","409,332","24,430","47,403","42,721","42,521","63,065","74,231","59,465","35,631","16,859","2,955","51","409,297","409,297","24,598","47,229","42,358","42,597","63,083","74,147","59,523","35,860","16,845","3,005","52","408,930","408,930","24,572","47,097","41,917","42,811","62,958","73,855","59,655","36,134","16,841","3,038","52","408,743","408,743","24,455","47,022","41,798","42,917","62,771","73,884","59,613","36,321","16,832","3,076","54","408,527","408,527","24,305","47,090","41,606","42,937","62,624","73,802","59,629","36,527","16,839","3,109","59","408,147","408,147","24,213","47,016","41,461","42,906","62,559","73,674","59,643","36,644","16,864","3,105","62"
"대구광역시 달서구 (2729000000)","516,497","516,497","27,221","48,762","58,408","61,078","72,141","94,799","86,608","45,838","18,755","2,837","50","516,019","516,019","27,093","48,774","58,042","60,979","71,859","94,561","86,808","46,232","18,726","2,896","49","515,142","515,142","26,929","48,600","57,588","61,086","71,471","94,013","87,012","46,668","18,787","2,938","50","514,677","514,677","26,811","48,591","57,248","61,080","71,296","93,813","87,091","46,943","18,768","2,986","50","514,075","514,075","26,685","48,485","57,018","61,064","71,063","93,508","87,174","47,222","18,800","3,006","50","513,399","513,399","26,526","48,453","56,683","61,016","70,913","93,303","87,142","47,468","18,812","3,035","48"
"대구광역시 달성군 (2771000000)","254,213","254,213","20,379","27,161","22,128","33,000","43,633","41,505","37,847","19,499","7,750","1,286","25","253,530","253,530","20,157","27,052","21,975","32,731","43,564","41,444","37,896","19,617","7,764","1,305","25","253,014","253,014","19,989","27,010","21,755","32,664","43,401","41,251","38,022","19,809","7,765","1,324","24","252,627","252,627","19,838","27,038","21,630","32,522","43,310","41,152","38,096","19,922","7,754","1,342","23","252,210","252,210","19,677","27,139","21,425","32,302","43,245","41,086","38,155","20,038","7,766","1,351","26","252,000","252,000","19,558","27,247","21,296","32,124","43,243","41,054","38,180","20,155","7,763","1,354","26"
"대구광역시 군위군 (2772000000)","22,536","22,536","441","815","914","1,139","1,637","3,540","6,276","4,534","2,700","536","4","22,567","22,567","441","810","924","1,138","1,635","3,519","6,307","4,564","2,682","543","4","22,587","22,587","442","809","914","1,141","1,632","3,498","6,328","4,596","2,671","553","3","22,667","22,667","443","811","924","1,140","1,643","3,507","6,340","4,634","2,669","553","3","22,674","22,674","444","807","918","1,150","1,629","3,516","6,329","4,666","2,659","553","3","22,622","22,622","445","798","909","1,148","1,623","3,511","6,317","4,668","2,650","550","3"
"인천광역시  (2800000000)","3,053,308","3,053,308","188,525","276,270","336,620","431,410","473,849","516,067","473,819","236,311","101,580","18,311","546","3,054,367","3,054,367","188,098","276,054","335,201","430,845","473,879","516,133","475,092","238,178","101,781","18,553","553","3,055,983","3,055,983","187,638","276,076","333,641","432,050","472,997","514,897","476,856","240,344","102,140","18,788","556","3,057,226","3,057,226","187,255","276,020","332,664","432,537","472,438","514,812","477,895","241,702","102,375","18,965","563","3,058,623","3,058,623","186,778","276,006","331,673","432,950","472,299","514,565","478,807","243,104","102,735","19,145","561","3,061,002","3,061,002","186,543","276,030","330,992","433,555","472,981","514,311","479,431","244,245","103,199","19,169","546"
"인천광역시 중구 (2811000000)","177,090","177,090","12,790","16,068","21,845","29,324","29,573","27,172","21,474","12,542","5,380","889","33","177,525","177,525","12,802","16,101","21,874","29,297","29,602","27,291","21,579","12,639","5,413","894","33","177,848","177,848","12,816","16,105","21,930","29,285","29,620","27,275","21,722","12,709","5,451","900","35","178,145","178,145","12,815","16,125","21,953","29,310","29,599","27,343","21,791","12,782","5,474","919","34","178,490","178,490","12,822","16,166","21,902","29,378","29,610","27,457","21,858","12,813","5,511","939","34","179,030","179,030","12,788","16,201","22,005","29,415","29,743","27,552","21,919","12,892","5,536","945","34"
"인천광역시 중구영종출장소 (2811400000)","0","0","0","0","0","0","0","0","0","0","0","0","0","0","0","0","0","0","0","0","0","0","0","0","0","0","0","0","0","0","0","0","0","0","0","0","0","0","0","0","0","0","0","0","0","0","0","0","0","0","0","0","0","0","0","0","0","0","0","0","0","0","0","0","0","0","0","0","0","0","0","0","0","0","0","0","0","0"
"인천광역시 중구용유출장소 (2811800000)","0","0","0","0","0","0","0","0","0","0","0","0","0","0","0","0","0","0","0","0","0","0","0","0","0","0","0","0","0","0","0","0","0","0","0","0","0","0","0","0","0","0","0","0","0","0","0","0","0","0","0","0","0","0","0","0","0","0","0","0","0","0","0","0","0","0","0","0","0","0","0","0","0","0","0","0","0","0"
"인천광역시 동구 (2814000000)","56,469","56,469","2,287","4,182","5,220","6,177","7,880","9,623","9,921","7,154","3,471","544","10","57,033","57,033","2,347","4,220","5,235","6,351","7,986","9,692","9,942","7,221","3,479","550","10","57,603","57,603","2,396","4,224","5,289","6,533","8,023","9,774","10,003","7,286","3,502","563","10","57,753","57,753","2,386","4,230","5,289","6,565","8,045","9,797","10,019","7,329","3,520","561","12","57,836","57,836","2,388","4,225","5,279","6,582","8,049","9,795","10,027","7,384","3,526","569","12","57,926","57,926","2,386","4,243","5,273","6,582","8,065","9,811","10,013","7,420","3,550","571","12"
"인천광역시 미추홀구 (2817700000)","417,198","417,198","23,071","32,238","48,719","58,530","62,509","68,826","64,932","38,167","17,298","2,837","71","416,941","416,941","22,909","32,244","48,574","58,320","62,383","68,843","65,008","38,398","17,323","2,869","70","417,486","417,486","22,862","32,540","48,578","58,412","62,222","68,709","65,078","38,690","17,411","2,911","73","417,547","417,547","22,841","32,524","48,481","58,439","62,146","68,730","65,095","38,832","17,450","2,936","73","417,725","417,725","22,800","32,462","48,517","58,438","62,141","68,695","65,100","39,011","17,524","2,962","75","418,211","418,211","22,857","32,464","48,350","58,716","62,276","68,627","65,181","39,127","17,587","2,948","78"
"인천광역시 연수구 (2818500000)","409,814","409,814","32,565","47,674","45,113","57,080","71,097","68,298","54,564","22,306","9,174","1,880","63","410,040","410,040","32,594","47,609","44,805","57,061","71,211","68,321","54,774","22,527","9,175","1,898","65","410,050","410,050","32,492","47,525","44,584","57,160","71,104","68,187","55,055","22,768","9,194","1,914","67","410,191","410,191","32,474","47,505","44,500","57,194","70,987","68,224","55,171","22,930","9,210","1,929","67","410,308","410,308","32,363","47,553","44,316","57,249","70,965","68,193","55,306","23,117","9,255","1,924","67","410,290","410,290","32,270","47,539","44,212","57,188","71,010","68,191","55,374","23,232","9,289","1,918","67"
"인천광역시 남동구 (2820000000)","480,148","480,148","23,439","44,380","53,850","60,764","72,714","84,620","79,349","41,060","16,996","2,887","89","479,874","479,874","23,245","44,280","53,647","60,637","72,512","84,603","79,465","41,403","17,054","2,936","92","479,700","479,700","23,090","44,162","53,428","60,816","72,227","84,383","79,643","41,757","17,129","2,975","90","479,566","479,566","22,928","44,137","53,292","60,894","72,015","84,237","79,824","41,970","17,181","2,996","92","479,343","479,343","22,804","44,003","53,164","60,838","71,864","84,151","79,951","42,219","17,244","3,016","89","479,149","479,149","22,634","43,933","53,016","60,780","71,866","84,023","80,007","42,426","17,365","3,012","87"
"인천광역시 부평구 (2823700000)","490,227","490,227","26,126","38,162","54,502","73,901","70,490","83,566","81,629","40,973","17,659","3,140","79","489,901","489,901","26,010","38,093","54,165","73,763","70,421","83,448","81,818","41,234","17,698","3,171","80","489,390","489,390","25,892","38,015","53,652","73,845","70,189","83,033","82,164","41,557","17,748","3,214","81","489,127","489,127","25,809","37,985","53,316","73,865","70,096","82,851","82,351","41,724","17,804","3,242","84","488,829","488,829","25,729","37,934","53,013","73,931","70,073","82,586","82,441","41,908","17,846","3,282","86","488,191","488,191","25,586","37,941","52,737","73,750","69,996","82,362","82,484","42,058","17,906","3,292","79"
"인천광역시 계양구 (2824500000)","277,636","277,636","11,827","21,319","31,441","37,219","37,275","52,535","53,512","21,488","9,223","1,728","69","277,372","277,372","11,754","21,249","31,195","37,145","37,202","52,415","53,690","21,683","9,217","1,751","71","277,157","277,157","11,707","21,167","30,882","37,233","37,087","52,109","53,943","21,939","9,224","1,796","70","276,851","276,851","11,652","21,087","30,667","37,230","36,920","52,007","54,073","22,109","9,208","1,830","68","276,563","276,563","11,547","21,062","30,495","37,165","36,833","51,857","54,215","22,254","9,217","1,852","66","276,309","276,309","11,512","20,988","30,338","37,091","36,840","51,727","54,275","22,371","9,247","1,859","61"
"인천광역시 서구 (2826000000)","655,469","655,469","53,365","67,127","69,633","101,951","113,493","107,642","86,988","37,884","14,581","2,711","94","656,549","656,549","53,381","67,168","69,489","101,830","113,766","107,823","87,370","38,253","14,610","2,767","92","657,709","657,709","53,343","67,275","69,113","102,336","113,786","107,790","87,813","38,699","14,667","2,798","89","658,984","658,984","53,322","67,371","69,005","102,605","113,924","108,007","88,120","39,005","14,712","2,822","91","660,464","660,464","53,290","67,568","68,849","102,946","114,093","108,233","88,470","39,296","14,766","2,864","89","662,875","662,875","53,504","67,686","68,919","103,662","114,530","108,412","88,735","39,575","14,880","2,883","89"
"인천광역시 서구검단출장소 (2826500000)","0","0","0","0","0","0","0","0","0","0","0","0","0","0","0","0","0","0","0","0","0","0","0","0","0","0","0","0","0","0","0","0","0","0","0","0","0","0","0","0","0","0","0","0","0","0","0","0","0","0","0","0","0","0","0","0","0","0","0","0","0","0","0","0","0","0","0","0","0","0","0","0","0","0","0","0","0","0"
"인천광역시 강화군 (2871000000)","69,698","69,698","2,527","4,244","4,136","4,841","6,936","10,709","16,691","11,738","6,471","1,383","22","69,677","69,677","2,543","4,233","4,088","4,840","6,934","10,635","16,706","11,793","6,476","1,406","23","69,615","69,615","2,522","4,203","4,079","4,835","6,889","10,590","16,712","11,879","6,479","1,403","24","69,665","69,665","2,520","4,195","4,073","4,840","6,856","10,593","16,713","11,954","6,479","1,415","27","69,689","69,689","2,528","4,175","4,085","4,832","6,832","10,570","16,709","12,013","6,497","1,421","27","69,681","69,681","2,510","4,179","4,090","4,805","6,818","10,573","16,722","12,051","6,488","1,421","24"
"인천광역시 옹진군 (2872000000)","19,559","19,559","528","876","2,161","1,623","1,882","3,076","4,759","2,999","1,327","312","16","19,455","19,455","513","857","2,129","1,601","1,862","3,062","4,740","3,027","1,336","311","17","19,425","19,425","518","860","2,106","1,595","1,850","3,047","4,723","3,060","1,335","314","17","19,397","19,397","508","861","2,088","1,595","1,850","3,023","4,738","3,067","1,337","315","15","19,376","19,376","507","858","2,053","1,591","1,839","3,028","4,730","3,089","1,349","316","16","19,340","19,340","496","856","2,052","1,566","1,837","3,033","4,721","3,093","1,351","320","15"
"광주광역시  (2900000000)","1,390,658","1,390,658","85,477","143,893","169,719","173,471","212,116","240,961","194,362","110,680","51,414","8,375","190","1,389,235","1,389,235","85,054","143,597","168,694","172,911","211,906","241,028","194,780","111,116","51,464","8,496","189","1,387,619","1,387,619","84,606","143,213","167,515","173,274","210,999","240,296","195,599","111,683","51,664","8,576","194","1,386,567","1,386,567","84,211","143,130","166,820","173,547","210,330","240,115","195,915","112,022","51,635","8,647","195","1,386,379","1,386,379","83,767","143,000","166,577","173,759","210,019","239,719","196,349","112,354","51,911","8,727","197","1,385,460","1,385,460","83,427","142,885","165,942","173,903","209,677","239,520","196,474","112,511","52,197","8,732","192"
"광주광역시 동구 (2911000000)","104,794","104,794","6,525","7,657","13,331","14,194","14,051","15,460","15,417","11,209","6,030","905","15","104,794","104,794","6,482","7,727","13,332","14,131","14,064","15,437","15,423","11,221","6,042","918","17","104,740","104,740","6,484","7,721","13,258","14,199","14,028","15,318","15,466","11,266","6,053","933","14","104,730","104,730","6,492","7,723","13,267","14,187","14,015","15,284","15,475","11,284","6,044","946","13","105,005","105,005","6,498","7,722","13,417","14,217","14,067","15,271","15,490","11,290","6,064","956","13","105,200","105,200","6,535","7,761","13,400","14,280","14,060","15,312","15,474","11,321","6,093","951","13"
"광주광역시 서구 (2914000000)","275,318","275,318","14,568","26,609","35,596","33,863","40,393","49,521","39,760","22,851","10,400","1,716","41","275,730","275,730","14,651","26,595","35,474","33,912","40,472","49,617","39,842","22,957","10,421","1,750","39","275,807","275,807","14,609","26,548","35,275","34,156","40,371","49,465","40,047","23,086","10,445","1,763","42","275,234","275,234","14,430","26,517","35,102","34,131","40,169","49,399","40,114","23,147","10,409","1,773","43","274,925","274,925","14,364","26,428","34,929","34,151","40,067","49,252","40,171","23,234","10,484","1,801","44","274,624","274,624","14,298","26,345","34,805","34,121","40,015","49,160","40,219","23,252","10,560","1,805","44"
"광주광역시 남구 (2915500000)","207,236","207,236","12,654","23,042","21,480","22,981","32,230","32,774","30,470","20,465","9,523","1,572","45","207,015","207,015","12,617","23,014","21,307","22,916","32,255","32,755","30,472","20,517","9,525","1,593","44","206,703","206,703","12,509","22,999","21,114","22,942","32,113","32,721","30,476","20,610","9,561","1,616","42","206,375","206,375","12,444","22,996","21,006","22,864","31,986","32,714","30,437","20,685","9,585","1,615","43","206,083","206,083","12,315","22,999","20,918","22,801","31,923","32,672","30,402","20,733","9,658","1,617","45","205,647","205,647","12,241","22,957","20,789","22,740","31,827","32,635","30,337","20,749","9,714","1,614","44"
"광주광역시 북구 (2917000000)","416,262","416,262","25,427","39,441","49,107","52,839","61,097","70,953","62,906","35,799","16,059","2,581","53","415,473","415,473","25,251","39,333","48,747","52,566","60,965","70,911","62,997","35,962","16,077","2,611","53","414,795","414,795","25,103","39,160","48,420","52,576","60,661","70,681","63,206","36,148","16,149","2,635","56","415,580","415,580","25,183","39,207","48,302","53,009","60,688","70,682","63,379","36,249","16,155","2,671","55","416,326","416,326","25,139","39,269","48,313","53,297","60,732","70,598","63,588","36,394","16,241","2,700","55","416,783","416,783","25,114","39,306","48,199","53,589","60,775","70,581","63,672","36,452","16,329","2,712","54"
"광주광역시 광산구 (2920000000)","387,048","387,048","26,303","47,144","50,205","49,594","64,345","72,253","45,809","20,356","9,402","1,601","36","386,223","386,223","26,053","46,928","49,834","49,386","64,150","72,308","46,046","20,459","9,399","1,624","36","385,574","385,574","25,901","46,785","49,448","49,401","63,826","72,111","46,404","20,573","9,456","1,629","40","384,648","384,648","25,662","46,687","49,143","49,356","63,472","72,036","46,510","20,657","9,442","1,642","41","384,040","384,040","25,451","46,582","49,000","49,293","63,230","71,926","46,698","20,703","9,464","1,653","40","383,206","383,206","25,239","46,516","48,749","49,173","63,000","71,832","46,772","20,737","9,501","1,650","37"
"대전광역시  (3000000000)","1,440,550","1,440,550","86,409","135,652","186,923","195,029","208,676","242,636","208,567","116,181","51,427","8,841","209","1,441,405","1,441,405","86,163","136,079","186,571","194,721","208,398","242,831","208,930","117,115","51,449","8,936","212","1,441,779","1,441,779","85,838","136,196","186,212","195,502","207,474","242,248","209,279","118,122","51,616","9,083","209","1,441,687","1,441,687","85,548","136,091","185,839","196,022","207,001","242,204","209,204","118,820","51,604","9,149","205","1,442,213","1,442,213","85,258","136,078","185,846","196,314","206,830","242,039","209,239","119,480","51,670","9,250","209","1,442,034","1,442,034","85,060","135,827","185,483","196,767","206,836","241,715","209,185","119,844","51,872","9,234","211"
"대전광역시 동구 (3011000000)","218,109","218,109","11,039","18,237","27,678","25,285","29,163","36,310","35,194","22,667","10,824","1,674","38","218,169","218,169","10,920","18,551","27,579","25,185","29,030","36,319","35,224","22,816","10,816","1,693","36","218,319","218,319","10,875","18,756","27,544","25,299","28,837","36,209","35,244","22,976","10,848","1,699","32","218,362","218,362","10,824","18,754","27,570","25,376","28,742","36,189","35,225","23,093","10,849","1,707","33","218,505","218,505","10,777","18,800","27,698","25,342","28,719","36,166","35,168","23,197","10,882","1,721","35","218,251","218,251","10,734","18,686","27,661","25,328","28,682","36,118","35,145","23,235","10,902","1,726","34"
"대전광역시 중구 (3014000000)","225,423","225,423","11,717","19,566","25,063","26,326","30,957","38,622","35,470","24,052","11,669","1,933","48","225,250","225,250","11,649","19,454","25,057","26,241","30,800","38,666","35,500","24,194","11,681","1,961","47","224,992","224,992","11,537","19,417","24,909","26,262","30,672","38,516","35,532","24,344","11,753","2,004","46","224,665","224,665","11,468","19,354","24,791","26,293","30,533","38,513","35,471","24,431","11,749","2,015","47","224,581","224,581","11,427","19,342","24,722","26,288","30,487","38,495","35,467","24,506","11,758","2,039","50","224,273","224,273","11,392","19,275","24,631","26,342","30,437","38,360","35,382","24,567","11,793","2,045","49"
"대전광역시 서구 (3017000000)","463,443","463,443","27,569","46,134","63,282","65,437","69,242","77,109","63,702","34,167","14,226","2,519","56","463,863","463,863","27,509","46,181","63,222","65,370","69,272","77,181","63,844","34,433","14,255","2,536","60","463,616","463,616","27,350","46,143","63,088","65,651","68,856","76,939","63,893","34,757","14,305","2,576","58","463,574","463,574","27,223","46,099","62,980","65,909","68,711","76,904","63,821","34,991","14,302","2,580","54","463,601","463,601","27,090","46,101","62,836","66,110","68,635","76,837","63,837","35,192","14,305","2,603","55","464,359","464,359","27,079","46,161","62,709","66,511","68,764","76,901","63,891","35,328","14,373","2,587","55"
"대전광역시 유성구 (3020000000)","368,354","368,354","28,546","38,433","52,132","58,479","58,108","58,875","44,486","19,802","7,860","1,593","40","369,113","369,113","28,622","38,599","52,077","58,497","58,207","58,955","44,620","20,024","7,857","1,614","41","370,062","370,062","28,650","38,638","52,127","58,873","58,143","59,023","44,813","20,247","7,867","1,639","42","370,610","370,610","28,658","38,674","52,106","59,059","58,152","59,105","44,882","20,410","7,864","1,661","39","371,147","371,147","28,617","38,685","52,238","59,221","58,155","59,124","44,933","20,563","7,893","1,679","39","371,104","371,104","28,517","38,609","52,261","59,245","58,142","59,074","44,924","20,688","7,926","1,676","42"
"대전광역시 대덕구 (3023000000)","165,221","165,221","7,538","13,282","18,768","19,502","21,206","31,720","29,715","15,493","6,848","1,122","27","165,010","165,010","7,463","13,294","18,636","19,428","21,089","31,710","29,742","15,648","6,840","1,132","28","164,790","164,790","7,426","13,242","18,544","19,417","20,966","31,561","29,797","15,798","6,843","1,165","31","164,476","164,476","7,375","13,210","18,392","19,385","20,863","31,493","29,805","15,895","6,840","1,186","32","164,379","164,379","7,347","13,150","18,352","19,353","20,834","31,417","29,834","16,022","6,832","1,208","30","164,047","164,047","7,338","13,096","18,221","19,341","20,811","31,262","29,843","16,026","6,878","1,200","31"
"울산광역시  (3100000000)","1,091,281","1,091,281","66,979","109,625","110,215","136,754","168,593","198,158","179,651","86,773","29,944","4,489","100","1,089,835","1,089,835","66,535","109,145","109,349","136,484","168,264","197,698","180,315","87,434","29,979","4,537","95","1,088,672","1,088,672","66,182","108,762","108,391","136,791","167,689","196,696","181,053","88,297","30,131","4,585","95","1,088,041","1,088,041","65,742","108,829","107,742","136,803","167,342","196,401","181,342","88,946","30,169","4,624","101","1,087,466","1,087,466","65,386","108,841","107,074","136,908","167,071","195,935","181,690","89,513","30,298","4,649","101","1,087,089","1,087,089","65,169","108,812","106,730","136,932","167,127","195,449","181,784","90,008","30,345","4,632","101"
"울산광역시 중구 (3111000000)","203,968","203,968","11,548","18,920","18,954","24,526","29,662","36,468","36,393","19,574","7,037","870","16","203,682","203,682","11,463","18,842","18,777","24,507","29,592","36,358","36,481","19,728","7,031","889","14","203,386","203,386","11,409","18,781","18,563","24,531","29,496","36,182","36,518","19,949","7,033","909","15","203,339","203,339","11,359","18,790","18,463","24,545","29,417","36,124","36,597","20,059","7,036","933","16","203,216","203,216","11,322","18,770","18,329","24,564","29,376","36,022","36,638","20,168","7,060","952","15","203,026","203,026","11,248","18,764","18,264","24,501","29,405","35,904","36,649","20,253","7,075","950","13"
"울산광역시 남구 (3114000000)","304,542","304,542","17,702","27,970","34,377","42,097","44,559","56,085","49,359","23,724","7,611","1,031","27","304,648","304,648","17,745","27,910","34,139","42,218","44,579","55,929","49,542","23,895","7,625","1,041","25","304,570","304,570","17,700","27,856","33,879","42,408","44,481","55,599","49,769","24,102","7,685","1,067","24","304,457","304,457","17,651","27,889","33,665","42,466","44,457","55,423","49,808","24,283","7,715","1,073","27","304,385","304,385","17,575","27,903","33,493","42,579","44,411","55,243","49,875","24,452","7,756","1,071","27","304,337","304,337","17,600","27,892","33,342","42,723","44,462","55,029","49,880","24,550","7,763","1,067","29"
"울산광역시 동구 (3117000000)","148,986","148,986","8,983","16,424","14,229","17,034","26,004","24,238","25,038","13,005","3,557","458","16","148,469","148,469","8,849","16,275","14,133","16,889","25,934","24,158","25,078","13,110","3,569","458","16","148,194","148,194","8,763","16,163","14,054","16,833","25,877","24,063","25,107","13,245","3,613","460","16","147,925","147,925","8,663","16,148","13,953","16,812","25,787","24,028","25,086","13,346","3,626","461","15","147,834","147,834","8,579","16,161","13,902","16,792","25,777","23,982","25,090","13,423","3,651","461","16","147,756","147,756","8,508","16,154","13,866","16,762","25,780","23,975","25,053","13,519","3,665","458","16"
"울산광역시 북구 (3120000000)","214,819","214,819","16,988","25,541","21,260","29,357","37,682","38,138","29,991","11,204","3,984","660","14","214,395","214,395","16,809","25,460","21,047","29,240","37,584","38,116","30,193","11,295","3,972","665","14","214,170","214,170","16,712","25,372","20,875","29,303","37,430","37,903","30,471","11,424","3,989","677","14","214,026","214,026","16,530","25,456","20,704","29,271","37,369","37,899","30,594","11,518","3,990","681","14","213,772","213,772","16,392","25,501","20,482","29,269","37,275","37,804","30,753","11,597","3,996","689","14","213,685","213,685","16,318","25,510","20,427","29,255","37,266","37,713","30,819","11,679","3,997","687","14"
"울산광역시 울주군 (3171000000)","218,966","218,966","11,758","20,770","21,395","23,740","30,686","43,229","38,870","19,266","7,755","1,470","27","218,641","218,641","11,669","20,658","21,253","23,630","30,575","43,137","39,021","19,406","7,782","1,484","26","218,352","218,352","11,598","20,590","21,020","23,716","30,405","42,949","39,188","19,577","7,811","1,472","26","218,294","218,294","11,539","20,546","20,957","23,709","30,312","42,927","39,257","19,740","7,802","1,476","29","218,259","218,259","11,518","20,506","20,868","23,704","30,232","42,884","39,334","19,873","7,835","1,476","29","218,285","218,285","11,495","20,492","20,831","23,691","30,214","42,828","39,383","20,007","7,845","1,470","29"
"세종특별자치시  (3600000000)","391,477","391,477","38,336","54,150","36,390","57,600","76,127","59,382","39,481","19,852","8,312","1,810","37","391,240","391,240","38,093","54,103","36,310","57,190","76,144","59,668","39,520","20,050","8,309","1,817","36","391,072","391,072","37,853","53,999","36,316","57,168","75,812","59,857","39,646","20,193","8,351","1,841","36","391,024","391,024","37,636","54,046","36,284","57,159","75,691","59,961","39,716","20,309","8,324","1,864","34","391,064","391,064","37,504","54,128","36,222","57,060","75,666","60,033","39,819","20,388","8,338","1,873","33","390,923","390,923","37,316","54,224","36,172","56,878","75,664","60,149","39,803","20,458","8,358","1,866","35"
"세종특별자치시  (3611000000)","391,477","391,477","38,336","54,150","36,390","57,600","76,127","59,382","39,481","19,852","8,312","1,810","37","391,240","391,240","38,093","54,103","36,310","57,190","76,144","59,668","39,520","20,050","8,309","1,817","36","391,072","391,072","37,853","53,999","36,316","57,168","75,812","59,857","39,646","20,193","8,351","1,841","36","391,024","391,024","37,636","54,046","36,284","57,159","75,691","59,961","39,716","20,309","8,324","1,864","34","391,064","391,064","37,504","54,128","36,222","57,060","75,666","60,033","39,819","20,388","8,338","1,873","33","390,923","390,923","37,316","54,224","36,172","56,878","75,664","60,149","39,803","20,458","8,358","1,866","35"
"경기도  (4100000000)","13,736,642","13,736,642","886,083","1,327,057","1,551,620","1,925,571","2,180,076","2,361,312","1,970,745","997,380","455,319","79,439","2,040","13,742,072","13,742,072","883,166","1,326,032","1,546,469","1,923,270","2,178,560","2,363,342","1,977,759","1,004,693","456,265","80,451","2,065","13,745,673","13,745,673","880,084","1,324,779","1,539,928","1,928,947","2,172,283","2,359,557","1,985,205","1,013,570","457,645","81,596","2,079","13,751,098","13,751,098","877,674","1,325,139","1,534,525","1,932,298","2,169,232","2,360,316","1,989,893","1,019,142","458,470","82,307","2,102","13,755,126","13,755,126","874,883","1,325,114","1,529,450","1,934,724","2,167,351","2,359,932","1,993,983","1,024,426","460,132","83,024","2,107","13,761,783","13,761,783","872,921","1,326,163","1,526,085","1,937,513","2,167,602","2,358,937","1,996,681","1,028,640","461,925","83,201","2,115"
"북부출장소  (4110500000)","0","0","0","0","0","0","0","0","0","0","0","0","0","0","0","0","0","0","0","0","0","0","0","0","0","0","0","0","0","0","0","0","0","0","0","0","0","0","0","0","0","0","0","0","0","0","0","0","0","0","0","0","0","0","0","0","0","0","0","0","0","0","0","0","0","0","0","0","0","0","0","0","0","0","0","0","0","0"
"경기도 수원시 (4111000000)","1,186,010","1,186,010","72,183","110,698","161,222","187,823","184,195","200,634","157,813","73,381","32,387","5,516","158","1,186,084","1,186,084","71,796","110,720","160,907","187,484","183,975","200,566","158,426","74,007","32,468","5,575","160","1,186,167","1,186,167","71,486","110,533","160,446","188,056","183,424","200,053","159,074","74,677","32,576","5,686","156","1,186,150","1,186,150","71,261","110,346","159,969","188,458","182,998","200,059","159,431","75,103","32,625","5,747","153","1,186,120","1,186,120","71,035","110,247","159,507","188,804","182,623","199,876","159,750","75,562","32,774","5,790","152","1,185,770","1,185,770","70,873","110,100","159,031","189,037","182,464","199,613","160,001","75,824","32,890","5,782","155"
"경기도 수원시 장안구 (4111100000)","270,954","270,954","13,654","25,099","37,676","35,531","38,276","49,539","40,198","19,625","9,603","1,712","41","270,944","270,944","13,602","25,163","37,590","35,403","38,181","49,434","40,370","19,810","9,605","1,745","41","270,705","270,705","13,485","25,090","37,492","35,447","37,991","49,254","40,514","19,978","9,624","1,791","39","270,439","270,439","13,441","24,998","37,341","35,506","37,824","49,152","40,618","20,065","9,647","1,810","37","270,245","270,245","13,386","24,890","37,257","35,563","37,678","49,054","40,746","20,159","9,662","1,814","36","269,984","269,984","13,353","24,796","37,143","35,565","37,609","48,937","40,812","20,234","9,684","1,816","35"
"경기도 수원시 권선구 (4111300000)","360,806","360,806","21,041","31,781","44,806","57,518","56,219","61,285","52,721","24,013","9,731","1,646","45","360,535","360,535","20,860","31,731","44,603","57,417","56,082","61,261","52,891","24,225","9,772","1,647","46","360,383","360,383","20,709","31,637","44,368","57,518","55,922","61,169","53,091","24,447","9,810","1,666","46","360,365","360,365","20,596","31,640","44,158","57,588","55,826","61,150","53,241","24,649","9,805","1,669","43","360,343","360,343","20,493","31,662","44,013","57,691","55,721","61,060","53,327","24,811","9,854","1,668","43","360,286","360,286","20,448","31,643","43,883","57,790","55,644","60,933","53,464","24,894","9,884","1,662","41"
"경기도 수원시 팔달구 (4111500000)","191,972","191,972","10,358","13,054","27,758","32,232","26,497","31,867","27,565","14,870","6,707","1,027","37","192,473","192,473","10,260","13,109","27,851","32,288","26,527","31,921","27,724","14,987","6,726","1,043","37","192,974","192,974","10,275","13,133","27,907","32,500","26,478","31,840","27,859","15,119","6,759","1,067","37","193,197","193,197","10,235","13,127","27,890","32,633","26,498","31,862","27,889","15,180","6,753","1,090","40","193,364","193,364","10,225","13,107","27,840","32,708","26,487","31,846","27,918","15,282","6,809","1,101","41","193,401","193,401","10,186","13,123","27,770","32,776","26,455","31,839","27,966","15,307","6,846","1,091","42"
"경기도 수원시 영통구 (4111700000)","362,278","362,278","27,130","40,764","50,982","62,542","63,203","57,943","37,329","14,873","6,346","1,131","35","362,132","362,132","27,074","40,717","50,863","62,376","63,185","57,950","37,441","14,985","6,365","1,140","36","362,105","362,105","27,017","40,673","50,679","62,591","63,033","57,790","37,610","15,133","6,383","1,162","34","362,149","362,149","26,989","40,581","50,580","62,731","62,850","57,895","37,683","15,209","6,420","1,178","33","362,168","362,168","26,931","40,588","50,397","62,842","62,737","57,916","37,759","15,310","6,449","1,207","32","362,099","362,099","26,886","40,538","50,235","62,906","62,756","57,904","37,759","15,389","6,476","1,213","37"
"경기도 성남시 (4113000000)","906,160","906,160","54,133","81,248","105,035","134,443","140,999","150,778","130,346","71,688","31,728","5,605","157","906,201","906,201","54,122","81,189","104,487","134,431","140,914","150,841","130,506","72,145","31,742","5,674","150","905,493","905,493","54,019","81,154","103,753","134,825","140,365","150,312","130,654","72,681","31,849","5,729","152","904,576","904,576","53,909","81,056","103,124","134,802","140,031","150,147","130,734","72,986","31,862","5,772","153","903,747","903,747","53,791","80,922","102,572","134,645","139,833","149,912","130,834","73,284","31,979","5,823","152","902,344","902,344","53,754","80,692","102,096","134,397","139,684","149,609","130,629","73,429","32,087","5,812","155"
"경기도 성남시 수정구 (4113100000)","233,273","233,273","12,911","15,946","27,869","35,876","33,953","38,268","37,371","21,354","8,456","1,243","26","234,087","234,087","13,096","16,020","27,754","36,109","34,089","38,313","37,409","21,527","8,476","1,269","25","234,336","234,336","13,120","16,110","27,659","36,236","34,008","38,138","37,526","21,725","8,515","1,268","31","234,182","234,182","13,097","16,071","27,472","36,244","33,910","38,134","37,531","21,873","8,544","1,275","31","234,328","234,328","13,081","16,082","27,343","36,312","33,893","38,143","37,578","22,003","8,576","1,288","29","234,639","234,639","13,171","16,092","27,242","36,460","33,950","38,086","37,624","22,067","8,627","1,291","29"
"경기도 성남시 중원구 (4113300000)","203,016","203,016","10,099","13,960","23,614","31,046","28,931","33,667","34,132","18,819","7,643","1,061","44","202,679","202,679","9,964","13,941","23,535","30,939","28,764","33,656","34,160","18,955","7,648","1,076","41","202,142","202,142","9,911","13,894","23,292","30,986","28,573","33,419","34,192","19,054","7,675","1,105","41","201,767","201,767","9,876","13,875","23,144","30,999","28,425","33,336","34,181","19,106","7,663","1,117","45","201,051","201,051","9,821","13,817","22,918","30,946","28,311","33,114","34,128","19,156","7,665","1,130","45","200,064","200,064","9,742","13,724","22,724","30,796","28,233","32,886","33,942","19,186","7,662","1,124","45"
"경기도 성남시 분당구 (4113500000)","469,871","469,871","31,123","51,342","53,552","67,521","78,115","78,843","58,843","31,515","15,629","3,301","87","469,435","469,435","31,062","51,228","53,198","67,383","78,061","78,872","58,937","31,663","15,618","3,329","84","469,015","469,015","30,988","51,150","52,802","67,603","77,784","78,755","58,936","31,902","15,659","3,356","80","468,627","468,627","30,936","51,110","52,508","67,559","77,696","78,677","59,022","32,007","15,655","3,380","77","468,368","468,368","30,889","51,023","52,311","67,387","77,629","78,655","59,128","32,125","15,738","3,405","78","467,641","467,641","30,841","50,876","52,130","67,141","77,501","78,637","59,063","32,176","15,798","3,397","81"
"경기도 의정부시 (4115000000)","461,541","461,541","26,754","39,684","53,420","60,719","67,626","81,847","71,524","38,422","18,591","2,889","65","461,581","461,581","26,604","39,691","53,210","60,578","67,587","81,873","71,727","38,676","18,657","2,914","64","461,460","461,460","26,480","39,582","52,922","60,671","67,452","81,725","71,933","38,956","18,726","2,950","63","461,741","461,741","26,449","39,529","52,710","60,798","67,395","81,757","72,144","39,170","18,750","2,978","61","461,816","461,816","26,378","39,457","52,467","60,905","67,362","81,682","72,382","39,326","18,818","2,975","64","461,917","461,917","26,309","39,441","52,281","60,921","67,438","81,564","72,533","39,488","18,884","2,994","64"
"경기도 안양시 (4117000000)","563,348","563,348","35,130","49,209","63,727","86,854","83,113","94,296","86,699","43,168","17,787","3,295","70","563,393","563,393","35,193","49,142","63,326","86,795","83,159","94,105","87,021","43,488","17,766","3,329","69","562,666","562,666","35,088","49,021","62,852","86,943","82,819","93,697","87,151","43,865","17,833","3,323","74","562,409","562,409","35,129","48,874","62,547","87,061","82,707","93,562","87,172","44,076","17,853","3,351","77","562,341","562,341","35,133","48,794","62,272","87,228","82,688","93,359","87,196","44,275","17,937","3,384","75","562,305","562,305","35,174","48,697","62,098","87,426","82,723","93,082","87,178","44,486","17,984","3,380","77"
"경기도 안양시 만안구 (4117100000)","233,633","233,633","12,468","16,230","26,744","35,111","31,370","39,302","40,418","21,440","8,999","1,516","35","233,578","233,578","12,422","16,273","26,593","35,022","31,304","39,223","40,600","21,576","9,004","1,527","34","233,364","233,364","12,360","16,248","26,426","35,040","31,153","39,061","40,674","21,795","9,033","1,535","39","233,299","233,299","12,392","16,194","26,299","35,090","31,043","39,031","40,698","21,907","9,058","1,546","41","233,415","233,415","12,427","16,151","26,192","35,205","31,098","38,908","40,715","21,994","9,128","1,556","41","233,711","233,711","12,486","16,086","26,182","35,385","31,130","38,811","40,774","22,111","9,149","1,554","43"
"경기도 안양시 동안구 (4117300000)","329,715","329,715","22,662","32,979","36,983","51,743","51,743","54,994","46,281","21,728","8,788","1,779","35","329,815","329,815","22,771","32,869","36,733","51,773","51,855","54,882","46,421","21,912","8,762","1,802","35","329,302","329,302","22,728","32,773","36,426","51,903","51,666","54,636","46,477","22,070","8,800","1,788","35","329,110","329,110","22,737","32,680","36,248","51,971","51,664","54,531","46,474","22,169","8,795","1,805","36","328,926","328,926","22,706","32,643","36,080","52,023","51,590","54,451","46,481","22,281","8,809","1,828","34","328,594","328,594","22,688","32,611","35,916","52,041","51,593","54,271","46,404","22,375","8,835","1,826","34"
"경기도 부천시 (4119000000)","758,212","758,212","38,510","61,887","84,964","104,076","111,019","132,681","132,369","63,445","24,807","4,338","116","757,444","757,444","38,273","61,698","84,492","103,843","110,661","132,537","132,695","63,915","24,819","4,394","117","756,701","756,701","38,075","61,524","84,015","103,926","110,175","132,112","132,810","64,614","24,879","4,456","115","756,356","756,356","37,955","61,475","83,545","104,041","110,046","131,832","132,916","65,009","24,929","4,493","115","756,037","756,037","37,778","61,387","83,121","104,190","109,865","131,568","132,953","65,500","25,033","4,529","113","755,453","755,453","37,637","61,286","82,659","104,327","109,763","131,252","132,886","65,862","25,128","4,539","114"
"경기도 부천시 원미구 (4119200000)","384,011","384,011","19,640","31,768","45,329","55,129","56,716","66,567","65,251","30,025","11,408","2,119","59","383,544","383,544","19,502","31,690","45,050","54,972","56,576","66,464","65,394","30,283","11,411","2,144","58","383,164","383,164","19,370","31,642","44,730","55,051","56,346","66,265","65,462","30,624","11,446","2,173","55","382,903","382,903","19,351","31,613","44,399","55,051","56,316","66,117","65,524","30,807","11,462","2,206","57","382,692","382,692","19,286","31,594","44,205","55,025","56,241","66,001","65,523","31,044","11,502","2,214","57","382,339","382,339","19,244","31,534","43,958","55,060","56,173","65,840","65,470","31,232","11,548","2,223","57"
"경기도 부천시 소사구 (4119400000)","225,290","225,290","13,302","19,513","22,556","30,164","35,242","37,035","37,967","20,375","7,761","1,338","37","225,010","225,010","13,202","19,444","22,472","30,065","35,064","37,065","38,028","20,511","7,763","1,357","39","224,842","224,842","13,145","19,374","22,408","30,045","34,931","36,975","38,050","20,722","7,784","1,368","40","224,628","224,628","13,083","19,388","22,248","29,934","34,905","36,955","38,055","20,835","7,819","1,367","39","224,399","224,399","13,008","19,370","22,044","29,876","34,874","36,905","38,049","20,991","7,856","1,389","37","224,202","224,202","12,948","19,351","21,882","29,913","34,836","36,828","38,008","21,121","7,892","1,385","38"
"경기도 부천시 오정구 (4119600000)","148,911","148,911","5,568","10,606","17,079","18,783","19,061","29,079","29,151","13,045","5,638","881","20","148,890","148,890","5,569","10,564","16,970","18,806","19,021","29,008","29,273","13,121","5,645","893","20","148,695","148,695","5,560","10,508","16,877","18,830","18,898","28,872","29,298","13,268","5,649","915","20","148,825","148,825","5,521","10,474","16,898","19,056","18,825","28,760","29,337","13,367","5,648","920","19","148,946","148,946","5,484","10,423","16,872","19,289","18,750","28,662","29,381","13,465","5,675","926","19","148,912","148,912","5,445","10,401","16,819","19,354","18,754","28,584","29,408","13,509","5,688","931","19"
"경기도 광명시 (4121000000)","297,468","297,468","18,433","28,087","32,901","43,209","46,240","51,053","43,437","23,246","9,210","1,605","47","300,826","300,826","18,886","28,218","33,118","44,077","46,889","51,450","43,689","23,559","9,267","1,627","46","302,390","302,390","19,029","28,123","33,224","44,704","47,020","51,563","43,903","23,848","9,276","1,655","45","303,091","303,091","19,082","28,103","33,224","45,044","47,035","51,588","44,018","23,983","9,284","1,682","48","303,479","303,479","19,089","28,041","33,166","45,273","47,022","51,614","44,100","24,099","9,320","1,704","51","303,666","303,666","19,097","28,016","33,095","45,434","47,026","51,596","44,084","24,199","9,362","1,706","51"
"경기도 평택시 (4122000000)","612,095","612,095","46,482","58,921","72,262","99,674","101,074","101,813","75,655","35,875","17,337","2,937","65","613,456","613,456","46,493","58,951","72,081","99,855","101,318","102,118","76,148","36,070","17,378","2,978","66","615,107","615,107","46,369","59,051","72,049","100,493","101,310","102,256","76,539","36,525","17,428","3,020","67","616,517","616,517","46,305","59,136","72,059","100,847","101,389","102,596","76,871","36,787","17,413","3,043","71","618,234","618,234","46,269","59,256","72,100","101,357","101,637","102,884","77,158","36,989","17,442","3,072","70","619,670","619,670","46,290","59,337","72,154","101,733","101,939","102,985","77,445","37,152","17,499","3,069","67"
"경기도 송탄출장소 (4122200000)","0","0","0","0","0","0","0","0","0","0","0","0","0","0","0","0","0","0","0","0","0","0","0","0","0","0","0","0","0","0","0","0","0","0","0","0","0","0","0","0","0","0","0","0","0","0","0","0","0","0","0","0","0","0","0","0","0","0","0","0","0","0","0","0","0","0","0","0","0","0","0","0","0","0","0","0","0","0"
"경기도 안중출장소 (4122400000)","0","0","0","0","0","0","0","0","0","0","0","0","0","0","0","0","0","0","0","0","0","0","0","0","0","0","0","0","0","0","0","0","0","0","0","0","0","0","0","0","0","0","0","0","0","0","0","0","0","0","0","0","0","0","0","0","0","0","0","0","0","0","0","0","0","0","0","0","0","0","0","0","0","0","0","0","0","0"
"경기도 동두천시 (4125000000)","86,331","86,331","3,553","7,386","8,456","8,335","11,133","15,776","15,592","9,641","5,589","851","19","86,299","86,299","3,534","7,360","8,413","8,333","11,099","15,749","15,612","9,722","5,592","867","18","86,326","86,326","3,500","7,359","8,399","8,331","11,046","15,709","15,717","9,753","5,600","894","18","86,293","86,293","3,484","7,349","8,337","8,305","11,034","15,731","15,726","9,823","5,575","911","18","86,243","86,243","3,466","7,344","8,306","8,285","11,009","15,675","15,783","9,848","5,588","921","18","86,265","86,265","3,452","7,337","8,271","8,283","10,985","15,712","15,789","9,897","5,595","926","18"
"경기도 안산시 (4127000000)","611,860","611,860","29,412","52,280","81,787","82,942","84,771","120,560","100,295","38,919","17,457","3,326","111","611,467","611,467","29,171","52,176","81,457","82,817","84,436","120,375","100,811","39,231","17,505","3,375","113","610,783","610,783","28,967","52,026","80,869","83,005","84,008","119,810","101,416","39,628","17,520","3,418","116","610,081","610,081","28,832","51,897","80,348","82,957","83,734","119,526","101,775","39,880","17,551","3,461","120","609,712","609,712","28,674","51,794","79,926","83,037","83,561","119,288","102,092","40,153","17,574","3,489","124","609,240","609,240","28,536","51,721","79,510","83,056","83,491","118,966","102,334","40,367","17,629","3,502","128"
"경기도 안산시 상록구 (4127100000)","322,329","322,329","14,078","27,971","44,160","40,890","44,013","64,887","53,284","20,969","10,132","1,881","64","322,171","322,171","13,970","27,925","43,980","40,856","43,834","64,753","53,603","21,118","10,156","1,909","67","321,616","321,616","13,822","27,832","43,621","40,955","43,596","64,422","53,909","21,293","10,167","1,929","70","321,167","321,167","13,719","27,747","43,393","40,934","43,432","64,246","54,083","21,424","10,181","1,938","70","321,039","321,039","13,619","27,681","43,195","41,014","43,353","64,075","54,300","21,564","10,205","1,962","71","320,773","320,773","13,539","27,625","42,963","41,051","43,299","63,902","54,434","21,673","10,236","1,976","75"
"경기도 안산시 단원구 (4127300000)","289,531","289,531","15,334","24,309","37,627","42,052","40,758","55,673","47,011","17,950","7,325","1,445","47","289,296","289,296","15,201","24,251","37,477","41,961","40,602","55,622","47,208","18,113","7,349","1,466","46","289,167","289,167","15,145","24,194","37,248","42,050","40,412","55,388","47,507","18,335","7,353","1,489","46","288,914","288,914","15,113","24,150","36,955","42,023","40,302","55,280","47,692","18,456","7,370","1,523","50","288,673","288,673","15,055","24,113","36,731","42,023","40,208","55,213","47,792","18,589","7,369","1,527","53","288,467","288,467","14,997","24,096","36,547","42,005","40,192","55,064","47,900","18,694","7,393","1,526","53"
"경기도 고양시 (4128000000)","1,059,998","1,059,998","61,328","95,777","119,370","144,307","157,661","194,437","161,732","76,108","41,291","7,810","177","1,059,430","1,059,430","61,027","95,632","118,787","143,871","157,327","194,415","162,289","76,679","41,310","7,916","177","1,058,050","1,058,050","60,625","95,296","117,893","143,942","156,596","193,913","162,820","77,377","41,364","8,048","176","1,057,762","1,057,762","60,403","95,140","117,273","144,059","156,335","193,768","163,216","77,852","41,433","8,106","177","1,057,471","1,057,471","60,191","94,995","116,808","144,044","156,164","193,523","163,604","78,203","41,557","8,205","177","1,057,438","1,057,438","60,004","94,985","116,357","144,148","156,079","193,285","163,979","78,483","41,706","8,245","167"
"경기도 고양시 덕양구 (4128100000)","485,174","485,174","30,941","40,646","51,272","70,836","74,338","84,079","73,272","37,171","19,222","3,318","79","484,682","484,682","30,696","40,584","51,055","70,568","74,082","84,155","73,447","37,426","19,239","3,349","81","484,128","484,128","30,517","40,459","50,728","70,584","73,757","83,885","73,689","37,709","19,298","3,420","82","483,700","483,700","30,335","40,452","50,414","70,386","73,675","83,814","73,872","37,895","19,334","3,441","82","483,267","483,267","30,166","40,436","50,177","70,281","73,534","83,688","73,974","38,034","19,408","3,489","80","483,048","483,048","30,057","40,475","49,972","70,229","73,479","83,566","74,052","38,169","19,479","3,495","75"
"경기도 고양시 일산동구 (4128500000)","297,178","297,178","16,200","26,858","35,534","40,711","43,654","55,696","45,425","19,863","10,834","2,356","47","297,383","297,383","16,196","26,865","35,366","40,666","43,652","55,683","45,631","20,040","10,858","2,380","46","297,093","297,093","16,136","26,779","35,073","40,705","43,456","55,571","45,783","20,274","10,847","2,423","46","297,542","297,542","16,164","26,742","34,953","41,021","43,436","55,597","45,863","20,415","10,871","2,433","47","297,895","297,895","16,230","26,691","34,814","41,204","43,484","55,507","45,987","20,577","10,894","2,457","50","298,269","298,269","16,258","26,686","34,702","41,362","43,506","55,473","46,176","20,636","10,954","2,466","50"
"경기도 고양시 일산서구 (4128700000)","277,646","277,646","14,187","28,273","32,564","32,760","39,669","54,662","43,035","19,074","11,235","2,136","51","277,365","277,365","14,135","28,183","32,366","32,637","39,593","54,577","43,211","19,213","11,213","2,187","50","276,829","276,829","13,972","28,058","32,092","32,653","39,383","54,457","43,348","19,394","11,219","2,205","48","276,520","276,520","13,904","27,946","31,906","32,652","39,224","54,357","43,481","19,542","11,228","2,232","48","276,309","276,309","13,795","27,868","31,817","32,559","39,146","54,328","43,643","19,592","11,255","2,259","47","276,121","276,121","13,689","27,824","31,683","32,557","39,094","54,246","43,751","19,678","11,273","2,284","42"
"경기도 과천시 (4129000000)","79,951","79,951","8,140","8,194","8,097","12,151","12,889","11,895","10,641","4,994","2,379","557","14","80,098","80,098","8,133","8,221","8,090","12,115","12,944","11,927","10,675","5,030","2,388","560","15","80,197","80,197","8,108","8,257","8,053","12,202","12,933","11,928","10,677","5,062","2,397","563","17","80,250","80,250","8,104","8,275","8,013","12,221","12,956","11,925","10,692","5,092","2,392","563","17","80,384","80,384","8,100","8,293","8,030","12,280","13,009","11,897","10,691","5,108","2,394","563","19","80,832","80,832","8,101","8,331","8,128","12,481","13,061","11,888","10,703","5,151","2,403","566","19"
"경기도 구리시 (4131000000)","186,118","186,118","10,050","16,226","21,261","25,299","27,941","33,419","29,915","14,632","6,430","922","23","185,946","185,946","9,990","16,169","21,152","25,271","27,870","33,357","30,044","14,718","6,416","935","24","185,982","185,982","9,963","16,140","21,062","25,411","27,813","33,216","30,133","14,869","6,408","941","26","186,855","186,855","10,017","16,161","21,082","25,811","27,870","33,237","30,290","14,977","6,429","956","25","187,463","187,463","10,055","16,159","21,044","26,130","27,892","33,262","30,369","15,119","6,445","964","24","187,782","187,782","10,076","16,116","21,031","26,418","27,846","33,244","30,422","15,168","6,472","965","24"
"경기도 남양주시 (4136000000)","729,552","729,552","46,034","78,830","76,474","84,293","119,554","130,628","104,155","58,680","26,599","4,192","113","729,142","729,142","45,738","78,645","76,196","84,032","119,235","130,803","104,434","59,043","26,667","4,229","120","728,597","728,597","45,425","78,495","75,766","84,147","118,777","130,485","104,858","59,509","26,718","4,294","123","728,126","728,126","45,159","78,501","75,383","84,158","118,375","130,502","105,043","59,783","26,758","4,335","129","727,717","727,717","44,871","78,523","75,017","84,121","118,087","130,429","105,293","60,012","26,874","4,360","130","727,440","727,440","44,655","78,396","74,870","84,156","117,964","130,341","105,382","60,217","26,960","4,368","131"
"경기도 풍양출장소 (4136200000)","0","0","0","0","0","0","0","0","0","0","0","0","0","0","0","0","0","0","0","0","0","0","0","0","0","0","0","0","0","0","0","0","0","0","0","0","0","0","0","0","0","0","0","0","0","0","0","0","0","0","0","0","0","0","0","0","0","0","0","0","0","0","0","0","0","0","0","0","0","0","0","0","0","0","0","0","0","0"
"경기도 오산시 (4137000000)","250,128","250,128","17,931","27,127","28,664","40,390","46,587","41,162","28,347","13,223","5,814","863","20","250,518","250,518","17,804","27,184","28,636","40,314","46,622","41,362","28,514","13,350","5,829","881","22","250,783","250,783","17,690","27,210","28,573","40,359","46,593","41,415","28,699","13,459","5,868","893","24","251,395","251,395","17,740","27,227","28,590","40,462","46,598","41,631","28,811","13,528","5,878","904","26","252,414","252,414","17,831","27,306","28,583","40,816","46,692","41,795","28,913","13,636","5,911","905","26","253,590","253,590","17,909","27,401","28,600","41,180","46,903","41,985","29,023","13,696","5,947","919","27"
"경기도 시흥시 (4139000000)","514,778","514,778","37,922","52,107","57,317","74,074","89,030","92,607","70,264","27,477","11,822","2,099","59","514,384","514,384","37,645","52,026","57,030","73,834","88,809","92,616","70,641","27,746","11,851","2,126","60","514,501","514,501","37,470","52,009","56,949","73,809","88,488","92,441","71,202","28,022","11,884","2,166","61","514,822","514,822","37,304","52,099","56,876","73,874","88,435","92,427","71,439","28,200","11,906","2,203","59","514,804","514,804","37,118","52,064","56,707","73,918","88,344","92,322","71,731","28,353","11,960","2,223","64","514,831","514,831","36,992","52,041","56,466","73,863","88,416","92,282","71,922","28,536","12,015","2,232","66"
"경기도 군포시 (4141000000)","251,038","251,038","12,241","22,242","29,774","34,192","35,313","45,180","41,453","19,523","9,196","1,885","39","250,701","250,701","12,132","22,183","29,552","34,059","35,244","45,127","41,550","19,687","9,188","1,940","39","250,300","250,300","12,042","22,088","29,377","34,028","35,095","44,924","41,670","19,886","9,191","1,959","40","250,007","250,007","11,955","22,028","29,223","34,066","34,961","44,838","41,733","19,983","9,207","1,974","39","249,770","249,770","11,910","21,943","29,111","34,049","34,864","44,767","41,779","20,085","9,244","1,978","40","249,462","249,462","11,829","21,901","28,961","33,993","34,857","44,684","41,723","20,201","9,296","1,978","39"
"경기도 의왕시 (4143000000)","160,842","160,842","11,088","13,306","17,588","24,365","22,345","26,896","26,510","12,507","5,182","1,022","33","161,183","161,183","11,120","13,334","17,467","24,429","22,368","26,847","26,635","12,662","5,253","1,034","34","162,209","162,209","11,309","13,416","17,433","24,778","22,447","26,871","26,753","12,827","5,283","1,058","34","162,972","162,972","11,451","13,438","17,396","24,992","22,494","26,948","26,874","12,951","5,315","1,075","38","163,071","163,071","11,442","13,388","17,335","25,015","22,502","26,918","26,952","13,042","5,340","1,099","38","164,221","164,221","11,546","13,407","17,392","25,381","22,671","27,067","27,097","13,160","5,365","1,097","38"
"경기도 하남시 (4145000000)","328,048","328,048","26,207","33,792","33,088","48,995","59,807","49,752","42,500","24,155","8,335","1,371","46","327,740","327,740","25,977","33,796","32,969","48,767","59,712","49,869","42,578","24,301","8,350","1,376","45","327,824","327,824","25,927","33,821","32,823","48,870","59,540","49,865","42,629","24,512","8,399","1,391","47","327,681","327,681","25,797","33,845","32,680","48,752","59,462","49,950","42,640","24,655","8,440","1,415","45","327,571","327,571","25,665","33,878","32,576","48,644","59,454","49,943","42,687","24,777","8,473","1,431","43","327,495","327,495","25,528","33,947","32,421","48,648","59,383","49,974","42,690","24,914","8,499","1,447","44"
"경기도 용인시 (4146000000)","1,090,978","1,090,978","72,105","120,877","126,887","137,786","180,594","192,752","133,985","79,491","39,823","6,525","153","1,090,776","1,090,776","71,827","120,622","126,499","137,527","180,126","193,158","134,465","79,788","39,981","6,623","160","1,090,420","1,090,420","71,443","120,418","126,068","138,025","179,349","192,995","134,872","80,189","40,189","6,711","161","1,090,269","1,090,269","71,129","120,725","125,680","138,288","178,846","192,990","135,017","80,453","40,241","6,741","159","1,089,693","1,089,693","70,805","120,900","125,170","138,273","178,430","192,929","135,296","80,608","40,333","6,793","156","1,090,211","1,090,211","70,685","121,315","124,971","138,356","178,239","192,896","135,562","80,696","40,530","6,802","159"
"경기도 용인시 처인구 (4146100000)","282,534","282,534","17,723","26,095","32,018","37,369","44,306","49,415","42,308","21,877","9,624","1,763","36","283,119","283,119","17,689","26,074","31,953","37,395","44,247","49,637","42,567","22,025","9,686","1,805","41","284,132","284,132","17,636","26,099","32,041","37,661","44,203","49,747","42,882","22,264","9,716","1,842","41","285,039","285,039","17,616","26,514","32,053","37,745","44,200","49,795","43,075","22,429","9,736","1,836","40","285,532","285,532","17,575","26,833","31,939","37,753","44,146","49,839","43,240","22,553","9,771","1,847","36","286,391","286,391","17,550","27,369","32,014","37,737","44,166","49,842","43,380","22,589","9,852","1,855","37"
"경기도 용인시 기흥구 (4146300000)","434,484","434,484","26,866","48,800","53,020","52,248","70,504","80,061","52,105","31,563","16,509","2,735","73","434,349","434,349","26,709","48,641","52,954","52,119","70,279","80,219","52,307","31,691","16,578","2,777","75","434,263","434,263","26,559","48,544","52,747","52,364","69,965","80,167","52,463","31,845","16,726","2,807","76","434,289","434,289","26,370","48,513","52,594","52,512","69,771","80,271","52,590","31,989","16,765","2,838","76","434,363","434,363","26,246","48,445","52,467","52,680","69,586","80,348","52,742","32,095","16,809","2,869","76","434,590","434,590","26,190","48,386","52,410","52,866","69,484","80,408","52,815","32,185","16,904","2,867","75"
"경기도 용인시 수지구 (4146500000)","373,960","373,960","27,516","45,982","41,849","48,169","65,784","63,276","39,572","26,051","13,690","2,027","44","373,308","373,308","27,429","45,907","41,592","48,013","65,600","63,302","39,591","26,072","13,717","2,041","44","372,025","372,025","27,248","45,775","41,280","48,000","65,181","63,081","39,527","26,080","13,747","2,062","44","370,941","370,941","27,143","45,698","41,033","48,031","64,875","62,924","39,352","26,035","13,740","2,067","43","369,798","369,798","26,984","45,622","40,764","47,840","64,698","62,742","39,314","25,960","13,753","2,077","44","369,230","369,230","26,945","45,560","40,547","47,753","64,589","62,646","39,367","25,922","13,774","2,080","47"
"경기도 파주시 (4148000000)","527,182","527,182","38,329","55,546","54,636","73,318","87,709","89,084","69,565","36,228","19,338","3,357","72","528,614","528,614","38,361","55,602","54,608","73,360","88,029","89,359","69,901","36,542","19,383","3,395","74","530,201","530,201","38,372","55,682","54,521","73,767","88,086","89,485","70,394","36,901","19,428","3,492","73","531,373","531,373","38,314","55,789","54,498","73,972","88,159","89,732","70,722","37,104","19,496","3,510","77","532,124","532,124","38,249","55,806","54,382","74,120","88,196","89,971","70,893","37,334","19,570","3,524","79","533,387","533,387","38,190","55,907","54,474","74,380","88,367","90,131","71,139","37,513","19,665","3,542","79"
"경기도 이천시 (4150000000)","222,879","222,879","13,530","21,375","26,508","31,212","33,495","36,913","33,553","16,900","7,897","1,455","41","222,906","222,906","13,468","21,261","26,444","31,125","33,536","36,928","33,739","17,011","7,889","1,462","43","223,229","223,229","13,441","21,250","26,354","31,280","33,427","36,945","33,913","17,186","7,918","1,472","43","223,506","223,506","13,395","21,405","26,247","31,364","33,360","36,992","34,022","17,268","7,947","1,464","42","223,635","223,635","13,332","21,420","26,119","31,471","33,311","37,049","34,067","17,399","7,957","1,471","39","224,740","224,740","13,340","22,164","26,207","31,571","33,308","37,081","34,089","17,486","7,987","1,467","40"
"경기도 안성시 (4155000000)","196,679","196,679","10,399","17,516","21,705","23,601","29,007","34,087","32,015","17,882","8,793","1,635","39","196,871","196,871","10,352","17,488","21,737","23,552","28,964","34,116","32,133","18,024","8,796","1,668","41","197,266","197,266","10,329","17,585","21,769","23,626","28,915","34,070","32,277","18,144","8,826","1,685","40","198,089","198,089","10,317","17,723","21,784","23,799","28,905","34,319","32,398","18,265","8,827","1,711","41","198,631","198,631","10,295","17,819","21,860","23,862","28,934","34,418","32,450","18,381","8,836","1,734","42","198,785","198,785","10,234","17,803","21,863","23,862","28,969","34,450","32,507","18,446","8,871","1,739","41"
"경기도 김포시 (4157000000)","484,694","484,694","37,481","56,268","46,178","62,371","91,282","76,743","61,753","35,145","14,930","2,481","62","484,614","484,614","37,172","56,309","46,088","62,063","91,185","76,914","61,963","35,385","14,980","2,490","65","484,334","484,334","36,858","56,331","45,826","62,028","90,906","76,923","62,184","35,607","15,083","2,522","66","484,222","484,222","36,536","56,464","45,585","62,008","90,673","77,068","62,329","35,768","15,183","2,544","64","484,047","484,047","36,226","56,577","45,420","61,875","90,489","77,170","62,420","35,953","15,281","2,573","63","484,042","484,042","35,978","56,663","45,388","61,754","90,454","77,221","62,516","36,086","15,354","2,565","63"
"경기도 화성시 (4159000000)","991,092","991,092","88,884","117,731","108,950","164,190","186,562","151,739","102,998","46,937","19,419","3,605","77","992,956","992,956","88,844","117,859","108,842","164,299","186,756","152,320","103,453","47,334","19,518","3,653","78","995,253","995,253","88,879","118,015","108,733","165,063","186,424","152,756","104,166","47,834","19,609","3,694","80","996,582","996,582","88,703","118,132","108,592","165,489","186,371","153,107","104,566","48,155","19,654","3,730","83","997,713","997,713","88,483","118,306","108,432","165,584","186,451","153,507","104,922","48,448","19,704","3,789","87","998,746","998,746","88,267","118,417","108,410","165,715","186,528","153,842","105,145","48,710","19,809","3,819","84"
"경기도 화성시 만세구 (4159100000)","","","","","","","","","","","","","","234,881","234,881","16,002","23,186","23,581","32,012","39,772","39,811","34,714","16,575","7,633","1,568","27","234,733","234,733","15,871","23,195","23,488","31,943","39,609","39,738","34,903","16,712","7,673","1,574","27","234,710","234,710","15,754","23,240","23,414","31,918","39,528","39,734","35,014","16,813","7,673","1,591","31","234,599","234,599","15,637","23,272","23,314","31,839","39,473","39,724","35,115","16,885","7,698","1,609","33","234,482","234,482","15,524","23,280","23,260","31,695","39,463","39,755","35,105","17,011","7,735","1,621","33"
"경기도 화성시동부출장소 (4159200000)","0","0","0","0","0","0","0","0","0","0","0","0","0","","","","","","","","","","","","","","","","","","","","","","","","","","","","","","","","","","","","","","","","","","","","","","","","","","","","","","","","","","","","","","","","",""
"경기도 화성시 효행구 (4159300000)","","","","","","","","","","","","","","159,440","159,440","13,273","15,630","16,646","26,044","26,173","25,656","20,691","10,151","4,297","852","27","159,451","159,451","13,256","15,665","16,590","25,973","26,112","25,662","20,774","10,228","4,303","860","28","159,444","159,444","13,252","15,622","16,538","25,900","26,125","25,685","20,807","10,290","4,326","870","29","159,975","159,975","13,327","15,643","16,536","25,941","26,176","25,847","20,885","10,373","4,329","888","30","160,481","160,481","13,372","15,651","16,586","26,016","26,283","25,907","20,965","10,435","4,343","894","29"
"경기도 화성시동탄출장소 (4159400000)","0","0","0","0","0","0","0","0","0","0","0","0","0","","","","","","","","","","","","","","","","","","","","","","","","","","","","","","","","","","","","","","","","","","","","","","","","","","","","","","","","","","","","","","","","",""
"경기도 화성시 병점구 (4159500000)","","","","","","","","","","","","","","173,168","173,168","14,262","18,447","21,889","29,077","30,835","27,588","18,355","8,688","3,485","530","12","174,109","174,109","14,387","18,478","21,972","29,402","30,841","27,678","18,475","8,812","3,505","547","12","174,580","174,580","14,381","18,495","22,013","29,521","30,855","27,760","18,614","8,872","3,511","548","10","174,699","174,699","14,329","18,481","22,010","29,508","30,898","27,764","18,681","8,921","3,534","562","11","174,794","174,794","14,259","18,493","22,002","29,531","30,881","27,786","18,726","8,967","3,575","564","10"
"경기도 화성시 동탄구 (4159700000)","","","","","","","","","","","","","","425,467","425,467","45,307","60,596","46,726","77,166","89,976","59,265","29,693","11,920","4,103","703","12","426,960","426,960","45,365","60,677","46,683","77,745","89,862","59,678","30,014","12,082","4,128","713","13","427,848","427,848","45,316","60,775","46,627","78,150","89,863","59,928","30,131","12,180","4,144","721","13","428,440","428,440","45,190","60,910","46,572","78,296","89,904","60,172","30,241","12,269","4,143","730","13","428,989","428,989","45,112","60,993","46,562","78,473","89,901","60,394","30,349","12,297","4,156","740","12"
"경기도 광주시 (4161000000)","397,364","397,364","26,486","36,278","38,214","51,543","67,167","70,116","61,684","31,618","12,284","1,914","60","397,174","397,174","26,330","36,175","38,063","51,246","67,045","70,199","61,939","31,845","12,340","1,935","57","397,166","397,166","26,167","36,136","37,834","51,295","66,864","70,100","62,147","32,198","12,393","1,976","56","397,402","397,402","26,060","36,187","37,656","51,340","66,830","70,145","62,296","32,407","12,420","2,005","56","398,250","398,250","26,054","36,271","37,586","51,471","66,863","70,317","62,454","32,633","12,517","2,029","55","399,111","399,111","26,028","36,373","37,594","51,556","67,032","70,474","62,566","32,794","12,617","2,020","57"
"경기도 양주시 (4163000000)","296,463","296,463","22,542","29,017","30,868","40,249","46,652","50,164","41,558","22,783","10,738","1,852","40","296,740","296,740","22,503","29,050","30,811","40,159","46,613","50,261","41,709","22,967","10,751","1,875","41","296,830","296,830","22,446","29,091","30,600","40,219","46,518","50,213","41,880","23,119","10,802","1,898","44","296,910","296,910","22,379","29,105","30,504","40,151","46,483","50,233","42,050","23,208","10,845","1,904","48","296,976","296,976","22,323","29,123","30,324","40,096","46,447","50,314","42,145","23,316","10,922","1,920","46","297,226","297,226","22,251","29,200","30,284","40,142","46,471","50,287","42,193","23,443","10,989","1,917","49"
"경기도 포천시 (4165000000)","140,461","140,461","5,615","9,822","13,977","13,834","15,552","26,076","30,749","15,384","7,907","1,492","53","140,355","140,355","5,596","9,784","13,895","13,824","15,465","26,021","30,781","15,509","7,915","1,509","56","140,428","140,428","5,596","9,695","13,855","13,909","15,373","25,887","30,905","15,683","7,938","1,531","56","140,435","140,435","5,561","9,696","13,764","13,970","15,315","25,806","30,995","15,778","7,944","1,550","56","140,464","140,464","5,513","9,682","13,739","14,008","15,281","25,763","31,024","15,846","8,005","1,546","57","140,468","140,468","5,484","9,677","13,685","14,019","15,274","25,705","31,095","15,917","8,004","1,555","53"
"경기도 여주시 (4167000000)","113,885","113,885","5,239","8,927","9,848","11,323","14,545","19,980","22,736","13,618","6,442","1,195","32","113,735","113,735","5,186","8,886","9,766","11,281","14,512","19,940","22,761","13,709","6,446","1,217","31","113,621","113,621","5,145","8,852","9,674","11,277","14,449","19,858","22,825","13,817","6,469","1,225","30","113,605","113,605","5,138","8,834","9,624","11,263","14,400","19,854","22,872","13,899","6,463","1,228","30","113,541","113,541","5,102","8,825","9,585","11,262","14,358","19,830","22,890","13,962","6,453","1,245","29","113,506","113,506","5,056","8,819","9,541","11,269","14,311","19,859","22,884","14,027","6,457","1,254","29"
"경기도 연천군 (4180000000)","42,475","42,475","1,872","2,748","4,273","4,162","4,203","6,482","9,083","5,761","3,291","587","13","42,578","42,578","1,876","2,759","4,271","4,175","4,210","6,469","9,115","5,808","3,289","593","13","42,684","42,684","1,864","2,760","4,296","4,172","4,226","6,459","9,144","5,861","3,292","600","10","42,814","42,814","1,864","2,769","4,295","4,195","4,231","6,474","9,182","5,892","3,303","599","10","42,868","42,868","1,842","2,773","4,302","4,198","4,233","6,460","9,221","5,913","3,317","599","10","42,977","42,977","1,824","2,774","4,372","4,201","4,220","6,457","9,236","5,957","3,323","603","10"
"경기도 가평군 (4182000000)","62,026","62,026","2,468","4,044","5,251","5,359","6,750","10,480","13,862","8,721","4,335","728","28","62,030","62,030","2,453","4,033","5,230","5,299","6,749","10,480","13,874","8,790","4,343","752","27","61,963","61,963","2,425","4,027","5,185","5,318","6,723","10,413","13,889","8,864","4,322","769","28","62,010","62,010","2,414","4,033","5,159","5,313","6,709","10,423","13,933","8,890","4,338","770","28","62,044","62,044","2,395","4,023","5,165","5,353","6,681","10,381","13,936","8,964","4,332","787","27","62,041","62,041","2,394","4,038","5,153","5,352","6,701","10,331","13,934","8,991","4,330","790","27"
"경기도 양평군 (4183000000)","126,986","126,986","5,602","9,907","8,918","10,482","15,261","21,282","27,957","17,828","8,181","1,530","38","126,830","126,830","5,560","9,869","8,845","10,455","15,201","21,240","27,931","17,952","8,188","1,549","40","126,742","126,742","5,547","9,832","8,755","10,468","15,122","21,158","27,971","18,097","8,177","1,577","38","126,797","126,797","5,528","9,798","8,758","10,438","15,095","21,149","27,986","18,217","8,209","1,582","37","126,746","126,746","5,468","9,798","8,718","10,410","15,069","21,109","27,998","18,298","8,242","1,599","37","126,822","126,822","5,428","9,861","8,722","10,454","15,035","21,074","27,995","18,344","8,268","1,601","40"
"강원특별자치도  (5100000000)","1,507,634","1,507,634","80,314","125,158","147,150","158,661","194,350","257,486","280,254","161,077","87,773","14,978","433","1,506,699","1,506,699","80,060","124,847","146,407","158,397","193,867","257,000","280,701","162,065","87,764","15,151","440","1,506,843","1,506,843","79,775","124,956","145,923","158,821","193,113","255,828","281,385","163,396","87,826","15,376","444","1,507,199","1,507,199","79,491","124,906","145,742","158,987","192,531","255,636","281,642","164,441","87,854","15,511","458","1,507,237","1,507,237","79,232","124,713","145,555","159,144","192,137","255,410","281,744","165,221","88,004","15,615","462","1,507,217","1,507,217","79,006","124,617","145,245","159,313","192,139","254,946","281,853","165,823","88,140","15,683","452"
"동해출장소  (5110500000)","0","0","0","0","0","0","0","0","0","0","0","0","0","0","0","0","0","0","0","0","0","0","0","0","0","0","0","0","0","0","0","0","0","0","0","0","0","0","0","0","0","0","0","0","0","0","0","0","0","0","0","0","0","0","0","0","0","0","0","0","0","0","0","0","0","0","0","0","0","0","0","0","0","0","0","0","0","0"
"강원특별자치도 춘천시 (5111000000)","284,895","284,895","17,164","25,591","34,590","34,899","38,637","46,283","45,436","25,126","14,523","2,586","60","284,855","284,855","17,108","25,606","34,492","34,824","38,584","46,228","45,525","25,288","14,521","2,617","62","284,910","284,910","17,025","25,645","34,513","34,876","38,482","46,079","45,581","25,497","14,504","2,649","59","284,966","284,966","16,982","25,645","34,524","34,911","38,372","46,034","45,572","25,682","14,504","2,678","62","285,160","285,160","16,924","25,642","34,631","34,960","38,298","46,045","45,533","25,825","14,549","2,690","63","285,027","285,027","16,872","25,589","34,495","34,980","38,318","45,939","45,548","25,939","14,576","2,708","63"
"강원특별자치도 원주시 (5113000000)","363,496","363,496","23,580","34,459","38,457","47,067","53,615","62,398","58,135","28,274","14,774","2,676","61","363,669","363,669","23,558","34,409","38,312","47,057","53,631","62,320","58,337","28,516","14,764","2,705","60","363,900","363,900","23,552","34,308","38,206","47,285","53,411","62,157","58,551","28,861","14,756","2,752","61","364,286","364,286","23,462","34,366","38,212","47,358","53,259","62,200","58,711","29,110","14,791","2,757","60","364,570","364,570","23,404","34,404","38,191","47,419","53,187","62,205","58,800","29,293","14,823","2,783","61","364,811","364,811","23,359","34,429","38,133","47,479","53,230","62,113","58,917","29,434","14,870","2,786","61"
"강원특별자치도 강릉시 (5115000000)","205,966","205,966","10,092","16,542","19,989","20,546","27,003","36,494","37,326","23,290","12,416","2,210","58","205,895","205,895","10,075","16,483","19,985","20,522","26,896","36,431","37,415","23,392","12,401","2,237","58","205,891","205,891","10,033","16,442","19,986","20,602","26,755","36,256","37,522","23,515","12,456","2,264","60","205,849","205,849","9,999","16,410","19,949","20,616","26,654","36,229","37,579","23,626","12,436","2,286","65","205,790","205,790","9,968","16,369","19,925","20,631","26,596","36,188","37,578","23,686","12,486","2,296","67","205,666","205,666","9,945","16,336","19,809","20,655","26,564","36,163","37,559","23,746","12,520","2,302","67"
"강원특별자치도 동해시 (5117000000)","86,225","86,225","4,622","7,849","7,576","8,040","11,853","15,949","15,177","9,584","4,830","726","19","86,062","86,062","4,604","7,806","7,525","8,027","11,815","15,913","15,176","9,608","4,822","749","17","85,875","85,875","4,557","7,774","7,417","8,035","11,756","15,847","15,215","9,650","4,851","755","18","85,758","85,758","4,527","7,778","7,368","8,054","11,691","15,793","15,234","9,688","4,842","765","18","85,608","85,608","4,502","7,757","7,275","8,063","11,650","15,762","15,225","9,740","4,844","772","18","85,589","85,589","4,488","7,764","7,243","8,058","11,661","15,755","15,239","9,764","4,830","771","16"
"강원특별자치도 태백시 (5119000000)","36,972","36,972","1,435","3,205","2,614","2,670","4,789","6,704","7,336","5,302","2,585","321","11","36,886","36,886","1,419","3,186","2,603","2,654","4,760","6,685","7,338","5,310","2,596","324","11","36,859","36,859","1,412","3,195","2,594","2,659","4,746","6,635","7,332","5,343","2,597","332","14","36,850","36,850","1,401","3,180","2,597","2,672","4,726","6,619","7,340","5,368","2,594","338","15","36,853","36,853","1,398","3,168","2,594","2,679","4,706","6,608","7,355","5,389","2,599","342","15","36,811","36,811","1,393","3,163","2,596","2,670","4,693","6,589","7,341","5,402","2,602","347","15"
"강원특별자치도 속초시 (5121000000)","79,586","79,586","4,191","6,632","6,846","8,641","10,718","14,434","15,042","8,390","4,002","668","22","79,252","79,252","4,124","6,574","6,764","8,612","10,632","14,382","15,031","8,424","4,010","675","24","78,982","78,982","4,104","6,508","6,662","8,589","10,579","14,279","15,040","8,501","4,014","683","23","78,842","78,842","4,075","6,505","6,605","8,580","10,528","14,238","15,057","8,533","4,005","695","21","78,805","78,805","4,051","6,500","6,538","8,586","10,523","14,215","15,067","8,580","4,019","703","23","78,893","78,893","4,026","6,514","6,547","8,597","10,527","14,201","15,090","8,627","4,035","707","22"
"강원특별자치도 삼척시 (5123000000)","60,307","60,307","2,706","4,458","5,757","4,655","6,829","10,524","12,162","7,855","4,475","860","26","60,135","60,135","2,719","4,393","5,662","4,615","6,799","10,509","12,181","7,887","4,466","878","26","60,450","60,450","2,717","4,645","5,737","4,609","6,757","10,453","12,221","7,922","4,470","895","24","60,461","60,461","2,693","4,631","5,759","4,615","6,736","10,465","12,181","7,971","4,481","903","26","60,408","60,408","2,680","4,589","5,759","4,618","6,734","10,445","12,168","8,009","4,477","902","27","60,294","60,294","2,663","4,557","5,735","4,608","6,718","10,408","12,163","8,036","4,476","903","27"
"강원특별자치도 홍천군 (5172000000)","66,008","66,008","2,742","4,342","4,852","5,404","6,703","10,696","16,080","9,267","4,946","945","31","65,937","65,937","2,738","4,336","4,811","5,390","6,669","10,662","16,051","9,347","4,948","954","31","65,962","65,962","2,724","4,336","4,765","5,411","6,663","10,573","16,095","9,448","4,942","972","33","65,935","65,935","2,695","4,333","4,724","5,400","6,649","10,569","16,086","9,526","4,943","979","31","65,889","65,889","2,687","4,304","4,712","5,389","6,620","10,548","16,108","9,568","4,930","990","33","65,849","65,849","2,672","4,311","4,691","5,386","6,617","10,519","16,069","9,621","4,940","992","31"
"강원특별자치도 횡성군 (5173000000)","45,591","45,591","1,538","3,202","2,812","2,807","4,226","7,454","12,052","7,012","3,803","666","19","45,583","45,583","1,534","3,190","2,779","2,820","4,212","7,413","12,057","7,084","3,806","670","18","45,573","45,573","1,508","3,244","2,759","2,811","4,186","7,353","12,062","7,151","3,795","685","19","45,625","45,625","1,509","3,257","2,742","2,795","4,176","7,345","12,081","7,217","3,792","691","20","45,596","45,596","1,502","3,230","2,749","2,782","4,165","7,330","12,048","7,280","3,803","687","20","45,575","45,575","1,502","3,206","2,742","2,781","4,160","7,310","12,058","7,296","3,805","698","17"
"강원특별자치도 영월군 (5175000000)","35,997","35,997","1,187","2,395","2,373","2,257","3,579","6,280","8,826","5,521","3,077","490","12","35,917","35,917","1,192","2,380","2,327","2,230","3,566","6,251","8,831","5,563","3,069","495","13","35,868","35,868","1,173","2,423","2,299","2,215","3,537","6,189","8,852","5,581","3,082","504","13","35,836","35,836","1,176","2,397","2,297","2,225","3,523","6,163","8,837","5,609","3,085","510","14","35,757","35,757","1,168","2,387","2,269","2,201","3,524","6,122","8,836","5,633","3,091","513","13","35,714","35,714","1,151","2,386","2,267","2,211","3,502","6,093","8,849","5,643","3,076","524","12"
"강원특별자치도 평창군 (5176000000)","39,933","39,933","1,187","2,540","2,655","2,521","4,045","7,250","10,115","5,990","3,148","467","15","39,949","39,949","1,186","2,537","2,651","2,525","4,020","7,237","10,104","6,046","3,149","477","17","39,860","39,860","1,187","2,510","2,633","2,506","3,988","7,142","10,155","6,097","3,145","480","17","39,904","39,904","1,186","2,487","2,652","2,510","3,979","7,146","10,156","6,135","3,154","481","18","39,917","39,917","1,186","2,480","2,648","2,515","3,964","7,144","10,162","6,172","3,146","482","18","39,897","39,897","1,192","2,474","2,632","2,523","3,967","7,119","10,141","6,197","3,156","479","17"
"강원특별자치도 정선군 (5177000000)","34,982","34,982","1,065","2,119","2,362","2,297","3,966","6,617","8,404","5,046","2,686","394","26","35,001","35,001","1,041","2,113","2,360","2,298","3,946","6,647","8,404","5,071","2,698","397","26","35,053","35,053","1,028","2,115","2,364","2,300","3,922","6,641","8,444","5,125","2,687","400","27","35,073","35,073","1,027","2,093","2,363","2,305","3,908","6,622","8,454","5,166","2,702","404","29","35,113","35,113","1,019","2,086","2,376","2,301","3,905","6,632","8,474","5,181","2,705","406","28","35,128","35,128","1,012","2,074","2,378","2,296","3,904","6,632","8,477","5,224","2,700","405","26"
"강원특별자치도 철원군 (5178000000)","39,953","39,953","2,239","3,066","4,018","4,125","4,438","6,325","7,617","4,729","2,986","396","14","39,818","39,818","2,223","3,029","4,000","4,096","4,400","6,285","7,615","4,771","2,986","398","15","39,802","39,802","2,215","3,021","3,964","4,111","4,402","6,228","7,637","4,807","2,996","406","15","39,779","39,779","2,216","3,006","3,964","4,098","4,403","6,192","7,668","4,826","2,979","410","17","39,727","39,727","2,207","2,997","3,946","4,098","4,382","6,177","7,669","4,838","2,985","412","16","39,711","39,711","2,204","2,999","3,941","4,110","4,376","6,162","7,664","4,828","2,995","416","16"
"강원특별자치도 화천군 (5179000000)","22,338","22,338","1,184","1,599","2,734","2,406","2,215","3,328","4,447","2,500","1,644","264","17","22,284","22,284","1,194","1,573","2,692","2,415","2,203","3,305","4,452","2,520","1,647","265","18","22,290","22,290","1,198","1,565","2,681","2,433","2,183","3,286","4,462","2,545","1,652","268","17","22,335","22,335","1,200","1,573","2,660","2,450","2,190","3,292","4,470","2,568","1,651","265","16","22,328","22,328","1,194","1,578","2,636","2,464","2,178","3,285","4,476","2,576","1,652","273","16","22,579","22,579","1,198","1,593","2,732","2,498","2,197","3,312","4,506","2,601","1,652","274","16"
"강원특별자치도 양구군 (5180000000)","20,373","20,373","1,222","1,801","2,120","2,184","2,251","3,023","4,026","2,149","1,362","233","2","20,382","20,382","1,189","1,874","2,108","2,166","2,232","3,020","4,035","2,159","1,361","236","2","20,368","20,368","1,184","1,870","2,082","2,174","2,238","3,013","4,026","2,187","1,356","236","2","20,349","20,349","1,173","1,861","2,087","2,162","2,234","3,011","4,020","2,201","1,361","237","2","20,358","20,358","1,175","1,852","2,065","2,187","2,241","3,013","4,028","2,197","1,358","240","2","20,372","20,372","1,175","1,840","2,087","2,190","2,243","3,012","4,026","2,208","1,351","238","2"
"강원특별자치도 인제군 (5181000000)","30,814","30,814","1,891","2,115","3,360","3,730","3,646","4,598","6,192","3,150","1,813","304","15","30,742","30,742","1,871","2,104","3,327","3,712","3,643","4,587","6,206","3,168","1,809","299","16","30,760","30,760","1,870","2,096","3,292","3,742","3,612","4,596","6,220","3,210","1,798","308","16","30,773","30,773","1,876","2,106","3,286","3,743","3,604","4,595","6,204","3,232","1,797","314","16","30,752","30,752","1,885","2,098","3,276","3,736","3,600","4,568","6,204","3,252","1,801","317","15","30,771","30,771","1,879","2,110","3,280","3,745","3,609","4,556","6,191","3,268","1,803","316","14"
"강원특별자치도 고성군 (5182000000)","26,849","26,849","1,190","1,568","2,188","2,376","2,715","4,483","5,813","3,795","2,332","378","11","26,942","26,942","1,185","1,581","2,181","2,395","2,727","4,489","5,848","3,810","2,340","374","12","27,076","27,076","1,194","1,584","2,166","2,437","2,751","4,498","5,882","3,825","2,352","375","12","27,172","27,172","1,202","1,596","2,158","2,462","2,763","4,507","5,893","3,838","2,366","373","14","27,189","27,189","1,201","1,589","2,157","2,480","2,760","4,491","5,921","3,842","2,364","371","13","27,204","27,204","1,201","1,597","2,148","2,486","2,772","4,483","5,913","3,835","2,375","379","15"
"강원특별자치도 양양군 (5183000000)","27,349","27,349","1,079","1,675","1,847","2,036","3,122","4,646","6,068","4,097","2,371","394","14","27,390","27,390","1,100","1,673","1,828","2,039","3,132","4,636","6,095","4,101","2,371","401","14","27,364","27,364","1,094","1,675","1,803","2,026","3,145","4,603","6,088","4,131","2,373","412","14","27,406","27,406","1,092","1,682","1,795","2,031","3,136","4,616","6,099","4,145","2,371","425","14","27,417","27,417","1,081","1,683","1,808","2,035","3,104","4,632","6,092","4,160","2,372","436","14","27,326","27,326","1,074","1,675","1,789","2,040","3,081","4,580","6,102","4,154","2,378","438","15"
"충청북도  (4300000000)","1,596,749","1,596,749","92,762","143,164","166,306","193,232","221,367","271,421","269,970","148,702","75,556","13,955","314","1,596,816","1,596,816","92,526","142,988","165,544","193,034","221,054","271,244","270,754","149,825","75,389","14,141","317","1,597,976","1,597,976","92,041","143,288","165,430","193,600","220,186","270,571","271,463","151,272","75,444","14,363","318","1,599,375","1,599,375","91,906","143,271","165,341","194,130","219,687","270,612","272,049","152,140","75,393","14,524","322","1,600,216","1,600,216","91,552","143,219","165,293","194,455","219,564","270,433","272,256","153,001","75,435","14,685","323","1,600,787","1,600,787","91,348","143,119","164,960","194,741","219,781","270,206","272,514","153,603","75,507","14,688","320"
"충청북도 청주시 (4311000000)","856,629","856,629","58,041","84,447","102,185","122,906","130,303","142,468","120,997","61,413","28,603","5,160","106","857,420","857,420","58,022","84,529","101,979","122,835","130,260","142,546","121,440","61,900","28,582","5,224","103","857,936","857,936","57,791","84,482","101,876","123,274","129,827","142,306","121,841","62,498","28,642","5,298","101","858,653","858,653","57,719","84,499","101,796","123,576","129,606","142,400","122,065","62,910","28,607","5,371","104","859,441","859,441","57,578","84,574","101,808","123,855","129,596","142,374","122,234","63,219","28,645","5,451","107","859,571","859,571","57,501","84,510","101,591","123,996","129,691","142,261","122,314","63,438","28,715","5,448","106"
"충청북도 청주시 상당구 (4311100000)","194,463","194,463","12,827","19,694","20,025","23,854","28,765","33,735","30,457","15,977","7,738","1,364","27","194,232","194,232","12,774","19,567","19,959","23,801","28,667","33,649","30,547","16,125","7,733","1,383","27","193,836","193,836","12,651","19,488","19,759","23,832","28,499","33,539","30,603","16,289","7,745","1,404","27","193,727","193,727","12,608","19,487","19,608","23,827","28,406","33,511","30,703","16,402","7,727","1,420","28","193,425","193,425","12,534","19,463","19,493","23,796","28,350","33,422","30,700","16,468","7,735","1,436","28","193,079","193,079","12,451","19,459","19,339","23,724","28,334","33,341","30,705","16,503","7,752","1,442","29"
"충청북도 청주시 서원구 (4311200000)","183,007","183,007","9,386","16,871","23,954","21,987","24,520","32,859","29,258","15,640","7,246","1,259","27","184,851","184,851","9,657","17,086","24,092","22,392","24,765","33,104","29,447","15,761","7,252","1,269","26","185,924","185,924","9,711","17,145","24,275","22,685","24,763","33,217","29,619","15,910","7,278","1,293","28","186,350","186,350","9,744","17,128","24,322","22,824","24,755","33,275","29,676","16,019","7,266","1,313","28","187,416","187,416","9,807","17,248","24,485","23,000","24,904","33,433","29,764","16,115","7,293","1,337","30","187,779","187,779","9,833","17,258","24,511","23,101","24,935","33,503","29,788","16,168","7,320","1,333","29"
"충청북도 청주시 흥덕구 (4311300000)","292,310","292,310","23,105","27,924","36,259","50,262","46,088","46,638","36,712","16,844","7,099","1,350","29","291,887","291,887","23,007","27,918","36,069","49,984","46,033","46,573","36,833","16,968","7,101","1,372","29","291,840","291,840","22,975","27,846","36,050","50,080","45,864","46,381","36,979","17,123","7,136","1,380","26","292,205","292,205","22,955","27,864","36,071","50,208","45,824","46,440","37,044","17,242","7,125","1,403","29","292,288","292,288","22,891","27,859","36,008","50,361","45,801","46,373","37,106","17,338","7,104","1,418","29","292,625","292,625","22,946","27,790","36,003","50,530","45,889","46,318","37,157","17,425","7,129","1,410","28"
"충청북도 청주시 청원구 (4311400000)","186,849","186,849","12,723","19,958","21,947","26,803","30,930","29,236","24,570","12,952","6,520","1,187","23","186,450","186,450","12,584","19,958","21,859","26,658","30,795","29,220","24,613","13,046","6,496","1,200","21","186,336","186,336","12,454","20,003","21,792","26,677","30,701","29,169","24,640","13,176","6,483","1,221","20","186,371","186,371","12,412","20,020","21,795","26,717","30,621","29,174","24,642","13,247","6,489","1,235","19","186,312","186,312","12,346","20,004","21,822","26,698","30,541","29,146","24,664","13,298","6,513","1,260","20","186,088","186,088","12,271","20,003","21,738","26,641","30,533","29,099","24,664","13,342","6,514","1,263","20"
"충청북도 충주시 (4313000000)","206,270","206,270","10,775","17,336","19,878","22,543","27,250","35,978","37,874","21,088","11,373","2,127","48","206,177","206,177","10,740","17,302","19,729","22,524","27,187","35,963","37,951","21,244","11,343","2,144","50","206,096","206,096","10,634","17,259","19,758","22,525","27,037","35,842","38,034","21,443","11,334","2,182","48","206,089","206,089","10,613","17,211","19,767","22,543","26,913","35,800","38,078","21,575","11,341","2,197","51","206,179","206,179","10,539","17,248","19,809","22,516","26,892","35,755","38,076","21,727","11,349","2,216","52","205,978","205,978","10,478","17,250","19,733","22,487","26,899","35,643","38,092","21,779","11,354","2,211","52"
"충청북도 제천시 (4315000000)","127,803","127,803","6,034","10,687","12,632","11,315","15,139","22,419","25,340","15,243","7,736","1,221","37","127,640","127,640","6,000","10,629","12,525","11,323","15,075","22,331","25,394","15,345","7,746","1,233","39","128,269","128,269","5,947","11,043","12,692","11,344","14,989","22,211","25,465","15,537","7,722","1,280","39","128,382","128,382","5,914","11,075","12,689","11,357","14,943","22,195","25,508","15,642","7,720","1,300","39","128,306","128,306","5,883","11,029","12,687","11,360","14,901","22,146","25,470","15,745","7,736","1,309","40","128,192","128,192","5,841","10,961","12,642","11,366","14,913","22,114","25,460","15,815","7,733","1,309","38"
"충청북도 보은군 (4372000000)","30,603","30,603","974","1,760","1,801","1,801","2,659","4,859","7,796","5,134","3,073","737","9","30,601","30,601","959","1,751","1,800","1,801","2,660","4,823","7,822","5,168","3,065","742","10","30,662","30,662","949","1,759","1,798","1,816","2,662","4,800","7,828","5,202","3,082","756","10","30,705","30,705","954","1,758","1,796","1,821","2,660","4,797","7,845","5,225","3,075","763","11","30,716","30,716","947","1,763","1,787","1,817","2,654","4,773","7,860","5,265","3,065","773","12","31,181","31,181","947","1,776","1,834","1,881","2,704","4,861","7,988","5,328","3,074","776","12"
"충청북도 옥천군 (4373000000)","50,000","50,000","1,677","3,524","3,717","3,345","5,266","8,671","11,383","7,532","3,995","872","18","50,117","50,117","1,662","3,524","3,744","3,365","5,239","8,683","11,415","7,595","3,990","881","19","50,259","50,259","1,663","3,521","3,771","3,392","5,217","8,667","11,468","7,672","3,984","884","20","50,387","50,387","1,656","3,524","3,782","3,418","5,233","8,684","11,491","7,698","3,980","902","19","50,423","50,423","1,646","3,504","3,777","3,422","5,229","8,692","11,493","7,753","3,976","913","18","50,547","50,547","1,657","3,492","3,803","3,458","5,242","8,705","11,491","7,795","3,976","909","19"
"충청북도 영동군 (4374000000)","43,136","43,136","1,316","2,733","2,947","2,628","3,835","7,377","10,383","7,029","4,136","735","17","43,043","43,043","1,298","2,721","2,884","2,624","3,809","7,350","10,408","7,058","4,120","755","16","42,974","42,974","1,283","2,722","2,844","2,607","3,770","7,326","10,411","7,117","4,113","763","18","43,033","43,033","1,283","2,715","2,825","2,624","3,772","7,315","10,468","7,131","4,114","768","18","43,031","43,031","1,280","2,681","2,835","2,636","3,753","7,316","10,466","7,150","4,122","775","17","43,011","43,011","1,279","2,671","2,826","2,630","3,754","7,299","10,475","7,153","4,129","777","18"
"충청북도 증평군 (4374500000)","36,656","36,656","2,220","3,353","3,600","4,504","5,196","6,201","6,125","3,413","1,728","311","5","36,623","36,623","2,208","3,354","3,555","4,465","5,195","6,225","6,121","3,442","1,732","321","5","36,585","36,585","2,210","3,339","3,539","4,439","5,193","6,202","6,110","3,484","1,737","326","6","36,694","36,694","2,219","3,344","3,537","4,482","5,193","6,204","6,132","3,506","1,739","331","7","36,724","36,724","2,194","3,345","3,509","4,500","5,208","6,190","6,169","3,529","1,744","329","7","36,741","36,741","2,166","3,374","3,515","4,488","5,210","6,180","6,169","3,567","1,738","327","7"
"충청북도 진천군 (4375000000)","85,969","85,969","5,701","8,563","7,524","10,678","13,812","14,683","13,546","6,938","3,740","768","16","85,689","85,689","5,647","8,499","7,418","10,597","13,774","14,668","13,578","6,987","3,716","787","18","85,590","85,590","5,610","8,466","7,338","10,605","13,696","14,649","13,631","7,064","3,720","793","18","85,623","85,623","5,593","8,439","7,327","10,634","13,640","14,668","13,699","7,080","3,724","801","18","85,558","85,558","5,560","8,398","7,304","10,641","13,626","14,659","13,713","7,117","3,712","811","17","85,569","85,569","5,562","8,402","7,260","10,656","13,622","14,660","13,710","7,149","3,725","806","17"
"충청북도 괴산군 (4376000000)","38,166","38,166","1,098","1,869","2,318","2,181","3,235","6,443","10,340","6,388","3,632","646","16","37,774","37,774","1,057","1,797","2,249","2,120","3,185","6,339","10,306","6,452","3,590","663","16","37,532","37,532","1,033","1,766","2,157","2,116","3,120","6,265","10,278","6,513","3,587","681","16","37,473","37,473","1,037","1,754","2,113","2,122","3,092","6,223","10,314","6,545","3,568","691","14","37,428","37,428","1,032","1,737","2,107","2,109","3,088","6,195","10,313","6,584","3,565","684","14","37,415","37,415","1,023","1,742","2,091","2,106","3,094","6,177","10,335","6,586","3,558","689","14"
"충청북도 음성군 (4377000000)","94,729","94,729","4,178","7,356","8,141","9,744","12,288","17,705","18,983","10,085","5,206","1,010","33","95,021","95,021","4,196","7,357","8,114","9,800","12,314","17,742","19,096","10,164","5,182","1,023","33","95,429","95,429","4,198","7,409","8,133","9,913","12,334","17,762","19,167","10,249","5,200","1,031","33","95,680","95,680","4,199","7,444","8,177","9,977","12,305","17,805","19,208","10,306","5,202","1,024","33","95,787","95,787","4,178","7,445","8,152","10,024","12,290","17,826","19,225","10,383","5,187","1,046","31","95,954","95,954","4,179","7,446","8,161","10,096","12,324","17,798","19,253","10,441","5,171","1,055","30"
"충청북도 단양군 (4380000000)","26,788","26,788","748","1,536","1,563","1,587","2,384","4,617","7,203","4,439","2,334","368","9","26,711","26,711","737","1,525","1,547","1,580","2,356","4,574","7,223","4,470","2,323","368","8","26,644","26,644","723","1,522","1,524","1,569","2,341","4,541","7,230","4,493","2,323","369","9","26,656","26,656","719","1,508","1,532","1,576","2,330","4,521","7,241","4,522","2,323","376","8","26,623","26,623","715","1,495","1,518","1,575","2,327","4,507","7,237","4,529","2,334","378","8","26,628","26,628","715","1,495","1,504","1,577","2,328","4,508","7,227","4,552","2,334","381","7"
"충청남도  (4400000000)","2,136,204","2,136,204","125,744","202,628","211,083","252,246","312,974","353,387","340,310","205,333","108,882","23,151","466","2,136,064","2,136,064","125,180","202,588","210,272","251,296","312,680","353,782","340,951","206,752","108,608","23,485","470","2,136,826","2,136,826","124,499","202,748","209,722","251,763","311,700","353,494","341,510","208,468","108,574","23,873","475","2,137,689","2,137,689","124,077","202,636","209,401","252,015","311,075","353,875","342,169","209,658","108,250","24,061","472","2,138,517","2,138,517","123,549","202,628","209,005","252,221","310,923","353,966","342,492","210,740","108,309","24,209","475","2,138,785","2,138,785","123,070","202,608","208,653","252,232","311,245","353,916","342,678","211,315","108,423","24,171","474"
"충청남도 천안시 (4413000000)","664,269","664,269","43,520","68,029","84,939","98,281","109,123","111,510","86,876","40,389","18,109","3,425","68","664,746","664,746","43,256","68,195","84,888","98,004","109,089","111,703","87,236","40,749","18,102","3,456","68","665,080","665,080","43,025","68,215","84,794","98,108","108,736","111,701","87,642","41,135","18,131","3,527","66","665,391","665,391","42,876","68,154","84,634","98,239","108,506","111,890","87,963","41,376","18,131","3,558","64","665,858","665,858","42,713","68,159","84,543","98,381","108,492","111,865","88,216","41,650","18,185","3,592","62","666,182","666,182","42,534","68,169","84,409","98,450","108,687","111,857","88,331","41,859","18,232","3,589","65"
"충청남도 천안시 동남구 (4413100000)","262,353","262,353","14,484","25,022","32,160","33,114","39,091","46,082","40,638","20,531","9,361","1,831","39","262,718","262,718","14,393","25,188","32,204","33,000","38,989","46,157","40,825","20,719","9,356","1,848","39","263,206","263,206","14,358","25,198","32,300","33,106","38,809","46,159","41,031","20,939","9,380","1,889","37","263,373","263,373","14,311","25,135","32,325","33,147","38,700","46,245","41,133","21,035","9,388","1,917","37","263,552","263,552","14,253","25,129","32,367","33,178","38,673","46,174","41,250","21,153","9,415","1,926","34","263,653","263,653","14,222","25,053","32,380","33,208","38,667","46,219","41,287","21,234","9,430","1,916","37"
"충청남도 천안시 서북구 (4413300000)","401,916","401,916","29,036","43,007","52,779","65,167","70,032","65,428","46,238","19,858","8,748","1,594","29","402,028","402,028","28,863","43,007","52,684","65,004","70,100","65,546","46,411","20,030","8,746","1,608","29","401,874","401,874","28,667","43,017","52,494","65,002","69,927","65,542","46,611","20,196","8,751","1,638","29","402,018","402,018","28,565","43,019","52,309","65,092","69,806","65,645","46,830","20,341","8,743","1,641","27","402,306","402,306","28,460","43,030","52,176","65,203","69,819","65,691","46,966","20,497","8,770","1,666","28","402,529","402,529","28,312","43,116","52,029","65,242","70,020","65,638","47,044","20,625","8,802","1,673","28"
"충청남도 공주시 (4415000000)","99,730","99,730","3,569","7,620","10,109","8,017","10,924","16,232","20,618","13,514","7,385","1,705","37","99,551","99,551","3,532","7,600","9,996","7,966","10,899","16,210","20,623","13,603","7,347","1,738","37","99,843","99,843","3,497","7,875","10,067","7,935","10,833","16,189","20,594","13,725","7,322","1,768","38","99,885","99,885","3,495","7,870","10,078","7,930","10,800","16,183","20,597","13,809","7,302","1,780","41","99,841","99,841","3,453","7,906","10,036","7,934","10,753","16,179","20,567","13,897","7,293","1,782","41","99,757","99,757","3,436","7,871","10,033","7,918","10,755","16,169","20,536","13,927","7,302","1,769","41"
"충청남도 보령시 (4418000000)","91,882","91,882","3,888","7,051","6,896","7,440","11,024","15,852","18,478","13,045","6,820","1,350","38","91,621","91,621","3,846","6,998","6,816","7,378","10,982","15,802","18,448","13,132","6,816","1,364","39","91,434","91,434","3,834","6,916","6,770","7,364","10,921","15,749","18,387","13,255","6,819","1,378","41","91,367","91,367","3,808","6,888","6,761","7,355","10,880","15,730","18,409","13,300","6,806","1,389","41","91,353","91,353","3,775","6,900","6,737","7,373","10,845","15,729","18,405","13,344","6,809","1,395","41","91,260","91,260","3,763","6,884","6,691","7,380","10,850","15,698","18,394","13,366","6,804","1,391","39"
"충청남도 아산시 (4420000000)","360,019","360,019","28,668","40,659","37,617","52,374","64,314","56,197","43,264","23,225","11,460","2,209","32","360,864","360,864","28,671","40,829","37,548","52,292","64,531","56,380","43,470","23,410","11,453","2,247","33","361,590","361,590","28,585","40,907","37,461","52,522","64,519","56,525","43,644","23,647","11,468","2,277","35","362,431","362,431","28,514","41,044","37,511","52,672","64,541","56,700","43,857","23,786","11,458","2,314","34","363,223","363,223","28,437","41,115","37,544","52,759","64,688","56,912","43,990","23,928","11,477","2,338","35","363,678","363,678","28,410","41,163","37,500","52,787","64,784","57,033","44,106","24,020","11,504","2,335","36"
"충청남도 서산시 (4421000000)","172,297","172,297","10,406","16,832","15,512","19,465","25,081","29,832","27,484","16,513","8,991","2,127","54","171,893","171,893","10,314","16,716","15,367","19,353","24,952","29,859","27,553","16,596","8,949","2,181","53","171,556","171,556","10,212","16,612","15,222","19,366","24,843","29,756","27,631","16,700","8,951","2,213","50","171,393","171,393","10,168","16,615","15,103","19,345","24,741","29,781","27,640","16,806","8,908","2,236","50","171,306","171,306","10,111","16,583","15,059","19,300","24,679","29,792","27,674","16,888","8,914","2,258","48","171,136","171,136","10,010","16,593","15,029","19,272","24,670","29,743","27,677","16,913","8,920","2,262","47"
"충청남도 논산시 (4423000000)","106,615","106,615","4,634","8,298","8,370","9,061","12,055","17,994","21,425","14,631","8,283","1,828","36","106,522","106,522","4,600","8,301","8,315","8,989","12,004","18,008","21,419","14,735","8,260","1,852","39","106,295","106,295","4,576","8,227","8,274","8,974","11,947","17,901","21,382","14,881","8,221","1,872","40","106,198","106,198","4,563","8,188","8,261","8,955","11,941","17,853","21,385","14,952","8,175","1,885","40","106,094","106,094","4,544","8,157","8,224","8,969","11,877","17,824","21,360","15,007","8,193","1,899","40","105,977","105,977","4,534","8,141","8,207","8,966","11,865","17,795","21,308","15,049","8,194","1,879","39"
"충청남도 계룡시 (4425000000)","45,885","45,885","3,183","6,099","4,415","5,222","7,831","8,330","6,140","3,112","1,260","288","5","45,990","45,990","3,222","6,120","4,381","5,247","7,813","8,348","6,154","3,148","1,262","290","5","45,959","45,959","3,234","6,053","4,369","5,286","7,767","8,348","6,171","3,165","1,274","287","5","45,960","45,960","3,248","6,021","4,337","5,298","7,752","8,365","6,174","3,212","1,262","286","5","45,972","45,972","3,251","6,009","4,357","5,287","7,739","8,356","6,188","3,230","1,265","285","5","45,959","45,959","3,240","6,006","4,339","5,268","7,747","8,340","6,210","3,250","1,266","288","5"
"충청남도 당진시 (4427000000)","172,414","172,414","11,338","17,080","13,930","20,480","27,592","28,927","26,865","15,770","8,589","1,805","38","172,251","172,251","11,260","17,030","13,878","20,372","27,555","28,952","26,925","15,834","8,576","1,831","38","172,249","172,249","11,193","16,960","13,821","20,437","27,449","28,923","27,004","15,966","8,571","1,887","38","172,290","172,290","11,129","16,949","13,818","20,410","27,379","28,993","27,034","16,068","8,568","1,906","36","172,285","172,285","11,073","16,948","13,734","20,424","27,361","29,013","27,022","16,164","8,591","1,919","36","172,400","172,400","11,044","16,961","13,722","20,411","27,405","29,041","27,078","16,182","8,596","1,924","36"
"충청남도 금산군 (4471000000)","48,804","48,804","1,533","3,899","3,108","2,937","4,863","8,387","11,059","7,721","4,421","860","16","48,741","48,741","1,524","3,860","3,087","2,925","4,848","8,360","11,114","7,728","4,404","875","16","48,853","48,853","1,500","3,930","3,075","2,924","4,832","8,350","11,144","7,787","4,407","887","17","48,959","48,959","1,502","3,914","3,097","2,941","4,824","8,365","11,183","7,830","4,393","894","16","48,975","48,975","1,492","3,908","3,092","2,941","4,807","8,383","11,202","7,838","4,403","892","17","48,939","48,939","1,464","3,922","3,090","2,932","4,788","8,363","11,215","7,858","4,396","894","17"
"충청남도 부여군 (4476000000)","58,223","58,223","1,621","3,795","3,578","3,441","5,368","9,074","13,411","10,153","6,275","1,469","38","58,036","58,036","1,583","3,763","3,524","3,373","5,358","9,084","13,358","10,225","6,250","1,482","36","57,984","57,984","1,561","3,768","3,500","3,376","5,334","9,077","13,286","10,314","6,244","1,487","37","57,907","57,907","1,540","3,758","3,479","3,378","5,315","9,058","13,258","10,387","6,207","1,490","37","57,822","57,822","1,520","3,742","3,480","3,357","5,307","9,021","13,225","10,448","6,173","1,513","36","57,762","57,762","1,515","3,726","3,458","3,358","5,299","9,017","13,175","10,473","6,188","1,516","37"
"충청남도 서천군 (4477000000)","47,172","47,172","1,400","2,801","2,805","2,770","4,323","7,428","10,476","8,650","5,275","1,229","15","47,074","47,074","1,396","2,775","2,787","2,734","4,275","7,446","10,436","8,707","5,256","1,247","15","46,982","46,982","1,376","2,773","2,756","2,735","4,238","7,410","10,421","8,765","5,234","1,258","16","46,890","46,890","1,363","2,761","2,732","2,724","4,204","7,407","10,418","8,810","5,191","1,264","16","46,844","46,844","1,347","2,764","2,705","2,727","4,195","7,393","10,415","8,834","5,185","1,260","19","46,761","46,761","1,326","2,760","2,688","2,711","4,195","7,400","10,402","8,832","5,171","1,258","18"
"충청남도 청양군 (4479000000)","29,958","29,958","813","1,829","2,249","1,744","2,553","4,694","7,096","5,036","3,182","755","7","29,919","29,919","814","1,823","2,199","1,731","2,533","4,703","7,098","5,076","3,166","769","7","30,077","30,077","800","1,944","2,223","1,736","2,529","4,702","7,084","5,119","3,147","785","8","30,088","30,088","807","1,931","2,212","1,747","2,520","4,708","7,095","5,136","3,134","790","8","30,081","30,081","811","1,914","2,199","1,738","2,533","4,679","7,107","5,177","3,117","798","8","30,051","30,051","806","1,892","2,201","1,747","2,535","4,652","7,109","5,187","3,118","796","8"
"충청남도 홍성군 (4480000000)","100,835","100,835","6,008","9,448","8,296","10,525","13,224","16,224","17,158","11,778","6,650","1,499","25","101,040","101,040","6,044","9,439","8,291","10,545","13,266","16,258","17,158","11,869","6,614","1,532","24","101,143","101,143","6,029","9,449","8,211","10,607","13,249","16,261","17,190","11,941","6,599","1,583","24","101,338","101,338","6,017","9,465","8,241","10,644","13,248","16,294","17,220","12,001","6,596","1,588","24","101,443","101,443","6,013","9,463","8,242","10,660","13,274","16,321","17,213","12,058","6,585","1,588","26","101,566","101,566","5,999","9,472","8,243","10,685","13,298","16,325","17,257","12,077","6,595","1,589","26"
"충청남도 예산군 (4481000000)","78,722","78,722","3,225","5,491","5,439","6,556","8,442","12,871","16,429","11,906","6,861","1,468","34","78,647","78,647","3,218","5,468","5,419","6,520","8,391","12,837","16,449","11,999","6,827","1,483","36","78,604","78,604","3,192","5,470","5,393","6,512","8,367","12,798","16,425","12,079","6,831","1,500","37","78,460","78,460","3,176","5,448","5,360","6,504","8,317","12,772","16,413","12,132","6,797","1,504","37","78,337","78,337","3,162","5,429","5,308","6,497","8,300","12,740","16,390","12,188","6,779","1,506","38","78,318","78,318","3,160","5,402","5,306","6,491","8,302","12,743","16,382","12,216","6,778","1,500","38"
"충청남도 태안군 (4482500000)","59,379","59,379","1,938","3,697","3,820","3,933","6,257","9,835","13,531","9,890","5,321","1,134","23","59,169","59,169","1,900","3,671","3,776","3,867","6,184","9,832","13,510","9,941","5,326","1,138","24","59,177","59,177","1,885","3,649","3,786","3,881","6,136","9,804","13,505","9,989","5,355","1,164","23","59,132","59,132","1,871","3,630","3,777","3,873","6,107","9,776","13,523","10,053","5,322","1,177","23","59,083","59,083","1,847","3,631","3,745","3,874","6,073","9,759","13,518","10,089","5,340","1,184","23","59,039","59,039","1,829","3,646","3,737","3,856","6,065","9,740","13,498","10,106","5,359","1,181","22"
"전북특별자치도  (5200000000)","1,723,497","1,723,497","87,384","159,356","171,351","172,634","226,350","298,367","291,681","192,591","102,843","20,484","456","1,721,941","1,721,941","86,844","158,975","170,357","172,044","225,880","298,287","292,325","193,338","102,708","20,720","463","1,720,812","1,720,812","86,319","158,779","169,476","172,470","224,769","297,368","293,149","194,473","102,598","20,949","462","1,720,203","1,720,203","85,902","158,552","168,972","172,751","223,943","297,192","293,723","194,981","102,575","21,152","460","1,719,420","1,719,420","85,420","158,318","168,475","172,871","223,238","296,833","294,070","195,478","102,927","21,326","464","1,718,633","1,718,633","85,101","158,080","168,048","172,911","223,171","296,378","294,143","195,797","103,205","21,330","469"
"전북특별자치도 전주시 (5211000000)","624,241","624,241","36,582","66,175","76,247","74,620","91,880","107,936","88,603","53,335","24,420","4,366","77","623,433","623,433","36,271","66,113","75,911","74,296","91,731","107,843","88,811","53,568","24,426","4,384","79","622,915","622,915","36,048","66,031","75,710","74,382","91,240","107,553","89,021","53,941","24,462","4,443","84","622,242","622,242","35,850","65,922","75,406","74,431","90,903","107,419","89,133","54,108","24,511","4,476","83","621,760","621,760","35,623","65,832","75,182","74,444","90,609","107,334","89,218","54,264","24,659","4,509","86","620,874","620,874","35,507","65,673","74,868","74,309","90,549","107,116","89,133","54,331","24,784","4,518","86"
"전북특별자치도 전주시 완산구 (5211100000)","315,800","315,800","16,040","31,183","38,910","36,442","43,639","56,357","48,402","29,322","12,993","2,466","46","315,217","315,217","15,859","31,092","38,638","36,360","43,544","56,231","48,525","29,454","12,994","2,472","48","314,736","314,736","15,740","30,990","38,427","36,430","43,284","56,011","48,621","29,649","13,024","2,508","52","314,400","314,400","15,626","30,959","38,254","36,512","43,115","55,881","48,655","29,755","13,064","2,528","51","314,034","314,034","15,511","30,930","38,045","36,491","42,988","55,780","48,708","29,850","13,138","2,541","52","313,529","313,529","15,425","30,848","37,880","36,393","42,942","55,632","48,726","29,886","13,200","2,545","52"
"전북특별자치도 전주시 덕진구 (5211300000)","308,441","308,441","20,542","34,992","37,337","38,178","48,241","51,579","40,201","24,013","11,427","1,900","31","308,216","308,216","20,412","35,021","37,273","37,936","48,187","51,612","40,286","24,114","11,432","1,912","31","308,179","308,179","20,308","35,041","37,283","37,952","47,956","51,542","40,400","24,292","11,438","1,935","32","307,842","307,842","20,224","34,963","37,152","37,919","47,788","51,538","40,478","24,353","11,447","1,948","32","307,726","307,726","20,112","34,902","37,137","37,953","47,621","51,554","40,510","24,414","11,521","1,968","34","307,345","307,345","20,082","34,825","36,988","37,916","47,607","51,484","40,407","24,445","11,584","1,973","34"
"전북특별자치도 군산시 (5213000000)","256,127","256,127","13,885","25,181","23,955","25,833","37,815","45,669","41,859","27,381","12,311","2,187","51","255,886","255,886","13,768","25,114","23,811","25,705","37,771","45,689","41,964","27,480","12,309","2,223","52","255,565","255,565","13,668","25,031","23,603","25,765","37,623","45,555","42,064","27,633","12,323","2,251","49","255,598","255,598","13,592","25,006","23,563","25,822","37,510","45,589","42,137","27,697","12,356","2,278","48","255,649","255,649","13,508","24,986","23,558","25,862","37,430","45,567","42,199","27,765","12,440","2,283","51","255,591","255,591","13,437","24,984","23,523","25,840","37,391","45,538","42,219","27,810","12,521","2,277","51"
"전북특별자치도 익산시 (5214000000)","266,967","266,967","12,863","24,523","28,452","27,197","34,328","47,507","46,243","28,845","14,179","2,772","58","266,797","266,797","12,792","24,466","28,318","27,149","34,246","47,455","46,342","28,997","14,184","2,792","56","266,973","266,973","12,726","24,567","28,327","27,259","34,112","47,307","46,448","29,162","14,179","2,832","54","266,952","266,952","12,670","24,537","28,262","27,345","33,965","47,310","46,464","29,310","14,186","2,847","56","266,818","266,818","12,583","24,515","28,209","27,355","33,847","47,248","46,485","29,430","14,229","2,862","55","266,758","266,758","12,530","24,475","28,164","27,414","33,849","47,137","46,491","29,502","14,281","2,859","56"
"전북특별자치도 정읍시 (5218000000)","101,129","101,129","4,178","8,132","8,231","7,925","11,489","17,827","19,184","13,678","8,532","1,918","35","100,980","100,980","4,158","8,106","8,124","7,920","11,440","17,826","19,236","13,687","8,521","1,927","35","100,795","100,795","4,122","8,057","8,006","7,951","11,363","17,784","19,303","13,741","8,495","1,936","37","100,724","100,724","4,111","8,045","7,981","7,953","11,313","17,740","19,375","13,746","8,468","1,955","37","100,683","100,683","4,100","8,009","7,958","7,960","11,280","17,726","19,406","13,749","8,493","1,968","34","100,738","100,738","4,071","8,016","7,951","7,980","11,305","17,719","19,434","13,762","8,508","1,957","35"
"전북특별자치도 남원시 (5219000000)","74,364","74,364","3,202","6,039","5,574","5,430","8,127","13,289","14,211","10,577","6,432","1,446","37","74,243","74,243","3,176","5,990","5,535","5,401","8,090","13,282","14,221","10,611","6,414","1,485","38","74,065","74,065","3,154","5,946","5,430","5,426","8,043","13,208","14,269","10,661","6,406","1,480","42","74,055","74,055","3,128","5,943","5,410","5,429","7,997","13,219","14,311","10,675","6,405","1,498","40","73,937","73,937","3,099","5,920","5,349","5,429","7,947","13,195","14,332","10,695","6,424","1,505","42","73,812","73,812","3,107","5,908","5,293","5,424","7,936","13,136","14,306","10,712","6,439","1,510","41"
"전북특별자치도 김제시 (5221000000)","81,823","81,823","3,444","5,680","6,317","6,840","8,702","13,265","16,439","11,950","7,395","1,753","38","81,743","81,743","3,443","5,642","6,275","6,818","8,678","13,265","16,454","11,990","7,365","1,772","41","81,713","81,713","3,447","5,622","6,206","6,897","8,614","13,236","16,463","12,071","7,323","1,794","40","81,758","81,758","3,461","5,610","6,200","6,939","8,596","13,219","16,497","12,092","7,302","1,802","40","81,665","81,665","3,479","5,587","6,157","6,938","8,560","13,166","16,494","12,120","7,305","1,820","39","81,631","81,631","3,483","5,587","6,135","6,955","8,554","13,142","16,455","12,142","7,321","1,818","39"
"전북특별자치도 완주군 (5271000000)","100,372","100,372","5,736","8,689","8,700","11,309","13,165","16,924","17,582","11,155","5,842","1,239","31","100,355","100,355","5,724","8,643","8,626","11,293","13,129","16,964","17,616","11,232","5,850","1,247","31","100,119","100,119","5,692","8,602","8,508","11,275","13,053","16,885","17,683","11,296","5,841","1,253","31","100,092","100,092","5,664","8,590","8,493","11,275","13,032","16,867","17,703","11,331","5,844","1,260","33","100,033","100,033","5,617","8,609","8,445","11,290","13,002","16,834","17,710","11,375","5,837","1,281","33","100,102","100,102","5,584","8,598","8,479","11,320","12,984","16,821","17,734","11,410","5,855","1,282","35"
"전북특별자치도 진안군 (5272000000)","24,284","24,284","822","1,477","1,537","1,370","2,058","4,054","5,713","4,097","2,602","533","21","24,289","24,289","819","1,483","1,523","1,360","2,061","4,029","5,739","4,113","2,605","536","21","24,321","24,321","815","1,473","1,519","1,358","2,066","4,013","5,781","4,136","2,590","548","22","24,373","24,373","816","1,478","1,508","1,357","2,067","4,015","5,820","4,143","2,584","563","22","24,414","24,414","823","1,464","1,516","1,368","2,057","4,014","5,843","4,144","2,592","572","21","24,689","24,689","828","1,473","1,554","1,411","2,067","4,063","5,933","4,168","2,593","579","20"
"전북특별자치도 무주군 (5273000000)","22,777","22,777","698","1,650","1,443","1,423","2,216","3,860","4,981","3,562","2,444","487","13","22,871","22,871","701","1,652","1,444","1,434","2,209","3,882","5,016","3,578","2,446","495","14","23,063","23,063","694","1,656","1,463","1,475","2,218","3,900","5,092","3,612","2,433","507","13","23,152","23,152","690","1,656","1,471","1,498","2,222","3,901","5,147","3,606","2,428","518","15","23,202","23,202","688","1,653","1,482","1,507","2,226","3,901","5,167","3,608","2,429","526","15","23,326","23,326","684","1,649","1,489","1,533","2,234","3,946","5,205","3,624","2,423","523","16"
"전북특별자치도 장수군 (5274000000)","21,015","21,015","679","1,457","1,335","1,239","1,993","3,496","4,643","3,501","2,194","467","11","21,052","21,052","681","1,457","1,339","1,242","1,991","3,500","4,653","3,527","2,167","483","12","21,090","21,090","679","1,448","1,341","1,258","2,000","3,471","4,694","3,553","2,142","493","11","21,117","21,117","675","1,440","1,342","1,271","1,986","3,470","4,735","3,554","2,132","502","10","21,144","21,144","670","1,444","1,346","1,274","1,986","3,452","4,754","3,570","2,131","507","10","21,169","21,169","668","1,439","1,352","1,287","1,987","3,444","4,756","3,569","2,148","508","11"
"전북특별자치도 임실군 (5275000000)","25,298","25,298","965","1,366","1,450","1,617","2,171","3,977","5,705","4,347","3,023","660","17","25,309","25,309","970","1,360","1,432","1,620","2,168","3,964","5,733","4,358","3,015","672","17","25,300","25,300","960","1,349","1,421","1,620","2,168","3,931","5,749","4,392","3,011","682","17","25,332","25,332","957","1,344","1,427","1,633","2,169","3,929","5,767","4,405","2,992","692","17","25,347","25,347","960","1,344","1,429","1,632","2,172","3,911","5,780","4,420","2,986","695","18","25,342","25,342","946","1,352","1,434","1,627","2,177","3,902","5,789","4,411","2,985","701","18"
"전북특별자치도 순창군 (5277000000)","27,665","27,665","1,053","1,998","2,037","1,715","2,792","4,680","5,754","4,097","2,955","568","16","27,687","27,687","1,079","1,993","2,012","1,713","2,795","4,686","5,771","4,097","2,940","586","15","27,627","27,627","1,066","1,982","1,998","1,709","2,768","4,668","5,780","4,108","2,946","587","15","27,607","27,607","1,053","1,984","1,989","1,696","2,745","4,668","5,794","4,121","2,937","605","15","27,611","27,611","1,047","1,981","1,981","1,704","2,735","4,656","5,803","4,134","2,939","616","15","27,584","27,584","1,041","1,980","1,971","1,696","2,737","4,636","5,816","4,151","2,925","616","15"
"전북특별자치도 고창군 (5279000000)","50,242","50,242","1,692","3,837","3,054","3,140","4,818","8,080","10,563","8,204","5,681","1,135","38","50,196","50,196","1,686","3,830","3,032","3,127","4,805","8,085","10,570","8,217","5,650","1,155","39","50,228","50,228","1,680","3,930","2,993","3,133","4,759","8,066","10,585","8,252","5,638","1,157","35","50,170","50,170","1,682","3,910","2,981","3,145","4,720","8,056","10,599","8,262","5,614","1,168","33","50,148","50,148","1,673","3,888","2,957","3,143","4,695","8,051","10,616","8,282","5,623","1,187","33","50,071","50,071","1,664","3,868","2,946","3,150","4,709","8,022","10,613","8,290","5,592","1,183","34"
"전북특별자치도 부안군 (5280000000)","47,193","47,193","1,585","3,152","3,019","2,976","4,796","7,803","10,201","7,862","4,833","953","13","47,100","47,100","1,576","3,126","2,975","2,966","4,766","7,817","10,199","7,883","4,816","963","13","47,038","47,038","1,568","3,085","2,951","2,962","4,742","7,791","10,217","7,915","4,809","986","12","47,031","47,031","1,553","3,087","2,939","2,957","4,718","7,790","10,241","7,931","4,816","988","11","47,009","47,009","1,550","3,086","2,906","2,965","4,692","7,778","10,263","7,922","4,840","995","12","46,946","46,946","1,551","3,078","2,889","2,965","4,692","7,756","10,259","7,915","4,830","999","12"
"전라남도  (4600000000)","1,778,171","1,778,171","94,984","155,525","158,633","170,256","226,446","303,272","317,892","206,198","121,974","22,458","533","1,776,547","1,776,547","94,538","154,978","157,457","169,733","226,382","302,963","318,660","206,864","121,641","22,790","541","1,775,126","1,775,126","94,184","154,569","156,184","170,189","225,425","301,607","320,025","207,761","121,507","23,108","567","1,775,031","1,775,031","93,823","154,474","155,571","170,486","224,951","301,111","321,115","208,254","121,293","23,379","574","1,774,082","1,774,082","93,513","154,162","154,633","170,717","224,471","300,472","321,728","208,689","121,502","23,619","576","1,773,646","1,773,646","93,225","154,047","153,992","170,898","224,271","300,042","322,256","209,076","121,621","23,642","576"
"전라남도 목포시 (4611000000)","201,544","201,544","10,155","21,360","20,920","19,415","30,656","36,185","32,021","20,083","9,408","1,308","33","201,025","201,025","10,044","21,256","20,712","19,257","30,572","36,188","32,044","20,165","9,445","1,312","30","200,442","200,442","9,892","21,121","20,568","19,228","30,396","36,075","32,098","20,205","9,507","1,319","33","200,116","200,116","9,784","21,089","20,419","19,254","30,245","36,009","32,159","20,258","9,527","1,339","33","199,813","199,813","9,687","21,031","20,367","19,214","30,148","35,962","32,138","20,293","9,595","1,344","34","199,524","199,524","9,595","21,012","20,306","19,213","30,072","35,881","32,117","20,290","9,650","1,354","34"
"전라남도 여수시 (4613000000)","262,832","262,832","14,390","23,848","25,554","27,141","35,730","45,778","45,477","29,549","13,218","2,088","59","262,218","262,218","14,252","23,742","25,241","27,020","35,668","45,711","45,530","29,660","13,213","2,124","57","261,649","261,649","14,154","23,653","24,915","27,040","35,510","45,495","45,668","29,761","13,245","2,148","60","261,208","261,208","14,042","23,630","24,729","27,001","35,403","45,395","45,751","29,787","13,260","2,151","59","260,913","260,913","14,023","23,572","24,495","27,057","35,305","45,250","45,849","29,836","13,298","2,168","60","260,502","260,502","13,963","23,533","24,238","27,089","35,211","45,154","45,849","29,867","13,360","2,178","60"
"전라남도 순천시 (4615000000)","275,014","275,014","17,928","28,044","29,766","32,595","38,440","47,971","43,354","22,961","11,555","2,351","49","274,763","274,763","17,845","27,925","29,577","32,547","38,439","47,899","43,500","23,090","11,498","2,393","50","274,529","274,529","17,812","27,810","29,385","32,581","38,290","47,719","43,709","23,235","11,495","2,440","53","274,914","274,914","17,768","27,831","29,411","32,669","38,275","47,720","43,876","23,345","11,496","2,472","51","274,685","274,685","17,690","27,772","29,267","32,685","38,200","47,602","43,986","23,420","11,505","2,507","51","274,131","274,131","17,651","27,719","29,056","32,650","38,128","47,413","43,974","23,468","11,522","2,496","54"
"전라남도 나주시 (4617000000)","117,028","117,028","8,423","10,510","10,032","14,540","16,556","17,407","18,719","12,018","7,414","1,375","34","116,940","116,940","8,384","10,510","9,981","14,515","16,532","17,395","18,778","12,019","7,413","1,376","37","116,830","116,830","8,388","10,479","9,888","14,551","16,458","17,326","18,842","12,087","7,385","1,387","39","116,817","116,817","8,395","10,484","9,807","14,557","16,409","17,315","18,895","12,153","7,374","1,390","38","116,791","116,791","8,345","10,493","9,790","14,587","16,346","17,293","18,935","12,183","7,377","1,404","38","116,691","116,691","8,311","10,523","9,736","14,607","16,327","17,226","18,933","12,218","7,374","1,399","37"
"전라남도 광양시 (4623000000)","155,497","155,497","10,777","15,881","15,966","20,035","22,490","29,790","23,669","10,822","5,002","1,042","23","155,672","155,672","10,755","15,904","15,895","20,076","22,491","29,788","23,805","10,882","4,993","1,060","23","155,699","155,699","10,732","15,896","15,810","20,153","22,408","29,626","24,038","10,948","4,975","1,092","21","155,815","155,815","10,733","15,894","15,732","20,212","22,396","29,557","24,198","11,006","4,962","1,103","22","155,909","155,909","10,729","15,883","15,619","20,279","22,376","29,487","24,349","11,084","4,963","1,119","21","155,975","155,975","10,708","15,878","15,542","20,317","22,400","29,435","24,445","11,149","4,957","1,123","21"
"전라남도 담양군 (4671000000)","44,140","44,140","1,639","2,838","3,184","3,169","4,331","7,527","9,796","6,560","4,288","788","20","44,108","44,108","1,627","2,826","3,158","3,150","4,340","7,504","9,827","6,582","4,279","794","21","44,101","44,101","1,630","2,809","3,098","3,185","4,303","7,484","9,879","6,626","4,264","799","24","44,159","44,159","1,629","2,802","3,090","3,187","4,302","7,477","9,913","6,649","4,266","818","26","44,112","44,112","1,621","2,794","3,065","3,175","4,303","7,444","9,933","6,641","4,289","822","25","44,031","44,031","1,624","2,780","3,051","3,161","4,287","7,411","9,930","6,652","4,282","829","24"
"전라남도 곡성군 (4672000000)","27,426","27,426","750","1,587","1,848","1,753","2,419","4,661","6,207","4,289","3,114","776","22","27,499","27,499","761","1,585","1,826","1,775","2,422","4,683","6,240","4,308","3,094","781","24","27,582","27,582","758","1,599","1,819","1,794","2,414","4,657","6,303","4,324","3,097","789","28","27,644","27,644","758","1,612","1,820","1,805","2,400","4,657","6,358","4,329","3,078","797","30","27,643","27,643","759","1,603","1,810","1,814","2,376","4,658","6,378","4,338","3,073","804","30","27,657","27,657","756","1,597","1,798","1,811","2,375","4,654","6,406","4,341","3,085","803","31"
"전라남도 구례군 (4673000000)","23,866","23,866","706","1,528","1,504","1,267","2,169","4,107","5,442","3,832","2,780","520","11","23,904","23,904","719","1,523","1,494","1,254","2,185","4,121","5,463","3,831","2,767","534","13","23,941","23,941","714","1,525","1,501","1,259","2,162","4,122","5,491","3,838","2,764","552","13","23,955","23,955","700","1,525","1,490","1,259","2,160","4,114","5,529","3,848","2,763","555","12","23,995","23,995","698","1,519","1,495","1,261","2,173","4,107","5,555","3,848","2,763","564","12","24,337","24,337","691","1,528","1,545","1,292","2,212","4,191","5,683","3,847","2,770","566","12"
"전라남도 고흥군 (4677000000)","59,394","59,394","1,795","3,105","3,066","3,059","4,935","9,023","13,441","11,413","7,817","1,697","43","59,317","59,317","1,788","3,089","3,045","3,037","4,931","8,987","13,474","11,428","7,778","1,716","44","59,194","59,194","1,785","3,067","2,975","3,053","4,914","8,914","13,510","11,451","7,736","1,744","45","59,128","59,128","1,764","3,061","2,952","3,057","4,903","8,888","13,526","11,463","7,695","1,770","49","59,047","59,047","1,748","3,056","2,917","3,051","4,890","8,876","13,485","11,472","7,714","1,787","51","58,976","58,976","1,734","3,047","2,905","3,070","4,866","8,842","13,488","11,479","7,698","1,796","51"
"전라남도 보성군 (4678000000)","36,956","36,956","1,115","2,197","2,183","1,990","3,178","5,789","8,142","6,553","4,753","1,036","20","36,819","36,819","1,103","2,142","2,174","1,958","3,163","5,758","8,164","6,566","4,719","1,053","19","36,729","36,729","1,084","2,134","2,134","1,954","3,128","5,735","8,177","6,590","4,712","1,062","19","36,683","36,683","1,078","2,126","2,128","1,946","3,131","5,697","8,197","6,610","4,679","1,072","19","36,691","36,691","1,088","2,110","2,120","1,945","3,117","5,679","8,229","6,618","4,685","1,080","20","37,559","37,559","1,133","2,174","2,232","2,035","3,218","5,873","8,420","6,686","4,695","1,073","20"
"전라남도 화순군 (4679000000)","60,205","60,205","2,434","4,712","5,561","4,776","6,303","10,867","11,880","7,454","5,254","942","22","60,160","60,160","2,439","4,683","5,512","4,759","6,302","10,840","11,934","7,483","5,219","966","23","60,126","60,126","2,438","4,656","5,451","4,801","6,268","10,778","11,970","7,542","5,227","971","24","60,075","60,075","2,427","4,628","5,421","4,816","6,245","10,747","12,018","7,564","5,197","987","25","60,008","60,008","2,427","4,599","5,379","4,829","6,217","10,707","12,054","7,589","5,178","1,004","25","59,909","59,909","2,418","4,566","5,346","4,840","6,193","10,655","12,089","7,581","5,183","1,015","23"
"전라남도 장흥군 (4680000000)","34,141","34,141","1,253","2,288","2,280","2,213","3,269","5,547","7,209","5,386","3,840","844","12","34,102","34,102","1,250","2,259","2,254","2,212","3,278","5,539","7,207","5,411","3,821","857","14","34,076","34,076","1,244","2,257","2,232","2,207","3,277","5,495","7,250","5,438","3,798","863","15","34,050","34,050","1,244","2,251","2,219","2,220","3,268","5,472","7,266","5,444","3,776","876","14","34,006","34,006","1,235","2,251","2,205","2,217","3,267","5,440","7,270","5,431","3,785","892","13","33,952","33,952","1,231","2,246","2,181","2,206","3,261","5,419","7,280","5,438","3,785","892","13"
"전라남도 강진군 (4681000000)","31,804","31,804","1,376","2,088","2,135","2,136","2,956","4,933","6,831","5,008","3,617","707","17","31,759","31,759","1,377","2,085","2,118","2,105","2,979","4,929","6,813","5,009","3,612","716","16","31,776","31,776","1,382","2,075","2,111","2,123","2,970","4,885","6,861","5,032","3,596","723","18","31,787","31,787","1,386","2,066","2,096","2,156","2,956","4,867","6,896","5,028","3,587","731","18","31,746","31,746","1,376","2,062","2,067","2,164","2,944","4,852","6,898","5,042","3,595","727","19","31,666","31,666","1,372","2,042","2,069","2,136","2,941","4,840","6,894","5,045","3,575","732","20"
"전라남도 해남군 (4682000000)","62,171","62,171","2,447","4,344","4,174","3,943","6,277","10,294","13,374","9,729","6,483","1,083","23","62,147","62,147","2,437","4,314","4,164","3,927","6,282","10,267","13,406","9,755","6,464","1,108","23","62,114","62,114","2,428","4,289","4,143","3,966","6,266","10,219","13,432","9,786","6,437","1,122","26","62,136","62,136","2,428","4,271","4,131","3,982","6,248","10,227","13,456","9,807","6,410","1,150","26","62,086","62,086","2,408","4,256","4,118","3,962","6,231","10,201","13,482","9,827","6,417","1,158","26","62,027","62,027","2,412","4,249","4,091","3,968","6,233","10,177","13,451","9,851","6,409","1,159","27"
"전라남도 영암군 (4683000000)","50,051","50,051","2,015","3,805","3,972","3,675","6,203","9,124","9,848","6,322","4,224","842","21","50,058","50,058","1,998","3,788","3,935","3,687","6,191","9,139","9,897","6,358","4,201","844","20","50,039","50,039","1,973","3,781","3,952","3,693","6,151","9,090","9,948","6,372","4,198","859","22","50,066","50,066","1,962","3,778","3,932","3,713","6,151","9,075","9,979","6,392","4,187","874","23","50,069","50,069","1,955","3,763","3,901","3,717","6,139","9,096","9,989","6,408","4,198","880","23","50,076","50,076","1,945","3,760","3,929","3,692","6,145","9,088","9,991","6,422","4,209","872","23"
"전라남도 무안군 (4684000000)","95,710","95,710","7,294","10,976","9,292","11,345","15,182","14,352","13,188","8,462","4,784","814","21","95,696","95,696","7,281","10,980","9,228","11,310","15,183","14,343","13,251","8,489","4,782","827","22","95,732","95,732","7,268","10,982","9,208","11,338","15,159","14,312","13,290","8,524","4,788","842","21","95,809","95,809","7,251","10,996","9,239","11,362","15,150","14,319","13,308","8,522","4,793","848","21","95,807","95,807","7,235","11,021","9,193","11,380","15,147","14,313","13,312","8,522","4,808","854","22","95,659","95,659","7,235","11,004","9,131","11,356","15,102","14,304","13,313","8,546","4,797","849","22"
"전라남도 함평군 (4686000000)","29,394","29,394","900","1,700","1,810","1,761","2,602","4,895","6,528","4,889","3,612","679","18","29,325","29,325","902","1,687","1,784","1,756","2,606","4,870","6,521","4,901","3,587","692","19","29,320","29,320","909","1,679","1,770","1,777","2,592","4,829","6,560","4,909","3,572","704","19","29,387","29,387","905","1,689","1,777","1,780","2,599","4,821","6,618","4,905","3,561","714","18","29,490","29,490","904","1,689","1,774","1,818","2,604","4,845","6,635","4,919","3,568","716","18","29,601","29,601","908","1,694","1,799","1,846","2,620","4,847","6,661","4,924","3,572","713","17"
"전라남도 영광군 (4687000000)","53,713","53,713","3,306","3,900","4,519","5,053","6,023","8,669","9,714","7,140","4,589","780","20","53,807","53,807","3,311","3,906","4,522","5,043","6,044","8,694","9,730","7,157","4,585","796","19","53,957","53,957","3,327","3,950","4,504","5,085","6,048","8,676","9,774","7,202","4,571","801","19","53,969","53,969","3,337","3,946","4,501","5,088","6,029","8,647","9,825","7,208","4,566","802","20","53,933","53,933","3,338","3,924","4,454","5,116","5,998","8,637","9,865","7,210","4,563","808","20","53,902","53,902","3,328","3,916","4,427","5,130","6,000","8,619","9,891","7,195","4,572","804","20"
"전라남도 장성군 (4688000000)","42,975","42,975","1,856","3,047","3,405","3,394","4,566","7,326","8,632","6,032","3,946","752","19","43,001","43,001","1,881","3,042","3,394","3,396","4,562","7,298","8,655","6,062","3,925","767","19","42,984","42,984","1,876","3,037","3,323","3,425","4,533","7,286","8,691","6,094","3,926","774","19","42,990","42,990","1,865","3,027","3,314","3,431","4,517","7,263","8,729","6,116","3,923","787","18","43,009","43,009","1,881","3,009","3,287","3,446","4,524","7,234","8,758","6,127","3,931","796","16","43,095","43,095","1,871","3,016","3,321","3,459","4,514","7,254","8,752","6,161","3,927","803","17"
"전라남도 완도군 (4689000000)","44,535","44,535","1,948","3,191","2,739","2,753","5,066","7,138","9,054","6,987","4,880","763","16","44,416","44,416","1,927","3,165","2,707","2,715","5,083","7,126","9,046","6,994","4,869","768","16","44,339","44,339","1,919","3,157","2,671","2,720","5,061","7,062","9,070","7,054","4,829","780","16","44,277","44,277","1,905","3,148","2,654","2,723","5,054","7,030","9,074","7,062","4,813","797","17","44,238","44,238","1,899","3,143","2,635","2,715","5,051","7,011","9,054","7,074","4,814","824","18","44,175","44,175","1,876","3,141","2,631","2,709","5,041","6,998","9,033","7,086","4,811","830","19"
"전라남도 진도군 (4690000000)","27,925","27,925","1,094","1,922","1,913","1,784","2,765","4,540","5,905","4,257","3,199","535","11","27,922","27,922","1,086","1,920","1,907","1,774","2,781","4,531","5,913","4,254","3,187","558","11","27,922","27,922","1,084","1,929","1,886","1,766","2,781","4,505","5,934","4,276","3,178","572","11","27,922","27,922","1,078","1,935","1,855","1,771","2,782","4,492","5,963","4,293","3,166","575","12","27,884","27,884","1,070","1,922","1,840","1,776","2,771","4,466","5,967","4,324","3,150","586","12","27,882","27,882","1,062","1,920","1,832","1,777","2,769","4,467","5,984","4,321","3,159","580","11"
"전라남도 신안군 (4691000000)","41,850","41,850","1,383","2,654","2,810","2,459","4,330","7,349","9,461","6,452","4,197","736","19","41,889","41,889","1,371","2,647","2,829","2,460","4,348","7,353","9,462","6,460","4,190","748","21","42,045","42,045","1,387","2,684","2,840","2,490","4,336","7,317","9,530","6,467","4,207","765","22","42,124","42,124","1,384","2,685","2,854","2,497","4,328","7,322","9,581","6,465","4,214","771","23","42,207","42,207","1,397","2,690","2,835","2,509","4,344","7,312","9,607","6,483","4,233","775","22","42,319","42,319","1,401","2,702","2,826","2,534","4,356","7,294","9,672","6,509","4,229","776","20"
"경상북도  (4700000000)","2,503,544","2,503,544","127,781","214,984","218,799","252,081","331,832","433,698","461,820","287,963","146,243","27,767","576","2,500,499","2,500,499","126,728","214,391","216,974","251,240","331,070","433,169","462,563","289,850","145,789","28,141","584","2,499,357","2,499,357","125,847","214,887","215,702","251,235","329,684","431,318","463,491","292,517","145,529","28,566","581","2,498,364","2,498,364","125,076","215,020","214,926","251,287","328,730","430,699","464,001","294,115","144,995","28,927","588","2,496,706","2,496,706","124,307","214,730","214,190","251,191","328,055","429,821","464,203","295,683","144,799","29,137","590","2,495,919","2,495,919","123,653","214,620","213,482","251,218","328,025","429,160","464,401","296,937","144,715","29,121","587"
"경상북도 포항시 (4711000000)","488,683","488,683","28,142","46,161","44,070","54,212","70,223","84,648","87,074","51,531","19,550","3,013","59","488,435","488,435","28,032","46,101","43,691","54,199","70,188","84,478","87,163","51,946","19,530","3,046","61","487,769","487,769","27,883","45,895","43,196","54,309","69,950","84,060","87,289","52,462","19,572","3,093","60","487,380","487,380","27,762","45,873","42,782","54,369","69,784","83,905","87,339","52,774","19,590","3,142","60","487,055","487,055","27,596","45,859","42,553","54,387","69,694","83,731","87,301","53,055","19,645","3,171","63","487,008","487,008","27,491","45,884","42,340","54,529","69,708","83,560","87,244","53,312","19,693","3,187","60"
"경상북도 포항시 남구 (4711100000)","214,869","214,869","11,106","20,188","19,969","22,199","31,272","37,474","38,659","23,922","8,797","1,261","22","214,484","214,484","10,994","20,162","19,779","22,111","31,193","37,363","38,691","24,103","8,781","1,284","23","213,948","213,948","10,886","20,059","19,539","22,110","31,035","37,135","38,729","24,313","8,816","1,305","21","213,561","213,561","10,799","20,054","19,341","22,076","30,942","37,053","38,686","24,451","8,820","1,319","20","213,333","213,333","10,697","20,036","19,271","22,079","30,890","36,980","38,625","24,563","8,838","1,333","21","212,298","212,298","10,457","19,974","19,113","21,767","30,744","36,826","38,540","24,641","8,873","1,342","21"
"경상북도 포항시 북구 (4711300000)","273,814","273,814","17,036","25,973","24,101","32,013","38,951","47,174","48,415","27,609","10,753","1,752","37","273,951","273,951","17,038","25,939","23,912","32,088","38,995","47,115","48,472","27,843","10,749","1,762","38","273,821","273,821","16,997","25,836","23,657","32,199","38,915","46,925","48,560","28,149","10,756","1,788","39","273,819","273,819","16,963","25,819","23,441","32,293","38,842","46,852","48,653","28,323","10,770","1,823","40","273,722","273,722","16,899","25,823","23,282","32,308","38,804","46,751","48,676","28,492","10,807","1,838","42","274,710","274,710","17,034","25,910","23,227","32,762","38,964","46,734","48,704","28,671","10,820","1,845","39"
"경상북도 경주시 (4713000000)","243,781","243,781","11,475","18,853","20,164","23,028","30,198","44,992","47,697","29,800","14,849","2,672","53","243,462","243,462","11,335","18,744","20,039","22,937","30,099","44,940","47,758","30,010","14,839","2,706","55","243,282","243,282","11,273","18,675","19,887","22,985","29,959","44,701","47,872","30,301","14,807","2,769","53","243,183","243,183","11,231","18,627","19,840","23,043","29,867","44,604","47,964","30,406","14,754","2,795","52","243,141","243,141","11,202","18,597","19,793","23,085","29,776","44,464","48,043","30,582","14,718","2,829","52","243,051","243,051","11,169","18,585","19,722","23,121","29,747","44,324","48,099","30,695","14,711","2,827","51"
"경상북도 김천시 (4715000000)","133,444","133,444","7,201","11,918","10,525","12,988","17,151","22,301","24,875","16,182","8,485","1,788","30","133,080","133,080","7,156","11,781","10,397","12,921","17,095","22,260","24,926","16,250","8,458","1,804","32","133,145","133,145","7,113","12,023","10,292","12,896","17,033","22,188","24,927","16,345","8,457","1,836","35","133,049","133,049","7,083","12,016","10,237","12,895","16,975","22,124","24,973","16,422","8,428","1,861","35","132,840","132,840","7,044","11,988","10,146","12,857","16,928","22,076","24,939","16,529","8,432","1,864","37","132,740","132,740","6,983","11,981","10,109","12,867","16,897","22,044","24,930","16,597","8,426","1,869","37"
"경상북도 안동시 (4717000000)","152,149","152,149","7,230","12,824","15,036","14,077","18,412","25,431","27,615","18,905","10,582","1,993","44","151,745","151,745","7,165","12,750","14,791","14,014","18,353","25,399","27,671","18,994","10,539","2,024","45","152,097","152,097","7,125","13,047","14,889","14,014","18,244","25,329","27,712","19,131","10,521","2,038","47","152,469","152,469","7,092","13,279","15,000","14,034","18,206","25,317","27,726","19,233","10,465","2,073","44","152,246","152,246","7,045","13,197","14,945","14,029","18,111","25,300","27,698","19,320","10,461","2,092","48","151,864","151,864","7,011","13,097","14,898","13,980","18,085","25,192","27,640","19,388","10,441","2,087","45"
"경상북도 구미시 (4719000000)","403,649","403,649","27,372","44,612","43,761","57,512","69,795","71,854","54,892","22,660","9,273","1,869","49","403,254","403,254","27,138","44,492","43,464","57,260","69,737","71,905","55,178","22,868","9,283","1,881","48","403,237","403,237","26,975","44,638","43,159","57,322","69,529","71,754","55,461","23,153","9,286","1,913","47","403,113","403,113","26,787","44,630","42,964","57,311","69,440","71,768","55,635","23,328","9,278","1,925","47","402,867","402,867","26,597","44,630","42,703","57,256","69,397","71,739","55,810","23,487","9,270","1,934","44","402,726","402,726","26,430","44,681","42,523","57,121","69,459","71,736","55,874","23,661","9,248","1,949","44"
"경상북도 영주시 (4721000000)","97,021","97,021","4,101","8,539","7,777","7,415","10,955","16,549","18,943","13,749","7,533","1,423","37","96,790","96,790","4,081","8,452","7,672","7,392","10,922","16,492","18,971","13,816","7,507","1,446","39","96,673","96,673","4,036","8,464","7,628","7,383","10,838","16,413","18,960","13,966","7,475","1,472","38","96,555","96,555","3,997","8,437","7,622","7,370","10,792","16,402","18,942","14,040","7,419","1,494","40","96,511","96,511","3,971","8,445","7,583","7,395","10,742","16,379","18,950","14,108","7,390","1,513","35","96,440","96,440","3,951","8,435","7,545","7,400","10,722","16,342","18,945","14,159","7,396","1,508","37"
"경상북도 영천시 (4723000000)","94,943","94,943","4,115","5,939","6,347","7,721","10,074","16,523","20,688","14,537","7,638","1,346","15","94,756","94,756","4,061","6,024","6,201","7,682","10,022","16,452","20,705","14,625","7,607","1,361","16","94,633","94,633","4,027","6,039","6,151","7,663","9,963","16,324","20,730","14,760","7,583","1,376","17","94,486","94,486","4,000","6,042","6,083","7,631","9,897","16,275","20,729","14,844","7,564","1,404","17","94,331","94,331","3,999","6,014","6,019","7,626","9,868","16,199","20,743","14,876","7,554","1,417","16","94,107","94,107","3,975","6,014","5,969","7,596","9,830","16,158","20,679","14,910","7,546","1,416","14"
"경상북도 상주시 (4725000000)","89,795","89,795","3,404","6,830","5,891","5,927","9,109","14,555","19,745","13,986","8,480","1,828","40","89,602","89,602","3,389","6,768","5,804","5,919","9,093","14,522","19,726","14,054","8,436","1,853","38","89,579","89,579","3,369","6,827","5,796","5,882","9,061","14,412","19,753","14,162","8,391","1,884","42","89,467","89,467","3,331","6,810","5,773","5,885","9,027","14,372","19,739","14,238","8,349","1,898","45","89,382","89,382","3,314","6,793","5,736","5,890","9,009","14,356","19,726","14,285","8,322","1,906","45","89,228","89,228","3,293","6,774","5,716","5,853","8,986","14,295","19,723","14,355","8,297","1,887","49"
"경상북도 문경시 (4728000000)","65,189","65,189","2,477","4,793","4,459","4,321","6,837","10,734","14,187","10,237","5,950","1,164","30","64,989","64,989","2,433","4,740","4,389","4,323","6,792","10,692","14,175","10,295","5,937","1,183","30","64,904","64,904","2,410","4,778","4,324","4,306","6,745","10,624","14,151","10,423","5,918","1,194","31","64,872","64,872","2,389","4,780","4,328","4,315","6,709","10,593","14,145","10,484","5,883","1,215","31","64,792","64,792","2,377","4,771","4,279","4,331","6,673","10,576","14,118","10,559","5,860","1,218","30","64,774","64,774","2,360","4,758","4,265","4,349","6,680","10,547","14,128","10,578","5,864","1,215","30"
"경상북도 경산시 (4729000000)","263,381","263,381","14,321","22,953","32,657","30,478","36,475","46,121","42,171","24,815","11,477","1,884","29","263,316","263,316","14,169","23,102","32,624","30,376","36,334","46,099","42,243","24,989","11,430","1,921","29","263,483","263,483","14,071","23,234","32,731","30,315","36,172","45,959","42,365","25,210","11,447","1,949","30","263,525","263,525","13,953","23,312","32,867","30,280","36,037","45,897","42,380","25,361","11,424","1,983","31","263,639","263,639","13,833","23,338","33,136","30,263","35,944","45,784","42,375","25,510","11,434","1,992","30","263,406","263,406","13,758","23,282","33,047","30,237","35,887","45,718","42,413","25,601","11,436","1,997","30"
"경상북도 의성군 (4773000000)","47,875","47,875","1,257","2,035","1,927","2,623","3,708","7,031","12,303","9,659","6,058","1,254","20","47,868","47,868","1,250","2,031","1,891","2,621","3,709","7,022","12,313","9,711","6,018","1,282","20","47,820","47,820","1,245","2,033","1,874","2,610","3,708","6,960","12,305","9,789","5,983","1,293","20","47,829","47,829","1,249","2,039","1,875","2,583","3,703","6,950","12,300","9,852","5,940","1,319","19","47,893","47,893","1,254","2,035","1,869","2,587","3,716","6,947","12,289","9,924","5,923","1,329","20","47,952","47,952","1,264","2,028","1,879","2,600","3,735","6,932","12,302","9,955","5,918","1,319","20"
"경상북도 청송군 (4775000000)","23,325","23,325","692","988","1,162","1,441","1,859","3,723","5,927","4,302","2,721","499","11","23,313","23,313","688","992","1,139","1,437","1,872","3,704","5,923","4,331","2,706","509","12","23,283","23,283","692","972","1,127","1,437","1,859","3,677","5,945","4,348","2,692","523","11","23,255","23,255","695","965","1,117","1,433","1,850","3,675","5,933","4,369","2,678","529","11","23,280","23,280","694","961","1,117","1,454","1,862","3,657","5,942","4,383","2,668","532","10","24,020","24,020","709","1,005","1,237","1,567","1,980","3,822","6,041","4,442","2,675","531","11"
"경상북도 영양군 (4776000000)","15,997","15,997","420","900","919","946","1,363","2,647","3,881","2,717","1,862","328","14","15,986","15,986","414","898","913","942","1,349","2,640","3,893","2,738","1,850","334","15","16,005","16,005","407","902","911","951","1,343","2,632","3,915","2,746","1,846","339","13","15,991","15,991","411","883","910","944","1,351","2,605","3,930","2,768","1,829","347","13","15,969","15,969","407","873","903","946","1,344","2,594","3,928","2,787","1,823","351","13","15,972","15,972","402","868","897","945","1,355","2,576","3,954","2,789","1,824","349","13"
"경상북도 영덕군 (4777000000)","32,627","32,627","934","1,740","1,565","1,820","2,943","5,284","7,549","5,950","4,072","758","12","32,589","32,589","917","1,731","1,564","1,809","2,926","5,260","7,570","5,985","4,052","762","13","32,544","32,544","906","1,714","1,542","1,793","2,913","5,224","7,594","6,038","4,024","786","10","32,539","32,539","896","1,717","1,530","1,797","2,923","5,215","7,609","6,064","3,984","792","12","32,525","32,525","896","1,717","1,523","1,793","2,931","5,191","7,632","6,067","3,964","799","12","32,560","32,560","890","1,712","1,520","1,789","2,941","5,187","7,667","6,091","3,950","801","12"
"경상북도 청도군 (4782000000)","40,115","40,115","1,006","1,981","1,726","2,133","3,528","6,274","10,330","7,932","4,235","951","19","40,119","40,119","994","2,007","1,705","2,118","3,526","6,271","10,318","7,975","4,231","955","19","40,124","40,124","989","2,002","1,664","2,121","3,525","6,229","10,342","8,061","4,207","965","19","40,134","40,134","995","1,987","1,650","2,108","3,515","6,240","10,366","8,074","4,207","972","20","40,058","40,058","980","1,972","1,637","2,098","3,504","6,198","10,371","8,109","4,184","984","21","40,021","40,021","976","1,964","1,627","2,091","3,486","6,175","10,386","8,134","4,188","973","21"
"경상북도 고령군 (4783000000)","29,648","29,648","862","1,663","1,722","1,847","2,900","5,244","7,219","4,909","2,737","532","13","29,625","29,625","862","1,630","1,708","1,857","2,889","5,209","7,246","4,940","2,734","537","13","29,608","29,608","854","1,624","1,699","1,856","2,861","5,211","7,269","4,959","2,714","548","13","29,649","29,649","858","1,624","1,675","1,884","2,854","5,215","7,288","4,991","2,685","562","13","29,581","29,581","841","1,612","1,668","1,872","2,823","5,200","7,297","5,010","2,684","562","12","29,545","29,545","843","1,610","1,645","1,869","2,810","5,185","7,283","5,042","2,676","570","12"
"경상북도 성주군 (4784000000)","40,636","40,636","1,255","1,961","1,962","2,740","3,814","6,853","10,648","7,172","3,482","738","11","40,571","40,571","1,247","1,962","1,934","2,734","3,800","6,818","10,652","7,215","3,447","752","10","40,554","40,554","1,235","1,955","1,908","2,729","3,785","6,771","10,685","7,257","3,461","757","11","40,543","40,543","1,231","1,958","1,889","2,746","3,780","6,750","10,704","7,290","3,424","760","11","40,552","40,552","1,230","1,962","1,856","2,733","3,788","6,724","10,709","7,344","3,437","758","11","40,461","40,461","1,213","1,952","1,837","2,726","3,777","6,676","10,721","7,366","3,427","756","10"
"경상북도 칠곡군 (4785000000)","104,596","104,596","4,942","10,375","8,513","9,793","17,354","21,134","17,528","9,166","4,814","951","26","104,347","104,347","4,864","10,317","8,414","9,676","17,286","21,177","17,577","9,241","4,798","972","25","103,999","103,999","4,756","10,228","8,307","9,595","17,195","21,112","17,658","9,338","4,793","993","24","103,807","103,807","4,679","10,214","8,245","9,579","17,072","21,105","17,716","9,403","4,772","997","25","103,618","103,618","4,607","10,175","8,188","9,514","17,013","21,095","17,745","9,472","4,772","1,012","25","103,537","103,537","4,542","10,183","8,138","9,514","16,975","21,077","17,786","9,522","4,764","1,010","26"
"경상북도 예천군 (4790000000)","53,879","53,879","3,526","4,731","3,189","4,951","6,757","7,477","9,863","7,466","4,812","1,091","16","53,808","53,808","3,490","4,729","3,193","4,919","6,747","7,484","9,820","7,522","4,772","1,116","16","53,670","53,670","3,485","4,704","3,157","4,918","6,705","7,430","9,798","7,601","4,742","1,115","15","53,529","53,529","3,457","4,699","3,113","4,904","6,666","7,401","9,775","7,647","4,715","1,135","17","53,467","53,467","3,443","4,690","3,108","4,902","6,646","7,373","9,765","7,694","4,686","1,142","18","53,422","53,422","3,421","4,703","3,117","4,877","6,648","7,378","9,742","7,711","4,670","1,137","18"
"경상북도 봉화군 (4792000000)","28,252","28,252","741","1,653","1,275","1,345","2,286","4,574","7,305","5,146","3,190","714","23","28,158","28,158","734","1,617","1,261","1,337","2,266","4,537","7,330","5,158","3,174","720","24","28,174","28,174","726","1,634","1,261","1,339","2,271","4,494","7,329","5,214","3,157","726","23","28,161","28,161","725","1,639","1,242","1,335","2,270","4,468","7,348","5,245","3,141","726","22","28,107","28,107","718","1,622","1,259","1,334","2,261","4,444","7,330","5,264","3,116","735","24","28,122","28,122","710","1,621","1,261","1,339","2,266","4,439","7,323","5,289","3,116","734","24"
"경상북도 울진군 (4793000000)","45,853","45,853","2,070","3,115","3,504","3,991","5,033","8,001","9,371","5,972","3,909","863","24","45,962","45,962","2,067","3,103","3,532","3,996","5,009","8,060","9,387","6,008","3,907","871","22","46,030","46,030","2,035","3,079","3,558","4,032","4,977","8,059","9,393","6,069","3,921","887","20","46,081","46,081","2,025","3,076","3,546","4,054","4,965","8,072","9,415","6,091","3,928","888","21","46,096","46,096","2,025","3,066","3,536","4,060","4,972","8,046","9,442","6,123","3,919","885","22","46,195","46,195","2,020","3,068","3,560","4,064","4,991","8,038","9,478","6,153","3,913","889","21"
"경상북도 울릉군 (4794000000)","8,706","8,706","238","420","648","772","1,058","1,748","2,009","1,170","534","108","1","8,724","8,724","242","420","648","771","1,056","1,748","2,018","1,179","534","106","2","8,744","8,744","235","420","641","779","1,048","1,755","2,038","1,184","532","110","2","8,747","8,747","230","413","638","787","1,047","1,746","2,045","1,191","538","110","2","8,756","8,756","234","413","633","779","1,053","1,748","2,050","1,195","537","112","2","8,768","8,768","242","415","630","784","1,060","1,759","2,043","1,187","536","110","2"
"경상남도  (4800000000)","3,205,787","3,205,787","177,680","314,525","287,448","341,831","474,160","579,262","548,535","313,097","143,085","25,649","515","3,201,389","3,201,389","176,291","313,208","285,295","340,657","472,722","578,563","550,132","315,129","142,886","25,992","514","3,198,787","3,198,787","175,175","312,459","283,418","341,003","470,737","576,693","551,843","317,540","143,118","26,289","512","3,197,859","3,197,859","174,090","312,422","282,426","341,228","469,541","576,289","552,545","319,495","142,853","26,455","515","3,196,632","3,196,632","172,928","312,221","281,418","341,230","468,600","575,621","553,075","321,376","142,996","26,653","514","3,195,351","3,195,351","172,102","312,085","280,562","341,228","468,321","575,050","553,142","322,632","143,036","26,681","512"
"경상남도 창원시 (4812000000)","990,407","990,407","57,025","95,560","97,673","118,757","150,717","176,969","167,037","88,444","32,948","5,191","86","988,918","988,918","56,619","95,113","96,899","118,452","150,265","176,707","167,439","89,124","32,953","5,258","89","987,728","987,728","56,278","94,781","96,145","118,569","149,677","176,025","167,867","89,881","33,082","5,337","86","987,251","987,251","55,988","94,724","95,712","118,675","149,334","175,806","167,971","90,520","33,067","5,364","90","986,759","986,759","55,683","94,627","95,365","118,677","149,050","175,484","168,111","91,072","33,203","5,398","89","986,273","986,273","55,538","94,545","94,978","118,723","148,940","175,324","167,996","91,487","33,279","5,375","88"
"경상남도 창원시 의창구 (4812100000)","207,050","207,050","11,972","18,978","21,176","25,286","30,502","37,809","36,879","17,386","6,041","1,004","17","206,993","206,993","11,908","18,892","21,059","25,338","30,409","37,766","36,987","17,556","6,051","1,010","17","207,900","207,900","11,986","18,963","21,019","25,594","30,484","37,739","37,214","17,792","6,059","1,033","17","208,174","208,174","11,962","18,982","20,958","25,695","30,462","37,722","37,329","17,944","6,057","1,046","17","208,424","208,424","11,930","19,000","20,891","25,758","30,475","37,693","37,429","18,106","6,066","1,059","17","209,377","209,377","12,047","19,055","20,860","26,020","30,645","37,820","37,527","18,254","6,071","1,060","18"
"경상남도 창원시 성산구 (4812300000)","247,164","247,164","15,876","24,141","28,219","36,256","36,986","46,684","40,439","13,698","4,098","754","13","247,105","247,105","15,870","24,066","28,021","36,248","36,993","46,541","40,628","13,865","4,085","774","14","246,261","246,261","15,725","23,882","27,792","36,190","36,818","46,209","40,740","14,007","4,101","784","13","246,074","246,074","15,680","23,870","27,618","36,271","36,714","46,076","40,790","14,170","4,103","769","13","245,920","245,920","15,642","23,800","27,550","36,276","36,671","45,874","40,916","14,287","4,123","769","12","245,292","245,292","15,602","23,721","27,355","36,234","36,593","45,662","40,854","14,357","4,146","755","13"
"경상남도 창원시 마산합포구 (4812500000)","175,634","175,634","9,464","15,207","15,003","18,453","25,729","28,324","31,440","21,596","8,988","1,403","27","175,375","175,375","9,362","15,228","14,872","18,348","25,652","28,309","31,416","21,752","8,982","1,429","25","175,126","175,126","9,299","15,215","14,718","18,335","25,578","28,216","31,387","21,897","9,001","1,456","24","174,969","174,969","9,238","15,236","14,644","18,314","25,533","28,169","31,371","21,996","8,979","1,462","27","174,767","174,767","9,149","15,260","14,564","18,317","25,444","28,131","31,328","22,051","9,029","1,468","26","174,487","174,487","9,089","15,251","14,511","18,207","25,398","28,116","31,236","22,122","9,066","1,466","25"
"경상남도 창원시 마산회원구 (4812700000)","176,002","176,002","8,440","16,271","15,880","18,169","25,224","32,004","31,823","19,964","7,259","958","10","175,539","175,539","8,388","16,152","15,659","18,101","25,141","31,886","31,906","20,050","7,277","968","11","174,912","174,912","8,303","16,043","15,475","18,068","24,935","31,685","31,926","20,156","7,334","976","11","174,705","174,705","8,263","15,983","15,423","18,040","24,880","31,620","31,881","20,255","7,358","989","13","174,485","174,485","8,184","15,933","15,361","17,991","24,830","31,555","31,844","20,389","7,393","992","13","174,175","174,175","8,144","15,897","15,277","17,968","24,751","31,476","31,781","20,486","7,390","993","12"
"경상남도 창원시 진해구 (4812900000)","184,557","184,557","11,273","20,963","17,395","20,593","32,276","32,148","26,456","15,800","6,562","1,072","19","183,906","183,906","11,091","20,775","17,288","20,417","32,070","32,205","26,502","15,901","6,558","1,077","22","183,529","183,529","10,965","20,678","17,141","20,382","31,862","32,176","26,600","16,029","6,587","1,088","21","183,329","183,329","10,845","20,653","17,069","20,355","31,745","32,219","26,600","16,155","6,570","1,098","20","183,163","183,163","10,778","20,634","16,999","20,335","31,630","32,231","26,594","16,239","6,592","1,110","21","182,942","182,942","10,656","20,621","16,975","20,294","31,553","32,250","26,598","16,268","6,606","1,101","20"
"경상남도 진주시 (4817000000)","335,342","335,342","20,427","33,320","37,161","39,054","46,966","57,292","52,292","31,529","14,658","2,582","61","335,108","335,108","20,286","33,434","37,050","38,925","46,767","57,190","52,434","31,684","14,680","2,601","57","335,302","335,302","20,220","33,503","37,193","38,960","46,607","56,988","52,529","31,932","14,686","2,627","57","335,005","335,005","20,113","33,494","37,145","38,895","46,465","56,897","52,515","32,105","14,678","2,646","52","334,984","334,984","19,998","33,502","37,184","38,911","46,366","56,864","52,459","32,279","14,700","2,670","51","334,651","334,651","19,943","33,393","37,084","38,849","46,360","56,791","52,405","32,347","14,727","2,702","50"
"경상남도 통영시 (4822000000)","116,419","116,419","4,855","12,167","8,527","8,797","17,391","21,749","22,214","13,920","5,881","901","17","116,208","116,208","4,787","12,134","8,469","8,730","17,290","21,712","22,243","14,034","5,870","923","16","115,968","115,968","4,742","12,081","8,386","8,714","17,172","21,656","22,235","14,159","5,871","936","16","115,826","115,826","4,697","12,056","8,359","8,686","17,087","21,652","22,243","14,244","5,853","935","14","115,818","115,818","4,648","12,042","8,345","8,673","17,025","21,703","22,215","14,368","5,850","935","14","115,890","115,890","4,603","12,048","8,399","8,664","17,027","21,680","22,262","14,406","5,850","936","15"
"경상남도 사천시 (4824000000)","107,954","107,954","5,298","10,141","8,874","10,352","15,219","19,508","18,370","12,495","6,512","1,166","19","107,889","107,889","5,261","10,084","8,808","10,345","15,185","19,526","18,424","12,537","6,513","1,188","18","107,784","107,784","5,246","9,967","8,785","10,378","15,101","19,446","18,517","12,586","6,532","1,208","18","107,804","107,804","5,211","9,964","8,767","10,383","15,066","19,465","18,576","12,632","6,506","1,214","20","107,808","107,808","5,174","9,954","8,743","10,410","15,017","19,459","18,590","12,689","6,520","1,232","20","107,882","107,882","5,153","9,970","8,764","10,417","15,039","19,453","18,596","12,725","6,509","1,237","19"
"경상남도 사천남양출장소 (4824500000)","0","0","0","0","0","0","0","0","0","0","0","0","0","0","0","0","0","0","0","0","0","0","0","0","0","0","0","0","0","0","0","0","0","0","0","0","0","0","0","0","0","0","0","0","0","0","0","0","0","0","0","0","0","0","0","0","0","0","0","0","0","0","0","0","0","0","0","0","0","0","0","0","0","0","0","0","0","0"
"경상남도 김해시 (4825000000)","533,275","533,275","34,128","59,061","53,775","64,513","86,128","104,738","78,337","35,733","14,545","2,275","42","532,715","532,715","33,902","58,713","53,416","64,433","85,887","104,759","78,710","36,012","14,530","2,311","42","532,407","532,407","33,713","58,431","53,076","64,624","85,525","104,541","79,304","36,250","14,573","2,332","38","532,687","532,687","33,506","58,471","52,897","64,809","85,326","104,632","79,617","36,454","14,579","2,357","39","532,665","532,665","33,287","58,439","52,683","64,830","85,197","104,559","79,919","36,740","14,606","2,366","39","532,777","532,777","33,126","58,471","52,538","64,943","85,171","104,477","80,058","36,956","14,623","2,375","39"
"경상남도 장유출장소 (4825200000)","0","0","0","0","0","0","0","0","0","0","0","0","0","0","0","0","0","0","0","0","0","0","0","0","0","0","0","0","0","0","0","0","0","0","0","0","0","0","0","0","0","0","0","0","0","0","0","0","0","0","0","0","0","0","0","0","0","0","0","0","0","0","0","0","0","0","0","0","0","0","0","0","0","0","0","0","0","0"
"경상남도 밀양시 (4827000000)","99,087","99,087","3,599","6,904","6,542","7,511","10,939","16,530","22,661","15,440","7,567","1,372","22","98,901","98,901","3,566","6,862","6,486","7,462","10,957","16,416","22,664","15,523","7,544","1,398","23","98,775","98,775","3,547","6,842","6,393","7,463","10,916","16,295","22,673","15,647","7,558","1,419","22","98,728","98,728","3,503","6,852","6,382","7,454","10,890","16,266","22,649","15,759","7,532","1,419","22","98,619","98,619","3,476","6,842","6,316","7,464","10,876","16,177","22,646","15,855","7,528","1,416","23","98,591","98,591","3,453","6,824","6,329","7,467","10,851","16,158","22,595","15,941","7,532","1,418","23"
"경상남도 거제시 (4831000000)","230,871","230,871","14,301","29,005","18,450","22,501","44,397","45,295","33,840","16,077","5,867","1,112","26","230,117","230,117","14,084","28,783","18,256","22,181","44,230","45,360","33,987","16,232","5,857","1,122","25","229,585","229,585","13,885","28,623","17,994","22,109","44,049","45,326","34,167","16,404","5,864","1,138","26","229,490","229,490","13,736","28,653","17,949","22,084","43,880","45,390","34,239","16,535","5,857","1,142","25","229,221","229,221","13,572","28,630","17,845","22,011","43,757","45,376","34,315","16,675","5,861","1,153","26","229,029","229,029","13,433","28,658","17,792","21,923","43,718","45,372","34,353","16,747","5,854","1,154","25"
"경상남도 양산시 (4833000000)","361,349","361,349","24,831","37,608","31,968","44,735","60,240","63,762","54,904","29,440","12,056","1,768","37","361,336","361,336","24,698","37,568","31,768","44,653","60,187","63,824","55,128","29,620","12,071","1,785","34","361,230","361,230","24,588","37,606","31,512","44,720","60,022","63,675","55,288","29,856","12,099","1,829","35","361,371","361,371","24,463","37,629","31,417","44,790","59,925","63,675","55,427","30,057","12,103","1,849","36","361,433","361,433","24,338","37,687","31,285","44,794","59,887","63,633","55,534","30,250","12,112","1,880","33","361,389","361,389","24,206","37,721","31,117","44,830","59,852","63,622","55,556","30,399","12,166","1,887","33"
"경상남도 양산시웅상출장소 (4833200000)","0","0","0","0","0","0","0","0","0","0","0","0","0","0","0","0","0","0","0","0","0","0","0","0","0","0","0","0","0","0","0","0","0","0","0","0","0","0","0","0","0","0","0","0","0","0","0","0","0","0","0","0","0","0","0","0","0","0","0","0","0","0","0","0","0","0","0","0","0","0","0","0","0","0","0","0","0","0"
"경상남도 의령군 (4872000000)","24,591","24,591","674","1,291","1,290","1,376","2,154","4,042","5,983","4,271","2,852","637","21","24,531","24,531","665","1,278","1,284","1,365","2,157","4,034","5,967","4,281","2,837","643","20","24,503","24,503","664","1,274","1,254","1,355","2,144","4,008","5,992","4,310","2,826","656","20","24,502","24,502","656","1,281","1,247","1,365","2,145","3,982","5,995","4,332","2,820","659","20","24,481","24,481","647","1,280","1,219","1,365","2,141","3,978","5,990","4,355","2,818","669","19","24,531","24,531","640","1,292","1,228","1,374","2,146","3,991","5,993","4,365","2,810","672","20"
"경상남도 함안군 (4873000000)","57,548","57,548","2,052","5,274","3,640","3,815","7,087","10,384","12,246","8,024","4,203","817","6","57,345","57,345","2,027","5,193","3,611","3,791","7,025","10,339","12,258","8,075","4,191","828","7","57,208","57,208","2,001","5,124","3,576","3,786","6,968","10,283","12,300","8,127","4,209","826","8","57,121","57,121","1,984","5,113","3,561","3,758","6,948","10,249","12,296","8,183","4,184","837","8","56,985","56,985","1,954","5,106","3,527","3,737","6,912","10,205","12,301","8,213","4,180","842","8","56,867","56,867","1,927","5,088","3,522","3,720","6,882","10,172","12,299","8,234","4,177","837","9"
"경상남도 창녕군 (4874000000)","54,924","54,924","1,756","3,799","2,769","3,585","5,574","9,148","13,113","9,098","5,073","996","13","54,883","54,883","1,744","3,810","2,726","3,555","5,604","9,106","13,124","9,161","5,037","1,005","11","54,743","54,743","1,729","3,774","2,684","3,539","5,564","9,049","13,111","9,200","5,076","1,007","10","54,640","54,640","1,716","3,763","2,650","3,546","5,539","9,009","13,086","9,249","5,058","1,014","10","54,536","54,536","1,703","3,748","2,632","3,530","5,522","8,992","13,083","9,246","5,061","1,007","12","54,445","54,445","1,677","3,747","2,617","3,500","5,526","8,956","13,083","9,271","5,048","1,007","13"
"경상남도 고성군 (4882000000)","47,018","47,018","1,234","3,751","2,606","2,529","4,948","8,215","10,706","7,754","4,334","931","10","46,901","46,901","1,225","3,728","2,564","2,502","4,919","8,177","10,737","7,784","4,318","937","10","46,842","46,842","1,201","3,741","2,528","2,497","4,899","8,115","10,769","7,830","4,304","948","10","46,840","46,840","1,189","3,748","2,532","2,496","4,886","8,097","10,780","7,866","4,286","950","10","46,849","46,849","1,172","3,734","2,534","2,516","4,859","8,114","10,776","7,895","4,284","955","10","46,808","46,808","1,159","3,730","2,528","2,514","4,848","8,082","10,799","7,913","4,267","958","10"
"경상남도 남해군 (4884000000)","40,874","40,874","1,039","2,741","2,355","2,156","3,597","6,713","9,243","7,232","4,592","1,173","33","40,887","40,887","1,030","2,755","2,313","2,176","3,566","6,681","9,311","7,242","4,576","1,202","35","41,054","41,054","1,011","2,871","2,317","2,208","3,541","6,677","9,339","7,268","4,577","1,209","36","41,066","41,066","1,009","2,882","2,309","2,206","3,543","6,632","9,354","7,312","4,573","1,209","37","41,091","41,091","999","2,878","2,309","2,207","3,533","6,637","9,351","7,337","4,581","1,220","39","41,143","41,143","990","2,901","2,317","2,200","3,533","6,644","9,391","7,341","4,574","1,212","40"
"경상남도 하동군 (4885000000)","39,942","39,942","1,064","2,172","2,024","2,110","3,302","7,121","9,843","6,910","4,377","989","30","39,835","39,835","1,037","2,151","1,999","2,098","3,277","7,079","9,850","6,962","4,344","1,005","33","39,769","39,769","1,026","2,118","1,969","2,097","3,236","7,079","9,862","7,001","4,350","998","33","39,752","39,752","1,023","2,116","1,964","2,090","3,230","7,061","9,878","7,022","4,330","1,005","33","39,703","39,703","1,010","2,114","1,941","2,104","3,216","7,035","9,871","7,052","4,309","1,020","31","39,596","39,596","1,004","2,096","1,908","2,111","3,201","7,011","9,862","7,059","4,296","1,017","31"
"경상남도 산청군 (4886000000)","32,739","32,739","763","1,707","1,632","1,635","2,573","5,664","8,350","5,874","3,695","819","27","32,679","32,679","750","1,690","1,607","1,626","2,559","5,631","8,389","5,893","3,690","818","26","32,662","32,662","739","1,691","1,580","1,621","2,549","5,595","8,408","5,953","3,679","819","28","32,720","32,720","738","1,685","1,581","1,627","2,540","5,599","8,448","5,988","3,650","836","28","32,672","32,672","731","1,676","1,562","1,631","2,513","5,602","8,428","6,016","3,641","844","28","32,638","32,638","721","1,677","1,552","1,625","2,521","5,576","8,420","6,034","3,638","849","25"
"경상남도 함양군 (4887000000)","35,414","35,414","1,106","2,495","1,992","1,983","3,232","6,107","8,049","5,740","3,910","782","18","35,388","35,388","1,111","2,463","1,968","1,976","3,216","6,094","8,074","5,777","3,894","798","17","35,322","35,322","1,093","2,443","1,953","1,979","3,185","6,054","8,085","5,833","3,874","806","17","35,252","35,252","1,083","2,427","1,938","1,984","3,175","6,034","8,066","5,868","3,855","806","16","35,217","35,217","1,072","2,423","1,916","1,986","3,173","6,004","8,079","5,889","3,841","818","16","35,141","35,141","1,069","2,405","1,921","1,977","3,165","5,987","8,062","5,891","3,828","820","16"
"경상남도 거창군 (4888000000)","58,898","58,898","2,605","5,574","4,317","4,517","6,517","9,868","11,557","7,876","4,953","1,088","26","58,737","58,737","2,589","5,533","4,252","4,468","6,481","9,825","11,584","7,931","4,953","1,093","28","58,909","58,909","2,586","5,679","4,278","4,467","6,426","9,810","11,607","7,978","4,944","1,106","28","58,889","58,889","2,573","5,655","4,253","4,464","6,411","9,784","11,638","8,026","4,942","1,113","30","58,874","58,874","2,564","5,633","4,251","4,465","6,402","9,770","11,630","8,060","4,939","1,130","30","58,846","58,846","2,568","5,618","4,222","4,475","6,392","9,768","11,616","8,100","4,922","1,135","30"
"경상남도 합천군 (4889000000)","39,135","39,135","923","1,955","1,853","1,905","3,179","6,157","9,790","7,240","5,062","1,050","21","39,011","39,011","910","1,916","1,819","1,919","3,150","6,103","9,809","7,257","5,028","1,077","23","38,996","38,996","906","1,910","1,795","1,917","3,156","6,071","9,790","7,325","5,014","1,088","24","38,915","38,915","902","1,909","1,763","1,916","3,151","6,059","9,767","7,343","4,980","1,100","25","38,917","38,917","900","1,906","1,761","1,919","3,154","6,029","9,777","7,385","4,962","1,098","26","38,854","38,854","892","1,901","1,746","1,916","3,149","5,986","9,796","7,416","4,936","1,090","26"
"제주특별자치도  (5000000000)","663,995","663,995","43,926","70,141","65,308","76,810","102,048","118,964","98,788","53,789","27,916","6,101","204","663,514","663,514","43,834","69,894","64,799","76,731","101,926","118,937","99,044","54,011","27,955","6,177","206","663,177","663,177","43,568","69,785","64,394","76,800","101,772","118,508","99,583","54,382","27,939","6,240","206","663,229","663,229","43,338","69,824","64,255","76,844","101,644","118,507","99,752","54,616","27,966","6,281","202","662,969","662,969","43,038","69,919","63,931","76,844","101,565","118,346","99,882","54,852","28,069","6,322","201","662,792","662,792","42,876","69,883","63,767","76,883","101,371","118,326","99,965","55,019","28,185","6,320","197"
"제주특별자치도 제주시 (5011000000)","484,763","484,763","33,163","52,350","50,725","59,767","75,283","86,289","68,495","36,264","18,323","3,962","142","484,514","484,514","33,082","52,187","50,379","59,754","75,202","86,260","68,713","36,420","18,352","4,022","143","484,383","484,383","32,902","52,073","50,143","59,856","75,104","86,004","69,079","36,675","18,326","4,080","141","484,331","484,331","32,728","52,049","50,045","59,893","75,016","85,959","69,231","36,822","18,336","4,111","141","484,171","484,171","32,531","52,108","49,788","59,897","74,981","85,860","69,339","36,972","18,422","4,136","137","484,123","484,123","32,445","52,111","49,608","59,958","74,870","85,847","69,434","37,073","18,515","4,127","135"
"제주특별자치도 서귀포시 (5013000000)","179,232","179,232","10,763","17,791","14,583","17,043","26,765","32,675","30,293","17,525","9,593","2,139","62","179,000","179,000","10,752","17,707","14,420","16,977","26,724","32,677","30,331","17,591","9,603","2,155","63","178,794","178,794","10,666","17,712","14,251","16,944","26,668","32,504","30,504","17,707","9,613","2,160","65","178,898","178,898","10,610","17,775","14,210","16,951","26,628","32,548","30,521","17,794","9,630","2,170","61","178,798","178,798","10,507","17,811","14,143","16,947","26,584","32,486","30,543","17,880","9,647","2,186","64","178,669","178,669","10,431","17,772","14,159","16,925","26,501","32,479","30,531","17,946","9,670","2,193","62"
