SIDO_NM,CCG_NM,TP_BUZ_NO,TP_BUZ_NM_CLEAN,external_source,source_scope,amt_growth_pct_m,cnt_growth_pct_m,supply_growth_pct_m,amt_per_supply_growth_pct_m,cnt_per_supply_growth_pct_m,amt_robust,cnt_robust,supply_robust,total_cnt_6m,mean_supply,amt_direction,cnt_direction,supply_direction,cnt_supply_type,amt_supply_type,three_method_robust,quadrant
강원특별자치도,강릉시,4010,편의점,국세청,가동사업자,3.3450625888364844,4.95823962415464,-0.2487334146614772,3.602757264664297,5.219956815647542,True,True,True,1214052.0,332.1666666666667,증가,증가,정체,증가 소비·정체 공급,증가 소비·정체 공급,True,증가 소비·정체 공급
강원특별자치도,강릉시,4020,슈퍼마켓,국세청,가동사업자,-0.3559079462610783,1.1445186295577727,-0.1415794126619987,-0.2146324089030222,1.2879214738780356,True,True,True,332683.0,120.66666666666669,감소,증가,정체,증가 소비·정체 공급,감소 소비·정체 공급,True,증가 소비·정체 공급
강원특별자치도,강릉시,8005,중국음식,LOCALDATA,식품인허가 영업점,-1.6861556321247553,-0.1606747473149554,-0.4013141058830082,-1.290018552662103,0.2416089694434978,True,False,True,64489.0,156.0,감소,정체,감소,정체 소비·감소 공급,감소 소비·감소 공급,False,정체 소비·감소 공급
강원특별자치도,강릉시,8301,제과점,LOCALDATA,식품인허가 영업점,-4.685042461388549,-0.668342964765899,0.5934644530969102,-5.247365664542358,-1.2543632180509592,True,False,True,135709.0,145.0,감소,감소,증가,감소 소비·증가 공급,감소 소비·증가 공급,False,감소 소비·증가 공급
강원특별자치도,고성군,4010,편의점,국세청,가동사업자,9.14101046150209,10.513609744693223,0.609846529734009,8.479452286259912,9.843731559646402,True,True,True,206381.0,70.83333333333333,증가,증가,증가,증가 소비·증가 공급,증가 소비·증가 공급,True,증가 소비·증가 공급
강원특별자치도,고성군,4020,슈퍼마켓,국세청,가동사업자,11.9701982156871,13.357120348104567,-1.1891025989069464,13.317661473286504,14.72127399872253,True,True,True,10443.0,21.5,증가,증가,감소,증가 소비·감소 공급,증가 소비·감소 공급,True,증가 소비·감소 공급
강원특별자치도,고성군,8005,중국음식,LOCALDATA,식품인허가 영업점,1.6437913351177484,4.076235395505926,0.0,1.6437913351177431,4.076235395505917,True,True,False,8231.0,26.0,증가,증가,정체,증가 소비·정체 공급,증가 소비·정체 공급,False,증가 소비·정체 공급
강원특별자치도,고성군,8301,제과점,LOCALDATA,식품인허가 영업점,-0.4845824167579433,-5.2811776774805255,-0.4015309578319205,-0.0833862806573949,-4.899319002165243,True,True,False,7719.0,16.0,감소,감소,감소,감소 소비·감소 공급,감소 소비·감소 공급,False,감소 소비·감소 공급
강원특별자치도,동해시,4010,편의점,국세청,가동사업자,3.9803850868426913,4.297554894430338,-0.4345514766696415,4.4342054688558115,4.752759557941557,True,True,True,464628.0,124.83333333333331,증가,증가,감소,증가 소비·감소 공급,증가 소비·감소 공급,True,증가 소비·감소 공급
강원특별자치도,동해시,4020,슈퍼마켓,국세청,가동사업자,-0.9493977815222616,0.7624329726479656,0.1955559143385326,-1.1427190411914416,0.5657706603215921,True,True,False,236095.0,58.666666666666664,감소,증가,정체,증가 소비·정체 공급,감소 소비·정체 공급,False,증가 소비·정체 공급
강원특별자치도,동해시,8005,중국음식,LOCALDATA,식품인허가 영업점,-1.9644157469562828,-1.695557517008813,0.0,-1.9644157469562775,-1.6955575170088104,True,True,False,31474.0,72.0,감소,감소,정체,감소 소비·정체 공급,감소 소비·정체 공급,False,감소 소비·정체 공급
강원특별자치도,동해시,8301,제과점,LOCALDATA,식품인허가 영업점,-1.649459119890495,-0.4412665105749817,-0.1655059554337098,-1.4864132669358985,-0.2762177119044136,True,True,False,41413.0,34.666666666666664,감소,감소,정체,감소 소비·정체 공급,감소 소비·정체 공급,False,감소 소비·정체 공급
강원특별자치도,삼척시,4010,편의점,국세청,가동사업자,7.309169537898015,9.172316230605515,-0.1196004201032102,7.437665437109896,9.303043129373826,True,True,False,248011.0,95.33333333333331,증가,증가,정체,증가 소비·정체 공급,증가 소비·정체 공급,False,증가 소비·정체 공급
강원특별자치도,삼척시,4020,슈퍼마켓,국세청,가동사업자,4.348537651297651,7.034074662322933,-0.4685953504254911,4.839812136363477,7.537992696037452,True,True,False,52326.0,36.333333333333336,증가,증가,감소,증가 소비·감소 공급,증가 소비·감소 공급,False,증가 소비·감소 공급
강원특별자치도,삼척시,8005,중국음식,LOCALDATA,식품인허가 영업점,3.024794938668758,4.931521783653882,0.3289615838352454,2.686994176233768,4.587469188518134,True,True,False,13235.0,43.833333333333336,증가,증가,증가,증가 소비·증가 공급,증가 소비·증가 공급,False,증가 소비·증가 공급
강원특별자치도,삼척시,8301,제과점,LOCALDATA,식품인허가 영업점,0.5269705010108905,1.4035457335433807,0.0,0.5269705010109211,1.403545733543378,False,True,False,17467.0,24.0,증가,증가,정체,증가 소비·정체 공급,증가 소비·정체 공급,False,증가 소비·정체 공급
강원특별자치도,속초시,4010,편의점,국세청,가동사업자,2.157600590373969,3.5391513345549193,-0.1905590965342727,2.3526428618905664,3.736831303059304,True,True,True,722728.0,165.16666666666666,증가,증가,정체,증가 소비·정체 공급,증가 소비·정체 공급,True,증가 소비·정체 공급
강원특별자치도,속초시,4020,슈퍼마켓,국세청,가동사업자,-1.2297171033849217,0.4360493474581031,1.8868599113703552,-3.05886060034272,-1.4239427588349245,True,True,True,206651.0,53.833333333333336,감소,증가,증가,증가 소비·증가 공급,감소 소비·증가 공급,True,증가 소비·증가 공급
강원특별자치도,속초시,8005,중국음식,LOCALDATA,식품인허가 영업점,-1.3723786188703595,0.0450523729567234,-1.2483066071377469,-0.125640389009878,1.3097081535089328,True,False,True,29321.0,52.166666666666664,감소,정체,감소,정체 소비·감소 공급,감소 소비·감소 공급,False,정체 소비·감소 공급
강원특별자치도,속초시,8301,제과점,LOCALDATA,식품인허가 영업점,-0.9002752931186601,0.1616693107575921,-0.8589260389299883,-0.0417074906863613,1.0294374560521231,True,False,True,78453.0,52.666666666666664,감소,정체,감소,정체 소비·감소 공급,감소 소비·감소 공급,False,정체 소비·감소 공급
강원특별자치도,양구군,4010,편의점,국세청,가동사업자,6.503352041752191,7.761097556664523,-1.1365373800431562,7.727717823483547,8.9999224191765,True,True,True,84083.0,22.5,증가,증가,감소,증가 소비·감소 공급,증가 소비·감소 공급,True,증가 소비·감소 공급
강원특별자치도,양구군,4020,슈퍼마켓,국세청,가동사업자,2.8290352713638702,3.849545370077836,0.0,2.8290352713638702,3.8495453700778337,True,True,False,36982.0,14.0,증가,증가,정체,증가 소비·정체 공급,증가 소비·정체 공급,False,증가 소비·정체 공급
강원특별자치도,양구군,8005,중국음식,LOCALDATA,식품인허가 영업점,5.420402972390879,3.7304949685789057,1.785515185637575,3.571124810955564,1.910861068388809,True,True,True,6339.0,24.5,증가,증가,증가,증가 소비·증가 공급,증가 소비·증가 공급,True,증가 소비·증가 공급
강원특별자치도,양구군,8301,제과점,LOCALDATA,식품인허가 영업점,-0.79680685431266,1.8180992107728149,0.0,-0.796806854312685,1.8180992107728025,False,True,False,6516.0,6.0,감소,증가,정체,증가 소비·정체 공급,감소 소비·정체 공급,False,증가 소비·정체 공급
강원특별자치도,양양군,4010,편의점,국세청,가동사업자,8.080647687594556,9.06374801874714,0.878785092334386,7.139125028784086,8.113661280635998,True,True,True,213371.0,80.83333333333333,증가,증가,증가,증가 소비·증가 공급,증가 소비·증가 공급,True,증가 소비·증가 공급
강원특별자치도,양양군,4020,슈퍼마켓,국세청,가동사업자,4.547305217799265,5.536996062577736,-0.586409844587347,5.163997250638596,6.159525973855665,True,True,False,54177.0,24.166666666666668,증가,증가,감소,증가 소비·감소 공급,증가 소비·감소 공급,False,증가 소비·감소 공급
강원특별자치도,양양군,8005,중국음식,LOCALDATA,식품인허가 영업점,3.003391100128086,4.375759886276881,0.0,3.0033911001281015,4.375759886276865,True,True,False,8587.0,21.0,증가,증가,정체,증가 소비·정체 공급,증가 소비·정체 공급,False,증가 소비·정체 공급
강원특별자치도,양양군,8301,제과점,LOCALDATA,식품인허가 영업점,1.40848267152451,4.124723094194016,0.0,1.4084826715244738,4.124723094194009,False,True,False,19282.0,13.0,증가,증가,정체,증가 소비·정체 공급,증가 소비·정체 공급,False,증가 소비·정체 공급
강원특별자치도,영월군,4010,편의점,국세청,가동사업자,9.87641309948473,11.833038344774074,-0.5492870504776446,10.483283468519808,12.450715563533992,True,True,True,117255.0,41.333333333333336,증가,증가,감소,증가 소비·감소 공급,증가 소비·감소 공급,True,증가 소비·감소 공급
강원특별자치도,영월군,4020,슈퍼마켓,국세청,가동사업자,6.206302405341587,9.317048188103222,0.0,6.206302405341543,9.317048188103218,True,True,False,23585.0,24.0,증가,증가,정체,증가 소비·정체 공급,증가 소비·정체 공급,False,증가 소비·정체 공급
강원특별자치도,영월군,8005,중국음식,LOCALDATA,식품인허가 영업점,6.592321772301808,4.737804845501962,0.0,6.592321772301779,4.737804845501956,True,True,False,7737.0,30.0,증가,증가,정체,증가 소비·정체 공급,증가 소비·정체 공급,False,증가 소비·정체 공급
강원특별자치도,영월군,8301,제과점,LOCALDATA,식품인허가 영업점,6.282005413515012,5.862943898455592,0.0,6.282005413515002,5.8629438984556,True,True,False,8874.0,8.666666666666666,증가,증가,정체,증가 소비·정체 공급,증가 소비·정체 공급,False,증가 소비·정체 공급
강원특별자치도,원주시,4010,편의점,국세청,가동사업자,4.210805899521553,6.040307073498765,-0.6115671568593163,4.8520465796978085,6.6928052290112925,True,True,True,2034210.0,467.6666666666667,증가,증가,감소,증가 소비·감소 공급,증가 소비·감소 공급,True,증가 소비·감소 공급
강원특별자치도,원주시,4020,슈퍼마켓,국세청,가동사업자,-1.8062871766461857,0.0946300662654976,-0.2398136766803406,-1.5702391481997244,0.3352477128119092,True,True,True,714206.0,178.5,감소,정체,정체,정체 소비·정체 공급,감소 소비·정체 공급,True,정체 소비·정체 공급
강원특별자치도,원주시,8005,중국음식,LOCALDATA,식품인허가 영업점,-1.3442238043303962,0.5193411731799232,0.5693731393488528,-1.9027631215596703,-0.0497487103749002,True,True,True,98675.0,191.33333333333337,감소,증가,증가,증가 소비·증가 공급,감소 소비·증가 공급,True,증가 소비·증가 공급
강원특별자치도,원주시,8301,제과점,LOCALDATA,식품인허가 영업점,1.575729911354275,3.848377977807296,0.4798727282077751,1.0906235780281337,3.352417910312386,True,True,True,218482.0,137.83333333333334,증가,증가,증가,증가 소비·증가 공급,증가 소비·증가 공급,True,증가 소비·증가 공급
강원특별자치도,인제군,4010,편의점,국세청,가동사업자,7.845754756728994,8.816889313106538,-0.4765756545812721,8.3621825374755,9.337967447173789,True,True,True,114967.0,53.833333333333336,증가,증가,감소,증가 소비·감소 공급,증가 소비·감소 공급,True,증가 소비·감소 공급
강원특별자치도,인제군,4020,슈퍼마켓,국세청,가동사업자,-22.47934172655244,-12.014211653904256,0.7346402933042191,-23.044686467600062,-12.655876776934177,True,True,False,20584.0,22.166666666666668,감소,감소,증가,감소 소비·증가 공급,감소 소비·증가 공급,False,감소 소비·증가 공급
강원특별자치도,인제군,8005,중국음식,LOCALDATA,식품인허가 영업점,-0.4764373088766382,1.5348846098288869,0.0,-0.476437308876618,1.534884609828884,False,True,False,8711.0,27.0,감소,증가,정체,증가 소비·정체 공급,감소 소비·정체 공급,False,증가 소비·정체 공급
강원특별자치도,인제군,8301,제과점,LOCALDATA,식품인허가 영업점,0.0950968983142306,2.0321687359307465,0.0,0.0950968983141951,2.0321687359307288,True,True,False,5371.0,13.0,정체,증가,정체,증가 소비·정체 공급,정체 소비·정체 공급,False,증가 소비·정체 공급
강원특별자치도,정선군,4010,편의점,국세청,가동사업자,1.617801600926969,2.3538760158184626,-0.0436118362179343,1.6621383261894132,2.3985338967110725,True,True,False,263156.0,65.5,증가,증가,정체,증가 소비·정체 공급,증가 소비·정체 공급,False,증가 소비·정체 공급
강원특별자치도,정선군,4020,슈퍼마켓,국세청,가동사업자,23.811909118243616,23.185511784635622,-1.1481073272369036,25.24991254149032,24.616239966619517,True,True,True,82314.0,27.166666666666668,증가,증가,감소,증가 소비·감소 공급,증가 소비·감소 공급,True,증가 소비·감소 공급
강원특별자치도,정선군,8005,중국음식,LOCALDATA,식품인허가 영업점,6.370868225053111,8.693250932611203,0.0,6.37086822505315,8.693250932611218,True,True,False,17469.0,24.0,증가,증가,정체,증가 소비·정체 공급,증가 소비·정체 공급,False,증가 소비·정체 공급
강원특별자치도,정선군,8301,제과점,LOCALDATA,식품인허가 영업점,10.445602566765782,8.943062709778244,0.0,10.44560256676582,8.943062709778252,True,True,False,20621.0,8.0,증가,증가,정체,증가 소비·정체 공급,증가 소비·정체 공급,False,증가 소비·정체 공급
강원특별자치도,철원군,4010,편의점,국세청,가동사업자,5.409258364615742,7.215980568000677,-0.2133963628026355,5.634678927304799,7.4452648552053535,True,True,False,141636.0,53.333333333333336,증가,증가,정체,증가 소비·정체 공급,증가 소비·정체 공급,False,증가 소비·정체 공급
강원특별자치도,철원군,4020,슈퍼마켓,국세청,가동사업자,0.4233147107350262,2.5962212043296304,3.551964192992728,-3.0213328222599136,-0.922959787495512,True,True,True,63849.0,20.5,증가,증가,증가,증가 소비·증가 공급,증가 소비·증가 공급,True,증가 소비·증가 공급
강원특별자치도,철원군,8005,중국음식,LOCALDATA,식품인허가 영업점,1.5130848631414922,1.359251000844956,0.2018935088482969,1.3085494778374092,1.1550255703446028,True,False,False,12531.0,42.166666666666664,증가,증가,정체,증가 소비·정체 공급,증가 소비·정체 공급,False,증가 소비·정체 공급
강원특별자치도,철원군,8301,제과점,LOCALDATA,식품인허가 영업점,-2.338034503193816,-0.9812721930158328,2.2626537243086484,-4.49889383851264,-3.1721511218257956,True,True,True,13261.0,11.5,감소,감소,증가,감소 소비·증가 공급,감소 소비·증가 공급,True,감소 소비·증가 공급
강원특별자치도,춘천시,4010,편의점,국세청,가동사업자,4.54140197520161,6.484921040365369,0.0081529885375369,4.532879421524421,6.476240044719327,True,True,False,1333439.0,353.8333333333333,증가,증가,정체,증가 소비·정체 공급,증가 소비·정체 공급,False,증가 소비·정체 공급
강원특별자치도,춘천시,4020,슈퍼마켓,국세청,가동사업자,-0.4730591225352664,2.2042629078005507,-0.4080713985997272,-0.0652540068740982,2.623038174966677,True,True,True,487941.0,119.5,감소,증가,감소,증가 소비·감소 공급,감소 소비·감소 공급,True,증가 소비·감소 공급
강원특별자치도,춘천시,8005,중국음식,LOCALDATA,식품인허가 영업점,0.1206617028268763,1.3319111974382678,0.1247990314244954,-0.0041321716873257,1.2056075794318843,True,True,True,78733.0,160.83333333333334,정체,증가,정체,증가 소비·정체 공급,정체 소비·정체 공급,True,증가 소비·정체 공급
강원특별자치도,춘천시,8301,제과점,LOCALDATA,식품인허가 영업점,1.4842700499133512,4.3868775404129146,1.2301698986514695,0.2510122738273298,3.118346679573744,True,True,True,123891.0,140.0,증가,증가,증가,증가 소비·증가 공급,증가 소비·증가 공급,True,증가 소비·증가 공급
강원특별자치도,태백시,4010,편의점,국세청,가동사업자,2.407431992494429,3.82051740771282,0.0,2.4074319924944345,3.820517407712834,True,True,False,123439.0,56.0,증가,증가,정체,증가 소비·정체 공급,증가 소비·정체 공급,False,증가 소비·정체 공급
강원특별자치도,태백시,4020,슈퍼마켓,국세청,가동사업자,-0.8000809258906437,2.350150083580014,0.0,-0.8000809258906236,2.35015008358002,False,True,False,33651.0,26.0,감소,증가,정체,증가 소비·정체 공급,감소 소비·정체 공급,False,증가 소비·정체 공급
강원특별자치도,태백시,8005,중국음식,LOCALDATA,식품인허가 영업점,2.33473531668454,2.235933638625308,0.0,2.334735316684551,2.235933638625304,True,True,False,8321.0,28.0,증가,증가,정체,증가 소비·정체 공급,증가 소비·정체 공급,False,증가 소비·정체 공급
강원특별자치도,태백시,8301,제과점,LOCALDATA,식품인허가 영업점,-0.7001061889052294,-1.799956762816142,0.0,-0.7001061889052194,-1.7999567628161222,True,True,False,9472.0,12.0,감소,감소,정체,감소 소비·정체 공급,감소 소비·정체 공급,False,감소 소비·정체 공급
강원특별자치도,평창군,4010,편의점,국세청,가동사업자,-5.089613244996944,-5.101180272377629,-0.7628847377988703,-4.359990207057207,-4.371646155892617,True,True,True,250396.0,78.5,감소,감소,감소,감소 소비·감소 공급,감소 소비·감소 공급,True,감소 소비·감소 공급
강원특별자치도,평창군,4020,슈퍼마켓,국세청,가동사업자,-0.6680948678787393,4.192347520730106,0.9005038013713511,-1.554599442177117,3.2624650971405953,True,True,True,75895.0,25.333333333333332,감소,증가,증가,증가 소비·증가 공급,감소 소비·증가 공급,True,증가 소비·증가 공급
강원특별자치도,평창군,8005,중국음식,LOCALDATA,식품인허가 영업점,-2.014496010147626,0.1387682959306473,-0.8679654266916874,-1.1565692042849298,1.015548331027001,True,True,True,11000.0,29.5,감소,정체,감소,정체 소비·감소 공급,감소 소비·감소 공급,True,정체 소비·감소 공급
강원특별자치도,평창군,8301,제과점,LOCALDATA,식품인허가 영업점,-2.6719706514648256,-2.008725719375303,0.5406035584908253,-3.195300302814112,-2.5356216171738377,True,True,False,20672.0,26.166666666666668,감소,감소,증가,감소 소비·증가 공급,감소 소비·증가 공급,False,감소 소비·증가 공급
강원특별자치도,홍천군,4010,편의점,국세청,가동사업자,3.636860255734308,4.3781837226916345,0.0,3.636860255734308,4.378183722691625,True,True,False,263749.0,71.0,증가,증가,정체,증가 소비·정체 공급,증가 소비·정체 공급,False,증가 소비·정체 공급
강원특별자치도,홍천군,4020,슈퍼마켓,국세청,가동사업자,-3.1487346374253455,-3.654274777507134,-0.2247236456029024,-2.9305967356447034,-3.4372755027233715,True,True,False,239287.0,63.833333333333336,감소,감소,정체,감소 소비·정체 공급,감소 소비·정체 공급,False,감소 소비·정체 공급
강원특별자치도,홍천군,8005,중국음식,LOCALDATA,식품인허가 영업점,-1.4211356524668977,0.6456103389055512,1.627500924488965,-2.999814567142627,-0.9661662213980556,True,False,True,20612.0,49.666666666666664,감소,증가,증가,증가 소비·증가 공급,감소 소비·증가 공급,False,증가 소비·증가 공급
강원특별자치도,홍천군,8301,제과점,LOCALDATA,식품인허가 영업점,-5.186044276540598,-1.5960396949883742,0.0,-5.1860442765406125,-1.5960396949883895,True,True,False,22623.0,27.0,감소,감소,정체,감소 소비·정체 공급,감소 소비·정체 공급,False,감소 소비·정체 공급
강원특별자치도,화천군,4010,편의점,국세청,가동사업자,4.832112020161299,5.018644928596759,0.5208897116237942,4.288881963645171,4.474448276250027,True,True,False,112510.0,27.833333333333332,증가,증가,증가,증가 소비·증가 공급,증가 소비·증가 공급,False,증가 소비·증가 공급
강원특별자치도,화천군,4020,슈퍼마켓,국세청,가동사업자,-0.0509818494151726,2.255774464356598,1.2113988914500262,-1.247271310041951,1.0318754452022518,False,True,False,47875.0,9.666666666666666,정체,증가,증가,증가 소비·증가 공급,정체 소비·증가 공급,False,증가 소비·증가 공급
강원특별자치도,화천군,8005,중국음식,LOCALDATA,식품인허가 영업점,1.5151138024365622,2.5173044045280353,1.239928245460851,0.2718152430022334,1.261731592667794,True,True,True,11591.0,28.0,증가,증가,증가,증가 소비·증가 공급,증가 소비·증가 공급,True,증가 소비·증가 공급
강원특별자치도,화천군,8301,제과점,LOCALDATA,식품인허가 영업점,-0.9904271924219996,0.4510089462472997,0.0,-0.9904271924219894,0.4510089462473024,False,True,False,8922.0,4.0,감소,증가,정체,증가 소비·정체 공급,감소 소비·정체 공급,False,증가 소비·정체 공급
강원특별자치도,횡성군,4010,편의점,국세청,가동사업자,3.374260592625341,3.099352613325716,-0.2666742623712972,3.650670252965352,3.375027204599722,True,True,False,150354.0,53.833333333333336,증가,증가,감소,증가 소비·감소 공급,증가 소비·감소 공급,False,증가 소비·감소 공급
강원특별자치도,횡성군,4020,슈퍼마켓,국세청,가동사업자,-0.334475335782704,0.7174921838244119,-1.2467668728775123,0.9238092852316432,1.9890579725864717,False,True,True,162675.0,20.5,감소,증가,감소,증가 소비·감소 공급,감소 소비·감소 공급,True,증가 소비·감소 공급
강원특별자치도,횡성군,8005,중국음식,LOCALDATA,식품인허가 영업점,-0.0020029462400873,1.860166591507592,-0.607705885834747,0.6094063377779865,2.482961581013187,False,True,True,11348.0,37.333333333333336,정체,증가,감소,증가 소비·감소 공급,정체 소비·감소 공급,True,증가 소비·감소 공급
강원특별자치도,횡성군,8301,제과점,LOCALDATA,식품인허가 영업점,3.765575661928576,5.571761095049836,0.0,3.765575661928624,5.571761095049814,True,True,False,14755.0,11.0,증가,증가,정체,증가 소비·정체 공급,증가 소비·정체 공급,False,증가 소비·정체 공급
경기도,가평군,4010,편의점,국세청,가동사업자,8.526412888730064,9.08574503075372,-0.2210745817641823,8.766868789003352,9.327440211955796,True,True,True,365995.0,129.33333333333334,증가,증가,정체,증가 소비·정체 공급,증가 소비·정체 공급,True,증가 소비·정체 공급
경기도,가평군,4020,슈퍼마켓,국세청,가동사업자,6.162449291982611,5.9345430178364875,-0.759079647895293,6.974470727720433,6.744821230983107,True,True,True,162896.0,60.0,증가,증가,감소,증가 소비·감소 공급,증가 소비·감소 공급,True,증가 소비·감소 공급
경기도,가평군,8005,중국음식,LOCALDATA,식품인허가 영업점,5.287256310949917,5.199300607577371,0.321556685778562,4.949783266147505,4.8621094836841365,True,True,False,21623.0,44.833333333333336,증가,증가,증가,증가 소비·증가 공급,증가 소비·증가 공급,False,증가 소비·증가 공급
경기도,가평군,8301,제과점,LOCALDATA,식품인허가 영업점,3.7159385758079897,4.669173676551151,0.0,3.715938575807947,4.66917367655117,True,True,False,33886.0,21.0,증가,증가,정체,증가 소비·정체 공급,증가 소비·정체 공급,False,증가 소비·정체 공급
경기도,고양시 덕양구,4010,편의점,국세청,가동사업자,2.4003794749862797,3.8297017626918657,-0.41455125311792,2.8266486354436458,4.261920862150731,True,True,True,2012138.0,400.0,증가,증가,감소,증가 소비·감소 공급,증가 소비·감소 공급,True,증가 소비·감소 공급
경기도,고양시 덕양구,4020,슈퍼마켓,국세청,가동사업자,-1.2366060060489807,0.5354176626263675,0.1597831071564229,-1.3941614786759722,0.3750353123948713,True,True,False,684308.0,213.66666666666663,감소,증가,정체,증가 소비·정체 공급,감소 소비·정체 공급,False,증가 소비·정체 공급
경기도,고양시 덕양구,8005,중국음식,LOCALDATA,식품인허가 영업점,-0.4720905157118231,0.6832565844010687,0.5270162725123386,-0.9938689371976972,0.1554212167853372,True,True,True,111116.0,185.33333333333337,감소,증가,증가,증가 소비·증가 공급,감소 소비·증가 공급,True,증가 소비·증가 공급
경기도,고양시 덕양구,8301,제과점,LOCALDATA,식품인허가 영업점,-1.9961866919608175,-1.0494564562995476,0.5567850907723084,-2.5388359228356037,-1.5973477529357312,True,True,True,308514.0,174.33333333333334,감소,감소,증가,감소 소비·증가 공급,감소 소비·증가 공급,True,감소 소비·증가 공급
경기도,고양시 일산동구,4010,편의점,국세청,가동사업자,2.063414676051775,3.4358247381484928,-0.4220740823479315,2.4960238280672273,3.874251029979072,True,True,True,1685600.0,290.8333333333333,증가,증가,감소,증가 소비·감소 공급,증가 소비·감소 공급,True,증가 소비·감소 공급
경기도,고양시 일산동구,4020,슈퍼마켓,국세청,가동사업자,-0.510855975843454,2.9088122709981463,0.4442816083644163,-0.9509128532891408,2.453629637417299,True,True,True,432122.0,135.5,감소,증가,증가,증가 소비·증가 공급,감소 소비·증가 공급,True,증가 소비·증가 공급
경기도,고양시 일산동구,8005,중국음식,LOCALDATA,식품인허가 영업점,-1.89755615661971,-0.8355582865660226,0.3551211237799837,-2.24470585573921,-1.1864660188864613,True,True,True,78732.0,120.83333333333331,감소,감소,증가,감소 소비·증가 공급,감소 소비·증가 공급,True,감소 소비·증가 공급
경기도,고양시 일산동구,8301,제과점,LOCALDATA,식품인허가 영업점,-0.6396474271459711,1.447994007136304,-0.1082505365787732,-0.5319727539277675,1.557931012395515,True,True,True,186030.0,132.83333333333334,감소,증가,정체,증가 소비·정체 공급,감소 소비·정체 공급,True,증가 소비·정체 공급
경기도,고양시 일산서구,4010,편의점,국세청,가동사업자,3.444047009853288,4.701884406606104,0.4688524723583206,2.961310360654795,4.213277876755296,True,True,True,1061742.0,195.33333333333337,증가,증가,증가,증가 소비·증가 공급,증가 소비·증가 공급,True,증가 소비·증가 공급
경기도,고양시 일산서구,4020,슈퍼마켓,국세청,가동사업자,-2.2390783056317365,0.2599254124093589,-0.805484452317121,-1.4452349965109546,1.074061261193744,True,True,True,476693.0,105.33333333333331,감소,증가,감소,증가 소비·감소 공급,감소 소비·감소 공급,True,증가 소비·감소 공급
경기도,고양시 일산서구,8005,중국음식,LOCALDATA,식품인허가 영업점,-0.543169484874553,0.0239903399499693,0.1014896743540805,-0.6440055600828832,-0.0774207603265682,True,False,False,55081.0,84.5,감소,정체,정체,정체 소비·정체 공급,감소 소비·정체 공급,False,정체 소비·정체 공급
경기도,고양시 일산서구,8301,제과점,LOCALDATA,식품인허가 영업점,-1.4971826690772314,0.6725707927936064,0.7000414878350179,-2.1819496044374995,-0.0272797256441246,True,True,True,180652.0,86.5,감소,증가,증가,증가 소비·증가 공급,감소 소비·증가 공급,True,증가 소비·증가 공급
경기도,과천시,4010,편의점,국세청,가동사업자,6.144739512131888,8.123198326083237,0.1893966543226747,5.944084959765304,7.91880372244788,True,True,False,467109.0,74.83333333333333,증가,증가,정체,증가 소비·정체 공급,증가 소비·정체 공급,False,증가 소비·정체 공급
경기도,과천시,4020,슈퍼마켓,국세청,가동사업자,0.1161359205126024,1.657507019468359,-2.1109724558280107,2.2751358678434292,3.849746564900643,False,True,True,69163.0,33.5,정체,증가,감소,증가 소비·감소 공급,정체 소비·감소 공급,True,증가 소비·감소 공급
경기도,과천시,8005,중국음식,LOCALDATA,식품인허가 영업점,0.7460452516419646,1.0812837810261413,0.1270857214670303,0.618173919389552,0.952986949219207,True,False,False,18446.0,22.833333333333332,증가,증가,정체,증가 소비·정체 공급,증가 소비·정체 공급,False,증가 소비·정체 공급
경기도,과천시,8301,제과점,LOCALDATA,식품인허가 영업점,1.677306625945219,3.961788933366993,0.5406035584908253,1.1305910519953215,3.40278977227926,True,True,False,54177.0,26.166666666666668,증가,증가,증가,증가 소비·증가 공급,증가 소비·증가 공급,False,증가 소비·증가 공급
경기도,광명시,4010,편의점,국세청,가동사업자,1.6609353527993154,2.636751334424768,0.1259488836307514,1.5330556027515008,2.5076441010432915,True,True,True,1335568.0,186.0,증가,증가,정체,증가 소비·정체 공급,증가 소비·정체 공급,True,증가 소비·정체 공급
경기도,광명시,4020,슈퍼마켓,국세청,가동사업자,-0.9507290931333464,1.224571348863343,-0.5942190424195162,-0.3586411648090683,1.8296625948333785,True,True,True,399587.0,124.33333333333331,감소,증가,감소,증가 소비·감소 공급,감소 소비·감소 공급,True,증가 소비·감소 공급
경기도,광명시,8005,중국음식,LOCALDATA,식품인허가 영업점,-0.3292486591895632,0.0410983705756903,0.0,-0.3292486591896036,0.0410983705757284,False,False,False,72831.0,78.0,감소,정체,정체,정체 소비·정체 공급,감소 소비·정체 공급,False,정체 소비·정체 공급
경기도,광명시,8301,제과점,LOCALDATA,식품인허가 영업점,-1.4588286273673277,0.1699700457017897,0.9665173340292588,-2.4021289685300253,-0.788922218335248,False,False,True,190237.0,86.5,감소,정체,증가,정체 소비·증가 공급,감소 소비·증가 공급,False,정체 소비·증가 공급
경기도,광주시,4010,편의점,국세청,가동사업자,3.112400894417848,4.3358530968532545,-0.2003994099688235,3.319452467545815,4.545361384216999,True,True,True,2062169.0,429.0,증가,증가,정체,증가 소비·정체 공급,증가 소비·정체 공급,True,증가 소비·정체 공급
경기도,광주시,4020,슈퍼마켓,국세청,가동사업자,-1.3681426818342008,0.4168550025446809,-0.048818770108011,-1.3199683040180046,0.4659012198981619,True,False,False,1247280.0,230.0,감소,증가,정체,증가 소비·정체 공급,감소 소비·정체 공급,False,증가 소비·정체 공급
경기도,광주시,8005,중국음식,LOCALDATA,식품인허가 영업점,-0.438224856152423,0.7568528704609129,-0.484865651088988,0.0468680419733965,1.2477685225206838,True,True,True,103695.0,158.16666666666666,감소,증가,감소,증가 소비·감소 공급,감소 소비·감소 공급,True,증가 소비·감소 공급
경기도,광주시,8301,제과점,LOCALDATA,식품인허가 영업점,-0.5607038007681652,1.3680843997924863,0.6441597132759888,-1.197151943517355,0.7192913017296289,True,True,True,149948.0,84.83333333333333,감소,증가,증가,증가 소비·증가 공급,감소 소비·증가 공급,True,증가 소비·증가 공급
경기도,구리시,4010,편의점,국세청,가동사업자,3.0391789586231015,4.004634474567557,-0.2709404596846694,3.319112236258108,4.2871906683566365,True,True,True,888593.0,168.66666666666666,증가,증가,감소,증가 소비·감소 공급,증가 소비·감소 공급,True,증가 소비·감소 공급
경기도,구리시,4020,슈퍼마켓,국세청,가동사업자,-2.116930299399222,-0.2454845607303918,-0.8766057322699524,-1.2512934774803672,0.6367025425248597,True,False,True,403918.0,84.33333333333333,감소,정체,감소,정체 소비·감소 공급,감소 소비·감소 공급,False,정체 소비·감소 공급
경기도,구리시,8005,중국음식,LOCALDATA,식품인허가 영업점,0.1133963087568442,1.0976348753883824,-0.3752556968181217,0.4904926070252747,1.4784384968900417,True,True,False,49132.0,75.33333333333333,정체,증가,감소,증가 소비·감소 공급,정체 소비·감소 공급,False,증가 소비·감소 공급
경기도,구리시,8301,제과점,LOCALDATA,식품인허가 영업점,0.4367945432749381,1.9997628224667112,0.0940533368694518,0.3424191497690969,1.9039187864473008,False,True,False,93018.0,56.0,증가,증가,정체,증가 소비·정체 공급,증가 소비·정체 공급,False,증가 소비·정체 공급
경기도,군포시,4010,편의점,국세청,가동사업자,2.9041212186657086,3.713702566112427,0.1578646049278897,2.741928079807201,3.550233399254802,True,True,True,1240044.0,201.16666666666663,증가,증가,정체,증가 소비·정체 공급,증가 소비·정체 공급,True,증가 소비·정체 공급
경기도,군포시,4020,슈퍼마켓,국세청,가동사업자,-0.5434510608288092,1.421919216404527,-1.702640426078624,1.17926805997073,3.1786811528069796,True,True,True,465640.0,120.83333333333331,감소,증가,감소,증가 소비·감소 공급,감소 소비·감소 공급,True,증가 소비·감소 공급
경기도,군포시,8005,중국음식,LOCALDATA,식품인허가 영업점,-0.7642500030081189,-0.0364408172901884,0.0,-0.7642500030081039,-0.0364408172901783,True,False,False,74596.0,108.0,감소,정체,정체,정체 소비·정체 공급,감소 소비·정체 공급,False,정체 소비·정체 공급
경기도,군포시,8301,제과점,LOCALDATA,식품인허가 영업점,-1.3808244715523874,0.1660180731675078,-0.3293795722069325,-1.0549195889747094,0.4970347763946665,True,False,False,200104.0,78.5,감소,정체,감소,정체 소비·감소 공급,감소 소비·감소 공급,False,정체 소비·감소 공급
경기도,김포시,4010,편의점,국세청,가동사업자,3.610785389318553,4.653577677977575,-0.1916292801919895,3.8097151993244225,4.854509620011246,True,True,True,2652744.0,493.5,증가,증가,정체,증가 소비·정체 공급,증가 소비·정체 공급,True,증가 소비·정체 공급
경기도,김포시,4020,슈퍼마켓,국세청,가동사업자,-1.0494198582091907,1.6275420995227083,0.3821877735137555,-1.4261570339082474,1.2406128553591254,True,True,False,1116078.0,288.6666666666667,감소,증가,증가,증가 소비·증가 공급,감소 소비·증가 공급,False,증가 소비·증가 공급
경기도,김포시,8005,중국음식,LOCALDATA,식품인허가 영업점,-1.2636751906309207,-0.1079579726213881,-0.3224082847116539,-0.944311444249046,0.2151439540220993,True,True,True,139326.0,203.83333333333337,감소,정체,감소,정체 소비·감소 공급,감소 소비·감소 공급,True,정체 소비·감소 공급
경기도,김포시,8301,제과점,LOCALDATA,식품인허가 영업점,-1.8811903602042237,0.3661256159455479,-0.5189969728622744,-1.3693000129586297,0.8897403141043696,True,True,True,287679.0,154.0,감소,증가,감소,증가 소비·감소 공급,감소 소비·감소 공급,True,증가 소비·감소 공급
경기도,남양주시,4010,편의점,국세청,가동사업자,3.1684968468771175,4.146866242124496,-0.2361822939407085,3.4127394270828906,4.39342502807911,True,True,True,2689040.0,631.3333333333334,증가,증가,정체,증가 소비·정체 공급,증가 소비·정체 공급,True,증가 소비·정체 공급
경기도,남양주시,4020,슈퍼마켓,국세청,가동사업자,-0.4728697112136369,1.4414729387909098,-0.2563249209358312,-0.2171012749491368,1.7021609223651992,True,True,True,1109760.0,323.5,감소,증가,감소,증가 소비·감소 공급,감소 소비·감소 공급,True,증가 소비·감소 공급
경기도,남양주시,8005,중국음식,LOCALDATA,식품인허가 영업점,-0.2271994920821882,0.276927168945406,0.306487454749291,-0.5320562611389132,-0.0294699640610983,False,False,True,136407.0,252.16666666666663,정체,증가,증가,증가 소비·증가 공급,정체 소비·증가 공급,False,증가 소비·증가 공급
경기도,남양주시,8301,제과점,LOCALDATA,식품인허가 영업점,0.424496828879491,2.057577351456677,-0.8996423286685465,1.336159816838948,2.9840655973542556,True,True,True,319406.0,262.5,증가,증가,감소,증가 소비·감소 공급,증가 소비·감소 공급,True,증가 소비·감소 공급
경기도,동두천시,4010,편의점,국세청,가동사업자,3.0755614122530264,4.667201188519673,0.904010153838446,2.152096091229506,3.729476191227557,True,True,True,457150.0,97.83333333333331,증가,증가,증가,증가 소비·증가 공급,증가 소비·증가 공급,True,증가 소비·증가 공급
경기도,동두천시,4020,슈퍼마켓,국세청,가동사업자,-3.284446008885427,0.235037291690234,0.5613772602663206,-3.8243542142409033,-0.3245181972114946,True,False,True,205091.0,61.333333333333336,감소,정체,증가,정체 소비·증가 공급,감소 소비·증가 공급,False,정체 소비·증가 공급
경기도,동두천시,8005,중국음식,LOCALDATA,식품인허가 영업점,0.0909660884002069,2.4882146122842266,-0.3003111497655349,0.3924558267714372,2.7969252403972957,False,True,False,18689.0,47.166666666666664,정체,증가,감소,증가 소비·감소 공급,정체 소비·감소 공급,False,증가 소비·감소 공급
경기도,동두천시,8301,제과점,LOCALDATA,식품인허가 영업점,-0.5591712077982272,1.5461584856655093,0.2839589460014468,-0.8407427894361891,1.2586255597903937,False,True,False,42375.0,22.0,감소,증가,증가,증가 소비·증가 공급,감소 소비·증가 공급,False,증가 소비·증가 공급
경기도,부천시 소사구,4010,편의점,국세청,가동사업자,2.588139875851921,3.7906555403388977,-0.2092223754125824,2.803227229863028,4.008264101116633,True,True,True,1119153.0,177.5,증가,증가,정체,증가 소비·정체 공급,증가 소비·정체 공급,True,증가 소비·정체 공급
경기도,부천시 소사구,4020,슈퍼마켓,국세청,가동사업자,-1.6915760380813507,0.0064218157027693,0.4777827402539591,-2.159043242368697,-0.4691195522991629,True,False,True,593681.0,118.66666666666669,감소,정체,증가,정체 소비·증가 공급,감소 소비·증가 공급,False,정체 소비·증가 공급
경기도,부천시 소사구,8005,중국음식,LOCALDATA,식품인허가 영업점,0.5454175296681617,2.756145575693888,0.0158827375256935,0.5294507008773072,2.73982767852936,False,True,True,69004.0,171.5,증가,증가,정체,증가 소비·정체 공급,증가 소비·정체 공급,True,증가 소비·정체 공급
경기도,부천시 소사구,8301,제과점,LOCALDATA,식품인허가 영업점,-0.8415190090055467,0.6286981339633956,1.4780319477675414,-2.2857665962294034,-0.8369632298755361,True,True,True,131824.0,61.666666666666664,감소,증가,증가,증가 소비·증가 공급,감소 소비·증가 공급,True,증가 소비·증가 공급
경기도,부천시 오정구,4010,편의점,국세청,가동사업자,2.8544659831101944,3.913496448611984,-0.0212381381678682,2.87631499703127,3.935570428665165,True,True,False,862512.0,133.16666666666666,증가,증가,정체,증가 소비·정체 공급,증가 소비·정체 공급,False,증가 소비·정체 공급
경기도,부천시 오정구,4020,슈퍼마켓,국세청,가동사업자,0.0076401418804967,1.8016571490449216,-0.6272848982359784,0.6389329701480542,2.444274612798395,False,True,True,682376.0,95.16666666666669,정체,증가,감소,증가 소비·감소 공급,정체 소비·감소 공급,True,증가 소비·감소 공급
경기도,부천시 오정구,8005,중국음식,LOCALDATA,식품인허가 영업점,-0.0862290939748939,0.5699949940139913,0.0,-0.086229093974899,0.5699949940139938,False,True,False,40158.0,58.0,정체,증가,정체,증가 소비·정체 공급,정체 소비·정체 공급,False,증가 소비·정체 공급
경기도,부천시 오정구,8301,제과점,LOCALDATA,식품인허가 영업점,-2.0045800174527297,-0.9172228467910608,0.3921809416656884,-2.3873980390077354,-1.304288617076235,True,True,False,78110.0,36.5,감소,감소,증가,감소 소비·증가 공급,감소 소비·증가 공급,False,감소 소비·증가 공급
경기도,부천시 원미구,4010,편의점,국세청,가동사업자,2.845016506382197,4.000084689470733,-0.1857498247941313,3.0364064508387965,4.19362416380167,True,True,True,2295358.0,354.5,증가,증가,정체,증가 소비·정체 공급,증가 소비·정체 공급,True,증가 소비·정체 공급
경기도,부천시 원미구,4020,슈퍼마켓,국세청,가동사업자,-0.1300756506183308,1.728413693294029,0.1149277031399855,-0.2447221002693425,1.611633776471737,True,True,False,1083690.0,198.0,정체,증가,정체,증가 소비·정체 공급,정체 소비·정체 공급,False,증가 소비·정체 공급
경기도,부천시 원미구,8005,중국음식,LOCALDATA,식품인허가 영업점,4.023332347227792,2.664494436302205,0.7540648283717598,3.2447996261243173,1.896131546836113,True,True,True,136412.0,235.66666666666663,증가,증가,증가,증가 소비·증가 공급,증가 소비·증가 공급,True,증가 소비·증가 공급
경기도,부천시 원미구,8301,제과점,LOCALDATA,식품인허가 영업점,-1.0227913944681128,0.1398157555773016,-0.2903036577623116,-0.7346203665003735,0.4313717011666491,True,True,True,305127.0,156.0,감소,정체,감소,정체 소비·감소 공급,감소 소비·감소 공급,True,정체 소비·감소 공급
경기도,성남시 분당구,4010,편의점,국세청,가동사업자,2.605418695747418,3.2028662836834405,0.467870852057476,2.127593454068046,2.7222587762941055,True,True,True,2596413.0,355.6666666666667,증가,증가,증가,증가 소비·증가 공급,증가 소비·증가 공급,True,증가 소비·증가 공급
경기도,성남시 분당구,4020,슈퍼마켓,국세청,가동사업자,-1.3548583723978005,0.8982228866008998,0.3097830166373309,-1.6595005382067496,0.5866226127375561,True,True,True,393172.0,139.83333333333334,감소,증가,증가,증가 소비·증가 공급,감소 소비·증가 공급,True,증가 소비·증가 공급
경기도,성남시 분당구,8005,중국음식,LOCALDATA,식품인허가 영업점,-1.8078832974532584,-0.928748695070058,0.6012945294559303,-2.39477815685942,-1.5208981471684475,True,True,True,151094.0,185.16666666666663,감소,감소,증가,감소 소비·증가 공급,감소 소비·증가 공급,True,감소 소비·증가 공급
경기도,성남시 분당구,8301,제과점,LOCALDATA,식품인허가 영업점,-0.0654061551067676,1.6945157774159287,0.2006543915747093,-0.2655277535831034,1.490869889934375,False,True,True,488634.0,228.33333333333337,정체,증가,정체,증가 소비·정체 공급,정체 소비·정체 공급,True,증가 소비·정체 공급
경기도,성남시 수정구,4010,편의점,국세청,가동사업자,2.6242694558303743,4.266895944041997,-0.4827470905852406,3.1220883370281403,4.772683023063895,True,True,True,1442069.0,224.66666666666663,증가,증가,감소,증가 소비·감소 공급,증가 소비·감소 공급,True,증가 소비·감소 공급
경기도,성남시 수정구,4020,슈퍼마켓,국세청,가동사업자,-2.360101633706451,-0.6483472622939861,-0.0646694143322411,-2.296917622548406,-0.5840555532674204,True,True,False,567265.0,132.83333333333334,감소,감소,정체,감소 소비·정체 공급,감소 소비·정체 공급,False,감소 소비·정체 공급
경기도,성남시 수정구,8005,중국음식,LOCALDATA,식품인허가 영업점,0.4496369051489744,1.9057705901641475,0.0429198319157762,0.4065425858386876,1.8620515688448465,True,True,True,89615.0,128.66666666666666,증가,증가,정체,증가 소비·정체 공급,증가 소비·정체 공급,True,증가 소비·정체 공급
경기도,성남시 수정구,8301,제과점,LOCALDATA,식품인허가 영업점,-1.6132089985741809,0.5848923931706509,0.3580810076853019,-1.9642563772303536,0.2260021148351929,True,True,True,182528.0,72.16666666666667,감소,증가,증가,증가 소비·증가 공급,감소 소비·증가 공급,True,증가 소비·증가 공급
경기도,성남시 중원구,4010,편의점,국세청,가동사업자,1.4828649625510355,2.7837698402548177,-0.0301500659586536,1.5134713411173533,2.8147685607911104,True,True,False,1225315.0,189.0,증가,증가,정체,증가 소비·정체 공급,증가 소비·정체 공급,False,증가 소비·정체 공급
경기도,성남시 중원구,4020,슈퍼마켓,국세청,가동사업자,-1.9745571331502656,-0.1834847328519706,0.3032087775647091,-2.2708804020080096,-0.4852222738915389,True,True,True,542211.0,113.33333333333331,감소,정체,증가,정체 소비·증가 공급,감소 소비·증가 공급,True,정체 소비·증가 공급
경기도,성남시 중원구,8005,중국음식,LOCALDATA,식품인허가 영업점,-0.6980958964880524,0.8513233137221468,0.4855958417028178,-1.177971557292182,0.3639600969232172,True,False,True,70925.0,94.66666666666669,감소,증가,증가,증가 소비·증가 공급,감소 소비·증가 공급,False,증가 소비·증가 공급
경기도,성남시 중원구,8301,제과점,LOCALDATA,식품인허가 영업점,0.3617696128873355,1.5999274668462848,-0.867892392803136,1.2404275823155897,2.4894253932620227,False,True,True,122657.0,61.833333333333336,증가,증가,감소,증가 소비·감소 공급,증가 소비·감소 공급,True,증가 소비·감소 공급
경기도,수원시 권선구,4010,편의점,국세청,가동사업자,2.2235198520681396,3.433319179129234,-0.1199725508900159,2.346307327710945,3.5575598252911163,True,True,False,1884711.0,332.6666666666667,증가,증가,정체,증가 소비·정체 공급,증가 소비·정체 공급,False,증가 소비·정체 공급
경기도,수원시 권선구,4020,슈퍼마켓,국세청,가동사업자,2.08856401289367,2.6071211627241793,-0.6601810526722928,2.7670123568711813,3.289015673693617,True,True,True,863463.0,164.66666666666666,증가,증가,감소,증가 소비·감소 공급,증가 소비·감소 공급,True,증가 소비·감소 공급
경기도,수원시 권선구,8005,중국음식,LOCALDATA,식품인허가 영업점,-0.1457529867036726,1.006306966940681,-1.417408142571419,1.2899388542216972,2.458562981400705,False,True,True,90148.0,123.33333333333331,정체,증가,감소,증가 소비·감소 공급,정체 소비·감소 공급,True,증가 소비·감소 공급
경기도,수원시 권선구,8301,제과점,LOCALDATA,식품인허가 영업점,-3.2377653097106665,0.7316163126587273,1.1100528613607856,-4.300084954987698,-0.3742818226205289,True,True,True,185353.0,100.83333333333331,감소,증가,증가,증가 소비·증가 공급,감소 소비·증가 공급,True,증가 소비·증가 공급
경기도,수원시 영통구,4010,편의점,국세청,가동사업자,3.5293230425707027,4.776825252882132,-0.1055188928620922,3.6386814317943896,4.887501383092284,True,True,True,1708785.0,299.5,증가,증가,정체,증가 소비·정체 공급,증가 소비·정체 공급,True,증가 소비·정체 공급
경기도,수원시 영통구,4020,슈퍼마켓,국세청,가동사업자,-0.7786111082989299,1.32839515527675,0.0737288326453142,-0.8517119836412,1.253741953324857,True,True,True,414704.0,152.0,감소,증가,정체,증가 소비·정체 공급,감소 소비·정체 공급,True,증가 소비·정체 공급
경기도,수원시 영통구,8005,중국음식,LOCALDATA,식품인허가 영업점,-1.4467178436848125,0.2936497310068954,0.5067818160299994,-1.9436495969899936,-0.212057416596246,True,True,True,98112.0,125.0,감소,증가,증가,증가 소비·증가 공급,감소 소비·증가 공급,True,증가 소비·증가 공급
경기도,수원시 영통구,8301,제과점,LOCALDATA,식품인허가 영업점,0.1948547446918963,2.3693344221849655,1.117829879897979,-0.9127718981927972,1.2376695027706188,False,True,True,288049.0,151.0,정체,증가,증가,증가 소비·증가 공급,정체 소비·증가 공급,True,증가 소비·증가 공급
경기도,수원시 장안구,4010,편의점,국세청,가동사업자,4.165098380165814,5.73862779393221,-0.54826340484535,4.739345884122841,6.321549943738083,True,True,True,1415134.0,218.66666666666663,증가,증가,감소,증가 소비·감소 공급,증가 소비·감소 공급,True,증가 소비·감소 공급
경기도,수원시 장안구,4020,슈퍼마켓,국세청,가동사업자,-3.4656876376624153,-0.8180852266213491,0.7997600667519315,-4.231605017303337,-1.6050090717496857,True,True,True,614536.0,121.66666666666669,감소,감소,증가,감소 소비·증가 공급,감소 소비·증가 공급,True,감소 소비·증가 공급
경기도,수원시 장안구,8005,중국음식,LOCALDATA,식품인허가 영업점,0.2889903172012071,2.1422329570400693,0.0350053005643006,0.2538961395301428,2.106490273224284,False,True,False,86638.0,84.83333333333333,증가,증가,정체,증가 소비·정체 공급,증가 소비·정체 공급,False,증가 소비·정체 공급
경기도,수원시 장안구,8301,제과점,LOCALDATA,식품인허가 영업점,-1.2323242197605535,0.7661294208200377,0.3915067056388089,-1.61749831104799,0.3731617618606642,True,False,False,166404.0,87.0,감소,증가,증가,증가 소비·증가 공급,감소 소비·증가 공급,False,증가 소비·증가 공급
경기도,수원시 팔달구,4010,편의점,국세청,가동사업자,2.4668534025394044,3.427478751162815,-0.0335417433481977,2.501234103411111,3.4621817706347464,True,True,False,1912483.0,256.5,증가,증가,정체,증가 소비·정체 공급,증가 소비·정체 공급,False,증가 소비·정체 공급
경기도,수원시 팔달구,4020,슈퍼마켓,국세청,가동사업자,-1.1558141658581216,1.0050979037093666,0.2719008245043426,-1.42384354801575,0.7312089161332034,True,True,False,527208.0,144.33333333333334,감소,증가,증가,증가 소비·증가 공급,감소 소비·증가 공급,False,증가 소비·증가 공급
경기도,수원시 팔달구,8005,중국음식,LOCALDATA,식품인허가 영업점,-0.3182455167904176,1.3840417129950666,0.4854825472675992,-0.7998449563895504,0.8942178939179415,True,True,True,136949.0,146.16666666666666,감소,증가,증가,증가 소비·증가 공급,감소 소비·증가 공급,True,증가 소비·증가 공급
경기도,수원시 팔달구,8301,제과점,LOCALDATA,식품인허가 영업점,-1.1106335537854417,0.7510758148903502,1.7414898559306655,-2.8033041522733613,-0.9734613110568556,False,True,True,165433.0,97.83333333333331,감소,증가,증가,증가 소비·증가 공급,감소 소비·증가 공급,True,증가 소비·증가 공급
경기도,시흥시,4010,편의점,국세청,가동사업자,2.8237726752775885,4.136382455313735,0.0622441637546176,2.759810690437469,4.0716039557254735,True,True,True,3987475.0,552.3333333333334,증가,증가,정체,증가 소비·정체 공급,증가 소비·정체 공급,True,증가 소비·정체 공급
경기도,시흥시,4020,슈퍼마켓,국세청,가동사업자,-1.4500779604338192,0.9880300535840528,-0.25582704394148,-1.1973139694270678,1.2470473819794183,True,True,True,2050755.0,356.6666666666667,감소,증가,감소,증가 소비·감소 공급,감소 소비·감소 공급,True,증가 소비·감소 공급
경기도,시흥시,8005,중국음식,LOCALDATA,식품인허가 영업점,0.2384185754722059,1.444310969128346,-0.1459816543951577,0.3849622040616641,1.5926175529755326,True,True,True,285560.0,293.5,정체,증가,정체,증가 소비·정체 공급,정체 소비·정체 공급,True,증가 소비·정체 공급
경기도,시흥시,8301,제과점,LOCALDATA,식품인허가 영업점,-0.4465996212043975,1.308038379261618,-0.5523834702026014,0.1063714271789769,1.870755594134125,False,True,True,349441.0,139.83333333333334,감소,증가,감소,증가 소비·감소 공급,감소 소비·감소 공급,True,증가 소비·감소 공급
경기도,안산시 단원구,4010,편의점,국세청,가동사업자,3.111833992484332,4.451918462113113,-0.1529795537579479,3.269815695702251,4.611953361543058,True,True,True,3143190.0,372.6666666666667,증가,증가,정체,증가 소비·정체 공급,증가 소비·정체 공급,True,증가 소비·정체 공급
경기도,안산시 단원구,4020,슈퍼마켓,국세청,가동사업자,-1.0701293319373275,1.688164257540261,-0.6241466706664559,-0.4487837299800802,2.3268337838002533,True,True,True,1675885.0,256.3333333333333,감소,증가,감소,증가 소비·감소 공급,감소 소비·감소 공급,True,증가 소비·감소 공급
경기도,안산시 단원구,8005,중국음식,LOCALDATA,식품인허가 영업점,0.1483700897527486,1.159529836985252,0.6657275326390002,-0.513936029239473,0.4905366666983487,False,True,True,265997.0,266.0,정체,증가,증가,증가 소비·증가 공급,정체 소비·증가 공급,True,증가 소비·증가 공급
경기도,안산시 단원구,8301,제과점,LOCALDATA,식품인허가 영업점,-0.7844034220535544,1.2343535162432462,-0.550350787790773,-0.2353478731365998,1.79458079356895,False,True,True,266574.0,103.66666666666669,감소,증가,감소,증가 소비·감소 공급,감소 소비·감소 공급,True,증가 소비·감소 공급
경기도,안산시 상록구,4010,편의점,국세청,가동사업자,3.2785589981189585,4.769742152791004,0.3189433277953905,2.9502061845417336,4.436648430847725,True,True,True,2218306.0,314.5,증가,증가,증가,증가 소비·증가 공급,증가 소비·증가 공급,True,증가 소비·증가 공급
경기도,안산시 상록구,4020,슈퍼마켓,국세청,가동사업자,-1.7986692524065182,1.026009539843677,-0.5539876661811548,-1.2516153810644743,1.588798956283055,True,True,True,1404409.0,185.33333333333337,감소,증가,감소,증가 소비·감소 공급,감소 소비·감소 공급,True,증가 소비·감소 공급
경기도,안산시 상록구,8005,중국음식,LOCALDATA,식품인허가 영업점,0.8297756401729481,2.114229184002016,-0.4013091970597777,1.236045200301323,2.5256741436881667,True,True,True,108517.0,149.16666666666666,증가,증가,감소,증가 소비·감소 공급,증가 소비·감소 공급,True,증가 소비·감소 공급
경기도,안산시 상록구,8301,제과점,LOCALDATA,식품인허가 영업점,-1.1344414300025796,0.8251415683965421,0.9688837367519656,-2.083141943252882,-0.1423628379711426,False,True,True,201282.0,95.66666666666669,감소,증가,증가,증가 소비·증가 공급,감소 소비·증가 공급,True,증가 소비·증가 공급
경기도,안성시,4010,편의점,국세청,가동사업자,5.306630075073197,6.95205277053296,0.1519196259789373,5.146891311064924,6.789818078324794,True,True,True,1600216.0,320.1666666666667,증가,증가,정체,증가 소비·정체 공급,증가 소비·정체 공급,True,증가 소비·정체 공급
경기도,안성시,4020,슈퍼마켓,국세청,가동사업자,-1.1247274816322368,1.259906251921155,-0.3656503025493073,-0.7618629332031956,1.6315222204055266,True,True,True,599317.0,156.33333333333334,감소,증가,감소,증가 소비·감소 공급,감소 소비·감소 공급,True,증가 소비·감소 공급
경기도,안성시,8005,중국음식,LOCALDATA,식품인허가 영업점,2.1724177874419084,3.828890861350706,0.4308844037078553,1.7340615828229509,3.383427794963646,True,True,True,82545.0,112.83333333333331,증가,증가,증가,증가 소비·증가 공급,증가 소비·증가 공급,True,증가 소비·증가 공급
경기도,안성시,8301,제과점,LOCALDATA,식품인허가 영업점,1.8096795179984897,3.286270782778854,-0.910239655400054,2.744904381582516,4.23505963036431,True,True,True,80294.0,50.0,증가,증가,감소,증가 소비·감소 공급,증가 소비·감소 공급,True,증가 소비·감소 공급
경기도,안양시 동안구,4010,편의점,국세청,가동사업자,3.0463143018386143,3.726358857581628,0.1556360374270575,2.886186318392843,3.5651741244199537,True,True,False,1678587.0,256.6666666666667,증가,증가,정체,증가 소비·정체 공급,증가 소비·정체 공급,False,증가 소비·정체 공급
경기도,안양시 동안구,4020,슈퍼마켓,국세청,가동사업자,-1.3792151162927426,0.1318020597911389,0.2959682415284199,-1.6702399779291788,-0.1636817357821782,True,False,True,433842.0,154.0,감소,정체,증가,정체 소비·증가 공급,감소 소비·증가 공급,False,정체 소비·증가 공급
경기도,안양시 동안구,8005,중국음식,LOCALDATA,식품인허가 영업점,-0.2260882761287802,0.6067539379503631,0.8642567319353823,-1.0810023722892887,-0.2552963778530395,False,True,True,98814.0,129.5,정체,증가,증가,증가 소비·증가 공급,정체 소비·증가 공급,True,증가 소비·증가 공급
경기도,안양시 동안구,8301,제과점,LOCALDATA,식품인허가 영업점,-0.907518720413772,1.371575713998093,-0.5786209538251558,-0.3308119136387301,1.961546587396952,True,True,True,277152.0,132.5,감소,증가,감소,증가 소비·감소 공급,감소 소비·감소 공급,True,증가 소비·감소 공급
경기도,안양시 만안구,4010,편의점,국세청,가동사업자,2.980705213228408,4.507379548006176,0.0285607926821279,2.951301505441858,4.477539934426118,True,True,False,1316265.0,195.33333333333337,증가,증가,정체,증가 소비·정체 공급,증가 소비·정체 공급,False,증가 소비·정체 공급
경기도,안양시 만안구,4020,슈퍼마켓,국세청,가동사업자,-0.7421590393048882,1.278129378537987,-0.075407942839216,-0.6672542591760542,1.3545587662774063,True,True,False,757920.0,151.33333333333334,감소,증가,정체,증가 소비·정체 공급,감소 소비·정체 공급,False,증가 소비·정체 공급
경기도,안양시 만안구,8005,중국음식,LOCALDATA,식품인허가 영업점,0.8728200300917471,2.024771654433475,0.535583587203892,0.3354398819352865,1.4812547101175224,True,True,True,80431.0,118.0,증가,증가,증가,증가 소비·증가 공급,증가 소비·증가 공급,True,증가 소비·증가 공급
경기도,안양시 만안구,8301,제과점,LOCALDATA,식품인허가 영업점,-1.1901242593868036,0.6399207129385968,0.0777768136657423,-1.2669157063842595,0.5617070214494573,True,True,False,159158.0,73.0,감소,증가,정체,증가 소비·정체 공급,감소 소비·정체 공급,False,증가 소비·정체 공급
경기도,양주시,4010,편의점,국세청,가동사업자,3.731634380155562,4.778471069533409,-0.1801013932944318,3.9187935752794223,4.9675190338199195,True,True,True,1300600.0,316.3333333333333,증가,증가,정체,증가 소비·정체 공급,증가 소비·정체 공급,True,증가 소비·정체 공급
경기도,양주시,4020,슈퍼마켓,국세청,가동사업자,-1.8708476693159553,1.389755170830814,-0.2796185489824009,-1.5956909682652505,1.674054687238821,True,True,True,558149.0,142.33333333333334,감소,증가,감소,증가 소비·감소 공급,감소 소비·감소 공급,True,증가 소비·감소 공급
경기도,양주시,8005,중국음식,LOCALDATA,식품인허가 영업점,1.126837479946741,1.7023831127156588,0.4044405236701557,0.7194870590471975,1.29271432844601,True,True,True,86230.0,134.5,증가,증가,증가,증가 소비·증가 공급,증가 소비·증가 공급,True,증가 소비·증가 공급
경기도,양주시,8301,제과점,LOCALDATA,식품인허가 영업점,0.0559609643605034,2.166641571000565,0.6684509123757434,-0.6084229393261501,1.4882424881345253,False,True,True,139806.0,68.33333333333333,정체,증가,증가,증가 소비·증가 공급,정체 소비·증가 공급,True,증가 소비·증가 공급
경기도,양평군,4010,편의점,국세청,가동사업자,7.617837787630415,8.668094130541776,-0.1915736962120869,7.824400978002505,8.876673197699365,True,True,False,428275.0,150.0,증가,증가,정체,증가 소비·정체 공급,증가 소비·정체 공급,False,증가 소비·정체 공급
경기도,양평군,4020,슈퍼마켓,국세청,가동사업자,1.4231663725329675,3.298734172192188,0.0805042945370019,1.3415820468334914,3.2156411484337797,True,True,False,237593.0,69.66666666666667,증가,증가,정체,증가 소비·정체 공급,증가 소비·정체 공급,False,증가 소비·정체 공급
경기도,양평군,8005,중국음식,LOCALDATA,식품인허가 영업점,3.7097191931117255,3.790902100121242,-0.7416266595818893,4.4846048780461185,4.566394357641023,True,True,True,22004.0,41.833333333333336,증가,증가,감소,증가 소비·감소 공급,증가 소비·감소 공급,True,증가 소비·감소 공급
경기도,양평군,8301,제과점,LOCALDATA,식품인허가 영업점,3.467189825655348,4.3595842383592975,1.4580421984500558,1.9802743909402785,2.859844303159202,True,True,True,44410.0,45.5,증가,증가,증가,증가 소비·증가 공급,증가 소비·증가 공급,True,증가 소비·증가 공급
경기도,여주시,4010,편의점,국세청,가동사업자,3.7383592035740145,4.582912555627882,-0.3642954710977021,4.117655105737339,4.965296376551954,True,True,True,748470.0,180.83333333333337,증가,증가,감소,증가 소비·감소 공급,증가 소비·감소 공급,True,증가 소비·감소 공급
경기도,여주시,4020,슈퍼마켓,국세청,가동사업자,3.305897000938397,5.2667683874810205,-0.3664074401729472,3.685809521428465,5.653892109000694,True,True,True,144130.0,69.83333333333333,증가,증가,감소,증가 소비·감소 공급,증가 소비·감소 공급,True,증가 소비·감소 공급
경기도,여주시,8005,중국음식,LOCALDATA,식품인허가 영업점,-0.3116553143418867,0.8572882292608753,0.0,-0.3116553143418817,0.8572882292608472,False,True,False,36072.0,60.0,감소,증가,정체,증가 소비·정체 공급,감소 소비·정체 공급,False,증가 소비·정체 공급
경기도,여주시,8301,제과점,LOCALDATA,식품인허가 영업점,2.6527789963591,3.23613150096475,-0.1756835449985206,2.8334404299503837,3.41781959258518,True,True,False,40579.0,32.666666666666664,증가,증가,정체,증가 소비·정체 공급,증가 소비·정체 공급,False,증가 소비·정체 공급
경기도,연천군,4010,편의점,국세청,가동사업자,3.934305685746729,5.281386617248732,-0.6945789176489687,4.661260737776902,6.017763652542217,True,True,True,149645.0,61.5,증가,증가,감소,증가 소비·감소 공급,증가 소비·감소 공급,True,증가 소비·감소 공급
경기도,연천군,4020,슈퍼마켓,국세청,가동사업자,-0.046619659150932,1.6945328093802725,1.0260707140422298,-1.0617955995036716,0.6616728638592124,False,True,True,54596.0,28.0,정체,증가,증가,증가 소비·증가 공급,정체 소비·증가 공급,True,증가 소비·증가 공급
경기도,연천군,8005,중국음식,LOCALDATA,식품인허가 영업점,1.8572830114637204,1.416778741932584,0.4449942216344905,1.406032028547884,0.9674792933471944,True,True,False,9633.0,26.0,증가,증가,증가,증가 소비·증가 공급,증가 소비·증가 공급,False,증가 소비·증가 공급
경기도,연천군,8301,제과점,LOCALDATA,식품인허가 영업점,-4.13293923034019,-2.329860035221731,0.0,-4.132939230340204,-2.329860035221726,True,True,False,12122.0,11.0,감소,감소,정체,감소 소비·정체 공급,감소 소비·정체 공급,False,감소 소비·정체 공급
경기도,오산시,4010,편의점,국세청,가동사업자,3.079769859104975,4.20834772872424,0.1916293105697165,2.882616610198803,4.00903593024091,True,True,True,1684228.0,281.8333333333333,증가,증가,정체,증가 소비·정체 공급,증가 소비·정체 공급,True,증가 소비·정체 공급
경기도,오산시,4020,슈퍼마켓,국세청,가동사업자,-1.465937331838693,0.9335724680248508,-0.3951857118813729,-1.0749998658298212,1.334030076159434,True,True,True,627312.0,129.66666666666666,감소,증가,감소,증가 소비·감소 공급,감소 소비·감소 공급,True,증가 소비·감소 공급
경기도,오산시,8005,중국음식,LOCALDATA,식품인허가 영업점,-0.1075373732716767,0.790052883740438,0.1143527403968078,-0.2216366660671582,0.6749283442862444,False,True,False,117640.0,150.33333333333334,정체,증가,정체,증가 소비·정체 공급,정체 소비·정체 공급,False,증가 소비·정체 공급
경기도,오산시,8301,제과점,LOCALDATA,식품인허가 영업점,0.1410763314024851,1.8912325916818615,-0.3380400964981789,0.4807415270225434,2.2368340842770267,True,True,True,150030.0,76.16666666666667,정체,증가,감소,증가 소비·감소 공급,정체 소비·감소 공급,True,증가 소비·감소 공급
경기도,용인시 기흥구,4010,편의점,국세청,가동사업자,3.6426134877823304,5.069301595156107,-0.0764713118037479,3.721931009053076,5.14971095848393,True,True,False,1620101.0,341.8333333333333,증가,증가,정체,증가 소비·정체 공급,증가 소비·정체 공급,False,증가 소비·정체 공급
경기도,용인시 기흥구,4020,슈퍼마켓,국세청,가동사업자,-1.8729107468391024,0.6281656419123793,-0.2931632467690694,-1.584392356142877,0.9240378279793376,True,True,True,448843.0,164.5,감소,증가,감소,증가 소비·감소 공급,감소 소비·감소 공급,True,증가 소비·감소 공급
경기도,용인시 기흥구,8005,중국음식,LOCALDATA,식품인허가 영업점,-0.0932961714583558,0.7993796309960496,0.1202239404759218,-0.2132637178890413,0.6783401632460323,False,False,False,87668.0,119.16666666666669,정체,증가,정체,증가 소비·정체 공급,정체 소비·정체 공급,False,증가 소비·정체 공급
경기도,용인시 기흥구,8301,제과점,LOCALDATA,식품인허가 영업점,-0.1149976049177369,1.4382683853794682,0.4577694291580242,-0.5701570294965205,0.976030984754104,True,True,True,255402.0,119.5,정체,증가,증가,증가 소비·증가 공급,정체 소비·증가 공급,True,증가 소비·증가 공급
경기도,용인시 수지구,4010,편의점,국세청,가동사업자,3.0789300090674865,4.290530050044532,-0.2711613014531572,3.359200161396706,4.57409452574341,True,True,True,1080922.0,220.83333333333337,증가,증가,감소,증가 소비·감소 공급,증가 소비·감소 공급,True,증가 소비·감소 공급
경기도,용인시 수지구,4020,슈퍼마켓,국세청,가동사업자,0.6074754640238778,0.7889051784246811,0.1123916183436377,0.4945280376155626,0.6757540691466936,False,True,False,346806.0,102.0,증가,증가,정체,증가 소비·정체 공급,증가 소비·정체 공급,False,증가 소비·정체 공급
경기도,용인시 수지구,8005,중국음식,LOCALDATA,식품인허가 영업점,-1.5065977229164362,-0.2935083754355316,0.2338146789777413,-1.736352554742388,-0.5260929718200824,True,True,True,70981.0,97.66666666666669,감소,감소,정체,감소 소비·정체 공급,감소 소비·정체 공급,True,감소 소비·정체 공급
경기도,용인시 수지구,8301,제과점,LOCALDATA,식품인허가 영업점,1.41886403750761,2.774966785737205,0.8271722976476419,0.5868375819498731,1.931815049161138,True,True,True,206962.0,111.66666666666669,증가,증가,증가,증가 소비·증가 공급,증가 소비·증가 공급,True,증가 소비·증가 공급
경기도,용인시 처인구,4010,편의점,국세청,가동사업자,5.544750857863498,7.420520584156129,0.4358653517843313,5.086714280984084,6.954343657922883,True,True,True,1966322.0,434.0,증가,증가,증가,증가 소비·증가 공급,증가 소비·증가 공급,True,증가 소비·증가 공급
경기도,용인시 처인구,4020,슈퍼마켓,국세청,가동사업자,1.4211383012906955,2.4368472354717694,0.1625586476450264,1.2565370440197463,2.270597535180103,True,True,True,475939.0,192.83333333333337,증가,증가,정체,증가 소비·정체 공급,증가 소비·정체 공급,True,증가 소비·정체 공급
경기도,용인시 처인구,8005,중국음식,LOCALDATA,식품인허가 영업점,1.2225356120133848,1.6473708916189422,0.4698979439669732,0.7491175799404278,1.1719659039652557,True,True,True,92330.0,134.0,증가,증가,증가,증가 소비·증가 공급,증가 소비·증가 공급,True,증가 소비·증가 공급
경기도,용인시 처인구,8301,제과점,LOCALDATA,식품인허가 영업점,0.0279112163346691,3.098215268254852,0.2953703287591545,-0.2666714441033305,2.794590548205974,True,True,True,130103.0,77.66666666666667,정체,증가,증가,증가 소비·증가 공급,정체 소비·증가 공급,True,증가 소비·증가 공급
경기도,의왕시,4010,편의점,국세청,가동사업자,3.890337349991879,5.131736231691055,1.8726803365795497,1.9805673186826207,3.199146114879692,True,True,True,593001.0,113.16666666666669,증가,증가,증가,증가 소비·증가 공급,증가 소비·증가 공급,True,증가 소비·증가 공급
경기도,의왕시,4020,슈퍼마켓,국세청,가동사업자,-0.1339277800906955,1.070282108609303,0.3564795696181383,-0.4886653575453578,0.7112670173887519,False,True,False,210121.0,56.833333333333336,정체,증가,증가,증가 소비·증가 공급,정체 소비·증가 공급,False,증가 소비·증가 공급
경기도,의왕시,8005,중국음식,LOCALDATA,식품인허가 영업점,-0.802186699527331,0.1503240844949794,-0.665715310879853,-0.1373859882059561,0.8215083019208689,True,True,True,32709.0,38.5,감소,정체,감소,정체 소비·감소 공급,감소 소비·감소 공급,True,정체 소비·감소 공급
경기도,의왕시,8301,제과점,LOCALDATA,식품인허가 영업점,2.258034068191732,2.899553991961754,0.9576083850242546,1.2880908174924222,1.923525762943454,True,True,True,75527.0,50.833333333333336,증가,증가,증가,증가 소비·증가 공급,증가 소비·증가 공급,True,증가 소비·증가 공급
경기도,의정부시,4010,편의점,국세청,가동사업자,2.3338960448627124,3.360720422180847,-0.1735414959835554,2.5117965501554864,3.5404059916862587,True,True,True,2378720.0,429.0,증가,증가,정체,증가 소비·정체 공급,증가 소비·정체 공급,True,증가 소비·정체 공급
경기도,의정부시,4020,슈퍼마켓,국세청,가동사업자,-0.1937910717516383,0.3371848784588154,0.3020017975505796,-0.4943000741928667,0.0350771472928818,False,True,True,970572.0,208.66666666666663,정체,증가,증가,증가 소비·증가 공급,정체 소비·증가 공급,True,증가 소비·증가 공급
경기도,의정부시,8005,중국음식,LOCALDATA,식품인허가 영업점,-0.9245562222966854,0.371841876488688,0.7093834237928244,-1.6224303938131843,-0.3351639498017489,True,True,True,108287.0,181.5,감소,증가,증가,증가 소비·증가 공급,감소 소비·증가 공급,True,증가 소비·증가 공급
경기도,의정부시,8301,제과점,LOCALDATA,식품인허가 영업점,-1.8022775157053983,0.3721650441826357,0.8686203160708613,-2.6478976547979256,-0.4921800955862906,False,False,True,278380.0,165.66666666666666,감소,증가,증가,증가 소비·증가 공급,감소 소비·증가 공급,False,증가 소비·증가 공급
경기도,이천시,4010,편의점,국세청,가동사업자,3.032836113932607,3.71935745276968,-0.4952649299915854,3.5456614616801296,4.235599823260663,True,True,True,1495972.0,355.6666666666667,증가,증가,감소,증가 소비·감소 공급,증가 소비·감소 공급,True,증가 소비·감소 공급
경기도,이천시,4020,슈퍼마켓,국세청,가동사업자,-0.5058482757216287,1.467751195746728,-0.7655595316604299,0.2617148388333022,2.2505399505121475,True,True,True,406315.0,100.16666666666669,감소,증가,감소,증가 소비·감소 공급,감소 소비·감소 공급,True,증가 소비·감소 공급
경기도,이천시,8005,중국음식,LOCALDATA,식품인허가 영업점,-0.3229105677928938,0.8266917634972332,0.2496618596748792,-0.5711464925131045,0.5755928679640391,False,True,True,82077.0,149.16666666666666,감소,증가,정체,증가 소비·정체 공급,감소 소비·정체 공급,True,증가 소비·정체 공급
경기도,이천시,8301,제과점,LOCALDATA,식품인허가 영업점,-2.5913786965589045,-0.2833548040980914,0.3289615838352581,-2.910764981808225,-0.6103087067453353,True,False,True,107037.0,87.0,감소,감소,증가,감소 소비·증가 공급,감소 소비·증가 공급,False,감소 소비·증가 공급
경기도,파주시,4010,편의점,국세청,가동사업자,3.127799508831711,4.2213274683910225,0.0359661957061578,3.0907216981108783,4.1838564986684945,True,True,False,2403169.0,544.5,증가,증가,정체,증가 소비·정체 공급,증가 소비·정체 공급,False,증가 소비·정체 공급
경기도,파주시,4020,슈퍼마켓,국세청,가동사업자,0.3653101112813316,2.518449880745086,0.3668517034940214,-0.0015359575263826,2.1437338530926344,True,True,True,904496.0,305.1666666666667,증가,증가,증가,증가 소비·증가 공급,증가 소비·증가 공급,True,증가 소비·증가 공급
경기도,파주시,8005,중국음식,LOCALDATA,식품인허가 영업점,-1.3219798125897897,-0.3378396842594904,0.2005949738206818,-1.5195266922399542,-0.5373567474533097,True,True,True,131892.0,228.0,감소,감소,정체,감소 소비·정체 공급,감소 소비·정체 공급,True,감소 소비·정체 공급
경기도,파주시,8301,제과점,LOCALDATA,식품인허가 영업점,-1.3681075635469724,0.3258269500196837,-0.2097583136910323,-1.1607840909908038,0.5367110597790791,True,False,True,252566.0,178.16666666666666,감소,증가,정체,증가 소비·정체 공급,감소 소비·정체 공급,False,증가 소비·정체 공급
경기도,평택시,4010,편의점,국세청,가동사업자,4.522800491569913,5.755919965005107,0.0983524618966672,4.42010075176557,5.652008613490432,True,True,True,4988090.0,873.0,증가,증가,정체,증가 소비·정체 공급,증가 소비·정체 공급,True,증가 소비·정체 공급
경기도,평택시,4020,슈퍼마켓,국세청,가동사업자,-0.3414110845198405,1.6424476213890014,-0.7669316666971798,0.4288092561524784,2.428000391959654,True,True,True,1510691.0,444.0,감소,증가,감소,증가 소비·감소 공급,감소 소비·감소 공급,True,증가 소비·감소 공급
경기도,평택시,8005,중국음식,LOCALDATA,식품인허가 영업점,0.2729676462309259,1.6943483492500646,-0.0444979232856421,0.3176068979903552,1.7396203674722757,True,True,True,225898.0,383.6666666666667,증가,증가,정체,증가 소비·정체 공급,증가 소비·정체 공급,True,증가 소비·정체 공급
경기도,평택시,8301,제과점,LOCALDATA,식품인허가 영업점,-0.6950035163563199,2.029221659057757,0.2992125843834144,-0.991250155531661,1.7248481120615629,False,True,True,298129.0,182.5,감소,증가,증가,증가 소비·증가 공급,감소 소비·증가 공급,True,증가 소비·증가 공급
경기도,포천시,4010,편의점,국세청,가동사업자,5.418455564365911,7.127773653425168,-0.1959542953628444,5.625433137594658,7.338107285211725,True,True,True,993535.0,276.1666666666667,증가,증가,정체,증가 소비·정체 공급,증가 소비·정체 공급,True,증가 소비·정체 공급
경기도,포천시,4020,슈퍼마켓,국세청,가동사업자,-0.2458052019391291,1.4350200556228436,2.748785123369788,-2.914477598653169,-1.2786185901560685,True,True,True,304717.0,186.33333333333337,정체,증가,증가,증가 소비·증가 공급,정체 소비·증가 공급,True,증가 소비·증가 공급
경기도,포천시,8005,중국음식,LOCALDATA,식품인허가 영업점,2.941271219177674,3.36600351268571,0.3310196676400753,2.601639612738329,3.0249705974278083,True,True,True,57474.0,103.66666666666669,증가,증가,증가,증가 소비·증가 공급,증가 소비·증가 공급,True,증가 소비·증가 공급
경기도,포천시,8301,제과점,LOCALDATA,식품인허가 영업점,-2.7698768257189776,0.693842283660901,1.0636301821256438,-3.793161794145245,-0.3658961169298347,True,True,True,45053.0,35.5,감소,증가,증가,증가 소비·증가 공급,감소 소비·증가 공급,True,증가 소비·증가 공급
경기도,하남시,4010,편의점,국세청,가동사업자,2.545696534633055,3.6365301965979384,-0.1280133212202196,2.6771369477737497,3.769368812023459,True,True,True,1346501.0,269.0,증가,증가,정체,증가 소비·정체 공급,증가 소비·정체 공급,True,증가 소비·정체 공급
경기도,하남시,4020,슈퍼마켓,국세청,가동사업자,1.5215128337420256,2.712293075148955,8.198495344038746e-06,1.5215045105061844,2.712284654287074,True,True,False,585316.0,140.66666666666666,증가,증가,정체,증가 소비·정체 공급,증가 소비·정체 공급,False,증가 소비·정체 공급
경기도,하남시,8005,중국음식,LOCALDATA,식품인허가 영업점,-2.297853122431748,0.1647623220510566,-0.7520129772354455,-1.5575531469890116,0.923721807149802,True,False,True,86123.0,114.0,감소,정체,감소,정체 소비·감소 공급,감소 소비·감소 공급,False,정체 소비·감소 공급
경기도,하남시,8301,제과점,LOCALDATA,식품인허가 영업점,0.828943023016821,2.5518287243789115,0.4296808292998821,0.3975539804767347,2.1130684450606165,True,True,True,182950.0,105.66666666666669,증가,증가,증가,증가 소비·증가 공급,증가 소비·증가 공급,True,증가 소비·증가 공급
경기도,화성시 동탄구,4010,편의점,국세청,가동사업자,3.4788592554795708,4.627242831209153,-0.1082660912767916,3.5910131963813527,4.740641429663279,True,True,False,1659594.0,349.8333333333333,증가,증가,정체,증가 소비·정체 공급,증가 소비·정체 공급,False,증가 소비·정체 공급
경기도,화성시 동탄구,4020,슈퍼마켓,국세청,가동사업자,-2.105543715421654,0.6240166515567879,0.3205119131133349,-2.4183046739595615,0.3025350774787842,True,True,True,205690.0,152.5,감소,증가,증가,증가 소비·증가 공급,감소 소비·증가 공급,True,증가 소비·증가 공급
경기도,화성시 동탄구,8005,중국음식,LOCALDATA,식품인허가 영업점,-0.6129901905047702,1.4986532274051945,0.4064938076392108,-1.01535663629198,1.087737832832162,True,True,True,87903.0,154.66666666666666,감소,증가,증가,증가 소비·증가 공급,감소 소비·증가 공급,True,증가 소비·증가 공급
경기도,화성시 동탄구,8301,제과점,LOCALDATA,식품인허가 영업점,1.596026079036511,3.5805913348956517,1.0788381905130242,0.5116678206655757,2.4750513452354395,True,True,True,221322.0,151.16666666666666,증가,증가,증가,증가 소비·증가 공급,증가 소비·증가 공급,True,증가 소비·증가 공급
경기도,화성시 만세구,4010,편의점,국세청,가동사업자,4.557895735829315,5.954997350942853,-0.1532931091090575,4.718421860509226,6.1176684241843144,True,True,True,2586457.0,483.6666666666667,증가,증가,정체,증가 소비·정체 공급,증가 소비·정체 공급,True,증가 소비·정체 공급
경기도,화성시 만세구,4020,슈퍼마켓,국세청,가동사업자,-0.4518259771774867,2.1643481263921993,0.20396734364784,-0.6544584393313612,1.9563903852441948,True,True,True,1128789.0,238.83333333333337,감소,증가,정체,증가 소비·정체 공급,감소 소비·정체 공급,True,증가 소비·정체 공급
경기도,화성시 만세구,8005,중국음식,LOCALDATA,식품인허가 영업점,1.8279608432018188,1.901628537098807,-0.1625527172966626,1.9937544625535648,2.0675421002606984,True,True,True,127204.0,140.66666666666666,증가,증가,정체,증가 소비·정체 공급,증가 소비·정체 공급,True,증가 소비·정체 공급
경기도,화성시 만세구,8301,제과점,LOCALDATA,식품인허가 영업점,-0.0688293673220516,2.3566801771364663,-0.2907200096278138,0.2225376036485197,2.6551191494110884,False,True,False,124525.0,61.333333333333336,정체,증가,감소,증가 소비·감소 공급,정체 소비·감소 공급,False,증가 소비·감소 공급
경기도,화성시 병점구,4010,편의점,국세청,가동사업자,3.2794340019988253,4.133261262733634,-0.1069523612799143,3.390012061225886,4.244753488099596,True,True,False,836947.0,134.83333333333334,증가,증가,정체,증가 소비·정체 공급,증가 소비·정체 공급,False,증가 소비·정체 공급
경기도,화성시 병점구,4020,슈퍼마켓,국세청,가동사업자,-1.1896660115640192,1.4799295379233983,0.2452147818027407,-1.4313708604344924,1.2316944592399688,True,True,False,351975.0,71.0,감소,증가,정체,증가 소비·정체 공급,감소 소비·정체 공급,False,증가 소비·정체 공급
경기도,화성시 병점구,8005,중국음식,LOCALDATA,식품인허가 영업점,-1.174059845778191,-0.3211368184792622,-1.13251863737025,-0.0420170594369821,0.8206761290044041,True,True,True,40181.0,52.5,감소,감소,감소,감소 소비·감소 공급,감소 소비·감소 공급,True,감소 소비·감소 공급
경기도,화성시 병점구,8301,제과점,LOCALDATA,식품인허가 영업점,3.600746728812036,3.1300869514565823,1.789933085361428,1.7789712484947129,1.3165878250173364,True,True,True,83706.0,29.0,증가,증가,증가,증가 소비·증가 공급,증가 소비·증가 공급,True,증가 소비·증가 공급
경기도,화성시 효행구,4010,편의점,국세청,가동사업자,4.375642484091789,6.185821483131622,-0.3838914206998714,4.777875759925689,6.595030660730564,True,True,True,931394.0,201.83333333333337,증가,증가,감소,증가 소비·감소 공급,증가 소비·감소 공급,True,증가 소비·감소 공급
경기도,화성시 효행구,4020,슈퍼마켓,국세청,가동사업자,-1.7920795401474214,1.296839292324918,-1.555644750745709,-0.2401709969078634,2.897559779682984,True,True,True,326128.0,82.16666666666667,감소,증가,감소,증가 소비·감소 공급,감소 소비·감소 공급,True,증가 소비·감소 공급
경기도,화성시 효행구,8005,중국음식,LOCALDATA,식품인허가 영업점,-0.3952070014666393,1.526951394762147,0.0,-0.3952070014665939,1.526951394762134,True,True,False,48024.0,46.0,감소,증가,정체,증가 소비·정체 공급,감소 소비·정체 공급,False,증가 소비·정체 공급
경기도,화성시 효행구,8301,제과점,LOCALDATA,식품인허가 영업점,0.2662476718151205,3.501968265755896,-0.3521301708726976,0.6205630323539872,3.867717838060632,True,True,False,64366.0,40.833333333333336,증가,증가,감소,증가 소비·감소 공급,증가 소비·감소 공급,False,증가 소비·감소 공급
경상남도,거제시,4010,편의점,국세청,가동사업자,5.204762512151065,5.792253104440684,0.2166676580352822,4.977310631736902,5.563531073923466,True,True,True,1448955.0,302.8333333333333,증가,증가,정체,증가 소비·정체 공급,증가 소비·정체 공급,True,증가 소비·정체 공급
경상남도,거제시,4020,슈퍼마켓,국세청,가동사업자,2.015873655852352,4.754686224953219,-0.2778613428239959,2.3001261601114975,5.046570035043135,True,True,True,560778.0,112.83333333333331,증가,증가,감소,증가 소비·감소 공급,증가 소비·감소 공급,True,증가 소비·감소 공급
경상남도,거제시,8005,중국음식,LOCALDATA,식품인허가 영업점,1.1380175927705989,2.161586323105629,-0.0408005832673925,1.179299337045964,2.2032858598548826,True,True,False,54035.0,142.0,증가,증가,정체,증가 소비·정체 공급,증가 소비·정체 공급,False,증가 소비·정체 공급
경상남도,거제시,8301,제과점,LOCALDATA,식품인허가 영업점,4.435834840116124,6.300424810002149,-0.1613594434733187,4.60462427970121,6.472227804240709,True,True,False,107208.0,107.0,증가,증가,정체,증가 소비·정체 공급,증가 소비·정체 공급,False,증가 소비·정체 공급
경상남도,거창군,4010,편의점,국세청,가동사업자,8.305876603432427,9.247741706414832,-0.3516128774195599,8.688037740342105,9.633226247832766,True,True,False,163077.0,57.5,증가,증가,감소,증가 소비·감소 공급,증가 소비·감소 공급,False,증가 소비·감소 공급
경상남도,거창군,4020,슈퍼마켓,국세청,가동사업자,7.344164391535149,10.492020706847669,-1.25107305521379,8.704132503186415,11.891869740141493,True,True,True,119275.0,31.333333333333332,증가,증가,감소,증가 소비·감소 공급,증가 소비·감소 공급,True,증가 소비·감소 공급
경상남도,거창군,8005,중국음식,LOCALDATA,식품인허가 영업점,1.9657611021434056,6.134709399931433,-0.2881940259516564,2.2604696666327517,6.441467349969322,True,True,False,12816.0,49.833333333333336,증가,증가,감소,증가 소비·감소 공급,증가 소비·감소 공급,False,증가 소비·감소 공급
경상남도,거창군,8301,제과점,LOCALDATA,식품인허가 영업점,9.082058868260804,9.364973367983994,0.0,9.08205886826083,9.364973367983978,True,True,False,21482.0,19.0,증가,증가,정체,증가 소비·정체 공급,증가 소비·정체 공급,False,증가 소비·정체 공급
경상남도,고성군,4010,편의점,국세청,가동사업자,11.502857535251312,10.06756803704962,1.6690139685149048,9.67240969778829,8.26068212989221,True,True,True,215400.0,56.833333333333336,증가,증가,증가,증가 소비·증가 공급,증가 소비·증가 공급,True,증가 소비·증가 공급
경상남도,고성군,4020,슈퍼마켓,국세청,가동사업자,8.638283366549473,9.450740839084013,-0.764708734390172,9.47545170777189,10.294169990524685,True,True,True,94345.0,33.5,증가,증가,감소,증가 소비·감소 공급,증가 소비·감소 공급,True,증가 소비·감소 공급
경상남도,고성군,8005,중국음식,LOCALDATA,식품인허가 영업점,7.421572432557914,8.71800564738307,0.0,7.421572432557931,8.718005647383078,True,True,False,14570.0,30.0,증가,증가,정체,증가 소비·정체 공급,증가 소비·정체 공급,False,증가 소비·정체 공급
경상남도,고성군,8301,제과점,LOCALDATA,식품인허가 영업점,10.831668253466358,13.275547210135189,1.3150497433543376,9.393094643114736,11.805252523764713,True,True,True,11132.0,17.666666666666668,증가,증가,증가,증가 소비·증가 공급,증가 소비·증가 공급,True,증가 소비·증가 공급
경상남도,김해시,4010,편의점,국세청,가동사업자,5.925568835396299,6.599969741524155,-0.1576627459648252,6.0928377166123555,6.768303580769682,True,True,True,3203683.0,548.0,증가,증가,정체,증가 소비·정체 공급,증가 소비·정체 공급,True,증가 소비·정체 공급
경상남도,김해시,4020,슈퍼마켓,국세청,가동사업자,2.0708448508586685,5.286947179681827,-0.3077117403845122,2.385898280365497,5.611927479783484,True,True,True,1335614.0,286.8333333333333,증가,증가,감소,증가 소비·감소 공급,증가 소비·감소 공급,True,증가 소비·감소 공급
경상남도,김해시,8005,중국음식,LOCALDATA,식품인허가 영업점,3.5304281288944126,5.06685709728264,-0.335486770801334,3.878928190624125,5.42052902587324,True,True,True,173107.0,246.83333333333337,증가,증가,감소,증가 소비·감소 공급,증가 소비·감소 공급,True,증가 소비·감소 공급
경상남도,김해시,8301,제과점,LOCALDATA,식품인허가 영업점,0.8896984158609211,4.0356411561416685,0.1872274882249449,0.7011581668117552,3.841221844739646,False,True,False,344597.0,199.16666666666663,증가,증가,정체,증가 소비·정체 공급,증가 소비·정체 공급,False,증가 소비·정체 공급
경상남도,남해군,4010,편의점,국세청,가동사업자,10.492026781433257,11.358584040384669,0.191470662568857,10.28087126653251,11.145772493374348,True,True,False,205835.0,60.0,증가,증가,정체,증가 소비·정체 공급,증가 소비·정체 공급,False,증가 소비·정체 공급
경상남도,남해군,4020,슈퍼마켓,국세청,가동사업자,10.260979192375355,8.828231659365969,1.4459755154567349,8.689357692238472,7.277032042325292,True,True,True,116104.0,25.833333333333332,증가,증가,증가,증가 소비·증가 공급,증가 소비·증가 공급,True,증가 소비·증가 공급
경상남도,남해군,8005,중국음식,LOCALDATA,식품인허가 영업점,10.323878815446417,12.003778354641614,-0.7718980567954041,11.182091217055362,12.875058739659714,True,True,True,18517.0,29.666666666666668,증가,증가,감소,증가 소비·감소 공급,증가 소비·감소 공급,True,증가 소비·감소 공급
경상남도,남해군,8301,제과점,LOCALDATA,식품인허가 영업점,6.73394732952588,8.714033244844508,0.0,6.733947329525902,8.714033244844503,True,True,False,21739.0,21.0,증가,증가,정체,증가 소비·정체 공급,증가 소비·정체 공급,False,증가 소비·정체 공급
경상남도,밀양시,4010,편의점,국세청,가동사업자,2.527306066151657,3.855064308845102,-0.3203453909149802,2.8568030941060996,4.188828418532181,True,True,True,334147.0,97.83333333333331,증가,증가,감소,증가 소비·감소 공급,증가 소비·감소 공급,True,증가 소비·감소 공급
경상남도,밀양시,4020,슈퍼마켓,국세청,가동사업자,0.4040558343923662,1.92273029636334,-0.0851774206969782,0.4896503266079861,2.0096194590813963,True,True,False,241743.0,64.66666666666667,증가,증가,정체,증가 소비·정체 공급,증가 소비·정체 공급,False,증가 소비·정체 공급
경상남도,밀양시,8005,중국음식,LOCALDATA,식품인허가 영업점,-3.890802073659515,-2.7961492684966425,-0.1392788100973929,-3.7567556280992447,-2.6605760771011817,True,True,False,24617.0,61.166666666666664,감소,감소,정체,감소 소비·정체 공급,감소 소비·정체 공급,False,감소 소비·정체 공급
경상남도,밀양시,8301,제과점,LOCALDATA,식품인허가 영업점,-1.9443976736687736,-1.6398059920771182,0.0,-1.9443976736687785,-1.6398059920771333,True,True,False,28373.0,36.666666666666664,감소,감소,정체,감소 소비·정체 공급,감소 소비·정체 공급,False,감소 소비·정체 공급
경상남도,사천시,4010,편의점,국세청,가동사업자,5.1305315848813065,5.4044575926397425,-1.209515220263115,6.417669494466173,6.694949242985665,True,True,True,528589.0,127.0,증가,증가,감소,증가 소비·감소 공급,증가 소비·감소 공급,True,증가 소비·감소 공급
경상남도,사천시,4020,슈퍼마켓,국세청,가동사업자,5.63007749054408,8.747548089914853,0.0,5.63007749054408,8.747548089914865,True,True,False,199105.0,38.666666666666664,증가,증가,정체,증가 소비·정체 공급,증가 소비·정체 공급,False,증가 소비·정체 공급
경상남도,사천시,8005,중국음식,LOCALDATA,식품인허가 영업점,1.009398198678515,3.33604365991566,1.0521007394829778,-0.0422579446562085,2.260163721208331,False,True,True,37826.0,74.16666666666667,증가,증가,증가,증가 소비·증가 공급,증가 소비·증가 공급,True,증가 소비·증가 공급
경상남도,사천시,8301,제과점,LOCALDATA,식품인허가 영업점,2.935187284518378,5.268500413729777,0.2808085448476852,2.6469458894356763,4.973725223457386,True,True,False,48132.0,40.0,증가,증가,증가,증가 소비·증가 공급,증가 소비·증가 공급,False,증가 소비·증가 공급
경상남도,산청군,4010,편의점,국세청,가동사업자,6.955580833720948,7.351050566192006,-1.6615209235978288,8.76269578119456,9.164847346060425,True,True,True,63889.0,18.833333333333332,증가,증가,감소,증가 소비·감소 공급,증가 소비·감소 공급,True,증가 소비·감소 공급
경상남도,산청군,4020,슈퍼마켓,국세청,가동사업자,3.5033086084334046,5.590627829940704,0.0,3.503308608433457,5.590627829940682,True,True,False,72216.0,21.0,증가,증가,정체,증가 소비·정체 공급,증가 소비·정체 공급,False,증가 소비·정체 공급
경상남도,산청군,8005,중국음식,LOCALDATA,식품인허가 영업점,0.3859816889264199,1.683679612003827,-0.9680748789157112,1.367292987777955,2.6776764035206693,True,True,True,8225.0,23.333333333333332,증가,증가,감소,증가 소비·감소 공급,증가 소비·감소 공급,True,증가 소비·감소 공급
경상남도,산청군,8301,제과점,LOCALDATA,식품인허가 영업점,4.105534784709121,6.868431982657226,-1.2353260923240683,5.407663150921526,8.205118039023333,True,True,False,10205.0,11.833333333333334,증가,증가,감소,증가 소비·감소 공급,증가 소비·감소 공급,False,증가 소비·감소 공급
경상남도,양산시,4010,편의점,국세청,가동사업자,1.042574377850615,1.8163017273926751,0.2883824706696059,0.7520232040850492,1.5235256757381006,True,True,True,1765848.0,348.5,증가,증가,증가,증가 소비·증가 공급,증가 소비·증가 공급,True,증가 소비·증가 공급
경상남도,양산시,4020,슈퍼마켓,국세청,가동사업자,-7.280949679618565,-3.7885384505590256,0.4524571640717569,-7.698574093672161,-4.221893355683523,True,True,True,847601.0,195.83333333333337,감소,감소,증가,감소 소비·증가 공급,감소 소비·증가 공급,True,감소 소비·증가 공급
경상남도,양산시,8005,중국음식,LOCALDATA,식품인허가 영업점,-3.735181887605911,-3.0856605072194507,0.4731686584568435,-4.18853172668261,-3.5420692043405073,True,True,True,83962.0,175.16666666666666,감소,감소,증가,감소 소비·증가 공급,감소 소비·증가 공급,True,감소 소비·증가 공급
경상남도,양산시,8301,제과점,LOCALDATA,식품인허가 영업점,-3.2623759818980123,-1.4777456330562018,0.9426608323277744,-4.165767753250169,-2.3978033127187217,True,True,True,200761.0,146.33333333333334,감소,감소,증가,감소 소비·증가 공급,감소 소비·증가 공급,True,감소 소비·증가 공급
경상남도,의령군,4010,편의점,국세청,가동사업자,4.510732905627115,4.755197218571321,0.8698272280790987,3.6095091838667535,3.8518654163121786,True,True,False,57995.0,16.166666666666668,증가,증가,증가,증가 소비·증가 공급,증가 소비·증가 공급,False,증가 소비·증가 공급
경상남도,의령군,4020,슈퍼마켓,국세청,가동사업자,1.723627252996362,3.0659706859274367,-1.3523465056393225,3.118141840861455,4.4788872670137705,True,True,False,58310.0,10.166666666666666,증가,증가,감소,증가 소비·감소 공급,증가 소비·감소 공급,False,증가 소비·감소 공급
경상남도,의령군,8005,중국음식,LOCALDATA,식품인허가 영업점,0.3457482013696664,0.0190205448632083,0.0,0.3457482013696613,0.0190205448632134,False,False,False,4728.0,20.0,증가,정체,정체,정체 소비·정체 공급,증가 소비·정체 공급,False,정체 소비·정체 공급
경상남도,의령군,8301,제과점,LOCALDATA,식품인허가 영업점,1.060300424666044,3.2457994296992143,-2.5709667087205985,3.727089360037424,5.970259523185133,True,True,False,17307.0,5.166666666666667,증가,증가,감소,증가 소비·감소 공급,증가 소비·감소 공급,False,증가 소비·감소 공급
경상남도,진주시,4010,편의점,국세청,가동사업자,4.76481080725747,6.011565300324774,-0.3415566969950375,5.12386841998618,6.374895881128251,True,True,True,1503762.0,308.8333333333333,증가,증가,감소,증가 소비·감소 공급,증가 소비·감소 공급,True,증가 소비·감소 공급
경상남도,진주시,4020,슈퍼마켓,국세청,가동사업자,4.666127376664642,6.06596488154138,0.8160882021801277,3.818873795979382,5.207379866627019,True,True,True,477692.0,168.33333333333334,증가,증가,증가,증가 소비·증가 공급,증가 소비·증가 공급,True,증가 소비·증가 공급
경상남도,진주시,8005,중국음식,LOCALDATA,식품인허가 영업점,0.7884802542894382,2.7601575052910228,0.055629063240872,0.7324437394575755,2.7030247746888043,False,True,False,75220.0,205.66666666666663,증가,증가,정체,증가 소비·정체 공급,증가 소비·정체 공급,False,증가 소비·정체 공급
경상남도,진주시,8301,제과점,LOCALDATA,식품인허가 영업점,0.5052704604893139,3.4007398414576304,0.3548118242906264,0.14992667861522,3.035158914452518,False,True,True,184574.0,185.83333333333337,증가,증가,증가,증가 소비·증가 공급,증가 소비·증가 공급,True,증가 소비·증가 공급
경상남도,창녕군,4010,편의점,국세청,가동사업자,3.106152526418181,4.85949559251169,1.5158985237545357,1.5665073410067958,3.293668398132478,True,True,True,231853.0,57.0,증가,증가,증가,증가 소비·증가 공급,증가 소비·증가 공급,True,증가 소비·증가 공급
경상남도,창녕군,4020,슈퍼마켓,국세청,가동사업자,1.2953771882520058,2.666647439250535,0.241756420409725,1.051079715147256,2.419042827492891,True,True,False,177553.0,35.5,증가,증가,정체,증가 소비·정체 공급,증가 소비·정체 공급,False,증가 소비·정체 공급
경상남도,창녕군,8005,중국음식,LOCALDATA,식품인허가 영업점,-3.810943052333202,-2.999738575751465,0.0,-3.8109430523332266,-2.9997385757514676,True,True,False,20367.0,53.0,감소,감소,정체,감소 소비·정체 공급,감소 소비·정체 공급,False,감소 소비·정체 공급
경상남도,창녕군,8301,제과점,LOCALDATA,식품인허가 영업점,-1.676336370210121,-1.5141505366134065,0.0,-1.676336370210121,-1.5141505366134065,True,True,False,11443.0,17.0,감소,감소,정체,감소 소비·정체 공급,감소 소비·정체 공급,False,감소 소비·정체 공급
경상남도,창원시 마산합포구,4010,편의점,국세청,가동사업자,6.670205158649731,7.804703541528863,0.082466976449106,6.582309950204149,7.715873517483245,True,True,False,1036014.0,171.83333333333334,증가,증가,정체,증가 소비·정체 공급,증가 소비·정체 공급,False,증가 소비·정체 공급
경상남도,창원시 마산합포구,4020,슈퍼마켓,국세청,가동사업자,3.3257658906561183,6.701752030200775,-0.2219436470903374,3.555600968211313,6.939096561274294,True,True,True,660439.0,103.0,증가,증가,정체,증가 소비·정체 공급,증가 소비·정체 공급,True,증가 소비·정체 공급
경상남도,창원시 마산합포구,8005,중국음식,LOCALDATA,식품인허가 영업점,3.930554823296084,5.649433017714889,-0.2365834029529551,4.1770203631662195,5.899974781779928,True,True,True,71265.0,96.66666666666669,증가,증가,정체,증가 소비·정체 공급,증가 소비·정체 공급,True,증가 소비·정체 공급
경상남도,창원시 마산합포구,8301,제과점,LOCALDATA,식품인허가 영업점,5.316348172951314,7.992308091985382,1.484196003237946,3.7761073355609738,6.412931614041428,True,True,True,147771.0,58.666666666666664,증가,증가,증가,증가 소비·증가 공급,증가 소비·증가 공급,True,증가 소비·증가 공급
경상남도,창원시 마산회원구,4010,편의점,국세청,가동사업자,8.339784382469688,8.69598295211146,-0.7013158916202676,9.104954768808422,9.463669058771265,True,True,True,1102988.0,146.33333333333334,증가,증가,감소,증가 소비·감소 공급,증가 소비·감소 공급,True,증가 소비·감소 공급
경상남도,창원시 마산회원구,4020,슈퍼마켓,국세청,가동사업자,9.819149607994634,12.066553705019889,-1.1144423675080994,11.056813792907407,13.329546182583266,True,True,True,765883.0,104.83333333333331,증가,증가,감소,증가 소비·감소 공급,증가 소비·감소 공급,True,증가 소비·감소 공급
경상남도,창원시 마산회원구,8005,중국음식,LOCALDATA,식품인허가 영업점,6.836523110690798,8.80115415466121,0.0,6.836523110690809,8.801154154661232,True,True,False,54882.0,84.0,증가,증가,정체,증가 소비·정체 공급,증가 소비·정체 공급,False,증가 소비·정체 공급
경상남도,창원시 마산회원구,8301,제과점,LOCALDATA,식품인허가 영업점,6.592260277980749,8.716328696113774,-0.6042641686478193,7.2402748331569455,9.377256264369445,True,True,False,153906.0,51.166666666666664,증가,증가,감소,증가 소비·감소 공급,증가 소비·감소 공급,False,증가 소비·감소 공급
경상남도,창원시 성산구,4010,편의점,국세청,가동사업자,5.903015319577193,6.350283459190563,-0.0112778839865986,5.914960285922678,6.362278873607423,True,True,False,1677504.0,238.83333333333337,증가,증가,정체,증가 소비·정체 공급,증가 소비·정체 공급,False,증가 소비·정체 공급
경상남도,창원시 성산구,4020,슈퍼마켓,국세청,가동사업자,6.790547148136097,8.113378887766425,0.15456365956308,6.625742498494054,7.946532776335863,True,True,False,630019.0,111.33333333333331,증가,증가,정체,증가 소비·정체 공급,증가 소비·정체 공급,False,증가 소비·정체 공급
경상남도,창원시 성산구,8005,중국음식,LOCALDATA,식품인허가 영업점,1.3964365720498504,3.782817734465653,-0.2317851672663992,1.6320044836384768,4.023929774089626,True,True,True,88305.0,98.66666666666669,증가,증가,정체,증가 소비·정체 공급,증가 소비·정체 공급,True,증가 소비·정체 공급
경상남도,창원시 성산구,8301,제과점,LOCALDATA,식품인허가 영업점,1.9054912216006976,4.999578655248812,0.7411103769530205,1.1558149798933337,4.227140501391618,True,True,True,241128.0,101.0,증가,증가,증가,증가 소비·증가 공급,증가 소비·증가 공급,True,증가 소비·증가 공급
경상남도,창원시 의창구,4010,편의점,국세청,가동사업자,7.239580176472729,7.638360359376145,0.069204284777148,7.165417116029143,7.563921516812168,True,True,False,1304138.0,205.83333333333337,증가,증가,정체,증가 소비·정체 공급,증가 소비·정체 공급,False,증가 소비·정체 공급
경상남도,창원시 의창구,4020,슈퍼마켓,국세청,가동사업자,7.061670566137947,10.24879724012183,-0.5776271090451551,7.68368069786648,10.889324036795292,True,True,True,720362.0,114.16666666666669,증가,증가,감소,증가 소비·감소 공급,증가 소비·감소 공급,True,증가 소비·감소 공급
경상남도,창원시 의창구,8005,중국음식,LOCALDATA,식품인허가 영업점,5.270617977388783,6.319493018225324,0.3222970075377188,4.9324239151734055,5.97792932336571,True,True,True,68346.0,88.33333333333333,증가,증가,증가,증가 소비·증가 공급,증가 소비·증가 공급,True,증가 소비·증가 공급
경상남도,창원시 의창구,8301,제과점,LOCALDATA,식품인허가 영업점,3.9081335104345354,6.799665293496579,0.9695547367534106,2.9103612285332177,5.774127232652785,True,True,True,202929.0,71.33333333333333,증가,증가,증가,증가 소비·증가 공급,증가 소비·증가 공급,True,증가 소비·증가 공급
경상남도,창원시 진해구,4010,편의점,국세청,가동사업자,7.961769676651767,8.287159375720645,-0.1646981634296682,8.139874063169012,8.465800557187626,True,True,True,1337693.0,209.0,증가,증가,정체,증가 소비·정체 공급,증가 소비·정체 공급,True,증가 소비·정체 공급
경상남도,창원시 진해구,4020,슈퍼마켓,국세청,가동사업자,5.042458968184867,7.772195218914289,1.185750393131419,3.8115135382889833,6.509261235097731,True,True,True,536804.0,88.66666666666667,증가,증가,증가,증가 소비·증가 공급,증가 소비·증가 공급,True,증가 소비·증가 공급
경상남도,창원시 진해구,8005,중국음식,LOCALDATA,식품인허가 영업점,6.793755126766024,8.27759610383185,0.1337584027260382,6.651100318490251,8.132959184805856,True,True,False,68775.0,85.33333333333333,증가,증가,정체,증가 소비·정체 공급,증가 소비·정체 공급,False,증가 소비·정체 공급
경상남도,창원시 진해구,8301,제과점,LOCALDATA,식품인허가 영업점,8.001895839611228,11.420731012953814,0.6739206514051969,7.278921036143918,10.674870206714852,True,True,True,119374.0,72.16666666666667,증가,증가,증가,증가 소비·증가 공급,증가 소비·증가 공급,True,증가 소비·증가 공급
경상남도,통영시,4010,편의점,국세청,가동사업자,5.286279696133783,5.48667876963372,-0.530433106299743,5.847731104177505,6.049198829189389,True,True,True,660945.0,145.5,증가,증가,감소,증가 소비·감소 공급,증가 소비·감소 공급,True,증가 소비·감소 공급
경상남도,통영시,4020,슈퍼마켓,국세청,가동사업자,3.1374838433515175,4.681044931133429,-0.8005012711468938,3.969763118725258,5.525780142562297,True,True,True,308278.0,67.83333333333333,증가,증가,감소,증가 소비·감소 공급,증가 소비·감소 공급,True,증가 소비·감소 공급
경상남도,통영시,8005,중국음식,LOCALDATA,식품인허가 영업점,2.0516656624350698,3.226885437704559,-0.1232560126057095,2.1776057050030713,3.3542757969093264,False,True,False,36589.0,69.5,증가,증가,정체,증가 소비·정체 공급,증가 소비·정체 공급,False,증가 소비·정체 공급
경상남도,통영시,8301,제과점,LOCALDATA,식품인허가 영업점,6.172456535151325,8.576613000255975,0.3680597834492944,5.78311144424369,8.178451625464486,True,True,False,56864.0,47.0,증가,증가,증가,증가 소비·증가 공급,증가 소비·증가 공급,False,증가 소비·증가 공급
경상남도,하동군,4010,편의점,국세청,가동사업자,9.880682998907432,9.20593795136358,0.8585114949963949,8.945374436106587,8.276372844131567,True,True,True,104510.0,36.5,증가,증가,증가,증가 소비·증가 공급,증가 소비·증가 공급,True,증가 소비·증가 공급
경상남도,하동군,4020,슈퍼마켓,국세청,가동사업자,6.517409768043274,7.836742311404084,1.0048367929886166,5.4577316790806645,6.763938970979765,True,True,True,58700.0,23.0,증가,증가,증가,증가 소비·증가 공급,증가 소비·증가 공급,True,증가 소비·증가 공급
경상남도,하동군,8005,중국음식,LOCALDATA,식품인허가 영업점,10.167369494314944,10.689804440185268,0.5807370554741221,9.53128075960858,10.050699249833098,True,True,False,12203.0,20.0,증가,증가,증가,증가 소비·증가 공급,증가 소비·증가 공급,False,증가 소비·증가 공급
경상남도,하동군,8301,제과점,LOCALDATA,식품인허가 영업점,12.88008263620122,16.080040630165776,0.0,12.880082636201266,16.08004063016579,True,True,False,11794.0,17.0,증가,증가,정체,증가 소비·정체 공급,증가 소비·정체 공급,False,증가 소비·정체 공급
경상남도,함안군,4010,편의점,국세청,가동사업자,4.7806568380084915,5.227742400121951,-1.310183346180951,6.171700779984935,6.624721747367748,True,True,True,334042.0,62.833333333333336,증가,증가,감소,증가 소비·감소 공급,증가 소비·감소 공급,True,증가 소비·감소 공급
경상남도,함안군,4020,슈퍼마켓,국세청,가동사업자,-0.2932620906461568,2.1882780476421764,0.3623378333326883,-0.6532330136306483,1.8193480280837604,True,True,False,264319.0,39.5,감소,증가,증가,증가 소비·증가 공급,감소 소비·증가 공급,False,증가 소비·증가 공급
경상남도,함안군,8005,중국음식,LOCALDATA,식품인허가 영업점,0.3506947899752315,1.3254073159492343,-0.764708734390172,1.1239988416821545,2.1062225178994565,True,True,True,30968.0,33.5,증가,증가,감소,증가 소비·감소 공급,증가 소비·감소 공급,True,증가 소비·감소 공급
경상남도,함안군,8301,제과점,LOCALDATA,식품인허가 영업점,-0.3603082508122027,1.883781866518516,0.0,-0.3603082508121774,1.8837818665184904,False,True,False,19761.0,16.0,감소,증가,정체,증가 소비·정체 공급,감소 소비·정체 공급,False,증가 소비·정체 공급
경상남도,함양군,4010,편의점,국세청,가동사업자,6.616957017296336,6.215052572003954,-0.483137001446186,7.134563736043102,6.730708114812161,True,True,False,130082.0,29.833333333333332,증가,증가,감소,증가 소비·감소 공급,증가 소비·감소 공급,False,증가 소비·감소 공급
경상남도,함양군,4020,슈퍼마켓,국세청,가동사업자,4.0774960198781525,4.636389908509822,0.0,4.0774960198781995,4.636389908509815,True,True,False,45839.0,25.0,증가,증가,정체,증가 소비·정체 공급,증가 소비·정체 공급,False,증가 소비·정체 공급
경상남도,함양군,8005,중국음식,LOCALDATA,식품인허가 영업점,3.172369138460328,4.176794354500365,-0.8131160717433654,4.018157494580172,5.030816806235204,True,True,True,7307.0,24.5,증가,증가,감소,증가 소비·감소 공급,증가 소비·감소 공급,True,증가 소비·감소 공급
경상남도,함양군,8301,제과점,LOCALDATA,식품인허가 영업점,6.348517433327816,6.069273213167371,0.0,6.348517433327848,6.069273213167362,True,True,False,9278.0,10.0,증가,증가,정체,증가 소비·정체 공급,증가 소비·정체 공급,False,증가 소비·정체 공급
경상남도,합천군,4010,편의점,국세청,가동사업자,10.867260387181537,10.364456826499502,2.854331564390883,7.790560398299126,7.301710241932775,True,True,True,89148.0,22.333333333333332,증가,증가,증가,증가 소비·증가 공급,증가 소비·증가 공급,True,증가 소비·증가 공급
경상남도,합천군,4020,슈퍼마켓,국세청,가동사업자,12.060527258259985,12.367077782278695,0.0,12.060527258259969,12.367077782278688,True,True,False,61875.0,27.0,증가,증가,정체,증가 소비·정체 공급,증가 소비·정체 공급,False,증가 소비·정체 공급
경상남도,합천군,8005,중국음식,LOCALDATA,식품인허가 영업점,7.749949438023792,9.565488216930754,0.5208897116237942,7.191599424894542,8.997730254133499,True,True,False,12235.0,27.833333333333332,증가,증가,증가,증가 소비·증가 공급,증가 소비·증가 공급,False,증가 소비·증가 공급
경상남도,합천군,8301,제과점,LOCALDATA,식품인허가 영업점,11.616189524638578,15.032347549504188,0.0,11.616189524638587,15.032347549504188,True,True,False,9137.0,9.0,증가,증가,정체,증가 소비·정체 공급,증가 소비·정체 공급,False,증가 소비·정체 공급
경상북도,경산시,4010,편의점,국세청,가동사업자,6.228608206753267,8.261844397469984,-0.6566991446004511,6.930822000142432,8.977498699234825,True,True,True,1914036.0,311.6666666666667,증가,증가,감소,증가 소비·감소 공급,증가 소비·감소 공급,True,증가 소비·감소 공급
경상북도,경산시,4020,슈퍼마켓,국세청,가동사업자,-0.6500831732490636,1.7558987930669343,-0.040950108112922,-0.6093826079728776,1.7975850141866003,True,True,False,1563159.0,138.0,감소,증가,정체,증가 소비·정체 공급,감소 소비·정체 공급,False,증가 소비·정체 공급
경상북도,경산시,8005,중국음식,LOCALDATA,식품인허가 영업점,4.569543618420172,7.484020469237025,-0.3905603056489048,4.979552077884412,7.905456349366963,True,True,True,75231.0,167.83333333333334,증가,증가,감소,증가 소비·감소 공급,증가 소비·감소 공급,True,증가 소비·감소 공급
경상북도,경산시,8301,제과점,LOCALDATA,식품인허가 영업점,2.0100021965986343,4.572771546342212,-0.0512364124236398,2.0622952551245826,4.6263783490570605,True,True,False,196519.0,111.66666666666669,증가,증가,정체,증가 소비·정체 공급,증가 소비·정체 공급,False,증가 소비·정체 공급
경상북도,경주시,4010,편의점,국세청,가동사업자,3.50291724685892,4.790617818456426,0.4091576724113158,3.081152801362087,4.363606116824309,True,True,True,1563302.0,328.8333333333333,증가,증가,증가,증가 소비·증가 공급,증가 소비·증가 공급,True,증가 소비·증가 공급
경상북도,경주시,4020,슈퍼마켓,국세청,가동사업자,-0.1287809416155617,1.682686201836043,-0.0601323780394323,-0.0686898684275452,1.7438672086979252,False,True,False,823801.0,238.5,정체,증가,정체,증가 소비·정체 공급,정체 소비·정체 공급,False,증가 소비·정체 공급
경상북도,경주시,8005,중국음식,LOCALDATA,식품인허가 영업점,-2.2030835622354252,-0.8986686492461544,-0.5306428870062249,-1.6813627068378152,-0.3699890829915033,True,False,True,83390.0,187.83333333333337,감소,감소,감소,감소 소비·감소 공급,감소 소비·감소 공급,False,감소 소비·감소 공급
경상북도,경주시,8301,제과점,LOCALDATA,식품인허가 영업점,0.5068126951484869,0.5138042662153012,-1.1581040980382418,1.6844241786277716,1.6914976680656475,True,True,True,219469.0,176.0,증가,증가,감소,증가 소비·감소 공급,증가 소비·감소 공급,True,증가 소비·감소 공급
경상북도,고령군,4010,편의점,국세청,가동사업자,6.538385915197255,7.163106804521961,-0.8519170927042146,7.453803231688762,8.083891954542663,True,True,True,145093.0,33.333333333333336,증가,증가,감소,증가 소비·감소 공급,증가 소비·감소 공급,True,증가 소비·감소 공급
경상북도,고령군,4020,슈퍼마켓,국세청,가동사업자,1.4331141690998304,2.921347016149972,-2.149577328361938,3.66139603656531,5.18232237128772,True,True,True,146883.0,33.166666666666664,증가,증가,감소,증가 소비·감소 공급,증가 소비·감소 공급,True,증가 소비·감소 공급
경상북도,고령군,8005,중국음식,LOCALDATA,식품인허가 영업점,0.2671189122840781,0.7376514934354094,-0.8924671011990647,1.1700281296147186,1.6447978745460086,True,True,True,14837.0,25.666666666666668,증가,증가,감소,증가 소비·감소 공급,증가 소비·감소 공급,True,증가 소비·감소 공급
경상북도,고령군,8301,제과점,LOCALDATA,식품인허가 영업점,0.75694284549387,2.016155745916933,0.0,0.75694284549387,2.016155745916941,True,True,False,15501.0,9.0,증가,증가,정체,증가 소비·정체 공급,증가 소비·정체 공급,False,증가 소비·정체 공급
경상북도,구미시,4010,편의점,국세청,가동사업자,3.177820054998705,4.494297991447801,0.4409793733374799,2.7248247664814085,4.035522794978149,True,True,True,2496835.0,475.1666666666667,증가,증가,증가,증가 소비·증가 공급,증가 소비·증가 공급,True,증가 소비·증가 공급
경상북도,구미시,4020,슈퍼마켓,국세청,가동사업자,-1.4004158704807437,1.2686263229638757,1.0137351272302029,-2.389923503640586,0.2523332053929693,True,True,True,1525600.0,232.0,감소,증가,증가,증가 소비·증가 공급,감소 소비·증가 공급,True,증가 소비·증가 공급
경상북도,구미시,8005,중국음식,LOCALDATA,식품인허가 영업점,-0.3280781833154227,0.6350909893844604,0.3878976333896871,-0.7132092947297657,0.2462382038296245,True,True,True,99178.0,192.0,감소,증가,증가,증가 소비·증가 공급,감소 소비·증가 공급,True,증가 소비·증가 공급
경상북도,구미시,8301,제과점,LOCALDATA,식품인허가 영업점,0.0250987097721915,1.7075734078156994,1.455452069738156,-1.40983390324135,0.2485044745591801,True,True,True,242001.0,164.16666666666666,정체,증가,증가,증가 소비·증가 공급,정체 소비·증가 공급,True,증가 소비·증가 공급
경상북도,김천시,4010,편의점,국세청,가동사업자,4.916434378524702,6.1413207473826805,0.0,4.9164343785246745,6.141320747382699,True,True,False,549205.0,127.0,증가,증가,정체,증가 소비·정체 공급,증가 소비·정체 공급,False,증가 소비·정체 공급
경상북도,김천시,4020,슈퍼마켓,국세청,가동사업자,2.752351660279518,4.3561030636124345,0.2253490391876231,2.5213208487843772,4.121466339627998,True,True,False,252553.0,75.33333333333333,증가,증가,정체,증가 소비·정체 공급,증가 소비·정체 공급,False,증가 소비·정체 공급
경상북도,김천시,8005,중국음식,LOCALDATA,식품인허가 영업점,-0.0620011679761009,0.4253341946575174,-0.2390577976015317,0.1774809115837703,0.6659840791310105,False,True,True,34144.0,95.66666666666669,정체,증가,정체,증가 소비·정체 공급,정체 소비·정체 공급,True,증가 소비·정체 공급
경상북도,김천시,8301,제과점,LOCALDATA,식품인허가 영업점,1.0017544918711083,3.181288927134592,-0.6359027065957077,1.648137751034084,3.841620603122699,True,True,True,39488.0,53.666666666666664,증가,증가,감소,증가 소비·감소 공급,증가 소비·감소 공급,True,증가 소비·감소 공급
경상북도,문경시,4010,편의점,국세청,가동사업자,5.133028614687367,5.815912861090256,-0.5371230413670683,5.700771815008607,6.387343797726253,True,True,True,257861.0,63.333333333333336,증가,증가,감소,증가 소비·감소 공급,증가 소비·감소 공급,True,증가 소비·감소 공급
경상북도,문경시,4020,슈퍼마켓,국세청,가동사업자,0.4650493352349698,2.4687870388430446,0.7481787803138578,-0.2810268617324454,1.7078306321358454,True,True,True,113704.0,34.5,증가,증가,증가,증가 소비·증가 공급,증가 소비·증가 공급,True,증가 소비·증가 공급
경상북도,문경시,8005,중국음식,LOCALDATA,식품인허가 영업점,1.103619628646466,0.8164620185358252,0.4210824312494708,0.6796752045212232,0.3937216944032097,True,True,True,15611.0,68.33333333333333,증가,증가,증가,증가 소비·증가 공급,증가 소비·증가 공급,True,증가 소비·증가 공급
경상북도,문경시,8301,제과점,LOCALDATA,식품인허가 영업점,2.978292703949332,3.1811720891411985,0.9005038013713511,2.059245320190076,2.26031407361404,True,True,True,31541.0,25.666666666666668,증가,증가,증가,증가 소비·증가 공급,증가 소비·증가 공급,True,증가 소비·증가 공급
경상북도,봉화군,4010,편의점,국세청,가동사업자,6.632563194523487,7.613103823588106,0.0,6.632563194523482,7.613103823588103,True,True,False,44400.0,12.0,증가,증가,정체,증가 소비·정체 공급,증가 소비·정체 공급,False,증가 소비·정체 공급
경상북도,봉화군,8005,중국음식,LOCALDATA,식품인허가 영업점,4.4099708686206185,4.555335475602288,0.0,4.4099708686206185,4.555335475602278,True,True,False,5233.0,29.0,증가,증가,정체,증가 소비·정체 공급,증가 소비·정체 공급,False,증가 소비·정체 공급
경상북도,봉화군,8301,제과점,LOCALDATA,식품인허가 영업점,2.400515691524925,3.695083916465726,0.0,2.4005156915249044,3.6950839164657494,True,True,False,6110.0,9.0,증가,증가,정체,증가 소비·정체 공급,증가 소비·정체 공급,False,증가 소비·정체 공급
경상북도,상주시,4010,편의점,국세청,가동사업자,6.345573139178325,7.975839348755895,-0.6217784268330883,7.010944103967215,8.651410378942066,True,True,True,455531.0,64.0,증가,증가,감소,증가 소비·감소 공급,증가 소비·감소 공급,True,증가 소비·감소 공급
경상북도,상주시,4020,슈퍼마켓,국세청,가동사업자,3.0171350393946907,6.213162469954035,1.044557788322081,1.9521855449206331,5.115173735986505,True,True,True,294208.0,43.666666666666664,증가,증가,증가,증가 소비·증가 공급,증가 소비·증가 공급,True,증가 소비·증가 공급
경상북도,상주시,8005,중국음식,LOCALDATA,식품인허가 영업점,2.0890773155848636,3.716602914514538,0.0,2.089077315584843,3.7166029145145463,True,True,False,55863.0,62.0,증가,증가,정체,증가 소비·정체 공급,증가 소비·정체 공급,False,증가 소비·정체 공급
경상북도,상주시,8301,제과점,LOCALDATA,식품인허가 영업점,2.6553235371796524,5.238919034419968,1.2150897751426792,1.4229437184085596,3.97552308476587,True,True,True,60644.0,28.666666666666668,증가,증가,증가,증가 소비·증가 공급,증가 소비·증가 공급,True,증가 소비·증가 공급
경상북도,성주군,4010,편의점,국세청,가동사업자,4.912063697771003,6.343651540465858,-0.7300831979014709,5.683642212494736,7.125758705398446,True,True,False,155654.0,38.333333333333336,증가,증가,감소,증가 소비·감소 공급,증가 소비·감소 공급,False,증가 소비·감소 공급
경상북도,성주군,4020,슈퍼마켓,국세청,가동사업자,0.8039018299218736,3.1173648155173357,-0.6511100475298952,1.4645476946424636,3.7931725909068064,False,True,False,58521.0,17.666666666666668,증가,증가,감소,증가 소비·감소 공급,증가 소비·감소 공급,False,증가 소비·감소 공급
경상북도,성주군,8005,중국음식,LOCALDATA,식품인허가 영업점,0.8788416468854645,0.7225886212200883,0.0,0.8788416468854183,0.7225886212200896,True,True,False,13894.0,40.0,증가,증가,정체,증가 소비·정체 공급,증가 소비·정체 공급,False,증가 소비·정체 공급
경상북도,성주군,8301,제과점,LOCALDATA,식품인허가 영업점,3.922393407664513,4.228617212511245,0.0,3.922393407664487,4.228617212511232,True,True,False,9583.0,14.0,증가,증가,정체,증가 소비·정체 공급,증가 소비·정체 공급,False,증가 소비·정체 공급
경상북도,안동시,4010,편의점,국세청,가동사업자,3.869468851129825,4.960915940460749,0.2057647979837983,3.656180919862347,4.745386806900167,True,True,False,651495.0,137.66666666666666,증가,증가,정체,증가 소비·정체 공급,증가 소비·정체 공급,False,증가 소비·정체 공급
경상북도,안동시,4020,슈퍼마켓,국세청,가동사업자,-0.0158657601362066,2.08308885135732,-0.4732432191355108,0.4595522589029183,2.568487262296021,False,True,True,331195.0,96.66666666666669,정체,증가,감소,증가 소비·감소 공급,정체 소비·감소 공급,True,증가 소비·감소 공급
경상북도,안동시,8005,중국음식,LOCALDATA,식품인허가 영업점,-0.2860069315822877,2.0017227422539876,0.1270857214670303,-0.4125683376009081,1.8722576486464229,False,True,False,54079.0,110.83333333333331,감소,증가,정체,증가 소비·정체 공급,감소 소비·정체 공급,False,증가 소비·정체 공급
경상북도,안동시,8301,제과점,LOCALDATA,식품인허가 영업점,1.1279321099066728,2.7824346447592316,0.4729136107384004,0.6519354078911501,2.2986504033998756,True,True,True,86824.0,73.66666666666667,증가,증가,증가,증가 소비·증가 공급,증가 소비·증가 공급,True,증가 소비·증가 공급
경상북도,영덕군,4010,편의점,국세청,가동사업자,2.259456636612678,2.7943916955006793,-2.5872765277751744,4.975462128178578,5.524605032534911,True,True,True,137992.0,36.166666666666664,증가,증가,감소,증가 소비·감소 공급,증가 소비·감소 공급,True,증가 소비·감소 공급
경상북도,영덕군,4020,슈퍼마켓,국세청,가동사업자,-2.1446743383798035,-0.7002709388216616,0.7474504115006553,-2.870667930620275,-1.4369806326702137,True,True,True,137877.0,49.5,감소,감소,증가,감소 소비·증가 공급,감소 소비·증가 공급,True,감소 소비·증가 공급
경상북도,영덕군,8005,중국음식,LOCALDATA,식품인허가 영업점,0.2363878962194184,1.3286770549273927,0.0,0.2363878962193879,1.3286770549273927,True,True,False,15129.0,31.0,정체,증가,정체,증가 소비·정체 공급,정체 소비·정체 공급,False,증가 소비·정체 공급
경상북도,영덕군,8301,제과점,LOCALDATA,식품인허가 영업점,-3.038647428247182,-0.9127824304859232,0.0,-3.038647428247167,-0.9127824304859408,True,True,False,12265.0,12.0,감소,감소,정체,감소 소비·정체 공급,감소 소비·정체 공급,False,감소 소비·정체 공급
경상북도,영양군,4020,슈퍼마켓,국세청,가동사업자,22.55928683925025,20.082871319604127,5.060162843755733,16.65628866530416,14.299148287243757,True,True,True,41369.0,8.333333333333334,증가,증가,증가,증가 소비·증가 공급,증가 소비·증가 공급,True,증가 소비·증가 공급
경상북도,영양군,8005,중국음식,LOCALDATA,식품인허가 영업점,17.139209970568317,20.052729778244753,0.0,17.139209970568373,20.052729778244743,True,True,False,5253.0,10.0,증가,증가,정체,증가 소비·정체 공급,증가 소비·정체 공급,False,증가 소비·정체 공급
경상북도,영양군,8301,제과점,LOCALDATA,식품인허가 영업점,17.404875754758933,16.05903319233147,0.0,17.404875754758958,16.05903319233147,True,True,False,10414.0,16.0,증가,증가,정체,증가 소비·정체 공급,증가 소비·정체 공급,False,증가 소비·정체 공급
경상북도,영주시,4010,편의점,국세청,가동사업자,4.215329720187037,5.734408723693356,-0.3193716124004234,4.549230282693119,6.073176337286088,True,True,True,285972.0,80.16666666666667,증가,증가,감소,증가 소비·감소 공급,증가 소비·감소 공급,True,증가 소비·감소 공급
경상북도,영주시,4020,슈퍼마켓,국세청,가동사업자,1.2286166031539176,2.860181059644302,-0.2824949057369236,1.5153924152658809,3.151579015550416,True,True,False,224034.0,51.5,증가,증가,감소,증가 소비·감소 공급,증가 소비·감소 공급,False,증가 소비·감소 공급
경상북도,영주시,8005,중국음식,LOCALDATA,식품인허가 영업점,-0.1506646686659454,1.5483719906052518,-0.5962489369824511,0.4482569958894409,2.157484908419711,False,True,True,25589.0,86.0,정체,증가,감소,증가 소비·감소 공급,정체 소비·감소 공급,True,증가 소비·감소 공급
경상북도,영주시,8301,제과점,LOCALDATA,식품인허가 영업점,-0.6538309352250852,1.8801822265122656,0.995720817666954,-1.6332887567286878,0.875741468732193,True,True,True,37587.0,49.166666666666664,감소,증가,증가,증가 소비·증가 공급,감소 소비·증가 공급,True,증가 소비·증가 공급
경상북도,영천시,4010,편의점,국세청,가동사업자,4.223749324252886,5.2451373413288565,0.1512873144031574,4.06631019835536,5.086155319136992,True,True,False,372419.0,94.5,증가,증가,정체,증가 소비·정체 공급,증가 소비·정체 공급,False,증가 소비·정체 공급
경상북도,영천시,4020,슈퍼마켓,국세청,가동사업자,0.9404471851802344,2.816026962268764,0.1972417251167622,0.7417424344897079,2.613630068117458,True,True,False,370012.0,72.83333333333333,증가,증가,정체,증가 소비·정체 공급,증가 소비·정체 공급,False,증가 소비·정체 공급
경상북도,영천시,8005,중국음식,LOCALDATA,식품인허가 영업점,1.2424165295570724,2.2228062364294585,-0.2247236456029024,1.470444611898415,2.453042448450727,True,True,False,35926.0,63.166666666666664,증가,증가,정체,증가 소비·정체 공급,증가 소비·정체 공급,False,증가 소비·정체 공급
경상북도,영천시,8301,제과점,LOCALDATA,식품인허가 영업점,2.301775255345034,5.062973307108097,0.139497676673429,2.1592654535306877,4.916617063859657,True,True,False,34541.0,40.333333333333336,증가,증가,정체,증가 소비·정체 공급,증가 소비·정체 공급,False,증가 소비·정체 공급
경상북도,예천군,4010,편의점,국세청,가동사업자,4.597981453363118,5.928400315345983,0.4854825472675992,4.092629902196101,5.4166210183825,True,True,False,121597.0,29.833333333333332,증가,증가,증가,증가 소비·증가 공급,증가 소비·증가 공급,False,증가 소비·증가 공급
경상북도,예천군,4020,슈퍼마켓,국세청,가동사업자,0.3203784908886011,2.4338856673594513,1.121445330015344,-0.7921829405348851,1.297885263665778,True,True,True,71190.0,20.666666666666668,증가,증가,증가,증가 소비·증가 공급,증가 소비·증가 공급,True,증가 소비·증가 공급
경상북도,예천군,8005,중국음식,LOCALDATA,식품인허가 영업점,0.930052319511207,2.5156071030305176,0.235124334928009,0.6932978725712258,2.275133375883751,True,True,False,9523.0,36.833333333333336,증가,증가,정체,증가 소비·정체 공급,증가 소비·정체 공급,False,증가 소비·정체 공급
경상북도,예천군,8301,제과점,LOCALDATA,식품인허가 영업점,-0.3711684388696534,1.7660589901339705,0.0,-0.3711684388696534,1.766058990133963,False,True,False,17941.0,13.0,감소,증가,정체,증가 소비·정체 공급,감소 소비·정체 공급,False,증가 소비·정체 공급
경상북도,울릉군,4010,편의점,국세청,가동사업자,14.779304504591032,18.855189274646413,2.062261371013309,12.46008364183623,16.453611430955878,True,True,True,65870.0,12.833333333333334,증가,증가,증가,증가 소비·증가 공급,증가 소비·증가 공급,True,증가 소비·증가 공급
경상북도,울릉군,4020,슈퍼마켓,국세청,가동사업자,1.5008007008383129,5.898057948905194,4.799905694073138,-3.148003780523829,1.0478561479222466,True,True,True,9252.0,5.5,증가,증가,증가,증가 소비·증가 공급,증가 소비·증가 공급,True,증가 소비·증가 공급
경상북도,울릉군,8005,중국음식,LOCALDATA,식품인허가 영업점,23.783187171147933,20.27727559346001,0.0,23.783187171147883,20.27727559346001,True,True,False,2764.0,8.0,증가,증가,정체,증가 소비·정체 공급,증가 소비·정체 공급,False,증가 소비·정체 공급
경상북도,울진군,4010,편의점,국세청,가동사업자,2.7026632340594903,2.9242011547018416,0.9275573308534776,1.7587920981650025,1.9782940127076705,True,True,True,184188.0,52.5,증가,증가,증가,증가 소비·증가 공급,증가 소비·증가 공급,True,증가 소비·증가 공급
경상북도,울진군,4020,슈퍼마켓,국세청,가동사업자,-0.4309032626800738,1.088136197269344,2.9186577785641594,-3.2545712444588704,-1.778610040983331,False,True,True,89436.0,29.666666666666668,감소,증가,증가,증가 소비·증가 공급,감소 소비·증가 공급,True,증가 소비·증가 공급
경상북도,울진군,8005,중국음식,LOCALDATA,식품인허가 영업점,-1.70811504777244,-1.0037702031967706,-1.3523465056393225,-0.3606457219516761,0.3533548848807554,True,True,True,12141.0,31.833333333333332,감소,감소,감소,감소 소비·감소 공급,감소 소비·감소 공급,True,감소 소비·감소 공급
경상북도,울진군,8301,제과점,LOCALDATA,식품인허가 영업점,-2.413563453383519,-1.6887665395866405,-1.1090084070252817,-1.3191849180031068,-0.5862598030643499,True,True,True,15969.0,20.333333333333332,감소,감소,감소,감소 소비·감소 공급,감소 소비·감소 공급,True,감소 소비·감소 공급
경상북도,의성군,4010,편의점,국세청,가동사업자,6.594940170267249,6.548252981125321,-1.401255831779427,8.109835545576818,8.062484852080864,True,True,True,80712.0,26.833333333333332,증가,증가,감소,증가 소비·감소 공급,증가 소비·감소 공급,True,증가 소비·감소 공급
경상북도,의성군,4020,슈퍼마켓,국세청,가동사업자,6.1387264997729645,7.744067627110404,0.0,6.138726499772991,7.744067627110403,True,True,False,51898.0,19.0,증가,증가,정체,증가 소비·정체 공급,증가 소비·정체 공급,False,증가 소비·정체 공급
경상북도,의성군,8005,중국음식,LOCALDATA,식품인허가 영업점,0.7331047853983431,2.297021729419717,0.0,0.7331047853983226,2.297021729419714,True,True,False,9938.0,38.0,증가,증가,정체,증가 소비·정체 공급,증가 소비·정체 공급,False,증가 소비·정체 공급
경상북도,의성군,8301,제과점,LOCALDATA,식품인허가 영업점,4.531733517119957,6.976546245130066,0.0,4.531733517119915,6.976546245130066,True,True,False,7139.0,12.0,증가,증가,정체,증가 소비·정체 공급,증가 소비·정체 공급,False,증가 소비·정체 공급
경상북도,청도군,4010,편의점,국세청,가동사업자,5.342656767807589,5.330332895897438,-0.5000501344334847,5.872070197155981,5.859684390000483,True,True,False,101858.0,28.166666666666668,증가,증가,감소,증가 소비·감소 공급,증가 소비·감소 공급,False,증가 소비·감소 공급
경상북도,청도군,4020,슈퍼마켓,국세청,가동사업자,2.3861807056726447,4.298535585416252,-1.044218218773162,3.4665977699309862,5.399132529720471,True,True,True,77535.0,24.5,증가,증가,감소,증가 소비·감소 공급,증가 소비·감소 공급,True,증가 소비·감소 공급
경상북도,청도군,8005,중국음식,LOCALDATA,식품인허가 영업점,-0.945382354243398,0.0736983530613347,0.0,-0.945382354243398,0.0736983530613271,False,True,False,14344.0,24.0,감소,정체,정체,정체 소비·정체 공급,감소 소비·정체 공급,False,정체 소비·정체 공급
경상북도,청도군,8301,제과점,LOCALDATA,식품인허가 영업점,3.4206006396512625,3.724349121180824,0.0,3.4206006396512416,3.724349121180813,True,True,False,20463.0,15.0,증가,증가,정체,증가 소비·정체 공급,증가 소비·정체 공급,False,증가 소비·정체 공급
경상북도,청송군,4010,편의점,국세청,가동사업자,4.75564333754298,6.228166740792425,0.0,4.75564333754297,6.228166740792441,True,True,False,56201.0,16.0,증가,증가,정체,증가 소비·정체 공급,증가 소비·정체 공급,False,증가 소비·정체 공급
경상북도,청송군,4020,슈퍼마켓,국세청,가동사업자,3.3026992555884767,4.363455270508741,-0.6331979885590853,3.9609780776625954,5.028493579266562,True,True,False,46989.0,13.166666666666666,증가,증가,감소,증가 소비·감소 공급,증가 소비·감소 공급,False,증가 소비·감소 공급
경상북도,청송군,8005,중국음식,LOCALDATA,식품인허가 영업점,1.0681225223304505,1.8956889899511304,0.0,1.0681225223304402,1.895688989951135,True,True,False,6565.0,16.0,증가,증가,정체,증가 소비·정체 공급,증가 소비·정체 공급,False,증가 소비·정체 공급
경상북도,청송군,8301,제과점,LOCALDATA,식품인허가 영업점,1.7640460894247332,2.675589979846766,0.0,1.7640460894247332,2.6755899798467846,True,True,False,3803.0,9.0,증가,증가,정체,증가 소비·정체 공급,증가 소비·정체 공급,False,증가 소비·정체 공급
경상북도,칠곡군,4010,편의점,국세청,가동사업자,4.313079057336313,4.853052059109644,0.5761777900901177,3.715493419371483,4.252373040011226,True,True,True,777370.0,149.66666666666666,증가,증가,증가,증가 소비·증가 공급,증가 소비·증가 공급,True,증가 소비·증가 공급
경상북도,칠곡군,4020,슈퍼마켓,국세청,가동사업자,-0.0586972022945658,1.556533538122705,-0.0990436827721033,0.0403864807353389,1.6572185912191464,True,True,False,469360.0,86.16666666666667,정체,증가,정체,증가 소비·정체 공급,정체 소비·정체 공급,False,증가 소비·정체 공급
경상북도,칠곡군,8005,중국음식,LOCALDATA,식품인허가 영업점,-1.2281521241647322,-0.1116875191504783,-0.2053422758647027,-1.0249144309181777,0.0938474652351643,True,False,False,45698.0,69.16666666666667,감소,정체,정체,정체 소비·정체 공급,감소 소비·정체 공급,False,정체 소비·정체 공급
경상북도,칠곡군,8301,제과점,LOCALDATA,식품인허가 영업점,-3.5138438172437927,-0.372363902290301,0.3432182316184052,-3.8438691890060106,-0.7131345261988289,True,True,False,56899.0,41.5,감소,감소,증가,감소 소비·증가 공급,감소 소비·증가 공급,False,감소 소비·증가 공급
경상북도,포항시 남구,4010,편의점,국세청,가동사업자,4.499867328690394,5.211491851622549,0.0346380793435318,4.463683115247722,5.175061230463955,True,True,False,1606998.0,247.5,증가,증가,정체,증가 소비·정체 공급,증가 소비·정체 공급,False,증가 소비·정체 공급
경상북도,포항시 남구,4020,슈퍼마켓,국세청,가동사업자,6.0078422215232825,7.346008292557007,0.3619684719343437,5.625511172758451,6.95885097408757,True,True,True,1126915.0,134.83333333333334,증가,증가,증가,증가 소비·증가 공급,증가 소비·증가 공급,True,증가 소비·증가 공급
경상북도,포항시 남구,8005,중국음식,LOCALDATA,식품인허가 영업점,-1.5143742916497578,0.3375104957785323,-0.0218915255859682,-1.4928095648516566,0.3594807171776883,True,True,False,111585.0,130.83333333333334,감소,증가,정체,증가 소비·정체 공급,감소 소비·정체 공급,False,증가 소비·정체 공급
경상북도,포항시 남구,8301,제과점,LOCALDATA,식품인허가 영업점,0.2967693987565936,1.9606369118101492,0.2909825269292566,0.0057700818971961,1.6648100784460445,False,True,True,231078.0,88.5,증가,증가,증가,증가 소비·증가 공급,증가 소비·증가 공급,True,증가 소비·증가 공급
경상북도,포항시 북구,4010,편의점,국세청,가동사업자,3.8954880599510258,4.610669740020944,0.0668555046578841,3.826074613801513,4.5407784749982,True,True,False,1549449.0,257.6666666666667,증가,증가,정체,증가 소비·정체 공급,증가 소비·정체 공급,False,증가 소비·정체 공급
경상북도,포항시 북구,4020,슈퍼마켓,국세청,가동사업자,2.875544141226762,4.262130437634324,0.2711685302022209,2.5973324627608463,3.980168941813045,True,True,True,1252662.0,147.0,증가,증가,증가,증가 소비·증가 공급,증가 소비·증가 공급,True,증가 소비·증가 공급
경상북도,포항시 북구,8005,중국음식,LOCALDATA,식품인허가 영업점,-1.031899620587415,0.3387537312067061,-0.4702297506034463,-0.5643234869090501,0.8128055352514515,True,False,True,116395.0,133.33333333333334,감소,증가,감소,증가 소비·감소 공급,감소 소비·감소 공급,False,증가 소비·감소 공급
경상북도,포항시 북구,8301,제과점,LOCALDATA,식품인허가 영업점,-0.2040469934701277,2.3108014879940177,1.283606946618532,-1.4688003171853636,1.0141765013531416,False,True,True,298097.0,101.16666666666669,정체,증가,증가,증가 소비·증가 공급,정체 소비·증가 공급,True,증가 소비·증가 공급
광주광역시,광산구,4010,편의점,국세청,가동사업자,5.5152476120708265,5.902713123048696,0.0446153591342351,5.468192599170309,5.85548531811072,True,True,True,2735500.0,384.0,증가,증가,정체,증가 소비·정체 공급,증가 소비·정체 공급,True,증가 소비·정체 공급
광주광역시,광산구,4020,슈퍼마켓,국세청,가동사업자,1.3562657534163498,3.9460838744964337,0.2389815209607962,1.1146204954425527,3.698264185535883,True,True,True,2504981.0,240.33333333333337,증가,증가,정체,증가 소비·정체 공급,증가 소비·정체 공급,True,증가 소비·정체 공급
광주광역시,광산구,8005,중국음식,LOCALDATA,식품인허가 영업점,0.6925697481546544,3.472546627013843,0.9432132615333928,-0.2483015006956188,2.505699277599973,True,True,True,156266.0,193.66666666666663,증가,증가,증가,증가 소비·증가 공급,증가 소비·증가 공급,True,증가 소비·증가 공급
광주광역시,광산구,8301,제과점,LOCALDATA,식품인허가 영업점,1.4756582375205547,3.749671053078226,-0.1915736962120869,1.6704320421384828,3.9488096298546127,True,True,True,376051.0,148.66666666666666,증가,증가,정체,증가 소비·정체 공급,증가 소비·정체 공급,True,증가 소비·정체 공급
광주광역시,남구,4010,편의점,국세청,가동사업자,5.2156165998671264,6.148629903171742,0.3085810486488536,4.891939951616322,5.822083009718297,True,True,True,1035940.0,149.33333333333334,증가,증가,증가,증가 소비·증가 공급,증가 소비·증가 공급,True,증가 소비·증가 공급
광주광역시,남구,4020,슈퍼마켓,국세청,가동사업자,1.1217675103116898,3.0624038065929535,0.474215928533463,0.6444952824900585,2.5759722075367772,True,True,True,1403013.0,103.5,증가,증가,증가,증가 소비·증가 공급,증가 소비·증가 공급,True,증가 소비·증가 공급
광주광역시,남구,8005,중국음식,LOCALDATA,식품인허가 영업점,1.8836995563007304,3.8032776797631738,1.3939820115955155,0.4829848231517855,2.3761722543771,True,True,True,72839.0,43.166666666666664,증가,증가,증가,증가 소비·증가 공급,증가 소비·증가 공급,True,증가 소비·증가 공급
광주광역시,남구,8301,제과점,LOCALDATA,식품인허가 영업점,-0.324313214728073,2.162717385707614,-0.3709792139882005,0.0468397650523476,2.5431310874145816,True,True,True,216796.0,61.666666666666664,감소,증가,감소,증가 소비·감소 공급,감소 소비·감소 공급,True,증가 소비·감소 공급
광주광역시,동구,4010,편의점,국세청,가동사업자,5.619557776331774,7.139374044831424,0.2789435320279834,5.325758385755264,6.841347017793724,True,True,True,1005847.0,134.83333333333334,증가,증가,증가,증가 소비·증가 공급,증가 소비·증가 공급,True,증가 소비·증가 공급
광주광역시,동구,4020,슈퍼마켓,국세청,가동사업자,2.8635866554146197,5.432150857150096,-0.7867835585756005,3.679318486912804,6.268251991807297,True,True,True,734727.0,61.5,증가,증가,감소,증가 소비·감소 공급,증가 소비·감소 공급,True,증가 소비·감소 공급
광주광역시,동구,8005,중국음식,LOCALDATA,식품인허가 영업점,0.3323890082853009,2.757536551548078,0.3012102765607781,0.0310851002082342,2.448949786562364,False,True,True,67402.0,66.5,증가,증가,증가,증가 소비·증가 공급,증가 소비·증가 공급,True,증가 소비·증가 공급
광주광역시,동구,8301,제과점,LOCALDATA,식품인허가 영업점,3.091093639505317,4.524403134737173,1.3329342259760106,1.7350325705643932,3.1494883012506656,True,True,True,203621.0,58.166666666666664,증가,증가,증가,증가 소비·증가 공급,증가 소비·증가 공급,True,증가 소비·증가 공급
광주광역시,북구,4010,편의점,국세청,가동사업자,6.291895223276919,7.267129807219395,0.3004487605128239,5.973499158582875,6.945812439325086,True,True,True,2636228.0,353.5,증가,증가,증가,증가 소비·증가 공급,증가 소비·증가 공급,True,증가 소비·증가 공급
광주광역시,북구,4020,슈퍼마켓,국세청,가동사업자,2.7181143018376623,4.726304054944628,0.8011670619159081,1.9017113549333424,3.8939400281127337,True,True,True,2719610.0,204.16666666666663,증가,증가,증가,증가 소비·증가 공급,증가 소비·증가 공급,True,증가 소비·증가 공급
광주광역시,북구,8005,중국음식,LOCALDATA,식품인허가 영업점,1.4935852903686606,3.3929067724622626,0.1865164685781913,1.3046354617992617,3.2004209916707764,True,True,False,169484.0,91.66666666666669,증가,증가,정체,증가 소비·정체 공급,증가 소비·정체 공급,False,증가 소비·정체 공급
광주광역시,북구,8301,제과점,LOCALDATA,식품인허가 영업점,1.9832961111053728,4.151909184852106,-0.1467220151525573,2.133147923878054,4.304947505736347,True,True,True,470804.0,135.83333333333334,증가,증가,정체,증가 소비·정체 공급,증가 소비·정체 공급,True,증가 소비·정체 공급
광주광역시,서구,4010,편의점,국세청,가동사업자,4.205839598554535,4.837174373139294,0.8113675159678382,3.3671521042000245,3.993405660858456,True,True,True,2065194.0,279.1666666666667,증가,증가,증가,증가 소비·증가 공급,증가 소비·증가 공급,True,증가 소비·증가 공급
광주광역시,서구,4020,슈퍼마켓,국세청,가동사업자,0.7308556197670479,3.184023389692799,1.4318932645632805,-0.691141239932982,1.72739566297896,True,True,True,1548868.0,145.33333333333334,증가,증가,증가,증가 소비·증가 공급,증가 소비·증가 공급,True,증가 소비·증가 공급
광주광역시,서구,8005,중국음식,LOCALDATA,식품인허가 영업점,0.8639819637550906,2.1074355759933225,0.6016897280545495,0.2607234892471058,1.4967401164027294,False,True,True,115525.0,90.5,증가,증가,증가,증가 소비·증가 공급,증가 소비·증가 공급,True,증가 소비·증가 공급
광주광역시,서구,8301,제과점,LOCALDATA,식품인허가 영업점,-0.7536090595790012,1.908122376422136,0.2862491383474396,-1.036890108924041,1.6172438913706737,True,True,True,356528.0,109.83333333333331,감소,증가,증가,증가 소비·증가 공급,감소 소비·증가 공급,True,증가 소비·증가 공급
대구광역시,군위군,4010,편의점,국세청,가동사업자,8.519804577504049,8.324272438086739,0.0,8.519804577504022,8.324272438086714,True,True,False,102903.0,16.0,증가,증가,정체,증가 소비·정체 공급,증가 소비·정체 공급,False,증가 소비·정체 공급
대구광역시,군위군,4020,슈퍼마켓,국세청,가동사업자,24.689052905072,23.51619989010937,-1.2353260923240683,26.24863523736216,25.061112443474343,True,True,False,42921.0,11.833333333333334,증가,증가,감소,증가 소비·감소 공급,증가 소비·감소 공급,False,증가 소비·감소 공급
대구광역시,군위군,8005,중국음식,LOCALDATA,식품인허가 영업점,13.263538773686884,13.910692455350368,0.0,13.2635387736869,13.910692455350372,True,True,False,8637.0,14.0,증가,증가,정체,증가 소비·정체 공급,증가 소비·정체 공급,False,증가 소비·정체 공급
대구광역시,군위군,8301,제과점,LOCALDATA,식품인허가 영업점,7.483747534518854,9.743760592510954,0.0,7.483747534518809,9.743760592510958,True,True,False,7786.0,8.0,증가,증가,정체,증가 소비·정체 공급,증가 소비·정체 공급,False,증가 소비·정체 공급
대구광역시,남구,4010,편의점,국세청,가동사업자,6.226208544029261,6.743962586276606,0.7925571931952596,5.390925185496614,5.9046079976658925,True,True,True,1060606.0,151.33333333333334,증가,증가,증가,증가 소비·증가 공급,증가 소비·증가 공급,True,증가 소비·증가 공급
대구광역시,남구,4020,슈퍼마켓,국세청,가동사업자,7.626478924335424,8.568705547844084,-0.6799508964071437,8.363296127732193,9.311973290110515,True,True,True,861839.0,92.0,증가,증가,감소,증가 소비·감소 공급,증가 소비·감소 공급,True,증가 소비·감소 공급
대구광역시,남구,8005,중국음식,LOCALDATA,식품인허가 영업점,2.404490406492933,5.411119733418386,-0.2561433025055583,2.6674662451320295,5.6818166286789635,True,True,True,71949.0,89.0,증가,증가,감소,증가 소비·감소 공급,증가 소비·감소 공급,True,증가 소비·감소 공급
대구광역시,남구,8301,제과점,LOCALDATA,식품인허가 영업점,4.685957152142728,6.301555218478249,1.2048498502891547,3.4396645091644427,5.036028782937373,True,True,True,174348.0,71.0,증가,증가,증가,증가 소비·증가 공급,증가 소비·증가 공급,True,증가 소비·증가 공급
대구광역시,달서구,4010,편의점,국세청,가동사업자,4.758705055657852,5.479975768006109,-0.4975116368294091,5.2824977334263545,6.007374793501145,True,True,True,3745549.0,453.1666666666667,증가,증가,감소,증가 소비·감소 공급,증가 소비·감소 공급,True,증가 소비·감소 공급
대구광역시,달서구,4020,슈퍼마켓,국세청,가동사업자,2.532692428575051,4.5416841361989615,-0.4628640170276812,3.0094862746655457,5.027820123418826,True,True,True,3303584.0,258.0,증가,증가,감소,증가 소비·감소 공급,증가 소비·감소 공급,True,증가 소비·감소 공급
대구광역시,달서구,8005,중국음식,LOCALDATA,식품인허가 영업점,0.8349882013969417,1.518363399212022,0.0475314085805232,0.7870826813313345,1.470133215606116,True,True,True,242049.0,241.0,증가,증가,정체,증가 소비·정체 공급,증가 소비·정체 공급,True,증가 소비·정체 공급
대구광역시,달서구,8301,제과점,LOCALDATA,식품인허가 영업점,1.398566631398212,3.614578671180954,-1.061531250379683,2.486492779672556,4.726280869976179,True,True,True,618308.0,171.66666666666666,증가,증가,감소,증가 소비·감소 공급,증가 소비·감소 공급,True,증가 소비·감소 공급
대구광역시,달성군,4010,편의점,국세청,가동사업자,5.569840467241097,6.101816990681357,-0.142509952738776,5.720502705682144,6.253238430552158,True,True,True,1539648.0,240.66666666666663,증가,증가,정체,증가 소비·정체 공급,증가 소비·정체 공급,True,증가 소비·정체 공급
대구광역시,달성군,4020,슈퍼마켓,국세청,가동사업자,1.064759970683994,2.7547747435279426,0.1675526252311252,0.8957065655878664,2.5828944109043808,True,True,True,1440288.0,154.5,증가,증가,정체,증가 소비·정체 공급,증가 소비·정체 공급,True,증가 소비·정체 공급
대구광역시,달성군,8005,중국음식,LOCALDATA,식품인허가 영업점,0.5721789223522254,1.6357165482688487,1.4668501486231218,-0.8817374590424438,0.1664251914771947,False,True,True,111697.0,119.16666666666669,증가,증가,증가,증가 소비·증가 공급,증가 소비·증가 공급,True,증가 소비·증가 공급
대구광역시,달성군,8301,제과점,LOCALDATA,식품인허가 영업점,1.4154260687958655,3.126665784129637,0.3352418434043966,1.0765750951967117,2.7820971868308204,True,True,True,201194.0,77.5,증가,증가,증가,증가 소비·증가 공급,증가 소비·증가 공급,True,증가 소비·증가 공급
대구광역시,동구,4010,편의점,국세청,가동사업자,3.864182891269078,4.103425892938533,0.0620554849522212,3.799769440963201,4.038864071300305,True,True,False,2540895.0,274.0,증가,증가,정체,증가 소비·정체 공급,증가 소비·정체 공급,False,증가 소비·정체 공급
대구광역시,동구,4020,슈퍼마켓,국세청,가동사업자,4.042393254109836,5.032812713649768,-0.3285028706977799,4.385301967660152,5.378985706808854,True,True,True,2016890.0,182.83333333333337,증가,증가,감소,증가 소비·감소 공급,증가 소비·감소 공급,True,증가 소비·감소 공급
대구광역시,동구,8005,중국음식,LOCALDATA,식품인허가 영업점,0.6046747498992449,2.6357726551798493,-0.6272848982359784,1.2397363268917814,3.283655428025918,False,True,True,127337.0,95.5,증가,증가,감소,증가 소비·감소 공급,증가 소비·감소 공급,True,증가 소비·감소 공급
대구광역시,동구,8301,제과점,LOCALDATA,식품인허가 영업점,1.5466755067367404,2.8882363935627637,-0.2309051441417259,1.781694675537176,3.126360464842242,True,True,True,329089.0,123.0,증가,증가,정체,증가 소비·정체 공급,증가 소비·정체 공급,True,증가 소비·정체 공급
대구광역시,북구,4010,편의점,국세청,가동사업자,5.2820048089279386,6.460529528867292,-0.1129513696101066,5.401056746106226,6.580914131121373,True,True,False,2980479.0,350.6666666666667,증가,증가,정체,증가 소비·정체 공급,증가 소비·정체 공급,False,증가 소비·정체 공급
대구광역시,북구,4020,슈퍼마켓,국세청,가동사업자,2.2547925853002613,4.194062933944743,-0.0769525221907217,2.3335408260130173,4.274304641363112,True,True,False,2369286.0,225.66666666666663,증가,증가,정체,증가 소비·정체 공급,증가 소비·정체 공급,False,증가 소비·정체 공급
대구광역시,북구,8005,중국음식,LOCALDATA,식품인허가 영업점,-0.0510105407774374,2.370684372933872,-0.0520938194550583,0.0010838432930423,2.424040967914257,False,True,False,183693.0,165.5,정체,증가,정체,증가 소비·정체 공급,정체 소비·정체 공급,False,증가 소비·정체 공급
대구광역시,북구,8301,제과점,LOCALDATA,식품인허가 영업점,0.9318981025334856,4.1373340114806645,-0.6573456462310212,1.5997596994993573,4.826405826280171,False,True,True,444580.0,160.5,증가,증가,감소,증가 소비·감소 공급,증가 소비·감소 공급,True,증가 소비·감소 공급
대구광역시,서구,4010,편의점,국세청,가동사업자,5.762425697667487,6.373886529581909,0.2907260799554035,5.455838073552197,6.06552638254588,True,True,True,1123688.0,147.16666666666666,증가,증가,증가,증가 소비·증가 공급,증가 소비·증가 공급,True,증가 소비·증가 공급
대구광역시,서구,4020,슈퍼마켓,국세청,가동사업자,5.068145376625051,6.747020764910733,-0.8141105689372865,5.930537074682095,7.623192550088759,True,True,True,1604377.0,129.16666666666666,증가,증가,감소,증가 소비·감소 공급,증가 소비·감소 공급,True,증가 소비·감소 공급
대구광역시,서구,8005,중국음식,LOCALDATA,식품인허가 영업점,1.673999815143417,4.3235209558007,0.5545486657622094,1.113277483947721,3.748186770313426,True,True,True,65786.0,93.0,증가,증가,증가,증가 소비·증가 공급,증가 소비·증가 공급,True,증가 소비·증가 공급
대구광역시,서구,8301,제과점,LOCALDATA,식품인허가 영업점,4.020134867065615,5.54929988544945,0.2473843969259672,3.763440306034899,5.288831744009118,True,True,False,125326.0,47.0,증가,증가,정체,증가 소비·정체 공급,증가 소비·정체 공급,False,증가 소비·정체 공급
대구광역시,수성구,4010,편의점,국세청,가동사업자,4.843826539688894,5.166368368775565,-0.561770087660916,5.436135208878131,5.760499217942825,True,True,True,2362295.0,298.8333333333333,증가,증가,감소,증가 소비·감소 공급,증가 소비·감소 공급,True,증가 소비·감소 공급
대구광역시,수성구,4020,슈퍼마켓,국세청,가동사업자,1.702384301597129,3.7942799345545777,-0.3440552952819004,2.053504788843904,4.1526225476045795,True,True,True,1827228.0,190.83333333333337,증가,증가,감소,증가 소비·감소 공급,증가 소비·감소 공급,True,증가 소비·감소 공급
대구광역시,수성구,8005,중국음식,LOCALDATA,식품인허가 영업점,-2.394823040666333,-0.7691866132846088,0.0913245054375655,-2.483879155749256,-0.8597259782244628,True,True,False,170235.0,157.16666666666666,감소,감소,정체,감소 소비·정체 공급,감소 소비·정체 공급,False,감소 소비·정체 공급
대구광역시,수성구,8301,제과점,LOCALDATA,식품인허가 영업점,-0.4715773269885097,1.459429186531777,-0.6113061558029066,0.1405882534621544,2.083471733294728,True,True,True,509634.0,194.33333333333337,감소,증가,감소,증가 소비·감소 공급,감소 소비·감소 공급,True,증가 소비·감소 공급
대구광역시,중구,4010,편의점,국세청,가동사업자,4.127010053391468,3.851453640756051,0.4248232062408621,3.686525630767093,3.4121348936587115,True,True,True,1353490.0,155.5,증가,증가,증가,증가 소비·증가 공급,증가 소비·증가 공급,True,증가 소비·증가 공급
대구광역시,중구,4020,슈퍼마켓,국세청,가동사업자,4.694816324489636,4.833909716661291,3.249539353657512,1.3997902362368924,1.5345059870697135,True,True,True,336041.0,97.16666666666669,증가,증가,증가,증가 소비·증가 공급,증가 소비·증가 공급,True,증가 소비·증가 공급
대구광역시,중구,8005,중국음식,LOCALDATA,식품인허가 영업점,-1.0632376067332483,1.277747644445865,0.6124723211038077,-1.665509145316565,0.6612255001734074,True,True,True,134736.0,102.66666666666669,감소,증가,증가,증가 소비·증가 공급,감소 소비·증가 공급,True,증가 소비·증가 공급
대구광역시,중구,8301,제과점,LOCALDATA,식품인허가 영업점,1.596426232536859,3.28911052847283,0.448043839558585,1.1432600865901466,2.8283942427511524,True,True,False,255775.0,155.33333333333334,증가,증가,증가,증가 소비·증가 공급,증가 소비·증가 공급,False,증가 소비·증가 공급
대전광역시,대덕구,4010,편의점,국세청,가동사업자,3.756699420849298,4.990836928174698,0.2045420932961265,3.5449065015893844,4.776524831002444,True,True,False,765581.0,162.33333333333334,증가,증가,정체,증가 소비·정체 공급,증가 소비·정체 공급,False,증가 소비·정체 공급
대전광역시,대덕구,4020,슈퍼마켓,국세청,가동사업자,1.8113974624836295,3.1394215293309555,0.6708127657777793,1.132984492098478,2.4521593654922484,True,True,True,489830.0,101.33333333333331,증가,증가,증가,증가 소비·증가 공급,증가 소비·증가 공급,True,증가 소비·증가 공급
대전광역시,대덕구,8005,중국음식,LOCALDATA,식품인허가 영업점,1.2572949526758517,1.8565241744124523,-0.6286082140143643,1.897833101454223,2.5008529555256724,True,True,True,40992.0,77.16666666666667,증가,증가,감소,증가 소비·감소 공급,증가 소비·감소 공급,True,증가 소비·감소 공급
대전광역시,대덕구,8301,제과점,LOCALDATA,식품인허가 영업점,3.1108785376261916,4.233985038066625,1.007188115986512,2.08271357799211,3.1946210782293862,True,True,True,87805.0,51.0,증가,증가,증가,증가 소비·증가 공급,증가 소비·증가 공급,True,증가 소비·증가 공급
대전광역시,동구,4010,편의점,국세청,가동사업자,4.234967621906604,5.337859667048577,-0.3306405931255791,4.580754047384023,5.687304798492772,True,True,True,1290200.0,224.66666666666663,증가,증가,감소,증가 소비·감소 공급,증가 소비·감소 공급,True,증가 소비·감소 공급
대전광역시,동구,4020,슈퍼마켓,국세청,가동사업자,1.2309739891703102,3.214195875491419,-0.8120822414569432,2.0597833655514144,4.059242504464787,True,True,True,650802.0,129.83333333333334,증가,증가,감소,증가 소비·감소 공급,증가 소비·감소 공급,True,증가 소비·감소 공급
대전광역시,동구,8005,중국음식,LOCALDATA,식품인허가 영업점,0.2562219620485893,2.7670370490314227,0.2437903253027529,0.012401403324307,2.517110252455971,False,True,True,62637.0,94.33333333333331,증가,증가,정체,증가 소비·정체 공급,증가 소비·정체 공급,True,증가 소비·정체 공급
대전광역시,동구,8301,제과점,LOCALDATA,식품인허가 영업점,3.5751783034944253,3.8770607200470617,0.2284569781408149,3.339092934538046,3.640287251655464,True,True,True,120291.0,87.16666666666667,증가,증가,정체,증가 소비·정체 공급,증가 소비·정체 공급,True,증가 소비·정체 공급
대전광역시,서구,4010,편의점,국세청,가동사업자,2.880439235461032,3.971058239326512,-0.1708265998904393,3.056487128389011,4.148972387677222,True,True,True,2034721.0,452.8333333333333,증가,증가,정체,증가 소비·정체 공급,증가 소비·정체 공급,True,증가 소비·정체 공급
대전광역시,서구,4020,슈퍼마켓,국세청,가동사업자,0.8854862316797565,2.592235748636853,0.4029732005031328,0.4805764369278613,2.1804758149560075,True,True,True,775271.0,186.33333333333337,증가,증가,증가,증가 소비·증가 공급,증가 소비·증가 공급,True,증가 소비·증가 공급
대전광역시,서구,8005,중국음식,LOCALDATA,식품인허가 영업점,-1.1718861202919997,0.3662508012323057,0.8584432360605937,-2.0130484778558193,-0.4880032043289822,True,False,True,110249.0,156.83333333333334,감소,증가,증가,증가 소비·증가 공급,감소 소비·증가 공급,False,증가 소비·증가 공급
대전광역시,서구,8301,제과점,LOCALDATA,식품인허가 영업점,0.1249702980483245,2.6430224025314404,0.8711074467023985,-0.7396936224263329,1.7566129694425066,True,True,True,277048.0,210.66666666666663,정체,증가,증가,증가 소비·증가 공급,정체 소비·증가 공급,True,증가 소비·증가 공급
대전광역시,유성구,4010,편의점,국세청,가동사업자,3.9499629474285953,5.44300335118963,-0.1482755511096891,4.104324207876829,5.5995817129440235,True,True,True,1681257.0,384.6666666666667,증가,증가,정체,증가 소비·정체 공급,증가 소비·정체 공급,True,증가 소비·정체 공급
대전광역시,유성구,4020,슈퍼마켓,국세청,가동사업자,-0.4632109802188233,1.6198031915199338,0.1820371164770629,-0.6440756399730088,1.435153562879984,True,True,True,469571.0,157.33333333333334,감소,증가,정체,증가 소비·정체 공급,감소 소비·정체 공급,True,증가 소비·정체 공급
대전광역시,유성구,8005,중국음식,LOCALDATA,식품인허가 영업점,0.177804771832135,1.9587563644112775,-0.2625738615005776,0.4415379967006877,2.2271782137501854,False,True,True,104312.0,151.33333333333334,정체,증가,감소,증가 소비·감소 공급,정체 소비·감소 공급,True,증가 소비·감소 공급
대전광역시,유성구,8301,제과점,LOCALDATA,식품인허가 영업점,1.4288986420615797,3.4806210572225793,1.0478454950580174,0.3771017037886059,2.407548177049986,True,True,True,243257.0,177.83333333333334,증가,증가,증가,증가 소비·증가 공급,증가 소비·증가 공급,True,증가 소비·증가 공급
대전광역시,중구,4010,편의점,국세청,가동사업자,3.817012677364093,4.917148329351808,-0.0271413745870289,3.8451976914601937,4.9456320164501415,True,True,False,1028894.0,209.0,증가,증가,정체,증가 소비·정체 공급,증가 소비·정체 공급,False,증가 소비·정체 공급
대전광역시,중구,4020,슈퍼마켓,국세청,가동사업자,1.9817621629869016,3.6206785962501424,-0.4303925587637275,2.422581331531519,4.068582029315238,True,True,True,550709.0,113.16666666666669,증가,증가,감소,증가 소비·감소 공급,증가 소비·감소 공급,True,증가 소비·감소 공급
대전광역시,중구,8005,중국음식,LOCALDATA,식품인허가 영업점,2.456872916553087,2.268389344484577,-0.0844126077220262,2.5434325019756754,2.3547896915916606,True,True,False,73839.0,101.16666666666669,증가,증가,정체,증가 소비·정체 공급,증가 소비·정체 공급,False,증가 소비·정체 공급
대전광역시,중구,8301,제과점,LOCALDATA,식품인허가 영업점,-3.665025099265824,0.0265746964889608,-0.4331432659816498,-3.245941409918962,0.4617178622989958,True,True,True,523638.0,84.5,감소,정체,감소,정체 소비·감소 공급,감소 소비·감소 공급,True,정체 소비·감소 공급
부산광역시,강서구,4010,편의점,국세청,가동사업자,4.539708955746932,4.8226891807166545,0.4265423728012321,4.095696701054292,4.377475022087408,True,True,True,1483194.0,194.5,증가,증가,증가,증가 소비·증가 공급,증가 소비·증가 공급,True,증가 소비·증가 공급
부산광역시,강서구,4020,슈퍼마켓,국세청,가동사업자,-2.498817149849078,-0.4192163545229362,0.3503792054285751,-2.8392482199245093,-0.7669084721404612,True,True,True,499508.0,81.33333333333333,감소,감소,증가,감소 소비·증가 공급,감소 소비·증가 공급,True,감소 소비·증가 공급
부산광역시,강서구,8005,중국음식,LOCALDATA,식품인허가 영업점,1.0268820837179202,2.8428732544422473,0.0684587997569591,0.9577676077522224,2.7725164232188617,True,True,False,85273.0,83.33333333333333,증가,증가,정체,증가 소비·정체 공급,증가 소비·정체 공급,False,증가 소비·정체 공급
부산광역시,강서구,8301,제과점,LOCALDATA,식품인허가 영업점,2.538574851477438,4.798778109588035,0.0564474776317019,2.4807270659900573,4.739655216138364,True,True,False,141741.0,47.833333333333336,증가,증가,정체,증가 소비·정체 공급,증가 소비·정체 공급,False,증가 소비·정체 공급
부산광역시,금정구,4010,편의점,국세청,가동사업자,7.447952428607168,8.565765395974402,-0.0624295002375178,7.515073551705469,8.63358480005517,True,True,False,1814567.0,181.33333333333337,증가,증가,정체,증가 소비·정체 공급,증가 소비·정체 공급,False,증가 소비·정체 공급
부산광역시,금정구,4020,슈퍼마켓,국세청,가동사업자,6.688361407861705,7.033204023131299,0.3431761509023213,6.323484566022852,6.667147810996238,True,True,True,842125.0,99.66666666666669,증가,증가,증가,증가 소비·증가 공급,증가 소비·증가 공급,True,증가 소비·증가 공급
부산광역시,금정구,8005,중국음식,LOCALDATA,식품인허가 영업점,2.760433643317298,5.248669123754157,0.3614857024104603,2.390307321695218,4.869580583766001,True,True,True,101155.0,110.66666666666669,증가,증가,증가,증가 소비·증가 공급,증가 소비·증가 공급,True,증가 소비·증가 공급
부산광역시,금정구,8301,제과점,LOCALDATA,식품인허가 영업점,1.5656336022910156,4.37296082010844,0.1733123057942019,1.3899124072552826,4.1923825993635555,True,True,False,332226.0,82.16666666666667,증가,증가,정체,증가 소비·정체 공급,증가 소비·정체 공급,False,증가 소비·정체 공급
부산광역시,기장군,4010,편의점,국세청,가동사업자,5.746714910819731,5.876369811344146,0.0651414491425582,5.677874811744248,5.807445308169674,True,True,False,1206968.0,175.66666666666666,증가,증가,정체,증가 소비·정체 공급,증가 소비·정체 공급,False,증가 소비·정체 공급
부산광역시,기장군,4020,슈퍼마켓,국세청,가동사업자,7.025948439465542,6.662345020496245,-0.0312394200280869,7.059393172978407,6.695676130914588,True,True,False,550628.0,95.16666666666669,증가,증가,정체,증가 소비·정체 공급,증가 소비·정체 공급,False,증가 소비·정체 공급
부산광역시,기장군,8005,중국음식,LOCALDATA,식품인허가 영업점,1.7308289533211192,3.081574373339934,-1.0455876212451929,2.8057531825255047,4.170771060504263,False,True,True,83646.0,78.5,증가,증가,감소,증가 소비·감소 공급,증가 소비·감소 공급,True,증가 소비·감소 공급
부산광역시,기장군,8301,제과점,LOCALDATA,식품인허가 영업점,4.549046971028411,6.016040927550427,-0.6000206920735672,5.180149632779055,6.655998990833206,True,True,True,126005.0,52.166666666666664,증가,증가,감소,증가 소비·감소 공급,증가 소비·감소 공급,True,증가 소비·감소 공급
부산광역시,남구,4010,편의점,국세청,가동사업자,7.015010573177707,7.932132295140663,-0.000838241392669,7.015907624812081,7.933037034533462,True,True,False,2121514.0,194.0,증가,증가,정체,증가 소비·정체 공급,증가 소비·정체 공급,False,증가 소비·정체 공급
부산광역시,남구,4020,슈퍼마켓,국세청,가동사업자,3.5636335987485883,5.154986535872299,-0.8660567070631361,4.468389089216511,6.073644448040852,True,True,False,1267229.0,108.0,증가,증가,감소,증가 소비·감소 공급,증가 소비·감소 공급,False,증가 소비·감소 공급
부산광역시,남구,8005,중국음식,LOCALDATA,식품인허가 영업점,2.177580522373391,4.365443632392522,-0.4680793829876623,2.6581019324858084,4.856254139794049,True,True,True,125672.0,116.16666666666669,증가,증가,감소,증가 소비·감소 공급,증가 소비·감소 공급,True,증가 소비·감소 공급
부산광역시,남구,8301,제과점,LOCALDATA,식품인허가 영업점,3.68522513728678,6.020809929814083,0.7146651014186779,2.9494811236048224,5.268492749345074,True,True,True,339026.0,80.33333333333333,증가,증가,증가,증가 소비·증가 공급,증가 소비·증가 공급,True,증가 소비·증가 공급
부산광역시,동구,4010,편의점,국세청,가동사업자,2.953484008550407,3.454334748420049,-0.5997867025819813,3.5747113544923215,4.078584257029318,True,True,False,1489467.0,92.0,증가,증가,감소,증가 소비·감소 공급,증가 소비·감소 공급,False,증가 소비·감소 공급
부산광역시,동구,4020,슈퍼마켓,국세청,가동사업자,8.338816808305193,7.416817260502261,-0.768668158977801,9.178033589102712,8.248892025952003,True,True,True,445445.0,67.33333333333333,증가,증가,감소,증가 소비·감소 공급,증가 소비·감소 공급,True,증가 소비·감소 공급
부산광역시,동구,8005,중국음식,LOCALDATA,식품인허가 영업점,-0.4435985780661137,2.554720991020271,0.3072830427196823,-0.7485813572140759,2.2405531085349395,True,True,True,83558.0,74.66666666666667,감소,증가,증가,증가 소비·증가 공급,감소 소비·증가 공급,True,증가 소비·증가 공급
부산광역시,동구,8301,제과점,LOCALDATA,식품인허가 영업점,3.960727045889531,6.7366676495406965,0.9275573308534776,3.005293891234152,5.755722690923949,True,True,True,169398.0,52.5,증가,증가,증가,증가 소비·증가 공급,증가 소비·증가 공급,True,증가 소비·증가 공급
부산광역시,동래구,4010,편의점,국세청,가동사업자,6.586516843657401,6.274417898808678,-0.3662073467013267,6.978279161320787,6.665033086332252,True,True,True,1927695.0,195.16666666666663,증가,증가,감소,증가 소비·감소 공급,증가 소비·감소 공급,True,증가 소비·감소 공급
부산광역시,동래구,4020,슈퍼마켓,국세청,가동사업자,5.004469964350425,5.865848725594005,-0.1835095911229677,5.197517498583574,6.060479878562211,True,True,False,1043909.0,93.0,증가,증가,정체,증가 소비·정체 공급,증가 소비·정체 공급,False,증가 소비·정체 공급
부산광역시,동래구,8005,중국음식,LOCALDATA,식품인허가 영업점,2.0012060842106916,3.468072951888937,0.5569373708502743,1.4362695912604595,2.89501217633796,True,True,True,141349.0,118.16666666666669,증가,증가,증가,증가 소비·증가 공급,증가 소비·증가 공급,True,증가 소비·증가 공급
부산광역시,동래구,8301,제과점,LOCALDATA,식품인허가 영업점,2.175058291235217,4.34316341341088,0.1923663207798309,1.9788852616849617,4.14282768743248,True,True,True,400286.0,104.16666666666669,증가,증가,정체,증가 소비·정체 공급,증가 소비·정체 공급,True,증가 소비·정체 공급
부산광역시,부산진구,4010,편의점,국세청,가동사업자,5.315278567661527,5.499438613747822,0.3889035363757149,4.90729040535916,5.090737021069568,True,True,True,4165115.0,376.5,증가,증가,증가,증가 소비·증가 공급,증가 소비·증가 공급,True,증가 소비·증가 공급
부산광역시,부산진구,4020,슈퍼마켓,국세청,가동사업자,5.647826903751666,5.848945250140149,0.0349241381911502,5.610943192006309,5.811991324067345,True,True,False,1609198.0,168.33333333333334,증가,증가,정체,증가 소비·정체 공급,증가 소비·정체 공급,False,증가 소비·정체 공급
부산광역시,부산진구,8005,중국음식,LOCALDATA,식품인허가 영업점,3.451703591191628,4.7575539507961455,-0.0910136718971963,3.5459445574339368,4.852984502085288,True,True,True,239745.0,218.5,증가,증가,정체,증가 소비·정체 공급,증가 소비·정체 공급,True,증가 소비·정체 공급
부산광역시,부산진구,8301,제과점,LOCALDATA,식품인허가 영업점,4.607784181758079,6.663240848366109,1.4695104541508994,3.0928243504487476,5.118513306085185,True,True,True,652004.0,139.83333333333334,증가,증가,증가,증가 소비·증가 공급,증가 소비·증가 공급,True,증가 소비·증가 공급
부산광역시,북구,4010,편의점,국세청,가동사업자,6.5625218098191915,6.694009495546125,0.0565916223033299,6.502250458495139,6.633663775294214,True,True,False,1539871.0,150.5,증가,증가,정체,증가 소비·정체 공급,증가 소비·정체 공급,False,증가 소비·정체 공급
부산광역시,북구,4020,슈퍼마켓,국세청,가동사업자,6.205895102792041,6.632527215916177,-1.1621289996731805,7.454656831328174,7.886305255971739,True,True,True,1002809.0,109.5,증가,증가,감소,증가 소비·감소 공급,증가 소비·감소 공급,True,증가 소비·감소 공급
부산광역시,북구,8005,중국음식,LOCALDATA,식품인허가 영업점,3.509203645794147,5.59540999318948,-0.2047881932919012,3.721613263649989,5.812100682461301,True,True,True,88030.0,111.33333333333331,증가,증가,정체,증가 소비·정체 공급,증가 소비·정체 공급,True,증가 소비·정체 공급
부산광역시,북구,8301,제과점,LOCALDATA,식품인허가 영업점,3.0203450320883034,5.394320405413523,-1.4987705568164975,4.587877343715273,6.997974544273097,True,True,True,320164.0,70.5,증가,증가,감소,증가 소비·감소 공급,증가 소비·감소 공급,True,증가 소비·감소 공급
부산광역시,사상구,4010,편의점,국세청,가동사업자,6.913289971869951,6.783203719391917,-0.0313886919467376,6.946859192048478,6.816732094376592,True,True,False,1885973.0,179.66666666666666,증가,증가,정체,증가 소비·정체 공급,증가 소비·정체 공급,False,증가 소비·정체 공급
부산광역시,사상구,4020,슈퍼마켓,국세청,가동사업자,6.539063183324788,7.428882536819029,-0.5693543419608005,7.149121358150287,8.044035946711325,True,True,True,1174736.0,95.16666666666669,증가,증가,감소,증가 소비·감소 공급,증가 소비·감소 공급,True,증가 소비·감소 공급
부산광역시,사상구,8005,중국음식,LOCALDATA,식품인허가 영업점,3.983270843752465,6.550575311134252,-0.6156742605627658,4.62743503072366,7.210643648662727,True,True,True,89480.0,138.33333333333334,증가,증가,감소,증가 소비·감소 공급,증가 소비·감소 공급,True,증가 소비·감소 공급
부산광역시,사상구,8301,제과점,LOCALDATA,식품인허가 영업점,6.993473690455955,8.274537948237786,-0.5181511299843569,7.550749112287939,8.838485792228065,True,True,True,179237.0,49.5,증가,증가,감소,증가 소비·감소 공급,증가 소비·감소 공급,True,증가 소비·감소 공급
부산광역시,사하구,4010,편의점,국세청,가동사업자,6.278861309635832,6.929084969898549,-0.3099018520668847,6.609245335404772,7.261490314939084,True,True,True,2268843.0,237.66666666666663,증가,증가,감소,증가 소비·감소 공급,증가 소비·감소 공급,True,증가 소비·감소 공급
부산광역시,사하구,4020,슈퍼마켓,국세청,가동사업자,5.96413920283569,6.169497162696816,-0.7013325591391604,6.712549054039002,6.919357428364294,True,True,True,1192423.0,124.33333333333331,증가,증가,감소,증가 소비·감소 공급,증가 소비·감소 공급,True,증가 소비·감소 공급
부산광역시,사하구,8005,중국음식,LOCALDATA,식품인허가 영업점,3.0472379736051685,4.83984768695834,-0.1547882152269572,3.206990231774393,5.002378995351102,True,True,False,119014.0,111.33333333333331,증가,증가,정체,증가 소비·정체 공급,증가 소비·정체 공급,False,증가 소비·정체 공급
부산광역시,사하구,8301,제과점,LOCALDATA,식품인허가 영업점,4.219562060129741,6.241791909684624,0.3717677254098493,3.8335424611096,5.84828215871777,True,True,True,347317.0,77.0,증가,증가,증가,증가 소비·증가 공급,증가 소비·증가 공급,True,증가 소비·증가 공급
부산광역시,서구,4010,편의점,국세청,가동사업자,6.944189203948516,7.868934014496595,0.2084027079020644,6.721778128407688,7.644599753699567,True,True,True,910022.0,95.83333333333331,증가,증가,정체,증가 소비·정체 공급,증가 소비·정체 공급,True,증가 소비·정체 공급
부산광역시,서구,4020,슈퍼마켓,국세청,가동사업자,10.985380702345855,9.988514928306286,-0.6192903283263964,11.6769854723425,10.673907734889326,True,True,True,408346.0,46.0,증가,증가,감소,증가 소비·감소 공급,증가 소비·감소 공급,True,증가 소비·감소 공급
부산광역시,서구,8005,중국음식,LOCALDATA,식품인허가 영업점,5.244050763568956,6.923692899350319,0.1634036010348895,5.07235874568621,6.7492607631851405,True,True,False,50077.0,52.5,증가,증가,정체,증가 소비·정체 공급,증가 소비·정체 공급,False,증가 소비·정체 공급
부산광역시,서구,8301,제과점,LOCALDATA,식품인허가 영업점,11.922765195740114,12.537653432878756,1.687928712151208,10.064947347448443,10.66962898953322,True,True,True,122998.0,29.166666666666668,증가,증가,증가,증가 소비·증가 공급,증가 소비·증가 공급,True,증가 소비·증가 공급
부산광역시,수영구,4010,편의점,국세청,가동사업자,4.767535994007419,5.040997665804408,-0.2207037138614166,4.99927328968531,5.273339836529608,True,True,True,1566292.0,168.16666666666666,증가,증가,정체,증가 소비·정체 공급,증가 소비·정체 공급,True,증가 소비·정체 공급
부산광역시,수영구,4020,슈퍼마켓,국세청,가동사업자,3.678348706844059,4.162523047812149,-0.3111213830713585,4.001920921636229,4.487606333775943,True,True,True,1095712.0,91.66666666666669,증가,증가,감소,증가 소비·감소 공급,증가 소비·감소 공급,True,증가 소비·감소 공급
부산광역시,수영구,8005,중국음식,LOCALDATA,식품인허가 영업점,1.9339973728240236,2.82191616443322,-0.2869010938833474,2.227288582013079,3.117762152035428,True,True,True,94116.0,89.5,증가,증가,감소,증가 소비·감소 공급,증가 소비·감소 공급,True,증가 소비·감소 공급
부산광역시,수영구,8301,제과점,LOCALDATA,식품인허가 영업점,1.892318832025337,3.9598167988406514,-0.0305533004332171,1.923459812913841,3.991589661655247,True,True,False,323534.0,93.16666666666669,증가,증가,정체,증가 소비·정체 공급,증가 소비·정체 공급,False,증가 소비·정체 공급
부산광역시,연제구,4010,편의점,국세청,가동사업자,4.969757859301796,5.210039901942669,-0.5745441094852863,5.57634050468165,5.8180110512119,True,True,True,1518584.0,148.0,증가,증가,감소,증가 소비·감소 공급,증가 소비·감소 공급,True,증가 소비·감소 공급
부산광역시,연제구,4020,슈퍼마켓,국세청,가동사업자,5.919990218966975,6.174326374326001,0.0,5.919990218966975,6.174326374326017,True,True,False,994897.0,81.33333333333333,증가,증가,정체,증가 소비·정체 공급,증가 소비·정체 공급,False,증가 소비·정체 공급
부산광역시,연제구,8005,중국음식,LOCALDATA,식품인허가 영업점,1.862572113547536,3.57350621097179,0.1270671115184459,1.7333025445518215,3.4420653664156866,True,True,False,96878.0,67.83333333333333,증가,증가,정체,증가 소비·정체 공급,증가 소비·정체 공급,False,증가 소비·정체 공급
부산광역시,연제구,8301,제과점,LOCALDATA,식품인허가 영업점,2.1693768265234668,4.57779808246392,-1.3890690304382352,3.608571404786846,6.0509185485166626,True,True,True,292648.0,70.0,증가,증가,감소,증가 소비·감소 공급,증가 소비·감소 공급,True,증가 소비·감소 공급
부산광역시,영도구,4010,편의점,국세청,가동사업자,8.376164207407639,8.894575215583584,0.33047658068085,8.019186094722468,8.535889519089345,True,True,True,793205.0,86.66666666666667,증가,증가,증가,증가 소비·증가 공급,증가 소비·증가 공급,True,증가 소비·증가 공급
부산광역시,영도구,4020,슈퍼마켓,국세청,가동사업자,10.442656473941842,9.218120696635792,-0.6496364650705277,11.164823705061258,9.932280880116782,True,True,True,481209.0,47.833333333333336,증가,증가,감소,증가 소비·감소 공급,증가 소비·감소 공급,True,증가 소비·감소 공급
부산광역시,영도구,8005,중국음식,LOCALDATA,식품인허가 영업점,5.747322626607154,7.366678320864686,0.0,5.74732262660717,7.366678320864696,True,True,False,47864.0,50.0,증가,증가,정체,증가 소비·정체 공급,증가 소비·정체 공급,False,증가 소비·정체 공급
부산광역시,영도구,8301,제과점,LOCALDATA,식품인허가 영업점,9.539657161165987,11.03152546589678,0.5848751047341325,8.902712308493347,10.385905783831872,True,True,False,105297.0,24.166666666666668,증가,증가,증가,증가 소비·증가 공급,증가 소비·증가 공급,False,증가 소비·증가 공급
부산광역시,중구,4010,편의점,국세청,가동사업자,5.344967800357067,5.290616505791029,-0.5770215526702526,5.95635882721477,5.901692093814848,True,True,True,849841.0,79.0,증가,증가,감소,증가 소비·감소 공급,증가 소비·감소 공급,True,증가 소비·감소 공급
부산광역시,중구,4020,슈퍼마켓,국세청,가동사업자,6.238834598761897,5.891475637885778,0.6458069021076807,5.5571393074469535,5.212009220493671,True,True,True,269991.0,62.333333333333336,증가,증가,증가,증가 소비·증가 공급,증가 소비·증가 공급,True,증가 소비·증가 공급
부산광역시,중구,8005,중국음식,LOCALDATA,식품인허가 영업점,2.1953495451184626,4.842762254820088,0.4644080456864103,1.7229400273227955,4.358114773485374,True,True,True,68809.0,55.5,증가,증가,증가,증가 소비·증가 공급,증가 소비·증가 공급,True,증가 소비·증가 공급
부산광역시,중구,8301,제과점,LOCALDATA,식품인허가 영업점,3.121947688813437,6.112555696532407,1.1496536274434055,1.9498772270980065,4.906494378486443,True,True,True,155249.0,40.0,증가,증가,증가,증가 소비·증가 공급,증가 소비·증가 공급,True,증가 소비·증가 공급
부산광역시,해운대구,4010,편의점,국세청,가동사업자,5.459111510259067,5.556444079689322,0.5435126731724274,4.889026359229502,4.985832773529561,True,True,True,2817727.0,311.1666666666667,증가,증가,증가,증가 소비·증가 공급,증가 소비·증가 공급,True,증가 소비·증가 공급
부산광역시,해운대구,4020,슈퍼마켓,국세청,가동사업자,7.18593032275701,7.198058371761,0.4710285302411689,6.683420972937175,6.695492163191133,True,True,True,1258791.0,140.16666666666666,증가,증가,증가,증가 소비·증가 공급,증가 소비·증가 공급,True,증가 소비·증가 공급
부산광역시,해운대구,8005,중국음식,LOCALDATA,식품인허가 영업점,1.1270342369126232,2.921294468686252,-0.2307505253813208,1.3609251041217798,3.1593351765860715,False,True,True,140258.0,137.16666666666666,증가,증가,정체,증가 소비·정체 공급,증가 소비·정체 공급,True,증가 소비·정체 공급
부산광역시,해운대구,8301,제과점,LOCALDATA,식품인허가 영업점,3.943665412535821,5.446223113183126,0.0907458643901833,3.849426352927628,5.350621780807692,True,True,True,461043.0,157.5,증가,증가,정체,증가 소비·정체 공급,증가 소비·정체 공급,True,증가 소비·정체 공급
서울특별시,강남구,4010,편의점,국세청,가동사업자,2.3080234145662013,2.606990250653146,-0.1101689984834896,2.4208594496600435,2.7201560177786055,True,True,True,5369935.0,675.3333333333334,증가,증가,정체,증가 소비·정체 공급,증가 소비·정체 공급,True,증가 소비·정체 공급
서울특별시,강남구,4020,슈퍼마켓,국세청,가동사업자,-1.1557087582925414,-0.2955092193290089,-0.3008622254647719,-0.8574262043880319,0.0053691599097258,True,True,True,724050.0,236.5,감소,감소,감소,감소 소비·감소 공급,감소 소비·감소 공급,True,감소 소비·감소 공급
서울특별시,강남구,8005,중국음식,LOCALDATA,식품인허가 영업점,-3.3767731823984737,-1.9889362333804093,0.1087094213650008,-3.4816976703723266,-2.0953677925426737,True,True,True,359172.0,421.3333333333333,감소,감소,정체,감소 소비·정체 공급,감소 소비·정체 공급,True,감소 소비·정체 공급
서울특별시,강남구,8301,제과점,LOCALDATA,식품인허가 영업점,-1.057448481396584,0.5375654816160983,-0.1102224597059193,-0.9482712295645715,0.6485027369899805,True,True,True,745163.0,466.6666666666667,감소,증가,정체,증가 소비·정체 공급,감소 소비·정체 공급,True,증가 소비·정체 공급
서울특별시,강동구,4010,편의점,국세청,가동사업자,2.2935004428926304,2.8510423080381218,0.0087489850397043,2.2845515827767113,2.8420446729351214,True,True,False,2156877.0,331.8333333333333,증가,증가,정체,증가 소비·정체 공급,증가 소비·정체 공급,False,증가 소비·정체 공급
서울특별시,강동구,4020,슈퍼마켓,국세청,가동사업자,-1.629701037035529,0.5715041979127697,-0.7484285195149187,-0.8879179486784411,1.3298859632537128,True,True,True,869831.0,129.33333333333334,감소,증가,감소,증가 소비·감소 공급,감소 소비·감소 공급,True,증가 소비·감소 공급
서울특별시,강동구,8005,중국음식,LOCALDATA,식품인허가 영업점,-0.5807914081294687,-0.5787750330821563,-0.020184026348791,-0.5607205577658229,-0.5587037756506745,True,True,False,126500.0,144.16666666666666,감소,감소,정체,감소 소비·정체 공급,감소 소비·정체 공급,False,감소 소비·정체 공급
서울특별시,강동구,8301,제과점,LOCALDATA,식품인허가 영업점,-0.7173168865516609,0.7192844343123238,0.0856760499453123,-0.8023055527907998,0.6330659984260387,True,False,False,419332.0,201.66666666666663,감소,증가,정체,증가 소비·정체 공급,감소 소비·정체 공급,False,증가 소비·정체 공급
서울특별시,강북구,4010,편의점,국세청,가동사업자,1.8906021391282115,2.9473388914916923,-0.415504920436541,2.315729027618443,3.3768748932667356,True,True,True,1407264.0,235.0,증가,증가,감소,증가 소비·감소 공급,증가 소비·감소 공급,True,증가 소비·감소 공급
서울특별시,강북구,4020,슈퍼마켓,국세청,가동사업자,-1.7039092300194487,0.7774319861397826,0.0,-1.703909230019499,0.7774319861397775,True,True,False,875608.0,93.0,감소,증가,정체,증가 소비·정체 공급,감소 소비·정체 공급,False,증가 소비·정체 공급
서울특별시,강북구,8005,중국음식,LOCALDATA,식품인허가 영업점,-1.265641183639815,-1.2497651494386046,-0.621151082392565,-0.6485183801852703,-0.6325431154543165,True,True,True,77301.0,74.33333333333333,감소,감소,감소,감소 소비·감소 공급,감소 소비·감소 공급,True,감소 소비·감소 공급
서울특별시,강북구,8301,제과점,LOCALDATA,식품인허가 영업점,-2.4879698196467768,-0.7186622437884048,0.0450054300293402,-2.531835786092974,-0.7633241365075897,True,False,False,189439.0,64.16666666666667,감소,감소,정체,감소 소비·정체 공급,감소 소비·정체 공급,False,감소 소비·정체 공급
서울특별시,강서구,4010,편의점,국세청,가동사업자,1.90986124955274,2.6181592677892307,0.0178031552897265,1.8917213081809128,2.5998932494669424,True,True,False,3201196.0,481.5,증가,증가,정체,증가 소비·정체 공급,증가 소비·정체 공급,False,증가 소비·정체 공급
서울특별시,강서구,4020,슈퍼마켓,국세청,가동사업자,-1.0696288579848428,0.6841262725311177,0.0751831521815989,-1.1439519510302067,0.6084856416635359,True,True,False,1129707.0,189.83333333333337,감소,증가,정체,증가 소비·정체 공급,감소 소비·정체 공급,False,증가 소비·정체 공급
서울특별시,강서구,8005,중국음식,LOCALDATA,식품인허가 영업점,-1.5629785720474692,-1.2443278884576303,1.113570690461974,-2.6470722418686243,-2.331930880116827,True,True,True,166174.0,242.33333333333337,감소,감소,증가,감소 소비·증가 공급,감소 소비·증가 공급,True,감소 소비·증가 공급
서울특별시,강서구,8301,제과점,LOCALDATA,식품인허가 영업점,-0.6926695709597384,0.6509908740178625,0.7161299207077747,-1.398782392429724,-0.0646758833378604,True,True,True,508138.0,204.16666666666663,감소,증가,증가,증가 소비·증가 공급,감소 소비·증가 공급,True,증가 소비·증가 공급
서울특별시,관악구,4010,편의점,국세청,가동사업자,2.5439817646307468,3.529043318376939,0.0311241131193341,2.512075790200788,3.49683084766896,True,True,False,3139993.0,368.3333333333333,증가,증가,정체,증가 소비·정체 공급,증가 소비·정체 공급,False,증가 소비·정체 공급
서울특별시,관악구,4020,슈퍼마켓,국세청,가동사업자,-1.1802828588964076,0.8953648824260715,-0.2650251234426901,-0.917689844095856,1.1634735029562098,True,True,True,1504518.0,162.16666666666666,감소,증가,감소,증가 소비·감소 공급,감소 소비·감소 공급,True,증가 소비·감소 공급
서울특별시,관악구,8005,중국음식,LOCALDATA,식품인허가 영업점,0.1897797804322293,0.5356037098133656,-0.2565325203243541,0.4474601816379721,0.7941735435447421,True,True,True,159438.0,200.0,정체,증가,감소,증가 소비·감소 공급,정체 소비·감소 공급,True,증가 소비·감소 공급
서울특별시,관악구,8301,제과점,LOCALDATA,식품인허가 영업점,-0.2883989295377728,0.8243116203822438,0.7830681593862037,-1.063141962724858,0.0409230059664377,True,True,True,409073.0,146.66666666666666,감소,증가,증가,증가 소비·증가 공급,감소 소비·증가 공급,True,증가 소비·증가 공급
서울특별시,광진구,4010,편의점,국세청,가동사업자,4.128991775404805,5.4739543125711085,-0.361763429298109,4.507060099880764,5.856905885451213,True,True,True,2123799.0,315.6666666666667,증가,증가,감소,증가 소비·감소 공급,증가 소비·감소 공급,True,증가 소비·감소 공급
서울특별시,광진구,4020,슈퍼마켓,국세청,가동사업자,-1.314379239193182,0.935159606772315,0.0235184769788719,-1.3375831369899105,0.91142677609693,True,True,False,749315.0,121.83333333333331,감소,증가,정체,증가 소비·정체 공급,감소 소비·정체 공급,False,증가 소비·정체 공급
서울특별시,광진구,8005,중국음식,LOCALDATA,식품인허가 영업점,-0.7140298612932476,1.051114562293295,0.3503310365457468,-1.060645128765324,0.6983370343764521,True,True,True,177919.0,244.66666666666663,감소,증가,증가,증가 소비·증가 공급,감소 소비·증가 공급,True,증가 소비·증가 공급
서울특별시,광진구,8301,제과점,LOCALDATA,식품인허가 영업점,0.0545941867759232,1.5417551738232598,0.5685095192993666,-0.5110101909433634,0.9677439381132612,False,True,True,290252.0,126.83333333333331,정체,증가,증가,증가 소비·증가 공급,정체 소비·증가 공급,True,증가 소비·증가 공급
서울특별시,구로구,4010,편의점,국세청,가동사업자,2.5866523113818976,3.629610048555635,-0.1441002205358435,2.734693230894466,3.779156041281366,True,True,False,2429172.0,320.3333333333333,증가,증가,정체,증가 소비·정체 공급,증가 소비·정체 공급,False,증가 소비·정체 공급
서울특별시,구로구,4020,슈퍼마켓,국세청,가동사업자,-0.934158471853302,0.387987436959152,0.3758572137668592,-1.3051103342811663,0.0120848015937357,True,False,True,1278545.0,145.16666666666666,감소,증가,증가,증가 소비·증가 공급,감소 소비·증가 공급,False,증가 소비·증가 공급
서울특별시,구로구,8005,중국음식,LOCALDATA,식품인허가 영업점,0.7971796324392417,1.7181481749621172,0.230061862697359,0.5658160428143308,1.484670651309394,True,True,True,197365.0,323.3333333333333,증가,증가,정체,증가 소비·정체 공급,증가 소비·정체 공급,True,증가 소비·정체 공급
서울특별시,구로구,8301,제과점,LOCALDATA,식품인허가 영업점,-1.2718735651238169,0.1599553254434422,0.7056196749293873,-1.9636374280168425,-0.5418410126935175,True,True,True,377688.0,113.66666666666669,감소,정체,증가,정체 소비·증가 공급,감소 소비·증가 공급,True,정체 소비·증가 공급
서울특별시,금천구,4010,편의점,국세청,가동사업자,1.865571180148829,2.6230159066065526,-0.1965904170692158,2.0662235948006953,2.825160318128056,True,True,True,1936409.0,276.8333333333333,증가,증가,정체,증가 소비·정체 공급,증가 소비·정체 공급,True,증가 소비·정체 공급
서울특별시,금천구,4020,슈퍼마켓,국세청,가동사업자,-1.6272302994463497,0.7246333608626122,0.0,-1.6272302994463594,0.7246333608626071,True,True,False,898558.0,95.0,감소,증가,정체,증가 소비·정체 공급,감소 소비·정체 공급,False,증가 소비·정체 공급
서울특별시,금천구,8005,중국음식,LOCALDATA,식품인허가 영업점,-0.676464086743869,-0.2406182932987146,0.4126249987861276,-1.0846136982706882,-0.6505589233353294,True,False,True,114755.0,194.33333333333337,감소,정체,증가,정체 소비·증가 공급,감소 소비·증가 공급,False,정체 소비·증가 공급
서울특별시,금천구,8301,제과점,LOCALDATA,식품인허가 영업점,-1.1946047853616113,0.6343681448804618,1.2269382794325454,-2.3921923412417905,-0.5853877877016312,True,True,True,207677.0,75.0,감소,증가,증가,증가 소비·증가 공급,감소 소비·증가 공급,True,증가 소비·증가 공급
서울특별시,노원구,4010,편의점,국세청,가동사업자,3.0834248217255023,4.57900086037949,0.1048968471799425,2.9754068665517295,4.469415737004052,True,True,True,2067665.0,299.8333333333333,증가,증가,정체,증가 소비·정체 공급,증가 소비·정체 공급,True,증가 소비·정체 공급
서울특별시,노원구,4020,슈퍼마켓,국세청,가동사업자,-1.7359498349471598,0.8653937605024689,0.8793641306225649,-2.5925163070846367,-0.0138485905819245,True,True,True,994180.0,123.0,감소,증가,증가,증가 소비·증가 공급,감소 소비·증가 공급,True,증가 소비·증가 공급
서울특별시,노원구,8005,중국음식,LOCALDATA,식품인허가 영업점,-2.479158328693603,-1.3248929397770417,-0.4714573946980712,-2.0172112254847465,-0.8574781894108658,True,True,True,107176.0,139.16666666666666,감소,감소,감소,감소 소비·감소 공급,감소 소비·감소 공급,True,감소 소비·감소 공급
서울특별시,노원구,8301,제과점,LOCALDATA,식품인허가 영업점,-0.3246086898336417,1.7725152961982689,-0.5079514937133213,0.1842788510562351,2.2921095948360803,True,True,True,347164.0,145.33333333333334,감소,증가,감소,증가 소비·감소 공급,감소 소비·감소 공급,True,증가 소비·감소 공급
서울특별시,도봉구,4010,편의점,국세청,가동사업자,2.281406906075566,3.1281938017657622,0.0,2.2814069060755617,3.128193801765749,True,True,False,1166815.0,225.0,증가,증가,정체,증가 소비·정체 공급,증가 소비·정체 공급,False,증가 소비·정체 공급
서울특별시,도봉구,4020,슈퍼마켓,국세청,가동사업자,-1.5683895334236964,0.4247592387798066,7.18237703308529,-8.164370681765872,-6.304784407066781,True,True,True,579578.0,107.66666666666669,감소,증가,증가,증가 소비·증가 공급,감소 소비·증가 공급,True,증가 소비·증가 공급
서울특별시,도봉구,8005,중국음식,LOCALDATA,식품인허가 영업점,-0.0065668331630048,1.1383192854198658,0.1771858534870274,-0.1834276787519194,0.959433451583034,False,True,False,52357.0,80.5,정체,증가,정체,증가 소비·정체 공급,정체 소비·정체 공급,False,증가 소비·정체 공급
서울특별시,도봉구,8301,제과점,LOCALDATA,식품인허가 영업점,-1.201396798518256,0.1816088217307253,0.9017348273970336,-2.0843364383306846,-0.7136904106734726,True,True,True,171796.0,80.16666666666667,감소,정체,증가,정체 소비·증가 공급,감소 소비·증가 공급,True,정체 소비·증가 공급
서울특별시,동대문구,4010,편의점,국세청,가동사업자,3.1927050021760084,4.679090006226723,0.2640972612489041,2.9208937405543622,4.403363582353995,True,True,True,2323465.0,313.8333333333333,증가,증가,증가,증가 소비·증가 공급,증가 소비·증가 공급,True,증가 소비·증가 공급
서울특별시,동대문구,4020,슈퍼마켓,국세청,가동사업자,-4.068590169343513,-0.707623359353514,-1.643858386087502,-2.465257119147723,0.9518826291591562,True,True,True,796441.0,124.66666666666669,감소,감소,감소,감소 소비·감소 공급,감소 소비·감소 공급,True,감소 소비·감소 공급
서울특별시,동대문구,8005,중국음식,LOCALDATA,식품인허가 영업점,1.18709944823554,3.0130491126216583,0.6393057289220272,0.5443138894350436,2.3586643076547444,True,True,True,127497.0,162.0,증가,증가,증가,증가 소비·증가 공급,증가 소비·증가 공급,True,증가 소비·증가 공급
서울특별시,동대문구,8301,제과점,LOCALDATA,식품인허가 영업점,0.6626351819597758,3.4842470088640027,0.0250641481266558,0.6374112721276874,3.4583160632765715,False,True,True,323448.0,121.5,증가,증가,정체,증가 소비·정체 공급,증가 소비·정체 공급,True,증가 소비·정체 공급
서울특별시,동작구,4010,편의점,국세청,가동사업자,3.726114727502748,4.856675920074439,-0.2043170901202299,3.938478802908111,5.07135465445433,True,True,True,2159937.0,279.6666666666667,증가,증가,정체,증가 소비·정체 공급,증가 소비·정체 공급,True,증가 소비·정체 공급
서울특별시,동작구,4020,슈퍼마켓,국세청,가동사업자,-0.4791011501017529,1.5715900193862635,0.530953061458006,-1.0047196219678236,1.035140845916459,True,True,True,722369.0,113.5,감소,증가,증가,증가 소비·증가 공급,감소 소비·증가 공급,True,증가 소비·증가 공급
서울특별시,동작구,8005,중국음식,LOCALDATA,식품인허가 영업점,0.8500307394167615,1.6170592835667483,0.0694287497433043,0.7800604034880626,1.5465567787878716,True,False,False,111516.0,123.5,증가,증가,정체,증가 소비·정체 공급,증가 소비·정체 공급,False,증가 소비·정체 공급
서울특별시,동작구,8301,제과점,LOCALDATA,식품인허가 영업점,0.7990951063867953,3.0591212268199235,0.4446653642959666,0.3528606928057222,2.602881748912983,False,True,True,340420.0,129.33333333333334,증가,증가,증가,증가 소비·증가 공급,증가 소비·증가 공급,True,증가 소비·증가 공급
서울특별시,마포구,4010,편의점,국세청,가동사업자,3.128481528860739,4.181616244601232,-0.0318884608080683,3.161378104486672,4.214848755802924,True,True,False,3004589.0,451.1666666666667,증가,증가,정체,증가 소비·정체 공급,증가 소비·정체 공급,False,증가 소비·정체 공급
서울특별시,마포구,4020,슈퍼마켓,국세청,가동사업자,-0.0496197796751741,1.8001928557385434,0.6445654084867896,-0.6897393667948729,1.148226377213112,False,True,True,560115.0,145.83333333333334,정체,증가,증가,증가 소비·증가 공급,정체 소비·증가 공급,True,증가 소비·증가 공급
서울특별시,마포구,8005,중국음식,LOCALDATA,식품인허가 영업점,-2.1142187728751356,-0.8061683481154227,0.8838827816861546,-2.9718340253112783,-1.6752439370903816,True,True,True,234677.0,254.0,감소,감소,증가,감소 소비·증가 공급,감소 소비·증가 공급,True,감소 소비·증가 공급
서울특별시,마포구,8301,제과점,LOCALDATA,식품인허가 영업점,-1.850859493825698,-0.0477458518702612,1.2976073070385563,-3.108135408688455,-1.3281193847263997,True,False,True,461331.0,312.8333333333333,감소,정체,증가,정체 소비·증가 공급,감소 소비·증가 공급,False,정체 소비·증가 공급
서울특별시,서대문구,4010,편의점,국세청,가동사업자,3.624683724396853,5.272382705997589,0.0326479368728236,3.590863444693398,5.238024662139669,True,True,True,2078061.0,257.8333333333333,증가,증가,정체,증가 소비·정체 공급,증가 소비·정체 공급,True,증가 소비·정체 공급
서울특별시,서대문구,4020,슈퍼마켓,국세청,가동사업자,-3.685589168995097,-1.4637262201097552,1.4174252930936215,-5.031693959239433,-2.840884103374695,True,True,True,717399.0,98.0,감소,감소,증가,감소 소비·증가 공급,감소 소비·증가 공급,True,감소 소비·증가 공급
서울특별시,서대문구,8005,중국음식,LOCALDATA,식품인허가 영업점,0.8501934766356433,2.6875246962949415,0.3930375131224025,0.4553662035113318,2.285504293933344,True,True,True,134967.0,138.16666666666666,증가,증가,증가,증가 소비·증가 공급,증가 소비·증가 공급,True,증가 소비·증가 공급
서울특별시,서대문구,8301,제과점,LOCALDATA,식품인허가 영업점,1.2549899955785615,3.451740180952149,-0.2912501161281592,1.550756692374136,3.7539236039361104,True,True,True,352301.0,127.5,증가,증가,감소,증가 소비·감소 공급,증가 소비·감소 공급,True,증가 소비·감소 공급
서울특별시,서초구,4010,편의점,국세청,가동사업자,3.794720694753379,4.064765811660014,0.2935011169197996,3.490973531527155,3.760228382439037,True,True,True,3162725.0,400.1666666666667,증가,증가,증가,증가 소비·증가 공급,증가 소비·증가 공급,True,증가 소비·증가 공급
서울특별시,서초구,4020,슈퍼마켓,국세청,가동사업자,-2.3577358031896427,-0.2592303370989433,-0.41822087027622,-1.9476604554200816,0.159658257330532,True,True,True,246677.0,150.33333333333334,감소,감소,감소,감소 소비·감소 공급,감소 소비·감소 공급,True,감소 소비·감소 공급
서울특별시,서초구,8005,중국음식,LOCALDATA,식품인허가 영업점,-2.1285546049363653,-1.0221341081295092,0.0381854478071779,-2.1659129891694904,-1.0599148227152462,True,True,False,221070.0,226.16666666666663,감소,감소,정체,감소 소비·정체 공급,감소 소비·정체 공급,False,감소 소비·정체 공급
서울특별시,서초구,8301,제과점,LOCALDATA,식품인허가 영업점,-1.024962384637654,0.8480282838604911,-0.1536375663570002,-0.8726655604101137,1.0032071532733124,True,True,True,573818.0,241.83333333333337,감소,증가,정체,증가 소비·정체 공급,감소 소비·정체 공급,True,증가 소비·정체 공급
서울특별시,성동구,4010,편의점,국세청,가동사업자,3.510912810099294,5.305859901766233,0.3076657546784176,3.1934219895566303,4.982863582242933,True,True,True,1876514.0,261.0,증가,증가,증가,증가 소비·증가 공급,증가 소비·증가 공급,True,증가 소비·증가 공급
서울특별시,성동구,4020,슈퍼마켓,국세청,가동사업자,-1.957973859530953,0.0645930088972724,-0.0242752209250019,-1.9341681622004332,0.0888898080195713,True,False,False,521704.0,112.83333333333331,감소,정체,정체,정체 소비·정체 공급,감소 소비·정체 공급,False,정체 소비·정체 공급
서울특별시,성동구,8005,중국음식,LOCALDATA,식품인허가 영업점,1.118784346994166,0.6606846362191695,0.07806839794636,1.0399041125669568,0.5821617539180898,True,True,False,103896.0,109.5,증가,증가,정체,증가 소비·정체 공급,증가 소비·정체 공급,False,증가 소비·정체 공급
서울특별시,성동구,8301,제과점,LOCALDATA,식품인허가 영업점,-1.3065824133979758,0.8254916714519575,-0.2234552905235368,-1.0855528481450278,1.051296138816722,True,True,False,311863.0,151.0,감소,증가,정체,증가 소비·정체 공급,감소 소비·정체 공급,False,증가 소비·정체 공급
서울특별시,성북구,4010,편의점,국세청,가동사업자,4.629158744741424,6.64602175091977,-0.0008308291652636,4.63002804153006,6.6469078045336625,True,True,False,2135177.0,287.3333333333333,증가,증가,정체,증가 소비·정체 공급,증가 소비·정체 공급,False,증가 소비·정체 공급
서울특별시,성북구,4020,슈퍼마켓,국세청,가동사업자,-1.6079290028272402,0.7772134187597156,-0.1419225849685126,-1.4680899690925044,0.9204423192608776,True,False,False,1019546.0,123.33333333333331,감소,증가,정체,증가 소비·정체 공급,감소 소비·정체 공급,False,증가 소비·정체 공급
서울특별시,성북구,8005,중국음식,LOCALDATA,식품인허가 영업점,0.5237161840369832,2.635535300578984,0.1518792432936984,0.3712730540382834,2.479889619696387,True,True,False,115658.0,132.5,증가,증가,정체,증가 소비·정체 공급,증가 소비·정체 공급,False,증가 소비·정체 공급
서울특별시,성북구,8301,제과점,LOCALDATA,식품인허가 영업점,0.6904357403854603,1.8815877918341928,1.113511395320656,-0.4184165390924793,0.7596179639243343,True,True,True,291712.0,132.16666666666666,증가,증가,증가,증가 소비·증가 공급,증가 소비·증가 공급,True,증가 소비·증가 공급
서울특별시,송파구,4010,편의점,국세청,가동사업자,4.097287313748617,5.040573849888989,-0.349216335380614,4.462085982278103,5.408678172977764,True,True,False,3625739.0,494.3333333333333,증가,증가,감소,증가 소비·감소 공급,증가 소비·감소 공급,False,증가 소비·감소 공급
서울특별시,송파구,4020,슈퍼마켓,국세청,가동사업자,-1.1540866148907667,0.7915975669360203,-0.3062169363189982,-0.8504739739188886,1.1011865228885709,True,True,True,1213356.0,194.5,감소,증가,감소,증가 소비·감소 공급,감소 소비·감소 공급,True,증가 소비·감소 공급
서울특별시,송파구,8005,중국음식,LOCALDATA,식품인허가 영업점,-2.0302581913956628,-0.9344171426763992,-0.2591710880654989,-1.775689176289018,-0.6770006445475745,True,True,True,207941.0,220.0,감소,감소,감소,감소 소비·감소 공급,감소 소비·감소 공급,True,감소 소비·감소 공급
서울특별시,송파구,8301,제과점,LOCALDATA,식품인허가 영업점,1.3847071486782252,1.5347546399254055,0.7080358914989657,0.671913865849067,0.8209064362223527,True,True,True,508134.0,272.5,증가,증가,증가,증가 소비·증가 공급,증가 소비·증가 공급,True,증가 소비·증가 공급
서울특별시,양천구,4010,편의점,국세청,가동사업자,2.210193869846662,3.074846581492231,-0.1029628405196336,2.315540857006054,3.181084757237243,True,True,False,1660246.0,251.5,증가,증가,정체,증가 소비·정체 공급,증가 소비·정체 공급,False,증가 소비·정체 공급
서울특별시,양천구,4020,슈퍼마켓,국세청,가동사업자,-1.602341178078875,0.1388343760080354,-0.4219055958320818,-1.18543700731571,0.5631157888643219,True,False,True,1038362.0,149.33333333333334,감소,정체,감소,정체 소비·감소 공급,감소 소비·감소 공급,False,정체 소비·감소 공급
서울특별시,양천구,8005,중국음식,LOCALDATA,식품인허가 영업점,-1.4843859528599788,-0.8500683636576047,-0.4196898347813523,-1.069183372006096,-0.4321923964307654,True,True,True,101382.0,129.16666666666666,감소,감소,감소,감소 소비·감소 공급,감소 소비·감소 공급,True,감소 소비·감소 공급
서울특별시,양천구,8301,제과점,LOCALDATA,식품인허가 영업점,-0.4969249597301006,1.0583745745410478,-0.0974662574774364,-0.3998484195427955,1.1569684859018965,True,True,False,398936.0,146.83333333333334,감소,증가,정체,증가 소비·정체 공급,감소 소비·정체 공급,False,증가 소비·정체 공급
서울특별시,영등포구,4010,편의점,국세청,가동사업자,3.490463546949559,4.078088536838332,-0.1221962563677716,3.617079739348647,4.205423663487295,True,True,True,3357275.0,422.6666666666667,증가,증가,정체,증가 소비·정체 공급,증가 소비·정체 공급,True,증가 소비·정체 공급
서울특별시,영등포구,4020,슈퍼마켓,국세청,가동사업자,-1.5652664107925385,1.1732733763377263,-0.0642756449328016,-1.501956157866841,1.2383449754900115,True,True,False,959254.0,178.33333333333334,감소,증가,정체,증가 소비·정체 공급,감소 소비·정체 공급,False,증가 소비·정체 공급
서울특별시,영등포구,8005,중국음식,LOCALDATA,식품인허가 영업점,-1.0280192743500778,-0.1898876619685704,0.1096223502858055,-1.1363958807628225,-0.2991820418684442,True,False,False,353623.0,517.6666666666666,감소,정체,정체,정체 소비·정체 공급,감소 소비·정체 공급,False,정체 소비·정체 공급
서울특별시,영등포구,8301,제과점,LOCALDATA,식품인허가 영업점,-0.4675204756268344,1.2289992326508343,-0.0438201541156065,-0.4238860690399457,1.2733773826980048,True,True,False,399695.0,198.5,감소,증가,정체,증가 소비·정체 공급,감소 소비·정체 공급,False,증가 소비·정체 공급
서울특별시,용산구,4010,편의점,국세청,가동사업자,2.1394743312052107,3.317687825792849,-0.1890386214981795,2.332923078331244,3.513368069858451,True,True,True,2429956.0,227.16666666666663,증가,증가,정체,증가 소비·정체 공급,증가 소비·정체 공급,True,증가 소비·정체 공급
서울특별시,용산구,4020,슈퍼마켓,국세청,가동사업자,-2.1959838872293287,0.2235914715526492,-0.2772752696278232,-1.9240435144439616,0.5022593822368004,True,False,False,435408.0,104.33333333333331,감소,정체,감소,정체 소비·감소 공급,감소 소비·감소 공급,False,정체 소비·감소 공급
서울특별시,용산구,8005,중국음식,LOCALDATA,식품인허가 영업점,-3.0432315344650367,-2.525554458762342,-0.3189023078642844,-2.7330449700853623,-2.213711728690296,True,True,True,466310.0,143.0,감소,감소,감소,감소 소비·감소 공급,감소 소비·감소 공급,True,감소 소비·감소 공급
서울특별시,용산구,8301,제과점,LOCALDATA,식품인허가 영업점,-1.7257468000758176,0.2830997122299047,-0.4774323229081379,-1.2543029247576247,0.7641804797537366,True,False,True,245500.0,156.33333333333334,감소,증가,감소,증가 소비·감소 공급,감소 소비·감소 공급,False,증가 소비·감소 공급
서울특별시,은평구,4010,편의점,국세청,가동사업자,2.1182474860109433,3.130402544659471,0.0016258082543442,2.116587266106176,3.1287258693217,True,True,False,2000099.0,317.3333333333333,증가,증가,정체,증가 소비·정체 공급,증가 소비·정체 공급,False,증가 소비·정체 공급
서울특별시,은평구,4020,슈퍼마켓,국세청,가동사업자,-1.4293406353773752,0.6020946241260531,-0.5006755711227174,-0.9333380599167016,1.1083192791294278,True,True,True,1031006.0,119.5,감소,증가,감소,증가 소비·감소 공급,감소 소비·감소 공급,True,증가 소비·감소 공급
서울특별시,은평구,8005,중국음식,LOCALDATA,식품인허가 영업점,-0.5626336708162151,0.5489724896592784,-0.4096312265228434,-0.1536317679889159,0.962546607656921,True,False,True,101315.0,111.0,감소,증가,감소,증가 소비·감소 공급,감소 소비·감소 공급,False,증가 소비·감소 공급
서울특별시,은평구,8301,제과점,LOCALDATA,식품인허가 영업점,-0.4673773676884722,0.887792198363889,0.1713856180361475,-0.6376701108640911,0.7151808631852848,True,True,False,338283.0,148.83333333333334,감소,증가,정체,증가 소비·정체 공급,감소 소비·정체 공급,False,증가 소비·정체 공급
서울특별시,종로구,4010,편의점,국세청,가동사업자,4.596202311606017,5.696443148856225,-0.0116823373153996,4.608423020443578,5.7087924065571904,True,True,False,2123704.0,248.16666666666663,증가,증가,정체,증가 소비·정체 공급,증가 소비·정체 공급,False,증가 소비·정체 공급
서울특별시,종로구,4020,슈퍼마켓,국세청,가동사업자,-0.5494040343574811,1.839991076079953,0.7499195580723409,-1.2896522380654616,1.081957705563528,True,True,True,350512.0,119.16666666666669,감소,증가,증가,증가 소비·증가 공급,감소 소비·증가 공급,True,증가 소비·증가 공급
서울특별시,종로구,8005,중국음식,LOCALDATA,식품인허가 영업점,-0.9662443295374328,-0.2874244871032995,0.4177292102882005,-1.3782163276440875,-0.7022203180026344,True,True,True,161916.0,164.33333333333334,감소,감소,증가,감소 소비·증가 공급,감소 소비·증가 공급,True,감소 소비·증가 공급
서울특별시,종로구,8301,제과점,LOCALDATA,식품인허가 영업점,-0.1760243555481165,1.1190434399028184,1.3720424823214816,-1.527114182531697,-0.2495747705416625,False,True,True,311689.0,147.66666666666666,정체,증가,증가,증가 소비·증가 공급,정체 소비·증가 공급,True,증가 소비·증가 공급
서울특별시,중구,4010,편의점,국세청,가동사업자,3.4499872123545257,4.0297980614460975,0.0832377050914289,3.363949432954598,3.943278062190346,True,True,True,2491841.0,308.8333333333333,증가,증가,정체,증가 소비·정체 공급,증가 소비·정체 공급,True,증가 소비·정체 공급
서울특별시,중구,4020,슈퍼마켓,국세청,가동사업자,-0.4603234616990834,0.8139117332026793,-0.5405618347959371,0.0806744684838945,1.3618351289586157,False,True,True,648996.0,148.0,감소,증가,감소,증가 소비·감소 공급,감소 소비·감소 공급,True,증가 소비·감소 공급
서울특별시,중구,8005,중국음식,LOCALDATA,식품인허가 영업점,-2.0135816478006534,-0.8533773452328163,-0.1611205740130863,-1.8554505864228836,-0.6933739392907471,True,True,True,228264.0,230.5,감소,감소,정체,감소 소비·정체 공급,감소 소비·정체 공급,True,감소 소비·정체 공급
서울특별시,중구,8301,제과점,LOCALDATA,식품인허가 영업점,-2.582673813663092,-1.5610290126644455,0.4592993393842617,-3.028065269269477,-2.0110914224310403,True,True,True,392163.0,162.33333333333334,감소,감소,증가,감소 소비·증가 공급,감소 소비·증가 공급,True,감소 소비·증가 공급
서울특별시,중랑구,4010,편의점,국세청,가동사업자,1.9201482172441495,2.820906440586106,-0.2656863115844947,2.1916574627038634,3.0948152526657737,True,True,True,1829210.0,302.3333333333333,증가,증가,감소,증가 소비·감소 공급,증가 소비·감소 공급,True,증가 소비·감소 공급
서울특별시,중랑구,4020,슈퍼마켓,국세청,가동사업자,-1.3601814076687933,0.6011936527195185,-1.1086710776554414,-0.2543300133127625,1.7290340305949816,True,True,True,928963.0,138.33333333333334,감소,증가,감소,증가 소비·감소 공급,감소 소비·감소 공급,True,증가 소비·감소 공급
서울특별시,중랑구,8005,중국음식,LOCALDATA,식품인허가 영업점,-1.2548956211239022,-0.4510231231820631,-0.1022149089195236,-1.1538601292845905,-0.3491651130648399,True,True,False,83073.0,111.33333333333331,감소,감소,정체,감소 소비·정체 공급,감소 소비·정체 공급,False,감소 소비·정체 공급
서울특별시,중랑구,8301,제과점,LOCALDATA,식품인허가 영업점,-0.341029114824597,1.0142104891404702,0.8055988105944047,-1.1374645247368165,0.206944535826854,False,True,True,236742.0,110.16666666666669,감소,증가,증가,증가 소비·증가 공급,감소 소비·증가 공급,True,증가 소비·증가 공급
세종특별자치시,세종특별자치시,8005,중국음식,LOCALDATA,식품인허가 영업점,-1.559755968730731,-0.2250038503687725,0.067052406681119,-1.6257182921711442,-0.2918605575219126,True,True,False,96156.0,170.66666666666666,감소,정체,정체,정체 소비·정체 공급,감소 소비·정체 공급,False,정체 소비·정체 공급
세종특별자치시,세종특별자치시,8301,제과점,LOCALDATA,식품인허가 영업점,0.753678756070843,2.696529975616176,0.2644308415101685,0.4879576041617844,2.4256848751781916,True,True,True,235339.0,139.83333333333334,증가,증가,증가,증가 소비·증가 공급,증가 소비·증가 공급,True,증가 소비·증가 공급
울산광역시,남구,4010,편의점,국세청,가동사업자,2.2861718403421305,3.649648622092731,-0.1345360431670094,2.4239689954832535,3.789282616155961,True,True,False,2126546.0,341.6666666666667,증가,증가,정체,증가 소비·정체 공급,증가 소비·정체 공급,False,증가 소비·정체 공급
울산광역시,남구,4020,슈퍼마켓,국세청,가동사업자,-0.5463511970189845,1.0662787026963825,0.5821112096516748,-1.1219315175424296,0.481365411027714,True,True,True,935170.0,172.16666666666666,감소,증가,증가,증가 소비·증가 공급,감소 소비·증가 공급,True,증가 소비·증가 공급
울산광역시,남구,8005,중국음식,LOCALDATA,식품인허가 영업점,-2.837823658267921,-1.8769550304601823,-0.2713493329714979,-2.5734573847441955,-1.609974352154295,True,True,True,108820.0,147.66666666666666,감소,감소,감소,감소 소비·감소 공급,감소 소비·감소 공급,True,감소 소비·감소 공급
울산광역시,남구,8301,제과점,LOCALDATA,식품인허가 영업점,-1.3840783064069673,1.365373921026123,0.4619330969217462,-1.8375232751571424,0.8992867211033883,False,True,True,214372.0,124.33333333333331,감소,증가,증가,증가 소비·증가 공급,감소 소비·증가 공급,True,증가 소비·증가 공급
울산광역시,동구,4010,편의점,국세청,가동사업자,4.9489882655385244,5.896965491543915,0.1289387136102495,4.813842645146389,5.760599135512098,True,True,True,1021627.0,154.83333333333334,증가,증가,정체,증가 소비·정체 공급,증가 소비·정체 공급,True,증가 소비·정체 공급
울산광역시,동구,4020,슈퍼마켓,국세청,가동사업자,4.42370649394472,6.088186559038131,0.3986208739040217,4.009104492676212,5.666975936133565,True,True,True,777346.0,129.0,증가,증가,증가,증가 소비·증가 공급,증가 소비·증가 공급,True,증가 소비·증가 공급
울산광역시,동구,8005,중국음식,LOCALDATA,식품인허가 영업점,1.9727633419694304,2.968914556230588,0.0,1.9727633419693733,2.968914556230599,True,True,False,69642.0,90.0,증가,증가,정체,증가 소비·정체 공급,증가 소비·정체 공급,False,증가 소비·정체 공급
울산광역시,동구,8301,제과점,LOCALDATA,식품인허가 영업점,3.440398092970478,4.681996103943897,-0.4607116203526826,3.9191657654253538,5.166510438252345,True,True,True,122186.0,49.333333333333336,증가,증가,감소,증가 소비·감소 공급,증가 소비·감소 공급,True,증가 소비·감소 공급
울산광역시,북구,4010,편의점,국세청,가동사업자,4.225395422063836,4.869984695526329,0.0828502688093283,4.139115884617843,4.783171556225069,True,True,False,997420.0,174.5,증가,증가,정체,증가 소비·정체 공급,증가 소비·정체 공급,False,증가 소비·정체 공급
울산광역시,북구,4020,슈퍼마켓,국세청,가동사업자,2.650519883031075,4.630321284736478,0.1872211528917294,2.458695532018212,4.434797253298724,True,True,True,486893.0,106.83333333333331,증가,증가,정체,증가 소비·정체 공급,증가 소비·정체 공급,True,증가 소비·정체 공급
울산광역시,북구,8005,중국음식,LOCALDATA,식품인허가 영업점,-0.164821918400053,-0.2607789641748955,-0.1701520789590119,0.0053392453960136,-0.0907813515728868,False,False,False,41587.0,101.0,정체,감소,정체,감소 소비·정체 공급,정체 소비·정체 공급,False,감소 소비·정체 공급
울산광역시,북구,8301,제과점,LOCALDATA,식품인허가 영업점,2.6396971465420114,4.652607512675529,0.3443143157914533,2.287506617990151,4.293510027210453,True,True,True,106303.0,66.33333333333333,증가,증가,증가,증가 소비·증가 공급,증가 소비·증가 공급,True,증가 소비·증가 공급
울산광역시,울주군,4010,편의점,국세청,가동사업자,5.82921548102542,6.846584272176514,0.2724830401066145,5.541632432395491,6.556236599267591,True,True,True,1488239.0,241.5,증가,증가,증가,증가 소비·증가 공급,증가 소비·증가 공급,True,증가 소비·증가 공급
울산광역시,울주군,4020,슈퍼마켓,국세청,가동사업자,5.515045842096602,5.758158536075346,-0.4064638650284359,5.9456767345824835,6.189781626740667,True,True,True,534134.0,133.5,증가,증가,감소,증가 소비·감소 공급,증가 소비·감소 공급,True,증가 소비·감소 공급
울산광역시,울주군,8005,중국음식,LOCALDATA,식품인허가 영업점,2.0399035126438423,2.6947296187603156,-0.2853098491571894,2.331866406327479,2.9885661414676816,True,True,True,73135.0,120.66666666666669,증가,증가,감소,증가 소비·감소 공급,증가 소비·감소 공급,True,증가 소비·감소 공급
울산광역시,울주군,8301,제과점,LOCALDATA,식품인허가 영업점,2.49330618498056,4.298957668470724,0.906269439401117,1.5727830930590287,3.3622174795660653,True,True,True,146586.0,70.0,증가,증가,증가,증가 소비·증가 공급,증가 소비·증가 공급,True,증가 소비·증가 공급
울산광역시,중구,4010,편의점,국세청,가동사업자,2.692100851011618,3.519717803611712,-0.1028050830075029,2.797782196328473,3.6262508568226366,True,True,True,869281.0,166.66666666666666,증가,증가,정체,증가 소비·정체 공급,증가 소비·정체 공급,True,증가 소비·정체 공급
울산광역시,중구,4020,슈퍼마켓,국세청,가동사업자,-1.434528775697179,-0.2148533152930756,-0.9560038023505356,-0.4831438468937046,0.7483043046631674,True,True,True,636173.0,110.0,감소,정체,감소,정체 소비·감소 공급,감소 소비·감소 공급,True,정체 소비·감소 공급
울산광역시,중구,8005,중국음식,LOCALDATA,식품인허가 영업점,-2.108776428823802,-2.0271047723531583,-0.1709421706775009,-1.9411525063768271,-1.859340999540564,True,True,False,47126.0,83.83333333333333,감소,감소,정체,감소 소비·정체 공급,감소 소비·정체 공급,False,감소 소비·정체 공급
울산광역시,중구,8301,제과점,LOCALDATA,식품인허가 영업점,-0.0153504059455775,1.4733953905539294,-0.251801462989282,0.2370479472428938,1.7295518905066425,False,True,True,118500.0,68.33333333333333,정체,증가,감소,증가 소비·감소 공급,정체 소비·감소 공급,True,증가 소비·감소 공급
인천광역시,강화군,4010,편의점,국세청,가동사업자,6.483867876890772,8.081610511800141,0.1457985170858039,6.328842002017318,7.924258543268235,True,True,True,260076.0,117.66666666666669,증가,증가,정체,증가 소비·정체 공급,증가 소비·정체 공급,True,증가 소비·정체 공급
인천광역시,강화군,4020,슈퍼마켓,국세청,가동사업자,0.3539863112896799,1.6689542200647962,-0.4642657910691316,0.8220686860472124,2.143170016364366,False,True,True,115516.0,49.0,증가,증가,감소,증가 소비·감소 공급,증가 소비·감소 공급,True,증가 소비·감소 공급
인천광역시,강화군,8005,중국음식,LOCALDATA,식품인허가 영업점,2.930065142556368,1.585666863554986,0.4564001773329431,2.462426446554639,1.1241361269451744,True,True,True,20786.0,43.833333333333336,증가,증가,증가,증가 소비·증가 공급,증가 소비·증가 공급,True,증가 소비·증가 공급
인천광역시,강화군,8301,제과점,LOCALDATA,식품인허가 영업점,-0.3491829029976729,0.7217789560900422,-1.3237256663173813,0.9876160910009943,2.0729447237644707,False,True,True,25097.0,27.833333333333332,감소,증가,감소,증가 소비·감소 공급,감소 소비·감소 공급,True,증가 소비·감소 공급
인천광역시,계양구,4010,편의점,국세청,가동사업자,1.1895337449435672,2.111420541631889,-0.095691785632996,1.2864565638339147,2.2092263754322214,True,True,True,1373073.0,239.33333333333337,증가,증가,정체,증가 소비·정체 공급,증가 소비·정체 공급,True,증가 소비·정체 공급
인천광역시,계양구,4020,슈퍼마켓,국세청,가동사업자,-2.5589440539868713,-1.3012437658596472,0.0677844679149084,-2.624949214043979,-1.3681008738766742,True,True,False,813424.0,126.16666666666669,감소,감소,정체,감소 소비·정체 공급,감소 소비·정체 공급,False,감소 소비·정체 공급
인천광역시,계양구,8005,중국음식,LOCALDATA,식품인허가 영업점,-2.6967411865421527,-2.3478156375158257,-0.9466800572570736,-1.7667869489853618,-1.41452662169089,True,True,True,57168.0,99.16666666666669,감소,감소,감소,감소 소비·감소 공급,감소 소비·감소 공급,True,감소 소비·감소 공급
인천광역시,계양구,8301,제과점,LOCALDATA,식품인허가 영업점,-12.439946732067476,-4.272639720188268,-0.5919663372920473,-11.918534104573228,-3.7025914780537503,True,True,True,195586.0,76.66666666666667,감소,감소,감소,감소 소비·감소 공급,감소 소비·감소 공급,True,감소 소비·감소 공급
인천광역시,남동구,4010,편의점,국세청,가동사업자,0.7725434719703019,1.7918296865360408,-0.4108881678131769,1.188314282567032,2.211805903100034,True,True,True,2582871.0,450.5,증가,증가,감소,증가 소비·감소 공급,증가 소비·감소 공급,True,증가 소비·감소 공급
인천광역시,남동구,4020,슈퍼마켓,국세청,가동사업자,-2.0816684990044267,0.2311933481542591,0.2091394400526088,-2.286026955083736,0.0220078809426894,True,False,True,1304791.0,246.33333333333337,감소,정체,정체,정체 소비·정체 공급,감소 소비·정체 공급,False,정체 소비·정체 공급
인천광역시,남동구,8005,중국음식,LOCALDATA,식품인허가 영업점,-2.99136728009036,-2.5161982237511618,-0.4883619092428556,-2.5152890846442224,-2.037788095357121,True,True,True,125817.0,250.5,감소,감소,감소,감소 소비·감소 공급,감소 소비·감소 공급,True,감소 소비·감소 공급
인천광역시,남동구,8301,제과점,LOCALDATA,식품인허가 영업점,-3.658067002856259,-1.667061211348726,0.5927837463649773,-4.22580088840102,-2.246527905432737,True,True,True,282552.0,130.5,감소,감소,증가,감소 소비·증가 공급,감소 소비·증가 공급,True,감소 소비·증가 공급
인천광역시,동구,8005,중국음식,LOCALDATA,식품인허가 영업점,-1.7349206764497644,-1.4059934308824564,-0.9308088959661612,-0.8116668477076378,-0.4796491518915213,True,True,True,17863.0,27.5,감소,감소,감소,감소 소비·감소 공급,감소 소비·감소 공급,True,감소 소비·감소 공급
인천광역시,동구,8301,제과점,LOCALDATA,식품인허가 영업점,-4.053305892225917,-1.381532589886129,0.0,-4.0533058922258824,-1.381532589886129,True,False,False,23522.0,14.0,감소,감소,정체,감소 소비·정체 공급,감소 소비·정체 공급,False,감소 소비·정체 공급
인천광역시,미추홀구,4010,편의점,국세청,가동사업자,1.3867079360979837,2.7919638444865784,-0.3547122078739338,1.7476191624884183,3.1578774291112577,True,True,True,2467801.0,412.1666666666667,증가,증가,감소,증가 소비·감소 공급,증가 소비·감소 공급,True,증가 소비·감소 공급
인천광역시,미추홀구,4020,슈퍼마켓,국세청,가동사업자,-2.1978605065337833,-0.4526521724852789,0.3699903471658899,-2.558385075875576,-0.8196100416127741,True,True,True,1098433.0,231.66666666666663,감소,감소,증가,감소 소비·증가 공급,감소 소비·증가 공급,True,감소 소비·증가 공급
인천광역시,미추홀구,8005,중국음식,LOCALDATA,식품인허가 영업점,-1.574827169540935,-0.0219762763673912,-0.6288954623857032,-0.9519182780112824,0.6107602293869857,True,False,True,101526.0,222.5,감소,정체,감소,정체 소비·감소 공급,감소 소비·감소 공급,False,정체 소비·감소 공급
인천광역시,미추홀구,8301,제과점,LOCALDATA,식품인허가 영업점,-2.0864484478478675,-0.1527079136895556,-0.024592522836143,-2.062363112131042,-0.1281469054103767,False,False,True,216087.0,107.5,감소,정체,정체,정체 소비·정체 공급,감소 소비·정체 공급,False,정체 소비·정체 공급
인천광역시,부평구,4010,편의점,국세청,가동사업자,1.0910503288311426,2.111506710831077,0.1207663873461422,0.9691135780275564,1.9883390782119887,True,True,True,2597288.0,426.0,증가,증가,정체,증가 소비·정체 공급,증가 소비·정체 공급,True,증가 소비·정체 공급
인천광역시,부평구,4020,슈퍼마켓,국세청,가동사업자,-1.9403482137650343,-0.4285198196665097,-0.6440903199239103,-1.3046610896272668,0.216967969949176,True,True,True,1439345.0,315.1666666666667,감소,감소,감소,감소 소비·감소 공급,감소 소비·감소 공급,True,감소 소비·감소 공급
인천광역시,부평구,8005,중국음식,LOCALDATA,식품인허가 영업점,-2.0223033369237986,-1.0126788883052444,0.1187408130783437,-2.1385048719294857,-1.130077837770589,True,True,True,146445.0,288.6666666666667,감소,감소,정체,감소 소비·정체 공급,감소 소비·정체 공급,True,감소 소비·정체 공급
인천광역시,부평구,8301,제과점,LOCALDATA,식품인허가 영업점,-3.735146582330528,-1.4792640490001312,0.6608853991807018,-4.367169992672258,-2.126098374451867,True,True,True,293724.0,130.0,감소,감소,증가,감소 소비·증가 공급,감소 소비·증가 공급,True,감소 소비·증가 공급
인천광역시,서구,8005,중국음식,LOCALDATA,식품인허가 영업점,-3.012747382268284,-2.0135428514680753,-0.2284535717727206,-2.7906691939454618,-1.7891767178125282,True,True,True,156666.0,249.33333333333337,감소,감소,정체,감소 소비·정체 공급,감소 소비·정체 공급,True,감소 소비·정체 공급
인천광역시,서구,8301,제과점,LOCALDATA,식품인허가 영업점,-3.4650821837136143,-1.2341286798214093,1.5397145813009414,-4.928905685476712,-2.731781621171863,True,True,True,337810.0,179.66666666666666,감소,감소,증가,감소 소비·증가 공급,감소 소비·증가 공급,True,감소 소비·증가 공급
인천광역시,연수구,4010,편의점,국세청,가동사업자,2.098510062143794,3.859082805438649,-0.2874825006187834,2.3928716500186913,4.158520324274392,True,True,True,2059699.0,367.8333333333333,증가,증가,감소,증가 소비·감소 공급,증가 소비·감소 공급,True,증가 소비·감소 공급
인천광역시,연수구,4020,슈퍼마켓,국세청,가동사업자,-3.187209881539548,-0.5469280194382697,0.3366000020705153,-3.511988530144885,-0.8805640429220847,True,True,True,822910.0,161.83333333333334,감소,감소,증가,감소 소비·증가 공급,감소 소비·증가 공급,True,감소 소비·증가 공급
인천광역시,연수구,8005,중국음식,LOCALDATA,식품인허가 영업점,-3.341860621326296,-1.326722793781861,0.3698458350757235,-3.698029448506865,-1.6903170616056464,True,True,True,96759.0,170.33333333333334,감소,감소,증가,감소 소비·증가 공급,감소 소비·증가 공급,True,감소 소비·증가 공급
인천광역시,연수구,8301,제과점,LOCALDATA,식품인허가 영업점,-2.211306647534629,-0.5312244438465434,0.1132834576466394,-2.321959708937829,-0.6437786068277992,True,True,True,313887.0,175.5,감소,감소,정체,감소 소비·정체 공급,감소 소비·정체 공급,True,감소 소비·정체 공급
인천광역시,옹진군,4010,편의점,국세청,가동사업자,8.690662764343124,9.502812884887026,-0.4132514261387661,9.141692364551607,9.957212634240504,True,True,False,145897.0,34.5,증가,증가,감소,증가 소비·감소 공급,증가 소비·감소 공급,False,증가 소비·감소 공급
인천광역시,옹진군,4020,슈퍼마켓,국세청,가동사업자,11.162177235375363,11.810871217734164,-1.0163669550829522,12.303593852664385,12.95894864456668,True,True,True,28851.0,47.166666666666664,증가,증가,감소,증가 소비·감소 공급,증가 소비·감소 공급,True,증가 소비·감소 공급
인천광역시,옹진군,8005,중국음식,LOCALDATA,식품인허가 영업점,8.11334026854577,9.71747768218548,0.0,8.113340268545738,9.717477682185466,True,True,False,6777.0,14.0,증가,증가,정체,증가 소비·정체 공급,증가 소비·정체 공급,False,증가 소비·정체 공급
인천광역시,옹진군,8301,제과점,LOCALDATA,식품인허가 영업점,11.225845472323083,7.956556095393975,0.0,11.22584547232308,7.956556095393978,True,True,False,1703.0,3.0,증가,증가,정체,증가 소비·정체 공급,증가 소비·정체 공급,False,증가 소비·정체 공급
인천광역시,중구,8005,중국음식,LOCALDATA,식품인허가 영업점,-0.8043365215812392,0.193167286362422,0.1285850433022061,-0.9317235078074568,0.0644993065988833,False,True,True,113962.0,178.66666666666666,감소,정체,정체,정체 소비·정체 공급,감소 소비·정체 공급,True,정체 소비·정체 공급
인천광역시,중구,8301,제과점,LOCALDATA,식품인허가 영업점,-4.171268920603292,-3.566321912693646,-0.6953239137907731,-3.5002833137433633,-2.8911005121354636,True,True,True,305131.0,101.5,감소,감소,감소,감소 소비·감소 공급,감소 소비·감소 공급,True,감소 소비·감소 공급
전라남도,강진군,4010,편의점,국세청,가동사업자,3.359018001539576,3.6090026682766,-0.9680748789157112,4.369391865466221,4.621820227765969,True,True,True,84722.0,23.666666666666668,증가,증가,감소,증가 소비·감소 공급,증가 소비·감소 공급,True,증가 소비·감소 공급
전라남도,강진군,4020,슈퍼마켓,국세청,가동사업자,1.1376983584276794,3.16377914197552,1.3588246655626852,-0.2181618698368184,1.780757109574172,True,True,True,58135.0,31.5,증가,증가,증가,증가 소비·증가 공급,증가 소비·증가 공급,True,증가 소비·증가 공급
전라남도,강진군,8005,중국음식,LOCALDATA,식품인허가 영업점,4.57154440217827,4.670977122202117,1.327707211657355,3.2013328632267504,3.29946270624796,True,True,True,7108.0,19.5,증가,증가,증가,증가 소비·증가 공급,증가 소비·증가 공급,True,증가 소비·증가 공급
전라남도,강진군,8301,제과점,LOCALDATA,식품인허가 영업점,-2.1588169856642603,0.164222002267812,0.0,-2.15881698566427,0.1642220022678197,True,False,False,11903.0,7.0,감소,정체,정체,정체 소비·정체 공급,감소 소비·정체 공급,False,정체 소비·정체 공급
전라남도,고흥군,4010,편의점,국세청,가동사업자,2.3967945010141545,3.878074529728744,0.1676379225499201,2.225425920682839,3.7042269181267593,True,True,False,162893.0,51.833333333333336,증가,증가,정체,증가 소비·정체 공급,증가 소비·정체 공급,False,증가 소비·정체 공급
전라남도,고흥군,4020,슈퍼마켓,국세청,가동사업자,-3.0736064181996814,0.345342687116705,-0.9744250433503286,-2.119837603334598,1.3327544233343789,True,True,True,120906.0,40.666666666666664,감소,증가,감소,증가 소비·감소 공급,감소 소비·감소 공급,True,증가 소비·감소 공급
전라남도,고흥군,8005,중국음식,LOCALDATA,식품인허가 영업점,0.8213093883536453,1.9334112961446128,-0.788148912859698,1.6222439996605975,2.743180556740036,True,True,True,16372.0,32.5,증가,증가,감소,증가 소비·감소 공급,증가 소비·감소 공급,True,증가 소비·감소 공급
전라남도,고흥군,8301,제과점,LOCALDATA,식품인허가 영업점,-0.3773464304712407,0.6293174537904727,0.0,-0.3773464304712356,0.6293174537904751,False,True,False,18645.0,21.0,감소,증가,정체,증가 소비·정체 공급,감소 소비·정체 공급,False,증가 소비·정체 공급
전라남도,곡성군,4010,편의점,국세청,가동사업자,9.792524190270612,11.891102634657924,0.0,9.792524190270584,11.891102634657948,True,True,False,75215.0,22.0,증가,증가,정체,증가 소비·정체 공급,증가 소비·정체 공급,False,증가 소비·정체 공급
전라남도,곡성군,4020,슈퍼마켓,국세청,가동사업자,23.771829272922044,24.38225038928572,1.7083242819821327,21.692919578312665,22.293087873949315,True,True,True,13626.0,13.666666666666666,증가,증가,증가,증가 소비·증가 공급,증가 소비·증가 공급,True,증가 소비·증가 공급
전라남도,곡성군,8005,중국음식,LOCALDATA,식품인허가 영업점,14.202522919131969,13.615769793791507,0.7594937107779394,13.341699837179794,12.75936947432116,True,True,False,12997.0,23.0,증가,증가,증가,증가 소비·증가 공급,증가 소비·증가 공급,False,증가 소비·증가 공급
전라남도,곡성군,8301,제과점,LOCALDATA,식품인허가 영업점,22.81125117372632,21.69956571247712,-1.8895119426718887,25.176475630174256,24.04338019536238,True,True,False,6872.0,7.166666666666667,증가,증가,감소,증가 소비·감소 공급,증가 소비·감소 공급,False,증가 소비·감소 공급
전라남도,광양시,4010,편의점,국세청,가동사업자,2.156820188115325,2.757804628228573,-1.158712447721566,3.354400491882783,3.9624302484714784,True,True,True,651534.0,147.0,증가,증가,감소,증가 소비·감소 공급,증가 소비·감소 공급,True,증가 소비·감소 공급
전라남도,광양시,4020,슈퍼마켓,국세청,가동사업자,0.1276438945186032,1.485786181914563,-0.6474978760771315,0.7801935069826987,2.1471870485263027,False,True,True,377053.0,97.66666666666669,정체,증가,감소,증가 소비·감소 공급,정체 소비·감소 공급,True,증가 소비·감소 공급
전라남도,광양시,8005,중국음식,LOCALDATA,식품인허가 영업점,-1.8776108162174787,-1.105147601781414,-0.3022902202518343,-1.5800970748935526,-0.8052916995819359,True,True,True,40617.0,75.66666666666667,감소,감소,감소,감소 소비·감소 공급,감소 소비·감소 공급,True,감소 소비·감소 공급
전라남도,광양시,8301,제과점,LOCALDATA,식품인허가 영업점,0.4371282658492915,0.8681633962780133,-0.0565210972165127,0.4939285368943301,0.9252074308859914,True,True,False,71671.0,51.833333333333336,증가,증가,정체,증가 소비·정체 공급,증가 소비·정체 공급,False,증가 소비·정체 공급
전라남도,구례군,4010,편의점,국세청,가동사업자,2.300396442063377,3.881499425628275,-0.8132240651110881,3.139148820825071,4.733215135272883,True,True,False,48292.0,17.166666666666668,증가,증가,감소,증가 소비·감소 공급,증가 소비·감소 공급,False,증가 소비·감소 공급
전라남도,구례군,4020,슈퍼마켓,국세청,가동사업자,2.6757467534762225,3.7654549711154934,1.9578115678847163,0.7041492697334786,1.7729327213219108,True,True,True,23723.0,16.166666666666668,증가,증가,증가,증가 소비·증가 공급,증가 소비·증가 공급,True,증가 소비·증가 공급
전라남도,구례군,8005,중국음식,LOCALDATA,식품인허가 영업점,1.3871944979910886,2.1669118569701356,0.0,1.387194497991109,2.1669118569701413,False,False,False,5001.0,17.0,증가,증가,정체,증가 소비·정체 공급,증가 소비·정체 공급,False,증가 소비·정체 공급
전라남도,구례군,8301,제과점,LOCALDATA,식품인허가 영업점,7.1187074299630115,8.024103812706427,2.742543955898241,4.259348956692379,5.140577265709192,True,True,True,18331.0,17.833333333333332,증가,증가,증가,증가 소비·증가 공급,증가 소비·증가 공급,True,증가 소비·증가 공급
전라남도,나주시,4010,편의점,국세청,가동사업자,3.7553681123519738,5.072534552294318,-0.2505383735935766,4.0159680269242335,5.33644276279353,True,True,True,473106.0,113.0,증가,증가,감소,증가 소비·감소 공급,증가 소비·감소 공급,True,증가 소비·감소 공급
전라남도,나주시,4020,슈퍼마켓,국세청,가동사업자,-0.1491464447192051,1.6404641974157166,-0.71863855805919,0.5736143270688584,2.3761788932099672,True,True,True,239461.0,59.5,정체,증가,감소,증가 소비·감소 공급,정체 소비·감소 공급,True,증가 소비·감소 공급
전라남도,나주시,8005,중국음식,LOCALDATA,식품인허가 영업점,0.4093687415740955,2.024960084784123,-0.1887279923486557,0.5992276442253314,2.2178738258771853,True,True,False,36401.0,60.666666666666664,증가,증가,정체,증가 소비·정체 공급,증가 소비·정체 공급,False,증가 소비·정체 공급
전라남도,나주시,8301,제과점,LOCALDATA,식품인허가 영업점,0.521340486358694,2.7782717796417176,1.088899350998498,-0.5614452905151673,1.671175014753517,True,True,True,45766.0,47.333333333333336,증가,증가,증가,증가 소비·증가 공급,증가 소비·증가 공급,True,증가 소비·증가 공급
전라남도,담양군,4010,편의점,국세청,가동사업자,4.586776673659746,6.087380779210201,1.0986635020038515,3.4502070065316053,4.934503686201023,True,True,True,97005.0,29.166666666666668,증가,증가,증가,증가 소비·증가 공급,증가 소비·증가 공급,True,증가 소비·증가 공급
전라남도,담양군,4020,슈퍼마켓,국세청,가동사업자,0.1760292629319456,2.4078067278889814,0.3367432517631201,-0.1601746116355277,2.0641127158464645,True,True,False,102587.0,25.833333333333332,정체,증가,증가,증가 소비·증가 공급,정체 소비·증가 공급,False,증가 소비·증가 공급
전라남도,담양군,8005,중국음식,LOCALDATA,식품인허가 영업점,-1.6287968311986107,-0.1744110248748789,1.0136354543519712,-2.6159164291682817,-1.1761248606518175,True,False,True,19047.0,25.5,감소,정체,증가,정체 소비·증가 공급,감소 소비·증가 공급,False,정체 소비·증가 공급
전라남도,담양군,8301,제과점,LOCALDATA,식품인허가 영업점,-2.548940222896438,-0.7618022497089338,-0.92608548109297,-1.6380242465272925,0.165818855731839,True,True,True,50374.0,21.5,감소,감소,감소,감소 소비·감소 공급,감소 소비·감소 공급,True,감소 소비·감소 공급
전라남도,목포시,4010,편의점,국세청,가동사업자,5.027744990239359,6.056146634882615,0.3200517108682069,4.692674295004521,5.717795023218662,True,True,True,1287087.0,223.5,증가,증가,증가,증가 소비·증가 공급,증가 소비·증가 공급,True,증가 소비·증가 공급
전라남도,목포시,4020,슈퍼마켓,국세청,가동사업자,5.530676067272819,8.196223184366957,-0.0725050194179557,5.607246621942786,8.274727796780754,True,True,False,904848.0,116.83333333333331,증가,증가,정체,증가 소비·정체 공급,증가 소비·정체 공급,False,증가 소비·정체 공급
전라남도,목포시,8005,중국음식,LOCALDATA,식품인허가 영업점,2.638240513870024,4.89251116759272,-0.3787490969776469,3.028459875277581,5.29130101939971,False,True,True,85333.0,97.5,증가,증가,감소,증가 소비·감소 공급,증가 소비·감소 공급,True,증가 소비·감소 공급
전라남도,목포시,8301,제과점,LOCALDATA,식품인허가 영업점,1.3253067877513078,3.5031908609369973,0.1879225439465822,1.135250851524322,3.309049866301221,False,True,False,193480.0,75.83333333333333,증가,증가,정체,증가 소비·정체 공급,증가 소비·정체 공급,False,증가 소비·정체 공급
전라남도,무안군,4010,편의점,국세청,가동사업자,3.841574079479985,5.13323832733188,0.0,3.841574079479937,5.133238327331867,True,True,False,337130.0,86.66666666666667,증가,증가,정체,증가 소비·정체 공급,증가 소비·정체 공급,False,증가 소비·정체 공급
전라남도,무안군,4020,슈퍼마켓,국세청,가동사업자,7.046020098682987,5.864336818553138,0.1780853596608949,6.855725695260335,5.676143079075001,True,True,False,148734.0,48.5,증가,증가,정체,증가 소비·정체 공급,증가 소비·정체 공급,False,증가 소비·정체 공급
전라남도,무안군,8005,중국음식,LOCALDATA,식품인허가 영업점,1.505228013636637,1.859975870570702,0.0,1.5052280136366678,1.859975870570694,True,True,False,28247.0,47.0,증가,증가,정체,증가 소비·정체 공급,증가 소비·정체 공급,False,증가 소비·정체 공급
전라남도,무안군,8301,제과점,LOCALDATA,식품인허가 영업점,-1.2890237455634816,1.3891631032912652,-0.6243053323331487,-0.6688943563648089,2.026117595814403,True,True,True,44947.0,36.333333333333336,감소,증가,감소,증가 소비·감소 공급,감소 소비·감소 공급,True,증가 소비·감소 공급
전라남도,보성군,4010,편의점,국세청,가동사업자,6.269973673917917,7.670295406006493,0.0,6.269973673917857,7.670295406006519,True,True,False,76456.0,25.0,증가,증가,정체,증가 소비·정체 공급,증가 소비·정체 공급,False,증가 소비·정체 공급
전라남도,보성군,4020,슈퍼마켓,국세청,가동사업자,0.5075740028199072,2.3868064609085136,0.0,0.5075740028199123,2.3868064609085184,True,True,False,91695.0,43.0,증가,증가,정체,증가 소비·정체 공급,증가 소비·정체 공급,False,증가 소비·정체 공급
전라남도,보성군,8005,중국음식,LOCALDATA,식품인허가 영업점,2.88522844274658,3.2142663119334314,0.0,2.885228442746554,3.2142663119334314,True,True,False,10394.0,20.0,증가,증가,정체,증가 소비·정체 공급,증가 소비·정체 공급,False,증가 소비·정체 공급
전라남도,보성군,8301,제과점,LOCALDATA,식품인허가 영업점,0.6177876189966766,0.2692438024055264,0.0,0.6177876189966153,0.2692438024055314,True,True,False,18743.0,13.0,증가,증가,정체,증가 소비·정체 공급,증가 소비·정체 공급,False,증가 소비·정체 공급
전라남도,순천시,4010,편의점,국세청,가동사업자,2.73773312466205,4.12811048316575,-0.2346386372380233,2.9793624974625024,4.373009891218789,True,True,True,1024167.0,242.33333333333337,증가,증가,정체,증가 소비·정체 공급,증가 소비·정체 공급,True,증가 소비·정체 공급
전라남도,순천시,4020,슈퍼마켓,국세청,가동사업자,-0.1799966400919566,1.8377334863632209,-0.0637350081902726,-0.1163357785196897,1.9026811685521,True,True,False,776739.0,180.0,정체,증가,정체,증가 소비·정체 공급,정체 소비·정체 공급,False,증가 소비·정체 공급
전라남도,순천시,8005,중국음식,LOCALDATA,식품인허가 영업점,-0.8322294411431018,-0.6601542106400718,-0.2291800943581583,-0.6044345905498512,-0.4319640919955396,True,True,True,53384.0,161.83333333333334,감소,감소,정체,감소 소비·정체 공급,감소 소비·정체 공급,True,감소 소비·정체 공급
전라남도,순천시,8301,제과점,LOCALDATA,식품인허가 영업점,3.018452328207794,3.0078868318326157,0.7797013638481692,2.221430440914868,2.210946686515704,True,True,True,148153.0,121.83333333333331,증가,증가,증가,증가 소비·증가 공급,증가 소비·증가 공급,True,증가 소비·증가 공급
전라남도,신안군,4010,편의점,국세청,가동사업자,6.745340050157375,6.956476351684097,-0.8132240651110881,7.620536149123584,7.833403539495645,True,True,False,51300.0,17.166666666666668,증가,증가,감소,증가 소비·감소 공급,증가 소비·감소 공급,False,증가 소비·감소 공급
전라남도,신안군,4020,슈퍼마켓,국세청,가동사업자,-0.1826819528679098,0.780187142577713,0.7283240039926973,-0.904418857226808,0.0514881381158959,False,True,True,40289.0,31.666666666666668,정체,증가,증가,증가 소비·증가 공급,정체 소비·증가 공급,True,증가 소비·증가 공급
전라남도,신안군,8005,중국음식,LOCALDATA,식품인허가 영업점,6.041845478083248,5.923511685118754,-1.3103101295719513,7.449770707870316,7.329865788602787,True,True,True,4972.0,19.5,증가,증가,감소,증가 소비·감소 공급,증가 소비·감소 공급,True,증가 소비·감소 공급
전라남도,신안군,8301,제과점,LOCALDATA,식품인허가 영업점,3.543928478216609,12.340606871714703,0.0,3.5439284782166345,12.3406068717147,True,True,False,1350.0,8.0,증가,증가,정체,증가 소비·정체 공급,증가 소비·정체 공급,False,증가 소비·정체 공급
전라남도,여수시,4010,편의점,국세청,가동사업자,2.665669381043993,3.605049970260038,-0.1502667832481142,2.820173948967169,3.760968239500624,True,True,False,1452345.0,343.3333333333333,증가,증가,정체,증가 소비·정체 공급,증가 소비·정체 공급,False,증가 소비·정체 공급
전라남도,여수시,4020,슈퍼마켓,국세청,가동사업자,-0.8456387992588927,1.0315432817118224,-0.1958010078777233,-0.6511126765643321,1.2297521567067626,True,True,True,697592.0,232.33333333333337,감소,증가,정체,증가 소비·정체 공급,감소 소비·정체 공급,True,증가 소비·정체 공급
전라남도,여수시,8005,중국음식,LOCALDATA,식품인허가 영업점,-0.5085536399971353,0.7136054665869236,-0.5055036417881961,-0.0030654943947308,1.2253030599662138,True,True,True,76540.0,129.83333333333334,감소,증가,감소,증가 소비·감소 공급,감소 소비·감소 공급,True,증가 소비·감소 공급
전라남도,여수시,8301,제과점,LOCALDATA,식품인허가 영업점,0.1191977357961777,1.1006501948919534,0.8922272839997629,-0.766193361979844,0.2065797499994537,False,True,True,143228.0,99.16666666666669,정체,증가,증가,증가 소비·증가 공급,정체 소비·증가 공급,True,증가 소비·증가 공급
전라남도,영광군,4010,편의점,국세청,가동사업자,6.623593299618589,6.37008031195438,-0.2167744867293825,6.855228172032018,6.601164439014595,True,True,False,138553.0,39.5,증가,증가,정체,증가 소비·정체 공급,증가 소비·정체 공급,False,증가 소비·정체 공급
전라남도,영광군,4020,슈퍼마켓,국세청,가동사업자,5.981188941396566,6.463807112907729,0.4545829406993275,5.50159668072062,5.9820308803191,True,True,False,72434.0,31.833333333333332,증가,증가,증가,증가 소비·증가 공급,증가 소비·증가 공급,False,증가 소비·증가 공급
전라남도,영광군,8005,중국음식,LOCALDATA,식품인허가 영업점,3.7744613358862353,4.827711872711568,0.0,3.77446133588624,4.827711872711568,True,True,False,12318.0,27.0,증가,증가,정체,증가 소비·정체 공급,증가 소비·정체 공급,False,증가 소비·정체 공급
전라남도,영광군,8301,제과점,LOCALDATA,식품인허가 영업점,5.685056813576712,6.368967746386269,0.0,5.685056813576755,6.36896774638626,True,True,False,18275.0,19.0,증가,증가,정체,증가 소비·정체 공급,증가 소비·정체 공급,False,증가 소비·정체 공급
전라남도,영암군,4010,편의점,국세청,가동사업자,3.3254246170813953,4.456249066197807,0.4405386746190147,2.872232646828048,3.998097227044811,True,True,True,322318.0,58.5,증가,증가,증가,증가 소비·증가 공급,증가 소비·증가 공급,True,증가 소비·증가 공급
전라남도,영암군,4020,슈퍼마켓,국세청,가동사업자,-0.1092316195836844,3.0409583874415698,1.8052245308125685,-1.8805087452234703,1.2138216504350172,False,True,True,240956.0,41.666666666666664,정체,증가,증가,증가 소비·증가 공급,정체 소비·증가 공급,True,증가 소비·증가 공급
전라남도,영암군,8005,중국음식,LOCALDATA,식품인허가 영업점,0.3798716369687325,1.595142926488869,0.1665793253899933,0.2129376015585078,1.4261878669712809,True,True,False,20654.0,51.5,증가,증가,정체,증가 소비·정체 공급,증가 소비·정체 공급,False,증가 소비·정체 공급
전라남도,영암군,8301,제과점,LOCALDATA,식품인허가 영업점,-0.5301578531257363,-0.2528115221296737,0.0,-0.5301578531257212,-0.2528115221296737,False,False,False,14813.0,17.0,감소,감소,정체,감소 소비·정체 공급,감소 소비·정체 공급,False,감소 소비·정체 공급
전라남도,완도군,4010,편의점,국세청,가동사업자,1.0323187962887632,3.1340055772491535,0.5354096300791011,0.4942628353911324,2.5847569097610483,True,True,True,233195.0,48.166666666666664,증가,증가,증가,증가 소비·증가 공급,증가 소비·증가 공급,True,증가 소비·증가 공급
전라남도,완도군,4020,슈퍼마켓,국세청,가동사업자,-0.9061362829301453,2.0723675791254115,-1.12264970426055,0.2189717065463493,3.2312933890620608,True,True,True,69391.0,43.166666666666664,감소,증가,감소,증가 소비·감소 공급,감소 소비·감소 공급,True,증가 소비·감소 공급
전라남도,완도군,8005,중국음식,LOCALDATA,식품인허가 영업점,0.5892820407042489,1.768969399847735,0.8197366916518776,-0.2285808895260727,0.9415147661999992,True,True,True,16293.0,31.5,증가,증가,증가,증가 소비·증가 공급,증가 소비·증가 공급,True,증가 소비·증가 공급
전라남도,완도군,8301,제과점,LOCALDATA,식품인허가 영업점,-0.5434737505980217,1.5491289493435634,0.0,-0.5434737505980368,1.5491289493435505,False,True,False,14885.0,20.0,감소,증가,정체,증가 소비·정체 공급,감소 소비·정체 공급,False,증가 소비·정체 공급
전라남도,장성군,4010,편의점,국세청,가동사업자,3.2827099947318508,4.238070163524768,0.5208897116237942,2.747508792482036,3.69791837553856,True,True,False,123222.0,27.833333333333332,증가,증가,증가,증가 소비·증가 공급,증가 소비·증가 공급,False,증가 소비·증가 공급
전라남도,장성군,4020,슈퍼마켓,국세청,가동사업자,2.1438145501750663,4.285419930457623,-0.63301315589499,2.7945173686575115,4.94976575476629,True,True,False,49306.0,22.833333333333332,증가,증가,감소,증가 소비·감소 공급,증가 소비·감소 공급,False,증가 소비·감소 공급
전라남도,장성군,8005,중국음식,LOCALDATA,식품인허가 영업점,2.873224443453529,3.861971764253523,-0.5067319037641101,3.3971708959729967,4.390954032982403,True,True,False,17167.0,22.666666666666668,증가,증가,감소,증가 소비·감소 공급,증가 소비·감소 공급,False,증가 소비·감소 공급
전라남도,장성군,8301,제과점,LOCALDATA,식품인허가 영업점,4.004855502326461,4.682212074814253,3.655432261531366,0.3371007511824991,0.9905701909497914,True,True,True,13078.0,15.333333333333334,증가,증가,증가,증가 소비·증가 공급,증가 소비·증가 공급,True,증가 소비·증가 공급
전라남도,장흥군,4010,편의점,국세청,가동사업자,3.00567468067003,3.5473665561830305,0.8505450069468554,2.136953918865499,2.6740773181249575,True,True,True,100979.0,27.0,증가,증가,증가,증가 소비·증가 공급,증가 소비·증가 공급,True,증가 소비·증가 공급
전라남도,장흥군,4020,슈퍼마켓,국세청,가동사업자,-1.60460612920042,1.30316893843178,0.0,-1.60460612920039,1.3031689384317773,True,True,False,78288.0,25.666666666666668,감소,증가,정체,증가 소비·정체 공급,감소 소비·정체 공급,False,증가 소비·정체 공급
전라남도,장흥군,8005,중국음식,LOCALDATA,식품인허가 영업점,1.529834712489874,1.3665122628144617,-2.510255907404209,4.144118601908275,3.97659077506299,True,False,True,7418.0,18.333333333333332,증가,증가,감소,증가 소비·감소 공급,증가 소비·감소 공급,False,증가 소비·감소 공급
전라남도,장흥군,8301,제과점,LOCALDATA,식품인허가 영업점,-2.5316377727239323,-1.814823000940825,-1.2353260923240683,-1.312525652250553,-0.5867451242318251,True,True,False,10884.0,11.833333333333334,감소,감소,감소,감소 소비·감소 공급,감소 소비·감소 공급,False,감소 소비·감소 공급
전라남도,진도군,4010,편의점,국세청,가동사업자,-0.1536408331546017,1.4380221011515122,-0.3802901661928821,0.2275145484928568,1.8252535270157264,False,True,False,105433.0,22.833333333333332,정체,증가,감소,증가 소비·감소 공급,정체 소비·감소 공급,False,증가 소비·감소 공급
전라남도,진도군,4020,슈퍼마켓,국세청,가동사업자,-5.389270913546276,-1.7046579575355294,-2.5909649820195906,-2.8727375556180936,0.9098817417916674,True,True,True,64992.0,35.5,감소,감소,감소,감소 소비·감소 공급,감소 소비·감소 공급,True,감소 소비·감소 공급
전라남도,진도군,8005,중국음식,LOCALDATA,식품인허가 영업점,1.6047918721022667,2.1705765011252134,0.0,1.6047918721022822,2.170576501125216,True,True,False,5371.0,17.0,증가,증가,정체,증가 소비·정체 공급,증가 소비·정체 공급,False,증가 소비·정체 공급
전라남도,진도군,8301,제과점,LOCALDATA,식품인허가 영업점,2.532792595146905,5.761902168620454,2.4811129746394975,0.0504284340864155,3.201359839634874,True,True,True,8254.0,10.5,증가,증가,증가,증가 소비·증가 공급,증가 소비·증가 공급,True,증가 소비·증가 공급
전라남도,함평군,4010,편의점,국세청,가동사업자,5.469323649445132,5.2145748337009525,0.0,5.469323649445142,5.21457483370096,True,True,False,52687.0,13.0,증가,증가,정체,증가 소비·정체 공급,증가 소비·정체 공급,False,증가 소비·정체 공급
전라남도,함평군,4020,슈퍼마켓,국세청,가동사업자,0.1061007010716405,2.521147990923746,0.1634431768279398,-0.0572489063250719,2.3538575944653917,True,True,False,15161.0,17.833333333333332,정체,증가,정체,증가 소비·정체 공급,정체 소비·정체 공급,False,증가 소비·정체 공급
전라남도,함평군,8005,중국음식,LOCALDATA,식품인허가 영업점,2.434756867175329,4.008161776286829,1.5711333755507744,0.8502646991555933,2.3993316996132705,True,True,True,6825.0,16.5,증가,증가,증가,증가 소비·증가 공급,증가 소비·증가 공급,True,증가 소비·증가 공급
전라남도,함평군,8301,제과점,LOCALDATA,식품인허가 영업점,0.2689564195577715,3.777165177886822,-5.627794256450205,6.248397639482951,9.965814998426938,True,True,False,5832.0,8.5,증가,증가,감소,증가 소비·감소 공급,증가 소비·감소 공급,False,증가 소비·감소 공급
전라남도,해남군,4010,편의점,국세청,가동사업자,0.9153959399278522,2.296123936035939,0.4280403741933289,0.4852783783479708,1.8601214908527188,True,True,True,221567.0,66.66666666666667,증가,증가,증가,증가 소비·증가 공급,증가 소비·증가 공급,True,증가 소비·증가 공급
전라남도,해남군,4020,슈퍼마켓,국세청,가동사업자,2.6686577956229742,2.2719891938924692,0.2577387982950142,2.4047210980674727,2.0090722369570564,False,True,False,111236.0,55.5,증가,증가,증가,증가 소비·증가 공급,증가 소비·증가 공급,False,증가 소비·증가 공급
전라남도,해남군,8005,중국음식,LOCALDATA,식품인허가 영업점,0.5481090765389324,1.0835870982215348,0.0,0.5481090765388966,1.0835870982215423,True,True,False,16096.0,35.666666666666664,증가,증가,정체,증가 소비·정체 공급,증가 소비·정체 공급,False,증가 소비·정체 공급
전라남도,해남군,8301,제과점,LOCALDATA,식품인허가 영업점,-0.2543693002597805,0.3105953563192823,0.2863619735579435,-0.5391872465772716,0.0241641857222219,False,True,False,24995.0,19.333333333333332,감소,증가,증가,증가 소비·증가 공급,감소 소비·증가 공급,False,증가 소비·증가 공급
전라남도,화순군,4010,편의점,국세청,가동사업자,1.525792046117846,2.9049468412463173,0.6459832890904011,0.8741618177650533,2.244464685358972,True,True,True,202495.0,35.666666666666664,증가,증가,증가,증가 소비·증가 공급,증가 소비·증가 공급,True,증가 소비·증가 공급
전라남도,화순군,4020,슈퍼마켓,국세청,가동사업자,0.3995828060992033,1.8000175442645403,0.0,0.3995828060992033,1.8000175442645328,True,True,False,116309.0,39.0,증가,증가,정체,증가 소비·정체 공급,증가 소비·정체 공급,False,증가 소비·정체 공급
전라남도,화순군,8005,중국음식,LOCALDATA,식품인허가 영업점,-0.7828962733071145,-0.1653224235541807,-0.8924671011990647,0.1105575173622906,0.7336926431085378,True,False,True,17396.0,25.666666666666668,감소,정체,감소,정체 소비·감소 공급,감소 소비·감소 공급,False,정체 소비·감소 공급
전라남도,화순군,8301,제과점,LOCALDATA,식품인허가 영업점,1.6217566168883115,2.548113481218355,0.5848751047341325,1.0308523136053331,1.9518226517058308,True,True,False,30705.0,24.833333333333332,증가,증가,증가,증가 소비·증가 공급,증가 소비·증가 공급,False,증가 소비·증가 공급
전북특별자치도,고창군,4010,편의점,국세청,가동사업자,8.420359175618298,10.889262383350967,0.1634036010348895,8.243485422552146,10.708360934936586,True,True,False,138743.0,52.166666666666664,증가,증가,정체,증가 소비·정체 공급,증가 소비·정체 공급,False,증가 소비·정체 공급
전북특별자치도,고창군,4020,슈퍼마켓,국세청,가동사업자,3.99709476538111,4.914044444323353,-0.7118885626118748,4.742746397147964,5.6662705388277885,True,True,True,73143.0,40.0,증가,증가,감소,증가 소비·감소 공급,증가 소비·감소 공급,True,증가 소비·감소 공급
전북특별자치도,고창군,8005,중국음식,LOCALDATA,식품인허가 영업점,9.143244061128383,9.239965037604152,0.9064316583278876,8.162821999979768,8.258674142292378,True,True,True,12818.0,28.5,증가,증가,증가,증가 소비·증가 공급,증가 소비·증가 공급,True,증가 소비·증가 공급
전북특별자치도,고창군,8301,제과점,LOCALDATA,식품인허가 영업점,2.2277844060732312,3.797246584549424,0.0,2.227784406073221,3.7972465845494026,True,True,False,16014.0,15.0,증가,증가,정체,증가 소비·정체 공급,증가 소비·정체 공급,False,증가 소비·정체 공급
전북특별자치도,군산시,4010,편의점,국세청,가동사업자,3.0469165835592573,4.464052493511836,0.3019467169156404,2.7367064713019604,4.14957626729122,True,True,True,1192449.0,265.6666666666667,증가,증가,증가,증가 소비·증가 공급,증가 소비·증가 공급,True,증가 소비·증가 공급
전북특별자치도,군산시,4020,슈퍼마켓,국세청,가동사업자,-1.2000500688773996,1.036506522096745,-3.1075523969264074e-06,-1.200046998617064,1.036509661859218,True,True,False,938904.0,209.33333333333337,감소,증가,정체,증가 소비·정체 공급,감소 소비·정체 공급,False,증가 소비·정체 공급
전북특별자치도,군산시,8005,중국음식,LOCALDATA,식품인허가 영업점,-0.2943052100178314,0.6269182658315916,-0.1642601837815731,-0.13025898989244,0.7924801790116469,True,True,True,102129.0,174.0,감소,증가,정체,증가 소비·정체 공급,감소 소비·정체 공급,True,증가 소비·정체 공급
전북특별자치도,군산시,8301,제과점,LOCALDATA,식품인허가 영업점,0.3122121463344134,1.74839602998471,-0.5634095390734891,0.8805829738822734,2.324904301668155,False,True,True,170990.0,85.83333333333333,증가,증가,감소,증가 소비·감소 공급,증가 소비·감소 공급,True,증가 소비·감소 공급
전북특별자치도,김제시,4010,편의점,국세청,가동사업자,3.970343661027156,4.756007549249975,0.0,3.9703436610271137,4.756007549249992,True,True,False,238807.0,78.66666666666667,증가,증가,정체,증가 소비·정체 공급,증가 소비·정체 공급,False,증가 소비·정체 공급
전북특별자치도,김제시,4020,슈퍼마켓,국세청,가동사업자,0.8564835206042497,2.7648793439652413,1.553266080245381,-0.6861252094940161,1.193081532958729,True,True,True,172305.0,35.5,증가,증가,증가,증가 소비·증가 공급,증가 소비·증가 공급,True,증가 소비·증가 공급
전북특별자치도,김제시,8005,중국음식,LOCALDATA,식품인허가 영업점,0.8342028281448974,2.1010617860421656,0.5862387790545275,0.246518859935736,1.505994284481667,True,True,True,22447.0,54.166666666666664,증가,증가,증가,증가 소비·증가 공급,증가 소비·증가 공급,True,증가 소비·증가 공급
전북특별자치도,김제시,8301,제과점,LOCALDATA,식품인허가 영업점,-2.344752028001828,-0.7961446408571046,-1.3032517873204943,-1.0552528422081522,0.5138032971163551,True,False,True,19673.0,19.833333333333332,감소,감소,감소,감소 소비·감소 공급,감소 소비·감소 공급,False,감소 소비·감소 공급
전북특별자치도,남원시,4010,편의점,국세청,가동사업자,4.127130767987626,4.748720252260356,1.1737535024642798,2.919114061979924,3.533492260627634,True,True,True,269841.0,56.166666666666664,증가,증가,증가,증가 소비·증가 공급,증가 소비·증가 공급,True,증가 소비·증가 공급
전북특별자치도,남원시,4020,슈퍼마켓,국세청,가동사업자,2.112253635731325,3.100566587682689,0.6531531505858429,1.4496321669750296,2.4315318104692856,True,True,True,180679.0,39.5,증가,증가,증가,증가 소비·증가 공급,증가 소비·증가 공급,True,증가 소비·증가 공급
전북특별자치도,남원시,8005,중국음식,LOCALDATA,식품인허가 영업점,0.4259292732638037,0.9981853422888352,0.0,0.425929273263763,0.9981853422888608,False,False,False,28401.0,61.0,증가,증가,정체,증가 소비·정체 공급,증가 소비·정체 공급,False,증가 소비·정체 공급
전북특별자치도,남원시,8301,제과점,LOCALDATA,식품인허가 영업점,2.241842213741611,3.7045762066000583,-1.130489367209579,3.410891344932742,4.890350465845309,True,True,True,27601.0,30.0,증가,증가,감소,증가 소비·감소 공급,증가 소비·감소 공급,True,증가 소비·감소 공급
전북특별자치도,무주군,4010,편의점,국세청,가동사업자,-10.533759961690617,-9.769195854797992,0.3417593919444552,-10.838477837680966,-10.07651780077734,True,True,False,81810.0,33.333333333333336,감소,감소,증가,감소 소비·증가 공급,감소 소비·증가 공급,False,감소 소비·증가 공급
전북특별자치도,무주군,4020,슈퍼마켓,국세청,가동사업자,9.232193334747087,9.180990319594647,0.0,9.232193334747,9.18099031959466,True,True,False,13605.0,6.0,증가,증가,정체,증가 소비·정체 공급,증가 소비·정체 공급,False,증가 소비·정체 공급
전북특별자치도,무주군,8005,중국음식,LOCALDATA,식품인허가 영업점,-6.161690826023357,-4.341246305290236,0.0,-6.161690826023354,-4.341246305290244,True,True,False,9339.0,25.0,감소,감소,정체,감소 소비·정체 공급,감소 소비·정체 공급,False,감소 소비·정체 공급
전북특별자치도,무주군,8301,제과점,LOCALDATA,식품인허가 영업점,8.223237538217768,8.894546650537812,0.9071802965081288,7.250284092977309,7.915557971751262,True,True,False,3389.0,9.166666666666666,증가,증가,증가,증가 소비·증가 공급,증가 소비·증가 공급,False,증가 소비·증가 공급
전북특별자치도,부안군,4010,편의점,국세청,가동사업자,5.709818560931886,5.908433375301398,-0.1879357262102488,5.908859144486044,6.107847929874463,True,True,False,199502.0,60.0,증가,증가,정체,증가 소비·정체 공급,증가 소비·정체 공급,False,증가 소비·정체 공급
전북특별자치도,부안군,4020,슈퍼마켓,국세청,가동사업자,2.346209278406067,4.337225312783013,-0.0968146805340179,2.4453914568668624,4.438336955061093,True,True,False,121459.0,29.5,증가,증가,정체,증가 소비·정체 공급,증가 소비·정체 공급,False,증가 소비·정체 공급
전북특별자치도,부안군,8005,중국음식,LOCALDATA,식품인허가 영업점,2.6855456379995934,2.4687805781820717,-0.6800306984254532,3.3886199926279197,3.170370771104949,True,True,True,13830.0,33.666666666666664,증가,증가,감소,증가 소비·감소 공급,증가 소비·감소 공급,True,증가 소비·감소 공급
전북특별자치도,부안군,8301,제과점,LOCALDATA,식품인허가 영업점,-2.8460751069200603,-0.5515823754412162,0.0,-2.8460751069200754,-0.5515823754412162,True,True,False,7927.0,17.0,감소,감소,정체,감소 소비·정체 공급,감소 소비·정체 공급,False,감소 소비·정체 공급
전북특별자치도,순창군,4010,편의점,국세청,가동사업자,7.987259062250413,9.61202251768946,2.670706068027386,5.178256971078345,6.760756515166958,True,True,True,97713.0,14.5,증가,증가,증가,증가 소비·증가 공급,증가 소비·증가 공급,True,증가 소비·증가 공급
전북특별자치도,순창군,4020,슈퍼마켓,국세청,가동사업자,9.435902739564336,18.455805751202973,4.389276078274181,4.834430174135902,13.475071579556984,True,True,True,70496.0,12.0,증가,증가,증가,증가 소비·증가 공급,증가 소비·증가 공급,True,증가 소비·증가 공급
전북특별자치도,순창군,8005,중국음식,LOCALDATA,식품인허가 영업점,11.222891058015636,12.509610762829878,-1.7721542282646392,13.229492293334523,14.539426044507664,True,True,True,11069.0,16.0,증가,증가,감소,증가 소비·감소 공급,증가 소비·감소 공급,True,증가 소비·감소 공급
전북특별자치도,순창군,8301,제과점,LOCALDATA,식품인허가 영업점,14.710974662384276,17.225916819528816,0.0,14.710974662384244,17.225916819528816,True,True,False,11923.0,8.0,증가,증가,정체,증가 소비·정체 공급,증가 소비·정체 공급,False,증가 소비·정체 공급
전북특별자치도,완주군,4010,편의점,국세청,가동사업자,4.428644194286178,6.54198390980054,-0.2403211560543021,4.6802128920685595,6.798643644858158,True,True,False,356931.0,94.66666666666669,증가,증가,정체,증가 소비·정체 공급,증가 소비·정체 공급,False,증가 소비·정체 공급
전북특별자치도,완주군,4020,슈퍼마켓,국세청,가동사업자,0.6242020479000828,3.1709527214560973,-0.5587291721734383,1.1895777379209331,3.750637801167216,True,True,True,257084.0,76.83333333333333,증가,증가,감소,증가 소비·감소 공급,증가 소비·감소 공급,True,증가 소비·감소 공급
전북특별자치도,완주군,8005,중국음식,LOCALDATA,식품인허가 영업점,1.2709884163515743,2.2181203167578114,-0.1439572960731754,1.4169855665320712,2.3654828980501152,True,True,False,22783.0,59.833333333333336,증가,증가,정체,증가 소비·정체 공급,증가 소비·정체 공급,False,증가 소비·정체 공급
전북특별자치도,완주군,8301,제과점,LOCALDATA,식품인허가 영업점,-0.8029344872155191,4.387986331767413,0.6348854846815134,-1.4287490515562051,3.72942328001873,True,True,True,27763.0,36.0,감소,증가,증가,증가 소비·증가 공급,감소 소비·증가 공급,True,증가 소비·증가 공급
전북특별자치도,익산시,4010,편의점,국세청,가동사업자,3.2682945428996915,4.9103318823227315,0.0,3.2682945428997177,4.910331882322723,True,True,False,1175523.0,225.0,증가,증가,정체,증가 소비·정체 공급,증가 소비·정체 공급,False,증가 소비·정체 공급
전북특별자치도,익산시,4020,슈퍼마켓,국세청,가동사업자,-1.095981683130503,1.4842662949208874,0.6520880468433392,-1.7367446258643864,0.8267868697271742,True,True,True,758255.0,145.16666666666666,감소,증가,증가,증가 소비·증가 공급,감소 소비·증가 공급,True,증가 소비·증가 공급
전북특별자치도,익산시,8005,중국음식,LOCALDATA,식품인허가 영업점,-1.2575000032965866,0.5505476550450091,0.0359141611112752,-1.2929498123292094,0.5144487339865496,True,True,True,58930.0,154.66666666666666,감소,증가,정체,증가 소비·정체 공급,감소 소비·정체 공급,True,증가 소비·정체 공급
전북특별자치도,익산시,8301,제과점,LOCALDATA,식품인허가 영업점,0.4408952593921267,2.608506449437839,-0.2392371915245701,0.6817634827256097,2.854572840856906,True,True,True,86676.0,83.5,증가,증가,정체,증가 소비·정체 공급,증가 소비·정체 공급,True,증가 소비·정체 공급
전북특별자치도,임실군,4010,편의점,국세청,가동사업자,7.212917194609909,7.1436718550831095,2.444193005852554,4.654948268746568,4.587355038232426,True,True,True,58550.0,20.666666666666668,증가,증가,증가,증가 소비·증가 공급,증가 소비·증가 공급,True,증가 소비·증가 공급
전북특별자치도,임실군,4020,슈퍼마켓,국세청,가동사업자,9.472083158896076,11.903065483256787,0.0,9.472083158896076,11.903065483256771,True,True,False,33338.0,13.0,증가,증가,정체,증가 소비·정체 공급,증가 소비·정체 공급,False,증가 소비·정체 공급
전북특별자치도,임실군,8005,중국음식,LOCALDATA,식품인허가 영업점,6.846684820396807,7.155769324974622,-0.5000501344334847,7.38365694129135,7.694294790853489,True,True,False,9573.0,28.833333333333332,증가,증가,감소,증가 소비·감소 공급,증가 소비·감소 공급,False,증가 소비·감소 공급
전북특별자치도,임실군,8301,제과점,LOCALDATA,식품인허가 영업점,4.604030929417462,6.704311661580991,0.0,4.604030929417472,6.704311661580991,True,True,False,4412.0,5.0,증가,증가,정체,증가 소비·정체 공급,증가 소비·정체 공급,False,증가 소비·정체 공급
전북특별자치도,장수군,4010,편의점,국세청,가동사업자,12.646797664154462,13.7791945452462,-0.8623264775821537,13.626630181796427,14.768876959289845,True,True,False,54937.0,16.5,증가,증가,감소,증가 소비·감소 공급,증가 소비·감소 공급,False,증가 소비·감소 공급
전북특별자치도,장수군,4020,슈퍼마켓,국세청,가동사업자,17.93967759777314,25.09540835162311,2.226578920967953,15.370854471177347,22.370727527070237,True,True,False,41044.0,6.833333333333333,증가,증가,증가,증가 소비·증가 공급,증가 소비·증가 공급,False,증가 소비·증가 공급
전북특별자치도,장수군,8005,중국음식,LOCALDATA,식품인허가 영업점,23.613969101672012,22.937001785041435,0.0,23.613969101671984,22.93700178504143,True,True,False,9737.0,25.0,증가,증가,정체,증가 소비·정체 공급,증가 소비·정체 공급,False,증가 소비·정체 공급
전북특별자치도,장수군,8301,제과점,LOCALDATA,식품인허가 영업점,27.041266155814007,26.0179588517338,0.0,27.041266155814025,26.01795885173379,True,True,False,4431.0,7.0,증가,증가,정체,증가 소비·정체 공급,증가 소비·정체 공급,False,증가 소비·정체 공급
전북특별자치도,전주시 덕진구,4010,편의점,국세청,가동사업자,4.103683465849016,5.562719052627782,0.5336872629933336,3.5510447294315073,5.002334965073574,True,True,True,1344512.0,332.3333333333333,증가,증가,증가,증가 소비·증가 공급,증가 소비·증가 공급,True,증가 소비·증가 공급
전북특별자치도,전주시 덕진구,4020,슈퍼마켓,국세청,가동사업자,-0.7790072579347417,1.8345380654949788,0.0658936868730668,-0.8443445750373986,1.7674797210689632,True,True,False,844933.0,174.33333333333334,감소,증가,정체,증가 소비·정체 공급,감소 소비·정체 공급,False,증가 소비·정체 공급
전북특별자치도,전주시 덕진구,8005,중국음식,LOCALDATA,식품인허가 영업점,-1.3830487217744944,1.0165989505639703,0.120233744622603,-1.5014771841539698,0.8952887667319349,True,True,False,78204.0,143.0,감소,증가,정체,증가 소비·정체 공급,감소 소비·정체 공급,False,증가 소비·정체 공급
전북특별자치도,전주시 덕진구,8301,제과점,LOCALDATA,식품인허가 영업점,0.707678324989811,2.498412405738802,-0.0693805796742718,0.7775984069463447,2.5695757719788452,True,True,False,162130.0,123.16666666666669,증가,증가,정체,증가 소비·정체 공급,증가 소비·정체 공급,False,증가 소비·정체 공급
전북특별자치도,전주시 완산구,4010,편의점,국세청,가동사업자,2.9822455963869334,4.360480732837131,-0.1295605792165965,3.1158430799453636,4.495866182320334,True,True,True,1216425.0,286.8333333333333,증가,증가,정체,증가 소비·정체 공급,증가 소비·정체 공급,True,증가 소비·정체 공급
전북특별자치도,전주시 완산구,4020,슈퍼마켓,국세청,가동사업자,-0.2600687864746627,1.806969530230524,-0.4629047370534668,0.2037792544005234,2.2804304880383155,True,True,True,776114.0,204.83333333333337,감소,증가,감소,증가 소비·감소 공급,감소 소비·감소 공급,True,증가 소비·감소 공급
전북특별자치도,전주시 완산구,8005,중국음식,LOCALDATA,식품인허가 영업점,-2.1609398361516945,-0.1952934645699652,-0.4148350235617309,-1.753378440456623,0.2204560880565933,True,True,True,73389.0,103.16666666666669,감소,정체,감소,정체 소비·감소 공급,감소 소비·감소 공급,True,정체 소비·감소 공급
전북특별자치도,전주시 완산구,8301,제과점,LOCALDATA,식품인허가 영업점,0.473136473182665,1.6915420197798514,-0.1517973282651323,0.6258838764503218,1.8461417418851656,True,True,False,199308.0,168.0,증가,증가,정체,증가 소비·정체 공급,증가 소비·정체 공급,False,증가 소비·정체 공급
전북특별자치도,정읍시,4010,편의점,국세청,가동사업자,4.876633662440555,5.527882109119559,0.2374679697304728,4.6281752588872465,5.27788086285926,True,True,False,345605.0,97.0,증가,증가,정체,증가 소비·정체 공급,증가 소비·정체 공급,False,증가 소비·정체 공급
전북특별자치도,정읍시,4020,슈퍼마켓,국세청,가동사업자,4.501618997617097,5.991990536233078,-0.649782890604401,5.185093740207189,6.685212795785011,True,True,True,235429.0,48.833333333333336,증가,증가,감소,증가 소비·감소 공급,증가 소비·감소 공급,True,증가 소비·감소 공급
전북특별자치도,정읍시,8005,중국음식,LOCALDATA,식품인허가 영업점,3.4645643140184146,4.370279462521303,0.4190030529764187,3.032853512233419,3.934789521322371,True,True,True,30532.0,61.5,증가,증가,증가,증가 소비·증가 공급,증가 소비·증가 공급,True,증가 소비·증가 공급
전북특별자치도,정읍시,8301,제과점,LOCALDATA,식품인허가 영업점,0.7447509315486848,2.3573009332994785,0.791761922478836,-0.0466416997117941,1.5532410397039615,True,True,True,30426.0,25.833333333333332,증가,증가,증가,증가 소비·증가 공급,증가 소비·증가 공급,True,증가 소비·증가 공급
전북특별자치도,진안군,4010,편의점,국세청,가동사업자,6.304406333181276,7.316298319072283,1.846386360408354,4.377199949929593,5.3707472146407715,True,True,True,36417.0,12.333333333333334,증가,증가,증가,증가 소비·증가 공급,증가 소비·증가 공급,True,증가 소비·증가 공급
전북특별자치도,진안군,4020,슈퍼마켓,국세청,가동사업자,4.756207752995444,6.398508522778236,-0.7694136175309392,5.568465905490775,7.223500738654812,True,True,False,27220.0,18.166666666666668,증가,증가,감소,증가 소비·감소 공급,증가 소비·감소 공급,False,증가 소비·감소 공급
전북특별자치도,진안군,8005,중국음식,LOCALDATA,식품인허가 영업점,5.743410419457993,5.846183007416527,0.0,5.743410419458003,5.846183007416523,True,True,False,6332.0,17.0,증가,증가,정체,증가 소비·정체 공급,증가 소비·정체 공급,False,증가 소비·정체 공급
전북특별자치도,진안군,8301,제과점,LOCALDATA,식품인허가 영업점,-0.5993867754776427,1.2101949440323427,0.0,-0.5993867754776278,1.2101949440323223,False,True,False,3652.0,3.0,감소,증가,정체,증가 소비·정체 공급,감소 소비·정체 공급,False,증가 소비·정체 공급
제주특별자치도,서귀포시,4010,편의점,국세청,가동사업자,4.041316478153621,5.237804362228657,-0.325086045337503,4.380643383827973,5.581033568884208,True,True,True,2035778.0,396.8333333333333,증가,증가,감소,증가 소비·감소 공급,증가 소비·감소 공급,True,증가 소비·감소 공급
제주특별자치도,서귀포시,4020,슈퍼마켓,국세청,가동사업자,2.207287959501433,3.750593126549667,0.7429965762056098,1.4534919875926182,2.9854150189675974,True,True,True,718743.0,96.5,증가,증가,증가,증가 소비·증가 공급,증가 소비·증가 공급,True,증가 소비·증가 공급
제주특별자치도,서귀포시,8005,중국음식,LOCALDATA,식품인허가 영업점,2.592510411110686,3.6888601250133943,0.0347434402863625,2.556878623226683,3.65284755981634,True,True,False,133140.0,164.0,증가,증가,정체,증가 소비·정체 공급,증가 소비·정체 공급,False,증가 소비·정체 공급
제주특별자치도,서귀포시,8301,제과점,LOCALDATA,식품인허가 영업점,2.060648995981652,4.154012789146842,0.0819003015531694,1.9771294194718751,4.0687801443859115,True,True,False,288210.0,173.83333333333334,증가,증가,정체,증가 소비·정체 공급,증가 소비·정체 공급,False,증가 소비·정체 공급
제주특별자치도,제주시,4010,편의점,국세청,가동사업자,5.3503160708392485,6.473821601811849,-0.1459187118269388,5.504266537493288,6.629413868958041,True,True,True,5951730.0,898.0,증가,증가,정체,증가 소비·정체 공급,증가 소비·정체 공급,True,증가 소비·정체 공급
제주특별자치도,제주시,4020,슈퍼마켓,국세청,가동사업자,0.880193286239844,3.304489887196296,1.0764702331818818,-0.1941865861453811,2.20429111629483,True,True,True,2657680.0,372.1666666666667,증가,증가,증가,증가 소비·증가 공급,증가 소비·증가 공급,True,증가 소비·증가 공급
제주특별자치도,제주시,8005,중국음식,LOCALDATA,식품인허가 영업점,2.6859114488152143,4.27623394809475,0.3409280870387892,2.3370158184528265,3.921934883482792,True,True,True,316785.0,260.1666666666667,증가,증가,증가,증가 소비·증가 공급,증가 소비·증가 공급,True,증가 소비·증가 공급
제주특별자치도,제주시,8301,제과점,LOCALDATA,식품인허가 영업점,1.6074024343571869,4.0501526435880475,0.9906525343805443,0.6106999850968191,3.029488405539261,True,True,True,894961.0,424.5,증가,증가,증가,증가 소비·증가 공급,증가 소비·증가 공급,True,증가 소비·증가 공급
충청남도,계룡시,4010,편의점,국세청,가동사업자,4.42044890660668,5.441845813346573,0.2814509557969989,4.127381396420086,5.145911640054155,True,True,False,114711.0,30.833333333333332,증가,증가,증가,증가 소비·증가 공급,증가 소비·증가 공급,False,증가 소비·증가 공급
충청남도,계룡시,4020,슈퍼마켓,국세청,가동사업자,0.6993996900217415,2.2232055352100746,-2.639452927418286,3.4293692032675995,4.994485557895715,True,True,True,29399.0,11.5,증가,증가,감소,증가 소비·감소 공급,증가 소비·감소 공급,True,증가 소비·감소 공급
충청남도,계룡시,8005,중국음식,LOCALDATA,식품인허가 영업점,-3.227262501766045,-2.089619804288924,0.0,-3.2272625017660297,-2.0896198042889114,True,True,False,8740.0,14.0,감소,감소,정체,감소 소비·정체 공급,감소 소비·정체 공급,False,감소 소비·정체 공급
충청남도,계룡시,8301,제과점,LOCALDATA,식품인허가 영업점,-0.6363217774920417,1.7348505187085643,-0.2926754073733019,-0.3446550908097621,2.0334774143882743,False,True,False,17657.0,19.666666666666668,감소,증가,감소,증가 소비·감소 공급,감소 소비·감소 공급,False,증가 소비·감소 공급
충청남도,공주시,4010,편의점,국세청,가동사업자,6.4398386060582995,8.169232757204806,-0.6150986981795842,7.098600704761799,8.838698172781225,True,True,True,414609.0,115.16666666666669,증가,증가,감소,증가 소비·감소 공급,증가 소비·감소 공급,True,증가 소비·감소 공급
충청남도,공주시,4020,슈퍼마켓,국세청,가동사업자,3.150536950769593,5.271200484049718,0.7836595391857392,2.3484733759479943,4.4526473491659235,True,True,True,201327.0,69.83333333333333,증가,증가,증가,증가 소비·증가 공급,증가 소비·증가 공급,True,증가 소비·증가 공급
충청남도,공주시,8005,중국음식,LOCALDATA,식품인허가 영업점,3.1675721258994933,3.878897906197677,0.6746076105708302,2.476259480416321,3.182818758054355,True,True,True,40611.0,76.33333333333333,증가,증가,증가,증가 소비·증가 공급,증가 소비·증가 공급,True,증가 소비·증가 공급
충청남도,공주시,8301,제과점,LOCALDATA,식품인허가 영업점,6.862264297111058,6.73865009688779,0.6515760675802729,6.170482840090573,6.0476688663279905,True,True,False,49062.0,43.333333333333336,증가,증가,증가,증가 소비·증가 공급,증가 소비·증가 공급,False,증가 소비·증가 공급
충청남도,금산군,4010,편의점,국세청,가동사업자,4.276921875944558,6.369878172151644,-0.0672073983046936,4.347050814004359,6.441414677675226,True,True,False,147948.0,42.166666666666664,증가,증가,정체,증가 소비·정체 공급,증가 소비·정체 공급,False,증가 소비·정체 공급
충청남도,금산군,4020,슈퍼마켓,국세청,가동사업자,0.6602686132615678,3.3739721860914265,2.957043508602703,-2.2308089054141624,0.4049540111880708,False,True,True,160556.0,26.5,증가,증가,증가,증가 소비·증가 공급,증가 소비·증가 공급,True,증가 소비·증가 공급
충청남도,금산군,8005,중국음식,LOCALDATA,식품인허가 영업점,1.116522493484582,1.995663453380816,-0.5399105945929656,1.6654248935226454,2.549338194980483,True,True,True,20523.0,47.5,증가,증가,감소,증가 소비·감소 공급,증가 소비·감소 공급,True,증가 소비·감소 공급
충청남도,금산군,8301,제과점,LOCALDATA,식품인허가 영업점,0.5173004514620518,2.43595280408759,-2.1781818252348613,2.75550212313703,4.716876782109086,True,True,True,22762.0,16.5,증가,증가,감소,증가 소비·감소 공급,증가 소비·감소 공급,True,증가 소비·감소 공급
충청남도,논산시,4010,편의점,국세청,가동사업자,4.60576351844452,5.714001304173917,-0.4080510435627437,5.034357309545558,6.147135799515792,True,True,True,477892.0,118.16666666666669,증가,증가,감소,증가 소비·감소 공급,증가 소비·감소 공급,True,증가 소비·감소 공급
충청남도,논산시,4020,슈퍼마켓,국세청,가동사업자,2.2762710742621746,3.9553107658054234,-0.3355856115474722,2.620651214213334,4.30534449400231,True,True,True,277834.0,85.33333333333333,증가,증가,감소,증가 소비·감소 공급,증가 소비·감소 공급,True,증가 소비·감소 공급
충청남도,논산시,8005,중국음식,LOCALDATA,식품인허가 영업점,0.4251769402859816,1.0810959301440417,-0.2669810217903872,0.694010839306521,1.3516856962175798,False,True,True,36770.0,85.66666666666667,증가,증가,감소,증가 소비·감소 공급,증가 소비·감소 공급,True,증가 소비·감소 공급
충청남도,논산시,8301,제과점,LOCALDATA,식품인허가 영업점,2.9589731471519674,4.493050835116655,0.8585114949963949,2.0825824424939654,3.60360200269322,True,True,True,57387.0,37.5,증가,증가,증가,증가 소비·증가 공급,증가 소비·증가 공급,True,증가 소비·증가 공급
충청남도,당진시,4010,편의점,국세청,가동사업자,5.1076190606499265,6.343476518714791,0.1280142318122343,4.973238375934489,6.2075157832579935,True,True,False,1031557.0,268.3333333333333,증가,증가,정체,증가 소비·정체 공급,증가 소비·정체 공급,False,증가 소비·정체 공급
충청남도,당진시,4020,슈퍼마켓,국세청,가동사업자,1.2054518003042851,3.1016159161408297,-0.7895623827043308,2.010891425259531,3.9221460889582818,True,True,True,295426.0,118.5,증가,증가,감소,증가 소비·감소 공급,증가 소비·감소 공급,True,증가 소비·감소 공급
충청남도,당진시,8005,중국음식,LOCALDATA,식품인허가 영업점,1.8766111959196103,1.9815455610225208,0.8073587357105261,1.0606888957505023,1.1647828492266843,True,True,True,57282.0,103.16666666666669,증가,증가,증가,증가 소비·증가 공급,증가 소비·증가 공급,True,증가 소비·증가 공급
충청남도,당진시,8301,제과점,LOCALDATA,식품인허가 영업점,2.442754781360839,4.342351880877828,0.6565679624896563,1.7745357854212085,3.66174209293694,True,True,True,89688.0,65.83333333333333,증가,증가,증가,증가 소비·증가 공급,증가 소비·증가 공급,True,증가 소비·증가 공급
충청남도,보령시,4010,편의점,국세청,가동사업자,6.238000013177745,7.180007800742382,-0.810498288427678,7.1060930642654005,8.055798195665083,True,True,True,522723.0,154.66666666666666,증가,증가,감소,증가 소비·감소 공급,증가 소비·감소 공급,True,증가 소비·감소 공급
충청남도,보령시,4020,슈퍼마켓,국세청,가동사업자,2.820754761826723,3.338717938012466,-0.361824241001537,3.194136161752096,3.7139802599003104,True,True,True,159408.0,71.16666666666667,증가,증가,감소,증가 소비·감소 공급,증가 소비·감소 공급,True,증가 소비·감소 공급
충청남도,보령시,8005,중국음식,LOCALDATA,식품인허가 영업점,1.5147134041418149,1.238798693825328,-0.1619787867227879,1.6794124828283334,1.4030501241162794,True,True,True,38699.0,70.0,증가,증가,정체,증가 소비·정체 공급,증가 소비·정체 공급,True,증가 소비·정체 공급
충청남도,보령시,8301,제과점,LOCALDATA,식품인허가 영업점,0.0523527743019014,1.4004599960241508,0.0,0.0523527743019369,1.4004599960241584,False,True,False,42378.0,37.0,정체,증가,정체,증가 소비·정체 공급,정체 소비·정체 공급,False,증가 소비·정체 공급
충청남도,부여군,4010,편의점,국세청,가동사업자,6.740707534552935,8.43436797236549,-1.9667634582907496,8.882162111559948,10.609801122123482,True,True,True,142586.0,51.0,증가,증가,감소,증가 소비·감소 공급,증가 소비·감소 공급,True,증가 소비·감소 공급
충청남도,부여군,4020,슈퍼마켓,국세청,가동사업자,0.4380586616373395,2.8994649338869367,0.5208897116237942,-0.0824018273456427,2.366249671174666,True,True,False,80758.0,27.833333333333332,증가,증가,증가,증가 소비·증가 공급,증가 소비·증가 공급,False,증가 소비·증가 공급
충청남도,부여군,8005,중국음식,LOCALDATA,식품인허가 영업점,-1.6368257576620384,-0.1595361579924349,-1.4310543948057382,-0.2087588150536614,1.2899785312771983,True,False,True,9655.0,42.166666666666664,감소,정체,감소,정체 소비·감소 공급,감소 소비·감소 공급,False,정체 소비·감소 공급
충청남도,부여군,8301,제과점,LOCALDATA,식품인허가 영업점,1.7096671887208414,3.0870947412233103,0.0,1.7096671887208468,3.0870947412233103,True,True,False,12428.0,15.0,증가,증가,정체,증가 소비·정체 공급,증가 소비·정체 공급,False,증가 소비·정체 공급
충청남도,서산시,4010,편의점,국세청,가동사업자,4.4821459676055255,5.876519936549033,0.3953146319448798,4.070739108337108,5.459622617547982,True,True,True,870612.0,239.16666666666663,증가,증가,증가,증가 소비·증가 공급,증가 소비·증가 공급,True,증가 소비·증가 공급
충청남도,서산시,4020,슈퍼마켓,국세청,가동사업자,1.4623547590629484,2.8488424719423473,0.0,1.4623547590629895,2.8488424719423735,True,True,False,257379.0,106.66666666666669,증가,증가,정체,증가 소비·정체 공급,증가 소비·정체 공급,False,증가 소비·정체 공급
충청남도,서산시,8005,중국음식,LOCALDATA,식품인허가 영업점,0.3228146074524808,1.096134338101334,0.3318180396163804,-0.0089736559546391,0.7617885466633956,True,True,True,54351.0,137.66666666666666,증가,증가,증가,증가 소비·증가 공급,증가 소비·증가 공급,True,증가 소비·증가 공급
충청남도,서산시,8301,제과점,LOCALDATA,식품인허가 영업점,0.3020035971922782,3.706537551910162,0.5268682628574245,-0.2236861344145669,3.163004422597296,False,True,True,69478.0,65.33333333333333,증가,증가,증가,증가 소비·증가 공급,증가 소비·증가 공급,True,증가 소비·증가 공급
충청남도,서천군,4010,편의점,국세청,가동사업자,7.186402431348972,7.361629068478727,-1.8731977341798312,9.232543969981604,9.411115606969386,True,True,True,149620.0,44.5,증가,증가,감소,증가 소비·감소 공급,증가 소비·감소 공급,True,증가 소비·감소 공급
충청남도,서천군,4020,슈퍼마켓,국세청,가동사업자,-2.2410525729829476,-0.4376202929555421,2.60179329366152,-4.720040177839329,-2.962339632717532,True,True,True,131255.0,26.0,감소,감소,증가,감소 소비·증가 공급,감소 소비·증가 공급,True,감소 소비·증가 공급
충청남도,서천군,8005,중국음식,LOCALDATA,식품인허가 영업점,1.6111744379981627,2.7093499174925046,0.321556685778562,1.2854841918560724,2.3801397332707244,True,True,False,16697.0,44.833333333333336,증가,증가,증가,증가 소비·증가 공급,증가 소비·증가 공급,False,증가 소비·증가 공급
충청남도,서천군,8301,제과점,LOCALDATA,식품인허가 영업점,-1.4010404755104389,0.5317186797003193,0.0,-1.4010404755104189,0.5317186797003193,True,True,False,16454.0,23.0,감소,증가,정체,증가 소비·정체 공급,감소 소비·정체 공급,False,증가 소비·정체 공급
충청남도,아산시,4010,편의점,국세청,가동사업자,3.9392604616242446,5.632272130644105,0.179114756392522,3.753422771178709,5.443407428296942,True,True,True,2689359.0,511.0,증가,증가,정체,증가 소비·정체 공급,증가 소비·정체 공급,True,증가 소비·정체 공급
충청남도,아산시,4020,슈퍼마켓,국세청,가동사업자,1.4678098312107748,2.953832194776522,-0.3895860249493289,1.8646603121490284,3.3564946538253064,True,True,True,1076590.0,193.0,증가,증가,감소,증가 소비·감소 공급,증가 소비·감소 공급,True,증가 소비·감소 공급
충청남도,아산시,8005,중국음식,LOCALDATA,식품인허가 영업점,0.7977887027883853,2.0247585759683613,0.1969517927340628,0.5996558770541959,1.8242139611345416,True,True,True,135468.0,261.6666666666667,증가,증가,정체,증가 소비·정체 공급,증가 소비·정체 공급,True,증가 소비·정체 공급
충청남도,아산시,8301,제과점,LOCALDATA,식품인허가 영업점,0.5729796602609287,2.9942970178265584,-0.0553094629345767,0.6286368188437941,3.051294135159831,True,True,False,212357.0,159.5,증가,증가,정체,증가 소비·정체 공급,증가 소비·정체 공급,False,증가 소비·정체 공급
충청남도,예산군,4010,편의점,국세청,가동사업자,5.044282319556769,6.007658666309449,-0.3622795773667971,5.426219983747673,6.39309913620755,True,True,True,424886.0,102.5,증가,증가,감소,증가 소비·감소 공급,증가 소비·감소 공급,True,증가 소비·감소 공급
충청남도,예산군,4020,슈퍼마켓,국세청,가동사업자,1.181493937135583,3.8578898749508017,0.2890269844542417,0.8898949162400903,3.558577640851732,True,True,False,152369.0,48.5,증가,증가,증가,증가 소비·증가 공급,증가 소비·증가 공급,False,증가 소비·증가 공급
충청남도,예산군,8005,중국음식,LOCALDATA,식품인허가 영업점,0.9080093202136772,1.8417210913187203,0.0,0.9080093202136568,1.8417210913187103,True,True,False,27111.0,54.666666666666664,증가,증가,정체,증가 소비·정체 공급,증가 소비·정체 공급,False,증가 소비·정체 공급
충청남도,예산군,8301,제과점,LOCALDATA,식품인허가 영업점,-3.5807029421417975,-1.5437907275120422,-0.483137001446186,-3.1126040827278185,-1.0658030147928594,True,True,False,37988.0,29.833333333333332,감소,감소,감소,감소 소비·감소 공급,감소 소비·감소 공급,False,감소 소비·감소 공급
충청남도,천안시 동남구,4010,편의점,국세청,가동사업자,5.080513796259375,7.324412751483587,0.023326010740636,5.056008420451528,7.299384085627138,True,True,False,1625559.0,369.5,증가,증가,정체,증가 소비·정체 공급,증가 소비·정체 공급,False,증가 소비·정체 공급
충청남도,천안시 동남구,4020,슈퍼마켓,국세청,가동사업자,-1.5315666951357196,1.48483462295075,-0.2766863627256775,-1.2583620485922622,1.766408396820476,True,True,True,602270.0,164.0,감소,증가,감소,증가 소비·감소 공급,감소 소비·감소 공급,True,증가 소비·감소 공급
충청남도,천안시 동남구,8005,중국음식,LOCALDATA,식품인허가 영업점,0.8952303389510318,2.5887906938606378,0.0,0.8952303389510421,2.588790693860656,True,True,False,77573.0,141.0,증가,증가,정체,증가 소비·정체 공급,증가 소비·정체 공급,False,증가 소비·정체 공급
충청남도,천안시 동남구,8301,제과점,LOCALDATA,식품인허가 영업점,1.163557548825667,2.384035700666044,-0.7842966868419599,1.9632519557106665,3.193377944928432,True,True,True,277586.0,160.33333333333334,증가,증가,감소,증가 소비·감소 공급,증가 소비·감소 공급,True,증가 소비·감소 공급
충청남도,천안시 서북구,4010,편의점,국세청,가동사업자,3.4103286581721943,4.691366027924206,0.0448765712765297,3.363942464857714,4.644405206834626,True,True,True,2546616.0,574.5,증가,증가,정체,증가 소비·정체 공급,증가 소비·정체 공급,True,증가 소비·정체 공급
충청남도,천안시 서북구,4020,슈퍼마켓,국세청,가동사업자,-2.077534129152831,0.4216486329325491,-0.1864510391361465,-1.8946156205288087,0.6092355981722675,True,True,True,887103.0,168.16666666666666,감소,증가,정체,증가 소비·정체 공급,감소 소비·정체 공급,True,증가 소비·정체 공급
충청남도,천안시 서북구,8005,중국음식,LOCALDATA,식품인허가 영업점,-1.5191463219055128,-0.0631312403604363,0.4061956403758147,-1.91755294581352,-0.4674282077345466,True,True,True,99804.0,218.5,감소,정체,증가,정체 소비·증가 공급,감소 소비·증가 공급,True,정체 소비·증가 공급
충청남도,천안시 서북구,8301,제과점,LOCALDATA,식품인허가 영업점,0.639886819865135,2.8724288492131116,-0.4583343942169343,1.1032779162359887,3.3460995686177544,True,True,True,248014.0,168.16666666666666,증가,증가,감소,증가 소비·감소 공급,증가 소비·감소 공급,True,증가 소비·감소 공급
충청남도,청양군,4010,편의점,국세청,가동사업자,8.820966020587507,9.658863771203375,1.818055018606604,6.877867585175497,7.700803900805118,True,True,True,83799.0,26.833333333333332,증가,증가,증가,증가 소비·증가 공급,증가 소비·증가 공급,True,증가 소비·증가 공급
충청남도,청양군,4020,슈퍼마켓,국세청,가동사업자,19.62270099700755,18.06043764234464,0.0,19.6227009970075,18.06043764234466,True,True,False,45412.0,10.0,증가,증가,정체,증가 소비·정체 공급,증가 소비·정체 공급,False,증가 소비·정체 공급
충청남도,청양군,8005,중국음식,LOCALDATA,식품인허가 영업점,7.4502302578471,8.906568245852574,0.0,7.450230257847057,8.906568245852574,True,True,False,14640.0,27.0,증가,증가,정체,증가 소비·정체 공급,증가 소비·정체 공급,False,증가 소비·정체 공급
충청남도,청양군,8301,제과점,LOCALDATA,식품인허가 영업점,8.862921078101433,9.295054232379268,0.0,8.862921078101422,9.295054232379268,True,True,False,12461.0,7.0,증가,증가,정체,증가 소비·정체 공급,증가 소비·정체 공급,False,증가 소비·정체 공급
충청남도,태안군,4010,편의점,국세청,가동사업자,13.116324576541022,14.881603006823802,-0.3464369827832176,13.509563684138747,15.280978952028129,True,True,True,356595.0,122.83333333333331,증가,증가,감소,증가 소비·감소 공급,증가 소비·감소 공급,True,증가 소비·감소 공급
충청남도,태안군,4020,슈퍼마켓,국세청,가동사업자,6.945017333681816,8.93764386076454,-0.8186353061965067,7.827733227755555,9.836806739936476,True,True,True,164854.0,45.166666666666664,증가,증가,감소,증가 소비·감소 공급,증가 소비·감소 공급,True,증가 소비·감소 공급
충청남도,태안군,8005,중국음식,LOCALDATA,식품인허가 영업점,7.645132756887546,6.254098755220597,0.4202896337877617,7.194604944326813,5.809392845517134,True,True,True,25380.0,54.666666666666664,증가,증가,증가,증가 소비·증가 공급,증가 소비·증가 공급,True,증가 소비·증가 공급
충청남도,태안군,8301,제과점,LOCALDATA,식품인허가 영업점,6.473698023065151,6.964222264456725,2.437472655642116,3.9401844488992217,4.419036795286713,True,True,True,25369.0,19.0,증가,증가,증가,증가 소비·증가 공급,증가 소비·증가 공급,True,증가 소비·증가 공급
충청남도,홍성군,4010,편의점,국세청,가동사업자,4.349669101774159,5.826930019362037,0.3742918242895988,3.960553250471389,5.432305519641994,True,True,True,387355.0,107.0,증가,증가,증가,증가 소비·증가 공급,증가 소비·증가 공급,True,증가 소비·증가 공급
충청남도,홍성군,4020,슈퍼마켓,국세청,가동사업자,0.3464963326187458,2.817683405666542,-0.4607116203526826,0.8109440665204795,3.293568880576355,False,True,True,135219.0,49.666666666666664,증가,증가,감소,증가 소비·감소 공급,증가 소비·감소 공급,True,증가 소비·감소 공급
충청남도,홍성군,8005,중국음식,LOCALDATA,식품인허가 영업점,0.1816659542241893,0.780118420838419,0.904526526989048,-0.71638071912605,-0.1232928892613511,False,True,True,29183.0,66.83333333333333,정체,증가,증가,증가 소비·증가 공급,정체 소비·증가 공급,True,증가 소비·증가 공급
충청남도,홍성군,8301,제과점,LOCALDATA,식품인허가 영업점,1.4899647544788384,3.8903097945289034,1.846386360408354,-0.3499599923636576,2.0068688808335606,True,True,True,45413.0,37.666666666666664,증가,증가,증가,증가 소비·증가 공급,증가 소비·증가 공급,True,증가 소비·증가 공급
충청북도,괴산군,4010,편의점,국세청,가동사업자,4.967287229525392,10.105426104218692,0.4695248701698128,4.476742937888684,9.590869715469154,True,True,False,102406.0,30.166666666666668,증가,증가,증가,증가 소비·증가 공급,증가 소비·증가 공급,False,증가 소비·증가 공급
충청북도,괴산군,4020,슈퍼마켓,국세청,가동사업자,-4.541168424522941,1.7373304017995788,-0.82781502201434,-3.7443496917335386,2.5865573339775856,True,False,True,88023.0,27.666666666666668,감소,증가,감소,증가 소비·감소 공급,감소 소비·감소 공급,False,증가 소비·감소 공급
충청북도,괴산군,8005,중국음식,LOCALDATA,식품인허가 영업점,0.7304571630979165,2.012254791026121,-0.0968146805340179,0.8280735403845987,2.1111133391951897,False,False,False,13552.0,29.166666666666668,증가,증가,정체,증가 소비·정체 공급,증가 소비·정체 공급,False,증가 소비·정체 공급
충청북도,괴산군,8301,제과점,LOCALDATA,식품인허가 영업점,2.8202058395395344,6.580920653232345,1.3708856295468106,1.429720378777381,5.139577297100139,False,False,False,9389.0,10.833333333333334,증가,증가,증가,증가 소비·증가 공급,증가 소비·증가 공급,False,증가 소비·증가 공급
충청북도,단양군,4010,편의점,국세청,가동사업자,6.006106137607263,6.853762111431365,0.3240123143447049,5.66374259978648,6.508660934161062,True,True,False,138962.0,26.5,증가,증가,증가,증가 소비·증가 공급,증가 소비·증가 공급,False,증가 소비·증가 공급
충청북도,단양군,4020,슈퍼마켓,국세청,가동사업자,6.907517924544406,7.752441675996621,2.008740493789261,4.802311455902561,5.63059709825264,True,True,True,45033.0,11.333333333333334,증가,증가,증가,증가 소비·증가 공급,증가 소비·증가 공급,True,증가 소비·증가 공급
충청북도,단양군,8005,중국음식,LOCALDATA,식품인허가 영업점,2.5242184884543963,2.7879715867392703,0.0,2.524218488454355,2.7879715867392743,True,True,False,7042.0,24.0,증가,증가,정체,증가 소비·정체 공급,증가 소비·정체 공급,False,증가 소비·정체 공급
충청북도,단양군,8301,제과점,LOCALDATA,식품인허가 영업점,5.248689687871287,4.419442437323256,0.0,5.248689687871271,4.419442437323245,True,True,False,12268.0,10.0,증가,증가,정체,증가 소비·정체 공급,증가 소비·정체 공급,False,증가 소비·정체 공급
충청북도,보은군,4010,편의점,국세청,가동사업자,5.204634640087526,6.650062697481897,-1.3139848406248036,6.605413614264349,8.070087261345984,True,True,True,85804.0,23.833333333333332,증가,증가,감소,증가 소비·감소 공급,증가 소비·감소 공급,True,증가 소비·감소 공급
충청북도,보은군,4020,슈퍼마켓,국세청,가동사업자,1.674184388636376,2.8332054725830735,1.0615430427111372,0.6062062061197037,1.7530530175293095,True,True,True,59640.0,30.166666666666668,증가,증가,증가,증가 소비·증가 공급,증가 소비·증가 공급,True,증가 소비·증가 공급
충청북도,보은군,8005,중국음식,LOCALDATA,식품인허가 영업점,1.92521842835169,2.135690222139929,0.5848751047341325,1.3325495729073735,1.5417975275020177,True,True,False,10226.0,24.833333333333332,증가,증가,증가,증가 소비·증가 공급,증가 소비·증가 공급,False,증가 소비·증가 공급
충청북도,보은군,8301,제과점,LOCALDATA,식품인허가 영업점,4.641299108334969,4.197714922518226,0.0,4.641299108334974,4.197714922518242,True,True,False,8313.0,6.0,증가,증가,정체,증가 소비·정체 공급,증가 소비·정체 공급,False,증가 소비·정체 공급
충청북도,영동군,4010,편의점,국세청,가동사업자,7.933501115229662,8.975961865296076,-0.2433734616313198,8.196823469883464,9.241827482389285,True,True,False,105982.0,35.833333333333336,증가,증가,정체,증가 소비·정체 공급,증가 소비·정체 공급,False,증가 소비·정체 공급
충청북도,영동군,4020,슈퍼마켓,국세청,가동사업자,2.481327142129152,4.085346488008574,-0.8683695192705774,3.3790392079255236,4.997109381997024,True,True,False,84463.0,20.0,증가,증가,감소,증가 소비·감소 공급,증가 소비·감소 공급,False,증가 소비·감소 공급
충청북도,영동군,8005,중국음식,LOCALDATA,식품인허가 영업점,3.878317752336238,4.235991905803966,0.0,3.8783177523362182,4.235991905803975,True,True,False,8208.0,26.0,증가,증가,정체,증가 소비·정체 공급,증가 소비·정체 공급,False,증가 소비·정체 공급
충청북도,영동군,8301,제과점,LOCALDATA,식품인허가 영업점,4.588740695259511,6.7108463408023855,0.0,4.588740695259574,6.710846340802394,True,True,False,7421.0,5.0,증가,증가,정체,증가 소비·정체 공급,증가 소비·정체 공급,False,증가 소비·정체 공급
충청북도,옥천군,4010,편의점,국세청,가동사업자,5.893803870228588,6.669921225406393,-0.2094847157761043,6.116100882555061,6.893847498019796,True,True,False,151180.0,54.333333333333336,증가,증가,정체,증가 소비·정체 공급,증가 소비·정체 공급,False,증가 소비·정체 공급
충청북도,옥천군,4020,슈퍼마켓,국세청,가동사업자,-0.604674972424064,2.6528119729026582,-0.4572981034851009,-0.1480539166921315,3.1243978886780117,False,True,True,125156.0,50.333333333333336,감소,증가,감소,증가 소비·감소 공급,감소 소비·감소 공급,True,증가 소비·감소 공급
충청북도,옥천군,8005,중국음식,LOCALDATA,식품인허가 영업점,2.4498536320168007,2.1590101620132427,-0.6800306984254532,3.151314234641668,2.858479397852261,True,True,True,9530.0,33.666666666666664,증가,증가,감소,증가 소비·감소 공급,증가 소비·감소 공급,True,증가 소비·감소 공급
충청북도,옥천군,8301,제과점,LOCALDATA,식품인허가 영업점,0.9786801675408586,0.3833184682552079,0.9262421908312728,0.05195673154106,-0.5379410852823642,True,True,False,10916.0,15.166666666666666,증가,증가,증가,증가 소비·증가 공급,증가 소비·증가 공급,False,증가 소비·증가 공급
충청북도,음성군,4010,편의점,국세청,가동사업자,4.819763572177574,6.468775280932619,0.581414128932226,4.213849526724993,5.853329069775819,True,True,True,911016.0,186.66666666666663,증가,증가,증가,증가 소비·증가 공급,증가 소비·증가 공급,True,증가 소비·증가 공급
충청북도,음성군,4020,슈퍼마켓,국세청,가동사업자,-1.1832141852527711,1.545885908314176,0.3012220023968532,-1.4799781677775288,1.2409259638806382,True,True,True,385111.0,76.0,감소,증가,증가,증가 소비·증가 공급,감소 소비·증가 공급,True,증가 소비·증가 공급
충청북도,음성군,8005,중국음식,LOCALDATA,식품인허가 영업점,1.536200889251072,2.899082753247832,-0.3982009343533148,1.9421354250132297,3.3104659941211834,True,True,True,46330.0,79.16666666666667,증가,증가,감소,증가 소비·감소 공급,증가 소비·감소 공급,True,증가 소비·감소 공급
충청북도,음성군,8301,제과점,LOCALDATA,식품인허가 영업점,2.3276549815608956,2.805906440180812,1.3540105229878328,0.9606373280633,1.4324997202391438,True,True,True,43807.0,33.666666666666664,증가,증가,증가,증가 소비·증가 공급,증가 소비·증가 공급,True,증가 소비·증가 공급
충청북도,제천시,4010,편의점,국세청,가동사업자,4.5510354003268665,6.569703615739855,-0.0220605551413463,4.574105028430212,6.593218671521818,True,True,False,534537.0,129.5,증가,증가,정체,증가 소비·정체 공급,증가 소비·정체 공급,False,증가 소비·정체 공급
충청북도,제천시,4020,슈퍼마켓,국세청,가동사업자,-1.7675875795666078,0.9979423708513376,0.6746862499813915,-2.4259065714728716,0.3210897723259666,True,True,True,362687.0,59.666666666666664,감소,증가,증가,증가 소비·증가 공급,감소 소비·증가 공급,True,증가 소비·증가 공급
충청북도,제천시,8005,중국음식,LOCALDATA,식품인허가 영업점,-1.409384542538199,-0.366406768164485,0.1403279973407079,-1.5475409067165082,-0.5060246712180152,True,True,False,35450.0,81.33333333333333,감소,감소,정체,감소 소비·정체 공급,감소 소비·정체 공급,False,감소 소비·정체 공급
충청북도,제천시,8301,제과점,LOCALDATA,식품인허가 영업점,0.5497141704485554,2.3016616717556655,0.0,0.5497141704485757,2.3016616717556735,True,True,False,48397.0,33.0,증가,증가,정체,증가 소비·정체 공급,증가 소비·정체 공급,False,증가 소비·정체 공급
충청북도,증평군,4010,편의점,국세청,가동사업자,4.827382106177105,5.979847763887398,-0.4461398581203045,5.29715468268317,6.454784990606753,True,True,True,199016.0,51.0,증가,증가,감소,증가 소비·감소 공급,증가 소비·감소 공급,True,증가 소비·감소 공급
충청북도,증평군,4020,슈퍼마켓,국세청,가동사업자,-0.608440811167709,2.7636561472556807,0.4361885327228453,-1.0400925793297913,2.317359557879419,True,True,False,96760.0,27.0,감소,증가,증가,증가 소비·증가 공급,감소 소비·증가 공급,False,증가 소비·증가 공급
충청북도,증평군,8005,중국음식,LOCALDATA,식품인허가 영업점,-2.1061034925658055,-0.5096359966916107,0.6098465297340154,-2.6994872927245632,-1.1126967837037385,True,True,False,8747.0,23.833333333333332,감소,감소,증가,감소 소비·증가 공급,감소 소비·증가 공급,False,감소 소비·증가 공급
충청북도,증평군,8301,제과점,LOCALDATA,식품인허가 영업점,-3.8130251503667303,-2.3690743721368683,0.0,-3.8130251503667454,-2.3690743721368563,True,True,False,18360.0,17.0,감소,감소,정체,감소 소비·정체 공급,감소 소비·정체 공급,False,감소 소비·정체 공급
충청북도,진천군,4010,편의점,국세청,가동사업자,4.002871572603405,5.311749994879314,-0.3627265625942164,4.381490966771798,5.695134322436451,True,True,True,676981.0,164.16666666666666,증가,증가,감소,증가 소비·감소 공급,증가 소비·감소 공급,True,증가 소비·감소 공급
충청북도,진천군,4020,슈퍼마켓,국세청,가동사업자,-1.2377551086295135,1.8346938260828356,-0.2095219735975224,-1.0303920327548433,2.0485078738068716,True,True,False,288956.0,53.666666666666664,감소,증가,정체,증가 소비·정체 공급,감소 소비·정체 공급,False,증가 소비·정체 공급
충청북도,진천군,8005,중국음식,LOCALDATA,식품인허가 영업점,0.9157630375747904,1.0125809685869291,1.4432317986836778,-0.5199644685568416,-0.4245239652374094,True,True,True,33086.0,48.666666666666664,증가,증가,증가,증가 소비·증가 공급,증가 소비·증가 공급,True,증가 소비·증가 공급
충청북도,진천군,8301,제과점,LOCALDATA,식품인허가 영업점,0.6620819869167601,1.410194176057953,0.0,0.6620819869167754,1.4101941760579555,True,True,False,43797.0,20.0,증가,증가,정체,증가 소비·정체 공급,증가 소비·정체 공급,False,증가 소비·정체 공급
충청북도,청주시 상당구,4010,편의점,국세청,가동사업자,4.380885261735055,5.277777285981466,0.3424284871516507,4.02467514038741,4.918506431665415,True,True,True,794913.0,191.83333333333337,증가,증가,증가,증가 소비·증가 공급,증가 소비·증가 공급,True,증가 소비·증가 공급
충청북도,청주시 상당구,4020,슈퍼마켓,국세청,가동사업자,1.0895315957525435,3.1192449623673673,-0.0903332471215419,1.1809316167497677,3.2124801471189395,True,True,False,399755.0,96.16666666666669,증가,증가,정체,증가 소비·정체 공급,증가 소비·정체 공급,False,증가 소비·정체 공급
충청북도,청주시 상당구,8005,중국음식,LOCALDATA,식품인허가 영업점,0.0369412835379763,1.4007033682078869,-0.3936524210517658,0.4322954460793503,1.8014472298941009,False,True,True,57072.0,80.16666666666667,정체,증가,감소,증가 소비·감소 공급,정체 소비·감소 공급,True,증가 소비·감소 공급
충청북도,청주시 상당구,8301,제과점,LOCALDATA,식품인허가 영업점,1.1502239675622543,2.9933520745722575,0.837636164192174,0.3099912049317824,2.1378088503284287,True,True,True,111866.0,75.33333333333333,증가,증가,증가,증가 소비·증가 공급,증가 소비·증가 공급,True,증가 소비·증가 공급
충청북도,청주시 서원구,4010,편의점,국세청,가동사업자,5.21443522371103,6.8478705074903665,0.4615779798970587,4.731019897741507,6.356950245069084,True,True,True,934101.0,186.33333333333337,증가,증가,증가,증가 소비·증가 공급,증가 소비·증가 공급,True,증가 소비·증가 공급
충청북도,청주시 서원구,4020,슈퍼마켓,국세청,가동사업자,0.6973499031123714,2.835203986237857,0.3991105098750703,0.2970538202208296,2.4264094213495846,True,True,True,445505.0,101.66666666666669,증가,증가,증가,증가 소비·증가 공급,증가 소비·증가 공급,True,증가 소비·증가 공급
충청북도,청주시 서원구,8005,중국음식,LOCALDATA,식품인허가 영업점,-0.7480107918593117,2.1034299841089106,-0.3791890485434361,-0.370225598239263,2.49206868418498,True,True,True,44149.0,90.33333333333331,감소,증가,감소,증가 소비·감소 공급,감소 소비·감소 공급,True,증가 소비·감소 공급
충청북도,청주시 서원구,8301,제과점,LOCALDATA,식품인허가 영업점,-0.4956269037184961,1.8683272535305009,-1.0638965370143385,0.5743804469805175,2.963755078187286,False,True,True,105045.0,64.0,감소,증가,감소,증가 소비·감소 공급,감소 소비·감소 공급,True,증가 소비·감소 공급
충청북도,청주시 청원구,4010,편의점,국세청,가동사업자,3.2462578238122854,4.497331425797852,0.0330360498384713,3.2121606029961094,4.462821036177673,True,True,False,1153479.0,258.8333333333333,증가,증가,정체,증가 소비·정체 공급,증가 소비·정체 공급,False,증가 소비·정체 공급
충청북도,청주시 청원구,4020,슈퍼마켓,국세청,가동사업자,-0.2137813941288145,2.220040852156469,-0.2455248939380291,0.0318216298321118,2.4716342234000344,True,True,True,588331.0,81.83333333333333,정체,증가,정체,증가 소비·정체 공급,정체 소비·정체 공급,True,증가 소비·정체 공급
충청북도,청주시 청원구,8005,중국음식,LOCALDATA,식품인허가 영업점,-1.661006322767767,-0.1572460488594858,-0.3906488911657018,-1.27533953133984,0.2343182037710826,True,False,False,64545.0,110.83333333333331,감소,정체,감소,정체 소비·감소 공급,감소 소비·감소 공급,False,정체 소비·감소 공급
충청북도,청주시 청원구,8301,제과점,LOCALDATA,식품인허가 영업점,1.1873955249789483,2.758285106324039,-0.0774750488490588,1.265851292735405,2.8379588651902403,True,True,False,122110.0,69.33333333333333,증가,증가,정체,증가 소비·정체 공급,증가 소비·정체 공급,False,증가 소비·정체 공급
충청북도,청주시 흥덕구,4010,편의점,국세청,가동사업자,1.8550386714970704,2.6006058445778177,0.6204680947029619,1.2269576957564836,1.967927388303496,True,True,True,2069415.0,373.5,증가,증가,증가,증가 소비·증가 공급,증가 소비·증가 공급,True,증가 소비·증가 공급
충청북도,청주시 흥덕구,4020,슈퍼마켓,국세청,가동사업자,-0.33129825241136,2.3428973509398463,-0.3959313511174588,0.0648900186336127,2.749715688534781,True,True,True,809733.0,151.83333333333334,감소,증가,감소,증가 소비·감소 공급,감소 소비·감소 공급,True,증가 소비·감소 공급
충청북도,청주시 흥덕구,8005,중국음식,LOCALDATA,식품인허가 영업점,-0.9038583293125634,0.0469463834320172,-0.1552403206131619,-0.7497819726376089,0.2025010673513805,True,True,True,88807.0,147.66666666666666,감소,정체,정체,정체 소비·정체 공급,감소 소비·정체 공급,True,정체 소비·정체 공급
충청북도,청주시 흥덕구,8301,제과점,LOCALDATA,식품인허가 영업점,0.4130971029372814,2.0864135648219726,0.9096561550415684,-0.4920827907106891,1.1661494594455897,True,True,True,186313.0,138.0,증가,증가,증가,증가 소비·증가 공급,증가 소비·증가 공급,True,증가 소비·증가 공급
충청북도,충주시,4010,편의점,국세청,가동사업자,4.464154582131733,6.233171076613816,-0.3094744282434609,4.7884480325456,6.562956175958684,True,True,True,1048849.0,258.6666666666667,증가,증가,감소,증가 소비·감소 공급,증가 소비·감소 공급,True,증가 소비·감소 공급
충청북도,충주시,4020,슈퍼마켓,국세청,가동사업자,-1.0117941544948887,1.2407643634215209,-0.3695297325298586,-0.6446465827579958,1.616266681897987,True,True,True,499326.0,115.5,감소,증가,감소,증가 소비·감소 공급,감소 소비·감소 공급,True,증가 소비·감소 공급
충청북도,충주시,8005,중국음식,LOCALDATA,식품인허가 영업점,0.6640031394213988,1.6165446357465678,0.3210972071421505,0.3418083950688791,1.2913010968466283,True,False,True,66592.0,178.33333333333334,증가,증가,증가,증가 소비·증가 공급,증가 소비·증가 공급,False,증가 소비·증가 공급
충청북도,충주시,8301,제과점,LOCALDATA,식품인허가 영업점,-0.7548062551887513,-0.5834505010500738,0.7989467913930457,-1.5414377789058982,-1.371440214850716,False,False,True,117179.0,78.66666666666667,감소,감소,증가,감소 소비·증가 공급,감소 소비·증가 공급,False,감소 소비·증가 공급
