SIDO_NM,CCG_NM,TP_BUZ_NO,TP_BUZ_NM,amt_share_pct_202601,amt_share_pct_202606,cnt_share_pct_202601,cnt_share_pct_202606,amt_share_change_pp,cnt_share_change_pp
강원특별자치도,강릉시,4004,대형할인점,6.078786427901357,4.477692438883244,3.2255114173348374,2.3400685305783955,-1.6010939890181133,-0.8854428867564419
강원특별자치도,강릉시,4010,편의점,12.528637083596623,14.578301310597459,31.88706983865668,35.69874189172683,2.049664227000836,3.811672053070154
강원특별자치도,강릉시,4020,슈퍼마켓,12.586537578256138,12.633104137907914,9.349139084513006,8.923279181747464,0.04656655965177592,-0.4258599027655414
강원특별자치도,강릉시,8001,일반한식,41.08701219529169,40.810001997017594,23.71455477305909,22.140809123695764,-0.27701019827409823,-1.5737456493633246
강원특별자치도,강릉시,8002,갈비전문점,0.1878982398806359,0.1827198213470977,0.05047271594023217,0.04709066479804052,-0.005178418533538204,-0.0033820511421916513
강원특별자치도,강릉시,8004,일식회집,6.669830780237003,7.22023897157967,1.7624801411881073,1.8633759988685383,0.550408191342667,0.10089585768043108
강원특별자치도,강릉시,8005,중국음식,2.2492811152526047,2.0676420469867627,1.8351405275584418,1.615868750441977,-0.18163906826584197,-0.21927177711646473
강원특별자치도,강릉시,8006,서양음식,12.668864844100133,12.445428214505927,19.613223174090223,19.798811965207552,-0.22343662959420563,0.18558879111732907
강원특별자치도,강릉시,8021,스넥,3.3917024137268714,3.4413569224355447,4.618761623121246,4.189944134078212,0.04965450870867327,-0.4288174890430341
강원특별자치도,강릉시,8301,제과점,2.551449321756946,2.1435141387387886,3.943646704538141,3.382009758857224,-0.40793518301815723,-0.5616369456809167
강원특별자치도,고성군,4010,편의점,22.575712426091187,22.40806519585575,48.856977799785426,49.57935247130423,-0.16764723023543482,0.7223746715188071
강원특별자치도,고성군,4020,슈퍼마켓,1.33310330766456,1.5324747825801404,2.149046793760832,2.4724229745150246,0.19937147491558038,0.3233761807541926
강원특별자치도,고성군,8001,일반한식,41.385800097238125,40.85358845389714,17.623174052983412,17.119011925804937,-0.532211643340986,-0.5041621271784749
강원특별자치도,고성군,8002,갈비전문점,0.07214441429714089,0.026270996272802407,0.021457456466121978,0.012306177701206004,-0.045873418024338475,-0.009151278764915973
강원특별자치도,고성군,8004,일식회집,6.345571744483306,8.808446125301705,1.209870429974416,2.171480992549169,2.4628743808183993,0.9616105625747529
강원특별자치도,고성군,8005,중국음식,2.9234171358667522,2.0190355260493345,2.071469835767929,1.5785469760365156,-0.9043816098174178,-0.4929228597314135
강원특별자치도,고성군,8006,서양음식,19.14022678439799,19.302614511441565,21.49046793760832,22.429686975589018,0.1623877270435763,0.9392190379806991
강원특별자치도,고성군,8021,스넥,4.485500541083107,3.792875086885847,4.204010893785591,3.371892690130446,-0.6926254541972603,-0.8321182036551447
강원특별자치도,고성군,8301,제과점,1.7385235488778406,1.256629321715715,2.3735247998679543,1.2652988163694538,-0.4818942271621256,-1.1082259834985004
강원특별자치도,동해시,4004,대형할인점,7.691156606457715,6.139394138991188,3.4219218596680347,2.727727940115593,-1.551762467466527,-0.6941939195524416
강원특별자치도,동해시,4010,편의점,14.06287722042542,15.684698105933656,33.55215574627656,36.00448114608706,1.6218208855082352,2.4523253998104977
강원특별자치도,동해시,4020,슈퍼마켓,24.84382450882783,22.74623153057686,18.422543775999557,16.931603113038605,-2.097592978250969,-1.490940662960952
강원특별자치도,동해시,8001,일반한식,33.45756875013717,34.72551826746301,18.049854655849927,17.633479592962566,1.2679495173258388,-0.4163750628873615
강원특별자치도,동해시,8002,갈비전문점,0.02533923651084699,0.0418449759875705,0.008292217753638212,0.011033124835564005,0.016505739476723506,0.0027409070819257933
강원특별자치도,동해시,8004,일식회집,3.0522806310467496,3.1668510299482167,1.0489655458352336,1.0252319077970244,0.11457039890146703,-0.02373363803820916
강원특별자치도,동해시,8005,중국음식,3.4128160670711636,2.8809103606998185,2.5364972750851105,2.073378767175605,-0.531905706371345,-0.46311850790950526
강원특별자치도,동해시,8006,서양음식,8.999419392297272,10.327572545821218,16.549423921205506,17.8163748546598,1.328153153523946,1.266950933454293
강원특별자치도,동해시,8021,스넥,2.397450912711318,2.466528862378461,3.182368902340709,2.9445712782299474,0.06907794966714276,-0.23779762411076177
강원특별자치도,동해시,8301,제과점,2.0572666745145143,1.8204501821999997,3.2279760999857188,2.8321182750982374,-0.23681649231451463,-0.39585782488748134
강원특별자치도,삼척시,4004,대형할인점,7.723526617503955,1.793163269329338,4.458862506902264,1.2657997635718832,-5.930363348174617,-3.1930627433303806
강원특별자치도,삼척시,4010,편의점,15.415231216938539,17.570870953751527,37.85776734769004,42.642538874238426,2.1556397368129883,4.784771526548383
강원특별자치도,삼척시,4020,슈퍼마켓,8.012230723466661,8.178054646532349,8.35288974783729,8.511412203328181,0.1658239230656875,0.15852245549089083
강원특별자치도,삼척시,8001,일반한식,44.31054600126366,47.412372353428225,21.98946254371434,21.472219696280803,3.101826352164565,-0.5172428474335362
강원특별자치도,삼척시,8002,갈비전문점,0.16741148636495704,0.09856878129558806,0.04486471562672557,0.02909884513958352,-0.06884270506936897,-0.015765870487142047
강원특별자치도,삼척시,8004,일식회집,6.742117132697816,8.21984780980168,1.7405208908521996,2.030553787396563,1.4777306771038639,0.29003289654436326
강원특별자치도,삼척시,8005,중국음식,2.578505840954476,2.3538224973386432,2.236333517393705,2.1060289169773574,-0.22468334361583286,-0.1303046004163475
강원특별자치도,삼척시,8006,서양음식,9.414705461857391,8.872373141978471,16.344561016013255,15.546058015822497,-0.5423323198789198,-0.7985030001907578
강원특별자치도,삼척시,8021,스넥,3.6742901153432856,3.8327484918976458,3.7490796981409904,3.7855778848776938,0.15845837655436013,0.03649818673670335
강원특별자치도,삼척시,8301,제과점,1.9614354036092625,1.6681780546465323,3.2256580158291923,2.610712012367009,-0.29325734896273015,-0.6149460034621832
강원특별자치도,속초시,4004,대형할인점,7.238487117533074,7.16920518129933,4.220372265975893,4.669888079941477,-0.06928193623374401,0.4495158139655837
강원특별자치도,속초시,4010,편의점,11.425085524269754,12.467047419315882,30.28290751843573,32.65686972186696,1.0419618950461285,2.3739622034312298
강원특별자치도,속초시,4020,슈퍼마켓,9.517475658477071,8.974589326162066,9.219171071048068,8.65352555649002,-0.542886332315005,-0.5656455145580477
강원특별자치도,속초시,8001,일반한식,48.18669409822732,48.2210761024203,28.388675343123943,26.86603930389605,0.03438200419297743,-1.5226360392278941
강원특별자치도,속초시,8002,갈비전문점,0.020286596014449414,0.056258707581376306,0.008878397292611084,0.017666349833538198,0.035972111566926895,0.008787952540927114
강원특별자치도,속초시,8004,일식회집,7.9248821798521565,8.044700635929578,2.1177588836198793,2.2048102235912954,0.11981845607742159,0.08705133997141612
강원특별자치도,속초시,8005,중국음식,1.437668955288151,1.3296887901825118,1.297812780714032,1.1861336571334729,-0.10798016510563913,-0.1116791235805592
강원특별자치도,속초시,8006,서양음식,8.268414631228918,7.880146370822446,15.271365601955337,15.218689505192911,-0.38826826040647155,-0.05267609676242557
강원특별자치도,속초시,8021,스넥,4.063252075309203,4.077823563660213,5.824228623952871,5.466117931593903,0.014571488351010409,-0.3581106923589683
강원특별자치도,속초시,8301,제과점,1.9177531637999092,1.77946390262629,3.3688295138816353,3.06025967046037,-0.13828926117361928,-0.30856984342126514
강원특별자치도,양구군,4010,편의점,16.821277893559703,18.254533501342245,35.701312397468946,38.48527213999904,1.4332556077825416,2.7839597425300937
강원특별자치도,양구군,4020,슈퍼마켓,21.652772835866415,21.070508957431656,16.67740801499883,15.892108181073134,-0.5822638784347589,-0.7852998339256949
강원특별자치도,양구군,8001,일반한식,39.92273674579373,40.38897715444036,20.06972111553785,19.669286024200936,0.46624040864663385,-0.400435091336913
강원특별자치도,양구군,8004,일식회집,0.8742947186499264,1.2458226045033693,0.41598312631825635,0.7882177119992286,0.371527885853443,0.3722345856809723
강원특별자치도,양구군,8005,중국음식,4.009302089157729,3.8678573385196953,3.05249589875791,2.687653666297064,-0.14144475063803386,-0.364842232460846
강원특별자치도,양구군,8006,서양음식,9.76338128399329,9.001260066838327,16.504569955472228,16.0897652220026,-0.762121217154963,-0.41480473346962654
강원특별자치도,양구군,8021,스넥,4.776851522391095,4.488029365035884,4.546519803140379,3.8760063635925373,-0.28882215735521033,-0.6705134395478418
강원특별자치도,양구군,8301,제과점,2.1793829105881155,1.6830110118884567,3.0319896883056012,2.5116906908354624,-0.4963718986996588,-0.5202989974701389
강원특별자치도,양양군,4010,편의점,15.358087458761297,16.539895655798098,39.94584382871537,42.59422062533446,1.1818081970368013,2.6483767966190896
강원특별자치도,양양군,4020,슈퍼마켓,13.073019374012842,12.725973668346196,10.478589420654911,9.969612414952985,-0.3470457056666465,-0.5089770057019258
강원특별자치도,양양군,8001,일반한식,48.04577612874887,48.38869331586821,26.07934508816121,25.3497439033713,0.3429171871193404,-0.7296011847899102
강원특별자치도,양양군,8004,일식회집,6.9192235441452725,6.877265318577288,1.6586901763224182,1.7945875697576639,-0.0419582255679849,0.13589739343524565
강원특별자치도,양양군,8005,중국음식,2.0546920999261675,1.7404344946153332,1.7052896725440807,1.4935784725938384,-0.31425760531083435,-0.21171119995024235
강원특별자치도,양양군,8006,서양음식,9.191674688548492,9.131978297596808,14.133501259445843,13.618033789465636,-0.05969639095168411,-0.5154674699802069
강원특별자치도,양양군,8021,스넥,2.5775941831232068,2.391655440857974,2.1536523929471034,1.9379252350737712,-0.18593874226523255,-0.2157271578733322
강원특별자치도,양양군,8301,제과점,2.7799325227338576,2.204103808340094,3.8450881612090684,3.2422979894503476,-0.5758287143937637,-0.6027901717587207
강원특별자치도,영월군,4004,대형할인점,4.9366922129628525,2.8807878448546953,3.949185307925987,2.661441080974714,-2.0559043681081572,-1.2877442269512729
강원특별자치도,영월군,4010,편의점,18.101603319025813,17.456531243049216,36.01717255404082,37.753763405595095,-0.6450720759765964,1.7365908515542756
강원특별자치도,영월군,4020,슈퍼마켓,7.515632659405301,6.383598837253894,7.632246240365545,7.357908891148207,-1.1320338221514072,-0.27433734921733777
강원특별자치도,영월군,8001,일반한식,52.68355671397315,57.20695500111213,32.63287389219452,33.439375553442,4.523398287138981,0.8065016612474807
강원특별자치도,영월군,8002,갈비전문점,,0.0728633773325868,,0.018038109606113278,,
강원특별자치도,영월군,8004,일식회집,0.9002977080070301,0.6565373789125717,0.19331676332504832,0.13610573611885476,-0.24376032909445844,-0.05721102720619356
강원특별자치도,영월군,8005,중국음식,3.5999952175420553,3.0142428728112227,2.736561974341593,2.179331606047686,-0.5857523447308326,-0.557230368293907
강원특별자치도,영월군,8006,서양음식,7.19759920611198,8.075563157208489,10.544550726820818,11.728050900265652,0.8779639510965085,1.183500173444834
강원특별자치도,영월군,8021,스넥,2.843171247862839,2.364608340172264,3.472169917903141,2.4105473746351382,-0.47856290769057486,-1.0616225432680029
강원특별자치도,영월군,8301,제과점,2.2214517151089805,1.8883119472929337,2.8219226230825236,2.315437342166541,-0.3331397678160468,-0.5064852809159825
강원특별자치도,원주시,4004,대형할인점,6.47708365901326,4.8055573544513415,3.5747211401898653,2.6062466864609455,-1.6715263045619189,-0.9684744537289198
강원특별자치도,원주시,4010,편의점,15.30998820869163,17.541990082430544,35.03281296904274,38.6756805469039,2.2320018737389145,3.6428675778611606
강원특별자치도,원주시,4020,슈퍼마켓,19.926671893042545,17.78426279708764,14.140603957964279,12.039938488067044,-2.142409095954907,-2.100665469897235
강원특별자치도,원주시,8001,일반한식,37.33800026616162,39.07274888751145,20.07066861096313,19.511593565910836,1.73474862134983,-0.5590750450522926
강원특별자치도,원주시,8002,갈비전문점,0.09147126355288568,0.05568224921593842,0.02562864333115411,0.015177721634261176,-0.035789014336947256,-0.010450921696892934
강원특별자치도,원주시,8004,일식회집,2.829100414410153,2.5218334551442765,0.902104515031318,0.8299262510289759,-0.3072669592658763,-0.07217826400234217
강원특별자치도,원주시,8005,중국음식,2.8655378237161626,2.5199253406851634,1.9194192739262963,1.6269674385170523,-0.34561248303099923,-0.292451835409244
강원특별자치도,원주시,8006,서양음식,9.481281225319757,10.01372685977556,16.514694348765495,17.484524520979512,0.5324456344558026,0.9698301722140172
강원특별자치도,원주시,8021,스넥,3.228575297296135,3.182214522948257,3.983948875602599,3.3618653419888505,-0.04636077434787822,-0.6220835336137487
강원특별자치도,원주시,8301,제과점,2.452289948795851,2.502058450749831,3.835397665183132,3.8480794385086203,0.04976850195397997,0.012681773325488255
강원특별자치도,인제군,4004,대형할인점,0.6146585078067118,0.4996394791534122,0.49261932239006495,0.32833370643981796,-0.1150190286532996,-0.164285615950247
강원특별자치도,인제군,4010,편의점,15.941790375838066,19.699707341901004,28.342835489260555,33.71539437355421,3.757916966062938,5.372558884293657
강원특별자치도,인제군,4020,슈퍼마켓,12.289511474540149,3.9877847054332607,7.239437104914136,3.619132900529811,-8.301726769106889,-3.6203042043843245
강원특별자치도,인제군,8001,일반한식,40.09732093040273,45.60631123552615,17.62922644986823,18.9284381762555,5.508990305123419,1.29921172638727
강원특별자치도,인제군,8004,일식회집,0.6796001061017662,0.4411078593544556,0.12057116282274316,0.1029773897470338,-0.23849224674731062,-0.017593773075709362
강원특별자치도,인제군,8005,중국음식,4.5331064950745,3.707002587267252,2.642230911001257,2.1789418700097007,-0.8261039078072479,-0.46328904099155643
강원특별자치도,인제군,8006,서양음식,21.188339781759645,21.407303728209694,39.28208484764972,37.28378479217969,0.21896394645004946,-1.9983000554700325
강원특별자치도,인제군,8021,스넥,3.394341848914743,3.544980277388981,2.749022512358544,2.544586224908589,0.1506384284742377,-0.20443628744995523
강원특별자치도,인제군,8301,제과점,1.26133047956169,1.1061627857657887,1.5019721997347433,1.2984105663756436,-0.15516769379590123,-0.20356163335909971
강원특별자치도,정선군,4010,편의점,22.426117872796706,20.078927644138194,45.904215413937834,41.82328264750631,-2.347190228658512,-4.080932766431523
강원특별자치도,정선군,4020,슈퍼마켓,7.21749844805207,15.539966954742907,7.156471136884365,14.671040481236863,8.322468506690836,7.514569344352498
강원특별자치도,정선군,8001,일반한식,50.62830376794146,47.46549503699992,23.12192055799996,23.202617253115463,-3.162808730941542,0.08069669511550259
강원특별자치도,정선군,8004,일식회집,1.0092364416185406,0.7942456529751084,0.3031286116912346,0.2752688928562006,-0.21499078864343224,-0.02785971883503402
강원특별자치도,정선군,8005,중국음식,3.5125754811038585,3.7273227958440827,2.382448954763884,2.7606040085482864,0.21474731474022413,0.3781550537844023
강원특별자치도,정선군,8006,서양음식,9.778212532214676,6.408212450359646,15.203065755591153,11.08814760744721,-3.3700000818550295,-4.114918148143943
강원특별자치도,정선군,8021,스넥,3.438740382625708,3.4428354321350634,3.154970700946897,2.9549631948780637,0.004095049509355242,-0.20000750606883333
강원특별자치도,정선군,8301,제과점,1.9893150736469836,2.5429940328050784,2.7737788681846753,3.224075914411602,0.5536789591580948,0.4502970462269267
강원특별자치도,철원군,4010,편의점,15.60211173483026,18.30628320437711,31.880921011355795,37.87289412409259,2.70417146954685,5.991973112736794
강원특별자치도,철원군,4020,슈퍼마켓,17.24739374498797,16.49793394986893,15.862036514210429,14.891110806738803,-0.7494597951190407,-0.9709257074716255
강원특별자치도,철원군,8001,일반한식,45.21986099973269,45.46389331437602,22.603362820754125,21.201205314340502,0.2440323146433343,-1.402157506413623
강원특별자치도,철원군,8004,일식회집,1.6980753809141942,1.1596539445371856,0.5270092226613966,0.39446651143678946,-0.5384214363770086,-0.13254271122460715
강원특별자치도,철원군,8005,중국음식,4.004276931301791,3.7106387300297685,3.0789259050128615,2.6448431721681964,-0.29363820127202267,-0.43408273284466503
강원특별자치도,철원군,8006,서양음식,10.426356589147288,9.80088481532495,19.02095489052011,17.44007670182167,-0.625471773822337,-1.5808781886984384
강원특별자치도,철원군,8021,스넥,3.4115209836941993,3.164135146972015,3.510257858083945,2.75852622928366,-0.2473858367221844,-0.7517316288002851
강원특별자치도,철원군,8301,제과점,2.3904036353916065,1.8965768945140178,3.5165317774013425,2.796877140117792,-0.4938267408775887,-0.7196546372835506
강원특별자치도,춘천시,4004,대형할인점,11.985905236861267,9.713215391116645,5.964864691227594,4.702144805355815,-2.2726898457446225,-1.2627198858717792
강원특별자치도,춘천시,4010,편의점,12.54399761516235,14.253495817962394,33.98298914246147,37.11737540292586,1.7094982028000434,3.134386260464389
강원특별자치도,춘천시,4020,슈퍼마켓,17.308393976421783,16.082628078470787,13.967213231777395,12.576400942226632,-1.2257658979509962,-1.3908122895507624
강원특별자치도,춘천시,8001,일반한식,37.81007935485173,38.93486528775541,19.798946369042095,18.722105132655592,1.1247859329036771,-1.0768412363865032
강원특별자치도,춘천시,8002,갈비전문점,0.15060498176437617,0.14497222761553427,0.05835659268882908,0.05439499132159683,-0.005632754148841901,-0.003961601367232254
강원특별자치도,춘천시,8003,한정식,0.02460916454603466,0.013476935025183594,0.008923026405019739,0.0038742871311678653,-0.011132229520851068,-0.0050487392738518735
강원특별자치도,춘천시,8004,일식회집,2.6070964446355904,2.6273170620281645,1.0034835495085197,0.9358727994049095,0.02022061739257408,-0.06761075010361017
강원특별자치도,춘천시,8005,중국음식,3.0630258559253742,2.800765977211036,2.273587127999029,1.9452020828167618,-0.2622598787143384,-0.3283850451822674
강원특별자치도,춘천시,8006,서양음식,9.8311671575561,10.379752618294368,16.142825529849308,17.31558393255641,0.5485854607382681,1.1727584027071032
강원특별자치도,춘천시,8021,스넥,2.811344747224288,3.120176951395472,3.6725392077780237,3.4536945202082814,0.3088322041711842,-0.2188446875697423
강원특별자치도,춘천시,8301,제과점,1.8637754650511047,1.9293336531250118,3.126271531262715,3.173351103396975,0.06555818807390712,0.04707957213425962
강원특별자치도,태백시,4004,대형할인점,13.123843483663574,12.65142591219115,7.0508206161819755,6.340852130325815,-0.47241757147242325,-0.7099684858561606
강원특별자치도,태백시,4010,편의점,14.533273903588745,16.705204833995026,35.96314425568672,41.17615467239528,2.1719309304062815,5.213010416708556
강원특별자치도,태백시,4020,슈퍼마켓,10.365087726407067,11.177522795689542,9.823999424128996,10.800214822771213,0.8124350692824756,0.9762153986422177
강원특별자치도,태백시,8001,일반한식,45.26790658724691,42.902432994488315,24.962208465303775,21.389187253848906,-2.3654735927585975,-3.5730212114548685
강원특별자치도,태백시,8002,갈비전문점,0.21205613409511462,0.1621511568721551,0.0953786351857184,0.06623702112423917,-0.04990497722295953,-0.029141614061479235
강원특별자치도,태백시,8004,일식회집,1.026513770141956,1.020170731352617,0.36711776562050097,0.4045828857858933,-0.006343038789339062,0.03746512016539233
강원특별자치도,태백시,8005,중국음식,2.6189607898753327,2.9383534749792766,2.5518283904405417,2.681704260651629,0.3193926851039439,0.12987587021108737
강원특별자치도,태백시,8006,서양음식,7.815686751218985,7.1048383578377905,12.724949611287073,11.176154672395274,-0.7108483933811947,-1.548794938891799
강원특별자치도,태백시,8021,스넥,3.2254143198670935,3.4655265186219335,3.448027641808235,3.342284282133906,0.24011219875484002,-0.10574335967432935
강원특별자치도,태백시,8301,제과점,1.8112565338952145,1.8723732239721944,3.0125251943564644,2.622627998567848,0.06111669007697995,-0.38989719578861637
강원특별자치도,평창군,4004,대형할인점,1.3581120101744846,1.5691671313267925,1.1481530558954893,1.5075330006063714,0.21105512115230796,0.3593799447108821
강원특별자치도,평창군,4010,편의점,18.33516102030355,16.952383212126247,42.21040898568121,38.3609310135734,-1.382777808177302,-3.849477972107813
강원특별자치도,평창군,4020,슈퍼마켓,9.16709384794077,10.505668853535175,9.608474351679359,13.263678343206307,1.3385750055944055,3.655203991526948
강원특별자치도,평창군,8001,일반한식,51.75912167204159,54.821590284451084,23.62482754320189,25.848220532674098,3.0624686124094964,2.2233929894722095
강원특별자치도,평창군,8002,갈비전문점,0.05872390679445335,,0.010912520558409265,,,
강원특별자치도,평창군,8003,한정식,,0.0241227810007395,,0.01026167265264238,,
강원특별자치도,평창군,8004,일식회집,1.1332740686907488,0.6702969474795648,0.327375616752278,0.2033676943887308,-0.46297712121118395,-0.12400792236354719
강원특별자치도,평창군,8005,중국음식,1.9894751185833588,2.1192456292289013,1.4918974534853813,1.7295582816362702,0.12977051064554246,0.23766082815088896
강원특별자치도,평창군,8006,서양음식,10.610858407251916,7.847022022912688,15.29857435713562,13.088297028779328,-2.7638363843392284,-2.210277328356291
강원특별자치도,평창군,8021,스넥,3.8670179286358533,3.6888082159819353,3.262064181210199,2.815429824152246,-0.17820971265391794,-0.44663435705795296
강원특별자치도,평창군,8301,제과점,1.7211620195832875,1.8016949219568714,3.017311934400162,3.1727226083306124,0.0805329023735839,0.15541067393045038
강원특별자치도,홍천군,4004,대형할인점,0.9193173100537513,1.112947056494012,0.8669315345089983,0.9812177351444367,0.19362974644026076,0.11428620063543837
강원특별자치도,홍천군,4010,편의점,10.635825271478376,12.758606562973684,21.081102801203457,25.18267073240895,2.1227812914953077,4.101567931205494
강원특별자치도,홍천군,4020,슈퍼마켓,25.42237705934926,22.709036037635364,24.652800450040935,20.468536698903193,-2.7133410217138945,-4.184263751137742
강원특별자치도,홍천군,8001,일반한식,43.6102256644226,48.210954676426006,32.15180845132677,37.43533952958037,4.600729012003406,5.283531078253596
강원특별자치도,홍천군,8003,한정식,,0.016386950525065204,,0.005753408894770152,,
강원특별자치도,홍천군,8004,일식회집,2.4379251937503637,1.7575004438132436,1.0989838919499932,0.5387282874193869,-0.6804247499371201,-0.5602556045306063
강원특별자치도,홍천군,8005,중국음식,2.702251074140371,2.4146171598683583,1.7936341307831012,1.7506054155268815,-0.2876339142720128,-0.04302871525621965
강원특별자치도,홍천군,8006,서양음식,9.046325389209732,6.527468625817641,11.902477736535188,8.749888854600897,-2.5188567633920913,-3.1525888819342907
강원특별자치도,홍천군,8021,스넥,3.2071033782569174,2.85160250720343,4.425569959767546,3.0545370859506984,-0.35550087105348727,-1.3710328738168474
강원특별자치도,홍천군,8301,제과점,2.018649659338628,1.6408799792431958,2.026691043884014,1.8327222515704191,-0.3777696800954322,-0.1939687923135951
강원특별자치도,화천군,4010,편의점,15.60176172086937,20.596021480977235,26.376195536663122,37.456722446624354,4.994259760107866,11.080526909961232
강원특별자치도,화천군,4020,슈퍼마켓,12.68949669677337,14.791808486498754,11.046404534183493,14.496177149451817,2.102311789725384,3.4497726152683246
강원특별자치도,화천군,8001,일반한식,46.344110043723866,39.96861054383179,33.04994686503719,19.819316214656666,-6.375499499892079,-13.230630650380526
강원특별자치도,화천군,8004,일식회집,1.5590591389270099,1.3245972316768777,0.43924902585901526,0.3678592036930179,-0.23446190725013216,-0.07138982216599737
강원특별자치도,화천군,8005,중국음식,4.86547729231162,5.240715528326148,2.8338646829613885,3.5036785920369304,0.3752382360145283,0.669813909075542
강원특별자치도,화천군,8006,서양음식,9.52909073500782,9.549202027078135,15.77612469004605,16.676283900750143,0.02011129207031459,0.9001592107040928
강원특별자치도,화천군,8021,스넥,7.621357674017809,6.6504046592542165,8.240878498051718,5.144619157530294,-0.9709530147635927,-3.0962593405214234
강원특별자치도,화천군,8301,제과점,1.7896466983691315,1.8786400423568563,2.2373361671980163,2.5353433352567802,0.08899334398772485,0.2980071680587639
강원특별자치도,횡성군,4010,편의점,13.467334594358643,13.187826766243607,29.101118381363406,28.832621059734585,-0.2795078281150367,-0.26849732162882134
강원특별자치도,횡성군,4020,슈퍼마켓,31.61882392068012,27.513541240194073,32.36345074017356,29.414221908036374,-4.105282680486049,-2.9492288321371873
강원특별자치도,횡성군,8001,일반한식,38.811864723856246,43.57432270269507,18.26766903336582,21.076871994258966,4.762457978838825,2.8092029608931455
강원특별자치도,횡성군,8004,일식회집,1.1702592030597185,1.6974197525635413,0.37356721889646854,0.5376862354465901,0.5271605495038227,0.16411901655012157
강원특별자치도,횡성군,8005,중국음식,2.920971128063356,2.4164819599151057,2.1427908487632834,1.967588873536626,-0.5044891681482504,-0.17520197522665737
강원특별자치도,횡성군,8006,서양음식,7.101062171319296,7.254622374693528,11.987795257320526,13.21615629317824,0.15356020337423182,1.2283610358577146
강원특별자치도,횡성군,8021,스넥,2.7531231162568335,2.113421710219813,3.1103531486379876,2.0672000685496394,-0.6397014060370205,-1.0431530800883482
강원특별자치도,횡성군,8301,제과점,2.1565611424057867,2.2423634934752634,2.6532553714789553,2.8876535672589783,0.08580235106947676,0.23439819578002297
경기도,가평군,4010,편의점,15.09758603752776,15.467986755401109,35.732008130610595,37.39756481476473,0.3704007178733484,1.665556684154133
경기도,가평군,4020,슈퍼마켓,23.327839065150773,21.720049394048672,17.362181086926643,15.935263667490657,-1.6077896711021005,-1.426917419435986
경기도,가평군,8001,일반한식,43.380210389289495,46.786654864548844,24.04244699550791,25.278975296554933,3.406444475259349,1.2365283010470236
경기도,가평군,8004,일식회집,0.7180717227996058,0.4364598017681321,0.26547456290734434,0.21961021890703347,-0.28161192103147376,-0.045864344000310864
경기도,가평군,8005,중국음식,2.7629037458453993,2.3302625971215947,2.2366412765926666,1.9813601769863636,-0.43264114872380466,-0.2552810996063031
경기도,가평군,8006,서양음식,10.041854872973925,9.365417609196909,14.594590684519288,14.138895349780661,-0.6764372637770162,-0.45569533473862656
경기도,가평군,8021,스넥,2.1780203157346,1.854899518080189,2.2388113683875495,1.9586418784787396,-0.3231207976544108,-0.28016948990880985
경기도,가평군,8301,제과점,2.493513850678447,2.038269459834552,3.527845894548006,3.0896885970368846,-0.455244390843895,-0.4381572975111214
경기도,고양시 덕양구,4004,대형할인점,26.6221238227799,22.65677344775987,14.728581374868014,12.182861711444373,-3.96535037502003,-2.5457196634236414
경기도,고양시 덕양구,4010,편의점,11.364766072471397,12.994122947175073,28.889749583869346,31.328585993447934,1.6293568747036762,2.438836409578588
경기도,고양시 덕양구,4020,슈퍼마켓,10.079518199438011,9.877458495104491,10.532601127817816,9.871053879648535,-0.20205970433351972,-0.6615472481692812
경기도,고양시 덕양구,8001,일반한식,32.788741787339255,34.65705140695715,17.8779872647882,17.654984750712057,1.8683096196178965,-0.2230025140761427
경기도,고양시 덕양구,8004,일식회집,2.0447790380217867,2.049808222239647,0.8880527851935872,0.9088207421875343,0.005029184217860472,0.020767956993947068
경기도,고양시 덕양구,8005,중국음식,2.2642267428222773,2.211935436464021,1.6879458131031588,1.573495080691044,-0.052291306358256406,-0.1144507324121149
경기도,고양시 덕양구,8006,서양음식,9.307172246272737,9.934834532110626,17.027928015160526,18.89859727590472,0.6276622858378893,1.8706692607441937
경기도,고양시 덕양구,8021,스넥,2.861511160616298,3.1447890397683547,3.6557711903872665,3.4430341129946376,0.2832778791520565,-0.21273707739262893
경기도,고양시 덕양구,8301,제과점,2.667160930238333,2.4732264724207664,4.711382844812084,4.138566452969162,-0.19393445781756657,-0.5728163918429221
경기도,고양시 일산동구,4004,대형할인점,13.80522604781332,11.792083624959261,8.237433214179052,6.844840881454458,-2.0131424228540595,-1.3925923327245942
경기도,고양시 일산동구,4010,편의점,15.735841461427627,17.268484631536204,35.20002526053213,36.92536405967316,1.5326431701085763,1.7253387991410278
경기도,고양시 일산동구,4020,슈퍼마켓,12.694203681044314,12.931695419647484,9.117210184730798,9.421063558442329,0.23749173860317008,0.3038533737115312
경기도,고양시 일산동구,8001,일반한식,34.67401895792134,33.51289476355593,19.036836960368593,17.314584136587875,-1.1611241943654136,-1.7222528237807175
경기도,고양시 일산동구,8004,일식회집,3.6111421716308474,3.786350838012705,1.3820931771565852,1.4328825221698254,0.17520866638185773,0.05078934501324017
경기도,고양시 일산동구,8005,중국음식,2.9271362804264416,2.5309346098980066,1.8099434400897803,1.5296437998635704,-0.396201670528435,-0.2802996402262099
경기도,고양시 일산동구,8006,서양음식,11.90515288697769,13.014174355796099,18.324411015170792,19.690240333758442,1.1090214688184084,1.3658293185876502
경기도,고양시 일산동구,8021,스넥,2.2627464386008067,2.8406814162601712,3.0329742039972163,3.14851064250477,0.5779349776593645,0.1155364385075539
경기도,고양시 일산동구,8301,제과점,2.384532074157612,2.3227003403341366,3.859072543775055,3.6928700655455704,-0.06183173382347551,-0.16620247822948464
경기도,고양시 일산서구,4004,대형할인점,17.83868590820004,14.178172722145444,9.60358576467769,6.948860282776121,-3.6605131860545974,-2.65472548190157
경기도,고양시 일산서구,4010,편의점,12.709938395681181,15.371185995548265,29.481695027965028,33.13480635595412,2.6612475998670835,3.653111327989091
경기도,고양시 일산서구,4020,슈퍼마켓,17.90725768048963,17.089237048422305,14.731095512035827,13.868476471878417,-0.8180206320673236,-0.8626190401574103
경기도,고양시 일산서구,8001,일반한식,31.767076526699384,32.53791939518403,18.188876773703402,17.015782894701648,0.7708428684846496,-1.1730938790017547
경기도,고양시 일산서구,8004,일식회집,1.6555471455997273,1.5148383985809557,0.5830768402027673,0.5584908621123151,-0.14070874701877156,-0.024585978090452154
경기도,고양시 일산서구,8005,중국음식,2.620464262978762,2.517124540941753,1.7518310544607514,1.5663421879931596,-0.10333972203700892,-0.18548886646759177
경기도,고양시 일산서구,8006,서양음식,8.774079068065504,9.702435538104526,16.258166140677734,18.011330303122165,0.9283564700390219,1.7531641624444312
경기도,고양시 일산서구,8021,스넥,3.0571581812440165,3.5789321863873353,4.03807181559986,3.8199205773212057,0.5217740051433188,-0.21815123827865435
경기도,고양시 일산서구,8301,제과점,3.66979283104176,3.510154174685386,5.363601070676937,5.075990064140857,-0.15963865635637386,-0.2876110065360802
경기도,과천시,4004,대형할인점,11.592614929916355,8.644726818589872,6.633711435759368,5.105895957419845,-2.947888111326483,-1.527815478339523
경기도,과천시,4010,편의점,13.33089143113362,14.50199225752371,31.720880963940505,32.69191167152452,1.1711008263900897,0.971030707584017
경기도,과천시,4020,슈퍼마켓,7.083200449646819,6.561281388321717,5.259105598956418,4.68452984412622,-0.5219190613251019,-0.5745757548301977
경기도,과천시,8001,일반한식,41.39687331264032,41.73715793915331,25.8982997650959,27.33493853757445,0.3402846265129966,1.436638772478549
경기도,과천시,8004,일식회집,1.4834555863249266,2.018311211298238,0.8866526410773222,1.0858889874540616,0.5348556249733116,0.19923634637673937
경기도,과천시,8005,중국음식,2.5731544429463233,2.1420662273410795,1.6114715589491597,1.2351888227094159,-0.4310882156052438,-0.37628273623974384
경기도,과천시,8006,서양음식,15.761320900682996,16.63414675589111,20.946187835008068,20.84613800532252,0.872825855208113,-0.10004982968554899
경기도,과천시,8021,스넥,3.5267593536958506,4.6307597765046715,3.115053969094663,3.3495437840577873,1.104000422808821,0.2344898149631245
경기도,과천시,8301,제과점,3.2517295930127914,3.129557625376292,3.9286362321185995,3.665964389811177,-0.12217196763649962,-0.2626718423074226
경기도,광명시,4004,대형할인점,11.959530530840311,10.667096012451028,9.978467540588024,8.488787450843457,-1.2924345183892836,-1.4896800897445672
경기도,광명시,4010,편의점,14.275243482904976,15.60484087371867,31.307638225326105,32.638254314441355,1.329597390813694,1.3306160891152494
경기도,광명시,4020,슈퍼마켓,8.595904532241072,8.643267321418987,9.740392222481532,9.83440598903737,0.04736278917791559,0.09401376655583782
경기도,광명시,8001,일반한식,40.66252382107639,40.404032272491456,18.45538729805063,17.529508005141988,-0.25849154858493506,-0.9258792929086432
경기도,광명시,8002,갈비전문점,0.05469310566828032,0.03819388540045439,0.019081252375982866,0.014643123152889695,-0.01649922026782593,-0.004438129223093171
경기도,광명시,8004,일식회집,2.849013595265874,2.862841911304317,1.0939428766015409,1.150048364546183,0.0138283160384427,0.056105487944642096
경기도,광명시,8005,중국음식,2.9861749887913422,2.813288252025975,1.8580736448274393,1.653124124404595,-0.17288673676536703,-0.2049495204228442
경기도,광명시,8006,서양음식,12.423907573794974,12.670441331687506,19.51703882447743,21.21619585740414,0.24653375789253218,1.6991570329267098
경기도,광명시,8021,스넥,3.140567282378447,3.4831571226676683,3.5135924567405987,3.3670735295981165,0.3425898402892211,-0.14651892714248227
경기도,광명시,8301,제과점,3.052441087038334,2.8128410168339326,4.516385658530715,4.107959241429901,-0.23960007020440122,-0.40842641710081384
경기도,광주시,4004,대형할인점,5.484913162194817,4.34965612624959,2.439536350682133,2.0705298868724795,-1.1352570359452274,-0.3690064638096535
경기도,광주시,4010,편의점,16.376018607720926,17.74770050193797,34.8545226149683,37.1166198003585,1.3716818942170441,2.2620971853901963
경기도,광주시,4020,슈퍼마켓,28.05821832136641,25.850488485694346,22.628384833694533,20.47607125008853,-2.2077298356720654,-2.152313583606002
경기도,광주시,8001,일반한식,33.851574683706005,35.48158089440806,19.865445185359103,19.424596781835756,1.6300062107020565,-0.4408484035233471
경기도,광주시,8004,일식회집,2.1161492237024895,2.017000311083833,0.8352872057154419,0.789329045373702,-0.09914891261865666,-0.04595816034173994
경기도,광주시,8005,중국음식,2.684759872045306,2.4072738967033525,1.8941111170018816,1.6794065219147787,-0.2774859753419534,-0.21470459508710293
경기도,광주시,8006,서양음식,6.939892164637879,7.709519165286408,11.742385307601005,13.126223819123647,0.7696270006485291,1.383838511522642
경기도,광주시,8021,스넥,2.7710920326380277,2.8686448515625655,3.139251682205678,2.914622188395576,0.09755281892453782,-0.2246294938101019
경기도,광주시,8301,제과점,1.7173819319881414,1.568135767073878,2.60107570277192,2.402600706037026,-0.14924616491426335,-0.19847499673489422
경기도,구리시,4004,대형할인점,8.501806586730314,7.787858404303109,4.91449424816904,4.508011940451592,-0.7139481824272051,-0.4064823077174484
경기도,구리시,4010,편의점,13.160371128574258,14.565541370843722,31.85995303414514,33.911908185876165,1.4051702422694632,2.0519551517310255
경기도,구리시,4020,슈퍼마켓,17.89794435901548,15.820773485390486,16.07631608431903,14.120203680001026,-2.0771708736249934,-1.9561124043180023
경기도,구리시,8001,일반한식,41.5697729266705,42.176131812444886,20.901406003123434,20.04427454491452,0.6063588857743838,-0.8571314582089151
경기도,구리시,8004,일식회집,2.9347600494334958,2.821122887247783,1.1128666777945713,1.1237443615127705,-0.11363716218571263,0.010877683718199194
경기도,구리시,8005,중국음식,2.6150696691540647,2.4333343633161326,1.8738324274761682,1.7314509529070126,-0.18173530583793207,-0.14238147456915562
경기도,구리시,8006,서양음식,8.362185262403186,8.96346492552036,16.200018749757053,17.996576842618094,0.6012796631171735,1.7965580928610407
경기도,구리시,8021,스넥,3.086055791926491,3.622489119816315,3.797054458898017,3.430636190166863,0.5364333278898239,-0.36641826873115413
경기도,구리시,8301,제과점,1.8720342260922067,1.8092836311172065,3.2640583163175476,3.1331933015519597,-0.06275059497500024,-0.13086501476558787
경기도,군포시,4004,대형할인점,22.776927368314016,19.761132157859674,12.091610227162255,10.179733779147139,-3.0157952104543426,-1.911876448015116
경기도,군포시,4010,편의점,13.67852323724775,15.46597126501943,31.301565183576912,33.155993590420636,1.7874480277716795,1.8544284068437236
경기도,군포시,4020,슈퍼마켓,10.091230461575385,10.20735550285279,12.053695842379856,11.837654166377472,0.11612504127740486,-0.21604167600238355
경기도,군포시,8001,일반한식,32.8994870977464,33.01721044114464,17.086263326744223,16.29584252472245,0.11772334339823942,-0.7904208020217744
경기도,군포시,8004,일식회집,2.684606794786883,2.8809005988562606,1.0329239443922356,1.0560415717350828,0.19629380406937758,0.02311762734284728
경기도,군포시,8005,중국음식,2.902171154904908,2.6696001971512393,2.0120548300333776,1.7685188258761118,-0.23257095775366876,-0.24353600415726584
경기도,군포시,8006,서양음식,8.700650677747335,9.469069088203629,15.1482549661363,17.082555020082747,0.7684184104562934,1.9343000539464477
경기도,군포시,8021,스넥,3.197325836294499,3.696773147701323,4.038368061181503,3.913796589403674,0.49944731140682386,-0.12457147177782879
경기도,군포시,8301,제과점,3.0690773713828206,2.8319876012110186,5.235263618393338,4.709863932234692,-0.237089770171802,-0.5253996861586465
경기도,김포시,4004,대형할인점,13.697740974645223,11.012480213469399,7.553376898828819,5.684287665617289,-2.685260761175824,-1.8690892332115299
경기도,김포시,4010,편의점,16.14424265356649,18.649632946469595,35.14805622492721,38.228767511392,2.5053902929031047,3.0807112864647905
경기도,김포시,4020,슈퍼마켓,20.577521460033008,19.458798771256998,15.617147296521521,14.814902746583982,-1.1187226887760104,-0.802244549937539
경기도,김포시,8001,일반한식,29.981110795075505,30.20212533895567,16.265817128046116,15.364836824136638,0.22101454388016606,-0.9009803039094777
경기도,김포시,8004,일식회집,2.2062145183896256,2.094694696182495,0.8469317951344606,0.8109331547966692,-0.11151982220713075,-0.03599864033779143
경기도,김포시,8005,중국음식,2.892026078514398,2.598510802647909,2.0140734196622243,1.737012961318639,-0.29351527586648896,-0.2770604583435854
경기도,김포시,8006,서양음식,9.135202176269788,10.426610932875082,15.211255985672201,16.464071870503936,1.2914087566052945,1.252815884831735
경기도,김포시,8021,스넥,2.8042511221766473,3.2820395350290985,3.312530293603022,3.324612260467266,0.4777884128524512,0.01208196686424401
경기도,김포시,8301,제과점,2.5616902213293145,2.275106763113754,4.030810957604425,3.570575005183578,-0.2865834582155604,-0.460235952420847
경기도,남양주시,4004,대형할인점,11.606974768109822,9.627594468707114,6.463713807409796,5.524719104413801,-1.9793802994027079,-0.9389947029959949
경기도,남양주시,4010,편의점,14.244372071651412,15.694901783775531,33.39820969968203,35.305581015352985,1.4505297121241192,1.9073713156709573
경기도,남양주시,4020,슈퍼마켓,17.126976678104455,16.404900459180126,14.341242768267634,13.49858124668738,-0.7220762189243288,-0.8426615215802542
경기도,남양주시,8001,일반한식,36.69745489301094,36.94440311827627,19.72651338494171,18.685303238388624,0.2469482252653279,-1.0412101465530874
경기도,남양주시,8004,일식회집,1.755668633152262,1.6690290560296088,0.7607938121038863,0.7747505834604697,-0.08663957712265313,0.013956771356583353
경기도,남양주시,8005,중국음식,2.452816674566269,2.230214681566876,1.8512117218129085,1.6051385517295906,-0.22260199299939298,-0.24607317008331786
경기도,남양주시,8006,서양음식,11.023291366941672,12.038358107669795,16.2136896583932,17.50264277577841,1.0150667407281233,1.2889531173852085
경기도,남양주시,8021,스넥,2.697789142071898,3.052784544263434,3.3374340093195247,3.321991115588131,0.3549954021915358,-0.015442893731393514
경기도,남양주시,8301,제과점,2.3946557723912623,2.3378137805312442,3.907191138069308,3.781292368600603,-0.05684199186001804,-0.12589876946870504
경기도,동두천시,4004,대형할인점,5.418794994003174,4.8246217331499315,3.1404021459414664,2.1984750918500375,-0.5941732608532426,-0.9419270540914289
경기도,동두천시,4010,편의점,18.116968027371737,20.206613938560295,37.55343045317748,40.28167344842571,2.0896459111885584,2.7282429952482303
경기도,동두천시,4020,슈퍼마켓,20.177825131972913,17.106831728564877,18.553452261525713,16.518192233239837,-3.0709934034080355,-2.035260028285876
경기도,동두천시,8001,일반한식,38.26231628487347,39.04287024300779,18.74918218694116,17.89742424840991,0.7805539581343197,-0.8517579385312501
경기도,동두천시,8004,일식회집,2.016984835578701,1.8520747363594683,0.881057268722467,0.6869000118516178,-0.1649100992192325,-0.19415725687084928
경기도,동두천시,8005,중국음식,2.2879103410356705,2.170735900962861,1.547847516029136,1.4696006004819657,-0.11717444007280964,-0.07824691554717034
경기도,동두천시,8006,서양음식,8.683575532948359,9.473578633654286,13.3712435120164,14.893039149843954,0.7900031007059276,1.5217956378275534
경기도,동두천시,8021,스넥,2.613533740338842,3.0946240256762954,2.56793300475422,2.7248844467269784,0.48109028533745324,0.15695144197275823
경기도,동두천시,8301,제과점,2.4220911118771347,2.228049060064191,3.635451650891961,3.329810769169992,-0.19404205181294376,-0.3056408817219691
경기도,부천시 소사구,4004,대형할인점,30.650995569140104,25.13189798943507,14.797884223061232,11.20920582362847,-5.519097579705033,-3.5886783994327622
경기도,부천시 소사구,4010,편의점,13.457200172316771,16.062268285473387,31.987741048103462,35.252456710033606,2.605068113156616,3.2647156619301434
경기도,부천시 소사구,4020,슈퍼마켓,17.161810845361693,17.103054405125615,18.569542781711267,17.327710552306787,-0.05875644023607762,-1.24183222940448
경기도,부천시 소사구,8001,일반한식,22.480741801709776,23.33719092458936,12.371017917639783,11.606222954873274,0.8564491228795852,-0.7647949627665085
경기도,부천시 소사구,8004,일식회집,1.650302903697514,1.6137529490939753,0.5365137682430374,0.5677256158650532,-0.036549954603538826,0.031211847622015787
경기도,부천시 소사구,8005,중국음식,3.5947637291188355,3.7667687964860654,2.0411893398812877,2.066975990677647,0.17200506736722998,0.025786650796359112
경기도,부천시 소사구,8006,서양음식,6.102252611988409,7.461221391197929,12.341662897285122,14.537932455573161,1.35896877920952,2.196269558288039
경기도,부천시 소사구,8021,스넥,2.588249875310225,3.130647998979066,3.4284448301008963,3.637103249323206,0.5423981236688409,0.20865841922230954
경기도,부천시 소사구,8301,제과점,2.3136824913566745,2.3931972596195275,3.9260031939739126,3.7946666477187945,0.07951476826285298,-0.13133654625511815
경기도,부천시 오정구,4004,대형할인점,0.7534338933393808,0.27783776663771886,0.7205164949843463,0.28825294939229146,-0.47559612670166196,-0.4322635455920549
경기도,부천시 오정구,4010,편의점,16.849368384277337,18.563820744096713,33.723966785338014,35.62358416597518,1.7144523598193757,1.8996173806371672
경기도,부천시 오정구,4020,슈퍼마켓,26.837079305927563,26.766620870915713,27.463512305702714,26.677456150577306,-0.0704584350118509,-0.7860561551254079
경기도,부천시 오정구,8001,일반한식,38.87164195571028,37.538118453237026,16.482501385608643,15.032814203715514,-1.3335235024732555,-1.449687181893129
경기도,부천시 오정구,8004,일식회집,1.5814909931168903,1.336500745138222,0.41019009052643146,0.3504296363349586,-0.2449902479786683,-0.059760454191472856
경기도,부천시 오정구,8005,중국음식,2.523551512997003,2.2936166237044318,1.716407104302627,1.4913261235807371,-0.22993488929257122,-0.22508098072188987
경기도,부천시 오정구,8006,서양음식,7.455272045258132,8.027428438395527,13.434162368367177,14.992582229811436,0.5721563931373943,1.5584198614442588
경기도,부천시 오정구,8021,스넥,2.866940846935085,3.156077739435962,2.7749621766289017,2.7426319483019137,0.2891368925008768,-0.03233022832698795
경기도,부천시 오정구,8301,제과점,2.2612210624383247,2.0399786184386866,3.2737812885411417,2.800922592310664,-0.2212424439996381,-0.4728586962304777
경기도,부천시 원미구,4004,대형할인점,14.369713918228943,12.229004347554124,6.909522710378063,5.558057227086084,-2.1407095706748187,-1.351465483291979
경기도,부천시 원미구,4010,편의점,13.564183263826635,15.125370812825652,31.42117915101899,33.26281859191888,1.5611875489990172,1.8416394408998897
경기도,부천시 원미구,4020,슈퍼마켓,13.550639201777292,13.607642475116199,15.41960641137147,15.009192293051923,0.05700327333890698,-0.4104141183195473
경기도,부천시 원미구,8001,일반한식,36.89680204232763,35.50110154127123,18.494435292558535,17.096450236084003,-1.395700501056396,-1.397985056474532
경기도,부천시 원미구,8004,일식회집,3.537338737966247,3.511338265519468,1.2840822423475946,1.2681314943347939,-0.026000472446778833,-0.01595074801280072
경기도,부천시 원미구,8005,중국음식,2.9483181977627937,3.4700150763149176,1.939419683644122,1.8898868578555637,0.5216968785521239,-0.04953282578855833
경기도,부천시 원미구,8006,서양음식,9.138587909732236,10.303905213765004,16.40511386126014,18.447352862569144,1.1653173040327687,2.042239001309003
경기도,부천시 원미구,8021,스넥,3.1486046692910317,3.6201379376921174,3.6757523391430498,3.57705733237226,0.4715332684010858,-0.0986950067707899
경기도,부천시 원미구,8301,제과점,2.8458120590871885,2.631484329941286,4.450888308278034,3.8910531047273498,-0.2143277291459027,-0.5598352035506844
경기도,성남시 분당구,4004,대형할인점,16.85167312712602,14.52043383831365,9.148676730726296,7.547929991409161,-2.3312392888123696,-1.6007467393171346
경기도,성남시 분당구,4010,편의점,11.71177122063128,13.49986501856362,30.940300368647144,32.53640092857808,1.7880937979323406,1.5961005599309388
경기도,성남시 분당구,4020,슈퍼마켓,5.959378213748912,5.843583595494013,4.915544185761723,4.667049902900065,-0.115794618254899,-0.24849428286165764
경기도,성남시 분당구,8001,일반한식,32.08749307807926,31.286723662560682,16.772511781102597,15.235132482965765,-0.8007694155185803,-1.5373792981368322
경기도,성남시 분당구,8004,일식회집,7.1811170002373235,6.747644332522046,2.6782734141713727,2.4486379362657775,-0.4334726677152778,-0.22963547790559513
경기도,성남시 분당구,8005,중국음식,4.035558895656989,3.667170625352411,1.9807783778778856,1.7087172505334633,-0.36838827030457866,-0.2720611273444222
경기도,성남시 분당구,8006,서양음식,15.396804050312477,17.375658585554092,23.840799987455394,26.61739072970974,1.9788545352416147,2.7765907422543457
경기도,성남시 분당구,8021,스넥,3.1141919151965824,3.3931772027060103,3.923624256190726,3.6157556989809656,0.27898528750942786,-0.3078685572097606
경기도,성남시 분당구,8301,제과점,3.6620124990111544,3.665743138933474,5.799490898066861,5.622985078656987,0.0037306399223195896,-0.17650581940987475
경기도,성남시 수정구,4004,대형할인점,15.512311788036936,13.444248496126715,7.6705492361115315,6.444168668230439,-2.068063291910221,-1.2263805678810922
경기도,성남시 수정구,4010,편의점,15.294614429946071,16.880436664214308,33.52837083588367,35.73891082137431,1.585822234268237,2.210539985490641
경기도,성남시 수정구,4020,슈퍼마켓,15.033359857991064,13.837798069848963,14.753864893855562,12.976738760440574,-1.1955617881421006,-1.7771261334149884
경기도,성남시 수정구,8001,일반한식,32.48206037154037,33.21828883022461,16.20785887001473,15.425275499032361,0.7362284586842378,-0.7825833709823673
경기도,성남시 수정구,8004,일식회집,2.4770836715448974,2.3644530517447815,1.007963105489937,1.0055837656195759,-0.1126306198001159,-0.002379339870361097
경기도,성남시 수정구,8005,중국음식,3.6491364405328706,3.5587159735145195,2.186672403657938,2.052065487325147,-0.09042046701835105,-0.13460691633279076
경기도,성남시 수정구,8006,서양음식,9.098312446274262,10.39592980482105,16.07832205125719,18.53829861691826,1.2976173585467876,2.459976565661073
경기도,성남시 수정구,8021,스넥,3.199814061262201,3.3592814587210222,4.145935725497088,3.8459538429321727,0.15946739745882121,-0.2999818825649152
경기도,성남시 수정구,8301,제과점,3.2533069328713258,2.940847650784034,4.42046287823236,3.973004538127155,-0.3124592820872918,-0.44745834010520547
경기도,성남시 중원구,4004,대형할인점,0.6499329549198778,0.2257739077754018,0.7230525596099568,0.27821488095792324,-0.424159047144476,-0.4448376786520336
경기도,성남시 중원구,4010,편의점,19.316345361216683,21.257787852105896,38.20880869688865,39.72085401167609,1.9414424908892123,1.5120453147874358
경기도,성남시 중원구,4020,슈퍼마켓,18.81643407072864,17.884014591232425,17.762315949814855,16.482835035707968,-0.9324194794962146,-1.2794809141068875
경기도,성남시 중원구,8001,일반한식,40.40820858683937,38.50067642324843,18.326032034812485,17.00704848276055,-1.9075321635909432,-1.318983552051936
경기도,성남시 중원구,8002,갈비전문점,0.01798328881765307,,0.0021426665290165746,,,
경기도,성남시 중원구,8004,일식회집,2.949983525376352,2.7702548331532104,0.8769349739666017,0.815463831134368,-0.17972869222314136,-0.06147114283223365
경기도,성남시 중원구,8005,중국음식,3.899235649878643,3.733804989872904,2.336285668093163,2.1722734848555385,-0.1654306600057387,-0.16401218323762468
경기도,성남시 중원구,8006,서양음식,6.928514616551626,7.969600743423806,13.341605324721112,15.492881684187005,1.0410861268721803,2.151276359465893
경기도,성남시 중원구,8021,스넥,4.433303119798877,5.0518676726162814,4.650755095163612,4.397247646626132,0.6185645528174044,-0.25350744853748
경기도,성남시 중원구,8301,제과점,2.58005882587228,2.6062189865716507,3.7720670304005424,3.633180942094433,0.02616016069937066,-0.13888608830610938
경기도,수원시 권선구,4004,대형할인점,17.24331573108277,14.291266458876661,8.81118054525301,7.289798728156052,-2.952049272206109,-1.521381817096957
경기도,수원시 권선구,4010,편의점,15.747082928141229,17.154315883213535,35.82053907751094,37.488813528718055,1.4072329550723062,1.6682744512071181
경기도,수원시 권선구,4020,슈퍼마켓,18.498051965031248,20.119966923223714,16.471209758250982,16.44594663220914,1.6219149581924661,-0.025263126041842554
경기도,수원시 권선구,8001,일반한식,31.772332051245332,30.9873417721519,15.867530753856974,14.754631170897683,-0.7849902790934316,-1.1128995829592903
경기도,수원시 권선구,8004,일식회집,1.518396447840103,2.315628776795369,0.49331610948481636,0.7097272927328846,0.7972323289552661,0.21641118324806824
경기도,수원시 권선구,8005,중국음식,2.578204670054301,2.417785128172508,1.8174296180237686,1.6645694971871596,-0.16041954188179286,-0.15286012083660894
경기도,수원시 권선구,8006,서양음식,7.170063639544424,7.57687170027352,14.13839145176056,15.520445991773077,0.40680806072909537,1.3820545400125166
경기도,수원시 권선구,8021,스넥,2.643139169012734,2.819731569238598,2.8719681865386213,2.7384707402538044,0.17659240022586387,-0.13349744628481686
경기도,수원시 권선구,8301,제과점,2.829413398047856,2.3170917880541952,3.7084344993203335,3.3875964180721465,-0.5123216099936609,-0.320838081248187
경기도,수원시 영통구,4004,대형할인점,8.744788721452352,6.052294042836824,6.762959978015451,4.657287575742512,-2.692494678615528,-2.1056724022729396
경기도,수원시 영통구,4010,편의점,14.577312179208967,16.920646424328673,32.339838738895274,33.97539783805878,2.3433342451197063,1.6355590991635083
경기도,수원시 영통구,4020,슈퍼마켓,8.414613467116562,8.363368874204559,8.345502471413308,7.652962588584907,-0.05124459291200267,-0.6925398828284015
경기도,수원시 영통구,8001,일반한식,34.48247269891379,33.18794708985677,14.797302209915475,12.980264139062422,-1.2945256090570183,-1.8170380708530534
경기도,수원시 영통구,8002,갈비전문점,0.5626425374789998,0.44740993411450314,0.057056313225604116,0.043967940963649116,-0.1152326033644967,-0.013088372261955
경기도,수원시 영통구,8004,일식회집,4.325221131515079,4.139434227403122,1.5530900984498675,1.431719886655509,-0.18578690411195709,-0.12137021179435847
경기도,수원시 영통구,8005,중국음식,3.8642456802693395,3.425254374196412,2.054150507899773,1.7381698068393348,-0.4389913060729276,-0.3159807010604381
경기도,수원시 영통구,8006,서양음식,17.10382517743185,17.675563394325202,24.156386055584925,25.320783689882404,0.5717382168933511,1.1643976342974796
경기도,수원시 영통구,8021,스넥,3.5645481417183906,5.4556698695093155,4.3837240396855615,6.970575725940533,1.891121727790925,2.5868516862549713
경기도,수원시 영통구,8301,제과점,4.360330264894676,4.332411769224621,5.549989586914757,5.228870808269949,-0.027918495670054888,-0.32111877864480753
경기도,수원시 장안구,4004,대형할인점,33.37994517516078,27.45083111848523,17.7842687718338,13.314446115392736,-5.929114056675548,-4.469822656441066
경기도,수원시 장안구,4010,편의점,11.689345998423597,14.806530126039224,29.326478694677228,33.539711374813976,3.1171841276156265,4.213232680136748
경기도,수원시 장안구,4020,슈퍼마켓,13.610269762039929,12.716400175844386,14.558520872486408,12.788748986788503,-0.8938695861955424,-1.7697718856979048
경기도,수원시 장안구,8001,일반한식,23.989599304794197,25.71238993865598,14.300354925817432,13.98557655969412,1.7227906338617842,-0.31477836612331167
경기도,수원시 장안구,8003,한정식,0.01075131121485023,0.033511939281441326,0.0018151202307715936,0.0043004475071739285,0.022760628066591095,0.002485327276402335
경기도,수원시 장안구,8004,일식회집,2.303656746927145,2.3525530649243445,1.0094860975752786,1.0055228171319404,0.04889631799719929,-0.0039632804433382685
경기도,수원시 장안구,8005,중국음식,2.883405796257859,2.9407659679912466,1.938408781830926,1.8538838253653427,0.05736017173338759,-0.08452495646558322
경기도,수원시 장안구,8006,서양음식,7.713415239607009,8.955897840084608,14.259584532941641,17.02078028362103,1.242482600477599,2.761195750679388
경기도,수원시 장안구,8021,스넥,2.391721627323944,2.9998037051218036,3.1867926267023736,3.110005447233509,0.6080820777978597,-0.0767871794688646
경기도,수원시 장안구,8301,제과점,2.0278890382507,2.031316123571731,3.6342895759041394,3.377024142451672,0.003427085321030976,-0.25726543345246755
경기도,수원시 팔달구,4004,대형할인점,7.46661322563172,5.820925153861426,4.452780107683649,3.248237619921351,-1.6456880717702944,-1.204542487762298
경기도,수원시 팔달구,4010,편의점,15.854059875301408,17.453988029564826,35.89798972121526,37.55079071687227,1.5999281542634183,1.6528009956570102
경기도,수원시 팔달구,4020,슈퍼마켓,8.301778792531401,7.824850206830113,10.34970187204437,9.734788723022984,-0.4769285857012884,-0.6149131490213868
경기도,수원시 팔달구,8001,일반한식,39.62029547087229,37.998027709702306,18.750082496667133,17.53200252163293,-1.6222677611699865,-1.218079975034204
경기도,수원시 팔달구,8004,일식회집,4.243504161101671,4.1147964082185275,1.5877758538555042,1.5692541221819116,-0.12870775288314373,-0.018521731673592612
경기도,수원시 팔달구,8005,중국음식,5.3849739346901035,5.0095522640655865,2.6598125435732394,2.5006569101876903,-0.37542167062451703,-0.15915563338554906
경기도,수원시 팔달구,8006,서양음식,14.010280142856594,16.49440045304094,19.406335984026246,21.468050482279214,2.4841203101843448,2.061714498252968
경기도,수원시 팔달구,8021,스넥,3.2826539876530716,3.608705415987268,3.69237082821854,3.4742372793430225,0.3260514283341962,-0.2181335488755174
경기도,수원시 팔달구,8301,제과점,1.8358404093617424,1.674754358729012,3.2031505927160544,2.92198162455863,-0.16108605063273052,-0.28116896815742454
경기도,시흥시,4004,대형할인점,11.517987282258145,10.201213803610841,4.441387384056838,3.8906414875644466,-1.3167734786473044,-0.550745896492391
경기도,시흥시,4010,편의점,16.569450732229516,18.51762369622737,37.00079862740358,39.32373990585173,1.9481729639978553,2.3229412784481482
경기도,시흥시,4020,슈퍼마켓,22.920008229091646,21.51176299828105,20.356111987942384,18.784820369266768,-1.4082452308105964,-1.571291618675616
경기도,시흥시,8001,일반한식,31.71510595557917,31.734702493616346,16.53366084166323,15.314237601351536,0.019596538037177424,-1.219423240311695
경기도,시흥시,8003,한정식,0.008162825168851503,0.027118593925558227,0.0018366060468180505,0.003499122485689136,0.018955768756706723,0.0016625164388710855
경기도,시흥시,8004,일식회집,1.7289225161140496,1.9194109348334025,0.5560176693350776,0.5848455192096357,0.19048841871935296,0.02882784987455811
경기도,시흥시,8005,중국음식,4.651454895571562,4.417711400225454,2.8340608663092985,2.5894599869876385,-0.23374349534610772,-0.24460087932166008
경기도,시흥시,8006,서양음식,6.5247178478816865,7.056381405766277,12.05394171204861,13.51913309240417,0.5316635578845901,1.4651913803555594
경기도,시흥시,8021,스넥,2.302338393381304,2.6667439135705755,2.9209145587168877,2.94833873692613,0.3644055201892713,0.027424178209242367
경기도,시흥시,8301,제과점,2.0618513227240705,1.9473307599431249,3.3012697464772716,3.041284177952248,-0.11452056278094558,-0.2599855685250234
경기도,안산시 단원구,4004,대형할인점,14.406472951796296,12.635291150633588,6.247695170793204,5.140677482439859,-1.771181801162708,-1.107017688353345
경기도,안산시 단원구,4010,편의점,15.70541814338489,17.75302295588984,35.06720810499444,37.41455547905218,2.04760481250495,2.3473473740577404
경기도,안산시 단원구,4020,슈퍼마켓,20.41462587812902,19.613347065690302,19.495781983882633,18.572975053210566,-0.8012788124387171,-0.922806930672067
경기도,안산시 단원구,8001,일반한식,28.339755293912365,28.623998199893386,13.648233750418084,13.021273754951265,0.28424290598102075,-0.6269599954668195
경기도,안산시 단원구,8002,갈비전문점,0.03452812730010377,0.04617303675872078,0.01608020376834215,0.012959031135708544,0.011644909458617014,-0.003121172632633607
경기도,안산시 단원구,8004,일식회집,2.189948322409901,1.9738878829568263,0.7517673930630716,0.6749168134920531,-0.21606043945307452,-0.07685057957101848
경기도,안산시 단원구,8005,중국음식,5.361841095939027,5.109123912876048,3.140928335177197,2.8070046835771114,-0.25271718306297863,-0.3339236516000854
경기도,안산시 단원구,8006,서양음식,9.317307944685496,9.709325065729564,15.903821799896514,16.690708505575003,0.39201712104406816,0.786886705678489
경기도,안산시 단원구,8021,스넥,2.338300972147927,2.760679449638544,2.6869663159038217,2.863160485165182,0.42237847749061697,0.17619416926136022
경기도,안산시 단원구,8301,제과점,1.891801270294979,1.7751512799331908,3.04151694210269,2.8017687114010674,-0.11664999036178814,-0.23974823070162277
경기도,안산시 상록구,4004,대형할인점,6.416543515446979,6.003819727235003,3.8910780233562323,3.382348644937627,-0.4127237882119763,-0.5087293784186051
경기도,안산시 상록구,4010,편의점,17.9444987380389,19.831381186819893,36.81969873845099,39.160182687532256,1.8868824487809945,2.3404839490812677
경기도,안산시 상록구,4020,슈퍼마켓,29.311220754974325,26.3179702721261,25.18725779083543,22.751706609276553,-2.993250482848225,-2.4355511815588784
경기도,안산시 상록구,8001,일반한식,30.67360067471435,31.460645582285103,14.380335111161259,13.805957794895265,0.7870449075707526,-0.5743773162659931
경기도,안산시 상록구,8002,갈비전문점,0.03685151654314005,0.03219289436450668,0.01041526530718523,0.00808265734401932,-0.004658622178633366,-0.0023326079631659103
경기도,안산시 상록구,8004,일식회집,1.297311028050949,1.3365943887599037,0.4289787398396917,0.47862964874524044,0.03928336070895466,0.04965090890554874
경기도,안산시 상록구,8005,중국음식,2.741652724822406,2.5524809308274565,1.8865734211108747,1.7055380810018599,-0.18917179399494932,-0.1810353401090148
경기도,안산시 상록구,8006,서양음식,6.1242340327822085,6.81831856326648,10.806380217939427,12.480791516131232,0.6940845304842718,1.6744112981918047
경기도,안산시 상록구,8021,스넥,2.991104331711199,3.459464555871419,3.0770599441915367,3.1480489633748507,0.4683602241602203,0.07098901918331402
경기도,안산시 상록구,8301,제과점,2.462982682915537,2.187131898444134,3.5122227478073698,3.0787133967610942,-0.27585078447140265,-0.4335093510462755
경기도,안성시,4004,대형할인점,27.413259705502924,22.24662635213041,12.836228209619966,9.891860325670399,-5.166633353372514,-2.9443678839495675
경기도,안성시,4010,편의점,16.128526723924843,19.117861704705682,34.89643142888452,39.12072642330895,2.989334980780839,4.224294994424433
경기도,안성시,4020,슈퍼마켓,14.990771589174374,13.630843343876384,14.544482922706727,12.838848943370056,-1.35992824529799,-1.705633979336671
경기도,안성시,8001,일반한식,28.650030595155922,31.74074852626602,21.995956029703816,21.874429711818717,3.090717931110099,-0.12152631788509893
경기도,안성시,8004,일식회집,0.9774065992932127,1.0013918501690402,0.32799090932289765,0.41399663171506185,0.02398525087582748,0.0860057223921642
경기도,안성시,8005,중국음식,2.5752644397382283,2.5397599145754577,1.890938894618097,1.8030231139429267,-0.035504525162770584,-0.08791578067517025
경기도,안성시,8006,서양음식,6.438588505481841,6.75511747620481,10.12959018399014,10.923593115350725,0.3165289707229695,0.7940029313605841
경기도,안성시,8021,스넥,1.6352558773686312,1.7607987110894772,1.577508680125552,1.3900692949022102,0.12554283372084596,-0.1874393852233418
경기도,안성시,8301,제과점,1.190895964360027,1.2068521209827174,1.8008727410282852,1.7434524399209548,0.015956156622690454,-0.05742030110733043
경기도,안양시 동안구,4004,대형할인점,20.977340841527482,18.06891625440486,11.367609537448056,9.427431954973988,-2.908424587122621,-1.9401775824740675
경기도,안양시 동안구,4010,편의점,12.362816963212273,14.409481540360927,30.8881610916802,33.15719155584752,2.046664577148654,2.2690304641673187
경기도,안양시 동안구,4020,슈퍼마켓,7.617577032018251,7.415610249290556,8.550003922610983,7.845817871917333,-0.20196678272769475,-0.7041860506936501
경기도,안양시 동안구,8001,일반한식,34.18977260478594,33.685409053893565,16.98010475127719,16.233931963851358,-0.5043635508923714,-0.7461727874258308
경기도,안양시 동안구,8002,갈비전문점,,0.0018797661302395964,,0.001442572306162669,,
경기도,안양시 동안구,8004,일식회집,3.6428007885772375,3.718983019669739,1.3696352440156763,1.3828720061076292,0.07618223109250133,0.013236762091952903
경기도,안양시 동안구,8005,중국음식,3.1486325226243985,2.999166860797276,1.9842556933478372,1.7965573566748931,-0.14946566182712262,-0.1876983366729441
경기도,안양시 동안구,8006,서양음식,11.66984610498078,12.989788170497473,19.942437147477293,21.63902846084193,1.3199420655166936,1.6965913133646389
경기도,안양시 동안구,8021,스넥,3.2649674370665744,3.717304657053453,3.831864013030094,3.6260719421905794,0.4523372199868785,-0.20579207083951445
경기도,안양시 동안구,8301,제과점,3.126245705207072,2.9934604279019057,5.085928599112671,4.889654315288603,-0.1327852773051661,-0.1962742838240672
경기도,안양시 만안구,4004,대형할인점,9.94417444889143,4.647742672573578,5.086090626380973,3.0932344640651137,-5.296431776317851,-1.9928561623158596
경기도,안양시 만안구,4010,편의점,15.430245854774158,17.47430918913663,32.700309995252326,35.24299244452556,2.0440633343624715,2.5426824492732365
경기도,안양시 만안구,4020,슈퍼마켓,19.59989041356966,19.069742474055978,20.305264005230654,19.111473792655094,-0.5301479395136823,-1.1937902125755606
경기도,안양시 만안구,8001,일반한식,35.11669366622197,37.80615769184802,17.387004512755475,16.59142365411041,2.6894640256260516,-0.7955808586450637
경기도,안양시 만안구,8002,갈비전문점,0.03255828727526841,0.03382901962690845,0.011499558909776103,0.013726256216410267,0.0012707323516400401,0.002226697306634164
경기도,안양시 만안구,8004,일식회집,2.0733077631662535,2.08159883644378,0.6976946669974159,0.7035083405861262,0.00829107327752654,0.005813673588710322
경기도,안양시 만안구,8005,중국음식,3.3243202464900574,3.3230428291594,2.1236399718096526,2.0397820089507257,-0.0012774173306575598,-0.08385796285892688
경기도,안양시 만안구,8006,서양음식,8.862306238485482,9.618785436910905,14.24187515093171,16.13815552300807,0.7564791984254224,1.89628037207636
경기도,안양시 만안구,8021,스넥,3.0390381805476143,3.5217629983450114,3.2923237158688985,3.3534299802553083,0.48272481779739707,0.06110626438640976
경기도,안양시 만안구,8301,제과점,2.577464900578108,2.423028851899793,4.1542977958631155,3.7122735356271765,-0.15443604867831517,-0.442024260235939
경기도,양주시,4004,대형할인점,12.206812140161958,9.68914696341453,6.095718510934789,5.26713745858504,-2.5176651767474283,-0.8285810523497492
경기도,양주시,4010,편의점,13.943709773773305,15.907910532903083,35.178490174330975,37.375316444590496,1.9642007591297777,2.196826270259521
경기도,양주시,4020,슈퍼마켓,25.503062990566082,23.837561660142992,16.29269402496943,15.359546457336013,-1.6655013304230906,-0.9331475676334158
경기도,양주시,8001,일반한식,29.922400143743253,31.924802683672336,17.70611153769587,16.89921788137256,2.002402539929083,-0.8068936563233109
경기도,양주시,8003,한정식,0.009444668829982138,0.013158291929864755,0.007820720643858602,0.008454474251340353,0.003713623099882617,0.0006337536074817515
경기도,양주시,8004,일식회집,1.8860926867548886,1.6370463195096447,0.7726516508830304,0.7124090944620003,-0.24904636724524387,-0.06024255642103016
경기도,양주시,8005,중국음식,2.893907958246885,2.8131654128878503,2.47454710917726,2.224164801630916,-0.08074254535903469,-0.25038230754634405
경기도,양주시,8006,서양음식,9.14044299336109,9.410887789956508,14.701710604897192,15.722450776615243,0.2704447965954184,1.0207401717180513
경기도,양주시,8021,스넥,2.356252908266926,2.713626804524285,2.9029093080795154,2.7960382014621454,0.35737389625735894,-0.10687110661736998
경기도,양주시,8301,제과점,2.137873736295632,2.0526935410589022,3.8673463583880783,3.6352644096942512,-0.0851801952367297,-0.23208194869382703
경기도,양평군,4004,대형할인점,3.749935915571852,3.205170018329235,1.9829555663937162,1.6116474346664804,-0.544765897242617,-0.37130813172723576
경기도,양평군,4010,편의점,10.552189408885235,12.15257620330448,24.964704674384578,28.631182026081035,1.6003867944192454,3.6664773516964573
경기도,양평군,4020,슈퍼마켓,21.000894333797273,18.558187166926494,16.069854797169526,14.4363947418955,-2.442707166870779,-1.6334600552740266
경기도,양평군,8001,일반한식,46.70795919103615,48.557469652396826,36.52959245664022,35.23663215962851,1.8495104613606728,-1.2929602970117102
경기도,양평군,8004,일식회집,1.452200611792674,1.3207159490434228,0.4607644325795107,0.5052109700958399,-0.1314846627492512,0.04444653751632921
경기도,양평군,8005,중국음식,2.009877546525295,1.8309666225286518,1.4721359447596067,1.2991638007785906,-0.17891092399664332,-0.17297214398101612
경기도,양평군,8006,서양음식,10.172050075097456,10.09151571682963,13.307835134464497,13.50453013983206,-0.08053435826782618,0.19669500536756246
경기도,양평군,8021,스넥,2.540211791914539,2.575551018544489,2.4133446278375303,2.158406508039034,0.03533922662994993,-0.2549381197984961
경기도,양평군,8301,제과점,1.8146811253795223,1.7078476520967734,2.7988123657708073,2.6168322189829443,-0.10683347328274895,-0.181980146787863
경기도,여주시,4004,대형할인점,53.812543727008055,46.03936488876417,12.06026123888132,10.803602776352392,-7.7731788382438864,-1.2566584625289288
경기도,여주시,4010,편의점,12.149224762463607,13.429330931761871,44.549242727782676,44.502997812407166,1.2801061692982643,-0.04624491537551023
경기도,여주시,4020,슈퍼마켓,6.0389537114356,6.601711119667435,8.671768571199616,8.892159775299106,0.5627574082318354,0.22039120409949042
경기도,여주시,8001,일반한식,18.087973098016207,23.857676436102754,15.761278948633706,17.929483890134225,5.769703338086547,2.1682049415005196
경기도,여주시,8002,갈비전문점,0.02527703175427114,0.056993815518415314,0.013622886449234713,0.024306587085100063,0.03171678376414418,0.01068370063586535
경기도,여주시,8004,일식회집,0.670405560946986,0.9037435365315131,0.422710153057136,0.5830204985551085,0.23333797558452707,0.16031034549797252
경기도,여주시,8005,중국음식,2.0305129883319415,1.705137492141597,2.378395704784037,1.878021443811273,-0.32537549619034456,-0.5003742609727642
경기도,여주시,8006,서양음식,4.345843959466475,4.445300076789378,10.530491225258434,10.365071434358711,0.09945611732290338,-0.16541979089972259
경기도,여주시,8021,스넥,1.828071046514252,1.9419228669194408,3.1388733071560218,2.770275744726821,0.11385182040518882,-0.36859756242920083
경기도,여주시,8301,제과점,1.011194114062606,1.0188188358034278,2.47335523679782,2.2510600372701,0.007624721740821849,-0.22229519952772003
경기도,연천군,4010,편의점,18.65545957608637,19.512804844175324,37.824063062756956,40.55182481751825,0.857345268088956,2.7277617547612962
경기도,연천군,4020,슈퍼마켓,22.815432256862792,20.051663796455752,15.543134789847441,13.795620437956204,-2.7637684604070394,-1.7475143518912368
경기도,연천군,8001,일반한식,40.5783603809169,44.39058941169935,23.27307940606843,24.465693430656934,3.8122290307824542,1.1926140245885044
경기도,연천군,8004,일식회집,1.2363500896412023,0.9325870784956392,0.49947334443274105,0.3897810218978102,-0.30376301114556314,-0.10969232253493083
경기도,연천군,8005,중국음식,3.370664431457465,3.0866340758846733,2.6910400598008906,2.2992700729927007,-0.28403035557279166,-0.39176998680818986
경기도,연천군,8006,서양음식,8.142215185452512,7.6127715126937385,14.301246984472154,13.778102189781022,-0.5294436727587737,-0.5231447946911327
경기도,연천군,8021,스넥,2.7497729865654614,2.7019332259318927,2.1779756039550136,2.0700729927007298,-0.04783976063356876,-0.1079026112542838
경기도,연천군,8301,제과점,2.4517450930173,1.7110160546636297,3.6899867486663718,2.6496350364963503,-0.7407290383536702,-1.0403517121700214
경기도,오산시,4004,대형할인점,10.5683193965659,9.122375662866824,5.535017195777106,4.552602479398543,-1.4459437336990764,-0.982414716378563
경기도,오산시,4010,편의점,17.58107940903303,20.066926468349223,39.21191641129002,41.77942132549469,2.4858470593161925,2.567504914204669
경기도,오산시,4020,슈퍼마켓,19.88882954646903,18.638341156538612,15.691539977372004,14.53715485961003,-1.2504883899304176,-1.154385117761974
경기도,오산시,8001,일반한식,33.02019330314701,32.77518084075971,17.156814997415015,16.213471658063046,-0.2450124623873009,-0.9433433393519692
경기도,오산시,8004,일식회집,1.8352992032627542,1.742080421902383,0.5829330975626204,0.5835921828375833,-0.0932187813603711,0.000659085274962945
경기도,오산시,8005,중국음식,4.728111652849976,4.54887802602552,2.9554258483624674,2.6531842656546067,-0.17923362682445632,-0.3022415827078606
경기도,오산시,8006,서양음식,7.421935568750107,7.603167507296798,12.097884807025167,13.091579935875707,0.1812319385466914,0.9936951288505398
경기도,오산시,8021,스넥,2.7835684493930106,3.365436010068125,3.286453923559338,3.3012341425737515,0.5818675606751142,0.014780219014413287
경기도,오산시,8301,제과점,2.1726634705291796,2.137613906192804,3.4820137416362584,3.287759150492046,-0.03504956433637574,-0.19425459114421262
경기도,용인시 기흥구,4004,대형할인점,12.844300161376273,10.768634227488251,7.700626143145134,6.260760644864825,-2.075665933888022,-1.4398654982803087
경기도,용인시 기흥구,4010,편의점,14.501252343197061,16.436490400697203,32.57092506308158,34.95141437616155,1.9352380575001416,2.38048931307997
경기도,용인시 기흥구,4020,슈퍼마켓,13.600680780244106,12.16664191653054,9.921364965355192,8.84835454367667,-1.4340388637135657,-1.0730104216785215
경기도,용인시 기흥구,8001,일반한식,35.511825089525765,36.42762535193943,18.959187215465334,18.36739346136726,0.9158002624136685,-0.5917937540980738
경기도,용인시 기흥구,8004,일식회집,2.2401227695816655,2.192562059091325,0.848030118953847,0.8798083210454518,-0.04756071049034061,0.03177820209160487
경기도,용인시 기흥구,8005,중국음식,2.902210199191536,2.696264829456562,1.9126069716833771,1.6986671497833772,-0.20594536973497402,-0.21393982189999994
경기도,용인시 기흥구,8006,서양음식,12.289771789377205,12.96127128699208,19.612432078821943,20.968665002153628,0.6714994976148745,1.3562329233316852
경기도,용인시 기흥구,8021,스넥,2.7219149883961338,3.120917165044408,3.0559523650588094,3.022758876369714,0.3990021766482741,-0.03319348868909522
경기도,용인시 기흥구,8301,제과점,3.387921879110252,3.2295927627601952,5.418875078434775,5.002177624577523,-0.15832911635005686,-0.4166974538572523
경기도,용인시 수지구,4004,대형할인점,13.776206632803154,11.297348032588916,9.747526982019107,7.909667774195779,-2.478858600214238,-1.8378592078233273
경기도,용인시 수지구,4010,편의점,12.662829237678716,14.076119427715394,29.590236452026925,31.596685974334743,1.4132901900366779,2.0064495223078183
경기도,용인시 수지구,4020,슈퍼마켓,13.745709858989194,13.880211658364141,9.526259294399951,8.882899377303008,0.13450179937494688,-0.6433599170969426
경기도,용인시 수지구,8001,일반한식,34.18001921983173,34.45306157059551,18.758978430405705,17.661576862410637,0.2730423507637809,-1.0974015679950675
경기도,용인시 수지구,8004,일식회집,2.9985879307301575,2.8493371787136947,1.2592498971986408,1.3430299757309527,-0.14925075201646276,0.08378007853231195
경기도,용인시 수지구,8005,중국음식,4.176783227755005,3.589595640516066,2.1473468348752056,1.8634808465517867,-0.5871875872389394,-0.2838659883234189
경기도,용인시 수지구,8006,서양음식,11.050716821275177,12.311584971827292,18.833921066357163,21.131523747114553,1.260868150552115,2.2976026807573895
경기도,용인시 수지구,8021,스넥,3.5635136990331246,3.688816590366601,4.437280490171122,3.9441317970620298,0.12530289133347638,-0.49314869310909204
경기도,용인시 수지구,8301,제과점,3.8456333719037437,3.8539249293123836,5.699200552546181,5.667003645296513,0.00829155740863996,-0.032196907249667284
경기도,용인시 처인구,4004,대형할인점,6.089198227220667,4.256612995163357,4.1818857574942,3.0391486754030357,-1.8325852320573102,-1.1427370820911644
경기도,용인시 처인구,4010,편의점,19.518576260538804,22.018579031429717,39.575901788981874,43.17455453945508,2.5000027708909123,3.5986527504732067
경기도,용인시 처인구,4020,슈퍼마켓,13.387548408597292,12.831073035007817,10.615556153639124,9.483124351843122,-0.5564753735894747,-1.1324318017960024
경기도,용인시 처인구,8001,일반한식,40.38022056316771,40.1249513231634,23.11877797286694,21.58173847459225,-0.25526924000430995,-1.5370394982746909
경기도,용인시 처인구,8002,갈비전문점,0.06259121501269828,0.047477552218252825,0.01210407223710311,0.011077590270576034,-0.015113662794445454,-0.0010264819665270764
경기도,용인시 처인구,8003,한정식,0.019995479948977053,0.029206101958925212,0.004556827195144701,0.005892335250306402,0.009210622009948159,0.0013355080551617007
경기도,용인시 처인구,8004,일식회집,1.6713463240110475,1.5095463036644488,0.5424048370720677,0.5277175450174413,-0.1618000203465988,-0.014687292054626377
경기도,용인시 처인구,8005,중국음식,3.373720116908438,3.122795433125081,2.0874540579258176,1.7662864146318469,-0.25092468378335697,-0.32116764329397074
경기도,용인시 처인구,8006,서양음식,10.107446975587894,10.91087765041848,13.608394814900254,14.926699349486189,0.8034306748305848,1.318304534585934
경기도,용인시 처인구,8021,스넥,3.4573027553158484,3.469106434372337,3.41477237936156,2.967615725464316,0.011803679056488381,-0.447156653897244
경기도,용인시 처인구,8301,제과점,1.9320536736906215,1.6797741394781844,2.838191338325907,2.5161449985858395,-0.2522795342124371,-0.32204633974006747
경기도,의왕시,4004,대형할인점,15.444957368862019,13.844211948828718,11.093975457036576,10.455895329645362,-1.6007454200333004,-0.6380801273912144
경기도,의왕시,4010,편의점,11.611440587471867,12.517693945190612,29.813280205451342,31.621270620241624,0.9062533577187448,1.8079904147902823
경기도,의왕시,4020,슈퍼마켓,9.660593714576727,8.79825070423857,11.44014508677407,10.276187377055427,-0.862343010338158,-1.1639577097186429
경기도,의왕시,8001,일반한식,41.958732401307685,43.20184939852317,18.194755166068756,17.523137765347734,1.2431169972154876,-0.671617400721022
경기도,의왕시,8004,일식회집,1.9398399894859621,1.8681677909979464,0.8551647449729286,0.8674646520613646,-0.07167219848801576,0.01229990708843598
경기도,의왕시,8005,중국음식,2.5521184143516615,2.197099209657414,1.8248368435683935,1.5434948945938103,-0.35501920469424775,-0.2813419489745832
경기도,의왕시,8006,서양음식,11.44765159106964,11.80446176778349,17.900213129294027,19.04669768314527,0.35681017671385007,1.1464845538512414
경기도,의왕시,8021,스넥,3.1653825302689294,3.60307378042772,5.034021259978025,4.987555297573503,0.4376912501587906,-0.04646596240452183
경기도,의왕시,8301,제과점,2.21928340260551,2.1651914543523585,3.8436081068558794,3.678296380335904,-0.05409194825315167,-0.16531172651997528
경기도,의정부시,4004,대형할인점,7.591596042087153,5.6813682117466495,5.291077180885092,4.20108491613436,-1.9102278303405038,-1.089992264750732
경기도,의정부시,4010,편의점,15.934252424467758,17.58133736635889,35.489733181609736,37.384751069444086,1.6470849418911335,1.8950178878343493
경기도,의정부시,4020,슈퍼마켓,18.741530880063014,18.533061666227287,15.320119793701206,14.132178562606509,-0.20846921383572692,-1.1879412310946975
경기도,의정부시,8001,일반한식,37.421190223882725,37.48893995395605,18.47112062214221,17.696278771546055,0.06774973007332363,-0.7748418505961538
경기도,의정부시,8004,일식회집,3.471853373786471,3.27211929160205,1.0086599447831806,0.9511520211311628,-0.1997340821844209,-0.057507923652017734
경기도,의정부시,8005,중국음식,2.587256225369921,2.3384859717524553,1.7318002457016368,1.5439945709605245,-0.24877025361746563,-0.18780567474111232
경기도,의정부시,8006,서양음식,9.140146284210063,9.767581604194973,15.769629239627031,17.482791246833134,0.6274353199849099,1.713162007206103
경기도,의정부시,8021,스넥,2.4737732568834674,2.9692154491632787,2.730364155490262,2.7740001801356726,0.49544219227981134,0.04363602464541083
경기도,의정부시,8301,제과점,2.638401289249432,2.3678904849983615,4.187495636059641,3.833768661208496,-0.27051080425107044,-0.3537269748511447
경기도,이천시,4004,대형할인점,7.7852564241476,6.59676935662179,3.7027623174427973,3.243598397031443,-1.1884870675258101,-0.45916392041135445
경기도,이천시,4010,편의점,18.798080882066127,21.302442945588698,41.02494912161892,43.48671746864005,2.5043620635225707,2.4617683470211347
경기도,이천시,4020,슈퍼마켓,17.64097585499998,17.170445451173915,11.746159966156519,11.337187501018974,-0.47053040382606426,-0.4089724651375448
경기도,이천시,8001,일반한식,36.72883140973688,36.728649734447,21.169236554441174,20.13737401404065,-0.0001816752898733398,-1.0318625404005246
경기도,이천시,8002,갈비전문점,0.007281206253169275,0.012953804603391768,0.005048667412940953,0.004891075743198959,0.005672598350222493,-0.00015759166974199396
경기도,이천시,8004,일식회집,1.8334770793694821,1.73935880441707,0.6829628365850814,0.6635559424939921,-0.0941182749524121,-0.01940689409108931
경기도,이천시,8005,중국음식,3.370938452136904,3.173149779696597,2.409955275770401,2.1806046021762024,-0.19778867244030707,-0.22935067359419836
경기도,이천시,8006,서양음식,9.049932605501645,8.685703435952309,13.633491118697652,13.947717661022367,-0.36422916954933626,0.3142265423247146
경기도,이천시,8021,스넥,2.5354200345857296,2.6465687500998154,2.5544516189683657,2.288860411959006,0.11114871551408578,-0.26559120700935956
경기도,이천시,8301,제과점,2.2498060512024827,1.9439579373994085,3.0709825229061525,2.709492925874117,-0.3058481138030742,-0.36148959703203554
경기도,파주시,4004,대형할인점,12.2534785252355,10.206183138696415,5.071815435943017,4.251759738259857,-2.0472953865390853,-0.8200556976831601
경기도,파주시,4010,편의점,15.343552389231686,17.20497918524928,36.29933186074778,38.566678123005374,1.861426796017593,2.267346262257597
경기도,파주시,4020,슈퍼마켓,18.948446659513063,19.387872557816653,13.469171039932885,13.612183593035141,0.4394258983035897,0.14301255310225613
경기도,파주시,8001,일반한식,32.60077526417483,31.944498146071687,17.992140343466403,16.319658630863376,-0.6562771181031408,-1.6724817126030267
경기도,파주시,8004,일식회집,2.137578612522469,1.8469508067910263,0.8845291490782651,0.7668307749989958,-0.29062780573144287,-0.11769837407926931
경기도,파주시,8005,중국음식,2.7784801970178945,2.4808374076202386,2.145320531812639,1.8294136288771152,-0.29764278939765587,-0.3159069029355239
경기도,파주시,8006,서양음식,11.175034952430595,12.210505638226433,17.29672012367372,18.482585621253442,1.035470685795838,1.185865497579723
경기도,파주시,8021,스넥,2.284164035731415,2.53461310607101,2.8383940017072606,2.6846218738701744,0.2504490703395952,-0.15377212783708627
경기도,파주시,8301,제과점,2.4784893641425483,2.1835600134572575,4.002577513638039,3.4862680158365285,-0.2949293506852908,-0.5163094978015108
경기도,평택시,4004,대형할인점,6.022850044256144,4.519326932383034,3.1991407505247795,2.433367037411527,-1.5035231118731094,-0.7657737131132527
경기도,평택시,4010,편의점,21.345688655139945,24.235627020977216,43.6007850394445,46.756875631951466,2.8899383658372706,3.1560905925069633
경기도,평택시,4020,슈퍼마켓,19.728380327919396,18.16791823526346,14.500593330198466,12.944539939332659,-1.5604620926559356,-1.5560533908658076
경기도,평택시,8001,일반한식,32.70943304604309,32.83193038532265,16.636348679796555,15.923508594539939,0.12249733927956186,-0.7128400852566159
경기도,평택시,8003,한정식,0.02768417685500043,0.008747744818977518,0.0022169663266151476,0.0005561172901921132,-0.01893643203602291,-0.0016608490364230343
경기도,평택시,8004,일식회집,2.08993053905139,2.051904526740801,0.6578555868134842,0.6482305358948433,-0.038026012310588886,-0.009625050918640965
경기도,평택시,8005,중국음식,3.5571919123664126,3.2336566069669272,2.1499322658446,1.865217391304348,-0.3235353053994854,-0.2847148745402519
경기도,평택시,8006,서양음식,9.023789122366631,9.304622531709024,12.854787538782325,13.62881698685541,0.2808334093423923,0.7740294480730849
경기도,평택시,8021,스넥,3.405153753165053,3.8061065462910806,3.658344486229722,3.338827098078868,0.4009527931260277,-0.31951738815085395
경기도,평택시,8301,제과점,2.089898422836941,1.8401594695268277,2.739995356038958,2.4600606673407484,-0.2497389533101131,-0.2799346886982095
경기도,포천시,4004,대형할인점,6.979765671685654,4.2401094074974175,3.9366395050924514,2.4365257488442635,-2.7396562641882367,-1.5001137562481879
경기도,포천시,4010,편의점,17.388738134190184,19.61188554992741,38.82674107892267,43.127636174376676,2.223147415737227,4.300895095454003
경기도,포천시,4020,슈퍼마켓,18.253876899264295,16.274251464303756,13.729666658410869,12.06487667826132,-1.979625434960539,-1.664789980149548
경기도,포천시,8001,일반한식,40.062843483968294,42.64093496989474,21.94170856483966,21.11506496381479,2.5780914859264428,-0.8266436010248732
경기도,포천시,8002,갈비전문점,0.5278999598350298,0.6184891388938192,0.0726510191782179,0.07559682634631824,0.09058917905878938,0.002945807168100348
경기도,포천시,8004,일식회집,0.8249737948059835,0.7461463894160535,0.33160787162785066,0.30026776819799306,-0.07882740538993005,-0.0313401034298576
경기도,포천시,8005,중국음식,3.2122179880288795,3.104961111186962,2.468483492532631,2.2622526912234675,-0.10725687684191731,-0.2062308013091636
경기도,포천시,8006,서양음식,9.14304117399269,9.188250071679205,13.981468486244463,14.19713108866495,0.04520889768651415,0.21566260242048685
경기도,포천시,8021,스넥,2.3146288658783885,2.570211487787229,2.68973886912084,2.7389130542295366,0.2555826219088404,0.049174185108696644
경기도,포천시,8301,제과점,1.2920140283505912,1.0047604094134137,2.021294454030343,1.681735006040681,-0.2872536189371775,-0.33955944798966176
경기도,하남시,4004,대형할인점,36.7420647005604,32.008746604793785,17.676456275599435,13.99002238567317,-4.733318095766613,-3.686433889926265
경기도,하남시,4010,편의점,9.765492145281723,11.474563482082578,28.15795440532402,30.524208506555805,1.7090713368008554,2.3662541012317853
경기도,하남시,4020,슈퍼마켓,9.193810477551756,10.355724946476988,12.125563701408309,12.796929964822516,1.1619144689252323,0.6713662634142068
경기도,하남시,8001,일반한식,27.58893381674621,28.615766753996326,16.57365013319331,15.880908218740005,1.0268329372501164,-0.6927419144533058
경기도,하남시,8004,일식회집,2.5472539051298524,2.347731695370726,1.203181788648933,1.0981771666133673,-0.1995222097591265,-0.10500462203556582
경기도,하남시,8005,중국음식,2.5108534489848995,2.2315996972143965,1.9733029952251953,1.7859929645027182,-0.27925375177050293,-0.1873100307224771
경기도,하남시,8006,서양음식,7.859442000457924,8.618378219654348,15.621208565211683,17.201279181323955,0.758936219196424,1.5800706161122715
경기도,하남시,8021,스넥,1.8572568616249163,2.3030238846815276,2.902805346826366,2.8941477454429165,0.4457670230566113,-0.00865760138344962
경기도,하남시,8301,제과점,1.9348926436623195,2.044464715729327,3.7658767885627458,3.8283338663255515,0.10957207206700748,0.062457077762805735
경기도,화성시 동탄구,4004,대형할인점,13.064441405845404,9.885269591736476,8.89155324539056,6.715367304128225,-3.179171814108928,-2.176185941262334
경기도,화성시 동탄구,4010,편의점,16.952090678361436,19.039697072165474,36.51868082989161,38.5073623755117,2.0876063938040375,1.9886815456200893
경기도,화성시 동탄구,4020,슈퍼마켓,7.565817206053682,6.63595704906946,4.922580801521439,4.271679802855339,-0.9298601569842218,-0.6509009986661001
경기도,화성시 동탄구,8001,일반한식,31.757820623273226,32.153065325991946,14.147733023875137,13.22821836622472,0.3952447027187205,-0.9195146576504172
경기도,화성시 동탄구,8004,일식회집,4.254422272306471,4.480196124718478,1.550807551882482,1.5543217042422761,0.22577385241200698,0.0035141523597941315
경기도,화성시 동탄구,8005,중국음식,3.722408722260182,3.3382353879428597,2.0978243359028057,1.8881998329972913,-0.38417333431732237,-0.20962450290551438
경기도,화성시 동탄구,8006,서양음식,15.974939319462656,16.959620255587385,23.080914859553406,25.078155231054357,0.9846809361247288,1.9972403715009506
경기도,화성시 동탄구,8021,스넥,3.3977889240656243,4.128253060859912,4.067769063969743,4.061526241828068,0.7304641367942875,-0.006242822141674154
경기도,화성시 동탄구,8301,제과점,3.310270848371321,3.3797061319280073,4.72213628801282,4.695169141158021,0.06943528355668649,-0.026967146854798507
경기도,화성시 만세구,4004,대형할인점,2.6392742443162747,1.0136579015798552,1.4199474815396236,0.7865912680218045,-1.6256163427364194,-0.6333562135178191
경기도,화성시 만세구,4010,편의점,21.90833490126376,25.11212994734169,41.47591915250162,45.16119470727449,3.2037950460779285,3.685275554772872
경기도,화성시 만세구,4020,슈퍼마켓,28.168037318009365,25.885401578531216,19.596546365707713,17.76397630592954,-2.282635739478149,-1.832570059778174
경기도,화성시 만세구,8001,일반한식,30.594000727664312,31.133332026982153,19.236713348565594,18.314275260630144,0.5393312993178405,-0.9224380879354506
경기도,화성시 만세구,8004,일식회집,1.9424624659144578,1.9462867232528567,0.5896939671563658,0.6055974694214034,0.003824257338398862,0.01590350226503756
경기도,화성시 만세구,8005,중국음식,3.1286854272479374,3.103996322444896,2.205923633201243,1.9841699896720528,-0.024689104803041317,-0.22175364352919003
경기도,화성시 만세구,8006,서양음식,7.5909702389634415,7.713438805303009,10.719676626954746,11.12472732830367,0.12246856633956771,0.40505070134892485
경기도,화성시 만세구,8021,스넥,2.603270585390214,2.7752724669012094,2.7112999431173592,2.382467499386344,0.1720018815109956,-0.3288324437310153
경기도,화성시 만세구,8301,제과점,1.4249640912302353,1.3164842276631161,2.04427948125574,1.8770001713605564,-0.10847986356711914,-0.1672793098951837
경기도,화성시 병점구,4004,대형할인점,5.837161747871341,3.482179998531823,4.530564934737691,3.1613184111455426,-2.354981749339518,-1.3692465235921483
경기도,화성시 병점구,4010,편의점,16.36869972846196,18.668026769765337,36.428463437988206,38.593745998412174,2.2993270413033784,2.165282560423968
경기도,화성시 병점구,4020,슈퍼마켓,24.47059143341277,22.99196172951281,16.276660675189124,15.279278817834918,-1.478629703899962,-0.9973818573542061
경기도,화성시 병점구,8001,일반한식,34.78662063507885,34.98238187290479,16.213106217137867,15.342023715010116,0.19576123782594124,-0.8710825021277504
경기도,화성시 병점구,8004,일식회집,0.8553901358294295,1.2513152421268996,0.398125283475281,0.5583015340487105,0.39592510629747013,0.16017625057342955
경기도,화성시 병점구,8005,중국음식,2.891925443325873,2.554475493674603,1.9153129847077333,1.6193305503623838,-0.33744994965126995,-0.29598243434534943
경기도,화성시 병점구,8006,서양음식,10.147337326362145,10.583569873002666,17.67373884997228,18.72563833329065,0.4362325466405217,1.051899483318369
경기도,화성시 병점구,8021,스넥,2.6884984459808443,3.315021900310764,2.9901392598565404,3.258637027172382,0.6265234543299196,0.2684977673158415
경기도,화성시 병점구,8301,제과점,1.9537751036767883,2.1710671201703087,3.5738883569352753,3.4617256127231286,0.21729201649352037,-0.11216274421214667
경기도,화성시 효행구,4004,대형할인점,8.211737812044568,6.8199225905658345,4.862893117192231,4.047400321770027,-1.3918152214787334,-0.8154927954222035
경기도,화성시 효행구,4010,편의점,18.927765502327112,21.797832652336115,38.422883540132105,41.28717731861551,2.870067150009003,2.8642937784834075
경기도,화성시 효행구,4020,슈퍼마켓,23.441833952329464,21.030436643960286,15.314282495105841,13.289296529063805,-2.411397308369178,-2.0249859660420366
경기도,화성시 효행구,8001,일반한식,32.0421583376428,32.321933546709225,20.301677393912936,19.39442103267764,0.27977520906642184,-0.9072563612352944
경기도,화성시 효행구,8004,일식회집,1.4513598326359833,1.362528358704484,0.5968761883300705,0.5281014110247549,-0.08883147393149926,-0.06877477730531556
경기도,화성시 효행구,8005,중국음식,3.2063901556109253,2.9073678753760532,2.2077940368716815,1.9024288290390157,-0.2990222802348721,-0.30536520783266585
경기도,화성시 효행구,8006,서양음식,8.01075995486813,8.781514930002416,12.498063462107236,13.937454128328886,0.7707549751342864,1.4393906662216498
경기도,화성시 효행구,8021,스넥,2.7640331907291618,3.068273490035501,3.1111361491767955,2.997759275191142,0.30424029930633933,-0.11337687398565333
경기도,화성시 효행구,8301,제과점,1.9439612618118565,1.9101899123100803,2.6843936171711054,2.615961154289214,-0.03377134950177618,-0.06843246288189153
경상남도,거제시,4004,대형할인점,10.02753500364843,7.230690980303161,6.137053981747548,4.4787417217552346,-2.796844023345268,-1.6583122599923135
경상남도,거제시,4010,편의점,17.205859736724136,19.579639961182398,38.39387302552678,40.41040048229611,2.3737802244582618,2.0165274567693316
경상남도,거제시,4020,슈퍼마켓,14.572364869065577,14.131606907501906,15.549606557489074,15.273109149414557,-0.440757961563671,-0.2764974080745173
경상남도,거제시,8001,일반한식,41.23828985213229,41.032633923505834,19.633174225159138,18.870732973406394,-0.20565592862645588,-0.7624412517527439
경상남도,거제시,8002,갈비전문점,0.3563353413326091,0.38674774033467885,0.10592025912878877,0.10082741308871465,0.030412399002069768,-0.005092846040074123
경상남도,거제시,8004,일식회집,2.24836475126877,2.21653906001414,0.5817072295702029,0.5533540074408836,-0.03182569125462997,-0.028353222129319344
경상남도,거제시,8005,중국음식,2.3211697222940275,2.16043921339604,1.5735992045730218,1.3797199271768774,-0.16073050889798735,-0.1938792773961444
경상남도,거제시,8006,서양음식,7.989977454999983,8.599305060174425,13.175113522600308,13.668247891824453,0.6093276051744416,0.4931343692241459
경상남도,거제시,8021,스넥,2.2434565509749325,2.7346889870526,2.130022243254417,2.3912851605684033,0.4912324360776674,0.26126291731398643
경상남도,거제시,8301,제과점,1.7966467175592502,1.927708166534815,2.71992975095072,2.8735812730283676,0.13106144897556482,0.15365152207764776
경상남도,거창군,4010,편의점,11.774816639605845,12.928100066263038,26.021450161634785,27.89630442802768,1.1532834266571932,1.8748542663928944
경상남도,거창군,4020,슈퍼마켓,22.941604613403506,23.89508655041891,18.75780456778741,20.978467241953336,0.953481937015404,2.2206626741659257
경상남도,거창군,8001,일반한식,45.436985611108,45.207276226093114,31.390992799374466,28.952696318825193,-0.22970938501488547,-2.4382964805492726
경상남도,거창군,8002,갈비전문점,0.3409663512681261,0.3562772881171313,0.09102897755785591,0.09718085537149182,0.015310936849005197,0.006151877813635909
경상남도,거창군,8004,일식회집,1.8559991041934942,1.5294961286047546,0.5578442470853221,0.48770392232730153,-0.32650297558873964,-0.07014032475802057
경상남도,거창군,8005,중국음식,3.429819159061643,2.868826418074378,2.1905306522576353,2.040797962801328,-0.560992740987265,-0.14973268945630736
경상남도,거창군,8006,서양음식,8.899837635070824,7.629326386304429,13.439611609695753,12.596618466162166,-1.270511248766395,-0.8429931435335867
경상남도,거창군,8021,스넥,2.9903140921560944,2.969582542866739,4.281863059740684,3.3806340150990253,-0.02073154928935539,-0.9012290446416586
경상남도,거창군,8301,제과점,2.3296567941324673,2.616028393257509,3.268873924866082,3.569596789432482,0.2863715991250415,0.30072286456639974
경상남도,고성군,4004,대형할인점,10.199586178135876,5.057425405836724,6.327271822682157,3.4478240091263666,-5.142160772299152,-2.87944781355579
경상남도,고성군,4010,편의점,15.93000315445607,17.02453987730061,37.187492226174776,37.07200887970771,1.0945367228445413,-0.11548334646706593
경상남도,고성군,4020,슈퍼마켓,18.23703331426402,16.904522087197666,15.761586109107192,15.331370342392898,-1.3325112270663553,-0.4302157667142943
경상남도,고성군,8001,일반한식,36.784165699834794,38.08161209727,19.575113808801213,19.87836650376925,1.297446397435209,0.3032526949680374
경상남도,고성군,8002,갈비전문점,0.6036238819057193,0.645545279736288,0.16418318863653325,0.20734734148334286,0.041921397830568696,0.043164152846809606
경상남도,고성군,8004,일식회집,2.465287616888637,5.157494734914385,0.6517575064056319,1.1739405244577368,2.692207118025748,0.5221830180521049
경상남도,고성군,8005,중국음식,3.0763966487914156,2.7074312922678456,2.5572775442175177,2.434211540536791,-0.36896535652357,-0.12306600368072695
경상남도,고성군,8006,서양음식,7.8428332362046005,8.730558426099128,12.344834448618125,14.10578568455455,0.8877251898945273,1.7609512359364263
경상남도,고성군,8021,스넥,3.1950897416019286,3.878504061637474,3.575959600985099,4.039804523101115,0.6834143200355456,0.46384492211601547
경상남도,고성군,8301,제과점,1.6659805279169362,1.812366737739872,1.8545237443717506,2.309340650870242,0.14638620982293582,0.45481690649849127
경상남도,김해시,4004,대형할인점,13.469775283330417,10.915591077265942,8.744241241580252,6.7846794794863445,-2.554184206064475,-1.959561762093907
경상남도,김해시,4010,편의점,15.12195926252509,17.45488647820644,32.02702920637993,33.95957275361325,2.33292721568135,1.9325435472333226
경상남도,김해시,4020,슈퍼마켓,15.16369495911791,14.471953468131153,14.15512227114143,13.949800264028667,-0.6917414909867574,-0.2053220071127626
경상남도,김해시,8001,일반한식,36.72507717668833,37.195795418786496,19.69770886082754,19.283579360044804,0.47071824209816526,-0.41412950078273525
경상남도,김해시,8002,갈비전문점,0.21503330096383694,0.22561263325962447,0.04065401218142038,0.04126162269046354,0.01057933229578753,0.0006076105090431563
경상남도,김해시,8004,일식회집,2.0645257914582316,1.81099162482682,0.760599609721483,0.6621290311519537,-0.2535341666314115,-0.09847057856952934
경상남도,김해시,8005,중국음식,2.4053844888167224,2.405934430878216,1.8038285999967745,1.7098427829307181,0.0005499420614936135,-0.09398581706605635
경상남도,김해시,8006,서양음식,9.003196988709378,9.481690175895992,15.888999091500422,16.837370914556438,0.47849318718661316,0.9483718230560161
경상남도,김해시,8021,스넥,3.0022564756454173,3.475449645323188,3.3021809365609256,3.431172527302964,0.4731931696777707,0.12899159074203848
경상남도,김해시,8301,제과점,2.8290962727446667,2.562095047426133,3.579636170109826,3.340591264194398,-0.26700122531853365,-0.23904490591542826
경상남도,남해군,4010,편의점,11.87875874205165,12.51998536012174,31.04176053499016,32.574707456239324,0.6412266180700907,1.532946921249163
경상남도,남해군,4020,슈퍼마켓,19.193962428453506,19.224471712287865,18.019160995043755,16.724960510621838,0.030509283834359024,-1.2942004844219177
경상남도,남해군,8001,일반한식,45.78113803143964,46.14707940849755,24.076928549408333,24.95970471616002,0.36594137705790786,0.882776166751686
경상남도,남해군,8002,갈비전문점,0.10068666491296499,0.12296213536750589,0.042685384998458586,0.06930788820476452,0.022275470454540897,0.026622503206305936
경상남도,남해군,8004,일식회집,3.4931923115299837,3.03103268930711,1.0671346249614646,0.9727281518971019,-0.4621596222228739,-0.09440647306436267
경상남도,남해군,8005,중국음식,3.045998385385013,2.995396143547859,2.762692973511347,2.81341671770736,-0.05060224183715434,0.05072374419601289
경상남도,남해군,8006,서양음식,12.15088486343804,11.402089393151362,17.638549645474164,16.238193481834887,-0.7487954702866784,-1.4003561636392767
경상남도,남해군,8021,스넥,1.737071741516468,2.378980216901354,1.9931703384002468,2.65626511073144,0.641908475384886,0.6630947723311931
경상남도,남해군,8301,제과점,2.618306831272734,2.17800294081765,3.357916953212075,2.9907159666032688,-0.440303890455084,-0.3672009866088062
경상남도,밀양시,4004,대형할인점,15.930923702007227,14.066993878153635,10.79750677563602,9.721324373217874,-1.8639298238535922,-1.0761824024181461
경상남도,밀양시,4010,편의점,10.73265330915603,12.028160958290998,26.58251073355106,29.055730114106172,1.2955076491349686,2.4732193805551113
경상남도,밀양시,4020,슈퍼마켓,22.06216506859485,22.827070046663675,19.937931504479522,20.214882411012724,0.7649049780688237,0.27695090653320165
경상남도,밀양시,8001,일반한식,34.91700675374696,35.04704730771287,20.423890080049485,19.381010368276783,0.1300405539659124,-1.0428797117727022
경상남도,밀양시,8002,갈비전문점,0.2782939702223202,0.29225829402067893,0.08282789098172019,0.07366537877535066,0.013964323798358713,-0.00916251220636953
경상남도,밀양시,8003,한정식,0.13093540070282164,0.14973296845609962,0.02988094801239273,0.022049501130036932,0.018797567753277983,-0.007831446882355798
경상남도,밀양시,8004,일식회집,1.2310627365048799,0.7426197224359973,0.4534564917670124,0.2981693902811812,-0.4884430140688826,-0.1552871014858312
경상남도,밀양시,8005,중국음식,2.867530270374853,2.2067012478522385,2.323374764753063,1.769472465685464,-0.6608290225226146,-0.553902299067599
경상남도,밀양시,8006,서양음식,7.8415006726749965,8.570352407236474,13.778262396661722,14.372265736578619,0.7288517345614771,0.5940033399168971
경상남도,밀양시,8021,스넥,2.363361485194401,2.566850887818851,3.1406449042499096,3.0182760296866467,0.20348940262445003,-0.12236887456326295
경상남도,밀양시,8301,제과점,1.6445666308206635,1.502212281358478,2.4497135098580918,2.0731542312491547,-0.1423543494621855,-0.3765592786089371
경상남도,사천시,4004,대형할인점,16.35053307111065,13.324493595892342,10.287255954723845,7.997389863971757,-3.026039475218308,-2.2898660907520876
경상남도,사천시,4010,편의점,12.63666416520029,14.40171904681299,30.692096926433894,32.103669248916624,1.7650548816127003,1.41157232248273
경상남도,사천시,4020,슈퍼마켓,10.34151485353483,11.294488643131649,11.047718040529954,12.654474877440727,0.9529737895968182,1.6067568369107725
경상남도,사천시,8001,일반한식,43.86191905599834,44.453221488712096,26.03990324170848,25.595060819515787,0.5913024327137535,-0.44484242219269277
경상남도,사천시,8002,갈비전문점,0.020863523444777973,0.023353207069282227,0.004203559268274974,0.008700453427476702,0.0024896836245042533,0.004496894159201728
경상남도,사천시,8003,한정식,0.0792490425421799,0.01661369093519407,0.01566781181811581,0.004015593889604632,-0.06263535160698583,-0.01165221792851118
경상남도,사천시,8004,일식회집,2.0981588344891833,1.8720181559429994,0.6217446299530348,0.5608446132481135,-0.22614067854618392,-0.06090001670492129
경상남도,사천시,8005,중국음식,2.982513456163958,2.7853009585786204,2.3077540382829604,2.1329496210283265,-0.19721249758533776,-0.17480441725463391
경상남도,사천시,8006,서양음식,7.553404150709037,7.496692935106296,14.051734350339915,13.866180333628925,-0.05671121560274095,-0.1855540167109897
경상남도,사천시,8021,스넥,2.1123913155987992,2.3795193941331725,2.200372206066118,2.3016045643917216,0.26712807853437326,0.1012323583256034
경상남도,사천시,8301,제과점,1.9627885312079496,1.9525788836853555,2.7315492408754105,2.7751100105409336,-0.010209647522594123,0.043560769665523136
경상남도,산청군,4010,편의점,7.238000880669309,8.687148445307368,16.440759906175582,19.07433819726345,1.4491475646380598,2.6335782910878685
경상남도,산청군,4020,슈퍼마켓,23.87636031955715,25.11206921166091,19.599276620888467,21.113427268310268,1.2357088921037587,1.5141506474218005
경상남도,산청군,8001,일반한식,51.45153173554758,48.74939325586043,42.17801572096188,37.49040013792455,-2.70213847968715,-4.687615583037328
경상남도,산청군,8002,갈비전문점,0.7878845065106623,0.49324729463495415,0.20949345556769144,0.14419384668432517,-0.2946372118757082,-0.06529960888336628
경상남도,산청군,8003,한정식,0.15333081713530855,0.2305627730348628,0.05371627065838242,0.06582762566023541,0.07723195589955426,0.012111355001852987
경상남도,산청군,8004,일식회집,1.4019940869346417,1.396939154270051,0.43510179233289764,0.5125150854975472,-0.005054932664590561,0.07741329316464957
경상남도,산청군,8005,중국음식,3.2844247342265835,2.660394597835708,2.590914788089312,2.1488017804805417,-0.6240301363908753,-0.4421130076087705
경상남도,산청군,8006,서양음식,7.261590237151664,8.343802643976815,13.153324141882578,13.892763663150637,1.0822124068251515,0.7394395212680589
경상남도,산청군,8021,스넥,2.7906208718626155,2.5097792878965253,2.7914555318806067,2.658182217137125,-0.28084158396609027,-0.13327331474348147
경상남도,산청군,8301,제과점,1.754261810404479,1.816663335522371,2.5479417715626065,2.8995501778913217,0.06240152511789199,0.35160840632871526
경상남도,양산시,4004,대형할인점,16.045000414559325,16.50504046985945,9.744936396866192,9.797742178810234,0.46004005530012293,0.052805781944041286
경상남도,양산시,4010,편의점,12.894401376336953,14.942348712853928,29.587729333502814,32.207512433358474,2.047947336516975,2.6197830998556597
경상남도,양산시,4020,슈퍼마켓,19.25736879197413,15.991292405692079,16.293439405730016,13.947522064683296,-3.2660763862820517,-2.34591734104672
경상남도,양산시,8001,일반한식,33.7570993284139,33.918358998334455,18.578894445357317,17.751362661995902,0.16125966992055396,-0.8275317833614153
경상남도,양산시,8002,갈비전문점,0.014043197081502364,0.011863366741664962,0.006510679063826357,0.0046878129647860015,-0.002179830339837402,-0.0018228660990403552
경상남도,양산시,8004,일식회집,1.8898723157283808,1.8489904450223533,0.6255419106879514,0.6199632645929487,-0.040881870706027446,-0.005578646095002693
경상남도,양산시,8005,중국음식,2.0135146339441174,1.8392309265698508,1.537347011960014,1.3221763384771426,-0.17428370737426668,-0.21517067348287156
경상남도,양산시,8006,서양음식,8.487635768178427,9.295619904742425,16.096258839796988,17.448466019748476,0.8079841365639986,1.3522071799514883
경상남도,양산시,8021,스넥,3.194335046845204,3.4009291996610465,4.05759987433356,3.7154113982041417,0.2065941528158426,-0.3421884761294183
경상남도,양산시,8301,제과점,2.446729126938065,2.246325570522748,3.471742102701312,3.1851558271645977,-0.20040355641531704,-0.2865862755367141
경상남도,의령군,4010,편의점,9.889539952108231,10.37974173938424,23.724063594718405,24.954519341248563,0.4902017872760087,1.2304557465301578
경상남도,의령군,4020,슈퍼마켓,26.58324229483232,26.56179232464748,24.071678792778226,23.999425507468402,-0.02144997018483963,-0.07225328530982367
경상남도,의령군,8001,일반한식,45.10323214266009,47.13205914027195,28.119105362436002,28.181252393718882,2.0288269976118585,0.062147031282879794
경상남도,의령군,8004,일식회집,1.2414341046777237,0.4358022081987178,0.32066828348154136,0.10532363079279969,-0.8056318964790059,-0.21534465268874167
경상남도,의령군,8005,중국음식,2.220235927654738,1.7985647714806203,2.185394772298572,1.6971466870930678,-0.42167115617411777,-0.488248085205504
경상남도,의령군,8006,서양음식,7.355910881583738,7.699507835381503,13.61627593640528,14.335982382229032,0.343596953797765,0.7197064458237517
경상남도,의령군,8021,스넥,1.6210370664636233,1.0326398743923426,1.433575855564538,0.9215817694369972,-0.5883971920712807,-0.5119940861275407
경상남도,의령군,8301,제과점,5.985367630019532,4.959892106243143,6.5292374023174355,5.804768288012256,-1.0254755237763886,-0.7244691143051796
경상남도,진주시,4004,대형할인점,22.53276048217729,17.70608915764309,12.329411170305333,9.673414056266779,-4.826671324534203,-2.655997114038554
경상남도,진주시,4010,편의점,11.671556005998267,13.401271894873357,31.038465640841395,32.85587488511169,1.7297158888750896,1.8174092442702943
경상남도,진주시,4020,슈퍼마켓,7.860225335875662,8.69532336442757,9.928255853772182,10.463384882516849,0.835098028551907,0.5351290287446666
경상남도,진주시,8001,일반한식,36.311599472447604,37.91952999265614,19.50873785317712,19.482754021394083,1.6079305202085337,-0.025983831783037203
경상남도,진주시,8002,갈비전문점,0.10224031627695102,0.1235644306942296,0.027226847355627533,0.029707268216618125,0.021324114417278578,0.002480420860990592
경상남도,진주시,8003,한정식,0.010879336704019056,,0.0016841348879769612,,,
경상남도,진주시,8004,일식회집,3.7938982826553467,3.9909998593728027,1.2938366276883002,1.2732898920110487,0.19710157671745598,-0.020546735677251515
경상남도,진주시,8005,중국음식,2.1658787100287764,2.050532039563118,1.6762755918330687,1.5027027551369323,-0.11534667046565827,-0.17357283669613643
경상남도,진주시,8006,서양음식,9.895170274343789,10.24316004937577,16.4545592338309,17.216756354324044,0.3479897750319818,0.7621971204931448
경상남도,진주시,8021,스넥,2.9947441988004737,3.394178034031782,3.772321804494395,3.766639101555206,0.39943383523130827,-0.005682702939188822
경상남도,진주시,8301,제과점,2.661047584691819,2.4753511773621466,3.969225241813701,3.7354767834667535,-0.1856964073296723,-0.23374845834694735
경상남도,창녕군,4004,대형할인점,5.430749459441938,5.301794767991056,4.400028126428295,4.114603866794326,-0.12895469145088256,-0.28542425963396933
경상남도,창녕군,4010,편의점,13.479439726346056,14.843174676614037,30.862602397778012,33.53394105673068,1.3637349502679808,2.6713386589526706
경상남도,창녕군,4020,슈퍼마켓,27.926354445923216,29.14965396256241,24.324965720915515,24.274070915366604,1.2232995166391945,-0.05089480554891068
경상남도,창녕군,8001,일반한식,39.05593965579703,37.13569679794884,21.224905952255387,19.43454368447731,-1.9202428578481943,-1.7903622677780788
경상남도,창녕군,8002,갈비전문점,,0.03585680411774912,,0.009654917168856456,,
경상남도,창녕군,8004,일식회집,1.0067536389949243,0.510863069419544,0.3392750413106916,0.18022512048532052,-0.49589056957538036,-0.15904992082537106
경상남도,창녕군,8005,중국음식,3.5701619576782124,2.710465945675014,3.195865415040607,2.3461448720321187,-0.8596960120031985,-0.8497205430084884
경상남도,창녕군,8006,서양음식,5.651167491009766,6.417211265976519,10.98512815103892,11.8345147197258,0.7660437749667528,0.8493865686868798
경상남도,창녕군,8021,스넥,2.693828676462176,2.8835810537273727,2.9506381183419474,2.9093483735487453,0.18975237726519678,-0.04128974479320213
경상남도,창녕군,8301,제과점,1.1856049483466742,1.011701655967459,1.7165910768906234,1.3629524736702363,-0.1739032923792152,-0.3536386032203871
경상남도,창원시 마산합포구,4004,대형할인점,10.352446518652675,8.448987005517168,7.411774338819291,5.588469347308415,-1.9034595131355072,-1.8233049915108763
경상남도,창원시 마산합포구,4010,편의점,10.199494105092386,11.832017739701664,26.998189543018825,29.01196091899072,1.632523634609278,2.0137713759718956
경상남도,창원시 마산합포구,4020,슈퍼마켓,16.397426687636294,16.328850476413916,17.99284914981304,18.07693355078625,-0.06857621122237845,0.0840844009732109
경상남도,창원시 마산합포구,8001,일반한식,43.284973065335954,43.06675849333626,21.261679267083345,20.51556311328833,-0.2182145719996953,-0.7461161537950147
경상남도,창원시 마산합포구,8002,갈비전문점,0.4001401530484088,0.3646326050267533,0.10589808673817516,0.10242274420335681,-0.035507548021655455,-0.0034753425348183486
경상남도,창원시 마산합포구,8004,일식회집,4.213231023741222,4.0527347445377,1.3046207593001993,1.2664413467153615,-0.16049627920352183,-0.03817941258483781
경상남도,창원시 마산합포구,8005,중국음식,2.1853316075522655,2.190293113756594,1.9112603146010172,1.7868759701415764,0.0049615062043284475,-0.1243843444594408
경상남도,창원시 마산합포구,8006,서양음식,8.162235153136404,8.505445271052652,15.872340038392604,16.414719827651417,0.34321011791624834,0.5423797892588134
경상남도,창원시 마산합포구,8021,스넥,2.399560981775304,2.656035963763783,3.335243865826033,3.2516573724708238,0.2564749819884793,-0.08358649335520907
경상남도,창원시 마산합포구,8301,제과점,2.40516070402908,2.5542445868935086,3.8061446364074714,3.984955808443749,0.14908388286442875,0.17881117203627772
경상남도,창원시 마산회원구,4004,대형할인점,19.936707633854148,14.156446221987974,11.83025509108035,7.762568670178631,-5.780261411866174,-4.067686420901719
경상남도,창원시 마산회원구,4010,편의점,12.131876865816308,14.07084165480346,28.69109063233871,29.427719127509675,1.9389647889871515,0.7366284951709652
경상남도,창원시 마산회원구,4020,슈퍼마켓,16.27825378978793,19.676821228554722,19.16185146218802,22.045260611702318,3.3985674387667935,2.8834091495142964
경상남도,창원시 마산회원구,8001,일반한식,34.156069476214476,33.351591047863636,16.384731624647237,15.94417528790347,-0.8044784283508406,-0.44055633674376793
경상남도,창원시 마산회원구,8002,갈비전문점,0.2212809677044159,0.19764837191997955,0.043699472484939286,0.04626201507746772,-0.023632595784436355,0.002562542592528437
경상남도,창원시 마산회원구,8004,일식회집,2.20195401853216,1.540451602846481,0.6283176253926985,0.4569784416188884,-0.661502415685679,-0.17133918377381013
경상남도,창원시 마산회원구,8005,중국음식,1.8596130733144651,1.9009553435249273,1.4676045528240325,1.4203002799698168,0.04134227021046222,-0.04730427285421568
경상남도,창원시 마산회원구,8006,서양음식,7.431861357732718,8.125974785407264,14.501247638300569,14.950247177382389,0.6941134276745462,0.4489995390818198
경상남도,창원시 마산회원구,8021,스넥,2.9375218082425465,3.9750144899078763,3.3029823971914825,3.9036396076191284,1.0374926816653298,0.600657210427646
경상남도,창원시 마산회원구,8301,제과점,2.8448610088008373,3.0042552531836892,3.9882195035519588,4.042848781038216,0.159394244382852,0.0546292774862569
경상남도,창원시 성산구,4004,대형할인점,12.9241212243559,10.794285228335742,8.477339139050786,7.046093328416267,-2.1298359960201587,-1.4312458106345192
경상남도,창원시 성산구,4010,편의점,13.45756895203008,15.668788648208668,31.290022386105615,32.60150303878857,2.2112196961785884,1.311480652682956
경상남도,창원시 성산구,4020,슈퍼마켓,8.524249917989351,9.850448896286128,11.646798639377172,12.711345296805366,1.3261989782967767,1.0645466574281937
경상남도,창원시 성산구,8001,일반한식,41.12329354765449,38.433479523283076,18.49588973398521,16.924500115634395,-2.6898140243714153,-1.571389618350814
경상남도,창원시 성산구,8002,갈비전문점,0.12061873880239218,0.1101891560263871,0.030241526533251538,0.025418731938636682,-0.010429582776005086,-0.004822794594614856
경상남도,창원시 성산구,8004,일식회집,3.6617754674606977,3.196943374679577,1.0830400356014067,0.9791420552919925,-0.4648320927811209,-0.10389798030941422
경상남도,창원시 성산구,8005,중국음식,2.8256453607206846,2.5608956057973833,1.7726943602011676,1.579399159515044,-0.26474975492330133,-0.1932952006861235
경상남도,창원시 성산구,8006,서양음식,10.974286507355725,12.648609575644187,19.220948772575113,20.268730167659456,1.6743230682884622,1.0477813950843426
경상남도,창원시 성산구,8021,스넥,2.942668248000202,3.4414976978120104,3.360866235335626,3.3652734284660633,0.49882944981180843,0.00440719313043747
경상남도,창원시 성산구,8301,제과점,3.4457720356304726,3.2948622939268404,4.622159171234654,4.498594677484212,-0.15090974170363225,-0.12356449375044232
경상남도,창원시 의창구,4004,대형할인점,14.095069266825888,11.407472591839442,8.014732023991098,6.3365709823550995,-2.6875966749864464,-1.678161041635998
경상남도,창원시 의창구,4010,편의점,11.85242437671957,13.47897142036161,29.208715472780693,29.935977810239116,1.6265470436420397,0.7272623374584235
경상남도,창원시 의창구,4020,슈퍼마켓,14.537941340625798,15.653803434861413,15.969594038239855,17.509169780738166,1.1158620942356148,1.539575742498311
경상남도,창원시 의창구,8001,일반한식,40.59078348123465,40.09369059723266,20.463846363397106,19.436240155880114,-0.4970928840019937,-1.0276062075169925
경상남도,창원시 의창구,8002,갈비전문점,0.42978859211149245,0.3297544317227355,0.08311003923101666,0.07057467243744965,-0.10003416038875695,-0.01253536679356701
경상남도,창원시 의창구,8004,일식회집,1.7143898635536552,1.6432463197913445,0.5848484242182654,0.5798700834825706,-0.07114354376231069,-0.004978340735694808
경상남도,창원시 의창구,8005,중국음식,1.9569258506910043,1.998972193979046,1.6295723988481565,1.5002968323919272,0.04204634328804158,-0.12927556645622928
경상남도,창원시 의창구,8006,서양음식,8.278440690989338,8.472561447327704,15.86770728644183,16.297822654346685,0.194120756338366,0.4301153679048557
경상남도,창원시 의창구,8021,스넥,3.024174946569481,3.426572653728836,3.575732484174463,3.751173165366434,0.4023977071593552,0.17544068119197087
경상남도,창원시 의창구,8301,제과점,3.520061590679116,3.4949549091552097,4.602141468677519,4.582303862762438,-0.02510668152390627,-0.01983760591508066
경상남도,창원시 진해구,4004,대형할인점,11.951843420712962,8.992939490095733,7.8231292517006805,5.490765563418162,-2.958903930617229,-2.332363688282519
경상남도,창원시 진해구,4010,편의점,16.167374621576588,18.427653901575837,35.26692094668157,36.70730001427671,2.2602792799992493,1.4403790675951385
경상남도,창원시 진해구,4020,슈퍼마켓,14.209851916171882,14.369686049429445,14.663846204432362,14.968194659356222,0.15983413325756324,0.30434845492385953
경상남도,창원시 진해구,8001,일반한식,39.15364577221844,39.1477705220984,18.371731076963545,18.39417279435623,-0.005875250120041642,0.022441717392684524
경상남도,창원시 진해구,8002,갈비전문점,0.05970289361901856,0.05530578898030056,0.01972862184616059,0.02004507979816479,-0.004397104638718001,0.0003164579520042003
경상남도,창원시 진해구,8004,일식회집,2.1152284621341906,1.4712682649676012,0.6168847775415215,0.4698335969958338,-0.6439601971665894,-0.14705118054568767
경상남도,창원시 진해구,8005,중국음식,2.610124146347187,2.729034364281356,1.8519330395960747,1.8057876923210041,0.118910217934169,-0.04614534727507058
경상남도,창원시 진해구,8006,서양음식,8.45030625894722,8.820811761418042,15.351059865406958,15.555702969411787,0.3705055024708219,0.20464310400482866
경상남도,창원시 진해구,8021,스넥,3.0568632512731453,3.440876097408685,3.1388602702090505,3.2086548597781777,0.38401284613553965,0.06979458956912721
경상남도,창원시 진해구,8301,제과점,2.225059256999366,2.544653759744603,2.8959059456220726,3.379542770287712,0.31959450274523693,0.4836368246656395
경상남도,통영시,4004,대형할인점,17.227776824946677,14.688871406278029,10.801703646812037,8.767786471303332,-2.538905418668648,-2.033917175508705
경상남도,통영시,4010,편의점,11.588251350940041,13.266331422622054,30.843535886779737,32.471656786037514,1.6780800716820128,1.6281208992577767
경상남도,통영시,4020,슈퍼마켓,15.152752245930271,15.839753503003246,14.925427505456708,15.293821527454224,0.6870012570729749,0.36839402199751525
경상남도,통영시,8001,일반한식,39.769814793789905,39.59522154128625,21.44221049084578,20.62802242822486,-0.1745932525036551,-0.8141880626209215
경상남도,통영시,8002,갈비전문점,1.120972242016953,0.76080622714445,0.330893625288773,0.20564561476792573,-0.360166014872503,-0.12524801052084725
경상남도,통영시,8004,일식회집,1.4850074039002732,1.7603243480269335,0.5075726068649802,0.5068843082756294,0.2753169441266603,-0.000688298589350822
경상남도,통영시,8005,중국음식,2.0025557345804414,1.9140332344171902,1.8596828885495627,1.6834557031848294,-0.08852250016325125,-0.17622718536473325
경상남도,통영시,8006,서양음식,7.110039109019714,7.07389164871833,13.359906014067532,14.138939318477581,-0.03614746030138338,0.7790333044100493
경상남도,통영시,8021,스넥,2.8402955762601727,3.2052582274117696,3.4437222800695784,3.475625103759995,0.3649626511515969,0.031902823690416415
경상남도,통영시,8301,제과점,1.7025347186155553,1.8955084410917435,2.4853450552653067,2.8281627385141035,0.19297372247618827,0.3428176832487968
경상남도,하동군,4010,편의점,13.178701830886022,13.929988716037172,30.968181418651664,31.56757743564778,0.7512868851511509,0.599396016996117
경상남도,하동군,4020,슈퍼마켓,19.156444000805557,17.250516653354126,18.26052562186868,16.9795533377959,-1.9059273474514313,-1.2809722840727815
경상남도,하동군,8001,일반한식,47.17048867407427,47.51055494275608,25.4702469895403,25.84890160043814,0.34006626868180945,0.3786546108978399
경상남도,하동군,8004,일식회집,3.432364040733055,3.511341016570943,1.065746681902083,1.032982413436378,0.07897697583788821,-0.032764268465705015
경상남도,하동군,8005,중국음식,3.9848695789224826,4.038137258630964,3.6345257976619494,3.654232337369926,0.05326767970848101,0.019706539707976756
경상남도,하동군,8006,서양음식,7.157179507385712,7.652808946027158,14.278808121648941,13.632629465100713,0.49562943864144593,-0.6461786565482281
경상남도,하동군,8021,스넥,3.7843564755225163,3.5772697881404283,3.931176935923354,4.072597821456824,-0.20708668738208802,0.1414208855334702
경상남도,하동군,8301,제과점,2.135595891670388,2.529382678483131,2.3907884328030238,3.211525588754336,0.39378678681274293,0.8207371559513121
경상남도,함안군,4010,편의점,13.258687481476237,14.795461481122022,25.270722290047544,27.08457243295546,1.536773999645785,1.813850142907917
경상남도,함안군,4020,슈퍼마켓,31.04648448462626,28.60412528953569,21.097976158572294,20.046782483643884,-2.4423591950905674,-1.0511936749284096
경상남도,함안군,8001,일반한식,41.94173636847668,42.940832161849826,37.97060020446853,36.82278582144537,0.9990957933731437,-1.1478143830231602
경상남도,함안군,8004,일식회집,1.125982579137455,0.5768201351750222,0.3890857477493573,0.22636685634137899,-0.5491624439624327,-0.1627188914079783
경상남도,함안군,8005,중국음식,2.967474237214341,2.7027500262645767,2.4794290762191187,2.2135127697538373,-0.26472421094976406,-0.2659163064652814
경상남도,함안군,8006,서양음식,5.6435516317960905,6.441825212993211,8.72763005091862,9.800353309838524,0.7982735811971207,1.072723258919904
경상남도,함안군,8021,스넥,2.7702371304099227,2.8765965110636404,2.523598249114135,2.3879484061110174,0.10635938065371775,-0.13564984300311744
경상남도,함안군,8301,제과점,1.2458460868630121,1.0615891819960077,1.540958222910401,1.4176779199105185,-0.1842569048670044,-0.12328030299988257
경상남도,함양군,4010,편의점,17.40681920671333,17.88624317696385,35.64873507540351,36.603669132233314,0.47942397025051875,0.9549340568298064
경상남도,함양군,4020,슈퍼마켓,15.466737250749956,14.347757297682145,12.881984521939865,12.583616540312784,-1.1189799530678108,-0.2983679816270808
경상남도,함양군,8001,일반한식,48.41872046742349,49.570445376156954,31.860583927794284,31.212228390410434,1.1517249087334633,-0.6483555373838499
경상남도,함양군,8003,한정식,0.15391251495010097,0.14634918123566173,0.05108895154118337,0.024604407264451244,-0.007563333714439235,-0.026484544276732126
경상남도,함양군,8004,일식회집,1.2136540987785032,1.602721303694328,0.304641525856686,0.6566301188700426,0.3890672049158248,0.3519885930133566
경상남도,함양군,8005,중국음식,3.0253122365351057,2.362154892809113,2.312248103086151,1.9529748266158176,-0.6631573437259926,-0.35927327647033347
경상남도,함양군,8006,서양음식,8.542634746975668,8.276243968040504,11.767488504985902,11.527164803395408,-0.2663907789351647,-0.2403237015904942
경상남도,함양군,8021,스넥,3.6693919965492228,3.787675025709991,2.6660863970936064,2.9340755662858107,0.11828302916076838,0.2679891691922043
경상남도,함양군,8301,제과점,2.102817481324628,2.02040977770746,2.5071429922988138,2.5050362146119425,-0.08240770361716798,-0.002106777686871286
경상남도,합천군,4004,대형할인점,3.4260957140549735,2.0339420348020525,3.4461925131105153,2.082218356970832,-1.392153679252921,-1.3639741561396832
경상남도,합천군,4010,편의점,11.731004931069538,13.313791818364246,29.432804079363926,30.09098207118009,1.5827868872947075,0.6581779918161637
경상남도,합천군,4020,슈퍼마켓,16.43214791308396,20.154516526674886,19.13531018149303,20.91918651324592,3.722368613590927,1.7838763317528894
경상남도,합천군,8001,일반한식,49.37055229879051,46.2739729954419,23.58926025278523,22.596668450628847,-3.096579303348605,-0.9925918021563831
경상남도,합천군,8002,갈비전문점,0.05605647452280738,,0.031416902293433864,,,
경상남도,합천군,8004,일식회집,1.842262781351246,0.5969956712438723,0.5316706541965731,0.21574792614396576,-1.2452671101073736,-0.31592272805260735
경상남도,합천군,8005,중국음식,4.28024436822453,3.990482469971046,3.946446265013654,3.6576799571849077,-0.28976189825348353,-0.28876630782874635
경상남도,합천군,8006,서양음식,8.20704791403407,8.514892641114583,13.97085478141086,14.172464543751673,0.30784472708051247,0.20160976234081218
경상남도,합천군,8021,스넥,2.6527063875877666,2.859559097554683,3.10785664225815,2.9736419587904734,0.2068527099669164,-0.13421468346767673
경상남도,합천군,8301,제과점,2.0018812172805958,2.2618467448327264,2.808187728074627,3.2914102221032913,0.25996552755213065,0.48322249402866424
경상북도,경산시,4004,대형할인점,6.784509431951674,4.573939229628177,2.8149558025841257,1.7487800102129751,-2.210570202323497,-1.0661757923711506
경상북도,경산시,4010,편의점,13.519439142966347,16.452991585554923,29.22316489044575,33.15137472019904,2.933552442588576,3.9282098297532855
경상북도,경산시,4020,슈퍼마켓,30.849816835792858,28.01644796636952,28.69963530663715,25.101457844601523,-2.8333688694233388,-3.5981774620356255
경상북도,경산시,8001,일반한식,33.052253963027695,33.18230801348247,17.86603762123636,16.288927368853496,0.13005405045477403,-1.5771102523828624
경상북도,경산시,8004,일식회집,1.2712061782585584,1.3855947529299801,0.433987351597249,0.5391567768464943,0.11438857467142172,0.10516942524924533
경상북도,경산시,8005,중국음식,1.576979695285715,1.6947385988084656,1.102629346904156,1.160766049920715,0.11775890352275065,0.058136703016559155
경상북도,경산시,8006,서양음식,8.259777318777187,9.502931686220547,13.179919142014429,15.116738912586916,1.2431543674433598,1.9368197705724874
경상북도,경산시,8021,스넥,2.546049478902457,3.0335554147943604,3.4432138012027456,3.715065674037158,0.4875059358919036,0.2718518728344126
경상북도,경산시,8301,제과점,2.13996795503751,2.1574927522115606,3.2364567373780324,3.1777326427416845,0.017524797174050644,-0.05872409463634787
경상북도,경주시,4004,대형할인점,8.654456897654837,7.299086900546195,5.215821096778671,4.49411024272939,-1.3553699971086424,-0.7217108540492809
경상북도,경주시,4010,편의점,12.65778736103045,14.519678765011431,28.95118432663421,32.19733974599835,1.8618914039809802,3.2461554193641398
경상북도,경주시,4020,슈퍼마켓,17.147485911248246,16.833736215052614,16.872564669489087,16.471476478545128,-0.3137496961956323,-0.401088190943959
경상북도,경주시,8001,일반한식,39.6241185302188,39.77628914716927,22.072026294133394,20.85157248064928,0.15217061695047107,-1.220453813484113
경상북도,경주시,8004,일식회집,1.5304961475594454,1.6344212626402281,0.7014743354584122,0.7137925527917638,0.10392511508078273,0.012318217333351589
경상북도,경주시,8005,중국음식,2.307121760513512,1.9896113009065581,1.7466215211334635,1.5016767490794318,-0.317510459606954,-0.24494477205403165
경상북도,경주시,8006,서양음식,10.502597726692402,10.53129840898887,15.20563360731318,15.202524986849028,0.028700682296468827,-0.0031086204641521675
경상북도,경주시,8021,스넥,3.2775418956890996,3.3121337269978324,4.968817854628739,4.728714210565867,0.03459183130873278,-0.24010364406287188
경상북도,경주시,8301,제과점,4.298393769393203,4.103744272686998,4.265856294430839,3.8387925527917637,-0.19464949670620513,-0.42706374163907546
경상북도,고령군,4010,편의점,14.337310367169136,16.698620586624173,28.786497610563245,32.7099845237537,2.361310219455037,3.9234869131904517
경상북도,고령군,4020,슈퍼마켓,34.274863354080075,32.865021662267814,31.872047733488024,30.32523566102331,-1.409841691812261,-1.5468120724647143
경상북도,고령군,8001,일반한식,35.71817511355569,35.61264379263981,19.66382144139665,18.163485438259155,-0.10553132091587969,-1.5003360031374946
경상북도,고령군,8004,일식회집,0.6292949553014482,0.4463174144713909,0.18922129222949644,0.14069314824368054,-0.1829775408300573,-0.0485281439858159
경상북도,고령군,8005,중국음식,3.6675558128795243,3.075668542403267,3.2761525924698214,2.6755147024339916,-0.5918872704762572,-0.6006378900358298
경상북도,고령군,8006,서양음식,5.339012840925539,5.556247198844679,8.850584238004474,9.289265112789007,0.21723435791914003,0.43868087478453255
경상북도,고령군,8021,스넥,3.688233631783186,3.6340321697126634,4.097953095218364,3.7975425596773436,-0.05420146207052268,-0.3004105355410207
경상북도,고령군,8301,제과점,2.3455539243053978,2.1114486330362037,3.2637219966299273,2.8982788538198188,-0.2341052912691941,-0.3654431428101086
경상북도,구미시,4004,대형할인점,7.653600956065533,6.23421440536976,3.4376637802585424,2.780629309031664,-1.4193865506957737,-0.6570344712268783
경상북도,구미시,4010,편의점,15.232149121342664,17.743654873384802,34.12809427303477,37.06644766906636,2.5115057520421384,2.9383533960315944
경상북도,구미시,4020,슈퍼마켓,24.737555346287905,23.383128892822217,22.678277885796977,21.289348371757256,-1.3544264534656882,-1.3889295140397202
경상북도,구미시,8001,일반한식,35.42180720351289,35.00625916486362,17.76956553625122,16.277956964322378,-0.4155480386492698,-1.4916085719288432
경상북도,구미시,8004,일식회집,2.0940689086153377,2.130223194060929,0.6781956043838107,0.6664304494969898,0.036154285445591405,-0.011765154886820839
경상북도,구미시,8005,중국음식,2.01485414100686,1.9431665914800649,1.4916189225785563,1.3272314243895331,-0.07168754952679524,-0.1643874981890232
경상북도,구미시,8006,서양음식,8.192691294287894,8.68352570567654,13.645925191885622,14.71139008285262,0.49083441138864714,1.0654648909669984
경상북도,구미시,8021,스넥,2.3435131017658217,2.5550993277264245,2.7752089679585445,2.6022246359054515,0.21158622596060273,-0.17298433205309305
경상북도,구미시,8301,제과점,2.309759927115096,2.3207278446156336,3.395449837851954,3.278341093177739,0.010967917500537716,-0.11710874467421517
경상북도,김천시,4004,대형할인점,15.026529224901985,11.667687783359883,5.476082789515625,4.390220595261723,-3.3588414415421024,-1.0858621942539024
경상북도,김천시,4010,편의점,15.035935235342656,17.40227913245926,34.781934483427015,37.718775957248184,2.3663438971166038,2.9368414738211683
경상북도,김천시,4020,슈퍼마켓,15.785850795021656,17.729036474288282,16.644052464947986,17.240390764548923,1.9431856792666267,0.5963382996009372
경상북도,김천시,8001,일반한식,33.07196025533043,32.51480619205162,17.38450604122246,15.887857337126308,-0.5571540632788086,-1.4966487040961507
경상북도,김천시,8002,갈비전문점,0.3407541055097844,0.24404688967855245,0.08701083327949,0.05733565616248043,-0.09670721583123196,-0.029675177117009566
경상북도,김천시,8004,일식회집,3.1052660832089884,2.605481354409182,0.810234541577825,0.6527443932343926,-0.4997847287998063,-0.15749014834343245
경상북도,김천시,8005,중국음식,2.9787124881890437,2.654699179022179,2.4716245611768,1.9721995574863462,-0.3240133091668649,-0.49942500369045373
경상북도,김천시,8006,서양음식,7.755255608333725,7.967365110484827,12.939630850078613,13.11810410096956,0.21210950215110191,0.17847325089094745
경상북도,김천시,8021,스넥,5.106822350390991,5.503818976432627,6.845857293618487,6.548025962761226,0.396996626041636,-0.2978313308572611
경상북도,김천시,8301,제과점,1.7929138537707414,1.710778907813585,2.5590661411556934,2.4143456752008583,-0.08213494595715631,-0.14472046595483512
경상북도,문경시,4004,대형할인점,8.158694140467738,5.267416289780507,4.766591262963072,3.598891628881288,-2.8912778506872305,-1.1676996340817838
경상북도,문경시,4010,편의점,13.071405043370055,15.289821999087176,26.933076764887335,30.83883541484369,2.218416955717121,3.905758649956354
경상북도,문경시,4020,슈퍼마켓,13.70749917651795,13.106994177281717,12.916066864478982,12.677989022353033,-0.6005049992362341,-0.23807784212594818
경상북도,문경시,8001,일반한식,50.160304505361786,50.921123604829674,37.74200182144011,34.769840638506615,0.7608190994678878,-2.9721611829334975
경상북도,문경시,8002,갈비전문점,0.2009296197342898,0.1746123950596794,0.0558183260377802,0.05236920955638639,-0.026317224674610395,-0.003449116481393809
경상북도,문경시,8004,일식회집,1.164220619990484,1.0411047950984054,0.29010840506477864,0.2797443852252539,-0.12311582489207873,-0.01036401983952473
경상북도,문경시,8005,중국음식,2.5410826043992243,2.248869341521099,1.9404212814712534,1.630074510115875,-0.2922132628781253,-0.31034677135537847
경상북도,문경시,8006,서양음식,6.564798887384255,7.097561650277305,9.980463585886778,10.787394267228807,0.53276276289305,0.8069306813420294
경상북도,문경시,8021,스넥,2.1051861069428686,2.397894969779954,1.952906959663915,1.9847267520483654,0.2927088628370855,0.03181979238445032
경상북도,문경시,8301,제과점,2.325879295831351,2.4546007772844836,3.4225447281059957,3.380134171240686,0.12872148145313256,-0.0424105568653097
경상북도,봉화군,4010,편의점,11.631758248690934,12.198053432621334,24.019756838905774,24.734930151510675,0.5662951839304,0.7151733126049002
경상북도,봉화군,4020,슈퍼마켓,29.854583307046873,30.48402900254752,29.42629179331307,31.158628429664198,0.629445695500646,1.7323366363511283
경상북도,봉화군,8001,일반한식,40.08422181565832,40.135867790188776,21.227203647416413,20.880711184618566,0.051645974530458716,-0.3464924627978476
경상북도,봉화군,8005,중국음식,3.2490063718377393,3.063557384545039,2.8799392097264436,2.601966980714138,-0.18544898729270054,-0.27797222901230567
경상북도,봉화군,8006,서양음식,10.048261939309823,9.394473838918284,16.006838905775076,14.675566319147052,-0.6537881003915391,-1.3312725866280246
경상북도,봉화군,8021,스넥,2.5345404075452653,2.5645045398131816,3.0509118541033433,3.039073806078148,0.029964132267916277,-0.011838048025195391
경상북도,봉화군,8301,제과점,2.5976279099110466,2.1595140113658635,3.389057750759879,2.909123128267226,-0.4381138985451831,-0.47993462249265306
경상북도,상주시,4004,대형할인점,3.992771496251435,2.7123863487639825,1.7321189270220547,1.2241429313333378,-1.2803851474874524,-0.5079759956887169
경상북도,상주시,4010,편의점,11.625342593131794,13.009631003980198,26.394258068912258,28.65270087072646,1.384288410848404,2.2584428018142013
경상북도,상주시,4020,슈퍼마켓,18.42892754026115,18.06394493929619,17.94262611579258,18.1287811852941,-0.3649826009649608,0.18615506950151683
경상북도,상주시,8001,일반한식,48.02371430127907,48.61355115364184,28.115474595134803,26.657651399165022,0.5898368523627724,-1.4578231959697803
경상북도,상주시,8004,일식회집,1.979009537191666,1.8721563132732326,0.946691802757399,0.8245260239972482,-0.10685322391843344,-0.12216577876015078
경상북도,상주시,8005,중국음식,3.9893901795291327,3.6864188216455083,3.4710518545438025,3.1213958601711775,-0.3029713578836244,-0.34965599437262496
경상북도,상주시,8006,서양음식,7.452046354095245,7.403016328824494,15.125264042519362,15.276494432341654,-0.049030025270750954,0.15123038982229176
경상북도,상주시,8021,스넥,2.3487001654966684,2.5068325467885106,2.890044745269948,2.7386404257184673,0.15813238129184226,-0.1514043195514807
경상북도,상주시,8301,제과점,2.160097832763832,2.132062543786039,3.382469848047789,3.3756668712525375,-0.028035288977792838,-0.006802976795251325
경상북도,성주군,4004,대형할인점,6.961921416080797,6.40691100304432,4.845530687903336,4.5154444706437165,-0.5550104130364764,-0.33008621725961973
경상북도,성주군,4010,편의점,17.850183790728384,19.645751789032538,30.80735960455856,33.58877623202075,1.7955679983041541,2.781416627462189
경상북도,성주군,4020,슈퍼마켓,12.629813354270011,12.062626023010319,12.353425786077166,11.984201839188872,-0.5671873312596922,-0.36922394688829385
경상북도,성주군,8001,일반한식,42.48456514756789,41.595171259505264,25.80667307428258,24.626267389766564,-0.889393888062628,-1.180405684516014
경상북도,성주군,8004,일식회집,0.4104064808536455,0.6029336179970743,0.11396402581353839,0.1980664937514737,0.19252713714342884,0.08410246793793531
경상북도,성주군,8005,중국음식,3.9798722386781344,3.5339158396921415,3.0674172731017437,2.5170950247583117,-0.44595639898599293,-0.550322248343432
경상북도,성주군,8006,서양음식,8.22383212590557,8.561657375558456,11.422490731841274,11.474887998113653,0.3378252496528855,0.052397266272379284
경상북도,성주군,8021,스넥,6.003354626886978,6.010885752316188,9.745983797885486,9.203018156095261,0.007531125429210306,-0.5429656417902251
경상북도,성주군,8301,제과점,1.4560508190285857,1.5801473398436985,1.8371550185363172,1.8922423956614007,0.1240965208151128,0.05508737712508349
경상북도,안동시,4004,대형할인점,11.15068207239477,8.107753015492893,5.388696551414055,3.9499622484084105,-3.042929056901878,-1.4387343030056448
경상북도,안동시,4010,편의점,12.801736745483595,14.931822016121446,31.203311772980403,33.956161147883414,2.130085270637851,2.752849374903011
경상북도,안동시,4020,슈퍼마켓,16.688248600358932,16.856452236593206,16.849833319416522,16.732915568638855,0.16820363623427426,-0.11691775077766664
경상북도,안동시,8001,일반한식,41.02943618974268,41.35066013129469,23.26880214789931,21.514587978835607,0.32122394155200595,-1.7542141690637045
경상북도,안동시,8004,일식회집,2.1851891591570847,2.0673613112149907,0.7434789031839524,0.7288848150465799,-0.117827847942094,-0.014594088137372507
경상북도,안동시,8005,중국음식,2.723586138372286,2.517053827238646,2.859904809007817,2.6508374390025353,-0.20653231113364034,-0.20906737000528164
경상북도,안동시,8006,서양음식,8.237782445289431,8.586111189908493,12.97892566495597,13.699861626461956,0.34832874461906194,0.7209359615059867
경상북도,안동시,8021,스넥,2.2494205214057996,2.616637130089834,2.4783700630110412,2.5527126795404,0.3672166086840343,0.07434261652935881
경상북도,안동시,8301,제과점,2.933918127795424,2.9661491420458024,4.22867676813093,4.2140764961822414,0.032231014250378553,-0.014600271948688182
경상북도,영덕군,4010,편의점,8.819062321041756,12.184873949579831,24.775362875355196,27.778988041322215,3.3658116285380757,3.0036251659670192
경상북도,영덕군,4020,슈퍼마켓,17.897780828836776,21.316118832751467,26.340965692781985,25.960535216758203,3.418338003914691,-0.38043047602378266
경상북도,영덕군,8001,일반한식,56.97425846817078,48.74090733717899,26.029381109636084,23.809578407879197,-8.233351130991792,-2.219802701756887
경상북도,영덕군,8004,일식회집,3.608865302463888,3.310999651820415,0.836012156187258,0.8175011752295998,-0.29786565064347315,-0.01851098095765824
경상북도,영덕군,8005,중국음식,2.5624153005075745,3.241834247696839,2.7998727330575885,2.930621323824484,0.6794189471892644,0.1307485907668955
경상북도,영덕군,8006,서양음식,6.981194489597746,7.596902142715988,14.358124787431292,14.086703280323789,0.6157076531182426,-0.2714215071075028
경상북도,영덕군,8021,스넥,1.964850377568551,2.2514044811653666,2.5222991431423964,2.345872937615373,0.28655410359681555,-0.1764262055270236
경상북도,영덕군,8301,제과점,1.1915729118129337,1.3569593570911007,2.337981502408198,2.2701996170471355,0.16538644527816704,-0.06778188536106233
경상북도,영양군,4010,편의점,12.44555648225373,12.28393218539531,23.98351479362736,25.780430457587265,-0.16162429685842028,1.7969156639599042
경상북도,영양군,4020,슈퍼마켓,24.68415037222377,31.798878603895027,23.55908224149597,30.200759631036355,7.114728231671258,6.641677389540384
경상북도,영양군,8001,일반한식,41.92382541006394,34.24073521117415,26.714645998646734,17.10255018990776,-7.6830901988897935,-9.612095808738975
경상북도,영양군,8004,일식회집,0.2903654279801069,1.0782654855512426,0.14147751737712985,0.5353590160969434,0.7879000575711357,0.3938814987198135
경상북도,영양군,8005,중국음식,4.222654681370278,4.233436183271955,3.020237436181337,3.8198589256646773,0.01078150190167726,0.7996214894833402
경상북도,영양군,8006,서양음식,6.786519630556327,7.091669154971633,10.733837731438765,10.486525592331345,0.30514952441530596,-0.24731213910741978
경상북도,영양군,8021,스넥,4.970191208723318,4.644835937759199,5.148551393245986,5.237836860191717,-0.32535527096411965,0.08928546694573036
경상북도,영양군,8301,제과점,4.67673678682853,4.628247237981487,6.698652887986714,6.83667932718394,-0.04848954884704337,0.13802643919722524
경상북도,영주시,4004,대형할인점,5.875556726210431,2.299422745333233,3.5549164763189034,1.576377787516125,-3.5761339808771977,-1.9785386888027785
경상북도,영주시,4010,편의점,12.550284948038886,14.851787990104206,28.353331315188374,31.856533573637336,2.3015030420653204,3.5032022584489617
경상북도,영주시,4020,슈퍼마켓,21.168466548536948,22.39838068820751,23.918457770316756,23.870334594517857,1.2299141396705622,-0.048123175798899354
경상북도,영주시,8001,일반한식,44.02746515971457,44.02758827498313,22.489473539367584,20.97187332193535,0.00012311526855768307,-1.517600217432232
경상북도,영주시,8004,일식회집,1.4298285522724008,1.4438863483019715,0.5896193962077222,0.5320429337662097,0.01405779602957069,-0.05757646244151249
경상북도,영주시,8005,중국음식,3.135326373257986,2.8661818727041006,2.842832374714478,2.5559046272921977,-0.2691445005538853,-0.28692774742228044
경상북도,영주시,8006,서양음식,6.84593649729419,7.0652972486693155,11.858436304593114,12.399933340328484,0.21936075137512567,0.5414970357353699
경상북도,영주시,8021,스넥,2.456479574733011,2.6907564285178798,2.5112144645953163,2.5861483671466576,0.23427685378486895,0.07493390255134136
경상북도,영주시,8301,제과점,2.5106556199415735,2.356698403178649,3.881718358697746,3.6508514538597803,-0.15395721676292462,-0.23086690483796568
경상북도,영천시,4004,대형할인점,10.368543219347032,8.953181055782622,5.238313649046363,4.5779301144063,-1.41536216356441,-0.6603835346400633
경상북도,영천시,4010,편의점,11.866170249817591,13.28870387747262,26.466288269693845,28.54829439379764,1.4225336276550298,2.0820061241037955
경상북도,영천시,4020,슈퍼마켓,27.93116294243813,27.495397456163,27.33535909490502,26.712423592785733,-0.43576548627513034,-0.6229355021192866
경상북도,영천시,8001,일반한식,35.65626439708057,35.710072276207214,19.99627336314643,19.069394741589438,0.05380787912664431,-0.9268786215569911
경상북도,영천시,8002,갈비전문점,,0.013644941820067301,,0.0058734440617382875,,
경상북도,영천시,8004,일식회집,0.6756295037374546,0.8566924241183793,0.29335320872988574,0.3708660393269033,0.18106292038092475,0.07751283059701758
경상북도,영천시,8005,중국음식,2.7928958604742413,2.6874237720077168,2.6435232962580746,2.4630707204618205,-0.10547208846652456,-0.18045257579625407
경상북도,영천시,8006,서양음식,6.349153864975499,6.456156702710306,11.81534992164507,11.88827031267699,0.10700283773480734,0.0729203910319196
경상북도,영천시,8021,스넥,2.785841979847945,2.8967161873093645,3.934946298207392,3.863048065749011,0.11087420746141952,-0.071898232458381
경상북도,영천시,8301,제과점,1.5743379822815335,1.6420113064087143,2.276592898367924,2.500828575144424,0.06767332412718075,0.22423567677649991
경상북도,예천군,4004,대형할인점,2.6665238809166847,1.937715356295937,3.771551724137931,2.8205234559707995,-0.7288085246207476,-0.9510282681671316
경상북도,예천군,4010,편의점,12.989219675876349,14.593132181272683,28.549601132269686,31.476488724819223,1.603912505396334,2.9268875925495372
경상북도,예천군,4020,슈퍼마켓,18.2016134789748,17.452539730370642,17.56787184765826,16.776584124877296,-0.7490737486041574,-0.7912877227809645
경상북도,예천군,8001,일반한식,46.1183693867352,46.731169835051816,23.332153885743693,22.46325715154783,0.6128004483166123,-0.8688967341958644
경상북도,예천군,8004,일식회집,2.0418362247447703,2.1034496311921074,0.7060602161605765,0.6968352067692563,0.06161340644733704,-0.009225009391320205
경상북도,예천군,8005,중국음식,3.153423288355822,2.844340796834672,2.510615028306742,2.2495057170904365,-0.3090824915211501,-0.26110931121630543
경상북도,예천군,8006,서양음식,8.113086313985864,7.782305082081047,15.115156973751931,15.884800973357112,-0.3307812319048171,0.7696439996051812
경상북도,예천군,8021,스넥,3.7795388020275578,3.9586253881326394,4.217061245496654,3.672210930911001,0.17908658610508166,-0.5448503145856534
경상북도,예천군,8301,제과점,2.9363889483829517,2.596721998768457,4.229927946474524,3.9597937146570437,-0.33966694961449484,-0.27013423181748
경상북도,울릉군,4010,편의점,32.262669521770164,23.253227809710868,61.8993034123975,52.60533813165392,-9.009441712059296,-9.293965280743578
경상북도,울릉군,4020,슈퍼마켓,10.7882125012746,4.725455648305942,11.921347323869147,6.230319388214125,-6.062756852968659,-5.691027935655023
경상북도,울릉군,8001,일반한식,44.10795010366745,50.58490511539239,12.83837404108985,20.205428100164944,6.4769550117249395,7.367054059075095
경상북도,울릉군,8004,일식회집,,2.1749805031628204,,0.8659469185784976,,
경상북도,울릉군,8005,중국음식,3.3819380714455662,3.533982265099217,2.2661140992857773,2.1217573849152798,0.15204419365365096,-0.14435671437049757
경상북도,울릉군,8006,서양음식,6.31861595459026,10.86912567516825,8.676483555242044,13.637726795621532,4.550509720577991,4.961243240379488
경상북도,울릉군,8021,스넥,3.140613847251963,3.8228242973917568,2.3983775681156865,3.3513270355375617,0.6822104501397939,0.9529494674218753
경상북도,울릉군,8301,제과점,,1.0354986857687531,,0.98215624531414,,
경상북도,울진군,4010,편의점,14.536213005893552,17.279014912245632,34.19903212404981,37.234161130679034,2.7428019063520797,3.0351290066292265
경상북도,울진군,4020,슈퍼마켓,17.38142301491151,17.891696317914686,17.380222544098988,17.01703152169067,0.5102733030031779,-0.36319102240831924
경상북도,울진군,8001,일반한식,50.273726783323156,47.435333626514215,24.4562715442225,22.703865531231887,-2.838393156808941,-1.7524060129906118
경상북도,울진군,8004,일식회집,3.4181688999007114,2.5491744292967655,0.6501162124835788,0.5974408132328681,-0.8689944706039459,-0.05267539925071063
경상북도,울진군,8005,중국음식,2.6234047786046766,2.4842082117299005,2.410707268052234,2.1590351776717642,-0.1391965668747761,-0.2516720903804699
경상북도,울진군,8006,서양음식,6.54257111886392,6.9868668292487905,13.934269770157531,13.996388604039414,0.44429571038487037,0.06211883388188255
경상북도,울진군,8021,스넥,3.5019721081061386,3.7810338623915563,3.9579613972445853,3.613625217352535,0.2790617542854177,-0.34433617989205034
경상북도,울진군,8301,제과점,1.7225202903963344,1.5926718106584576,3.0114191396907737,2.6784520041018323,-0.12984847973787672,-0.3329671355889414
경상북도,의성군,4010,편의점,12.446533309428066,14.157669144376323,24.84539832666424,28.55883562851378,1.7111358349482568,3.713437301849538
경상북도,의성군,4020,슈퍼마켓,15.73649565863279,18.530736259562694,14.118770461986177,17.52042155576015,2.7942406009299035,3.4016510937739746
경상북도,의성군,8001,일반한식,53.022308736521275,48.53995985025229,38.523099308839576,29.59313600658191,-4.482348886268987,-8.929963302257665
경상북도,의성군,8004,일식회집,0.16904438695796942,0.6803754543974825,0.0682066205893052,0.21743814766205016,0.5113310674395131,0.14923152707274495
경상북도,의성군,8005,중국음식,4.838255257024306,3.968314253160436,3.248908694070571,2.983408098101824,-0.86994100386387,-0.2655005959687471
경상북도,의성군,8006,서양음식,5.5067489690853675,6.3306385980142155,8.359858130229174,10.505592665870047,0.823889628928848,2.145734535640873
경상북도,의성군,8021,스넥,6.570960223343493,6.064782160490478,8.850945798472171,8.292033144625751,-0.5061780628530155,-0.55891265384642
경상북도,의성군,8301,제과점,1.7096534590067363,1.72752427974608,1.9848126591487814,2.3291347528844835,0.01787082073934365,0.3443220937357021
경상북도,청도군,4004,대형할인점,10.72413619028825,10.177384824978454,6.045468089954602,5.381247871341823,-0.5467513653097971,-0.6642202186127788
경상북도,청도군,4010,편의점,6.217502443770337,7.650068117997052,13.218874340502357,15.159369003414161,1.4325656742267157,1.9404946629118047
경상북도,청도군,4020,슈퍼마켓,12.918710790680171,14.713023975681411,10.156701898301518,11.438682184065591,1.79431318500124,1.2819802857640727
경상북도,청도군,8001,일반한식,54.0318768615105,50.077849139488976,53.91579463988361,49.740407539395754,-3.9540277220215216,-4.175387100487853
경상북도,청도군,8004,일식회집,0.18127498267561873,0.4198292879584063,0.035056353087588296,0.198536313870129,0.23855430528278757,0.16347996078254068
경상북도,청도군,8005,중국음식,2.895351558735389,2.5375112371525748,1.9876952200662565,1.766059427982821,-0.3578403215828141,-0.22163579208343553
경상북도,청도군,8006,서양음식,10.007296891707702,10.74040092306837,10.913919124993427,11.901379785846604,0.7331040313606678,0.9874606608531771
경상북도,청도군,8021,스넥,1.3781487923414761,1.8322351044012568,1.1305673870747226,1.574168681104161,0.4540863120597807,0.4436012940294385
경상북도,청도군,8301,제과점,1.6457014882905538,1.8516973892735007,2.5959229461359135,2.8401491929789584,0.20599590098294684,0.24422624684304495
경상북도,청송군,4010,편의점,9.452419728852314,11.239609310058189,23.23463049110003,27.101615159608293,1.7871895812058742,3.8669846685082625
경상북도,청송군,4020,슈퍼마켓,21.3941348404284,24.38175394846218,20.03398423354411,21.59989825766247,2.9876191080337797,1.56591402411836
경상북도,청송군,8001,일반한식,57.207416115706934,52.59039900249377,40.282459121424,35.08838865572936,-4.617017113213166,-5.194070465694637
경상북도,청송군,8005,중국음식,3.0447490751426383,2.830423940149626,3.100364912671662,2.7750222561363347,-0.21432513499301242,-0.32534265653532746
경상북도,청송군,8006,서양음식,4.653946956868752,4.859725685785536,7.6715228836457845,8.325066768409004,0.20577872891678428,0.6535438847632191
경상북도,청송군,8021,스넥,3.1871177885393185,2.983167082294264,3.9499707512744084,3.3829327228793082,-0.2039507062450543,-0.5670380283951002
경상북도,청송군,8301,제과점,1.0602154944616413,1.114921030756442,1.7270676063400097,1.7270761795752259,0.054705536294800794,8.573235216191577e-06
경상북도,칠곡군,4004,대형할인점,0.3293378887875814,0.33438555949768983,0.3542587903296925,0.37065330529969603,0.005047670710108421,0.01639451497000355
경상북도,칠곡군,4010,편의점,16.072906595310123,18.301698526648813,29.882459654559884,32.818280639480804,2.228791931338691,2.9358209849209196
경상북도,칠곡군,4020,슈퍼마켓,23.36747991285302,21.985146863657665,19.47264320899001,18.340876412740688,-1.3823330491953563,-1.1317667962493232
경상북도,칠곡군,8001,일반한식,44.33334444655435,44.29750181899552,32.98033435378006,31.72663049373513,-0.03584262755882861,-1.2537038600449293
경상북도,칠곡군,8002,갈비전문점,0.0037688314738015477,0.01956211816926721,0.0070549403479597365,0.01592470614301309,0.015793286695465664,0.008869765795053355
경상북도,칠곡군,8004,일식회집,0.37818774289031687,0.2749955316744469,0.14462627713317458,0.10824184320395856,-0.10319221121586997,-0.03638443392921602
경상북도,칠곡군,8005,중국음식,2.554687919010711,2.199823518732487,1.912140796452373,1.6298590548109924,-0.35486440027822397,-0.28228174164138053
경상북도,칠곡군,8006,서양음식,8.216632433114112,8.534572173660946,10.339267042090277,10.807105650039581,0.3179397405468336,0.46783860794930376
경상북도,칠곡군,8021,스넥,2.6175984136118595,2.4406205272764887,2.4132935233127983,2.088675226003891,-0.17697788633537082,-0.32461829730890734
경상북도,칠곡군,8301,제과점,2.126055816394127,1.6116933616866769,2.493921413003767,2.093752668542243,-0.5143624547074501,-0.40016874446152384
경상북도,포항시 남구,4004,대형할인점,7.840865832687941,5.8359476090098354,4.422509904277393,3.1684042517064555,-2.0049182236781053,-1.2541056525709378
경상북도,포항시 남구,4010,편의점,11.668373128907907,13.363783052674924,28.198693949247016,29.618081175115847,1.6954099237670164,1.4193872258688316
경상북도,포항시 남구,4020,슈퍼마켓,17.67014303654017,21.16916054982093,19.538088412320956,22.58582702770566,3.4990175132807586,3.047738615384702
경상북도,포항시 남구,8001,일반한식,42.70591311044311,40.02662485956425,20.671088032366004,18.866767309732637,-2.6792882508788622,-1.804320722633367
경상북도,포항시 남구,8004,일식회집,2.46326730637123,2.531545770733217,0.9313039083278787,0.9498317984751238,0.06827846436198737,0.018527890147245096
경상북도,포항시 남구,8005,중국음식,2.978815802715463,2.6099607232713953,2.132127262418668,1.809208326001208,-0.3688550794440677,-0.32291893641745983
경상북도,포항시 남구,8006,서양음식,9.706816660322128,9.053784027534729,17.1685188977282,16.292239472869078,-0.653032632787399,-0.8762794248591241
경상북도,포항시 남구,8021,스넥,2.3817181011888353,2.8775943656299594,2.7824302202673414,2.7703598967225145,0.4958762644411241,-0.012070323544826955
경상북도,포항시 남구,8301,제과점,2.584087020823215,2.5315990417607566,4.15523941304654,3.9392807416714777,-0.05248797906245839,-0.2159586713750623
경상북도,포항시 북구,4004,대형할인점,9.895342423015082,8.036045908704782,6.490766378141967,5.177723268013486,-1.8592965143102997,-1.313043110128481
경상북도,포항시 북구,4010,편의점,9.72468770468464,11.036531325961366,24.011678182710135,25.49881027845915,1.3118436212767257,1.4871320957490148
경상북도,포항시 북구,4020,슈퍼마켓,16.57037580687449,17.924813647579718,19.961315240257093,21.115214655164493,1.354437840705227,1.1538994149074
경상북도,포항시 북구,8001,일반한식,42.136397851028576,42.081906807241545,21.03476015864701,20.468079633253407,-0.0544910437870314,-0.566680525393604
경상북도,포항시 북구,8003,한정식,0.18583133562689766,0.276448805027746,0.046770934670358456,0.07735486775257466,0.09061746940084833,0.030583933082216207
경상북도,포항시 북구,8004,일식회집,3.2660268367700778,2.7537776127032223,1.047772872026408,0.9406609155802994,-0.5122492240668555,-0.10711195644610849
경상북도,포항시 북구,8005,중국음식,2.5510343123112906,2.315431120394512,1.973109830626855,1.7282657626620364,-0.2356031919167787,-0.24484406796481872
경상북도,포항시 북구,8006,서양음식,9.91075397246783,9.678098488219437,17.204220609144652,17.008148903526905,-0.23265548424839366,-0.19607170561774723
경상북도,포항시 북구,8021,스넥,2.8062646069068173,3.0482456946799004,3.594917974174129,3.4183134433940596,0.24198108777308303,-0.17660453078006944
경상북도,포항시 북구,8301,제과점,2.9532851503142923,2.8487005894877746,4.634687819601386,4.567428272193589,-0.10458456082651768,-0.06725954740779727
광주광역시,광산구,4004,대형할인점,5.949606030391469,4.564097947541888,2.6028377481095646,1.940219976768463,-1.3855080828495812,-0.6626177713411017
광주광역시,광산구,4010,편의점,11.87972695712814,14.152220360596898,26.72814476254327,28.60622544677003,2.272493403468758,1.8780806842267594
광주광역시,광산구,4020,슈퍼마켓,25.0065997931734,25.20677749633918,25.60303758952573,25.208963361299713,0.2001777031657781,-0.39407422822601745
광주광역시,광산구,8001,일반한식,38.85230423756344,37.29287439339763,17.72380626986327,16.304269257212788,-1.5594298441658054,-1.4195370126504834
광주광역시,광산구,8004,일식회집,1.4365053582380967,1.4402697838348604,0.5144304841964119,0.4711866743096519,0.0037644255967637097,-0.04324380988676002
광주광역시,광산구,8005,중국음식,2.628007868144403,2.3679917308430873,1.6384417526736847,1.5014767659414234,-0.26001613730131545,-0.13696498673226132
광주광역시,광산구,8006,서양음식,8.077882190879913,8.477666864630768,17.06568336094583,18.219049972459477,0.3997846737508546,1.153366611513647
광주광역시,광산구,8021,스넥,3.580726883686833,3.9224092986565857,4.420169800738768,4.167948435625501,0.3416824149697528,-0.2522213651132672
광주광역시,광산구,8301,제과점,2.5886406807943043,2.5756921241591115,3.703448231403467,3.580660109612959,-0.012948556635192787,-0.1227881217905078
광주광역시,남구,4004,대형할인점,4.264716804793058,3.188093564475442,1.377365269122294,1.0883069435131736,-1.0766232403176161,-0.28905832560912037
광주광역시,남구,4010,편의점,9.683985591116997,11.328199884976675,21.793007657686967,23.9672259285758,1.6442142938596778,2.174218270888833
광주광역시,남구,4020,슈퍼마켓,30.24511502967809,30.201610326538436,31.779118022296966,30.73230970548536,-0.0435047031396536,-1.0468083168116067
광주광역시,남구,8001,일반한식,34.26860064245793,34.1804131710835,15.88227473189609,15.093578664389163,-0.08818747137443239,-0.7886960675069261
광주광역시,남구,8004,일식회집,2.419816546695798,1.9954873124404724,0.8080599489110355,0.6983594234820079,-0.42432923425532554,-0.10970052542902764
광주광역시,남구,8005,중국음식,2.710253331435256,2.6405916702421273,1.6704337470049588,1.598247920716914,-0.06966166119312867,-0.07218582628804482
광주광역시,남구,8006,서양음식,9.410492241608745,9.09117880649608,18.189340341328595,18.56764521892875,-0.3193134351126652,0.3783048776001543
광주광역시,남구,8021,스넥,3.4975428150550547,3.9747709423088042,3.7774999222067263,3.738401777051907,0.4772281272537495,-0.03909814515481935
광주광역시,남구,8301,제과점,3.499476997159073,3.399654321438461,4.722900359546366,4.515924417856924,-0.09982267572061199,-0.2069759416894419
광주광역시,동구,4004,대형할인점,3.8301381269023604,3.70494303811444,1.2823786608500536,1.2500228929020734,-0.1251950887879203,-0.03235576794798023
광주광역시,동구,4010,편의점,9.994255507520997,11.4378990601756,23.811320319540293,25.64963012114219,1.4436435526546028,1.8383098016018984
광주광역시,동구,4020,슈퍼마켓,17.98562179440792,18.922182947274376,18.5195313980135,19.2813178422348,0.9365611528664566,0.7617864442213005
광주광역시,동구,8001,일반한식,40.07091723374545,38.51122846412684,20.435026861747257,18.666520152093398,-1.5596887696186101,-1.7685067096538596
광주광역시,동구,8004,일식회집,3.2631933481814617,3.3036534760593623,1.4054435194902115,1.4032996772453006,0.04046012787790065,-0.0021438422449109318
광주광역시,동구,8005,중국음식,3.0435982857648263,2.629571940814673,1.8113763329967034,1.5640430696493652,-0.4140263449501531,-0.24733326334733818
광주광역시,동구,8006,서양음식,14.593512386394398,13.890733735670352,23.771946154593845,23.57785770335589,-0.7027786507240457,-0.19408845123795615
광주광역시,동구,8021,스넥,3.4483929268591207,3.6450680875855874,4.160811338441541,3.8388226990520224,0.19667516072646674,-0.3219886393895188
광주광역시,동구,8301,제과점,3.770370390223463,3.954719250178776,4.802165414326595,4.768485842324961,0.1843488599553127,-0.03367957200163385
광주광역시,북구,4004,대형할인점,3.0999857492079848,1.7978464816203021,1.8428395097528718,1.166265080738975,-1.3021392675876826,-0.6765744290138969
광주광역시,북구,4010,편의점,11.616112895505154,13.423380615589936,24.298336634512218,26.394669292393548,1.8072677200847824,2.09633265788133
광주광역시,북구,4020,슈퍼마켓,25.739743997310622,26.254123402744305,26.49117255100227,26.135109385201368,0.514379405433683,-0.3560631658009008
광주광역시,북구,8001,일반한식,39.153210630360036,37.87708443047724,17.650548256258897,16.43468256280584,-1.2761261998827962,-1.2158656934530576
광주광역시,북구,8004,일식회집,1.5004622372281844,1.383473453262956,0.544789075472388,0.4515980851475589,-0.11698878396522838,-0.09319099032482908
광주광역시,북구,8005,중국음식,2.6292711267991624,2.42136158489621,1.71486892155466,1.5344977553012533,-0.20790954190295263,-0.18037116625340666
광주광역시,북구,8006,서양음식,8.971494761920422,9.321746350048803,18.761875103227506,19.64802570717049,0.35025158812838164,0.8861506039429834
광주광역시,북구,8021,스넥,3.857250912598796,4.160678476652492,4.294831627268956,4.0354069061437325,0.3034275640536954,-0.25942472112522363
광주광역시,북구,8301,제과점,3.4324676890696426,3.360305204707755,4.400738320950235,4.199745225097242,-0.07216248436188755,-0.20099309585299263
광주광역시,서구,4004,대형할인점,8.024323854380594,6.8155717523918815,3.8540692389501556,3.3567373845322055,-1.2087521019887122,-0.49733185441795014
광주광역시,서구,4010,편의점,10.617206987539193,12.427775539521502,26.031179060979,27.80701734815069,1.8105685519823087,1.7758382871716911
광주광역시,서구,4020,슈퍼마켓,18.861363805726477,19.12024319671831,20.5598028789017,20.442959039563778,0.258879390991833,-0.1168438393379212
광주광역시,서구,8001,일반한식,42.13877802199211,40.37932339547547,18.885539247514206,17.205733286034395,-1.7594546265166429,-1.6798059614798113
광주광역시,서구,8002,갈비전문점,0.007451964874802984,0.010540152282817924,0.004520372084154534,0.005057119420156637,0.0030881874080149405,0.0005367473360021026
광주광역시,서구,8004,일식회집,1.821845154580194,1.7487292808686061,0.6230716503631913,0.5919060803680394,-0.07311587371158779,-0.031165569995151965
광주광역시,서구,8005,중국음식,2.31603863162694,2.267394303434299,1.5933078767894508,1.446336154164798,-0.04864432819264097,-0.14697172262465275
광주광역시,서구,8006,서양음식,10.20458448084244,10.73650840160015,20.005851827134396,20.89281955974801,0.5319239207577091,0.8869677326136127
광주광역시,서구,8021,스넥,3.0234143941512492,3.646119474050471,3.8477407180323393,3.8855038415515244,0.6227050798992217,0.03776312351918509
광주광역시,서구,8301,제과점,2.9849927042860016,2.847794503656497,4.59491712925141,4.365930186466405,-0.13719820062950472,-0.22898694278500553
대구광역시,군위군,4010,편의점,13.928431072878913,13.456899002193861,21.972024315314727,22.679224196139607,-0.4715320706850523,0.7071998808248807
대구광역시,군위군,4020,슈퍼마켓,9.75939915287542,17.386170654732837,7.410615072880581,14.117907285384993,7.626771501857418,6.707292212504412
대구광역시,군위군,8001,일반한식,49.07427623247893,45.77663428109125,34.52023008039741,30.53272485971734,-3.297641951387682,-3.9875052206800703
대구광역시,군위군,8005,중국음식,2.5326404960482076,3.0050801378998697,1.5997777632525003,2.0792102260820973,0.4724396418516621,0.47943246282959695
대구광역시,군위군,8006,서양음식,21.435745163966637,16.70395988367432,32.04948035819334,27.622296211786075,-4.731785280292318,-4.427184146407267
대구광역시,군위군,8021,스넥,1.2783284572726084,1.7208329385354333,0.8889469899993464,1.2270367179678223,0.44250448126282493,0.3380897279684759
대구광역시,군위군,8301,제과점,1.9911794244792804,1.9504231018724352,1.558925419962089,1.7416005029220705,-0.04075632260684525,0.18267508295998147
대구광역시,남구,4004,대형할인점,3.799633400213024,0.775163665458409,2.000636251726475,0.4954742655500368,-3.0244697347546152,-1.505161986176438
대구광역시,남구,4010,편의점,13.842114389041637,15.330294873165343,29.600722402581365,29.66682376826306,1.4881804841237063,0.06610136568169622
대구광역시,남구,4020,슈퍼마켓,20.513115850486734,23.591472875750302,23.753134330127704,25.589282045704483,3.0783570252635677,1.8361477155767787
대구광역시,남구,8001,일반한식,40.77902454732357,38.37583830295413,19.763124667795584,18.27831756275,-2.4031862443694436,-1.4848071050455829
대구광역시,남구,8004,일식회집,1.3219885561417848,1.4004558770017503,0.5012952267288955,0.5234202226008774,0.07846732085996555,0.022124995871981912
대구광역시,남구,8005,중국음식,2.776497981224146,2.557532606219233,2.0245450898952555,1.8750981884977462,-0.21896537500491275,-0.14944690139750927
대구광역시,남구,8006,서양음식,10.600307151172872,10.397278127081924,14.482432931757064,15.217706558387412,-0.2030290240909487,0.7352736266303488
대구광역시,남구,8021,스넥,3.0799336157142503,4.127079763358589,3.223543685004021,3.7372052834475338,1.0471461476443387,0.5136615984435129
대구광역시,남구,8301,제과점,3.2873845086819746,3.444883909010319,4.650565414383636,4.61667210479885,0.1574994003283443,-0.0338933095847862
대구광역시,달서구,4004,대형할인점,10.49427238890748,6.860260826641047,5.542354111151679,3.3801064609892606,-3.6340115622664317,-2.162247650162419
대구광역시,달서구,4010,편의점,11.58391614650677,13.51516180911991,27.236215977423512,28.77150589847958,1.93124566261314,1.5352899210560693
대구광역시,달서구,4020,슈퍼마켓,23.20523147976024,24.085885956019343,25.16657017733193,25.435936445133915,0.8806544762591031,0.2693662678019848
대구광역시,달서구,8001,일반한식,36.40268293724069,35.81090333915425,16.867814990609943,16.091593072933737,-0.5917795980864398,-0.7762219176762066
대구광역시,달서구,8003,한정식,0.008124271053222238,0.004246261962516123,0.0015633289425643032,0.0010695727099806537,-0.0038780090907061153,-0.0004937562325836495
대구광역시,달서구,8004,일식회집,2.231998887387964,2.303066331919682,0.7307302057340888,0.7866921196449703,0.07106744453171787,0.05596191391088157
대구광역시,달서구,8005,중국음식,2.4096863342875907,2.371510766927989,1.8083681468197856,1.6108620670476625,-0.038175567359601814,-0.1975060797721231
대구광역시,달서구,8006,서양음식,8.193947004966821,8.782809008444753,14.987735432295754,15.990325928752766,0.5888620034779315,1.002590496457012
대구광역시,달서구,8021,스넥,2.7028485897504746,3.3448336261484815,3.4706911124245314,3.6466011974080406,0.6419850363980069,0.17591008498350913
대구광역시,달서구,8301,제과점,2.767291960138746,2.9213220736620293,4.187956517266212,4.285307236900087,0.15403011352328333,0.09735071963387476
대구광역시,달성군,4004,대형할인점,3.201371279191755,2.6508880994138537,2.56407838181308,2.055568081869278,-0.5504831797779013,-0.508510299943802
대구광역시,달성군,4010,편의점,12.060352081410466,14.157930074058786,25.915346510141962,28.522721040347594,2.0975779926483202,2.6073745302056324
대구광역시,달성군,4020,슈퍼마켓,29.46906245600893,28.49874208666612,26.630577017841272,25.664385523373085,-0.9703203693428115,-0.9661914944681875
대구광역시,달성군,8001,일반한식,35.73472805319503,35.13229240229946,20.393795283981998,19.219901807242376,-0.6024356508955648,-1.1738934767396216
대구광역시,달성군,8002,갈비전문점,0.002547898907015066,0.004020042612451692,0.0018862185797245648,0.002539117646461384,0.0014721437054366262,0.0006528990667368192
대구광역시,달성군,8004,일식회집,1.6883015132608585,1.6805578139128277,0.571642118317776,0.5923253645665116,-0.007743699348030875,0.02068324624873563
대구광역시,달성군,8005,중국음식,2.6738925079669613,2.551167042370649,1.9789969561147671,1.812625305455853,-0.12272546559631214,-0.16637165065891413
대구광역시,달성군,8006,서양음식,10.03445396297011,10.004026042676053,15.121696464990606,15.449718361070655,-0.030427920294057387,0.32802189608004895
대구광역시,달성군,8021,스넥,2.74472409758198,2.9364311261699374,3.4514263349122554,3.3210643168656317,0.1917070285879574,-0.13036201804662362
대구광역시,달성군,8301,제과점,2.3905661495068857,2.38394526981986,3.3705547133065643,3.3591510815625525,-0.006620879687025738,-0.011403631744011822
대구광역시,동구,4004,대형할인점,5.802157826507107,4.229645092123473,3.081233178170943,2.277662437258404,-1.5725127343836345,-0.803570740912539
대구광역시,동구,4010,편의점,13.578925107658984,14.496795961466871,30.726882393756977,30.571816457729522,0.9178708538078872,-0.1550659360274551
대구광역시,동구,4020,슈퍼마켓,22.32739711347793,24.208417218493913,23.944907974759815,25.397107236744382,1.8810201050159847,1.4521992619845676
대구광역시,동구,8001,일반한식,40.33634364387612,38.87624943973514,18.894914375310346,17.907496519633412,-1.4600942041409795,-0.9874178556769344
대구광역시,동구,8002,갈비전문점,0.004172645087137158,0.006240925018559115,0.0020383918881787134,0.001174515771328688,0.002068279931421957,-0.0008638761168500253
대구광역시,동구,8004,일식회집,1.747627045188798,1.8731503622136867,0.63679362586703,0.65724520780293,0.12552331702488861,0.02045158193590002
대구광역시,동구,8005,중국음식,2.094857499428632,1.9895894387837267,1.4671529454355106,1.4036154359008017,-0.10526806064490524,-0.06353750953470882
대구광역시,동구,8006,서양음식,9.002718857605641,8.872631448937668,14.596761239896711,14.990897502772201,-0.13008740866797375,0.39413626287548986
대구광역시,동구,8021,스넥,2.6417110879508234,2.992763581976732,2.9334089984402225,3.165043647078737,0.35105249402590877,0.23163464863851457
대구광역시,동구,8301,제과점,2.464089173218826,2.454516531250232,3.715906876474267,3.627941039308279,-0.009572641968593754,-0.08796583716598771
대구광역시,북구,4004,대형할인점,11.700156398429785,8.609391568209155,5.007103618109491,3.342751440380936,-3.09076483022063,-1.6643521777285546
대구광역시,북구,4010,편의점,11.959281610629839,13.892602729008887,28.138446134278677,30.141594130930784,1.9333211183790482,2.003147996652107
대구광역시,북구,4020,슈퍼마켓,22.94324054393775,23.377668900558962,23.98871539523178,23.677632709395326,0.43442835662121126,-0.31108268583645327
대구광역시,북구,8001,일반한식,35.078512612274146,34.956991635826654,17.025275349768627,16.26961773532802,-0.12152097644749205,-0.755657614440608
대구광역시,북구,8004,일식회집,1.8338438395270291,1.803005346532717,0.6443996427894894,0.607793210176894,-0.030838492994312183,-0.03660643261259533
대구광역시,북구,8005,중국음식,2.3546089495032367,2.2180706379376103,1.7887586934754958,1.6553328710471893,-0.13653831156562646,-0.13342582242830647
대구광역시,북구,8006,서양음식,8.543062489185914,9.068184707547315,16.013517170459775,16.94347300714171,0.5251222183614015,0.929955836681934
대구광역시,북구,8021,스넥,2.759698522978784,3.312105069775954,3.410277920601846,3.420491139175748,0.5524065467971702,0.010213218573901894
대구광역시,북구,8301,제과점,2.8275950335335196,2.76197940460274,3.9835060752848213,3.941313756423395,-0.06561562893077966,-0.04219231886142616
대구광역시,서구,4004,대형할인점,11.128667145311638,8.182487432124779,2.907963627241124,2.1129574618876004,-2.9461797131868597,-0.7950061653535236
대구광역시,서구,4010,편의점,11.024617620139459,11.50136293878876,26.210769125509476,26.111831556513916,0.4767453186493018,-0.09893756899555939
대구광역시,서구,4020,슈퍼마켓,30.525625948390406,36.08708316607565,35.34468434479186,38.055727289634135,5.561457217685245,2.7110429448422764
대구광역시,서구,8001,일반한식,35.14489303828903,32.12354703189465,17.66590754334008,16.03761730275294,-3.0213460063943742,-1.6282902405871411
대구광역시,서구,8002,갈비전문점,0.0033453680805564634,0.008260235083392145,0.002117726018381862,0.011811953697141508,0.004914867002835681,0.009694227678759645
대구광역시,서구,8004,일식회집,0.8277641532658941,0.8908011413616055,0.2726979503670182,0.2903981382350428,0.06303698809571134,0.017700187868024575
대구광역시,서구,8005,중국음식,2.021460107343426,1.700159263129064,1.5627188995644001,1.3505838120944353,-0.3213008442143619,-0.2121350874699648
대구광역시,서구,8006,서양음식,5.251884771798719,5.134170853543134,10.406505654328468,10.564284673110464,-0.11771391825558464,0.15777901878199607
대구광역시,서구,8021,스넥,2.291920249856106,2.6336382857548624,2.8043579543418273,2.735598212625219,0.34171803589875616,-0.06875974171660815
대구광역시,서구,8301,제과점,1.7798215975247709,1.738489652244103,2.822277174497366,2.7291895994491107,-0.04133194528066797,-0.09308757504825538
대구광역시,수성구,4004,대형할인점,9.542032286057424,7.738160526999229,5.592080426992525,4.412143408967353,-1.803871759058195,-1.1799370180251723
대구광역시,수성구,4010,편의점,9.145591488510968,11.056425686754185,24.686158751546337,26.42104582204877,1.9108341982432169,1.7348870705024346
대구광역시,수성구,4020,슈퍼마켓,16.299598561136488,17.16561710751925,19.572499288539387,19.856449211086467,0.8660185463827617,0.2839499225470803
대구광역시,수성구,8001,일반한식,40.07630380707755,37.966773120435235,17.94172992374304,16.512757098231337,-2.109530686642316,-1.4289728255117033
대구광역시,수성구,8004,일식회집,3.2177041637511286,3.5039518573269466,1.034158821240439,1.0866766107632613,0.28624769357581803,0.05251778952282238
대구광역시,수성구,8005,중국음식,3.2149153878137007,2.75685303506464,1.9093279746313474,1.5954925624543588,-0.4580623527490606,-0.3138354121769886
대구광역시,수성구,8006,서양음식,12.519213579672794,12.39058885469379,20.195680708092066,20.06594702591478,-0.12862472497900335,-0.1297336821772852
대구광역시,수성구,8021,스넥,2.6406810697889367,4.134394993252581,3.7622472862859433,5.039081792475247,1.4937139234636443,1.2768345061893034
대구광역시,수성구,8301,제과점,3.3439596561910103,3.2872348179541486,5.306116818928918,5.0104064680584255,-0.0567248382368617,-0.29571035087049236
대구광역시,중구,4004,대형할인점,11.942486863214238,10.413512194511531,8.34124907521436,7.243886234799427,-1.5289746687027073,-1.0973628404149336
대구광역시,중구,4010,편의점,9.850267003758388,11.709108655663034,23.440444958951637,24.676659375108926,1.8588416519046458,1.2362144161572886
대구광역시,중구,4020,슈퍼마켓,3.719787903361461,4.549134683968816,5.579068739417624,6.432379163819227,0.8293467806073553,0.8533104244016023
대구광역시,중구,8001,일반한식,38.270915294407104,37.1042258456071,20.940609429408703,19.760931263249176,-1.1666894488000068,-1.1796781661595261
대구광역시,중구,8003,한정식,0.032198619664632236,0.03672744109218775,0.016043083180500847,0.020913497338810278,0.004528821427555514,0.0048704141583094315
대구광역시,중구,8004,일식회집,6.54881009467524,6.133607798480848,2.874251082331025,2.6498879860407687,-0.41520229619439153,-0.22436309629025653
대구광역시,중구,8005,중국음식,3.8445654002294702,3.612929060353134,2.2603434604815003,2.149865276940123,-0.23163633987633636,-0.11047818354137728
대구광역시,중구,8006,서양음식,18.916971497003583,19.299801033624068,26.806029890918577,27.360452576532307,0.38282953662048413,0.55442268561373
대구광역시,중구,8021,스넥,4.036313515386296,4.222216660618423,5.539134158263284,5.376141924485375,0.18590314523212648,-0.16299223377790906
대구광역시,중구,8301,제과점,2.8376838082995866,2.918736626080863,4.202826121832789,4.32888270168586,0.0810528177812766,0.12605657985307062
대전광역시,대덕구,4004,대형할인점,1.655564908051113,1.2842179764058432,1.6309825153518025,1.2013812783027646,-0.3713469316452698,-0.42960123704903785
대전광역시,대덕구,4010,편의점,16.2818287939091,17.572751957084694,34.02445741339709,35.73333884741837,1.290923163175595,1.7088814340212863
대전광역시,대덕구,4020,슈퍼마켓,22.6266310579058,22.80437751973621,22.665002578165282,22.04849982423854,0.17774646183040943,-0.616502753926742
대전광역시,대덕구,8001,일반한식,40.5013284007579,39.419009601042454,18.68994046781981,17.400901552904198,-1.0823187997154449,-1.2890389149156114
대전광역시,대덕구,8002,갈비전문점,0.04139345256033226,0.02612753544580521,0.008203253175830871,0.004394036517028184,-0.015265917114527048,-0.0038092166588026876
대전광역시,대덕구,8004,일식회집,2.278545028802222,1.8319040358774057,0.6881943467866686,0.5645044560699738,-0.4466409929248165,-0.12368989071669478
대전광역시,대덕구,8005,중국음식,2.7672995188660616,2.613249637025694,1.957647775746496,1.7565807158660902,-0.1540498818403675,-0.20106705988040585
대전광역시,대덕구,8006,서양음식,7.44579882435667,7.808495087031152,12.584376318379976,13.695177932631667,0.36269626267448185,1.1108016142516917
대전광역시,대덕구,8021,스넥,3.7588372423300873,3.835125329488066,3.9358036844325692,3.6922830379851534,0.07628808715797852,-0.24352064644741578
대전광역시,대덕구,8301,제과점,2.642772772460711,2.8047413208626715,3.81539164674448,3.9029383180662105,0.16196854840196062,0.08754667132173033
대전광역시,동구,4004,대형할인점,10.366192480866019,7.458204178156268,4.165311448129798,3.125915859618675,-2.907988302709751,-1.0393955885111232
대전광역시,동구,4010,편의점,17.220010473095808,19.059684499404405,36.4995650693998,38.11122117344642,1.8396740263085967,1.6116561040466166
대전광역시,동구,4020,슈퍼마켓,19.14758604288481,18.65779526902667,19.465791762792634,18.560984994228548,-0.4897907738581395,-0.9048067685640859
대전광역시,동구,8001,일반한식,34.27652174310731,34.46913109003679,17.074240762452252,16.482935335194387,0.19260934692947984,-0.5913054272578648
대전광역시,동구,8002,갈비전문점,0.05259414924390194,0.055720450063288775,0.013426118528043568,0.01260714022578242,0.0031263008193868347,-0.0008189783022611481
대전광역시,동구,8004,일식회집,1.2371058583022152,1.244277136846354,0.4699141484815249,0.4713760611691894,0.007171278544138904,0.0014619126876644906
대전광역시,동구,8005,중국음식,3.236712545533956,2.8760746478533368,1.870957981922015,1.6593943660818808,-0.36063789768061927,-0.21156361584013417
대전광역시,동구,8006,서양음식,8.31593534121026,9.282610174027688,13.251578987179002,14.679623095625976,0.9666748328174286,1.428044108446974
대전광역시,동구,8021,스넥,3.717034330259243,4.18298244805823,3.815475965356832,3.5943447970987203,0.4659481177989866,-0.22113116825811163
대전광역시,동구,8301,제과점,2.4303070354964773,2.7135201065269707,3.373737755758103,3.3015971773104225,0.2832130710304934,-0.07214057844768051
대전광역시,서구,4004,대형할인점,11.352653721663723,9.991367760921698,5.3058103975535165,4.5028875276335905,-1.3612859607420251,-0.802922869919926
대전광역시,서구,4010,편의점,15.08823479005492,16.745645867480164,34.18960244648318,35.35434297790287,1.6574110774252446,1.1647405314196888
대전광역시,서구,4020,슈퍼마켓,11.584786775034823,11.76828005330198,13.49190564786895,13.108206811254053,0.18349327826715722,-0.38369883661489723
대전광역시,서구,8001,일반한식,37.904467320240194,37.29672034777986,17.62847244498621,16.362981214027638,-0.6077469724603333,-1.2654912309585704
대전광역시,서구,8004,일식회집,3.387972458429686,2.874978598991189,1.1928744038835781,1.0344458186846899,-0.5129938594384971,-0.15842858519888825
대전광역시,서구,8005,중국음식,3.1514071293450336,2.836067673880952,2.0113983875451766,1.7454690649864144,-0.3153394554640818,-0.2659293225587622
대전광역시,서구,8006,서양음식,10.841050910300785,11.613055393592987,17.83601719381536,19.825384922528556,0.7720044832922017,1.989367728713198
대전광역시,서구,8021,스넥,3.305177548100533,3.5750160732052185,3.7269305617929476,3.5727432973325675,0.26983852510468553,-0.1541872644603801
대전광역시,서구,8301,제과점,3.3842493468303023,3.2988682308459474,4.616988516071085,4.493538365649621,-0.08538111598435494,-0.12345015042146379
대전광역시,유성구,4004,대형할인점,12.708080502935005,9.76361211386011,6.589631057884919,4.9531391159715765,-2.9444683890748937,-1.6364919419133424
대전광역시,유성구,4010,편의점,13.149828379159656,14.8084015691799,31.310462029200075,33.51475405490775,1.6585731900202436,2.204292025707673
대전광역시,유성구,4020,슈퍼마켓,9.728870323397206,9.177419723013008,9.681302776503689,8.830675711196472,-0.5514506003841984,-0.8506270653072168
대전광역시,유성구,8001,일반한식,38.20523404499122,38.05639525593742,18.76006035289474,17.99886464791937,-0.148838789053805,-0.7611957049753713
대전광역시,유성구,8002,갈비전문점,0.05026224914450006,0.23935537098452017,0.023363997555388046,0.10878616725900826,0.1890931218400201,0.08542216970362021
대전광역시,유성구,8004,일식회집,3.131168844697463,3.0546180260029936,1.4046681267115664,1.383296187735105,-0.07655081869446922,-0.02137193897646128
대전광역시,유성구,8005,중국음식,3.267371727094217,3.0201169384687128,2.086036076471594,1.880178387225743,-0.24725478862550432,-0.20585768924585102
대전광역시,유성구,8006,서양음식,13.419760095420147,15.093345333711605,21.405602686613783,22.683848622667725,1.6735852382914587,1.278245936053942
대전광역시,유성구,8021,스넥,3.2553921236711756,3.6716592153448318,4.063859953739285,4.08240800666191,0.41626709167365616,0.018548052922625402
대전광역시,유성구,8301,제과점,3.0840317094894085,3.1150764534969038,4.675012942424962,4.564049098455347,0.03104474400749524,-0.110963843969615
대전광역시,중구,4004,대형할인점,4.292657977721085,2.634902861284887,2.66322488608191,1.53512320006091,-1.6577551164361979,-1.128101686021
대전광역시,중구,4010,편의점,11.011506030563467,12.786842975981507,27.216208916774004,29.347215745243783,1.77533694541804,2.131006828469779
대전광역시,중구,4020,슈퍼마켓,11.80880246686223,12.88529346268934,14.972438054874587,15.333625193912804,1.0764909958271094,0.36118713903821664
대전광역시,중구,8001,일반한식,34.36404371994865,35.45614941394012,18.17928422044016,17.59268952696379,1.0921056939914706,-0.5865946934763677
대전광역시,중구,8002,갈비전문점,0.01824137440464605,0.034259326876351776,0.004155067104333735,0.005710315685285469,0.016017952471705725,0.0015552485809517333
대전광역시,중구,8004,일식회집,1.5345447118779276,1.4622421647567092,0.706361407736735,0.6340036609468338,-0.07230254712121842,-0.07235774678990115
대전광역시,중구,8005,중국음식,2.804284017326687,3.1056079813412887,2.095019459564272,2.0040035657749056,0.3013239640146015,-0.09101589378936659
대전광역시,중구,8006,서양음식,8.16227317200045,8.548874085253432,14.907342003573357,15.503824325310338,0.3866009132529822,0.5964823217369819
대전광역시,중구,8021,스넥,3.3058781738027685,4.315863781310095,3.674810598191161,4.328102049686091,1.0099856075073266,0.6532914514949302
대전광역시,중구,8301,제과점,22.697768355492094,18.769963946566268,15.581155385659478,13.715702416415255,-3.9278044089258266,-1.8654529692442239
부산광역시,강서구,4004,대형할인점,12.659503245241014,11.581574443810611,7.12571852721341,6.313975127722343,-1.077928801430403,-0.8117433994910668
부산광역시,강서구,4010,편의점,13.94660133618453,16.481895697601104,30.456790107063707,33.01271571188417,2.5352943614165735,2.5559256048204624
부산광역시,강서구,4020,슈퍼마켓,13.420453765372727,12.085897859308854,11.631476703717818,10.405222910890343,-1.3345559060638728,-1.2262537928274746
부산광역시,강서구,8001,일반한식,35.095991667853845,34.61186837601705,17.62561030828452,16.78617401842508,-0.48412329183679503,-0.8394362898594423
부산광역시,강서구,8002,갈비전문점,0.12105527723503841,0.10928633620560242,0.027751848020788658,0.02066409540491295,-0.011768941029435986,-0.007087752615875707
부산광역시,강서구,8003,한정식,0.004724108379903938,,0.005842494320166033,,,
부산광역시,강서구,8004,일식회집,2.726843933912676,2.475455609931846,0.7283200305934248,0.672920189185871,-0.2513883239808301,-0.05539984140755372
부산광역시,강서구,8005,중국음식,2.595676112176906,2.558170955054493,1.8103765354805383,1.7827036659320783,-0.0375051571224132,-0.027672869548460044
부산광역시,강서구,8006,서양음식,14.261935570543116,14.473534091932628,22.96870414803818,23.472467523943003,0.21159852138951152,0.5037633759048212
부산광역시,강서구,8021,스넥,3.362310325203192,3.6731017503828025,4.8247052528007455,4.527260196211663,0.31079142517961067,-0.2974450565890825
부산광역시,강서구,8301,제과점,1.8049046578970485,1.9492148797550064,2.7947040444666933,3.005896560400543,0.14431022185795794,0.2111925159338499
부산광역시,금정구,4004,대형할인점,11.311906392533576,9.285901668144529,5.0506837170097265,4.033801103081611,-2.026004724389047,-1.0168826139281153
부산광역시,금정구,4010,편의점,11.786022479341941,13.490390333712,27.603518380217405,29.475197948012394,1.7043678543700587,1.8716795677949882
부산광역시,금정구,4020,슈퍼마켓,11.251788312054344,11.843671840965394,14.191222392550957,14.047265543304855,0.5918835289110493,-0.14395684924610208
부산광역시,금정구,8001,일반한식,40.0327502950673,39.464384704777714,18.379125558481714,17.36705377652486,-0.5683655902895879,-1.0120717819568554
부산광역시,금정구,8002,갈비전문점,0.10999332542024078,0.09888026703607289,0.02281968301385777,0.01797563264720574,-0.011113058384167887,-0.004844050366652031
부산광역시,금정구,8004,일식회집,2.7820344681457856,2.6637133160738005,1.130829937677153,1.0332531919711145,-0.11832115207198513,-0.09757674570603836
부산광역시,금정구,8005,중국음식,2.582466541744241,2.3368030454647433,1.6679113766492406,1.5021752243929334,-0.2456634962794979,-0.16573615225630722
부산광역시,금정구,8006,서양음식,10.774592679920762,11.56026651377617,20.60792072289262,21.982556722627347,0.7856738338554088,1.3746359997347284
부산광역시,금정구,8021,스넥,5.148263370749809,5.48096999998813,5.807773104656089,5.558186604351141,0.33270662923832095,-0.24958650030494844
부산광역시,금정구,8301,제과점,4.220182135021995,3.775018310061453,5.538195126851233,4.982534253086538,-0.44516382496054163,-0.5556608737646949
부산광역시,기장군,4004,대형할인점,19.448595149903,15.799023272692295,7.201835759317763,5.646333131248977,-3.649571877210704,-1.555502628068786
부산광역시,기장군,4010,편의점,8.829616504607609,10.393248602020785,25.854401827938066,27.00352204162938,1.5636320974131763,1.1491202136913152
부산광역시,기장군,4020,슈퍼마켓,7.1934223778356605,9.027240373727171,11.80827320746706,13.005812330994928,1.8338179958915104,1.1975391235278678
부산광역시,기장군,8001,일반한식,41.25051460989358,40.51423556004425,21.641540898158933,20.90791208368217,-0.7362790498493297,-0.7336288144767629
부산광역시,기장군,8002,갈비전문점,0.15629617174927143,0.15318748005229033,0.08589409467624212,0.08011201247149166,-0.0031086916969811085,-0.0057820822047504605
부산광역시,기장군,8003,한정식,0.22433360462654545,0.1626421479256568,0.060056033676071714,0.04234148406901662,-0.06169145670088866,-0.017714549607055097
부산광역시,기장군,8004,일식회집,3.2343476198908387,3.5951784472921395,1.17821558160777,1.2104612334844156,0.3608308274013008,0.03224565187664563
부산광역시,기장군,8005,중국음식,2.1804377298288284,2.1273549227668402,1.9075472277855527,1.7390080545050375,-0.0530828070619882,-0.16853917328051526
부산광역시,기장군,8006,서양음식,12.616586721752038,12.308829894676093,21.508439967709407,21.264566913979426,-0.307756827075945,-0.24387305372998114
부산광역시,기장군,8021,스넥,3.527835856620886,4.410028724701933,6.164542359056869,6.362890576132875,0.8821928680810469,0.19834821707600625
부산광역시,기장군,8301,제과점,1.3380136532917437,1.5090305741005496,2.5892530426062645,2.7370401378022846,0.17101692080880593,0.14778709519602007
부산광역시,남구,4004,대형할인점,10.153631890312314,6.724178401339184,6.04102994608917,3.8175987347889113,-3.429453488973129,-2.2234312113002583
부산광역시,남구,4010,편의점,12.027714650338412,14.122735855078252,28.19000522805762,30.339464981738363,2.09502120473984,2.1494597536807447
부산광역시,남구,4020,슈퍼마켓,17.303248331305813,17.973661073694224,18.09095321169511,17.74961484684008,0.670412742388411,-0.3413383648550301
부산광역시,남구,8001,일반한식,38.658874829781084,36.79496735430921,18.15672554946136,17.02293649555313,-1.8639074754718763,-1.133789053908231
부산광역시,남구,8002,갈비전문점,0.10059733538093289,0.09934749798731235,0.026233980875427942,0.023707559302982607,-0.0012498373936205426,-0.002526421572445335
부산광역시,남구,8004,일식회집,2.319255523424205,2.414401578029481,0.8804311367371299,0.9218680647814739,0.09514605460527603,0.04143692804434396
부산광역시,남구,8005,중국음식,2.940009198435703,2.7574335607172786,1.7862530192501205,1.6067362795340896,-0.18257563771842422,-0.17951673971603088
부산광역시,남구,8006,서양음식,9.834332457586711,11.632716932725787,18.516505858610085,19.983957632394976,1.7983844751390752,1.467451773784891
부산광역시,남구,8021,스넥,3.234651869607389,3.981209424525757,3.608952533359317,3.840473121081246,0.7465575549183678,0.23152058772192907
부산광역시,남구,8301,제과점,3.4276839138274333,3.499348321593513,4.702909535864663,4.693642283984748,0.07166440776607974,-0.009267251879914618
부산광역시,동구,4004,대형할인점,1.7170142361047982,0.8074706098062989,1.5636565811420318,0.8617822903031804,-0.9095436262984993,-0.7018742908388513
부산광역시,동구,4010,편의점,21.986986600243632,21.354099100801545,39.15244088996503,37.1667315243924,-0.6328874994420879,-1.9857093655726317
부산광역시,동구,4020,슈퍼마켓,9.282217596043708,10.570867931312392,10.835057752979765,11.79948349665688,1.2886503352686844,0.9644257436771149
부산광역시,동구,8001,일반한식,40.497218232395774,40.854029130230046,19.050094253652535,19.34609261683235,0.3568108978342721,0.295998363179816
부산광역시,동구,8002,갈비전문점,0.7465773349575463,0.5790703209350928,0.13258018140127054,0.1085364559380196,-0.1675070140224535,-0.02404372546325094
부산광역시,동구,8004,일식회집,2.1456428064944277,2.1233259413084804,0.6581306523405501,0.6768316411363073,-0.022316865185947332,0.018700988795757212
부산광역시,동구,8005,중국음식,6.091025617716041,5.097739184439362,2.2545210499823995,2.0276647681041498,-0.9932864332766789,-0.2268562818782498
부산광역시,동구,8006,서양음식,10.36083434846639,11.136659165685206,18.736573378031167,20.183677079279725,0.7758248172188154,1.4471037012485581
부산광역시,동구,8021,스넥,3.684137561135252,4.062072579401277,3.3970792882122067,3.3322248558389638,0.37793501826602505,-0.06485443237324295
부산광역시,동구,8301,제과점,3.4883456664424286,3.414666036080299,4.219865972293045,4.496975271518024,-0.07367963036212943,0.2771092992249793
부산광역시,동래구,4004,대형할인점,15.08407235021295,12.771801123336314,9.331463758515545,7.609005888265306,-2.3122712268766357,-1.7224578702502384
부산광역시,동래구,4010,편의점,9.330037685637036,10.90012621708574,24.89550228069226,25.97448297937987,1.5700885314487039,1.0789806986876123
부산광역시,동래구,4020,슈퍼마켓,9.945437334671563,10.801013305260547,13.739570633584815,14.159222335666529,0.8555759705889834,0.41965170208171365
부산광역시,동래구,8001,일반한식,43.141446940330844,41.83533492134904,20.96071744933633,20.208694169323937,-1.306112018981807,-0.7520232800123914
부산광역시,동래구,8002,갈비전문점,0.0926501363724161,0.10098216519866551,0.02861068080532623,0.02854172040819718,0.008332028826249407,-6.896039712904825e-05
부산광역시,동래구,8004,일식회집,3.5314816396106044,3.5384966359811734,1.0503470656009402,0.9971537762863825,0.0070149963705690155,-0.05319328931455769
부산광역시,동래구,8005,중국음식,2.949187633193133,2.795680835182407,1.9554927781658404,1.7609157629057353,-0.15350679801072564,-0.19457701526010518
부산광역시,동래구,8006,서양음식,9.241314563423334,9.811286127038708,18.632598477018234,19.61820571571435,0.5699715636153737,0.9856072386961152
부산광역시,동래구,8021,스넥,3.256362333724056,4.125357229188731,4.154219302157142,4.627805127249106,0.8689948954646751,0.47358582509196356
부산광역시,동래구,8301,제과점,3.428009382824062,3.3199214403786765,5.251477574123572,5.0159725248005875,-0.10808794244538555,-0.23550504932298466
부산광역시,부산진구,4004,대형할인점,5.804835900459799,5.165492324090866,2.9108685387328834,2.4341660453118674,-0.6393435763689332,-0.476702493421016
부산광역시,부산진구,4010,편의점,12.844068227961284,14.354221616919052,30.315960260016645,31.35604581667537,1.510153388957768,1.040085556658724
부산광역시,부산진구,4020,슈퍼마켓,9.584857191873814,10.768501352880982,11.745285594016591,12.518568233032463,1.1836441610071677,0.7732826390158714
부산광역시,부산진구,8001,일반한식,42.88953119123985,41.67672054409135,20.541104333259586,19.757261989389107,-1.212810647148494,-0.7838423438704787
부산광역시,부산진구,8002,갈비전문점,0.26940910077292146,0.29392284372281324,0.06244690337107923,0.059625234094213664,0.02451374294989178,-0.002821669276865564
부산광역시,부산진구,8004,일식회집,4.298047984075749,3.868302546994112,1.6483779608404279,1.418261293416563,-0.42974543708163715,-0.23011666742386483
부산광역시,부산진구,8005,중국음식,2.8219360644059592,2.7907895479428864,1.7867763893238784,1.724166467364184,-0.03114651646307287,-0.06260992195969428
부산광역시,부산진구,8006,서양음식,14.285669651327531,13.32848653028888,21.33342336414494,20.773911539489614,-0.9571831210386517,-0.5595118246553277
부산광역시,부산진구,8021,스넥,4.176735778551116,4.504971212013115,5.048142539845817,4.966521320676177,0.328235433461999,-0.08162121916963994
부산광역시,부산진구,8301,제과점,3.024908909331979,3.2485914810559393,4.6076141164481506,4.991472060550439,0.22368257172396033,0.3838579441022887
부산광역시,북구,4004,대형할인점,49.89192897366863,45.92605412558871,32.42232022785904,28.253438956093813,-3.9658748480799133,-4.168881271765226
부산광역시,북구,4010,편의점,6.4049528799987,7.464475564526444,18.63077935633564,20.149415753230198,1.0595226845277432,1.518636396894557
부산광역시,북구,4020,슈퍼마켓,7.867253186747619,8.81938768134074,12.356438962203288,13.242277309848413,0.9521344945931203,0.8858383476451248
부산광역시,북구,8001,일반한식,22.63820316319131,23.583053919851423,13.440331407660874,13.890334738049246,0.944850756660113,0.4500033303883715
부산광역시,북구,8002,갈비전문점,0.4090231737953422,0.39527971930761063,0.10112424451728427,0.08962718431468605,-0.013743454487731566,-0.01149706020259822
부산광역시,북구,8004,일식회집,1.565497614093023,1.8044758981544808,0.8165599696057781,0.9118591795494146,0.23897828406145782,0.0952992099436365
부산광역시,북구,8005,중국음식,1.3401619551588315,1.3082736973215228,1.1052888061237525,1.076361247654941,-0.03188825783730875,-0.028927558468811565
부산광역시,북구,8006,서양음식,5.30068630824648,5.706012533293299,13.219289917432828,14.336174310956226,0.40532622504681903,1.1168843935233976
부산광역시,북구,8021,스넥,2.492168819718181,2.909584021441162,3.9492963200700304,4.066485556662752,0.4174152017229811,0.11718923659272118
부산광역시,북구,8301,제과점,2.0901239253818855,2.0834028391746044,3.9585707881914867,3.984025763640311,-0.006721086207281068,0.025454975448824246
부산광역시,사상구,4004,대형할인점,18.149741760671052,13.996056338028168,8.069386167931095,5.93690355092754,-4.153685422642884,-2.1324826170035545
부산광역시,사상구,4010,편의점,12.694543999486237,14.739098591549297,30.750868318518954,31.809718592856452,2.0445545920630597,1.0588502743374981
부산광역시,사상구,4020,슈퍼마켓,15.61977438947579,17.71329577464789,19.243568714756403,20.448655507190637,2.0935213851720995,1.2050867924342334
부산광역시,사상구,8001,일반한식,38.057696915207096,36.99323943661972,19.109066093552578,17.946759450628843,-1.0644574785873786,-1.1623066429237348
부산광역시,사상구,8002,갈비전문점,0.10966835203541003,0.12230985915492958,0.04241073641562081,0.053377137332005796,0.012641507119519543,0.010966400916384983
부산광역시,사상구,8003,한정식,0.0825600150176482,0.0736338028169014,0.049460832858737,0.0381008522369873,-0.008926212200746797,-0.011359980621749699
부산광역시,사상구,8004,일식회집,1.3721511546052063,1.4138028169014085,0.47610182542419,0.4545144118270796,0.04165166229620221,-0.021587413597110416
부산광역시,사상구,8005,중국음식,2.162183190608042,2.1979154929577462,1.4256616901064012,1.4320169369071454,0.03573230234970426,0.006355246800744174
부산광역시,사상구,8006,서양음식,7.461399951093843,7.520225352112677,15.487299361415483,15.847528297071625,0.05882540101883382,0.3602289356561421
부산광역시,사상구,8021,스넥,2.477603203106282,3.125690140845071,2.563811634641971,2.9742028474995417,0.648086937738789,0.41039121285757085
부산광역시,사상구,8301,제과점,1.8126770686933906,2.1047323943661973,2.7823646243785727,3.0582224155221436,0.2920553256728067,0.2758577911435709
부산광역시,사하구,4004,대형할인점,8.271655051368395,6.7223372322218715,4.060777067660978,3.246586754820769,-1.5493178191465233,-0.8141903128402088
부산광역시,사하구,4010,편의점,14.870535637717037,15.941030095402695,31.640395083165178,32.415729268506084,1.0704944576856583,0.7753341853409061
부산광역시,사하구,4020,슈퍼마켓,15.574142573736657,16.00123279268173,17.107506712831103,16.89317655293621,0.4270902189450734,-0.21433015989489235
부산광역시,사하구,8001,일반한식,39.94351477591717,39.735563987787025,18.20800345759377,17.857596634116092,-0.2079507881301481,-0.3504068234776767
부산광역시,사하구,8002,갈비전문점,0.15344771400639176,0.13066215039079726,0.04871719290397121,0.04047581912178124,-0.0227855636155945,-0.008241373782189969
부산광역시,사하구,8004,일식회집,2.2570649408563117,2.0932205321422943,0.7003333431273215,0.6940233496783619,-0.1638444087140174,-0.006309993448959661
부산광역시,사하구,8005,중국음식,2.6891654708340718,2.3855132986024055,1.7667090967510184,1.5759701452792794,-0.3036521722316663,-0.19073895147173903
부산광역시,사하구,8006,서양음식,8.735142613756555,8.921544241302321,17.558662040113017,17.975676467343547,0.1864016275457665,0.41701442723053006
부산광역시,사하구,8021,스넥,3.806692469970786,4.484877974335317,4.034238518997336,4.491522522282623,0.6781855043645315,0.4572840032852872
부산광역시,사하구,8301,제과점,3.6986387518366275,3.5840176951335407,4.87465748685631,4.809242485915252,-0.11462105670308675,-0.06541500094105768
부산광역시,서구,4004,대형할인점,1.5756013892325942,0.6683442920150445,1.7169905256547855,0.7952920512079507,-0.9072570972175497,-0.9216984744468348
부산광역시,서구,4010,편의점,16.02856972189748,15.97275211732554,32.49447725982022,32.353448955311265,-0.055817604571940294,-0.1410283045089571
부산광역시,서구,4020,슈퍼마켓,12.68297678070093,14.30337960332278,14.598797631288607,15.565055190040647,1.62040282262185,0.9662575587520408
부산광역시,서구,8001,일반한식,43.21571505371756,41.703601482804345,17.589708564437807,17.151886144503703,-1.5121135709132147,-0.4378224199341041
부산광역시,서구,8002,갈비전문점,0.10615511959517693,0.08807533078983683,0.030021690671510167,0.024207804295853147,-0.0180797888053401,-0.00581388637565702
부산광역시,서구,8004,일식회집,3.1355013781392134,3.4100441053115786,0.8668763181398561,0.8838663428951032,0.2745427271723653,0.016990024755247135
부산광역시,서구,8005,중국음식,2.9928234360466606,2.6647184565846795,1.8448328917642995,1.7059934019658989,-0.32810497946198103,-0.13883948979840066
부산광역시,서구,8006,서양음식,12.15185984793535,12.057255729631734,21.872803100239924,21.907124600758888,-0.09460411830361615,0.03432150051896343
부산광역시,서구,8021,스넥,4.980927918625786,5.344454365884676,5.029633910500336,4.923191827145018,0.3635264472588897,-0.10644208335531768
부산광역시,서구,8301,제과점,3.1298693541092444,3.787374516329789,3.955858107482656,4.689933681875673,0.6575051622205446,0.734075574393017
부산광역시,수영구,4004,대형할인점,0.8861197027395873,0.5079854455634097,1.0654968467644705,0.7077977817861424,-0.37813425717617755,-0.35769906497832815
부산광역시,수영구,4010,편의점,10.941781536242768,12.141054982550678,26.816464061656458,27.450301950863498,1.1992734463079096,0.6338378892070402
부산광역시,수영구,4020,슈퍼마켓,14.11230102682376,14.842967365202997,18.977561052531293,18.77285429594588,0.7306663383792369,-0.20470675658541282
부산광역시,수영구,8001,일반한식,44.6767263213726,42.80092897782015,19.576889340541772,18.856897601409734,-1.875797343552449,-0.7199917391320376
부산광역시,수영구,8002,갈비전문점,0.045709449996722266,0.040904773012315376,0.014783358100020915,0.012667944805575407,-0.00480467698440689,-0.002115413294445508
부산광역시,수영구,8004,일식회집,5.784897407016729,5.325790177670952,1.7821064423684474,1.5645857203900972,-0.4591072293457765,-0.21752072197835015
부산광역시,수영구,8005,중국음식,2.768729253452047,2.600720960710008,1.6856313424712739,1.5258255907610976,-0.168008292742039,-0.1598057517101763
부산광역시,수영구,8006,서양음식,13.774635128934024,14.149670902508038,20.7578058868427,21.56235464951389,0.3750357735740142,0.8045487626711889
부산광역시,수영구,8021,스넥,3.17242653412714,3.8411046767790475,3.89514109346477,4.249339187058276,0.6686781426519075,0.3541980935935065
부산광역시,수영구,8301,제과점,3.836673639294632,3.7488717381824084,5.428120575258791,5.297375277465806,-0.08780190111222375,-0.13074529779298505
부산광역시,연제구,4004,대형할인점,18.90799871276862,13.478512340176946,8.737204305707378,5.89782974699601,-5.429486372591674,-2.839374558711368
부산광역시,연제구,4010,편의점,10.038616941395215,11.532817695951671,25.22705121508613,25.910007149611385,1.4942007545564557,0.6829559345252534
부산광역시,연제구,4020,슈퍼마켓,10.842719395478003,12.71751640971729,16.24031404308938,17.334348116884616,1.8747970142392862,1.0940340737952354
부산광역시,연제구,8001,일반한식,39.47181797594784,39.65286623834687,18.252300667180023,17.461657326045344,0.18104826239902394,-0.7906433411346789
부산광역시,연제구,8002,갈비전문점,0.05822338231963862,0.06508250932192487,0.013677459654186434,0.011347125164325745,0.006859127002286254,-0.0023303344898606883
부산광역시,연제구,8004,일식회집,2.7066423522961585,2.5380440011080836,0.8702956808305558,0.8061994049678268,-0.16859835118807487,-0.06409627586272892
부산광역시,연제구,8005,중국음식,2.7170117161893184,2.6891304675393015,1.6709117049976578,1.5724532392352224,-0.027881248650016843,-0.09845846576243544
부산광역시,연제구,8006,서양음식,8.58863422366837,9.948003537521256,19.586337617860394,21.351230425055927,1.359369313852886,1.7648928071955332
부산광역시,연제구,8021,스넥,3.5660480804757992,4.293880853224163,4.575917978320688,4.921976982863995,0.7278327727483638,0.3460590045433074
부산광역시,연제구,8301,제과점,3.1022872194610316,3.0841459470924986,4.825989327273608,4.73295048317535,-0.018141272368533023,-0.09303884409825791
부산광역시,영도구,4004,대형할인점,3.3010507659197366,0.3278599158155418,1.8935595834940224,0.36821021606924176,-2.973190850104195,-1.5253493674247807
부산광역시,영도구,4010,편의점,13.709330294974048,14.932552491981967,30.41347584155143,31.487577575292143,1.2232221970079191,1.0741017337407115
부산광역시,영도구,4020,슈퍼마켓,15.99648689707558,18.520840390887937,19.145501625254806,20.40308018016148,2.5243534938123577,1.2575785549066758
부산광역시,영도구,8001,일반한식,42.39555639954425,41.0258407088835,18.705305492810314,18.293239793270928,-1.3697156906607475,-0.41206569953938654
부산광역시,영도구,8002,갈비전문점,1.4679073300417775,1.2222711113360876,0.3895102198225993,0.3103011685589157,-0.24563621870568997,-0.0792090512636836
부산광역시,영도구,8004,일식회집,2.4039435371566023,2.7818771083430356,0.9211613685196409,1.0984038689055398,0.37793357118643334,0.17724250038589884
부산광역시,영도구,8005,중국음식,2.798297252816812,2.7590333454041853,1.929921216461903,1.8520517237800702,-0.039263907412626864,-0.07786949268183285
부산광역시,영도구,8006,서양음식,10.959615141157109,10.9385282126962,18.38962040658917,18.135909836235705,-0.02108692846090854,-0.25371057035346567
부산광역시,영도구,8021,스넥,4.129161919230282,4.262438493817258,4.253484656492755,3.680026567591689,0.13327657458697573,-0.5734580889010656
부산광역시,영도구,8301,제과점,2.838650462083808,3.228758220834291,3.958459589003361,4.37119907013429,0.39010775875048287,0.41273948113092906
부산광역시,중구,4004,대형할인점,4.553545994732607,3.7794543035887243,2.7098308624952065,2.272893193487942,-0.7740916911438829,-0.4369376690072646
부산광역시,중구,4010,편의점,10.047426523870683,11.31487124797594,26.61733149482307,26.940632919753448,1.2674447241052569,0.32330142493037783
부산광역시,중구,4020,슈퍼마켓,5.010619743227102,5.553354506903473,8.37630443119049,8.65162992654293,0.5427347636763704,0.27532549535243867
부산광역시,중구,8001,일반한식,49.33288022428898,48.53675839290925,26.03885348759414,25.3955313904697,-0.7961218313797289,-0.6433220971244396
부산광역시,중구,8002,갈비전문점,0.09555270141280067,0.11867018544430472,0.024885161100821614,0.026420905889428508,0.023117484031504043,0.0015357447886068937
부산광역시,중구,8003,한정식,0.013293419757220176,,0.003467604415688258,,,
부산광역시,중구,8004,일식회집,6.3599518238471955,5.6130158727199335,2.234361104085246,1.9909543161678562,-0.746935951127262,-0.2434067879173898
부산광역시,중구,8005,중국음식,3.1639338527428924,2.988568322984262,2.15521813271542,2.080646338792495,-0.1753655297586305,-0.0745717939229249
부산광역시,중구,8006,서양음식,15.060045277587594,15.700447739906275,22.28690550981944,23.18729988771115,0.640402462318681,0.9003943778917076
부산광역시,중구,8021,스넥,3.55813872133294,3.6692672185964477,4.855666065615235,4.653208228026324,0.1111284972635076,-0.202457837588911
부산광역시,중구,8301,제과점,2.804611717199986,2.7255922089713915,4.697176146145248,4.800782893158724,-0.07901950822859449,0.10360674701347605
부산광역시,해운대구,4004,대형할인점,10.473026748587175,6.8710212230000085,6.176816248158509,3.734628596604351,-3.602005525587167,-2.4421876515541583
부산광역시,해운대구,4010,편의점,12.01194894648984,13.885485478624204,28.731034711072116,30.220827319392463,1.8735365321343647,1.4897926083203465
부산광역시,해운대구,4020,슈퍼마켓,9.561346323168467,11.379587820836868,12.441428169433731,13.758137464346603,1.8182414976684012,1.3167092949128723
부산광역시,해운대구,8001,일반한식,41.90464811940635,41.36403685393515,18.95505934153245,17.983882256025225,-0.5406112654712061,-0.9711770855072253
부산광역시,해운대구,8002,갈비전문점,0.28072826090586256,0.28046004586749834,0.05144588085345869,0.05145791694680732,-0.0002682150383642168,1.203609334862743e-05
부산광역시,해운대구,8004,일식회집,3.261657216916568,2.972890766238551,1.0207074636253786,0.9589988824969652,-0.288766450678017,-0.061708581128413376
부산광역시,해운대구,8005,중국음식,2.2863806721226747,2.1063777528353027,1.495307301408637,1.349379177728876,-0.180002919287372,-0.14592812367976116
부산광역시,해운대구,8006,서양음식,12.500718888455598,12.69456558680981,20.533991028421035,21.29732464725225,0.19384669835421242,0.763333618831215
부산광역시,해운대구,8021,스넥,4.718913686263349,5.223996755574214,5.988711039014782,5.87664326870785,0.5050830693108654,-0.11206777030693171
부산광역시,해운대구,8301,제과점,3.000631137684114,3.2215777162783925,4.605498816479896,4.768720470498608,0.22094657859427835,0.16322165401871214
서울특별시,강남구,4004,대형할인점,6.829714282683421,5.995013387604006,3.893432457635007,3.415073657517443,-0.8347008950794148,-0.4783588001175638
서울특별시,강남구,4010,편의점,10.216841373169576,12.157394714762182,24.730632608573274,27.55904625286199,1.9405533415926062,2.828413644288716
서울특별시,강남구,4020,슈퍼마켓,5.629084298360098,5.547294993501216,3.5660558348953884,3.4472913335317585,-0.0817893048588818,-0.11876450136362982
서울특별시,강남구,8001,일반한식,31.935802860388723,32.10162859625909,15.162161092596834,14.64175012420838,0.1658257358703672,-0.5204109683884539
서울특별시,강남구,8004,일식회집,5.781939366495137,5.50105822683007,2.0314517886574466,1.9566175712779996,-0.280881139665067,-0.07483421737944695
서울특별시,강남구,8005,중국음식,4.365784067602317,3.863782273720926,1.8478511084319755,1.664060287470586,-0.5020017938813912,-0.18379082096138943
서울특별시,강남구,8006,서양음식,29.924404533208598,29.21815733392028,41.75625142480036,40.48624440917949,-0.7062471992883168,-1.2700070156208696
서울특별시,강남구,8021,스넥,2.887273448136517,3.1215951885929045,3.6012264570029395,3.3546222116626256,0.23432174045638732,-0.2466042453403139
서울특별시,강남구,8301,제과점,2.429155769955609,2.494075284809327,3.4109372274067766,3.4752941522897216,0.06491951485371805,0.06435692488294498
서울특별시,강동구,4004,대형할인점,14.158893219123753,11.597186163578895,9.076230495836485,7.286390022036228,-2.561707055544858,-1.7898404738002576
서울특별시,강동구,4010,편의점,13.643895247887814,15.331877850600344,29.938073495820028,31.558364296138198,1.6879826027125304,1.6202908003181697
서울특별시,강동구,4020,슈퍼마켓,13.090724135608125,12.383190427594819,12.667257432869642,12.055343388839706,-0.7075337080133064,-0.6119140440299358
서울특별시,강동구,8001,일반한식,32.712606379562175,32.36892618828251,16.354695335285808,15.418266956255462,-0.34368019127966676,-0.936428379030346
서울특별시,강동구,8002,갈비전문점,0.012741787160978381,0.011714329458160502,0.007969280157445257,0.006591677298179946,-0.0010274577028178793,-0.0013776028592653112
서울특별시,강동구,8004,일식회집,4.275287356021722,4.016380446550239,1.5572146672868845,1.507908761173519,-0.25890690947148265,-0.049305906113365605
서울특별시,강동구,8005,중국음식,2.6639212641106154,2.5584640389155475,1.8745999118181824,1.6683618680646586,-0.10545722519506784,-0.20623804375352384
서울특별시,강동구,8006,서양음식,11.425988754850627,13.439822944720897,17.629606915256236,20.006908745320118,2.01383418987027,2.3773018300638817
서울특별시,강동구,8021,스넥,4.1799328340711215,4.563521360126275,5.097047641569498,4.999328316427211,0.3835885260551537,-0.09771932514228698
서울특별시,강동구,8301,제과점,3.8360090216030733,3.7289162501723094,5.797304824099796,5.492535968446726,-0.1070927714307639,-0.3047688556530703
서울특별시,강북구,4004,대형할인점,3.9935547356733263,3.8061729949835232,3.233444729059583,2.8439001754769615,-0.18738174068980307,-0.3895445535826214
서울특별시,강북구,4010,편의점,15.478619764396232,16.744852339273343,31.758808461551514,32.775922854140774,1.2662325748771117,1.01711439258926
서울특별시,강북구,4020,슈퍼마켓,20.649766623738067,19.470856159351847,20.698824407538723,19.663953618612293,-1.1789104643862203,-1.0348707889264297
서울특별시,강북구,8001,일반한식,38.771183728438615,38.314827641696226,17.42650426639977,16.749782653915695,-0.4563560867423888,-0.6767216124840765
서울특별시,강북구,8002,갈비전문점,0.028846654428174818,0.025012418753367058,0.013005592404734036,0.008400492828912628,-0.00383423567480776,-0.004605099575821408
서울특별시,강북구,8004,일식회집,3.2950901799331405,3.0823870593091676,1.0415783134573955,1.0096592333416894,-0.2127031206239729,-0.0319190801157061
서울특별시,강북구,8005,중국음식,2.684701799843477,2.3906974791679785,1.9193144356421086,1.5883598504445595,-0.2940043206754983,-0.33095458519754906
서울특별시,강북구,8006,서양음식,9.078929737913635,9.985202443171085,15.773663109919875,17.984121735141795,0.9062727052574502,2.2104586252219196
서울특별시,강북구,8021,스넥,3.3299109935624167,3.835558214218248,3.608345066639525,3.539941009872579,0.5056472206558311,-0.06840405676694594
서울특별시,강북구,8301,제과점,2.6893957820729137,2.344433250075212,4.52651161738678,3.8359583762247387,-0.34496253199770166,-0.6905532411620414
서울특별시,강서구,4004,대형할인점,15.854710737579031,13.664189970581686,7.675844021076599,6.371652846173695,-2.190520766997345,-1.304191174902904
서울특별시,강서구,4010,편의점,14.857375982372044,16.639196819386534,32.58642967246643,34.26053534895267,1.7818208370144895,1.674105676486242
서울특별시,강서구,4020,슈퍼마켓,11.0090206512294,10.86507427035296,11.904135224719667,11.561399797247804,-0.14394638087644118,-0.3427354274718635
서울특별시,강서구,8001,일반한식,33.214028607012,32.491625733269885,16.501229132454135,15.297763244622114,-0.7224028737421122,-1.2034658878320208
서울특별시,강서구,8004,일식회집,3.7100607036584305,3.5788007406885765,1.3458748501365143,1.3436307317544425,-0.1312599629698541,-0.0022441183820718358
서울특별시,강서구,8005,중국음식,3.1381355886626063,2.839984645651182,1.8455877167353436,1.579889623563278,-0.2981509430114242,-0.2656980931720656
서울특별시,강서구,8006,서양음식,12.10266224840942,13.549032354446105,19.477908359108174,21.32095868281999,1.4463701060366851,1.843050323711818
서울특별시,강서구,8021,스넥,2.943216994258468,3.2460689081356473,3.468584079712262,3.318874908743169,0.30285191387717925,-0.1497091709690932
서울특별시,강서구,8301,제과점,3.1707884868186014,3.126026557487423,5.194406943590881,4.945294816122836,-0.04476192933117851,-0.24911212746804523
서울특별시,관악구,4004,대형할인점,3.578905215412308,2.6984827966214144,2.841978057103123,2.402085649918903,-0.8804224187908938,-0.4398924071842196
서울특별시,관악구,4010,편의점,18.178610227822407,19.99702211233524,34.845143598960334,36.220160406299534,1.8184118845128339,1.3750168073392004
서울특별시,관악구,4020,슈퍼마켓,17.891750656188794,16.97325066825217,17.688551617398424,16.561516683359226,-0.9184999879366238,-1.127034934039198
서울특별시,관악구,8001,일반한식,34.426716994298495,33.641115917822454,15.886870431483825,14.76187471905239,-0.7856010764760413,-1.124995712431435
서울특별시,관악구,8002,갈비전문점,0.015512620235197094,0.020409672260166094,0.007780671969673604,0.011172185726415516,0.004897052024969,0.003391513756741912
서울특별시,관악구,8004,일식회집,4.54376045738936,4.175170696775069,1.5794764098437417,1.4499525510700324,-0.3685897606142907,-0.1295238587737093
서울특별시,관악구,8005,중국음식,3.6543371898467174,3.5070704574298803,1.8815907899274644,1.6966606994051139,-0.14726673241683708,-0.18493009052235054
서울특별시,관악구,8006,서양음식,10.693448817274218,11.80945165338603,16.672367819701503,18.843599914828513,1.1160028361118126,2.17123209512701
서울특별시,관악구,8021,스넥,3.640360963308936,3.983583128139317,3.918023961665821,3.7932199290763364,0.3432221648303808,-0.12480403258948458
서울특별시,관악구,8301,제과점,3.376596858223572,3.1944428969782543,4.6782166419460935,4.259757261263535,-0.18215396124531757,-0.4184593806825587
서울특별시,광진구,4004,대형할인점,11.188289220825567,8.793046448683931,7.070012845866828,5.6812858750900155,-2.3952427721416356,-1.3887269707768128
서울특별시,광진구,4010,편의점,13.073442282841672,15.277466680805432,30.14002186286128,32.86909830735995,2.20402439796376,2.72907644449867
서울특별시,광진구,4020,슈퍼마켓,11.619735480110029,10.871388447682499,12.004184957509088,10.921321252036272,-0.7483470324275299,-1.0828637054728159
서울특별시,광진구,8001,일반한식,34.60114771576192,33.894026163145114,17.456403501886676,16.067495857541374,-0.7071215526168046,-1.3889076443453021
서울특별시,광진구,8004,일식회집,4.348818703910169,4.340866007021372,1.7467315788163806,1.7307436849354336,-0.00795269688879685,-0.015987893880947013
서울특별시,광진구,8005,중국음식,5.841591729708283,5.3831842052586,2.777081135720125,2.4684334165320805,-0.458407524449683,-0.30864771918804434
서울특별시,광진구,8006,서양음식,13.244779533510506,15.02132439793521,19.960773202488003,22.05081415916829,1.7765448644247037,2.090040956680287
서울특별시,광진구,8021,스넥,3.508202244451488,3.9425610712497443,4.446565214311559,4.175842999070132,0.4343588267982561,-0.2707222152414275
서울특별시,광진구,8301,제과점,2.5739930888803673,2.476136578218096,4.3982257005400625,4.03496444826646,-0.0978565106622713,-0.3632612522736025
서울특별시,구로구,4004,대형할인점,13.68518223269348,11.332618075360589,6.812729748182722,5.33592170679792,-2.352564157332891,-1.4768080413848024
서울특별시,구로구,4010,편의점,14.368901565907194,16.404977522965666,30.974256944818617,33.186259711177264,2.036075957058472,2.2120027663586477
서울특별시,구로구,4020,슈퍼마켓,17.81418727612315,17.41833554355753,17.52990194462159,16.247367998685434,-0.395851732565621,-1.282533945936155
서울특별시,구로구,8001,일반한식,31.890259048660525,30.914013521948476,15.604581010887983,14.50862302862624,-0.9762455267120487,-1.0959579822617442
서울특별시,구로구,8002,갈비전문점,0.002898810038479204,0.009667541649240573,0.0008846134359913823,0.0031335623636231623,0.006768731610761369,0.00224894892763178
서울특별시,구로구,8004,일식회집,2.554201500284133,2.56899157032401,1.0184313230358968,1.0732833237160992,0.014790070039876646,0.05485200068020246
서울특별시,구로구,8005,중국음식,4.776489251162397,4.936225749707346,2.6165257048559645,2.5183141434483707,0.15973649854494898,-0.0982115614075938
서울특별시,구로구,8006,서양음식,8.620461300636089,9.836408382178938,16.4185862108066,18.809552015224526,1.2159470815428488,2.3909658044179274
서울특별시,구로구,8021,스넥,3.337729861891693,3.8457901008576787,3.899938961672916,3.7413970338157236,0.5080602389659856,-0.15854192785719246
서울특별시,구로구,8301,제과점,2.9496891526028564,2.7329719914505306,5.124163537681717,4.5761474761448016,-0.21671716115232575,-0.5480160615369156
서울특별시,금천구,4004,대형할인점,23.891813061441685,18.56509910837994,13.764879769870156,11.044428276288707,-5.326713953061745,-2.7204514935814483
서울특별시,금천구,4010,편의점,14.749241790403067,17.2217707989118,31.24245085106721,33.20691694452982,2.4725290085087313,1.9644660934626117
서울특별시,금천구,4020,슈퍼마켓,14.946366333171662,15.165673983143552,14.819078685971299,14.546768551986025,0.21930764997189023,-0.2723101339852736
서울특별시,금천구,8001,일반한식,27.588478797002857,28.142925911787568,15.394105306654376,14.604935005310852,0.5544471147847112,-0.7891703013435247
서울특별시,금천구,8003,한정식,0.017715332520772387,0.0317258185883989,0.00516520716453966,0.00700331879496228,0.014010486067626515,0.0018381116304226194
서울특별시,금천구,8004,일식회집,1.607848887550102,1.8603199398601573,0.7754763910300217,0.8287260574038698,0.2524710523100553,0.05324966637384809
서울특별시,금천구,8005,중국음식,3.6803437438004627,3.7171961996425895,1.9736057913892022,1.7877916590473153,0.03685245584212682,-0.18581413234188693
서울특별시,금천구,8006,서양음식,8.446033590128248,9.514301896441946,15.814175712401266,17.730846895778942,1.0682683063136977,1.9166711833776766
서울특별시,금천구,8021,스넥,2.8668981381649967,3.5414952458897484,2.9066210009376836,3.015317814497648,0.6745971077247517,0.10869681355996441
서울특별시,금천구,8301,제과점,2.205260325816149,2.239491097354301,3.304441283514248,3.2272654763618536,0.034230771538152016,-0.07717580715239425
서울특별시,노원구,4004,대형할인점,21.961231015817546,18.75771194465721,10.924688434638831,8.987308965300409,-3.2035190711603363,-1.9373794693384223
서울특별시,노원구,4010,편의점,11.7241752361026,13.714955488697242,28.600807024132862,31.008102378028834,1.990780252594643,2.4072953538959716
서울특별시,노원구,4020,슈퍼마켓,15.323994788228454,14.926461986045107,14.904389167006363,14.070265929649095,-0.3975328021833473,-0.834123237357268
서울특별시,노원구,8001,일반한식,29.053525692027577,28.95629658897515,15.02942752584355,13.78288006186189,-0.09722910305242749,-1.2465474639816598
서울특별시,노원구,8004,일식회집,3.1299513536478987,3.3014297034860753,1.2985668680410198,1.2980799870837814,0.17147834983817667,-0.000486880957238478
서울특별시,노원구,8005,중국음식,2.493447210856702,2.1347325017493284,1.7007964897656331,1.367504663009904,-0.3587147091073737,-0.3332918267557292
서울특별시,노원구,8006,서양음식,10.0253078668656,11.370413945182559,17.982439667846823,20.423685965933473,1.3451060783169595,2.44124629808665
서울특별시,노원구,8021,스넥,3.4916873714322025,4.082667632016352,4.648312440171665,4.421765528141637,0.5909802605841494,-0.2265469120300283
서울특별시,노원구,8301,제과점,2.7966794650214193,2.7553302091909826,4.910572382553256,4.64040652099098,-0.04134925583043669,-0.2701658615622762
서울특별시,도봉구,4004,대형할인점,11.871605807532582,7.965176447081079,7.511213737824137,5.642152578349357,-3.9064293604515026,-1.8690611594747795
서울특별시,도봉구,4010,편의점,15.25400892296392,16.50578636964352,32.66873689518805,34.10779539684521,1.2517774466796006,1.4390585016571649
서울특별시,도봉구,4020,슈퍼마켓,18.136152346678664,16.59179190136295,17.25615096743371,15.987847005452199,-1.5443604453157143,-1.2683039619815126
서울특별시,도봉구,8001,일반한식,33.58150734199552,35.76396693999485,15.847687802461271,15.822033545594538,2.1824595979993333,-0.025654256866733505
서울특별시,도봉구,8004,일식회집,3.084029285402283,3.0163834022354923,1.0064495580858348,1.081616514754235,-0.06764588316679054,0.07516695666840012
서울특별시,도봉구,8005,중국음식,2.30441084750772,2.0722772244972423,1.5742583892914335,1.413243434469555,-0.23213362301047757,-0.16101495482187844
서울특별시,도봉구,8006,서양음식,8.864832091376714,10.918033036114721,15.17636754518672,17.43039081033837,2.0532009447380073,2.25402326515165
서울특별시,도봉구,8021,스넥,3.673170911919958,4.2964758364635225,4.007219258433527,4.102551296458151,0.6233049245435645,0.09533203802462431
서울특별시,도봉구,8301,제과점,3.230282444622643,2.8701088426066192,4.95191584609532,4.412369417738378,-0.3601736020160238,-0.5395464283569416
서울특별시,동대문구,4004,대형할인점,6.4043735727580735,5.605131029204931,4.0571868241972195,3.403126577319078,-0.7992425435531425,-0.6540602468781413
서울특별시,동대문구,4010,편의점,16.94889377584465,18.87817231322909,35.152871765751975,36.54932883418692,1.929278537384441,1.3964570684349482
서울특별시,동대문구,4020,슈퍼마켓,14.528941136726123,11.72469647141557,13.93923850031286,11.453321944280708,-2.804244665310554,-2.4859165560321514
서울특별시,동대문구,8001,일반한식,38.04949829299429,37.53690690411185,17.465113981452003,16.333789836682396,-0.5125913888824414,-1.1313241447696072
서울특별시,동대문구,8002,갈비전문점,0.012993383119646321,,0.0038920252402826604,,,
서울특별시,동대문구,8004,일식회집,2.810663669526294,2.9597268759824606,0.9716091728049226,1.063311602362052,0.14906320645616677,0.09170242955712926
서울특별시,동대문구,8005,중국음식,3.361063378474512,3.225120480681724,2.027844945706248,1.8551037192080844,-0.13594289779278768,-0.1727412264981636
서울특별시,동대문구,8006,서양음식,10.471887191447756,12.114061078017704,17.39216345707645,20.42484813616036,1.6421738865699478,3.0326846790839106
서울특별시,동대문구,8021,스넥,4.228371701710904,4.885220174567717,4.131434690319535,4.2436280721322355,0.6568484728568134,0.11219338181270011
서울특별시,동대문구,8301,제과점,3.18331389739775,3.070964672788947,4.858644637138503,4.6735412776681615,-0.11234922460880314,-0.1851033594703413
서울특별시,동작구,4004,대형할인점,4.782589553277489,3.7022281182848107,4.033846783086062,3.0897455342969575,-1.0803614349926787,-0.9441012487891047
서울특별시,동작구,4010,편의점,15.912731889800682,17.815975033094713,33.744942662094296,35.81418002617103,1.9032431432940307,2.0692373640767343
서울특별시,동작구,4020,슈퍼마켓,12.845722092980319,12.219401342437381,12.200195048561747,11.464852342816014,-0.6263207505429378,-0.7353427057457331
서울특별시,동작구,8001,일반한식,37.56884616804856,35.375457215636246,16.79318789301309,15.109107198540903,-2.193388952412313,-1.684080694472188
서울특별시,동작구,8004,일식회집,5.878305255174647,5.283851617014002,1.8041478135138442,1.7699832026822953,-0.5944536381606449,-0.03416461083154898
서울특별시,동작구,8005,중국음식,3.0621809784322247,2.9622769727203497,1.8407322645055808,1.6738908635969247,-0.09990400571187497,-0.16684140090865607
서울특별시,동작구,8006,서양음식,11.981363601503183,14.702458403796461,19.179603963041483,21.496798335153123,2.721094802293278,2.31719437211164
서울특별시,동작구,8021,스넥,4.433494388628985,4.509781483066951,5.052662084018864,4.4043264162550555,0.07628709443796655,-0.6483356677638081
서울특별시,동작구,8301,제과점,3.534766072153909,3.428569813949086,5.350681488165033,5.177116080487696,-0.10619625820482304,-0.1735654076773363
서울특별시,마포구,4004,대형할인점,6.238621611719801,3.68752674526701,4.053931952573615,2.526173943829886,-2.5510948664527913,-1.5277580087437292
서울특별시,마포구,4010,편의점,11.843088893140036,14.215636753965487,29.324934492555744,32.11964990619047,2.372547860825451,2.794715413634723
서울특별시,마포구,4020,슈퍼마켓,5.792521729677378,6.008722693342505,5.687727770136637,5.6462742321226,0.21620096366512698,-0.04145353801403662
서울특별시,마포구,8001,일반한식,35.44709874482127,34.22898526707053,18.00137038561547,16.375845068556828,-1.218113477750741,-1.6255253170586421
서울특별시,마포구,8003,한정식,0.11135731686398029,0.1779423388123531,0.005396207093878945,0.005720093544603483,0.06658502194837282,0.0003238864507245382
서울특별시,마포구,8004,일식회집,8.190568900001482,7.721214336333343,3.737940104611122,3.4454230822031633,-0.4693545636681389,-0.29251702240795874
서울특별시,마포구,8005,중국음식,4.580297625812591,4.136979656760087,2.554664832792876,2.1983824779686083,-0.44331796905250354,-0.3562823548242675
서울특별시,마포구,8006,서양음식,21.134277511610456,22.892472959612803,27.184585420703367,29.062169589333408,1.758195448002347,1.8775841686300403
서울특별시,마포구,8021,스넥,3.6379076542537083,4.168307799761709,4.61971799170741,4.33251927370467,0.5304001455080005,-0.28719871800274
서울특별시,마포구,8301,제과점,3.024260012099299,2.762211449074174,4.829730842209885,4.287842332545766,-0.2620485630251248,-0.5418885096641182
서울특별시,서대문구,4004,대형할인점,3.8558446151514283,3.152377949629682,3.7133357929420576,2.937597791688053,-0.7034666655217463,-0.7757380012540045
서울특별시,서대문구,4010,편의점,16.267858149671998,18.315948654621465,32.90244107305569,35.05207750884367,2.0480905049494673,2.1496364357879756
서울특별시,서대문구,4020,슈퍼마켓,16.94348583466416,13.919639286162614,13.52536710723433,10.895320240597421,-3.0238465485015453,-2.63004686663691
서울특별시,서대문구,8001,일반한식,32.15525011843804,31.011289093632037,15.177947729416106,13.76811386417314,-1.1439610248060035,-1.409833865242966
서울특별시,서대문구,8002,갈비전문점,0.019696959712028984,0.01196930020464584,0.005741449758593303,0.0026762783291229744,-0.007727659507383144,-0.0030651714294703284
서울특별시,서대문구,8004,일식회집,3.3710358038007078,3.5628373664036337,1.6992564822562621,1.7297360329335165,0.1918015626029259,0.030479550677254386
서울특별시,서대문구,8005,중국음식,4.691317887695112,4.598473768256832,2.23363660238015,2.1118703457847183,-0.09284411943828008,-0.12176625659543161
서울특별시,서대문구,8006,서양음식,14.534159580520658,17.087270795199437,20.53312550702849,23.971902900798963,2.553111214678779,3.438777393770472
서울특별시,서대문구,8021,스넥,4.11109963952367,4.28406068727138,4.580188383345968,4.014417493684461,0.1729610477477097,-0.5657708896615068
서울특별시,서대문구,8301,제과점,4.050251410822198,4.056133098618276,5.628959872582344,5.516287543166936,0.005881687796078339,-0.11267232941540861
서울특별시,서초구,4004,대형할인점,13.927870712297718,11.957207453448584,7.599625713614842,6.415092649259853,-1.9706632588491342,-1.1845330643549898
서울특별시,서초구,4010,편의점,10.608221725579474,12.482617159772005,28.834712375398496,31.560325186499576,1.8743954341925306,2.7256128111010796
서울특별시,서초구,4020,슈퍼마켓,2.6299781311549553,2.3688311518773144,2.5290615154393135,2.2973477669045077,-0.26114697927764086,-0.23171374853480575
서울특별시,서초구,8001,일반한식,36.897011763189845,36.58563649507112,20.463792698611847,18.820177061910076,-0.3113752681187236,-1.643615636701771
서울특별시,서초구,8003,한정식,0.0012317807000809815,,0.0008761385420353751,,,
서울특별시,서초구,8004,일식회집,4.673849737914968,4.2981509977693175,1.839248436676795,1.6957001090188915,-0.3756987401456504,-0.14354832765790349
서울특별시,서초구,8005,중국음식,5.3713850394864675,4.660543033238308,2.324629188964393,2.007190655395595,-0.7108420062481597,-0.3174385335687977
서울특별시,서초구,8006,서양음식,18.570989100951692,20.280964790467625,25.522967095740917,26.964621773877912,1.7099756895159324,1.4416546781369952
서울특별시,서초구,8021,스넥,3.9698081075173994,4.2319974804876495,5.365180385243957,5.074445848631161,0.26218937297025,-0.29073453661279647
서울특별시,서초구,8301,제과점,3.349653901207398,3.1340514378680746,5.519906451767405,5.165098948502432,-0.21560246333932342,-0.3548075032649729
서울특별시,성동구,4004,대형할인점,17.859415856226114,14.180870036892237,7.9252335665332,5.996151217407744,-3.678545819333877,-1.9290823491254567
서울특별시,성동구,4010,편의점,12.415738452853855,14.404923485232812,29.567459294785163,32.674031381635395,1.9891850323789573,3.106572086850232
서울특별시,성동구,4020,슈퍼마켓,9.533368413907455,8.823383406847404,9.358794652117341,8.304063519454772,-0.7099850070600517,-1.0547311326625692
서울특별시,성동구,8001,일반한식,29.41459727056115,29.763330302366214,16.0279336983236,14.9555741908589,0.34873303180506454,-1.0723595074647
서울특별시,성동구,8004,일식회집,4.192438028347966,4.4866385202423,1.982198867314933,2.0695204533226046,0.29420049189433417,0.08732158600767148
서울특별시,성동구,8005,중국음식,2.62703992861664,2.6697533293216407,1.8293513356087605,1.6173612087310167,0.04271340070500074,-0.21199012687774377
서울특별시,성동구,8006,서양음식,17.67939101361006,19.289482382654956,23.7441673842853,25.898913712621003,1.6100913690448948,2.154746328335701
서울특별시,성동구,8021,스넥,2.8095594757871516,3.1955918195367827,4.186283322123816,3.6430617695674723,0.38603234374963113,-0.5432215525563437
서울특별시,성동구,8301,제과점,3.4684515600896004,3.186026716905653,5.378577878907879,4.841322546401098,-0.28242484318394734,-0.5372553325067813
서울특별시,성북구,4004,대형할인점,8.629076609837263,6.252060958922969,5.429780755878995,4.002805929840864,-2.377015650914294,-1.4269748260381308
서울특별시,성북구,4010,편의점,14.688312708649317,16.573535334520447,31.902740368031523,34.50277326054129,1.8852226258711298,2.600032892509766
서울특별시,성북구,4020,슈퍼마켓,20.962273673333236,18.19195235159015,17.803637537915048,15.304750116157509,-2.7703213217430864,-2.498887421757539
서울특별시,성북구,8001,일반한식,30.896011910072563,30.888867972490242,14.394454888301983,13.28333720525032,-0.007143937582320348,-1.1111176830516634
서울특별시,성북구,8004,일식회집,3.1791264792712273,2.991792020991527,1.1634795135550553,1.1617565919386688,-0.1873344582797003,-0.0017229216163865413
서울특별시,성북구,8005,중국음식,3.167141835594658,2.894082558732927,1.9023314674184846,1.7139585027297015,-0.2730592768617308,-0.18837296468878306
서울특별시,성북구,8006,서양음식,11.691485975969458,15.067170453068405,18.847487410579202,21.858756098269254,3.3756844770989467,3.011268687690052
서울특별시,성북구,8021,스넥,3.4351317844734948,3.9810523040160124,3.8001545434624653,3.9578856429318154,0.5459205195425176,0.15773109946935016
서울특별시,성북구,8301,제과점,3.351439022798787,3.159486045667328,4.755933514857247,4.213976652340574,-0.19195297713145898,-0.5419568625166731
서울특별시,송파구,4004,대형할인점,14.234573781992523,11.65735181410208,8.473509139220386,6.784605884825726,-2.577221967890443,-1.6889032543946607
서울특별시,송파구,4010,편의점,12.539291839126923,14.47272407383616,30.502354425196643,33.13040426246589,1.9334322347092368,2.628049837269245
서울특별시,송파구,4020,슈퍼마켓,10.82079378845761,10.093076799909879,11.112468657196132,10.170422203762444,-0.7277169885477317,-0.9420464534336883
서울특별시,송파구,8001,일반한식,33.959219356793625,32.92989716428084,16.153844460441473,14.805642658449605,-1.0293221925127867,-1.348201801991868
서울특별시,송파구,8003,한정식,0.007401320471483092,0.015568703867430587,0.003687388690393637,0.005631797126576652,0.008167383395947496,0.001944408436183015
서울특별시,송파구,8004,일식회집,4.602640816447885,4.335314440352561,1.7927313313564528,1.7148822250425904,-0.2673263760953244,-0.07784910631386244
서울특별시,송파구,8005,중국음식,3.6423036704856213,3.0696610895687786,2.0041232710549894,1.6484069053878199,-0.5726425809168427,-0.3557163656671696
서울특별시,송파구,8006,서양음식,13.985554140659248,16.998334908135153,20.94326704839395,23.90345892911378,3.0127807674759044,2.9601918807198295
서울특별시,송파구,8021,스넥,3.453032295693507,3.6372859065890424,4.507364870963411,3.748262691154257,0.1842536108955355,-0.7591021798091537
서울특별시,송파구,8301,제과점,2.7551889898715776,2.7907850993580756,4.50664940748617,4.088282442671322,0.03559610948649805,-0.41836696481484736
서울특별시,양천구,4004,대형할인점,10.936668708450098,8.494950301523762,6.6634192712887685,5.601243036343654,-2.441718406926336,-1.062176234945115
서울특별시,양천구,4010,편의점,13.067525781149888,14.47647350861174,28.373473357588658,30.04304945412309,1.408947727461852,1.6695760965344313
서울특별시,양천구,4020,슈퍼마켓,20.396946851684003,19.812107472303904,18.67710124899547,17.605311378760426,-0.5848393793800994,-1.071789870235044
서울특별시,양천구,8001,일반한식,30.99051543514475,30.4301183528505,15.069380888362915,13.880913922601119,-0.5603970822942514,-1.188466965761796
서울특별시,양천구,8002,갈비전문점,0.011673723454858584,0.04992414169013009,0.0019312703789259775,0.00983285176258989,0.038250418235271505,0.007901581383663913
서울특별시,양천구,8004,일식회집,2.564327918917269,2.49509611612397,1.005977281822776,1.001721773313845,-0.06923180279329877,-0.004255508508930861
서울특별시,양천구,8005,중국음식,3.051001424328442,2.684099612202599,1.92268695501964,1.6276442433262077,-0.36690181212584294,-0.2950427116934322
서울특별시,양천구,8006,서양음식,10.740831933940145,12.94597569062308,17.027152588599712,19.333332650496406,2.2051437566829346,2.3061800618966934
서울특별시,양천구,8021,스넥,3.8219368049018905,4.321875314629717,4.307162116200248,4.188180297628132,0.49993850972782683,-0.11898181857211565
서울특별시,양천구,8301,제과점,4.418571418028657,4.289379489440593,6.951715021742885,6.708770391644535,-0.12919192858806383,-0.24294463009835
서울특별시,영등포구,4004,대형할인점,9.89781743131411,8.59783969179976,6.250206088926783,5.12319276959076,-1.2999777395143504,-1.1270133193360223
서울특별시,영등포구,4010,편의점,12.113694737336566,13.973126974991992,30.786977064068928,32.68642827194035,1.859432237655426,1.8994512078714223
서울특별시,영등포구,4020,슈퍼마켓,8.059306425180266,7.8059154496184515,9.423268970780123,9.087102431348523,-0.253390975561814,-0.33616653943160024
서울특별시,영등포구,8001,일반한식,37.675761277710784,37.1484927887953,18.349039272305887,17.067979576870755,-0.5272684889154817,-1.2810596954351325
서울특별시,영등포구,8003,한정식,0.007522360957041407,0.007743896053035113,0.005888255050945183,0.00528925328415797,0.00022153509599370617,-0.0005990017667872128
서울특별시,영등포구,8004,일식회집,4.998362490420487,4.858254293853905,1.9384724453216637,1.8663350598704904,-0.14010819656658136,-0.07213738545117332
서울특별시,영등포구,8005,중국음식,7.553271619314664,7.021325734535831,3.551795446730134,3.1176842326808636,-0.5319458847788328,-0.43411121404927044
서울특별시,영등포구,8006,서양음식,14.302110498555148,14.803531898881776,21.912434581486384,23.58202557464156,0.5014214003266275,1.6695909931551753
서울특별시,영등포구,8021,스넥,3.040019288778838,3.4816147285491517,3.936887327061949,3.838675570977647,0.44159543977031346,-0.09821175608430233
서울특별시,영등포구,8301,제과점,2.3521338704320955,2.3021545429207997,3.8450305482672045,3.6252872587948985,-0.04997932751129586,-0.21974328947230592
서울특별시,용산구,4004,대형할인점,5.169902693507116,3.959686172747752,2.750908978977354,2.154232647565733,-1.210216520759364,-0.5966763314116212
서울특별시,용산구,4010,편의점,13.583990418806103,15.068872779033955,35.45932120863889,37.330826435380544,1.4848823602278518,1.8715052267416539
서울특별시,용산구,4020,슈퍼마켓,5.165037870391082,4.816843126263612,6.762449141017199,6.289286463547739,-0.3481947441274693,-0.4731626774694604
서울특별시,용산구,8001,일반한식,29.018619734330503,28.64880866153139,13.770308614453,12.564586702641362,-0.36981107279911285,-1.2057219118116382
서울특별시,용산구,8003,한정식,0.05336259582949247,0.02430124728907252,0.009047815372331595,0.004248979580997501,-0.029061348540419946,-0.004798835791334094
서울특별시,용산구,8004,일식회집,4.47262809781404,4.379210729079408,1.5231111053072433,1.4661635166679503,-0.0934173687346318,-0.056947588639292945
서울특별시,용산구,8005,중국음식,11.374457973445088,9.776292060052949,8.037724726280265,6.46508799371151,-1.5981659133921386,-1.5726367325687551
서울특별시,용산구,8006,서양음식,25.77649096797943,27.84933436626756,24.914885241987086,27.236844318273356,2.0728433982881285,2.3219590762862694
서울특별시,용산구,8021,스넥,2.744462376862299,3.002332499847789,3.0717799571301447,3.034036982056028,0.25787012298548984,-0.037742975074116725
서울특별시,용산구,8301,제과점,2.641047271034843,2.4743183578865158,3.7004632108364848,3.4546859605747806,-0.16672891314832716,-0.24577725026170416
서울특별시,은평구,4004,대형할인점,20.450617780613374,17.901610243968065,10.032164326873435,8.371698695374493,-2.549007536645309,-1.6604656314989423
서울특별시,은평구,4010,편의점,14.10560348491047,15.428500543658991,31.36823011142783,33.03194367724141,1.3228970587485218,1.6637135658135769
서울특별시,은평구,4020,슈퍼마켓,16.517118013492244,15.567749461436902,16.899228333092662,15.859954627430053,-0.9493685520553417,-1.039273705662609
서울특별시,은평구,8001,일반한식,28.690166845528214,28.197352581637663,14.95314808843805,13.865080846266892,-0.4928142638905513,-1.0880672421711584
서울특별시,은평구,8004,일식회집,2.895573941591033,3.0013936539533357,1.046527498916976,1.0939872435366598,0.10581971236230281,0.04745974461968383
서울특별시,은평구,8005,중국음식,2.491973894901936,2.3266391740809484,1.6936713818593987,1.5359899763946345,-0.16533472082098744,-0.15768140546476417
서울특별시,은평구,8006,서양음식,8.556513638995822,10.976437172880065,14.547533375928978,17.170207158887465,2.4199235338842424,2.6226737829584863
서울특별시,은평구,8021,스넥,3.2673302109055307,3.7186042028596407,4.091258859531303,4.0712456261611605,0.45127399195411,-0.02001323337014238
서울특별시,은평구,8301,제과점,3.025102189061379,2.881712965524391,5.368238023931367,4.9998921487072385,-0.14338922353698802,-0.3683458752241284
서울특별시,종로구,4004,대형할인점,2.419534411008856,1.3713510990786282,2.166677199856749,1.1918615495004714,-1.0481833119302277,-0.9748156503562775
서울특별시,종로구,4010,편의점,9.319387346465858,10.992137823551897,25.33450980964095,28.001322421406254,1.6727504770860389,2.6668126117653053
서울특별시,종로구,4020,슈퍼마켓,3.53228432136402,3.3717607854151663,4.608594759008714,4.362820356219952,-0.1605235359488537,-0.2457744027887614
서울특별시,종로구,8001,일반한식,46.639932062250054,45.721290807610025,25.522405715795088,23.480806238201154,-0.9186412546400291,-2.041599477593934
서울특별시,종로구,8002,갈비전문점,0.15821939499672835,0.1623540492426082,0.040674318624138506,0.03657138844739096,0.00413465424587986,-0.004102930176747545
서울특별시,종로구,8003,한정식,0.007522045791308532,0.004519220413360843,0.0017825398600220064,0.0008045705458426012,-0.0030028253779476894,-0.0009779693141794051
서울특별시,종로구,8004,일식회집,4.88048281276645,4.378406573565095,2.1819908377451194,1.9360893044048775,-0.5020762392013554,-0.2459015333402419
서울특별시,종로구,8005,중국음식,4.266068436085476,3.764721782853571,2.279220284655411,1.8816710783951598,-0.5013466532319049,-0.39754920626025103
서울특별시,종로구,8006,서양음식,22.649350005491947,23.833861631607512,29.596319541336293,31.182009217452745,1.1845116261155653,1.585689676116452
서울특별시,종로구,8021,스넥,3.5126671678514603,3.950432176849343,4.223890247400328,4.330491248832458,0.4377650089978826,0.10660100143213036
서울특별시,종로구,8301,제과점,2.6145519959278376,2.44916404981279,4.043934746077197,3.59555262659369,-0.1653879461150476,-0.4483821194835067
서울특별시,중구,4004,대형할인점,5.076035174834429,4.3068199526074356,2.473198028220836,2.1074687630203006,-0.7692152222269932,-0.3657292652005353
서울특별시,중구,4010,편의점,11.166883542437285,12.728597295475804,28.351568282921047,29.955899550541744,1.5617137530385197,1.6043312676206973
서울특별시,중구,4020,슈퍼마켓,7.622382524749044,7.150687867322798,7.928617885943323,7.261914266793965,-0.47169465742624617,-0.6667036191493585
서울특별시,중구,8001,일반한식,42.67831599377414,42.020845035261814,22.683355037582874,21.127557178617888,-0.6574709585123273,-1.5557978589649863
서울특별시,중구,8004,일식회집,4.196900619435009,3.785085668910689,1.9221660020192919,1.694777656040648,-0.41181495052432027,-0.22738834597864388
서울특별시,중구,8005,중국음식,5.1838297845525645,4.433210593105744,2.9154432374724952,2.4403858940287604,-0.7506191914468205,-0.47505734344373485
서울특별시,중구,8006,서양음식,17.52991625339492,19.278929620431636,24.37186839547412,27.211513753127388,1.7490133670367172,2.839645357653268
서울특별시,중구,8021,스넥,3.776592225239929,3.953907453004859,4.452509701727117,4.21882893950261,0.17731522776493014,-0.23368076222450718
서울특별시,중구,8301,제과점,2.7691438815826785,2.341916513879223,4.90127342863889,3.9816539983266925,-0.4272273677034555,-0.9196194303121978
서울특별시,중랑구,4004,대형할인점,10.934232278367558,4.302712171868898,6.191147331008661,3.168233975700073,-6.63152010649866,-3.0229133553085883
서울특별시,중랑구,4010,편의점,16.23493024592473,18.727567757623657,33.788539776326566,35.64097760597144,2.492637511698927,1.8524378296448774
서울특별시,중랑구,4020,슈퍼마켓,16.373997365193812,16.539923362825526,17.959422854436234,17.287700952276253,0.16592599763171378,-0.6717219021599803
서울특별시,중랑구,8001,일반한식,36.2388995273852,38.10886959389765,16.55616561145397,16.114771219247896,1.869970066512451,-0.44139439220607457
서울특별시,중랑구,8004,일식회집,3.9006370767878127,3.74590249374192,1.1185988041566155,1.0772421792531883,-0.15473458304589283,-0.041356624903427175
서울특별시,중랑구,8005,중국음식,2.0625325438399313,1.9567682946750697,1.6320957601179398,1.4371081493713003,-0.1057642491648616,-0.1949876107466395
서울특별시,중랑구,8006,서양음식,8.098258922347197,9.713909662724866,14.541321218171351,17.22095523774375,1.615650740377669,2.679634019572397
서울특별시,중랑구,8021,스넥,3.386693375141201,4.0887161639718155,3.8130102108765467,3.8484793755742097,0.7020227888306145,0.035469164697663036
서울특별시,중랑구,8301,제과점,2.7698186650125622,2.8156304986705956,4.399698433452115,4.204531304861892,0.04581183365803332,-0.19516712859022256
세종특별자치시,세종특별자치시,4004,대형할인점,5.001286507491292,3.5645801976042955,5.261247480214417,4.126564679162511,-1.4367063098869965,-1.1346828010519054
세종특별자치시,세종특별자치시,4010,편의점,14.512168178805448,17.474363853874195,30.245043071318843,34.08996374449295,2.962195675068747,3.844920673174105
세종특별자치시,세종특별자치시,4020,슈퍼마켓,12.546311996705088,12.44505566874711,11.581777169932394,11.056418404959189,-0.10125632795797834,-0.5253587649732054
세종특별자치시,세종특별자치시,8001,일반한식,37.86668872973978,37.40447475535637,18.1550956384213,16.7433084193664,-0.4622139743834097,-1.4117872190549008
세종특별자치시,세종특별자치시,8002,갈비전문점,0.038640684367433814,0.037606039493608336,0.009236513070476215,0.008635690445040306,-0.0010346448738254785,-0.0006008226254359088
세종특별자치시,세종특별자치시,8004,일식회집,2.5444663357811828,2.483542815929337,0.983607619961239,0.9454641755578296,-0.06092351985184585,-0.03814344440340944
세종특별자치시,세종특별자치시,8005,중국음식,4.830267384443896,3.9548109842336228,2.7236370471677938,2.1746107822352334,-0.8754564002102736,-0.5490262649325603
세종특별자치시,세종특별자치시,8006,서양음식,14.799745789756491,14.629748557299704,21.066055652421912,21.596998234001305,-0.16999723245678666,0.5309425815793922
세종특별자치시,세종특별자치시,8021,스넥,3.7137789043683975,4.00458902684835,3.962464107234296,3.5825161811249715,0.29081012247995286,-0.3799479261093244
세종특별자치시,세종특별자치시,8301,제과점,4.146645488540991,4.001228100613415,6.0118357002573255,5.675519688654574,-0.1454173879275764,-0.3363160116027517
울산광역시,남구,4004,대형할인점,10.701357129024089,9.293408809915073,4.983590937963159,3.9663994273177585,-1.4079483191090159,-1.0171915106454006
울산광역시,남구,4010,편의점,13.992134312571691,15.549553047282211,32.85919574030944,34.882987739629876,1.5574187347105202,2.023791999320437
울산광역시,남구,4020,슈퍼마켓,12.261881706814446,12.12040680950191,15.221512535190282,14.537560944851515,-0.14147489731253593,-0.6839515903387667
울산광역시,남구,8001,일반한식,40.02765901450485,39.80588621832636,18.62938261149144,18.02177972875484,-0.22177279617849166,-0.6076028827366002
울산광역시,남구,8002,갈비전문점,0.01723101980822421,0.03472434887952987,0.0025485998384579796,0.00454362529371292,0.017493329071305658,0.0019950254552549406
울산광역시,남구,8004,일식회집,4.299760156121978,3.735436794937408,1.3822233200806142,1.2475496877880334,-0.5643233611845697,-0.13467363229258078
울산광역시,남구,8005,중국음식,2.932153480219087,2.5105340905905837,1.9183114937931793,1.574783435982174,-0.4216193896285034,-0.34352805781100537
울산광역시,남구,8006,서양음식,10.299233790675387,11.475125635704728,18.06026066294963,19.17697327791965,1.1758918450293407,1.1167126149700195
울산광역시,남구,8021,스넥,3.1532766249050304,3.313761742176122,3.5750974349322853,3.3592227248028164,0.1604851172710915,-0.2158747101294689
울산광역시,남구,8301,제과점,2.3153127653552223,2.1611625026860763,3.36787666345151,3.228199407659625,-0.154150262669146,-0.13967725579188484
울산광역시,동구,4004,대형할인점,5.31793267917619,3.080344131081249,4.360474106205893,2.882638791777374,-2.2375885480949407,-1.477835314428519
울산광역시,동구,4010,편의점,14.88425218697134,16.363347308647914,32.32626654763844,33.42172423437281,1.4790951216765738,1.0954576867343704
울산광역시,동구,4020,슈퍼마켓,22.13626318579351,24.298295854080596,24.406284855444614,26.20699902111593,2.162032668287086,1.800714165671316
울산광역시,동구,8001,일반한식,40.0571748745791,38.80351060989305,17.269126812483123,16.232519927282897,-1.2536642646860443,-1.036606885200225
울산광역시,동구,8002,갈비전문점,0.059053354219723825,0.06889143891387958,0.017112026043266625,0.016780869808418402,0.009838084694155758,-0.0003311562348482233
울산광역시,동구,8004,일식회집,1.6448572301493825,1.2509503145974437,0.4958364172777859,0.40239127394769963,-0.3939069155519388,-0.09344514333008624
울산광역시,동구,8005,중국음식,2.9405763477821525,2.666485945534999,2.37321122631376,2.0927143056915116,-0.27409040224715353,-0.2804969206222485
울산광역시,동구,8006,서양음식,7.739875912385119,7.9962986138145675,12.170361558555086,12.237624108516291,0.25642270142944845,0.06726254996120495
울산광역시,동구,8021,스넥,2.74592699191714,2.9551981444152076,2.724935520648855,2.733358970773318,0.20927115249806771,0.008423450124463105
울산광역시,동구,8301,제과점,2.474087237026345,2.5166776390210894,3.8563909293891827,3.7732484967137463,0.04259040199474429,-0.08314243267543642
울산광역시,북구,4004,대형할인점,9.383845582239712,8.045457375329844,4.850617991323566,4.142952733903938,-1.3383882069098672,-0.7076652574196283
울산광역시,북구,4010,편의점,13.43277333711379,15.656359099855852,31.926414013260214,33.97581546516074,2.2235857627420614,2.049401451900529
울산광역시,북구,4020,슈퍼마켓,13.326114941785066,14.36035457902122,15.751207334042727,16.65821053560399,1.034239637236153,0.9070032015612615
울산광역시,북구,8001,일반한식,46.69991693775279,44.35465564553592,21.777441270360974,19.87981264154828,-2.3452612922168683,-1.8976286288126936
울산광역시,북구,8002,갈비전문점,0.007516514925039413,,0.0024555946631742652,,,
울산광역시,북구,8004,일식회집,1.185991880260966,1.5420643548472062,0.4864123761971024,0.5724433071560928,0.35607247458624025,0.08603093095899039
울산광역시,북구,8005,중국음식,1.8641908471683195,1.6907155274386885,1.5650323319963984,1.2614341598282302,-0.17347531972963104,-0.3035981721681682
울산광역시,북구,8006,서양음식,9.496498160356758,9.419331357064523,17.33874928378489,17.227528750845615,-0.07716680329223458,-0.11122053293927436
울산광역시,북구,8021,스넥,2.5615141115431785,2.790561799905177,3.001555209953344,2.8311494455719286,0.2290476883619985,-0.1704057643814152
울산광역시,북구,8301,제과점,2.0416376868543766,2.1405002610015758,3.300114594417615,3.4506529603811877,0.09886257414719912,0.15053836596357284
울산광역시,울주군,4004,대형할인점,12.085710921863349,9.949307611773298,7.498497711899662,5.976347164097059,-2.136403310090051,-1.5221505478026032
울산광역시,울주군,4010,편의점,16.013814214512774,17.69175142381211,33.901172555122415,36.01495610145671,1.677937209299337,2.1137835463342967
울산광역시,울주군,4020,슈퍼마켓,12.872885679525922,14.414698993707523,13.261428945624875,13.873158361466775,1.541813314181601,0.6117294158419
울산광역시,울주군,8001,일반한식,40.04866371021546,39.14459742904325,20.64975886349979,19.51812727206725,-0.9040662811722058,-1.1316315914325408
울산광역시,울주군,8002,갈비전문점,0.22628625250186415,0.1898176297261028,0.03682531856211769,0.0315042705789007,-0.03646862277576135,-0.005321047983216989
울산광역시,울주군,8004,일식회집,1.3415486048428242,1.3649168378599106,0.4878199103249565,0.4560988637719039,0.02336823301708635,-0.03172104655305258
울산광역시,울주군,8005,중국음식,2.5881244849103253,2.3496947303661435,1.8275527341643425,1.587270718919676,-0.2384297545441818,-0.24028201524466652
울산광역시,울주군,8006,서양음식,9.546485616734037,9.270051196074128,15.360318022834779,15.452779895348778,-0.27643442065990875,0.09246187251399896
울산광역시,울주군,8021,스넥,2.963070523134885,3.388726789973772,3.5928568126839338,3.8004781388884563,0.425656266838887,0.20762132620452256
울산광역시,울주군,8301,제과점,2.313409991758565,2.236437357663761,3.383769125283124,3.2892792134044835,-0.07697263409480426,-0.09448991187864042
울산광역시,중구,4004,대형할인점,7.103211260107445,3.607888135448392,3.7900789721142725,2.2231378529961625,-3.495323124659053,-1.56694111911811
울산광역시,중구,4010,편의점,13.48783384596644,16.018823127300248,28.782797560102857,31.830127259011448,2.5309892813338077,3.047329698908591
울산광역시,중구,4020,슈퍼마켓,18.12961665871493,17.938977423233503,22.56363954097979,21.26668634589524,-0.19063923548142725,-1.2969531950845479
울산광역시,중구,8001,일반한식,39.14847636868528,40.10485775843654,18.962461200475996,18.096485617763783,0.9563813897512574,-0.8659755827122133
울산광역시,중구,8002,갈비전문점,0.0923754707596106,0.03979467898755501,0.01872363088650151,0.007994686608284956,-0.05258079177205559,-0.010728944278216553
울산광역시,중구,8004,일식회집,1.699077034826342,1.8743782081408193,0.6750909136299711,0.7291564170684509,0.17530117331447737,0.05406550343847982
울산광역시,중구,8005,중국음식,3.0525637858829073,2.667952466110436,1.8049580174587454,1.5038210502148315,-0.3846113197724712,-0.3011369672439139
울산광역시,중구,8006,서양음식,10.94542177466927,11.096489889588076,15.805240952325475,16.901997441700285,0.15106811491880556,1.09675648937481
울산광역시,중구,8021,스넥,3.663888635110123,3.853736244285618,3.7657382519618205,3.5242218505034604,0.1898476091754948,-0.24151640145836017
울산광역시,중구,8301,제과점,2.677535165277651,2.7971020684688206,3.8312709600645753,3.916371478238053,0.1195669031911697,0.08510051817347764
인천광역시,강화군,4010,편의점,11.619687984448436,13.40516517815227,29.29287896904477,34.32926520484124,1.7854771937038336,5.036386235796471
인천광역시,강화군,4020,슈퍼마켓,16.06738600851399,14.822644386844926,15.217716221602231,13.727220771328739,-1.2447416216690623,-1.4904954502734924
인천광역시,강화군,8001,일반한식,49.03171830015503,48.61595190471991,27.502657101102695,25.86360315129242,-0.41576639543512073,-1.6390539498102754
인천광역시,강화군,8002,갈비전문점,0.035372425502596026,0.21765788732434438,0.038195828351268765,0.18302961028438317,0.18228546182174835,0.1448337819331144
인천광역시,강화군,8004,일식회집,3.591377740594011,4.424003254910106,1.0860900757273815,1.1777557531342917,0.8326255143160952,0.09166567740691023
인천광역시,강화군,8005,중국음식,3.0438741110755676,2.7925649203770457,2.630530091669988,2.218781876451396,-0.25130919069852187,-0.41174821521859206
인천광역시,강화군,8006,서양음식,12.418797214498388,12.15925159829174,18.446924405473627,17.61063163301478,-0.2595456162066476,-0.8362927724588474
인천광역시,강화군,8021,스넥,2.124806220625507,1.8166609288443647,2.5740666932376777,2.231803745957795,-0.30814529178114247,-0.3422629472798828
인천광역시,강화군,8301,제과점,2.066979994586481,1.7460999405352962,3.210940613790355,2.6579082536949556,-0.3208800540511849,-0.5530323600953992
인천광역시,계양구,4004,대형할인점,12.145866403799845,10.893761914033316,7.20489926870622,6.437427298777202,-1.2521044897665288,-0.7674719699290184
인천광역시,계양구,4010,편의점,13.773897509707098,16.370798676042437,31.463186979431292,34.63198809006515,2.596901166335339,3.168801110633858
인천광역시,계양구,4020,슈퍼마켓,20.844074003797992,21.252507323876063,19.8465481906045,18.84176779509417,0.4084333200780712,-1.0047803955103305
인천광역시,계양구,8001,일반한식,35.40271536490512,34.309880327638744,17.05238940680143,15.378539121657237,-1.0928350372663758,-1.6738502851441943
인천광역시,계양구,8004,일식회집,1.6291880901583833,1.6467967381018145,0.5273478754802505,0.5669762114879504,0.0176086479434312,0.03962833600769988
인천광역시,계양구,8005,중국음식,2.034672504037875,1.897098975336536,1.4470311527724655,1.2304145332264187,-0.1375735287013391,-0.21661661954604683
인천광역시,계양구,8006,서양음식,7.022508742944325,7.652782620113831,13.65367159714333,15.295516005094873,0.6302738771695058,1.6418444079515435
인천광역시,계양구,8021,스넥,3.0441798292908304,3.447179798327394,3.7108449554430294,3.5756682539611435,0.40299996903656377,-0.13517670148188587
인천광역시,계양구,8301,제과점,4.102897551358531,2.529193626529864,5.094080573617478,4.041702690635859,-1.573703924828667,-1.0523778829816193
인천광역시,남동구,4004,대형할인점,13.071615022609503,11.519082567422387,6.322640254148373,5.131014753033977,-1.5525324551871158,-1.1916255011143964
인천광역시,남동구,4010,편의점,15.44507839023643,17.732987467826707,33.99364629066024,36.19083305654356,2.2879090775902764,2.1971867658833233
인천광역시,남동구,4020,슈퍼마켓,18.576105282039443,18.82875380229811,17.60258898202385,17.610589336889596,0.252648520258667,0.008000354865746573
인천광역시,남동구,8001,일반한식,33.49549795683049,32.7277667772866,16.395042610193588,15.13416932190122,-0.7677311795438939,-1.2608732882923679
인천광역시,남동구,8002,갈비전문점,0.013049400491338297,0.0072460668701268315,0.005286624514647203,0.0025036260851132724,-0.005803333621211466,-0.00278299842953393
인천광역시,남동구,8003,한정식,,0.006742867781923579,,0.0037554391276699082,,
인천광역시,남동구,8004,일식회집,3.6178262666538066,2.996953129520929,1.128247004110554,0.9220020329443811,-0.6208731371328775,-0.2062449711661728
인천광역시,남동구,8005,중국음식,2.6571023435239405,2.423155209242761,1.8245361190320109,1.5146103272906928,-0.23394713428117964,-0.30992579174131807
인천광역시,남동구,8006,서양음식,7.355410242164577,8.12309256095628,14.892665255815693,16.57100033214773,0.767682318791703,1.6783350763320364
인천광역시,남동구,8021,스넥,3.1851448068841477,3.283575330161502,3.9928654968857717,3.490472033662087,0.09843052327735435,-0.5023934632236848
인천광역시,남동구,8301,제과점,2.583170288566325,2.350644220632672,3.8424813626152687,3.4290497403739755,-0.23252606793365294,-0.41343162224129326
인천광역시,동구,4004,대형할인점,34.593571463365414,33.67470775687251,10.776186887716655,9.585966951622147,-0.9188637064929068,-1.1902199360945076
인천광역시,동구,4010,편의점,11.057180434646458,12.521238030363532,30.293896006028636,32.86917072304426,1.4640575957170743,2.5752747170156276
인천광역시,동구,4020,슈퍼마켓,20.64013973264302,20.651586686397483,23.410392914732075,22.830342511644428,0.011446953754461475,-0.5800504030876468
인천광역시,동구,8001,일반한식,23.49707382587698,22.42070482856897,14.333406260381976,13.689164426577547,-1.0763689973080126,-0.6442418338044291
인천광역시,동구,8004,일식회집,0.5563558172063214,0.2822602745088828,0.2114884410627902,0.11704970172507043,-0.27409554269743863,-0.09443873933771976
인천광역시,동구,8005,중국음식,2.029185194463581,1.9351075407731035,2.493294763027607,2.1311118107185236,-0.09407765369047727,-0.3621829523090834
인천광역시,동구,8006,서양음식,3.8666555325915257,4.8027309953883135,12.361134744876875,13.241953842055555,0.9360754627967878,0.88081909717868
인천광역시,동구,8021,스넥,2.069198277001872,2.18409163867553,3.089675960813866,2.818072473946351,0.1148933616736576,-0.271603486867515
인천광역시,동구,8301,제과점,1.690639722204825,1.5275722484516792,3.0305240213595224,2.7171675586661177,-0.1630674737531459,-0.31335646269340467
인천광역시,미추홀구,4004,대형할인점,5.677665144201374,3.7078066768443265,3.877221004766068,2.6630076218190037,-1.9698584673570472,-1.2142133829470643
인천광역시,미추홀구,4010,편의점,20.41151946910799,23.08523416101657,38.38096266068028,40.605555030390796,2.673714691908579,2.224592369710514
인천광역시,미추홀구,4020,슈퍼마켓,18.316102119054854,17.921989358358402,18.271084629651817,16.931430915875428,-0.3941127606964514,-1.3396537137763893
인천광역시,미추홀구,8001,일반한식,35.201347400694125,33.84446140721117,15.470660406972542,14.228857272887627,-1.3568859934829547,-1.2418031340849147
인천광역시,미추홀구,8004,일식회집,2.6203590126961758,2.231250841902025,0.7859606455235297,0.7509747761742386,-0.3891081707941506,-0.034985869349291154
인천광역시,미추홀구,8005,중국음식,2.967105420741247,2.7813636567733826,1.66163785207066,1.4962972636100778,-0.18574176396786424,-0.1653405884605823
인천광역시,미추홀구,8006,서양음식,8.491032246596514,9.326380158053075,14.331477936756757,16.127051756448726,0.8353479114565605,1.7955738196919686
인천광역시,미추홀구,8021,스넥,3.6272535995189292,4.493231107718558,3.803942577439949,4.01312500426358,0.865977508199629,0.2091824268236313
인천광역시,미추홀구,8301,제과점,2.6876155873887932,2.6082826321224912,3.417052286138395,3.1837003585305217,-0.07933295526630202,-0.2333519276078735
인천광역시,부평구,4004,대형할인점,9.690736106789606,9.79195192828646,5.963975399969359,5.849805064596863,0.10121582149685437,-0.11417033537249655
인천광역시,부평구,4010,편의점,14.871136392520171,16.87612668078609,32.71916632534697,34.9577290045341,2.004990288265919,2.238562679187133
인천광역시,부평구,4020,슈퍼마켓,22.63178883985503,22.92311481061912,19.080578544696206,18.24287976751943,0.2913259707640883,-0.8376987771767759
인천광역시,부평구,8001,일반한식,33.130195848142094,30.65546963502931,16.166437904307507,14.387270611220135,-2.4747262131127847,-1.7791672930873723
인천광역시,부평구,8002,갈비전문점,0.00503972618948494,0.0026104516573905332,0.0014851314888521341,0.000871485240605191,-0.002429274532094407,-0.0006136462482469431
인천광역시,부평구,8004,일식회집,2.581479225372173,2.352657242772004,0.864659185772753,0.8002611286684577,-0.22882198260016873,-0.06439805710429536
인천광역시,부평구,8005,중국음식,3.1801548729769884,3.0,1.9572469726767072,1.7516853336164337,-0.1801548729769884,-0.20556163906027347
인천광역시,부평구,8006,서양음식,8.236621718152218,8.71728316012412,15.778036937565071,17.17008143633444,0.4806614419719022,1.3920444987693674
인천광역시,부평구,8021,스넥,3.1015351444210233,3.3938334236319756,3.63747784027489,3.3875423561633413,0.2922982792109523,-0.24993548411154887
인천광역시,부평구,8301,제과점,2.571312125581212,2.2869526670935327,3.8309357579016807,3.4518738121061974,-0.2843594584876792,-0.37906194579548336
인천광역시,서구,4004,대형할인점,9.159162363697462,6.815561226551865,4.925561443350997,3.87349551666747,-2.3436011371455967,-1.052065926683527
인천광역시,서구,4010,편의점,18.060293041304735,20.86573195080213,36.901995633523136,39.74608658262194,2.8054389094973935,2.844090949098806
인천광역시,서구,4020,슈퍼마켓,19.777547058560135,21.190253050379464,16.759810859142725,16.263728931673196,1.4127059918193297,-0.49608192746952895
인천광역시,서구,8001,일반한식,32.00890180023761,30.423722325958025,14.800601213397844,13.249980539482609,-1.5851794742795846,-1.550620673915235
인천광역시,서구,8004,일식회집,2.5379671907229113,2.285104029815049,0.8253884665035637,0.7435771025699004,-0.2528631609078622,-0.08181136393366328
인천광역시,서구,8005,중국음식,3.0430246703567794,2.7504173602859403,1.9992905389344187,1.7071877884326685,-0.29260731007083907,-0.29210275050175016
인천광역시,서구,8006,서양음식,9.248130149073349,9.56483741374039,15.912041455931131,17.320453559791975,0.31670726466704124,1.4084121038608437
인천광역시,서구,8021,스넥,3.3246583465466815,3.5003582808037095,3.856030601908231,3.451220823124284,0.175699934257028,-0.40480977878394686
인천광역시,서구,8301,제과점,2.8403153795003324,2.604014361663431,4.019279787307961,3.644269155635951,-0.23630101783690138,-0.3750106316720099
인천광역시,연수구,4004,대형할인점,11.18274050683609,9.955016902775519,7.428710837653352,6.688463344241683,-1.2277236040605715,-0.740247493411669
인천광역시,연수구,4010,편의점,13.458907574716376,16.04677957333099,31.838257698844856,35.538161370828156,2.587871998614615,3.6999036719833
인천광역시,연수구,4020,슈퍼마켓,13.855255336281655,12.951714661689376,14.308650261225722,13.132564977090464,-0.9035406745922785,-1.176085284135258
인천광역시,연수구,8001,일반한식,36.12429752484222,33.9051640975318,15.48727884896689,13.435489409157208,-2.2191334273104175,-2.0517894398096814
인천광역시,연수구,8004,일식회집,3.169886212726131,2.9694658390694397,1.171643672121987,1.0314046343634031,-0.2004203736566912,-0.14023903775858382
인천광역시,연수구,8005,중국음식,2.734435933000839,2.3705415888964962,1.6570446923245898,1.4257269535672705,-0.36389434410434296,-0.2313177387573193
인천광역시,연수구,8006,서양음식,13.842396826266773,16.064637542553584,20.037394606227913,21.36117782144677,2.2222407162868105,1.3237832152188567
인천광역시,연수구,8021,스넥,2.324649974493775,2.566919921543593,2.867662168988392,2.637624896263899,0.24226994704981797,-0.23003727272449304
인천광역시,연수구,8301,제과점,3.3074301108361404,3.169759872609198,5.2033572136462976,4.749386593041147,-0.13767023822694258,-0.45397062060515037
인천광역시,옹진군,4004,대형할인점,0.5546287670342527,,0.9017412935323383,,,
인천광역시,옹진군,4010,편의점,28.976103299607857,27.575658668771773,52.10147180762852,50.94165702718334,-1.400444630836084,-1.1598147804451813
인천광역시,옹진군,4020,슈퍼마켓,9.047381762246246,9.535990527010922,9.53047263681592,10.336538461538462,0.48860876476467574,0.8060658247225412
인천광역시,옹진군,8001,일반한식,43.74851051844791,44.00385599234874,19.162002487562187,18.928932909196067,0.2553454739008316,-0.23306957836611986
인천광역시,옹진군,8002,갈비전문점,,0.1267619531967543,,0.05060728744939271,,
인천광역시,옹진군,8004,일식회집,2.6279870875490174,3.7102540552439214,0.769589552238806,0.7283834586466165,1.082266967694904,-0.04120609359218952
인천광역시,옹진군,8005,중국음식,3.587754836752822,2.9762492124818776,2.4668325041459367,2.210454019664546,-0.6115056242709445,-0.2563784844813908
인천광역시,옹진군,8006,서양음식,8.519834477977337,9.75383891364247,12.590692371475953,14.83155002891845,1.234004435665133,2.240857657442497
인천광역시,옹진군,8021,스넥,2.6193210130641074,1.9682260158034963,1.8915837479270317,1.380855986119144,-0.651094997260611,-0.5107277618078876
인천광역시,옹진군,8301,제과점,0.3184782373204498,0.3491646615000418,0.5856135986733002,0.5910208212839791,0.030686424179591998,0.005407222610678941
인천광역시,중구,4004,대형할인점,5.813818374416983,6.031879778411789,2.7900162077543613,2.9530418927549373,0.2180614039948061,0.16302568500057601
인천광역시,중구,4010,편의점,17.127315177620805,18.746955582516193,37.82850674247192,39.84309108371239,1.6196404048953887,2.0145843412404645
인천광역시,중구,4020,슈퍼마켓,7.774186749104195,7.796507353497336,5.844820550418104,6.118887085057942,0.02232060439314143,0.27406653463983766
인천광역시,중구,8001,일반한식,36.149806246588376,36.563491799360406,17.906917229788146,17.5094701124713,0.41368555277203,-0.39744711731684745
인천광역시,중구,8004,일식회집,3.651792421728486,3.797617714954784,0.9856066841424531,0.9972260005167732,0.14582529322629822,0.011619316374320121
인천광역시,중구,8005,중국음식,4.339319782304395,4.2083304338881105,2.0475258390337134,1.9815326712786236,-0.13098934841628473,-0.06599316775508979
인천광역시,중구,8006,서양음식,17.79227850769339,15.91591205453176,23.416631507597817,22.428931498300987,-1.87636645316163,-0.9877000092968302
인천광역시,중구,8021,스넥,2.986153521880354,3.191381537744726,2.6681698609545283,2.715009336043955,0.205228015864372,0.04683947508942676
인천광역시,중구,8301,제과점,4.36532921866302,3.7479237450948952,6.51180537783895,5.4528103198631035,-0.6174054735681249,-1.0589950579758467
전라남도,강진군,4010,편의점,11.203150806758988,12.194616977225673,27.94415478088508,29.00709909559467,0.9914661704666852,1.0629443147095898
전라남도,강진군,4020,슈퍼마켓,17.27777071951891,17.430323299888517,18.806825526780713,19.260916075075368,0.1525525803696084,0.4540905482946549
전라남도,강진군,8001,일반한식,51.86803879219074,51.3768115942029,25.0635584091007,24.150539725760964,-0.49122719798783976,-0.913018683339736
전라남도,강진군,8004,일식회집,1.7710583153347732,2.1548017200191114,0.6054207782134701,0.6554507439463192,0.3837434046843382,0.050029965732849124
전라남도,강진군,8005,중국음식,2.6891966289755644,2.881828316610925,2.2600939371741284,2.407857629096567,0.19263168763536065,0.14776369192243877
전라남도,강진군,8006,서양음식,8.810401050268919,8.43526039178213,17.552893523505837,17.1195176504911,-0.3751406584867887,-0.4333758730147359
전라남도,강진군,8021,스넥,3.624274763901241,3.2473323777671608,3.8350497694661096,3.8568511134882812,-0.3769423861340804,0.021801344022171598
전라남도,강진군,8301,제과점,2.7561089230508617,2.2790253225035833,3.9320032748739604,3.541767966546728,-0.4770836005472785,-0.3902353083272323
전라남도,고흥군,4004,대형할인점,2.115386305125254,2.077516507655053,2.0026903541526546,1.8999720592344231,-0.03786979747020114,-0.10271829491823148
전라남도,고흥군,4010,편의점,11.909427198200493,13.254643536100708,28.27770948813693,30.70905065875728,1.345216337900215,2.4313411706203496
전라남도,고흥군,4020,슈퍼마켓,25.249321231185583,22.450851958202662,22.49692696616184,21.338147742171213,-2.7984692729829206,-1.1587792239906278
전라남도,고흥군,8001,일반한식,42.870071786941274,44.38166316003052,22.573462903263213,21.613256818621444,1.5115913730892458,-0.9602060846417686
전라남도,고흥군,8004,일식회집,0.6431828765739089,0.7145598179195722,0.18670130111093072,0.19451071420895394,0.0713769413456633,0.007809413098023216
전라남도,고흥군,8005,중국음식,3.4074633816306266,3.4903159501219605,3.0567989424125055,2.988587271906635,0.08285256849133393,-0.06821167050587063
전라남도,고흥군,8006,서양음식,8.190477027300126,8.065704216344011,14.523273882691282,15.008489694156083,-0.12477281095611481,0.4852158114648013
전라남도,고흥군,8021,스넥,3.3042202286286675,3.413125846334352,3.46267133613192,3.0756335031272166,0.10890561770568441,-0.3870378330047033
전라남도,고흥군,8301,제과점,2.310449964414062,2.1516190072911567,3.419764825938725,3.172351537816752,-0.1588309571229054,-0.24741328812197327
전라남도,곡성군,4010,편의점,15.113412998034384,13.78942115768463,24.865034855076264,25.710099387434465,-1.3239918403497537,0.8450645323582009
전라남도,곡성군,4020,슈퍼마켓,4.330598109263361,6.748502994011976,3.6296451595995602,5.558988119406147,2.417904884748615,1.9293429598065863
전라남도,곡성군,8001,일반한식,50.134161180618385,48.9500998003992,31.18350018344777,28.359842533585184,-1.184061380219184,-2.823657649862586
전라남도,곡성군,8004,일식회집,0.5460048048422826,0.7065868263473054,0.11006866187955344,0.16770526241460273,0.16058202150502277,0.05763660053504929
전라남도,곡성군,8005,중국음식,6.460016848148263,6.915169660678642,3.8471618009329624,4.219111338641058,0.455152812530379,0.3719495377080957
전라남도,곡성군,8006,서양음식,9.325762066706186,9.974051896207586,12.79679228471094,15.591293448902855,0.6482898295013992,2.7945011641919155
전라남도,곡성군,8021,스넥,12.491029921063305,10.607784431137725,21.94559463284239,17.992126679259272,-1.8832454899255797,-3.953467953583118
전라남도,곡성군,8301,제과점,1.5990140713238277,2.3083832335329344,1.6222024215105613,2.400833230356418,0.7093691622091067,0.7786308088458567
전라남도,광양시,4004,대형할인점,25.541585508781733,21.410582364614587,11.173582267120285,9.421678091417967,-4.1310031441671455,-1.7519041757023182
전라남도,광양시,4010,편의점,10.753298103512277,12.214519937970033,27.16990878921333,28.573851787549515,1.4612218344577563,1.4039429983361842
전라남도,광양시,4020,슈퍼마켓,16.233905713654128,16.839958980886443,16.37906743754044,16.312948384071202,0.6060532672323156,-0.06611905346923663
전라남도,광양시,8001,일반한식,32.558214707268554,33.451610196366474,22.179666464903676,21.584797597309947,0.8933954890979194,-0.5948688675937284
전라남도,광양시,8002,갈비전문점,0.1280452454339566,0.16368413538922932,0.03678695915343032,0.043902974426517395,0.03563888995527273,0.007116015273087077
전라남도,광양시,8004,일식회집,1.5934751145942383,2.038314293155889,0.5872868443572458,0.6974586164576286,0.4448391785616508,0.11017177210038287
전라남도,광양시,8005,중국음식,2.149137258663908,1.9731457758704303,1.843000563544906,1.605701399906207,-0.17599148279347787,-0.23729916363869896
전라남도,광양시,8006,서양음식,6.316968288990195,6.778070684955989,13.779716557784225,14.984384510232388,0.4611023959657947,1.2046679524481636
전라남도,광양시,8021,스넥,2.972359744576846,3.3510566998793623,3.8994176702636136,3.933556839384959,0.37869695530251635,0.034139169121345514
전라남도,광양시,8301,제과점,1.7530103145241682,1.7790569309115638,2.951566446118845,2.8417197992436716,0.026046616387395582,-0.10984664687517354
전라남도,구례군,4010,편의점,10.751964393648002,9.087720528918663,25.663684763318965,23.655037003473794,-1.6642438647293396,-2.0086477598451715
전라남도,구례군,4020,슈퍼마켓,15.85664047475136,13.950171278921585,13.693817681358878,12.091829028847606,-1.906469195829775,-1.601988652511272
전라남도,구례군,8001,일반한식,50.37227320182428,52.51774169034174,28.068523414581147,29.717565322458846,2.1454684885174586,1.6490419078776988
전라남도,구례군,8004,일식회집,0.24314522775976702,0.7026527772906364,0.11589583861504472,0.31717263253285005,0.45950754953086936,0.20127679391780534
전라남도,구례군,8005,중국음식,3.3243584812352323,2.8351630364888405,2.886530730505958,2.371243014650355,-0.48919544474639176,-0.5152877158556031
전라남도,구례군,8006,서양음식,9.541733062256167,10.535115101773584,15.979138749049293,17.251170518048635,0.9933820395174173,1.2720317689993426
전라남도,구례군,8021,스넥,4.408209242266058,4.388949294424374,5.595595958132629,5.751397069929014,-0.019259947841684166,0.1558011117963849
전라남도,구례군,8301,제과점,5.501675916259135,5.982486291840576,7.996812864438087,8.844585410058905,0.48081037558144146,0.8477725456208178
전라남도,나주시,4004,대형할인점,3.220472392900073,2.851255510829979,1.7122148939125459,1.5874331349355835,-0.36921688207009407,-0.12478175897696242
전라남도,나주시,4010,편의점,13.867719411715655,14.889783400421699,29.986068261310596,32.175468997212384,1.0220639887060443,2.1894007359017884
전라남도,나주시,4020,슈퍼마켓,19.209953077997913,17.784167145869272,16.341382314688936,15.206434114367513,-1.4257859321286404,-1.134948200321423
전라남도,나주시,8001,일반한식,41.50715830023166,42.90780141843972,20.968318973681217,19.631582912679875,1.400643118208059,-1.3367360610013428
전라남도,나주시,8004,일식회집,1.258982197300205,1.2741038911251679,0.42342384052999527,0.4411210728546674,0.015121693824962756,0.01769723232467213
전라남도,나주시,8005,중국음식,3.665285650653796,3.234425915276979,2.4715156974076864,2.2688917351013336,-0.4308597353768171,-0.20262396230635282
전라남도,나주시,8006,서양음식,11.377212625618558,11.390070921985815,21.764658840761488,22.728094628192572,0.012858296367257438,0.9634357874310844
전라남도,나주시,8021,스넥,3.6048789119465003,3.607820586543991,3.445053811866811,3.2163037745799747,0.0029416745974906178,-0.22875003728683607
전라남도,나주시,8301,제과점,2.2883374316356395,2.06057120950738,2.8873633658407236,2.7446696300760944,-0.2277662221282597,-0.14269373576462918
전라남도,담양군,4010,편의점,4.024623420230379,4.6909058253985965,12.356175057356825,14.266477446822234,0.6662824051682179,1.910302389465409
전라남도,담양군,4020,슈퍼마켓,14.072054228584127,14.162519014795482,14.215834812345788,14.266477446822234,0.09046478621135456,0.050642634476446347
전라남도,담양군,8001,일반한식,60.1959778455056,60.53603354767782,38.25548677546426,36.86884161976487,0.34005570217221504,-1.3866451556993908
전라남도,담양군,8004,일식회집,0.06528937182297254,0.1281712869104733,0.039825115795852996,0.06208776145398249,0.06288191508750077,0.022262645658129493
전라남도,담양군,8005,중국음식,2.5161097410096813,2.2360583111323975,2.788623869096576,2.465771097743876,-0.2800514298772838,-0.3228527713527001
전라남도,담양군,8006,서양음식,12.344903451283978,11.961837067353876,23.280377472836676,23.70381718782757,-0.3830663839301014,0.42343971499089506
전라남도,담양군,8021,스넥,1.2953630829751106,1.5560157506456185,1.9384442231938013,2.2020996952055345,0.2606526676705079,0.2636554720117332
전라남도,담양군,8301,제과점,5.485678858588158,4.728459196085741,7.1252326739102205,6.16442774435969,-0.7572196625024166,-0.9608049295505303
전라남도,목포시,4004,대형할인점,8.29443447037702,5.872451477745352,3.8657202143034324,2.6876848352912184,-2.4219829926316683,-1.178035379012214
전라남도,목포시,4010,편의점,11.985573791328386,13.610178941036638,28.997506130700142,30.27653413291711,1.6246051497082519,1.2790280022169682
전라남도,목포시,4020,슈퍼마켓,19.179803307859743,21.678459255385548,20.06190856010611,22.40242236917769,2.4986559475258048,2.3405138090715774
전라남도,목포시,8001,일반한식,41.218093134840565,39.40888928836541,19.601456217666218,17.746626755935267,-1.8092038464751568,-1.8548294617309509
전라남도,목포시,8002,갈비전문점,0.005274781144246198,,0.0019309291779737424,,,
전라남도,목포시,8004,일식회집,2.621947538170668,2.492691570116614,0.8637194746090239,0.7498665078452312,-0.12925596805405393,-0.11385296676379264
전라남도,목포시,8005,중국음식,2.5051397340366375,2.4620813327207096,2.0302977641325453,1.91291690626797,-0.04305840131592786,-0.1173808578645752
전라남도,목포시,8006,서양음식,7.657329880364151,7.826666859421071,15.646022063093854,15.845903844574059,0.16933697905691947,0.19988178148020452
전라남도,목포시,8021,스넥,3.4675013107513384,3.6891307258271833,4.5321878467317545,4.288692187628358,0.22162941507584488,-0.2434956591033961
전라남도,목포시,8301,제과점,3.064902051127246,2.9594505493814784,4.399250799478946,4.089352460363099,-0.10545150174576756,-0.30989833911584697
전라남도,무안군,4004,대형할인점,9.766790116483913,7.62929078623024,4.7798455834346605,3.7611620492924414,-2.1374993302536724,-1.0186835341422191
전라남도,무안군,4010,편의점,14.055797165764329,14.652506101225152,30.574240345969777,31.86638305396789,0.596708935460823,1.2921427079981136
전라남도,무안군,4020,슈퍼마켓,13.688944114079465,17.482248194159993,13.771106492324096,15.393616633988797,3.793304080080528,1.6225101416647014
전라남도,무안군,8001,일반한식,37.847992662938964,37.57300008584639,18.13106839731418,16.94239160395463,-0.27499257709257563,-1.1886767933595515
전라남도,무안군,8004,일식회집,2.883723181939211,2.5763726223617565,1.0230546687351378,0.8633198287922363,-0.3073505595774546,-0.1597348399429015
전라남도,무안군,8005,중국음식,3.698922301922213,3.3938754736880834,2.7367311366808225,2.4308173974547667,-0.30504682823412965,-0.3059137392260558
전라남도,무안군,8006,서양음식,12.253268461664662,11.639298021854035,21.508706147312683,22.141553247590764,-0.6139704398106272,0.6328471002780809
전라남도,무안군,8021,스넥,2.8987845975509066,2.71078353221079,3.2111218261645633,2.8499955793864187,-0.18800106534011674,-0.36112624677814464
전라남도,무안군,8301,제과점,2.905777397656336,2.342625182423566,4.264125402064078,3.750760605572053,-0.5631522152327699,-0.5133647964920249
전라남도,보성군,4010,편의점,7.630880858695726,8.807438452079202,18.279878460499663,21.861247540515777,1.1765575933834755,3.5813690800161133
전라남도,보성군,4020,슈퍼마켓,25.715181975027445,22.942128642055863,25.114787305874408,23.133420447888973,-2.773053332971582,-1.981366857985435
전라남도,보성군,8001,일반한식,48.27844872852749,51.15190604060531,31.004388926401084,31.07436278706499,2.873457312077818,0.06997386066390732
전라남도,보성군,8004,일식회집,0.26527369562400693,0.20892413481566996,0.10803511141120864,0.05407110350110396,-0.056349560808336974,-0.05396400791010468
전라남도,보성군,8005,중국음식,3.717923363861403,3.4946169096795243,3.1330182309250505,2.910827738476096,-0.22330645418187878,-0.2221904924489544
전라남도,보성군,8006,서양음식,8.065275059499049,7.93033352573594,14.319716407832544,14.162123191997477,-0.1349415337631088,-0.15759321583506747
전라남도,보성군,8021,스넥,2.71411133311966,2.3991768514568226,2.812288993923025,2.4497213836194596,-0.3149344816628372,-0.3625676103035653
전라남도,보성군,8301,제과점,3.6129049856452147,3.0654754435716614,5.227886563133018,4.354225806936121,-0.5474295420735533,-0.8736607561968972
전라남도,순천시,4004,대형할인점,8.813050583102584,6.145247080727588,3.948837089680832,2.738140666737565,-2.667803502374996,-1.2106964229432666
전라남도,순천시,4010,편의점,10.9980961181275,12.191453281984526,26.526700215179126,28.21216993112422,1.1933571638570264,1.6854697159450929
전라남도,순천시,4020,슈퍼마켓,20.871847664643923,21.134257560365107,21.21923409946248,21.088906683015022,0.2624098957211842,-0.13032741644745727
전라남도,순천시,8001,일반한식,37.96461384376386,38.46834284213332,19.67645974607148,18.517638079985986,0.5037289983694606,-1.158821666085494
전라남도,순천시,8002,갈비전문점,0.021472934799797828,0.030901990474461436,0.00617246907335808,0.00531738534778828,0.009429055674663608,-0.0008550837255698
전라남도,순천시,8004,일식회집,3.1905525288450503,3.0666362797093667,1.0474337102540143,0.9601008426491839,-0.12391624913568355,-0.08733286760483039
전라남도,순천시,8005,중국음식,2.141401988843376,1.980354059555861,1.540202491277101,1.3273132190199746,-0.1610479292875151,-0.2128892722571265
전라남도,순천시,8006,서양음식,10.288326475430932,10.636078846428695,18.529066328323918,19.592531888672717,0.3477523709977639,1.0634655603487992
전라남도,순천시,8021,스넥,3.0234977472798366,3.3883260005485103,3.735715449175718,3.7862911549986547,0.36482825326867374,0.0505757058229368
전라남도,순천시,8301,제과점,2.6871401151631478,2.958402058072566,3.7701784015019677,3.7715901484488876,0.2712619429094181,0.0014117469469199229
전라남도,신안군,4010,편의점,14.358502057368646,15.723053909987772,29.24687877567459,32.857853707082434,1.364551852619126,3.6109749314078456
전라남도,신안군,4020,슈퍼마켓,26.24221987848899,21.31824819251362,26.403544099879177,22.348648200364902,-4.923971685975367,-4.054895899514275
전라남도,신안군,8001,일반한식,41.98963145620107,46.221789559911194,23.946838501812323,25.5730635262896,4.232158103710127,1.6262250244772787
전라남도,신안군,8004,일식회집,3.5992810350718227,3.9806251706575804,1.252517116391462,1.2340354951069827,0.38134413558575764,-0.018481621284479166
전라남도,신안군,8005,중국음식,3.4759874626776988,3.512875001483979,2.9480467176802256,3.1647039310001657,0.03688753880628015,0.21665721331994003
전라남도,신안군,8006,서양음식,6.963858643176518,6.261204041171513,13.141361256544503,11.875932990545696,-0.7026546020050057,-1.265428265998807
전라남도,신안군,8021,스넥,2.7689062523210386,2.3791150736647158,2.392267418445429,1.9107646375850058,-0.38979117865632285,-0.4815027808604231
전라남도,신안군,8301,제과점,0.601613214694217,0.6030890506096186,0.6685461135722915,1.0349975120252115,0.0014758359154015688,0.36645139845291996
전라남도,여수시,4004,대형할인점,6.326431358912851,5.9474714095764725,3.031945351978455,2.968063245056186,-0.37895994933637844,-0.06388210692226926
전라남도,여수시,4010,편의점,13.106957500346548,14.686718907820193,31.908152759220737,34.070999491189156,1.5797614074736455,2.1628467319684184
전라남도,여수시,4020,슈퍼마켓,14.984951612562172,14.784286648958142,16.263721565933874,15.836770326467237,-0.20066496360403008,-0.4269512394666375
전라남도,여수시,8001,일반한식,44.69212479471462,44.12419686010366,22.582155241955146,21.19479829660122,-0.5679279346109638,-1.3873569453539254
전라남도,여수시,8002,갈비전문점,0.10431669043552219,0.044381864942849306,0.017972656484018967,0.009466248223435012,-0.059934825492672886,-0.008506408260583955
전라남도,여수시,8004,일식회집,3.286093222469439,3.3299665025462284,0.9188346473806595,0.8314521356250419,0.04387328007678937,-0.08738251175561751
전라남도,여수시,8005,중국음식,2.448799065848736,2.2967012093455184,1.8385052322722035,1.7010322154833637,-0.1520978565032176,-0.13747301678883983
전라남도,여수시,8006,서양음식,10.211993130135072,9.76913591041617,16.968834856365035,17.19833236260464,-0.4428572197189027,0.2294975062396034
전라남도,여수시,8021,스넥,2.9442446085422214,3.1243385685039513,3.285652386531932,3.1171566545752873,0.18009395996172994,-0.1684957319566447
전라남도,여수시,8301,제과점,1.8940880160328175,1.8928021177868164,3.1842253018779334,3.0719290241744317,-0.001285898246001116,-0.1122962777035017
전라남도,영광군,4010,편의점,12.298914896217253,13.488561434544868,31.378115758343895,32.145216198363904,1.1896465383276151,0.767100440020009
전라남도,영광군,4020,슈퍼마켓,22.48744122622516,23.01232309424252,16.807773553020702,17.11422183832122,0.5248818680173599,0.3064482853005188
전라남도,영광군,8001,일반한식,46.00788581646501,43.1504302026375,21.97887621461766,20.284792439408566,-2.8574556138275113,-1.6940837752090943
전라남도,영광군,8004,일식회집,,0.27591267288517207,,0.10670189522890097,,
전라남도,영광군,8005,중국음식,3.391672938013366,3.2235043422322294,2.847486269539502,2.6802499872973935,-0.16816859578113652,-0.1672362822421083
전라남도,영광군,8006,서양음식,8.233152589905384,8.921678996461885,18.617659484579637,18.939586403129923,0.6885264065565018,0.321926918550286
전라남도,영광군,8021,스넥,4.607349375116582,4.559343840463172,4.677651035065484,4.793963721355622,-0.04800553465341029,0.11631268629013825
전라남도,영광군,8301,제과점,2.9735831580572336,3.368245416532647,3.6924376848331217,3.935267516894467,0.39466225847541336,0.24282983206134512
전라남도,영암군,4004,대형할인점,2.362331542950461,2.024635832234163,2.0441402270150815,1.8365508365508365,-0.33769571071629834,-0.20758939046424496
전라남도,영암군,4010,편의점,18.21059097617068,19.341434759732163,36.18321925179732,37.470398970398975,1.1308437835614846,1.2871797186016565
전라남도,영암군,4020,슈퍼마켓,30.316276003625713,27.313483397121253,28.076972749580264,27.04440154440154,-3.0027926065044603,-1.0325712051787228
전라남도,영암군,8001,일반한식,32.37933643466601,33.61587418282988,14.562974442865958,13.868725868725868,1.2365377481638689,-0.6942485741400901
전라남도,영암군,8004,일식회집,0.16780157463799059,,0.05452953922539355,,,
전라남도,영암군,8005,중국음식,4.8164295720310735,4.442810704838513,2.4624391923888242,2.202059202059202,-0.3736188671925609,-0.2603799903296222
전라남도,영암군,8006,서양음식,6.960768890786645,8.467576275217851,11.6729088639201,13.157657657657657,1.5068073844312062,1.4847487937375572
전라남도,영암군,8021,스넥,3.3429219947412188,3.6168111805450445,3.1533858538895343,2.920849420849421,0.2738891858038257,-0.23253643304011318
전라남도,영암군,8301,제과점,1.4435430103902136,1.177373667481134,1.7894298793175198,1.4993564993564994,-0.2661693429090797,-0.29007337996102045
전라남도,완도군,4010,편의점,20.93437099606131,22.029014607700418,43.362033620336206,45.36817102137768,1.094643611639107,2.006137401041471
전라남도,완도군,4020,슈퍼마켓,15.687372467138044,14.836102605290899,13.172846014174427,13.030520324474521,-0.851269861847145,-0.14232568969990567
전라남도,완도군,8001,일반한식,43.78066720447967,42.931077757140706,20.207344930592164,18.708824452113117,-0.849589447338964,-1.4985204784790476
전라남도,완도군,8004,일식회집,2.1738717790537656,2.499372521459766,0.5318338897674691,0.56805449737821,0.3255007424060006,0.03622060761074086
전라남도,완도군,8005,중국음식,4.582641294547525,4.617740073289493,3.141802846599895,3.00609510151033,0.03509877874196832,-0.13570774508956474
전라남도,완도군,8006,서양음식,6.261092393109667,6.524772852768436,12.754641832132608,12.794111056334872,0.26368045965876874,0.039469224202264286
전라남도,완도군,8021,스넥,4.79713377307455,4.827568897143718,4.109412522696656,3.933805404920898,0.03043512406916804,-0.17560711777575744
전라남도,완도군,8301,제과점,1.782850092535472,1.734350685206566,2.72008434370058,2.590418141890378,-0.04849940732890601,-0.12966620181020216
전라남도,장성군,4010,편의점,13.071276827541126,12.828332161959333,25.04288164665523,25.194822950371414,-0.24294466558179373,0.15194130371618542
전라남도,장성군,4020,슈퍼마켓,9.869675345898246,9.194491762659773,10.140013562567313,10.12281821081894,-0.6751835832384732,-0.01719535174837361
전라남도,장성군,8001,일반한식,51.59943893670334,52.73327218363968,34.8451606898294,33.773868659709244,1.1338332469363337,-1.071292030120155
전라남도,장성군,8004,일식회집,0.3867523695391655,0.3448604476634067,0.12365870198252822,0.12874265141502986,-0.0418919218757588,0.005083949432501636
전라남도,장성군,8005,중국음식,5.400234230308312,5.076417263273256,3.511641203611366,3.42706102173814,-0.32381696703505636,-0.08458018187322613
전라남도,장성군,8006,서양음식,13.530885717398409,14.518088794120098,20.13908279814379,21.79624481611448,0.9872030767216895,1.6571620179706912
전라남도,장성군,8021,스넥,4.229763590805099,3.305061526915792,3.6938050979297135,3.0089322335141047,-0.9247020638893071,-0.6848728644156088
전라남도,장성군,8301,제과점,1.911972981806297,1.9994758597686635,2.503756299280652,2.547509456318644,0.08750287796236655,0.043753157037992096
전라남도,장흥군,4010,편의점,10.853300699495195,12.405831547227468,27.734493394426714,29.39719240297275,1.5525308477322728,1.662699008546035
전라남도,장흥군,4020,슈퍼마켓,28.145990070783906,27.329895521649018,22.62297420171513,22.475639966969446,-0.8160945491348883,-0.14733423474568497
전라남도,장흥군,8001,일반한식,46.174331446689564,45.157000473937,27.27272727272727,26.30222956234517,-1.0173309727525606,-0.9704977103821015
전라남도,장흥군,8004,일식회집,0.15018982324882837,0.33104853256371625,0.0445720194690581,0.0875309661436829,0.18085870931488787,0.0429589466746248
전라남도,장흥군,8005,중국음식,2.7597380021972215,2.7078072278929612,2.248212662019291,2.0165152766308836,-0.051930774304260297,-0.23169738538840745
전라남도,장흥군,8006,서양음식,6.60000834387907,6.6428990797133745,13.728181996469896,13.952105697770437,0.04289073583430447,0.2239237013005404
전라남도,장흥군,8021,스넥,3.36258326495988,3.6061654252346695,3.2840663944802015,3.1461601981833196,0.2435821602747894,-0.13790619629688194
전라남도,장흥군,8301,제과점,1.9538583487463321,1.819352191781791,3.0647720586924354,2.6226259289843106,-0.13450615696454116,-0.44214612970812484
전라남도,진도군,4010,편의점,17.170944917668614,17.536470682795482,34.99866197328064,35.5741033160388,0.3655257651268684,0.5754413427581611
전라남도,진도군,4020,슈퍼마켓,29.784272288617856,24.878832938150545,22.921426954033635,20.277669544531715,-4.9054393504673115,-2.6437574095019194
전라남도,진도군,8001,일반한식,38.27850584578101,41.92340151910943,18.860001235101585,18.954945347907227,3.6448956733284206,0.09494411280564208
전라남도,진도군,8004,일식회집,0.34259666635412234,0.2813165615078568,0.08028160316186007,0.05947132046838792,-0.06128010484626556,-0.020810282693472154
전라남도,진도군,8005,중국음식,2.0519737174262693,2.256962584897319,1.7456102431091625,1.83745872895433,0.20498886747104983,0.09184848584516758
전라남도,진도군,8006,서양음식,7.552994294863935,8.027970903829925,14.868564606105519,16.293091073149725,0.4749766089659895,1.4245264670442062
전라남도,진도군,8021,스넥,3.376199989902414,3.404734155849375,4.129356306222853,4.144535816090069,0.02853416594696112,0.015179509867215835
전라남도,진도군,8301,제과점,1.442512279385778,1.6903106538600652,2.3960970789847464,2.85872485285975,0.2477983744742871,0.46262777387500353
전라남도,함평군,4010,편의점,9.693603087358204,11.674546454095657,18.646072161216363,21.28612306415325,1.9809433667374527,2.6400509029368884
전라남도,함평군,4020,슈퍼마켓,6.220325108174483,5.8966465090709175,5.842886448654519,5.8059020117516,-0.3236785991035651,-0.03698443690291864
전라남도,함평군,8001,일반한식,58.36510349666706,60.08905992303464,45.584650657656574,45.13007579563574,1.7239564263675788,-0.4545748620208343
전라남도,함평군,8004,일식회집,0.33446380540287685,0.11105002748763057,0.10136358151321347,0.04368624538564033,-0.22341377791524628,-0.057677336127573135
전라남도,함평군,8005,중국음식,3.9656180563676764,3.890049477735019,2.6885483287076144,2.6976256525632905,-0.07556857863265742,0.009077323855676056
전라남도,함평군,8006,서양음식,13.895450824464975,10.616822429906541,18.34439483528418,16.447871387693585,-3.2786283945584334,-1.8965234475905959
전라남도,함평군,8021,스넥,5.760729739211788,6.043980208905992,6.670689031012429,6.548568183307486,0.2832504696942042,-0.12212084770494336
전라남도,함평군,8301,제과점,1.7647058823529411,1.6778449697636064,2.12139495595511,2.0401476595094037,-0.0868609125893347,-0.0812472964457065
전라남도,해남군,4010,편의점,15.811034102905403,15.11809618952476,34.5315104373363,34.74215350430516,-0.6929379133806428,0.21064306696885637
전라남도,해남군,4020,슈퍼마켓,21.168204280840257,24.337091479948622,18.834828160965156,19.504675493009906,3.168887199108365,0.6698473320447498
전라남도,해남군,8001,일반한식,46.19383118373342,44.47802197802198,22.860941344551154,22.050736042958984,-1.7158092057114445,-0.8102053015921697
전라남도,해남군,8003,한정식,,0.01855287569573284,,0.011110082399777798,,
전라남도,해남군,8004,일식회집,0.6444974832086413,0.5201940916226631,0.252996269545202,0.20553652439588926,-0.12430339158597825,-0.047459745149312726
전라남도,해남군,8005,중국음식,3.102385214424504,2.887826459255031,2.664894039209461,2.547912230349042,-0.21455875516947298,-0.11698180886041909
전라남도,해남군,8006,서양음식,6.973960006731843,7.094334237191379,13.46833081990634,14.20794370891584,0.12037423045953677,0.7396128890095
전라남도,해남군,8021,스넥,3.292865776227414,3.0241187384044528,3.4189221366775144,3.068234422738635,-0.26874703782296105,-0.3506877139388793
전라남도,해남군,8301,제과점,2.81322195192852,2.521763950335379,3.967576791808874,3.661697990926766,-0.29145800159314117,-0.3058788008821076
전라남도,화순군,4010,편의점,10.784565509489301,10.341326383835648,26.187650885879126,25.788361567876233,-0.443239125653653,-0.3992893180028929
전라남도,화순군,4020,슈퍼마켓,16.53695411860603,15.295889530062782,15.411432546339867,14.523546658282823,-1.2410645885432476,-0.8878858880570437
전라남도,화순군,8001,일반한식,50.07574319520901,51.8958252246459,25.92659274111052,26.52462875902055,1.8200820294368896,0.5980360179100295
전라남도,화순군,8004,일식회집,0.8348500582496807,0.7726803513106459,0.3330741847047752,0.2493218591660513,-0.062169706939034786,-0.08375232553872389
전라남도,화순군,8005,중국음식,3.264215341439902,2.6524292217352308,2.423994435124187,1.996768320769754,-0.6117861197046714,-0.4272261143544329
전라남도,화순군,8006,서양음식,11.99943425230114,13.027600561826274,22.162117926265395,23.831806450197774,1.0281663095251332,1.669688523932379
전라남도,화순군,8021,스넥,3.491631028283663,3.1895486775083346,3.763656450754941,3.4459059303507322,-0.3020823507753283,-0.3177505204042088
전라남도,화순군,8301,제과점,3.0126064964212733,2.8247000490751866,3.7914808298211873,3.63966045433608,-0.18790644734608675,-0.1518203754851073
전북특별자치도,고창군,4010,편의점,12.889589673112791,13.83957830084452,25.122362751523436,29.191621411947246,0.9499886277317291,4.0692586604238095
전북특별자치도,고창군,4020,슈퍼마켓,17.62479140080495,16.22802089770238,15.58713204021586,14.079131109387122,-1.3967705031025694,-1.5080009308287377
전북특별자치도,고창군,8001,일반한식,50.01840581132816,51.229799823979924,35.97952951347733,34.33359193173003,1.2113940126517662,-1.6459375817473045
전북특별자치도,고창군,8004,일식회집,1.1387061941690388,0.8580978596708051,0.35697851156694044,0.36410654253943625,-0.28060833449823375,0.0071280309724958135
전북특별자치도,고창군,8005,중국음식,3.2210169824285853,3.5812594798045057,2.4500439250902906,2.6014998707008017,0.3602424973759204,0.15145594561051112
전북특별자치도,고창군,8006,서양음식,8.70533523117699,8.65915772522143,12.83867639061258,12.799586242565297,-0.04617750595556025,-0.039090148047282725
전북특별자치도,고창군,8021,스넥,4.042529694708943,3.7095294271857386,4.169397459317,3.678303594517714,-0.3330002675232042,-0.49109386479928574
전북특별자치도,고창군,8301,제과점,2.359625012270541,1.8945564855906971,3.4958794081965614,2.9521592966123613,-0.4650685266798438,-0.5437201115842001
전북특별자치도,군산시,4004,대형할인점,7.796150107106922,5.356978713422082,3.754172502514299,2.7070084281566804,-2.4391713936848403,-1.0471640743576187
전북특별자치도,군산시,4010,편의점,12.266064797383201,14.134649536610459,28.053253780703756,30.833808587324867,1.8685847392272574,2.7805548066211117
전북특별자치도,군산시,4020,슈퍼마켓,24.01513749465529,23.64790483803243,24.120612316672116,23.02408065287688,-0.367232656622857,-1.0965316637952363
전북특별자치도,군산시,8001,일반한식,34.078153662446915,34.8906624231269,17.162636589684897,16.49057129599968,0.8125087606799823,-0.6720652936852183
전북특별자치도,군산시,8004,일식회집,2.02180712528709,1.7308259386368268,0.7166523726962541,0.6098095296924807,-0.2909811866502632,-0.10684284300377345
전북특별자치도,군산시,8005,중국음식,3.579023352216202,3.4698879526072695,2.5269477334287633,2.288976453738513,-0.10913539960893237,-0.23797127969025045
전북특별자치도,군산시,8006,서양음식,8.209828877103936,8.43138797724196,14.20270495394051,14.863119667757955,0.22155910013802327,0.6604147138174454
전북특별자치도,군산시,8021,스넥,4.442615011419774,4.785453914378643,5.332165135463649,5.237035621783058,0.342838902958869,-0.09512951368059142
전북특별자치도,군산시,8301,제과점,3.591219572380667,3.552248705943432,4.130854614895757,3.9455897626698886,-0.03897086643723524,-0.1852648522258682
전북특별자치도,김제시,4004,대형할인점,15.622660507569739,9.364449426250754,5.0861141011840685,2.0681725343056416,-6.258211081318985,-3.017941566878427
전북특별자치도,김제시,4010,편의점,11.965778435968604,14.606117523503691,30.261874327233585,33.589270314840306,2.6403390875350876,3.327395987606721
전북특별자치도,김제시,4020,슈퍼마켓,24.77663466159293,27.040100174699827,22.878262917115176,23.07895971072817,2.2634655131068975,0.20069679361299464
전북특별자치도,김제시,8001,일반한식,31.442451346730348,32.25618602334044,19.517794671689987,18.762576213746463,0.8137346766100926,-0.7552184579435242
전북특별자치도,김제시,8004,일식회집,0.9640752037503801,0.926346686593892,0.3372241657696448,0.33133122532036247,-0.03772851715648817,-0.005892940449282347
전북특별자치도,김제시,8005,중국음식,3.285178610541732,3.2502920079035684,2.998856297093649,2.8329576228875744,-0.034886602638163566,-0.16589867420607485
전북특별자치도,김제시,8006,서양음식,7.392223976671277,8.003541121781602,13.266112755651239,14.061152548527165,0.6113171451103252,0.7950397928759259
전북특별자치도,김제시,8021,스넥,2.712748742190795,2.9338799855931548,2.985400968783638,3.025855938998744,0.2211312434023598,0.04045497021510602
전북특별자치도,김제시,8301,제과점,1.8382485149841934,1.619087050333074,2.66835979547901,2.2497238906455665,-0.2191614646511193,-0.4186359048334434
전북특별자치도,남원시,4004,대형할인점,8.544858715881357,6.78013255396778,4.547798771625486,3.7936371238501763,-1.7647261619135772,-0.7541616477753101
전북특별자치도,남원시,4010,편의점,11.581145388662021,12.692317723804363,27.010843720487866,29.206450244005943,1.1111723351423421,2.1956065235180766
전북특별자치도,남원시,4020,슈퍼마켓,18.411595484404828,18.545383939930506,20.064566686536775,19.513610663870896,0.13378845552567853,-0.5509560226658792
전북특별자치도,남원시,8001,일반한식,39.63483305501701,42.14833641003052,21.795275379597197,21.53368030853334,2.513503355013505,-0.26159507106385504
전북특별자치도,남원시,8004,일식회집,1.9312862396228838,1.02965511045681,0.46013810841041375,0.30641155252680324,-0.9016311291660739,-0.1537265558836105
전북특별자치도,남원시,8005,중국음식,4.595654680643224,3.827952252750915,3.325452268206265,2.7277492792151867,-0.767702427892309,-0.5977029889910783
전북특별자치도,남원시,8006,서양음식,7.881380488781213,7.740235954177015,13.232821845508797,13.575716728448223,-0.14114453460419796,0.3428948829394258
전북특별자치도,남원시,8021,스넥,5.125899549217179,5.030907041241266,6.722570879352725,6.54322836709477,-0.09499250797591241,-0.17934251225795528
전북특별자치도,남원시,8301,제과점,2.293346397770283,2.2050790136408294,2.8405323402744753,2.7995157324546622,-0.08826738412945367,-0.04101660781981309
전북특별자치도,무주군,4010,편의점,16.75089567466249,16.002016002016,34.582219756946195,33.35226099525087,-0.7488796726464919,-1.2299587616953218
전북특별자치도,무주군,4020,슈퍼마켓,2.9784642639650114,7.4995274995275,3.166759114517674,7.572785463555648,4.5210632355624885,4.406026349037974
전북특별자치도,무주군,8001,일반한식,53.06190238925665,55.18931518931519,31.64910157497521,35.778443113772454,2.1274128000585364,4.129341538797245
전북특별자치도,무주군,8004,일식회집,0.052198258476285384,0.16254016254016254,0.0201704402198578,0.03613462729712988,0.11034190406387716,0.01596418707727208
전북특별자치도,무주군,8005,중국음식,5.685655760394176,6.248346248346248,3.398719177046039,3.964484823456535,0.5626904879520724,0.5657656464104961
전북특별자치도,무주군,8006,서양음식,9.125204640899707,8.497448497448497,12.705696468492093,13.28205657650217,-0.6277561434512098,0.5763601080100766
전북특별자치도,무주군,8021,스넥,11.593549560664657,4.735084735084735,13.603281058275762,3.9619037786495976,-6.858464825579922,-9.641377279626164
전북특별자치도,무주군,8301,제과점,0.7521294516810212,1.6657216657216658,0.8740524095271712,2.0519306215155892,0.9135922140406446,1.1778782119884181
전북특별자치도,부안군,4010,편의점,13.501183495879863,14.880412713411909,34.45998826061436,36.60822402898049,1.3792292175320462,2.1482357683661277
전북특별자치도,부안군,4020,슈퍼마켓,26.261331604741837,25.913771160288253,22.298718450401093,22.167838572140873,-0.3475604444535847,-0.1308798782602203
전북특별자치도,부안군,8001,일반한식,42.12312285767602,42.03283489335257,20.393513989434553,19.801980198019802,-0.09028796432345132,-0.5915337914147507
전북특별자치도,부안군,8004,일식회집,2.5197167467122386,2.387063545776881,0.9085795343377031,0.7591098267072339,-0.1326532009353576,-0.14946970763046918
전북특별자치도,부안군,8005,중국음식,3.0098117210289046,2.696513474054305,2.7061729602817453,2.3017512439835968,-0.3132982469745995,-0.4044217162981485
전북특별자치도,부안군,8006,서양음식,8.000137501596,7.708580744297311,13.92095480336529,13.765734230154772,-0.29155675729868946,-0.15522057321051896
전북특별자치도,부안군,8021,스넥,3.467004527731125,3.5312195391877688,3.7847290158481703,3.3925900298149037,0.06421501145664354,-0.3921389860332667
전북특별자치도,부안군,8301,제과점,1.1176915446340003,0.8496039296310012,1.5273429857170808,1.202771870198325,-0.26808761500299916,-0.32457111551875584
전북특별자치도,순창군,4010,편의점,12.690008744295245,11.426498955792562,32.77885126998796,28.5252778106659,-1.2635097885026827,-4.253573459322059
전북특별자치도,순창군,4020,슈퍼마켓,23.83000131763353,24.495034036379867,19.0988266263407,24.219001065575156,0.6650327187463354,5.120174439234457
전북특별자치도,순창군,8001,일반한식,44.29404788998958,43.26844899325649,22.198885435044385,21.188031730460228,-1.0255988967330865,-1.0108537045841572
전북특별자치도,순창군,8004,일식회집,0.2934729226309548,0.1873196550129928,0.09521409168556946,0.0659641763780593,-0.10615326761796201,-0.029249915307510158
전북특별자치도,순창군,8005,중국음식,4.263143394463544,4.397627815773112,3.534123050211431,3.4030749454527007,0.13448442130956817,-0.1310481047587304
전북특별자치도,순창군,8006,서양음식,8.096259118622953,8.54337047842237,14.623764317118933,14.370042115589534,0.4471113597994165,-0.25372220152939917
전북특별자치도,순창군,8021,스넥,3.6797910951930337,4.294801281744704,4.363045730768154,4.196336451127311,0.61501018655167,-0.16670927964084292
전북특별자치도,순창군,8301,제과점,2.8532755171711606,3.3868987836179,3.307289478842869,4.032271704751112,0.5336232664467393,0.7249822259082435
전북특별자치도,완주군,4004,대형할인점,0.9281595141185801,0.8449920242442359,0.917849872577825,0.7840115621027703,-0.08316748987434419,-0.13383831047505468
전북특별자치도,완주군,4010,편의점,13.525044280310253,14.762492558967766,26.28588716086985,28.78859112991694,1.2374482786575136,2.50270396904709
전북특별자치도,완주군,4020,슈퍼마켓,21.785083683569173,20.423346415806172,20.81980914875834,19.692141600933326,-1.3617372677630009,-1.1276675478250127
전북특별자치도,완주군,8001,일반한식,43.43946791784448,42.92683178242035,24.606068064464854,23.046283236692265,-0.5126361354241311,-1.5597848277725888
전북특별자치도,완주군,8004,일식회집,1.1619263938281121,1.069447057216706,0.4814866091344009,0.4466384579219558,-0.09247933661140606,-0.03484815121244511
전북특별자치도,완주군,8005,중국음식,2.7993998325499656,2.5476032789504472,1.8628763056286246,1.625050061815459,-0.25179655359951836,-0.23782624381316553
전북특별자치도,완주군,8006,서양음식,9.634732342449135,10.355082192804554,16.82331646335523,17.791533894025665,0.7203498503554187,0.9682174306704354
전북특별자치도,완주군,8021,스넥,4.893077902950823,5.331258004746799,6.22753447064675,5.81674763621167,0.4381801017959752,-0.41078683443508
전북특별자치도,완주군,8301,제과점,1.833108132379476,1.7389466848429718,1.9751719045641238,2.0090024203799475,-0.09416144753650424,0.033830515815823636
전북특별자치도,익산시,4004,대형할인점,7.138301175382924,6.009798874549554,3.3143557177250393,2.64031646243814,-1.1285023008333708,-0.6740392552868992
전북특별자치도,익산시,4010,편의점,15.441272020450414,17.312922956151613,34.836533566446334,37.4089367057069,1.871650935701199,2.5724031392605653
전북특별자치도,익산시,4020,슈퍼마켓,28.34965286078621,27.09838519754555,25.033212517518972,23.461515545982564,-1.251267663240661,-1.571696971536408
전북특별자치도,익산시,8001,일반한식,31.28944932878483,31.662810628070776,15.544877970618836,14.763853807641825,0.3733612992859463,-0.7810241629770118
전북특별자치도,익산시,8002,갈비전문점,,0.005325475298670407,,0.0023471084526597253,,
전북특별자치도,익산시,8004,일식회집,2.13322725888481,1.7493200157002902,0.6255108642961887,0.5291826826727426,-0.38390724318451963,-0.09632818162344614
전북특별자치도,익산시,8005,중국음식,2.817387612501575,2.4799949506604575,1.944681636469474,1.67005793746942,-0.3373926618411174,-0.2746236990000539
전북특별자치도,익산시,8006,서양음식,7.496600029560647,7.952611159434868,12.558489525126918,13.47474962671948,0.4560111298742209,0.9162601015925631
전북특별자치도,익산시,8021,스넥,3.414155582250517,3.809983096546923,3.4977090968831956,3.4572907507677755,0.3958275142964056,-0.04041834611542017
전북특별자치도,익산시,8301,제과점,1.91995413139807,1.9188476460412982,2.644629104915047,2.591749372148489,-0.0011064853567717137,-0.052879732766557996
전북특별자치도,임실군,4004,대형할인점,3.2060310944773094,2.55354775692458,2.5705900212529094,2.3580034423407916,-0.6524833375527295,-0.21258657891211774
전북특별자치도,임실군,4010,편의점,8.925912511569882,9.161674856225892,19.436291873292177,20.047810288774144,0.23576234465600976,0.6115184154819673
전북특별자치도,임실군,4020,슈퍼마켓,11.74426871638027,13.91195144073118,9.877542758830078,12.3407917383821,2.167682724350909,2.463248979552022
전북특별자치도,임실군,8001,일반한식,57.146498182354755,54.190629017950585,48.89687278615525,45.230445591891375,-2.95586916440417,-3.666427194263875
전북특별자치도,임실군,8005,중국음식,4.513930808751526,4.368540132162542,3.23600850116385,3.1401797666857902,-0.14539067658898475,-0.09582873447805973
전북특별자치도,임실군,8006,서양음식,10.047352676834748,10.907894867986963,11.706811051513005,12.076878944348824,0.8605421911522146,0.3700678928358183
전북특별자치도,임실군,8021,스넥,3.0370102083249493,3.5871266109178617,2.8008298755186725,3.2472748135398737,0.5501164025929124,0.4464449380212012
전북특별자치도,임실군,8301,제과점,1.3789958013065584,1.3186353171003977,1.4750531322740612,1.5586154140371007,-0.06036048420616069,0.08356228176303948
전북특별자치도,장수군,4010,편의점,12.370754682268094,11.572340202950098,24.531057810578105,23.308221564187424,-0.7984144793179961,-1.2228362463906812
전북특별자치도,장수군,4020,슈퍼마켓,16.429333627699894,19.244690867245527,12.64990774907749,18.53988852116356,2.8153572395456337,5.889980772086071
전북특별자치도,장수군,8001,일반한식,54.10089413842587,48.70174704466994,41.228474784747846,32.28096150496429,-5.3991470937559285,-8.947513279783557
전북특별자치도,장수군,8004,일식회집,0.28148802296059167,0.5303902081807721,0.09609471094710947,0.20466817627591014,0.24890218522018043,0.10857346532880066
전북특별자치도,장수군,8005,중국음식,3.9849873054421017,5.3928235171043,3.1403751537515374,4.276258491551994,1.407836211662198,1.1358833378004567
전북특별자치도,장수군,8006,서양음식,8.501674209809766,8.578303169787635,13.999077490774908,15.247779132555303,0.07662895997786912,1.2487016417803947
전북특별자치도,장수군,8021,스넥,3.2417117415461605,4.4941939533424,2.9289667896678964,4.293677059745689,1.2524822117962393,1.3647102700777927
전북특별자치도,장수군,8301,제과점,1.089156271847518,1.485511036719322,1.4260455104551044,1.8485455495558265,0.396354764871804,0.4225000391007221
전북특별자치도,전주시 덕진구,4004,대형할인점,3.5854530217241436,2.5461858340718524,2.0343497428361497,1.5703158647363664,-1.0392671876522912,-0.46403387809978325
전북특별자치도,전주시 덕진구,4010,편의점,13.996680828349795,16.29504746622478,31.517298386075147,34.068830982386906,2.2983666378749845,2.551532596311759
전북특별자치도,전주시 덕진구,4020,슈퍼마켓,22.10648299076665,21.183168412018368,21.67032987914566,20.261958580931015,-0.9233145787482826,-1.408371298214643
전북특별자치도,전주시 덕진구,8001,일반한식,36.602778263163884,36.353744421779055,16.4255491651676,15.236722618347235,-0.2490338413848292,-1.1888265468203638
전북특별자치도,전주시 덕진구,8004,일식회집,2.9177935593464936,2.232249764460549,0.8155134409283236,0.6861423178802354,-0.6855437948859446,-0.12937112304808818
전북특별자치도,전주시 덕진구,8005,중국음식,3.306739970111807,3.0019699663165476,2.026590488737997,1.7952297978589544,-0.30477000379525965,-0.23136069087904243
전북특별자치도,전주시 덕진구,8006,서양음식,11.113052655554657,11.593260512750595,17.82569864957308,19.074897184212674,0.4802078571959374,1.2491985346395929
전북특별자치도,전주시 덕진구,8021,스넥,3.6594345585058337,4.047520411962433,3.7477197294078897,3.5594952244494675,0.38808585345659896,-0.18822450495842213
전북특별자치도,전주시 덕진구,8301,제과점,2.7115841524767297,2.7468532104158254,3.936950518128151,3.7464074291971503,0.03526905793909574,-0.1905430889310007
전북특별자치도,전주시 완산구,4004,대형할인점,11.915200004262779,9.698734055729922,6.0634308714128675,4.628580697828074,-2.216465948532857,-1.4348501735847936
전북특별자치도,전주시 완산구,4010,편의점,10.662742245738553,12.433696664369332,26.112623420089488,28.683168329889074,1.7709544186307795,2.5705449097995867
전북특별자치도,전주시 완산구,4020,슈퍼마켓,15.237636608746158,15.594767087257171,17.77951237043786,17.600264814372775,0.35713047851101365,-0.1792475560650857
전북특별자치도,전주시 완산구,8001,일반한식,38.66693575459181,38.39268265712682,19.741037170979205,18.439678899385044,-0.2742530974649924,-1.301358271594161
전북특별자치도,전주시 완산구,8004,일식회집,3.4222788816599263,2.667155342621422,1.211001497958032,0.9474235328716666,-0.7551235390385043,-0.26357796508636533
전북특별자치도,전주시 완산구,8005,중국음식,2.54827597231325,2.2884082957147895,1.701101918705944,1.5234739214551076,-0.25986767659846066,-0.17762799725083633
전북특별자치도,전주시 완산구,8006,서양음식,11.161887025699228,12.1156632002665,18.839314168268277,19.86490246839174,0.9537761745672722,1.025588300123463
전북특별자치도,전주시 완산구,8021,스넥,3.30378694630497,3.7352414877540077,4.242436154277042,4.195224109713333,0.4314545414490376,-0.0472120445637092
전북특별자치도,전주시 완산구,8301,제과점,3.081256560683323,3.0736512091600314,4.3095424278712855,4.117283226093184,-0.00760535152329167,-0.19225920177810174
전북특별자치도,정읍시,4004,대형할인점,5.377659190884835,4.474183063165246,2.0336874342042304,1.7545758100420479,-0.9034761277195882,-0.2791116241621825
전북특별자치도,정읍시,4010,편의점,13.89081993221317,15.140702699580439,30.684156378600825,32.575335971638225,1.2498827673672697,1.8911795930373998
전북특별자치도,정읍시,4020,슈퍼마켓,22.725896012115093,24.22953522687293,21.202985931668103,22.425591557424355,1.5036392147578361,1.2226056257562519
전북특별자치도,정읍시,8001,일반한식,36.97295738083219,35.681091384552374,20.247750980955114,18.666522384368044,-1.2918659962798174,-1.5812285965870707
전북특별자치도,정읍시,8004,일식회집,1.5164058556284705,1.9029915405094597,0.5377308833381185,0.7482067771456838,0.3865856848809892,0.21047589380756537
전북특별자치도,정읍시,8005,중국음식,3.7288526718107735,3.614581200081917,2.8543401282419367,2.749093082694369,-0.11427147172885643,-0.10524704554756781
전북특별자치도,정읍시,8006,서양음식,9.888223840773058,9.381055152097543,15.464398507034167,15.012057877813506,-0.5071686886755149,-0.4523406292206609
전북특별자치도,정읍시,8021,스넥,3.9636547198384657,3.7521595068185283,4.270743611828883,3.601904526341825,-0.21149521301993746,-0.6688390854870581
전북특별자치도,정읍시,8301,제과점,1.9355303959039445,1.8237002263215656,2.7042061441286247,2.466712012531948,-0.1118301695823789,-0.23749413159667654
전북특별자치도,진안군,4010,편의점,8.762566258453665,8.825755952636015,17.23385084557804,18.26008031244843,0.06318969418235021,1.0262294668703902
전북특별자치도,진안군,4020,슈퍼마켓,14.628038749771521,14.33203353758695,13.120321596894927,13.743880301446723,-0.2960052121845713,0.6235587045517956
전북특별자치도,진안군,8001,일반한식,57.67684152805703,59.11213952093243,48.537565844191846,46.61972605753892,1.4352979928753982,-1.9178397866529266
전북특별자치도,진안군,8004,일식회집,1.0564796198135624,0.35994343745982776,0.20099805932908232,0.13477088948787064,-0.6965361823537346,-0.06622716984121169
전북특별자치도,진안군,8005,중국음식,5.000913909705721,4.437874048363828,3.1813141114499586,2.9842125529457064,-0.5630398613418928,-0.19710155850425215
전북특별자치도,진안군,8006,서양음식,8.174008407969293,8.14729113996372,12.992098696978099,13.444083832994114,-0.026717268005572947,0.451985136016015
전북특별자치도,진안군,8021,스넥,3.003107292999452,3.4708831469340535,3.0080399223731633,3.3637713845646076,0.46777585393460175,0.35573146219144425
전북특별자치도,진안군,8301,제과점,1.698044233229757,1.3140792161231807,1.7258109232048795,1.4494746685736288,-0.38396501710657627,-0.27633625463125067
제주특별자치도,서귀포시,4004,대형할인점,6.116183228756997,4.556334962994987,2.3161838260674563,1.6051270544890952,-1.5598482657620094,-0.7110567715783611
제주특별자치도,서귀포시,4010,편의점,13.335770437248422,14.355544981964735,34.0708772037824,34.94097438923907,1.019774544716313,0.8700971854566646
제주특별자치도,서귀포시,4020,슈퍼마켓,16.148582200731486,15.860246861754993,12.547406467726226,12.12923978482662,-0.2883353389764931,-0.41816668289960646
제주특별자치도,서귀포시,8001,일반한식,42.7504301947403,42.02465774387539,22.944950235575792,22.058665480058,-0.725772450864909,-0.8862847555177922
제주특별자치도,서귀포시,8002,갈비전문점,0.0074179165337808365,0.010912726203880665,0.001868776698772983,0.0027339765405957808,0.0034948096700998287,0.0008651998418227978
제주특별자치도,서귀포시,8003,한정식,,0.005184590227131044,,0.0024511513812238033,,
제주특별자치도,서귀포시,8004,일식회집,3.039036008432439,3.4826230514407515,1.0045224396110306,1.1786267141561535,0.4435870430083124,0.1741042745451229
제주특별자치도,서귀포시,8005,중국음식,2.689505558107161,2.6765028935448925,2.257921964282181,2.1627639937175105,-0.013002664562268507,-0.09515797056467035
제주특별자치도,서귀포시,8006,서양음식,10.756556416586639,11.473330927794963,17.291900721787517,18.284835103504584,0.7167745112083246,0.9929343817170668
제주특별자치도,서귀포시,8021,스넥,2.4836694789602123,2.793741530616469,2.956294809417755,2.956937041234023,0.3100720516562565,0.0006422318162679908
제주특별자치도,서귀포시,8301,제과점,2.672848559902563,2.760919729581808,4.608073555050864,4.677645310853133,0.08807116967924511,0.0695717558022686
제주특별자치도,제주시,4004,대형할인점,4.006476965431523,2.983157268630215,1.5186445836726397,1.1174200651129296,-1.0233196968013085,-0.4012245185597101
제주특별자치도,제주시,4010,편의점,13.217558972706076,14.827909970952643,33.1521607548913,34.97029953078726,1.6103509982465667,1.8181387758959602
제주특별자치도,제주시,4020,슈퍼마켓,19.25401516770816,17.31028550302224,16.395381770961635,14.855230242260065,-1.9437296646859217,-1.5401515287015695
제주특별자치도,제주시,8001,일반한식,40.73667548695346,41.2367515530345,21.71722858604301,21.05421741635766,0.5000760660810428,-0.6630111696853511
제주특별자치도,제주시,8002,갈비전문점,0.046760652666756636,0.06343160672979752,0.011913349215236943,0.014578459446433273,0.01667095406304088,0.0026651102311963295
제주특별자치도,제주시,8003,한정식,0.0005348149370959584,0.0019197459792120307,0.000499592063864775,0.001822307430804159,0.0013849310421160722,0.0013227153669393842
제주특별자치도,제주시,8004,일식회집,3.304443224670229,3.504528280817882,1.0766208976285903,1.091373636489884,0.20008505614765282,0.014752738861293802
제주특별자치도,제주시,8005,중국음식,2.5271788494241023,2.475912387272916,1.8116745442087097,1.7344282259083101,-0.05126646215118624,-0.07724631830039952
제주특별자치도,제주시,8006,서양음식,10.540489323578546,10.980595047663293,16.242237588307702,17.114231655490894,0.4401057240847468,0.8719940671831914
제주특별자치도,제주시,8021,스넥,2.514949414529175,2.840712116972682,3.06515103244543,3.1787325411951444,0.325762702443507,0.11358150874971429
제주특별자치도,제주시,8301,제과점,3.850917127394879,3.774796518924616,5.008487300561888,4.86766591952062,-0.07612060847026303,-0.14082138104126773
충청남도,계룡시,4004,대형할인점,10.385959193651892,0.4781348509530962,6.154892624623457,0.6042512111840106,-9.907824342698797,-5.550641413439447
충청남도,계룡시,4010,편의점,16.63627751576331,20.572492436583666,34.17743659508308,38.31453242040153,3.9362149208203547,4.137095825318447
충청남도,계룡시,4020,슈퍼마켓,8.314064234855508,8.721729748027165,9.495675833252356,9.38913420455155,0.4076655131716578,-0.10654162870080697
충청남도,계룡시,8001,일반한식,40.97544081245989,44.459136395370976,21.459527742687786,21.63862917210433,3.483695582911089,0.17910142941654428
충청남도,계룡시,8004,일식회집,1.5697099958236138,1.2630376372522056,0.6471674278495773,0.5166526628170978,-0.3066723585714082,-0.1305147650324795
충청남도,계룡시,8005,중국음식,4.74783795621925,3.968942391097383,3.093965601010592,2.4438207268891787,-0.778895565121867,-0.6501448741214131
충청남도,계룡시,8006,서양음식,9.559849650100336,11.817970254088477,16.330774463123117,18.22407351127161,2.258120603988141,1.8932990481484921
충청남도,계룡시,8021,스넥,3.94311965855497,5.093405547210528,3.303857739772617,3.7256198938091067,1.1502858886555583,0.42176215403648953
충청남도,계룡시,8301,제과점,3.867740982571228,3.6251507394165063,5.336701972597415,5.143286196971593,-0.24259024315472155,-0.19341577562582213
충청남도,공주시,4004,대형할인점,2.4544759500105204,1.8883680882736873,1.6984209791545735,1.4040216139604924,-0.5661078617368331,-0.29439936519408105
충청남도,공주시,4010,편의점,10.59203659839882,11.431698372877488,20.66063175529218,23.12575663625358,0.8396617744786674,2.465124880961401
충청남도,공주시,4020,슈퍼마켓,16.372408707119064,15.489563144144968,11.07849548483802,10.878140963179495,-0.8828455629740954,-0.2003545216585252
충청남도,공주시,8001,일반한식,50.67549128058981,50.68233333275701,46.23356870467387,42.81335813623882,0.006842052167201018,-3.420210568435053
충청남도,공주시,8004,일식회집,0.9982896581607889,0.9078759230475307,0.35415916588903507,0.3658428558774028,-0.09041373511325812,0.011683689988367718
충청남도,공주시,8005,중국음식,3.7490026478008254,3.340001348587355,2.2810936317479444,2.0226178876192167,-0.4090012992134704,-0.25847574412872776
충청남도,공주시,8006,서양음식,8.371300422273192,8.979171241201763,10.233877308096432,11.772817196681135,0.6078708189285713,1.5389398885847037
충청남도,공주시,8021,스넥,4.3523095864555925,4.551828113896847,5.047502883972461,5.039123630672926,0.19951852744125453,-0.008379253299534817
충청남도,공주시,8301,제과점,2.4346851491913895,2.7291604352133447,2.412250086335481,2.578321079516934,0.2944752860219553,0.16607099318145258
충청남도,금산군,4010,편의점,9.965466206216082,11.092178011420284,22.52504296072761,25.384277959534295,1.1267118052042022,2.8592349988066843
충청남도,금산군,4020,슈퍼마켓,32.45692949108602,32.182996465150005,26.031057462592734,26.46811543874399,-0.2739330259360173,0.4370579761512552
충청남도,금산군,8001,일반한식,39.19924161080318,38.91371340523883,28.2964499769479,26.345658253066002,-0.2855282055643471,-1.950791723881899
충청남도,금산군,8004,일식회집,0.7051858730665429,0.5084745762711864,0.24833396202690808,0.2430866521667611,-0.19671129679535648,-0.005247309860146987
충청남도,금산군,8005,중국음식,4.196774911247183,4.061452007613523,3.331028123559244,3.1098642004642407,-0.13532290363365984,-0.22116392309500332
충청남도,금산군,8006,서양음식,7.514727647349023,7.507477567298106,12.283624628022968,11.621552464679327,-0.007250080050916985,-0.662072163343641
충청남도,금산군,8021,스넥,3.5273803650715343,3.4007069699990935,3.6254662810679408,3.297205417359677,-0.1266733950724408,-0.3282608637082638
충청남도,금산군,8301,제과점,2.4342938951604323,2.333000997008973,3.6589966050546963,3.530239613985707,-0.10129289815145937,-0.1287569910689892
충청남도,논산시,4004,대형할인점,4.276702939315477,1.3107303715939929,1.9260182655668427,0.7032617586130454,-2.9659725677214843,-1.2227565069537973
충청남도,논산시,4010,편의점,14.234873139308135,15.794067027695613,30.911333315651273,33.05177382490311,1.5591938883874779,2.1404405092518353
충청남도,논산시,4020,슈퍼마켓,19.72716691105175,20.257426387120137,19.00732921341361,18.85926356263234,0.5302594760683874,-0.14806565078126965
충청남도,논산시,8001,일반한식,40.738165319489404,40.76873939596141,23.755846130723462,22.46271566056918,0.03057407647200705,-1.2931304701542814
충청남도,논산시,8004,일식회집,2.089762388596035,1.6453806061543095,0.733805444305935,0.569489141485564,-0.4443817824417253,-0.16431630282037102
충청남도,논산시,8005,중국음식,3.2271787883826746,2.9268163675497094,2.624017540602428,2.244704515399139,-0.30036242083296516,-0.379313025203289
충청남도,논산시,8006,서양음식,8.325361124848024,8.799775407988477,13.236347240272659,13.940635534593598,0.47441428314045275,0.7042882943209392
충청남도,논산시,8021,스넥,4.6950009393889,5.6536563335354115,4.241041826910325,4.4901734457532925,0.9586553941465112,0.2491316188429673
충청남도,논산시,8301,제과점,2.685788449619601,2.843408102400937,3.564261022553466,3.677982556050727,0.15761965278133605,0.113721533497261
충청남도,당진시,4004,대형할인점,8.755668112659727,7.369196674016177,4.518734574826117,3.9471342510611414,-1.3864714386435502,-0.5716003237649754
충청남도,당진시,4010,편의점,19.261757495664476,21.2068310765237,40.25841703071177,42.72083752302476,1.9450735808592228,2.4624204923129938
충청남도,당진시,4020,슈퍼마켓,15.165732420867498,14.235074732611984,12.527814805527326,11.49414036430294,-0.9306576882555131,-1.0336744412243863
충청남도,당진시,8001,일반한식,37.3739259448492,37.61966570121692,19.13553036202141,18.372649694337913,0.24573975636771905,-0.7628806676834969
충청남도,당진시,8002,갈비전문점,0.07516543765444532,0.07799171338045333,0.026132059285459756,0.0347039927388569,0.002826275726008007,0.008571933453397147
충청남도,당진시,8004,일식회집,2.079577108439654,1.9988777355196707,0.6335044675262971,0.5588232676923625,-0.08069937291998341,-0.07468119983393462
충청남도,당진시,8005,중국음식,3.464979292658842,3.197660248598586,2.425002309651705,2.079570026428425,-0.267319044060256,-0.3454322832232797
충청남도,당진시,8006,서양음식,8.565175312329588,8.824853057037108,13.86503715239742,14.421956059406115,0.2596777447075205,0.5569189070086953
충청남도,당진시,8021,스넥,2.8890793953358127,3.1697736766631337,3.2079082474362863,3.081314124525045,0.280694281327321,-0.1265941229112415
충청남도,당진시,8301,제과점,2.368939479540754,2.3000753844322643,3.401918990616215,3.288870696482439,-0.06886409510848956,-0.11304829413377604
충청남도,보령시,4004,대형할인점,7.346086131559983,5.506257522147918,4.744937609055851,3.4372652947361644,-1.8398286094120646,-1.307672314319687
충청남도,보령시,4010,편의점,14.232049843554728,17.47635896368556,36.16817450891264,41.54889380056222,3.244309120130831,5.3807192916495765
충청남도,보령시,4020,슈퍼마켓,12.582578473495525,13.256173817043265,12.668807460519949,11.986438059269114,0.6735953435477402,-0.6823694012508348
충청남도,보령시,8001,일반한식,45.66012606843454,42.78081931461355,22.460739893546826,20.374670071457693,-2.879306753820991,-2.086069822089133
충청남도,보령시,8004,일식회집,4.761227114747817,5.50173292189635,1.3147797866048867,1.3527606703718804,0.7405058071485326,0.03798088376699371
충청남도,보령시,8005,중국음식,3.290185453782509,3.284316830608016,3.0601621724658723,2.6879251518207763,-0.005868623174492882,-0.372237020645096
충청남도,보령시,8006,서양음식,7.541483082929677,7.765299935750676,13.69521547236763,13.416021115426707,0.22381685282099895,-0.2791943569409234
충청남도,보령시,8021,스넥,2.576101730476269,2.5931388961785227,2.5792167040572442,2.257891461556619,0.017037165702253887,-0.3213252425006252
충청남도,보령시,8301,제과점,2.0101621010189468,1.83590179807614,3.307966392469098,2.9381343747988242,-0.1742603029428067,-0.36983201767027385
충청남도,부여군,4010,편의점,13.479967632562712,14.787225656790875,26.950785282508487,30.448251951595946,1.3072580242281635,3.4974666690874585
충청남도,부여군,4020,슈퍼마켓,23.300542355199187,20.162044075087554,17.120262772916725,15.78500011183931,-3.1384982801116337,-1.3352626610774152
충청남도,부여군,8001,일반한식,41.57075695665839,44.8864340168688,25.4409450992299,25.465810723152977,3.3156770602104046,0.024865623923076896
충청남도,부여군,8004,일식회집,0.2293808055746892,0.19368715020888935,0.24289933478704906,0.2639407699018051,-0.03569365536579985,0.021041435114756035
충청남도,부여군,8005,중국음식,2.875619428487357,1.983604157517201,2.1791934637997183,1.5981837296172858,-0.8920152709701561,-0.5810097341824325
충청남도,부여군,8006,서양음식,12.626644285876695,12.93537380493902,22.13834221204008,21.544724539781242,0.30872951906232515,-0.5936176722588371
충청남도,부여군,8021,스넥,3.947623601479272,3.3624990146729274,3.5027188164177865,2.732234325720804,-0.5851245868063444,-0.7704844906969823
충청남도,부여군,8301,제과점,1.9694649341616899,1.6891321239147328,2.424853018300257,2.161853848390632,-0.2803328102469571,-0.2629991699096248
충청남도,서산시,4004,대형할인점,8.473963674617192,6.874322694235274,3.8130602682025,3.1359622595863073,-1.5996409803819178,-0.6770980086161926
충청남도,서산시,4010,편의점,18.905536961561857,20.75459871461643,40.06586654289061,42.8791361052157,1.849061753054574,2.8132695623250896
충청남도,서산시,4020,슈퍼마켓,14.446847461013832,14.22223708000078,12.964594365032001,12.259586307003751,-0.22461038101305242,-0.7050080580282501
충청남도,서산시,8001,일반한식,38.858051264571145,39.334436523391254,19.424630803186602,18.606837700825846,0.47638525882010896,-0.8177931023607563
충청남도,서산시,8002,갈비전문점,0.060532509777763414,0.07006371201167821,0.011367188610077014,0.017044767256452268,0.0095312022339148,0.0056775786463752545
충청남도,서산시,8004,일식회집,1.8618154463684902,1.7965840109873275,0.6191960240100284,0.5767729307102719,-0.06523143538116272,-0.042423093299756465
충청남도,서산시,8005,중국음식,3.898323014401448,3.321131382692731,2.782119412316349,2.3227619120929877,-0.5771916317087169,-0.4593575002233612
충청남도,서산시,8006,서양음식,8.448545897453227,8.37992639827947,14.200460371138707,14.256848147618681,-0.06861949917375831,0.056387776479974505
충청남도,서산시,8021,스넥,2.8470848894987846,3.1656818745316317,2.8998961165263135,2.793142505250888,0.31859698503284717,-0.10675361127542571
충청남도,서산시,8301,제과점,2.1992988807362632,2.0810176092534243,3.218808908086807,3.1519073644391176,-0.11828127148283896,-0.06690154364768963
충청남도,서천군,4010,편의점,10.865877712031558,13.139322041752589,25.994633207944812,29.307558095972087,2.2734443297210305,3.3129248880272755
충청남도,서천군,4020,슈퍼마켓,30.324457593688365,25.160916610672167,26.974869199759844,22.405617460368433,-5.163540983016198,-4.569251739391412
충청남도,서천군,8001,일반한식,43.51627218934912,46.27725387520564,26.004435567862966,26.930199201481436,2.760981685856521,0.9257636336184696
충청남도,서천군,8004,일식회집,1.1429980276134122,1.1436780277578258,0.2168772131890753,0.23441764875887094,0.0006800001444136061,0.017540435569795648
충청남도,서천군,8005,중국음식,3.4866863905325443,3.2669895039273387,3.0019727249335277,2.8108709846611646,-0.2196968866052056,-0.19110174027236315
충청남도,서천군,8006,서양음식,5.875739644970414,6.205426446395885,12.022594439611337,12.61252582340537,0.3296868014254706,0.589931383794033
충청남도,서천군,8021,스넥,2.5424063116370808,2.7855140295187564,2.6637913077573425,2.913629406034916,0.24310771788167562,0.24983809827757364
충청남도,서천군,8301,제과점,2.245562130177515,2.0208994647698044,3.1208263389411,2.785181379317727,-0.22466266540771063,-0.33564495962337304
충청남도,아산시,4004,대형할인점,6.9734240487052235,5.341994107833742,3.0629601501352597,2.2706492336660578,-1.6314299408714819,-0.7923109164692019
충청남도,아산시,4010,편의점,20.357059534607647,22.08047188188543,41.82384213202111,43.91676366237715,1.7234123472777831,2.092921530356037
충청남도,아산시,4020,슈퍼마켓,21.94535807571159,22.837468498207503,17.29704227680038,16.744760648953307,0.8921104224959144,-0.5522816278470728
충청남도,아산시,8001,일반한식,30.483917398453297,29.32812245873179,14.19872418504129,13.014699032936939,-1.1557949397215062,-1.1840251521043506
충청남도,아산시,8004,일식회집,2.078680495582553,1.88277015518722,0.6608169149045231,0.6337957473824725,-0.19591034039533306,-0.027021167522050638
충청남도,아산시,8005,중국음식,3.6281694281624124,3.2755506886820296,2.258200845661539,1.963880515754907,-0.3526187394803828,-0.29432032990663193
충청남도,아산시,8006,서양음식,9.154557456316919,9.854306361918445,14.445497511344879,15.507466182637723,0.6997489056015258,1.0619686712928438
충청남도,아산시,8021,스넥,3.1183548289565337,3.27655726266972,2.980318807286665,2.827662362679849,0.15820243371318643,-0.15265644460681616
충청남도,아산시,8301,제과점,2.2604787335038283,2.1227585848841195,3.272597176804353,3.1203226136115956,-0.13772014861970883,-0.15227456319275756
충청남도,예산군,4010,편의점,15.023734680631737,17.38848438697341,33.105512373805055,37.63578432583298,2.364749706341673,4.530271952027924
충청남도,예산군,4020,슈퍼마켓,16.253865634982247,15.563781717901351,13.136558563387831,13.315385185368141,-0.6900839170808961,0.17882662198030985
충청남도,예산군,8001,일반한식,49.42133194191685,49.800257995085126,30.48780487804878,28.056413169659393,0.37892605316827854,-2.4313917083893877
충청남도,예산군,8004,일식회집,1.6032681318961022,0.9301275322073473,0.42213883677298314,0.2944154913922988,-0.6731405996887548,-0.12772334538068436
충청남도,예산군,8005,중국음식,3.1426498848263487,2.971027199984626,2.401054230322523,2.211080099785116,-0.1716226848417226,-0.18997413053740697
충청남도,예산군,8006,서양음식,9.599246598877533,8.814351637211827,13.849615831323147,12.799170103983995,-0.7848949616657066,-1.0504457273391523
충청남도,예산군,8021,스넥,2.5641090904463137,2.753629106842155,2.8784731528633967,2.874008941141601,0.18952001639584104,-0.0044642117217956745
충청남도,예산군,8301,제과점,2.391794036422872,1.7783404237941614,3.7188421334762802,2.813742682836466,-0.6134536126287105,-0.9050994506398142
충청남도,천안시 동남구,4004,대형할인점,5.943435722488344,3.644080378104031,4.031580534671808,2.788099417564087,-2.299355344384313,-1.243481117107721
충청남도,천안시 동남구,4010,편의점,16.603419547815328,19.307108375356673,34.85337608902375,38.851372355525335,2.7036888275413453,3.9979962665015876
충청남도,천안시 동남구,4020,슈퍼마켓,20.86827057100631,18.22244119859108,15.142161644822078,13.296947072806473,-2.6458293724152284,-1.845214572015605
충청남도,천안시 동남구,8001,일반한식,33.43819408598806,35.25017415690926,20.013571443958554,18.982675078013077,1.8119800709212015,-1.0308963659454768
충청남도,천안시 동남구,8002,갈비전문점,0.056493660436110885,0.06378955645865181,0.013694540955909733,0.013492723850241348,0.007295896022540924,-0.00020181710566838547
충청남도,천안시 동남구,8004,일식회집,1.6229317183320249,1.469117534297083,0.6574918371303629,0.583097320900626,-0.15381418403494185,-0.0743945162297368
충청남도,천안시 동남구,8005,중국음식,2.9431347592378065,2.847771362567766,1.8333759043782525,1.6495516314951923,-0.09536339667004068,-0.18382427288306014
충청남도,천안시 동남구,8006,서양음식,9.825105042899873,10.47282581209326,14.190929597749788,15.413188211592367,0.6477207691933877,1.2222586138425786
충청남도,천안시 동남구,8021,스넥,2.6494854200959383,2.8308043194176387,2.623197013666844,2.426573787341444,0.1813188993217003,-0.19662322632539997
충청남도,천안시 동남구,8301,제과점,6.049529471700207,5.891887306204554,6.640621393642656,5.995002400911155,-0.1576421654956528,-0.6456189927315004
충청남도,천안시 서북구,4004,대형할인점,13.067619753124132,10.551499342552516,6.292658921197339,5.155486727405842,-2.5161204105716166,-1.1371721937914971
충청남도,천안시 서북구,4010,편의점,17.38751466923267,20.30692248513018,39.8284422355287,42.989574847644285,2.919407815897511,3.161132612115587
충청남도,천안시 서북구,4020,슈퍼마켓,18.154056854254648,16.43773215781297,15.262813086806926,13.60716271055836,-1.7163246964416778,-1.6556503762485661
충청남도,천안시 서북구,8001,일반한식,32.25255772868093,32.298040017986565,16.466814810739326,15.391465830229661,0.0454822893056388,-1.0753489805096645
충청남도,천안시 서북구,8004,일식회집,2.990817887681408,2.9001745379220396,1.032423582009563,0.9585215613449112,-0.09064334975936861,-0.0739020206646519
충청남도,천안시 서북구,8005,중국음식,2.7675146183199306,2.504587214617711,1.7280078901492344,1.4755138753612618,-0.26292740370221956,-0.2524940147879726
충청남도,천안시 서북구,8006,서양음식,8.060351959758572,9.29920573524366,12.889858855581945,14.043254867367802,1.2388537754850883,1.1533960117858566
충청남도,천안시 서북구,8021,스넥,2.2420951609988062,2.601925671139867,2.5441248241171213,2.526840947291157,0.3598305101410606,-0.017283876825964217
충청남도,천안시 서북구,8301,제과점,3.077471367948904,3.099912837594488,3.9548557938698514,3.8521786327967176,0.022441469645584355,-0.10267716107313385
충청남도,청양군,4010,편의점,13.261039821676004,13.547271984197263,31.40557417432901,31.298063023995375,0.2862321625212587,-0.1075111503336359
충청남도,청양군,4020,슈퍼마켓,11.393457437195012,16.758054628431307,13.08183667039042,17.48096752433266,5.364597191236294,4.399130853942239
충청남도,청양군,8001,일반한식,51.40912103138743,47.21749199645801,26.16653776746584,23.656162667437602,-4.19162903492942,-2.510375100028238
충청남도,청양군,8004,일식회집,0.1976022651966986,0.20519719365165862,0.10884821402996192,0.10985834056085574,0.007594928454960015,0.001010126530893815
충청남도,청양군,8005,중국음식,6.769082474847882,5.943907090797629,5.350749047578128,4.874241110147441,-0.8251753840502527,-0.47650793743068665
충청남도,청양군,8006,서양음식,9.858425206337731,9.10275185614059,15.396293431869612,14.601522598053387,-0.7556733501971422,-0.7947708338162247
충청남도,청양군,8021,스넥,4.305078619193927,4.414719705742116,4.537251869038412,4.095596029681026,0.10964108654818894,-0.44165583935738617
충청남도,청양군,8301,제과점,2.806193144165311,2.8106055445814317,3.9529088252986164,3.8835887057916545,0.0044124004161205654,-0.06932011950696193
충청남도,태안군,4010,편의점,15.979677980551301,17.894227478195187,35.57676556047007,40.47146567966198,1.9145494976438862,4.89470011919191
충청남도,태안군,4020,슈퍼마켓,20.48836612904344,18.895065443944812,18.970883663985237,17.504654455456585,-1.593300685098626,-1.4662292085286524
충청남도,태안군,8001,일반한식,42.68386506511779,43.67028998335871,20.515937680522146,19.86755705191808,0.9864249182409139,-0.6483806286040661
충청남도,태안군,8003,한정식,0.07832156199532843,0.02596513590388179,0.015519515791107316,0.008361297227393838,-0.05235642609144664,-0.007158218563713478
충청남도,태안군,8004,일식회집,2.236669739459512,2.210577252180481,0.4854159661329678,0.48607007881916187,-0.026092487279030685,0.000654112686194086
충청남도,태안군,8005,중국음식,4.1347546733020515,3.851337794615775,3.008199477509635,2.45654912540831,-0.2834168786862765,-0.551650352101325
충청남도,태안군,8006,서양음식,8.690920936809054,8.246763209762891,14.621970461188278,13.252656105419236,-0.4441577270461625,-1.369314355769042
충청남도,태안군,8021,스넥,3.6537355226404764,3.4330630598732434,3.850564306838071,3.448198976577219,-0.22067246276723296,-0.40236533026085164
충청남도,태안군,8301,제과점,2.0536883910810455,1.7727106421650203,2.9547433675624877,2.504487229512035,-0.2809777489160252,-0.45025613805045284
충청남도,홍성군,4004,대형할인점,5.539319682486711,5.79450655844242,4.46256067103341,4.148555999682346,0.255186875955709,-0.31400467135106425
충청남도,홍성군,4010,편의점,13.27310433601106,17.50951604132681,33.37436972809952,37.40424067554332,4.2364117053157475,4.029870947443797
충청남도,홍성군,4020,슈퍼마켓,12.377297323067388,13.603628695340786,12.639602280759624,12.474786245599175,1.226331372273398,-0.16481603516044885
충청남도,홍성군,8001,일반한식,36.149555433720295,39.064178570007556,20.8054521464587,19.63416893877227,2.914623136287261,-1.1712832076864288
충청남도,홍성군,8002,갈비전문점,0.033849014326237756,0.1050411809175188,0.010602704867819612,0.025941710564629274,0.07119216659128104,0.015339005696809661
충청남도,홍성군,8003,한정식,,0.10663271396172364,,0.0058236493104269794,,
충청남도,홍성군,8004,일식회집,15.286643941741557,4.337723311980265,3.0918665472880633,1.3097916721814862,-10.948920629761293,-1.7820748751065771
충청남도,홍성군,8005,중국음식,3.0766847035827514,3.2568071194578176,2.7455115216059567,2.4131085051751064,0.18012241587506628,-0.33240301643085024
충청남도,홍성군,8006,서양음식,8.699673428523754,9.551585564795289,15.154210451910844,15.00542658231199,0.851912136271535,-0.14878386959885326
충청남도,홍성군,8021,스넥,3.1145860646945245,3.8732609185798217,3.753357523208143,3.5227784101437383,0.7586748538852972,-0.2305791130644046
충청남도,홍성군,8301,제과점,2.4492860718457248,2.797119325189989,3.9624664247679187,4.055377610715515,0.3478332533442643,0.09291118594759595
충청북도,괴산군,4010,편의점,9.424698635430321,10.809170643209853,17.34154668249963,21.56867275037542,1.3844720077795323,4.2271260678757905
충청북도,괴산군,4020,슈퍼마켓,23.88110590000227,19.936375309020523,15.80525456434615,15.101074275153056,-3.9447305909817487,-0.7041802891930935
충청북도,괴산군,8001,일반한식,36.321344415568674,41.00662437796644,18.819949532432833,19.141735012128912,4.685279962397765,0.3217854796960786
충청북도,괴산군,8004,일식회집,1.436548646416584,0.7582581143839073,0.3191331453169066,0.19637287744022178,-0.6782905320326766,-0.12276026787668484
충청북도,괴산군,8005,중국음식,3.7224491032936062,3.5485457669777634,2.5248626985305034,2.3160448192214393,-0.17390333631584287,-0.20881787930906404
충청북도,괴산군,8006,서양음식,6.565997135994787,7.511035306593077,9.363218049576963,11.798544530437796,0.9450381705982895,2.4353264808608337
충청북도,괴산군,8021,스넥,17.30753203064031,14.882811751403768,34.4485676116966,28.184128450964536,-2.424720279236542,-6.264439160732067
충청북도,괴산군,8301,제과점,1.3403241326534479,1.54717873044467,1.3774677156004156,1.6934272842786184,0.20685459779122217,0.31595956867820285
충청북도,단양군,4010,편의점,18.43671854588885,16.291032193477,38.21780613555104,36.88552462336818,-2.1456863524118504,-1.3322815121828597
충청북도,단양군,4020,슈퍼마켓,10.847049602508116,9.865509247062542,12.2869051616854,12.032998713759813,-0.9815403554455742,-0.25390644792558703
충청북도,단양군,8001,일반한식,46.33206434516478,49.662785183624,21.294668431345436,22.810804417569745,3.3307208384592215,1.5161359862243096
충청북도,단양군,8004,일식회집,2.744186914492591,1.8948574740502662,0.6854591786342177,0.638684782447996,-0.8493294404423248,-0.0467743961862217
충청북도,단양군,8005,중국음식,2.6891352218863136,1.9765266873913272,2.101811429587342,1.6514141249870637,-0.7126085344949864,-0.45039730460027805
충청북도,단양군,8006,서양음식,8.766282237897958,9.9452025923389,11.773304624380222,13.013202442377919,1.1789203544409421,1.2398978179976972
충청북도,단양군,8021,스넥,7.5775389094166385,8.092496970335635,10.206822985599432,10.022324398645752,0.5149580609189961,-0.18449858695367993
충청북도,단양군,8301,제과점,2.6070242227447467,2.2715896517203222,3.4332220532169173,2.945046496843537,-0.3354345710244244,-0.4881755563733803
충청북도,보은군,4010,편의점,11.491827819555454,11.999145370886144,22.37999122422115,23.032613178967132,0.50731755133069,0.6526219547459817
충청북도,보은군,4020,슈퍼마켓,20.605100281014455,17.761787395746694,18.007898200965336,15.26689328535465,-2.8433128852677605,-2.741004915610686
충청북도,보은군,8001,일반한식,52.03144560488142,54.276579346971786,42.6871434839842,45.07246582941018,2.245133742090367,2.385322345425976
충청북도,보은군,8004,일식회집,0.24337077274597518,0.46317845724183715,0.04387889425186486,0.096715925414954,0.21980768449586197,0.05283703116308914
충청북도,보은군,8005,중국음식,4.461213877386653,3.9328200471572137,2.9556823168056168,2.412208963290617,-0.5283938302294393,-0.5434733535149996
충청북도,보은군,8006,서양음식,7.01748242565373,7.301737491510939,9.88679245283019,10.280333954401286,0.2842550658572085,0.3935415015710966
충청북도,보은군,8021,스넥,2.3304064642078632,2.276976139060366,1.9078543220710837,1.750842708614829,-0.05343032514749746,-0.1570116134562547
충청북도,보은군,8301,제과점,1.8191527545544477,1.9877757514250176,2.130759104870557,2.0879261545463597,0.16862299687056992,-0.042832950324197316
충청북도,영동군,4010,편의점,12.249580468390334,13.802356322975799,27.909494232475602,31.107189855245842,1.5527758545854642,3.19769562277024
충청북도,영동군,4020,슈퍼마켓,33.65608803480998,32.38262887583483,23.937888198757765,22.264924033975355,-1.2734591589751503,-1.6729641647824103
충청북도,영동군,8001,일반한식,39.42928850409136,40.14913269645365,28.207630878438334,27.521234597439886,0.719844192362288,-0.6863962809984478
충청북도,영동군,8004,일식회집,0.515318472756434,0.5485340559214646,0.129547471162378,0.18841966742433305,0.03321558316503059,0.058872196261955057
충청북도,영동군,8005,중국음식,2.9144452529812734,2.471699730348042,2.4826974267968054,2.09205646608446,-0.4427455226332313,-0.39064096071234555
충청북도,영동군,8006,서양음식,7.553796575434012,7.133579909940202,12.80212954747116,12.474578298839575,-0.4202166654938093,-0.32755124863158613
충청북도,영동군,8021,스넥,2.3419516758988372,2.2495170658702377,2.589174800354925,2.438987917214978,-0.09243461002859954,-0.15018688313994666
충청북도,영동군,8301,제과점,1.3395310156377622,1.262551342655775,1.9414374445430347,1.9126091637755713,-0.07697967298198716,-0.028828280767463355
충청북도,옥천군,4010,편의점,10.987953444137494,12.768911917098446,23.86537134843533,26.65077927648825,1.7809584729609522,2.7854079280529227
충청북도,옥천군,4020,슈퍼마켓,29.299510891716864,25.17616580310881,22.56251343006752,20.446117916209904,-4.123345088608055,-2.116395513857615
충청북도,옥천군,8001,일반한식,46.89155835333544,50.41036269430052,35.08442564549146,39.72355941089557,3.518804340965076,4.639133765404111
충청북도,옥천군,8004,일식회집,0.4211765771477741,0.26165803108808294,0.13797627260492418,0.08007244649921358,-0.15951854605969118,-0.0579038261057106
충청북도,옥천군,8005,중국음식,1.986436302703682,1.8564766839378237,1.685120050666697,1.4327248462895001,-0.12995961876585826,-0.25239520437719687
충청북도,옥천군,8006,서양음식,4.979394049182555,6.743523316062176,7.051492292554936,8.501977980077214,1.7641292668796211,1.4504856875222778
충청북도,옥천군,8021,스넥,4.032312848149993,1.4761658031088083,7.579647368837719,1.4841999904675658,-2.5561470450411847,-6.095447378370153
충청북도,옥천군,8301,제과점,1.4016575336261945,1.3067357512953368,2.0334535913414236,1.6805681330727802,-0.09492178233085768,-0.35288545826864337
충청북도,음성군,4004,대형할인점,0.50441467473373,0.5904935169053823,0.47067512463189387,0.5516789010150999,0.08607884217165229,0.081003776383206
충청북도,음성군,4010,편의점,23.356257721913998,25.64869490140454,42.12949199007326,45.91360319115181,2.292437179490541,3.784111201078545
충청북도,음성군,4020,슈퍼마켓,30.190549214331874,26.608902113750943,19.391251826839124,17.324423990166306,-3.5816471005809305,-2.066827836672818
충청북도,음성군,8001,일반한식,27.812115996959786,29.123356099967623,17.264451197185966,16.20266800342366,1.3112401030078367,-1.061783193762306
충청북도,음성군,8004,일식회집,1.2949377726735485,1.1316507608578343,0.3592653211950892,0.33223388625655603,-0.16328701181571414,-0.02703143493853316
충청북도,음성군,8005,중국음식,3.406012797032106,3.1564422380166817,2.2673146794933983,2.0640630124494384,-0.24957055901542446,-0.20325166704395992
충청북도,음성군,8006,서양음식,6.709066740774719,7.187369914124051,8.353857564443999,8.699941605761564,0.4783031733493317,0.34608404131756565
충청북도,음성군,8021,스넥,5.071602441547832,4.987743019688256,7.589010486917172,6.952913979154057,-0.08385942185957518,-0.6360965077631153
충청북도,음성군,8301,제과점,1.655042640032411,1.5653474352846857,2.1746818092201003,1.958473430621512,-0.0896952047477253,-0.21620837859858844
충청북도,제천시,4004,대형할인점,10.055753265986313,8.230412588983697,5.205525865919206,4.235382934870841,-1.8253406770026164,-0.9701429310483656
충청북도,제천시,4010,편의점,12.143758247643877,13.988999093469998,29.148249680429995,32.50779164815489,1.8452408458261207,3.3595419677248977
충청북도,제천시,4020,슈퍼마켓,23.912117623904212,21.489160132161704,22.793811892624475,20.25160426110456,-2.4229574917425083,-2.542207631519915
충청북도,제천시,8001,일반한식,36.39062131981661,38.6605979955789,19.742880904344613,19.346336672690647,2.269976675762287,-0.3965442316539658
충청북도,제천시,8004,일식회집,1.3617283512455758,1.2609722337873315,0.3823289337912554,0.3661156003327109,-0.10075611745824431,-0.016213333458544477
충청북도,제천시,8005,중국음식,2.9704423802256588,2.465070314991681,2.2851180483898292,1.8228949188098569,-0.5053720652339777,-0.46222312957997236
충청북도,제천시,8006,서양음식,7.899992579137051,8.55437530342046,13.31143829603733,14.785591881319753,0.6543827242834093,1.4741535852824228
충청북도,제천시,8021,스넥,3.5641114161910328,3.743796082596352,4.324590719379033,4.112453609211682,0.17968466640531933,-0.21213711016735104
충청북도,제천시,8301,제과점,1.7014748158496726,1.6066162550098744,2.806055659084259,2.571828473505056,-0.09485856083979827,-0.23422718557920286
충청북도,증평군,4004,대형할인점,2.8915225227561523,2.5897689928474774,2.386568796700183,2.130539232825418,-0.3017535299086749,-0.2560295638747654
충청북도,증평군,4010,편의점,18.341069992998108,19.82831529093369,39.26834732417011,41.39720063611653,1.4872452979355835,2.128853311946422
충청북도,증평군,4020,슈퍼마켓,27.018879178444543,23.835902764353374,20.20478895141204,18.854539097481474,-3.1829764140911685,-1.350249853930567
충청북도,증평군,8001,일반한식,34.908975389642386,35.96438236999806,16.82853867137567,16.5717379290121,1.0554069803556771,-0.25680074236356987
충청북도,증평군,8004,일식회집,0.8402271725318328,1.151411173400348,0.2437963707286217,0.267304287019388,0.3111840008685153,0.023507916290766318
충청북도,증평군,8005,중국음식,2.5907004486398177,1.9264691668277596,1.9464175111685096,1.467353913131746,-0.6642312818120581,-0.4790635980367637
충청북도,증평군,8006,서양음식,6.288737325276834,7.859317610670791,10.089216293504474,11.583185770840148,1.570580285393957,1.493969477335673
충청북도,증평군,8021,스넥,4.652368973833666,4.919171660545138,5.0841426933568785,4.738165864001894,0.2668026867114719,-0.3459768293549841
충청북도,증평군,8301,제과점,2.467518995876663,1.9252609704233519,3.948183387583517,2.989973269571298,-0.5422580254533111,-0.9582101180122189
충청북도,진천군,4004,대형할인점,2.8616768936705625,2.397987725286397,2.5586077831804435,2.2464045738535896,-0.46368916838416574,-0.31220320932685386
충청북도,진천군,4010,편의점,21.114523601663958,23.45025660150961,43.21603422059585,46.348579511965106,2.3357329998456535,3.1325452913692544
충청북도,진천군,4020,슈퍼마켓,30.016308773869117,27.796267319588463,19.37983524654536,18.197424260285278,-2.220041454280654,-1.1824109862600807
충청북도,진천군,8001,일반한식,29.56891660752381,30.2384407708585,15.528347285578226,14.445803371448779,0.6695241633346889,-1.082543914129447
충청북도,진천군,8002,갈비전문점,,0.02067405527674858,,0.004052222091241306,,
충청북도,진천군,8004,일식회집,1.2416859796883537,1.2609146850652246,0.4014403395324745,0.4324826122833903,0.019228705376870936,0.03104227275091581
충청북도,진천군,8005,중국음식,3.3756440290836314,3.0634085436546865,2.316323291058867,1.99185134975834,-0.31223548542894486,-0.3244719413005268
충청북도,진천군,8006,서양음식,6.8779479835949235,6.989452178072529,10.824268551472922,11.266282565130261,0.11150419447760562,0.4420140136573387
충청북도,진천군,8021,스넥,2.914853126825316,2.91504179402155,2.8869450431934767,2.5182718377932334,0.00018866719623389372,-0.3686732054002433
충청북도,진천군,8301,제과점,2.028443004080334,1.8675563266662882,2.8881982388423815,2.5488476953907817,-0.16088667741404583,-0.33935054345159976
충청북도,청주시 상당구,4004,대형할인점,5.989654601125354,4.192441887877788,4.404298937690252,3.16763444466016,-1.797212713247566,-1.2366644930300925
충청북도,청주시 상당구,4010,편의점,13.281013186395125,14.951671460229148,29.57619432192334,31.794816357507194,1.6706582738340234,2.2186220355838557
충청북도,청주시 상당구,4020,슈퍼마켓,16.749360315638977,16.484864915837615,15.71472945269305,15.379286609364796,-0.26449539980136194,-0.3354428433282539
충청북도,청주시 상당구,8001,일반한식,41.97200728964049,43.20901504078457,24.056905013356523,23.309183007112726,1.237007751144084,-0.7477220062437979
충청북도,청주시 상당구,8002,갈비전문점,0.015217431322137067,0.009429958979678438,0.004224389637820712,0.003088653170723098,-0.005787472342458629,-0.001135736467097614
충청북도,청주시 상당구,8004,일식회집,2.463873940762467,1.8400207459097553,0.9007889668882401,0.6953881995799432,-0.6238531948527117,-0.20540076730829682
충청북도,청주시 상당구,8005,중국음식,3.413490743751956,3.029963694657928,2.2766975212772564,2.0232884449072523,-0.3835270490940279,-0.2534090763700041
충청북도,청주시 상당구,8006,서양음식,9.896484650643366,10.186005940874157,15.00925638317699,16.017975961453608,0.2895212902307911,1.0087195782766187
충청북도,청주시 상당구,8021,스넥,3.329303986598843,3.39561035409496,3.86631049263838,3.611518028909794,0.06630636749611707,-0.2547924637285859
충청북도,청주시 상당구,8301,제과점,2.8895938541212853,2.700976000754397,4.190594520718146,3.9978202933338043,-0.18861785336688852,-0.19277422738434158
충청북도,청주시 서원구,4004,대형할인점,7.667582925405368,6.103984143483398,4.071663291477626,2.967395153703595,-1.5635987819219697,-1.104268137774031
충청북도,청주시 서원구,4010,편의점,14.929698086761325,17.40885408260109,34.02014016912093,37.34663859612531,2.479155995839763,3.326498427004381
충청북도,청주시 서원구,4020,슈퍼마켓,19.773102952108527,20.36916759744075,17.19303643438809,16.776276481796515,0.5960646453322234,-0.41675995259157617
충청북도,청주시 서원구,8001,일반한식,37.82898542629968,37.03439237131107,21.980676937665343,19.881851699766877,-0.79459305498861,-2.098825237898467
충청북도,청주시 서원구,8004,일식회집,2.5056817350669105,1.7971579647360367,0.6526766552086775,0.5438124227354003,-0.7085237703308738,-0.10886423247327714
충청북도,청주시 서원구,8005,중국음식,2.569513983916933,2.2310170509203364,1.7330734059482347,1.5271504272501517,-0.33849693299659656,-0.20592297869808296
충청북도,청주시 서원구,8006,서양음식,8.998751281631872,9.328615976602599,12.899695098115863,14.22276972813724,0.3298646949707269,1.3230746300213774
충청북도,청주시 서원구,8021,스넥,2.975247715669886,3.236511308098057,3.3307189278751945,3.0577770825321715,0.261263592428171,-0.272941845343023
충청북도,청주시 서원구,8301,제과점,2.751435893139496,2.490299504806668,4.11831908020004,3.6763284079527407,-0.26113638833282815,-0.44199067224729927
충청북도,청주시 청원구,4004,대형할인점,4.056907528235087,2.0548140021535524,2.939767405650773,1.8418123654804375,-2.0020935260815342,-1.0979550401703357
충청북도,청주시 청원구,4010,편의점,15.723584089798164,17.67619511996912,35.52433537342452,37.91258808267241,1.9526110301709547,2.3882527092478867
충청북도,청주시 청원구,4020,슈퍼마켓,24.458007049124202,24.524694744113283,18.859664882085923,18.52426511778754,0.06668769498908134,-0.3353997642983835
충청북도,청주시 청원구,8001,일반한식,37.34947388835786,37.7392779504683,20.67778137089337,19.788380458177315,0.3898040621104357,-0.8894009127160558
충청북도,청주시 청원구,8004,일식회집,2.7538486199587977,2.2881493671400417,0.8577565384722871,0.7426216941356841,-0.465699252818756,-0.11513484433660293
충청북도,청주시 청원구,8005,중국음식,3.183188175202994,2.7586802381097497,2.2307259291198065,1.853974408113925,-0.4245079370932441,-0.3767515210058814
충청북도,청주시 청원구,8006,서양음식,7.4133553395829495,7.588427703622437,12.350536372310653,12.872969307426954,0.17507236403948756,0.5224329351163011
충청북도,청주시 청원구,8021,스넥,2.60285250073717,2.84878405558603,2.787259610586117,2.713609694253619,0.2459315548488603,-0.07364991633249796
충청북도,청주시 청원구,8301,제과점,2.4587828090027726,2.520976818837488,3.7721725174565535,3.749778871952118,0.06219400983471557,-0.022393645504435344
충청북도,청주시 흥덕구,4004,대형할인점,12.005201790702733,10.771015429356169,5.362748923405154,4.730897116403387,-1.2341863613465645,-0.6318518070017669
충청북도,청주시 흥덕구,4010,편의점,17.16753020299078,18.52938040229421,40.011144800067775,40.98112309463167,1.3618501993034293,0.9699782945638944
충청북도,청주시 흥덕구,4020,슈퍼마켓,17.585531241603352,17.24992325712901,15.67013778266208,15.841703109231583,-0.33560798447434337,0.17156532656950318
충청북도,청주시 흥덕구,8001,일반한식,34.47208744294956,34.79854592454964,16.81695441490396,15.76447004386838,0.32645848160008484,-1.0524843710355807
충청북도,청주시 흥덕구,8002,갈비전문점,0.09463468704159375,0.07444866305840536,0.02768301515764403,0.023799226067475383,-0.02018602398318839,-0.003883789090168649
충청북도,청주시 흥덕구,8004,일식회집,2.7358027708388013,2.5455367961870907,0.8073417265371532,0.7661520084029575,-0.19026597465171058,-0.041189718134195696
충청북도,청주시 흥덕구,8005,중국음식,2.700392690312039,2.5127070037967525,1.793429818187025,1.6085073079642738,-0.1876856865152865,-0.1849225102227512
충청북도,청주시 흥덕구,8006,서양음식,8.249613637369604,8.254430891025123,12.894915513108266,13.676660053227884,0.004817253655518883,0.7817445401196181
충청북도,청주시 흥덕구,8021,스넥,2.72377082446263,2.992358025688666,3.1927346404012127,3.1623221637157917,0.26858720122603597,-0.03041247668542102
충청북도,청주시 흥덕구,8301,제과점,2.2654347117289033,2.2716536069149367,3.422909365569727,3.444365876486594,0.0062188951860333574,0.021456510916866733
충청북도,충주시,4004,대형할인점,11.74998471895984,10.184371627280015,6.780040277466995,5.994080491785481,-1.5656130916798254,-0.7859597856815137
충청북도,충주시,4010,편의점,12.928633176447986,15.29581413262039,30.333602498370414,34.544762053923414,2.367180956172403,4.2111595555529995
충청북도,충주시,4020,슈퍼마켓,21.01003309436697,19.578950196821303,16.429120414060144,14.848070108619238,-1.431082897545668,-1.5810503054409057
충청북도,충주시,8001,일반한식,38.29350075531999,38.987277148576574,25.229844241003242,23.776987956310254,0.6937763932565844,-1.452856284692988
충청북도,충주시,8004,일식회집,1.5088062451428121,1.4645833613227108,0.49403134637648727,0.5074118436438257,-0.04422288382010131,0.013380497267338476
충청북도,충주시,8005,중국음식,2.9246164458920196,2.7726053408210514,2.211952873417845,1.962372145919615,-0.15201110507096827,-0.2495807274982298
충청북도,충주시,8006,서양음식,6.11652011421486,6.524346280099777,11.201027367274072,12.276127438504568,0.4078261658849165,1.0751000712304961
충청북도,충주시,8021,스넥,2.6947896019070736,2.7762775471453076,2.9760572835086148,2.7677171450386298,0.081487945238234,-0.208340138469985
충청북도,충주시,8301,제과점,2.7731158477484477,2.4157743653128767,4.344323698522187,3.3224708162549765,-0.35734148243557096,-1.0218528822672104
