SIDO_NM,CCG_NM,STRD_YYMM,TP_BUZ_NO,TP_BUZ_NM_CLEAN,국세청업종,active_business_count,active_business_masked
서울특별시,강남구,202601,4010,편의점,편의점,675.0,False
서울특별시,강동구,202601,4010,편의점,편의점,333.0,False
서울특별시,강북구,202601,4010,편의점,편의점,236.0,False
서울특별시,강서구,202601,4010,편의점,편의점,481.0,False
서울특별시,관악구,202601,4010,편의점,편의점,367.0,False
서울특별시,광진구,202601,4010,편의점,편의점,318.0,False
서울특별시,구로구,202601,4010,편의점,편의점,320.0,False
서울특별시,금천구,202601,4010,편의점,편의점,278.0,False
서울특별시,노원구,202601,4010,편의점,편의점,299.0,False
서울특별시,도봉구,202601,4010,편의점,편의점,225.0,False
서울특별시,동대문구,202601,4010,편의점,편의점,312.0,False
서울특별시,동작구,202601,4010,편의점,편의점,282.0,False
서울특별시,마포구,202601,4010,편의점,편의점,451.0,False
서울특별시,서대문구,202601,4010,편의점,편의점,257.0,False
서울특별시,서초구,202601,4010,편의점,편의점,396.0,False
서울특별시,성동구,202601,4010,편의점,편의점,258.0,False
서울특별시,성북구,202601,4010,편의점,편의점,287.0,False
서울특별시,송파구,202601,4010,편의점,편의점,511.0,False
서울특별시,양천구,202601,4010,편의점,편의점,251.0,False
서울특별시,영등포구,202601,4010,편의점,편의점,424.0,False
서울특별시,용산구,202601,4010,편의점,편의점,228.0,False
서울특별시,은평구,202601,4010,편의점,편의점,313.0,False
서울특별시,종로구,202601,4010,편의점,편의점,248.0,False
서울특별시,중구,202601,4010,편의점,편의점,308.0,False
서울특별시,중랑구,202601,4010,편의점,편의점,303.0,False
인천광역시,강화군,202601,4010,편의점,편의점,117.0,False
인천광역시,계양구,202601,4010,편의점,편의점,241.0,False
인천광역시,남동구,202601,4010,편의점,편의점,456.0,False
인천광역시,동구,202601,4010,편의점,편의점,56.0,False
인천광역시,미추홀구,202601,4010,편의점,편의점,413.0,False
인천광역시,부평구,202601,4010,편의점,편의점,426.0,False
인천광역시,서구,202601,4010,편의점,편의점,582.0,False
인천광역시,연수구,202601,4010,편의점,편의점,370.0,False
인천광역시,옹진군,202601,4010,편의점,편의점,35.0,False
인천광역시,중구,202601,4010,편의점,편의점,275.0,False
경기도,가평군,202601,4010,편의점,편의점,129.0,False
경기도,고양시 덕양구,202601,4010,편의점,편의점,402.0,False
경기도,고양시 일산동구,202601,4010,편의점,편의점,294.0,False
경기도,고양시 일산서구,202601,4010,편의점,편의점,194.0,False
경기도,과천시,202601,4010,편의점,편의점,75.0,False
경기도,광명시,202601,4010,편의점,편의점,183.0,False
경기도,광주시,202601,4010,편의점,편의점,429.0,False
경기도,구리시,202601,4010,편의점,편의점,170.0,False
경기도,군포시,202601,4010,편의점,편의점,199.0,False
경기도,김포시,202601,4010,편의점,편의점,496.0,False
경기도,남양주시,202601,4010,편의점,편의점,634.0,False
경기도,동두천시,202601,4010,편의점,편의점,97.0,False
경기도,부천시 소사구,202601,4010,편의점,편의점,178.0,False
경기도,부천시 오정구,202601,4010,편의점,편의점,134.0,False
경기도,부천시 원미구,202601,4010,편의점,편의점,354.0,False
경기도,성남시 분당구,202601,4010,편의점,편의점,350.0,False
경기도,성남시 수정구,202601,4010,편의점,편의점,227.0,False
경기도,성남시 중원구,202601,4010,편의점,편의점,190.0,False
경기도,수원시 권선구,202601,4010,편의점,편의점,335.0,False
경기도,수원시 영통구,202601,4010,편의점,편의점,299.0,False
경기도,수원시 장안구,202601,4010,편의점,편의점,220.0,False
경기도,수원시 팔달구,202601,4010,편의점,편의점,257.0,False
경기도,시흥시,202601,4010,편의점,편의점,554.0,False
경기도,안산시 단원구,202601,4010,편의점,편의점,375.0,False
경기도,안산시 상록구,202601,4010,편의점,편의점,311.0,False
경기도,안성시,202601,4010,편의점,편의점,320.0,False
경기도,안양시 동안구,202601,4010,편의점,편의점,255.0,False
경기도,안양시 만안구,202601,4010,편의점,편의점,195.0,False
경기도,양주시,202601,4010,편의점,편의점,319.0,False
경기도,양평군,202601,4010,편의점,편의점,150.0,False
경기도,여주시,202601,4010,편의점,편의점,182.0,False
경기도,연천군,202601,4010,편의점,편의점,63.0,False
경기도,오산시,202601,4010,편의점,편의점,281.0,False
경기도,용인시 기흥구,202601,4010,편의점,편의점,342.0,False
경기도,용인시 수지구,202601,4010,편의점,편의점,223.0,False
경기도,용인시 처인구,202601,4010,편의점,편의점,430.0,False
경기도,의왕시,202601,4010,편의점,편의점,108.0,False
경기도,의정부시,202601,4010,편의점,편의점,429.0,False
경기도,이천시,202601,4010,편의점,편의점,362.0,False
경기도,파주시,202601,4010,편의점,편의점,544.0,False
경기도,평택시,202601,4010,편의점,편의점,869.0,False
경기도,포천시,202601,4010,편의점,편의점,278.0,False
경기도,하남시,202601,4010,편의점,편의점,268.0,False
경기도,화성시 동탄구,202601,4010,편의점,편의점,348.0,False
경기도,화성시 만세구,202601,4010,편의점,편의점,485.0,False
경기도,화성시 병점구,202601,4010,편의점,편의점,134.0,False
경기도,화성시 효행구,202601,4010,편의점,편의점,202.0,False
강원특별자치도,강릉시,202601,4010,편의점,편의점,335.0,False
강원특별자치도,고성군,202601,4010,편의점,편의점,69.0,False
강원특별자치도,동해시,202601,4010,편의점,편의점,126.0,False
강원특별자치도,삼척시,202601,4010,편의점,편의점,96.0,False
강원특별자치도,속초시,202601,4010,편의점,편의점,165.0,False
강원특별자치도,양구군,202601,4010,편의점,편의점,23.0,False
강원특별자치도,양양군,202601,4010,편의점,편의점,81.0,False
강원특별자치도,영월군,202601,4010,편의점,편의점,42.0,False
강원특별자치도,원주시,202601,4010,편의점,편의점,471.0,False
강원특별자치도,인제군,202601,4010,편의점,편의점,54.0,False
강원특별자치도,정선군,202601,4010,편의점,편의점,66.0,False
강원특별자치도,철원군,202601,4010,편의점,편의점,53.0,False
강원특별자치도,춘천시,202601,4010,편의점,편의점,354.0,False
강원특별자치도,태백시,202601,4010,편의점,편의점,56.0,False
강원특별자치도,평창군,202601,4010,편의점,편의점,80.0,False
강원특별자치도,홍천군,202601,4010,편의점,편의점,71.0,False
강원특별자치도,화천군,202601,4010,편의점,편의점,27.0,False
강원특별자치도,횡성군,202601,4010,편의점,편의점,54.0,False
대전광역시,대덕구,202601,4010,편의점,편의점,165.0,False
대전광역시,동구,202601,4010,편의점,편의점,225.0,False
대전광역시,서구,202601,4010,편의점,편의점,453.0,False
대전광역시,유성구,202601,4010,편의점,편의점,387.0,False
대전광역시,중구,202601,4010,편의점,편의점,208.0,False
충청북도,괴산군,202601,4010,편의점,편의점,30.0,False
충청북도,단양군,202601,4010,편의점,편의점,27.0,False
충청북도,보은군,202601,4010,편의점,편의점,24.0,False
충청북도,영동군,202601,4010,편의점,편의점,36.0,False
충청북도,옥천군,202601,4010,편의점,편의점,54.0,False
충청북도,음성군,202601,4010,편의점,편의점,185.0,False
충청북도,제천시,202601,4010,편의점,편의점,130.0,False
충청북도,증평군,202601,4010,편의점,편의점,52.0,False
충청북도,진천군,202601,4010,편의점,편의점,167.0,False
충청북도,청주시 상당구,202601,4010,편의점,편의점,191.0,False
충청북도,청주시 서원구,202601,4010,편의점,편의점,184.0,False
충청북도,청주시 청원구,202601,4010,편의점,편의점,257.0,False
충청북도,청주시 흥덕구,202601,4010,편의점,편의점,370.0,False
충청북도,충주시,202601,4010,편의점,편의점,260.0,False
충청남도,계룡시,202601,4010,편의점,편의점,31.0,False
충청남도,공주시,202601,4010,편의점,편의점,118.0,False
충청남도,금산군,202601,4010,편의점,편의점,42.0,False
충청남도,논산시,202601,4010,편의점,편의점,120.0,False
충청남도,당진시,202601,4010,편의점,편의점,267.0,False
충청남도,보령시,202601,4010,편의점,편의점,158.0,False
충청남도,부여군,202601,4010,편의점,편의점,55.0,False
충청남도,서산시,202601,4010,편의점,편의점,237.0,False
충청남도,서천군,202601,4010,편의점,편의점,46.0,False
충청남도,아산시,202601,4010,편의점,편의점,509.0,False
충청남도,예산군,202601,4010,편의점,편의점,103.0,False
충청남도,천안시 동남구,202601,4010,편의점,편의점,369.0,False
충청남도,천안시 서북구,202601,4010,편의점,편의점,570.0,False
충청남도,청양군,202601,4010,편의점,편의점,26.0,False
충청남도,태안군,202601,4010,편의점,편의점,125.0,False
충청남도,홍성군,202601,4010,편의점,편의점,106.0,False
광주광역시,광산구,202601,4010,편의점,편의점,382.0,False
광주광역시,남구,202601,4010,편의점,편의점,147.0,False
광주광역시,동구,202601,4010,편의점,편의점,132.0,False
광주광역시,북구,202601,4010,편의점,편의점,349.0,False
광주광역시,서구,202601,4010,편의점,편의점,274.0,False
전북특별자치도,고창군,202601,4010,편의점,편의점,51.0,False
전북특별자치도,군산시,202601,4010,편의점,편의점,265.0,False
전북특별자치도,김제시,202601,4010,편의점,편의점,79.0,False
전북특별자치도,남원시,202601,4010,편의점,편의점,55.0,False
전북특별자치도,무주군,202601,4010,편의점,편의점,33.0,False
전북특별자치도,부안군,202601,4010,편의점,편의점,61.0,False
전북특별자치도,순창군,202601,4010,편의점,편의점,13.0,False
전북특별자치도,완주군,202601,4010,편의점,편의점,94.0,False
전북특별자치도,익산시,202601,4010,편의점,편의점,226.0,False
전북특별자치도,임실군,202601,4010,편의점,편의점,20.0,False
전북특별자치도,장수군,202601,4010,편의점,편의점,17.0,False
전북특별자치도,전주시 덕진구,202601,4010,편의점,편의점,330.0,False
전북특별자치도,전주시 완산구,202601,4010,편의점,편의점,287.0,False
전북특별자치도,정읍시,202601,4010,편의점,편의점,97.0,False
전북특별자치도,진안군,202601,4010,편의점,편의점,12.0,False
전라남도,강진군,202601,4010,편의점,편의점,24.0,False
전라남도,고흥군,202601,4010,편의점,편의점,51.0,False
전라남도,곡성군,202601,4010,편의점,편의점,22.0,False
전라남도,광양시,202601,4010,편의점,편의점,151.0,False
전라남도,구례군,202601,4010,편의점,편의점,18.0,False
전라남도,나주시,202601,4010,편의점,편의점,115.0,False
전라남도,담양군,202601,4010,편의점,편의점,28.0,False
전라남도,목포시,202601,4010,편의점,편의점,222.0,False
전라남도,무안군,202601,4010,편의점,편의점,87.0,False
전라남도,보성군,202601,4010,편의점,편의점,25.0,False
전라남도,순천시,202601,4010,편의점,편의점,244.0,False
전라남도,신안군,202601,4010,편의점,편의점,18.0,False
전라남도,여수시,202601,4010,편의점,편의점,344.0,False
전라남도,영광군,202601,4010,편의점,편의점,40.0,False
전라남도,영암군,202601,4010,편의점,편의점,58.0,False
전라남도,완도군,202601,4010,편의점,편의점,48.0,False
전라남도,장성군,202601,4010,편의점,편의점,27.0,False
전라남도,장흥군,202601,4010,편의점,편의점,27.0,False
전라남도,진도군,202601,4010,편의점,편의점,23.0,False
전라남도,함평군,202601,4010,편의점,편의점,13.0,False
전라남도,해남군,202601,4010,편의점,편의점,67.0,False
전라남도,화순군,202601,4010,편의점,편의점,35.0,False
대구광역시,군위군,202601,4010,편의점,편의점,16.0,False
대구광역시,남구,202601,4010,편의점,편의점,150.0,False
대구광역시,달서구,202601,4010,편의점,편의점,456.0,False
대구광역시,달성군,202601,4010,편의점,편의점,240.0,False
대구광역시,동구,202601,4010,편의점,편의점,274.0,False
대구광역시,북구,202601,4010,편의점,편의점,355.0,False
대구광역시,서구,202601,4010,편의점,편의점,147.0,False
대구광역시,수성구,202601,4010,편의점,편의점,303.0,False
대구광역시,중구,202601,4010,편의점,편의점,153.0,False
경상북도,경산시,202601,4010,편의점,편의점,316.0,False
경상북도,경주시,202601,4010,편의점,편의점,325.0,False
경상북도,고령군,202601,4010,편의점,편의점,34.0,False
경상북도,구미시,202601,4010,편의점,편의점,468.0,False
경상북도,김천시,202601,4010,편의점,편의점,127.0,False
경상북도,문경시,202601,4010,편의점,편의점,64.0,False
경상북도,봉화군,202601,4010,편의점,편의점,12.0,False
경상북도,상주시,202601,4010,편의점,편의점,64.0,False
경상북도,성주군,202601,4010,편의점,편의점,40.0,False
경상북도,안동시,202601,4010,편의점,편의점,138.0,False
경상북도,영덕군,202601,4010,편의점,편의점,39.0,False
경상북도,영양군,202601,4010,편의점,편의점,,True
경상북도,영주시,202601,4010,편의점,편의점,81.0,False
경상북도,영천시,202601,4010,편의점,편의점,94.0,False
경상북도,예천군,202601,4010,편의점,편의점,29.0,False
경상북도,울릉군,202601,4010,편의점,편의점,12.0,False
경상북도,울진군,202601,4010,편의점,편의점,52.0,False
경상북도,의성군,202601,4010,편의점,편의점,27.0,False
경상북도,청도군,202601,4010,편의점,편의점,29.0,False
경상북도,청송군,202601,4010,편의점,편의점,16.0,False
경상북도,칠곡군,202601,4010,편의점,편의점,147.0,False
경상북도,포항시 남구,202601,4010,편의점,편의점,248.0,False
경상북도,포항시 북구,202601,4010,편의점,편의점,259.0,False
부산광역시,강서구,202601,4010,편의점,편의점,193.0,False
부산광역시,금정구,202601,4010,편의점,편의점,183.0,False
부산광역시,기장군,202601,4010,편의점,편의점,176.0,False
부산광역시,남구,202601,4010,편의점,편의점,193.0,False
부산광역시,동구,202601,4010,편의점,편의점,97.0,False
부산광역시,동래구,202601,4010,편의점,편의점,196.0,False
부산광역시,부산진구,202601,4010,편의점,편의점,371.0,False
부산광역시,북구,202601,4010,편의점,편의점,150.0,False
부산광역시,사상구,202601,4010,편의점,편의점,181.0,False
부산광역시,사하구,202601,4010,편의점,편의점,242.0,False
부산광역시,서구,202601,4010,편의점,편의점,95.0,False
부산광역시,수영구,202601,4010,편의점,편의점,167.0,False
부산광역시,연제구,202601,4010,편의점,편의점,151.0,False
부산광역시,영도구,202601,4010,편의점,편의점,86.0,False
부산광역시,중구,202601,4010,편의점,편의점,80.0,False
부산광역시,해운대구,202601,4010,편의점,편의점,307.0,False
울산광역시,남구,202601,4010,편의점,편의점,343.0,False
울산광역시,동구,202601,4010,편의점,편의점,154.0,False
울산광역시,북구,202601,4010,편의점,편의점,172.0,False
울산광역시,울주군,202601,4010,편의점,편의점,240.0,False
울산광역시,중구,202601,4010,편의점,편의점,167.0,False
경상남도,거제시,202601,4010,편의점,편의점,303.0,False
경상남도,거창군,202601,4010,편의점,편의점,58.0,False
경상남도,고성군,202601,4010,편의점,편의점,55.0,False
경상남도,김해시,202601,4010,편의점,편의점,545.0,False
경상남도,남해군,202601,4010,편의점,편의점,60.0,False
경상남도,밀양시,202601,4010,편의점,편의점,99.0,False
경상남도,사천시,202601,4010,편의점,편의점,130.0,False
경상남도,산청군,202601,4010,편의점,편의점,19.0,False
경상남도,양산시,202601,4010,편의점,편의점,344.0,False
경상남도,의령군,202601,4010,편의점,편의점,16.0,False
경상남도,진주시,202601,4010,편의점,편의점,312.0,False
경상남도,창녕군,202601,4010,편의점,편의점,55.0,False
경상남도,창원시 마산합포구,202601,4010,편의점,편의점,172.0,False
경상남도,창원시 마산회원구,202601,4010,편의점,편의점,149.0,False
경상남도,창원시 성산구,202601,4010,편의점,편의점,237.0,False
경상남도,창원시 의창구,202601,4010,편의점,편의점,206.0,False
경상남도,창원시 진해구,202601,4010,편의점,편의점,210.0,False
경상남도,통영시,202601,4010,편의점,편의점,147.0,False
경상남도,하동군,202601,4010,편의점,편의점,36.0,False
경상남도,함안군,202601,4010,편의점,편의점,65.0,False
경상남도,함양군,202601,4010,편의점,편의점,30.0,False
경상남도,합천군,202601,4010,편의점,편의점,21.0,False
제주특별자치도,서귀포시,202601,4010,편의점,편의점,400.0,False
제주특별자치도,제주시,202601,4010,편의점,편의점,903.0,False
서울특별시,강남구,202602,4010,편의점,편의점,678.0,False
서울특별시,강동구,202602,4010,편의점,편의점,331.0,False
서울특별시,강북구,202602,4010,편의점,편의점,236.0,False
서울특별시,강서구,202602,4010,편의점,편의점,482.0,False
서울특별시,관악구,202602,4010,편의점,편의점,369.0,False
서울특별시,광진구,202602,4010,편의점,편의점,318.0,False
서울특별시,구로구,202602,4010,편의점,편의점,322.0,False
서울특별시,금천구,202602,4010,편의점,편의점,276.0,False
서울특별시,노원구,202602,4010,편의점,편의점,299.0,False
서울특별시,도봉구,202602,4010,편의점,편의점,225.0,False
서울특별시,동대문구,202602,4010,편의점,편의점,313.0,False
서울특별시,동작구,202602,4010,편의점,편의점,280.0,False
서울특별시,마포구,202602,4010,편의점,편의점,451.0,False
서울특별시,서대문구,202602,4010,편의점,편의점,258.0,False
서울특별시,서초구,202602,4010,편의점,편의점,399.0,False
서울특별시,성동구,202602,4010,편의점,편의점,260.0,False
서울특별시,성북구,202602,4010,편의점,편의점,287.0,False
서울특별시,송파구,202602,4010,편의점,편의점,489.0,False
서울특별시,양천구,202602,4010,편의점,편의점,252.0,False
서울특별시,영등포구,202602,4010,편의점,편의점,423.0,False
서울특별시,용산구,202602,4010,편의점,편의점,228.0,False
서울특별시,은평구,202602,4010,편의점,편의점,320.0,False
서울특별시,종로구,202602,4010,편의점,편의점,248.0,False
서울특별시,중구,202602,4010,편의점,편의점,309.0,False
서울특별시,중랑구,202602,4010,편의점,편의점,303.0,False
인천광역시,강화군,202602,4010,편의점,편의점,117.0,False
인천광역시,계양구,202602,4010,편의점,편의점,240.0,False
인천광역시,남동구,202602,4010,편의점,편의점,454.0,False
인천광역시,동구,202602,4010,편의점,편의점,55.0,False
인천광역시,미추홀구,202602,4010,편의점,편의점,416.0,False
인천광역시,부평구,202602,4010,편의점,편의점,424.0,False
인천광역시,서구,202602,4010,편의점,편의점,577.0,False
인천광역시,연수구,202602,4010,편의점,편의점,369.0,False
인천광역시,옹진군,202602,4010,편의점,편의점,35.0,False
인천광역시,중구,202602,4010,편의점,편의점,272.0,False
경기도,가평군,202602,4010,편의점,편의점,130.0,False
경기도,고양시 덕양구,202602,4010,편의점,편의점,404.0,False
경기도,고양시 일산동구,202602,4010,편의점,편의점,292.0,False
경기도,고양시 일산서구,202602,4010,편의점,편의점,193.0,False
경기도,과천시,202602,4010,편의점,편의점,75.0,False
경기도,광명시,202602,4010,편의점,편의점,189.0,False
경기도,광주시,202602,4010,편의점,편의점,432.0,False
경기도,구리시,202602,4010,편의점,편의점,169.0,False
경기도,군포시,202602,4010,편의점,편의점,199.0,False
경기도,김포시,202602,4010,편의점,편의점,493.0,False
경기도,남양주시,202602,4010,편의점,편의점,634.0,False
경기도,동두천시,202602,4010,편의점,편의점,96.0,False
경기도,부천시 소사구,202602,4010,편의점,편의점,179.0,False
경기도,부천시 오정구,202602,4010,편의점,편의점,133.0,False
경기도,부천시 원미구,202602,4010,편의점,편의점,356.0,False
경기도,성남시 분당구,202602,4010,편의점,편의점,355.0,False
경기도,성남시 수정구,202602,4010,편의점,편의점,226.0,False
경기도,성남시 중원구,202602,4010,편의점,편의점,189.0,False
경기도,수원시 권선구,202602,4010,편의점,편의점,332.0,False
경기도,수원시 영통구,202602,4010,편의점,편의점,300.0,False
경기도,수원시 장안구,202602,4010,편의점,편의점,222.0,False
경기도,수원시 팔달구,202602,4010,편의점,편의점,255.0,False
경기도,시흥시,202602,4010,편의점,편의점,549.0,False
경기도,안산시 단원구,202602,4010,편의점,편의점,374.0,False
경기도,안산시 상록구,202602,4010,편의점,편의점,314.0,False
경기도,안성시,202602,4010,편의점,편의점,317.0,False
경기도,안양시 동안구,202602,4010,편의점,편의점,256.0,False
경기도,안양시 만안구,202602,4010,편의점,편의점,196.0,False
경기도,양주시,202602,4010,편의점,편의점,316.0,False
경기도,양평군,202602,4010,편의점,편의점,150.0,False
경기도,여주시,202602,4010,편의점,편의점,181.0,False
경기도,연천군,202602,4010,편의점,편의점,62.0,False
경기도,오산시,202602,4010,편의점,편의점,282.0,False
경기도,용인시 기흥구,202602,4010,편의점,편의점,342.0,False
경기도,용인시 수지구,202602,4010,편의점,편의점,221.0,False
경기도,용인시 처인구,202602,4010,편의점,편의점,429.0,False
경기도,의왕시,202602,4010,편의점,편의점,108.0,False
경기도,의정부시,202602,4010,편의점,편의점,431.0,False
경기도,이천시,202602,4010,편의점,편의점,358.0,False
경기도,파주시,202602,4010,편의점,편의점,542.0,False
경기도,평택시,202602,4010,편의점,편의점,872.0,False
경기도,포천시,202602,4010,편의점,편의점,278.0,False
경기도,하남시,202602,4010,편의점,편의점,271.0,False
경기도,화성시 동탄구,202602,4010,편의점,편의점,351.0,False
경기도,화성시 만세구,202602,4010,편의점,편의점,487.0,False
경기도,화성시 병점구,202602,4010,편의점,편의점,136.0,False
경기도,화성시 효행구,202602,4010,편의점,편의점,203.0,False
강원특별자치도,강릉시,202602,4010,편의점,편의점,334.0,False
강원특별자치도,고성군,202602,4010,편의점,편의점,71.0,False
강원특별자치도,동해시,202602,4010,편의점,편의점,126.0,False
강원특별자치도,삼척시,202602,4010,편의점,편의점,95.0,False
강원특별자치도,속초시,202602,4010,편의점,편의점,166.0,False
강원특별자치도,양구군,202602,4010,편의점,편의점,23.0,False
강원특별자치도,양양군,202602,4010,편의점,편의점,79.0,False
강원특별자치도,영월군,202602,4010,편의점,편의점,42.0,False
강원특별자치도,원주시,202602,4010,편의점,편의점,475.0,False
강원특별자치도,인제군,202602,4010,편의점,편의점,55.0,False
강원특별자치도,정선군,202602,4010,편의점,편의점,65.0,False
강원특별자치도,철원군,202602,4010,편의점,편의점,54.0,False
강원특별자치도,춘천시,202602,4010,편의점,편의점,355.0,False
강원특별자치도,태백시,202602,4010,편의점,편의점,56.0,False
강원특별자치도,평창군,202602,4010,편의점,편의점,79.0,False
강원특별자치도,홍천군,202602,4010,편의점,편의점,71.0,False
강원특별자치도,화천군,202602,4010,편의점,편의점,28.0,False
강원특별자치도,횡성군,202602,4010,편의점,편의점,54.0,False
대전광역시,대덕구,202602,4010,편의점,편의점,162.0,False
대전광역시,동구,202602,4010,편의점,편의점,227.0,False
대전광역시,서구,202602,4010,편의점,편의점,454.0,False
대전광역시,유성구,202602,4010,편의점,편의점,385.0,False
대전광역시,중구,202602,4010,편의점,편의점,210.0,False
충청북도,괴산군,202602,4010,편의점,편의점,30.0,False
충청북도,단양군,202602,4010,편의점,편의점,26.0,False
충청북도,보은군,202602,4010,편의점,편의점,25.0,False
충청북도,영동군,202602,4010,편의점,편의점,36.0,False
충청북도,옥천군,202602,4010,편의점,편의점,55.0,False
충청북도,음성군,202602,4010,편의점,편의점,185.0,False
충청북도,제천시,202602,4010,편의점,편의점,129.0,False
충청북도,증평군,202602,4010,편의점,편의점,51.0,False
충청북도,진천군,202602,4010,편의점,편의점,165.0,False
충청북도,청주시 상당구,202602,4010,편의점,편의점,191.0,False
충청북도,청주시 서원구,202602,4010,편의점,편의점,185.0,False
충청북도,청주시 청원구,202602,4010,편의점,편의점,259.0,False
충청북도,청주시 흥덕구,202602,4010,편의점,편의점,370.0,False
충청북도,충주시,202602,4010,편의점,편의점,260.0,False
충청남도,계룡시,202602,4010,편의점,편의점,30.0,False
충청남도,공주시,202602,4010,편의점,편의점,116.0,False
충청남도,금산군,202602,4010,편의점,편의점,42.0,False
충청남도,논산시,202602,4010,편의점,편의점,120.0,False
충청남도,당진시,202602,4010,편의점,편의점,269.0,False
충청남도,보령시,202602,4010,편의점,편의점,156.0,False
충청남도,부여군,202602,4010,편의점,편의점,52.0,False
충청남도,서산시,202602,4010,편의점,편의점,237.0,False
충청남도,서천군,202602,4010,편의점,편의점,45.0,False
충청남도,아산시,202602,4010,편의점,편의점,509.0,False
충청남도,예산군,202602,4010,편의점,편의점,104.0,False
충청남도,천안시 동남구,202602,4010,편의점,편의점,367.0,False
충청남도,천안시 서북구,202602,4010,편의점,편의점,575.0,False
충청남도,청양군,202602,4010,편의점,편의점,26.0,False
충청남도,태안군,202602,4010,편의점,편의점,122.0,False
충청남도,홍성군,202602,4010,편의점,편의점,107.0,False
광주광역시,광산구,202602,4010,편의점,편의점,385.0,False
광주광역시,남구,202602,4010,편의점,편의점,148.0,False
광주광역시,동구,202602,4010,편의점,편의점,134.0,False
광주광역시,북구,202602,4010,편의점,편의점,353.0,False
광주광역시,서구,202602,4010,편의점,편의점,275.0,False
전북특별자치도,고창군,202602,4010,편의점,편의점,52.0,False
전북특별자치도,군산시,202602,4010,편의점,편의점,262.0,False
전북특별자치도,김제시,202602,4010,편의점,편의점,78.0,False
전북특별자치도,남원시,202602,4010,편의점,편의점,55.0,False
전북특별자치도,무주군,202602,4010,편의점,편의점,33.0,False
전북특별자치도,부안군,202602,4010,편의점,편의점,60.0,False
전북특별자치도,순창군,202602,4010,편의점,편의점,14.0,False
전북특별자치도,완주군,202602,4010,편의점,편의점,96.0,False
전북특별자치도,익산시,202602,4010,편의점,편의점,226.0,False
전북특별자치도,임실군,202602,4010,편의점,편의점,20.0,False
전북특별자치도,장수군,202602,4010,편의점,편의점,16.0,False
전북특별자치도,전주시 덕진구,202602,4010,편의점,편의점,328.0,False
전북특별자치도,전주시 완산구,202602,4010,편의점,편의점,287.0,False
전북특별자치도,정읍시,202602,4010,편의점,편의점,95.0,False
전북특별자치도,진안군,202602,4010,편의점,편의점,12.0,False
전라남도,강진군,202602,4010,편의점,편의점,24.0,False
전라남도,고흥군,202602,4010,편의점,편의점,52.0,False
전라남도,곡성군,202602,4010,편의점,편의점,22.0,False
전라남도,광양시,202602,4010,편의점,편의점,150.0,False
전라남도,구례군,202602,4010,편의점,편의점,17.0,False
전라남도,나주시,202602,4010,편의점,편의점,114.0,False
전라남도,담양군,202602,4010,편의점,편의점,28.0,False
전라남도,목포시,202602,4010,편의점,편의점,222.0,False
전라남도,무안군,202602,4010,편의점,편의점,87.0,False
전라남도,보성군,202602,4010,편의점,편의점,25.0,False
전라남도,순천시,202602,4010,편의점,편의점,245.0,False
전라남도,신안군,202602,4010,편의점,편의점,17.0,False
전라남도,여수시,202602,4010,편의점,편의점,345.0,False
전라남도,영광군,202602,4010,편의점,편의점,40.0,False
전라남도,영암군,202602,4010,편의점,편의점,58.0,False
전라남도,완도군,202602,4010,편의점,편의점,47.0,False
전라남도,장성군,202602,4010,편의점,편의점,28.0,False
전라남도,장흥군,202602,4010,편의점,편의점,26.0,False
전라남도,진도군,202602,4010,편의점,편의점,23.0,False
전라남도,함평군,202602,4010,편의점,편의점,13.0,False
전라남도,해남군,202602,4010,편의점,편의점,66.0,False
전라남도,화순군,202602,4010,편의점,편의점,35.0,False
대구광역시,군위군,202602,4010,편의점,편의점,16.0,False
대구광역시,남구,202602,4010,편의점,편의점,149.0,False
대구광역시,달서구,202602,4010,편의점,편의점,459.0,False
대구광역시,달성군,202602,4010,편의점,편의점,242.0,False
대구광역시,동구,202602,4010,편의점,편의점,274.0,False
대구광역시,북구,202602,4010,편의점,편의점,350.0,False
대구광역시,서구,202602,4010,편의점,편의점,147.0,False
대구광역시,수성구,202602,4010,편의점,편의점,303.0,False
대구광역시,중구,202602,4010,편의점,편의점,155.0,False
경상북도,경산시,202602,4010,편의점,편의점,318.0,False
경상북도,경주시,202602,4010,편의점,편의점,328.0,False
경상북도,고령군,202602,4010,편의점,편의점,34.0,False
경상북도,구미시,202602,4010,편의점,편의점,473.0,False
경상북도,김천시,202602,4010,편의점,편의점,127.0,False
경상북도,문경시,202602,4010,편의점,편의점,65.0,False
경상북도,봉화군,202602,4010,편의점,편의점,12.0,False
경상북도,상주시,202602,4010,편의점,편의점,66.0,False
경상북도,성주군,202602,4010,편의점,편의점,38.0,False
경상북도,안동시,202602,4010,편의점,편의점,137.0,False
경상북도,영덕군,202602,4010,편의점,편의점,37.0,False
경상북도,영양군,202602,4010,편의점,편의점,,True
경상북도,영주시,202602,4010,편의점,편의점,81.0,False
경상북도,영천시,202602,4010,편의점,편의점,95.0,False
경상북도,예천군,202602,4010,편의점,편의점,30.0,False
경상북도,울릉군,202602,4010,편의점,편의점,12.0,False
경상북도,울진군,202602,4010,편의점,편의점,51.0,False
경상북도,의성군,202602,4010,편의점,편의점,28.0,False
경상북도,청도군,202602,4010,편의점,편의점,28.0,False
경상북도,청송군,202602,4010,편의점,편의점,16.0,False
경상북도,칠곡군,202602,4010,편의점,편의점,148.0,False
경상북도,포항시 남구,202602,4010,편의점,편의점,247.0,False
경상북도,포항시 북구,202602,4010,편의점,편의점,256.0,False
부산광역시,강서구,202602,4010,편의점,편의점,193.0,False
부산광역시,금정구,202602,4010,편의점,편의점,181.0,False
부산광역시,기장군,202602,4010,편의점,편의점,175.0,False
부산광역시,남구,202602,4010,편의점,편의점,194.0,False
부산광역시,동구,202602,4010,편의점,편의점,91.0,False
부산광역시,동래구,202602,4010,편의점,편의점,196.0,False
부산광역시,부산진구,202602,4010,편의점,편의점,375.0,False
부산광역시,북구,202602,4010,편의점,편의점,152.0,False
부산광역시,사상구,202602,4010,편의점,편의점,179.0,False
부산광역시,사하구,202602,4010,편의점,편의점,237.0,False
부산광역시,서구,202602,4010,편의점,편의점,95.0,False
부산광역시,수영구,202602,4010,편의점,편의점,170.0,False
부산광역시,연제구,202602,4010,편의점,편의점,150.0,False
부산광역시,영도구,202602,4010,편의점,편의점,86.0,False
부산광역시,중구,202602,4010,편의점,편의점,80.0,False
부산광역시,해운대구,202602,4010,편의점,편의점,308.0,False
울산광역시,남구,202602,4010,편의점,편의점,342.0,False
울산광역시,동구,202602,4010,편의점,편의점,155.0,False
울산광역시,북구,202602,4010,편의점,편의점,176.0,False
울산광역시,울주군,202602,4010,편의점,편의점,240.0,False
울산광역시,중구,202602,4010,편의점,편의점,166.0,False
경상남도,거제시,202602,4010,편의점,편의점,301.0,False
경상남도,거창군,202602,4010,편의점,편의점,57.0,False
경상남도,고성군,202602,4010,편의점,편의점,55.0,False
경상남도,김해시,202602,4010,편의점,편의점,549.0,False
경상남도,남해군,202602,4010,편의점,편의점,59.0,False
경상남도,밀양시,202602,4010,편의점,편의점,98.0,False
경상남도,사천시,202602,4010,편의점,편의점,130.0,False
경상남도,산청군,202602,4010,편의점,편의점,20.0,False
경상남도,양산시,202602,4010,편의점,편의점,347.0,False
경상남도,의령군,202602,4010,편의점,편의점,16.0,False
경상남도,진주시,202602,4010,편의점,편의점,310.0,False
경상남도,창녕군,202602,4010,편의점,편의점,55.0,False
경상남도,창원시 마산합포구,202602,4010,편의점,편의점,171.0,False
경상남도,창원시 마산회원구,202602,4010,편의점,편의점,148.0,False
경상남도,창원시 성산구,202602,4010,편의점,편의점,241.0,False
경상남도,창원시 의창구,202602,4010,편의점,편의점,205.0,False
경상남도,창원시 진해구,202602,4010,편의점,편의점,210.0,False
경상남도,통영시,202602,4010,편의점,편의점,146.0,False
경상남도,하동군,202602,4010,편의점,편의점,36.0,False
경상남도,함안군,202602,4010,편의점,편의점,64.0,False
경상남도,함양군,202602,4010,편의점,편의점,30.0,False
경상남도,합천군,202602,4010,편의점,편의점,21.0,False
제주특별자치도,서귀포시,202602,4010,편의점,편의점,399.0,False
제주특별자치도,제주시,202602,4010,편의점,편의점,903.0,False
서울특별시,강남구,202603,4010,편의점,편의점,676.0,False
서울특별시,강동구,202603,4010,편의점,편의점,330.0,False
서울특별시,강북구,202603,4010,편의점,편의점,237.0,False
서울특별시,강서구,202603,4010,편의점,편의점,480.0,False
서울특별시,관악구,202603,4010,편의점,편의점,369.0,False
서울특별시,광진구,202603,4010,편의점,편의점,316.0,False
서울특별시,구로구,202603,4010,편의점,편의점,320.0,False
서울특별시,금천구,202603,4010,편의점,편의점,278.0,False
서울특별시,노원구,202603,4010,편의점,편의점,299.0,False
서울특별시,도봉구,202603,4010,편의점,편의점,225.0,False
서울특별시,동대문구,202603,4010,편의점,편의점,313.0,False
서울특별시,동작구,202603,4010,편의점,편의점,278.0,False
서울특별시,마포구,202603,4010,편의점,편의점,452.0,False
서울특별시,서대문구,202603,4010,편의점,편의점,257.0,False
서울특별시,서초구,202603,4010,편의점,편의점,398.0,False
서울특별시,성동구,202603,4010,편의점,편의점,262.0,False
서울특별시,성북구,202603,4010,편의점,편의점,287.0,False
서울특별시,송파구,202603,4010,편의점,편의점,487.0,False
서울특별시,양천구,202603,4010,편의점,편의점,253.0,False
서울특별시,영등포구,202603,4010,편의점,편의점,422.0,False
서울특별시,용산구,202603,4010,편의점,편의점,227.0,False
서울특별시,은평구,202603,4010,편의점,편의점,321.0,False
서울특별시,종로구,202603,4010,편의점,편의점,248.0,False
서울특별시,중구,202603,4010,편의점,편의점,309.0,False
서울특별시,중랑구,202603,4010,편의점,편의점,304.0,False
인천광역시,강화군,202603,4010,편의점,편의점,118.0,False
인천광역시,계양구,202603,4010,편의점,편의점,239.0,False
인천광역시,남동구,202603,4010,편의점,편의점,450.0,False
인천광역시,동구,202603,4010,편의점,편의점,56.0,False
인천광역시,미추홀구,202603,4010,편의점,편의점,413.0,False
인천광역시,부평구,202603,4010,편의점,편의점,425.0,False
인천광역시,서구,202603,4010,편의점,편의점,574.0,False
인천광역시,연수구,202603,4010,편의점,편의점,369.0,False
인천광역시,옹진군,202603,4010,편의점,편의점,34.0,False
인천광역시,중구,202603,4010,편의점,편의점,275.0,False
경기도,가평군,202603,4010,편의점,편의점,131.0,False
경기도,고양시 덕양구,202603,4010,편의점,편의점,401.0,False
경기도,고양시 일산동구,202603,4010,편의점,편의점,291.0,False
경기도,고양시 일산서구,202603,4010,편의점,편의점,194.0,False
경기도,과천시,202603,4010,편의점,편의점,74.0,False
경기도,광명시,202603,4010,편의점,편의점,185.0,False
경기도,광주시,202603,4010,편의점,편의점,429.0,False
경기도,구리시,202603,4010,편의점,편의점,169.0,False
경기도,군포시,202603,4010,편의점,편의점,205.0,False
경기도,김포시,202603,4010,편의점,편의점,494.0,False
경기도,남양주시,202603,4010,편의점,편의점,630.0,False
경기도,동두천시,202603,4010,편의점,편의점,96.0,False
경기도,부천시 소사구,202603,4010,편의점,편의점,177.0,False
경기도,부천시 오정구,202603,4010,편의점,편의점,132.0,False
경기도,부천시 원미구,202603,4010,편의점,편의점,357.0,False
경기도,성남시 분당구,202603,4010,편의점,편의점,355.0,False
경기도,성남시 수정구,202603,4010,편의점,편의점,226.0,False
경기도,성남시 중원구,202603,4010,편의점,편의점,188.0,False
경기도,수원시 권선구,202603,4010,편의점,편의점,331.0,False
경기도,수원시 영통구,202603,4010,편의점,편의점,300.0,False
경기도,수원시 장안구,202603,4010,편의점,편의점,220.0,False
경기도,수원시 팔달구,202603,4010,편의점,편의점,257.0,False
경기도,시흥시,202603,4010,편의점,편의점,552.0,False
경기도,안산시 단원구,202603,4010,편의점,편의점,372.0,False
경기도,안산시 상록구,202603,4010,편의점,편의점,314.0,False
경기도,안성시,202603,4010,편의점,편의점,321.0,False
경기도,안양시 동안구,202603,4010,편의점,편의점,259.0,False
경기도,안양시 만안구,202603,4010,편의점,편의점,196.0,False
경기도,양주시,202603,4010,편의점,편의점,316.0,False
경기도,양평군,202603,4010,편의점,편의점,151.0,False
경기도,여주시,202603,4010,편의점,편의점,182.0,False
경기도,연천군,202603,4010,편의점,편의점,61.0,False
경기도,오산시,202603,4010,편의점,편의점,282.0,False
경기도,용인시 기흥구,202603,4010,편의점,편의점,341.0,False
경기도,용인시 수지구,202603,4010,편의점,편의점,221.0,False
경기도,용인시 처인구,202603,4010,편의점,편의점,433.0,False
경기도,의왕시,202603,4010,편의점,편의점,113.0,False
경기도,의정부시,202603,4010,편의점,편의점,431.0,False
경기도,이천시,202603,4010,편의점,편의점,354.0,False
경기도,파주시,202603,4010,편의점,편의점,543.0,False
경기도,평택시,202603,4010,편의점,편의점,873.0,False
경기도,포천시,202603,4010,편의점,편의점,275.0,False
경기도,하남시,202603,4010,편의점,편의점,269.0,False
경기도,화성시 동탄구,202603,4010,편의점,편의점,351.0,False
경기도,화성시 만세구,202603,4010,편의점,편의점,483.0,False
경기도,화성시 병점구,202603,4010,편의점,편의점,135.0,False
경기도,화성시 효행구,202603,4010,편의점,편의점,204.0,False
강원특별자치도,강릉시,202603,4010,편의점,편의점,332.0,False
강원특별자치도,고성군,202603,4010,편의점,편의점,71.0,False
강원특별자치도,동해시,202603,4010,편의점,편의점,125.0,False
강원특별자치도,삼척시,202603,4010,편의점,편의점,95.0,False
강원특별자치도,속초시,202603,4010,편의점,편의점,166.0,False
강원특별자치도,양구군,202603,4010,편의점,편의점,23.0,False
강원특별자치도,양양군,202603,4010,편의점,편의점,79.0,False
강원특별자치도,영월군,202603,4010,편의점,편의점,41.0,False
강원특별자치도,원주시,202603,4010,편의점,편의점,469.0,False
강원특별자치도,인제군,202603,4010,편의점,편의점,54.0,False
강원특별자치도,정선군,202603,4010,편의점,편의점,65.0,False
강원특별자치도,철원군,202603,4010,편의점,편의점,54.0,False
강원특별자치도,춘천시,202603,4010,편의점,편의점,350.0,False
강원특별자치도,태백시,202603,4010,편의점,편의점,56.0,False
강원특별자치도,평창군,202603,4010,편의점,편의점,79.0,False
강원특별자치도,홍천군,202603,4010,편의점,편의점,71.0,False
강원특별자치도,화천군,202603,4010,편의점,편의점,28.0,False
강원특별자치도,횡성군,202603,4010,편의점,편의점,54.0,False
대전광역시,대덕구,202603,4010,편의점,편의점,159.0,False
대전광역시,동구,202603,4010,편의점,편의점,226.0,False
대전광역시,서구,202603,4010,편의점,편의점,455.0,False
대전광역시,유성구,202603,4010,편의점,편의점,384.0,False
대전광역시,중구,202603,4010,편의점,편의점,210.0,False
충청북도,괴산군,202603,4010,편의점,편의점,30.0,False
충청북도,단양군,202603,4010,편의점,편의점,26.0,False
충청북도,보은군,202603,4010,편의점,편의점,24.0,False
충청북도,영동군,202603,4010,편의점,편의점,35.0,False
충청북도,옥천군,202603,4010,편의점,편의점,55.0,False
충청북도,음성군,202603,4010,편의점,편의점,185.0,False
충청북도,제천시,202603,4010,편의점,편의점,130.0,False
충청북도,증평군,202603,4010,편의점,편의점,51.0,False
충청북도,진천군,202603,4010,편의점,편의점,162.0,False
충청북도,청주시 상당구,202603,4010,편의점,편의점,190.0,False
충청북도,청주시 서원구,202603,4010,편의점,편의점,185.0,False
충청북도,청주시 청원구,202603,4010,편의점,편의점,260.0,False
충청북도,청주시 흥덕구,202603,4010,편의점,편의점,367.0,False
충청북도,충주시,202603,4010,편의점,편의점,259.0,False
충청남도,계룡시,202603,4010,편의점,편의점,31.0,False
충청남도,공주시,202603,4010,편의점,편의점,115.0,False
충청남도,금산군,202603,4010,편의점,편의점,43.0,False
충청남도,논산시,202603,4010,편의점,편의점,116.0,False
충청남도,당진시,202603,4010,편의점,편의점,267.0,False
충청남도,보령시,202603,4010,편의점,편의점,155.0,False
충청남도,부여군,202603,4010,편의점,편의점,50.0,False
충청남도,서산시,202603,4010,편의점,편의점,238.0,False
충청남도,서천군,202603,4010,편의점,편의점,46.0,False
충청남도,아산시,202603,4010,편의점,편의점,510.0,False
충청남도,예산군,202603,4010,편의점,편의점,102.0,False
충청남도,천안시 동남구,202603,4010,편의점,편의점,372.0,False
충청남도,천안시 서북구,202603,4010,편의점,편의점,576.0,False
충청남도,청양군,202603,4010,편의점,편의점,26.0,False
충청남도,태안군,202603,4010,편의점,편의점,123.0,False
충청남도,홍성군,202603,4010,편의점,편의점,106.0,False
광주광역시,광산구,202603,4010,편의점,편의점,383.0,False
광주광역시,남구,202603,4010,편의점,편의점,152.0,False
광주광역시,동구,202603,4010,편의점,편의점,137.0,False
광주광역시,북구,202603,4010,편의점,편의점,354.0,False
광주광역시,서구,202603,4010,편의점,편의점,279.0,False
전북특별자치도,고창군,202603,4010,편의점,편의점,53.0,False
전북특별자치도,군산시,202603,4010,편의점,편의점,264.0,False
전북특별자치도,김제시,202603,4010,편의점,편의점,79.0,False
전북특별자치도,남원시,202603,4010,편의점,편의점,55.0,False
전북특별자치도,무주군,202603,4010,편의점,편의점,33.0,False
전북특별자치도,부안군,202603,4010,편의점,편의점,59.0,False
전북특별자치도,순창군,202603,4010,편의점,편의점,15.0,False
전북특별자치도,완주군,202603,4010,편의점,편의점,96.0,False
전북특별자치도,익산시,202603,4010,편의점,편의점,223.0,False
전북특별자치도,임실군,202603,4010,편의점,편의점,20.0,False
전북특별자치도,장수군,202603,4010,편의점,편의점,17.0,False
전북특별자치도,전주시 덕진구,202603,4010,편의점,편의점,330.0,False
전북특별자치도,전주시 완산구,202603,4010,편의점,편의점,289.0,False
전북특별자치도,정읍시,202603,4010,편의점,편의점,98.0,False
전북특별자치도,진안군,202603,4010,편의점,편의점,12.0,False
전라남도,강진군,202603,4010,편의점,편의점,24.0,False
전라남도,고흥군,202603,4010,편의점,편의점,53.0,False
전라남도,곡성군,202603,4010,편의점,편의점,22.0,False
전라남도,광양시,202603,4010,편의점,편의점,149.0,False
전라남도,구례군,202603,4010,편의점,편의점,17.0,False
전라남도,나주시,202603,4010,편의점,편의점,111.0,False
전라남도,담양군,202603,4010,편의점,편의점,30.0,False
전라남도,목포시,202603,4010,편의점,편의점,222.0,False
전라남도,무안군,202603,4010,편의점,편의점,86.0,False
전라남도,보성군,202603,4010,편의점,편의점,25.0,False
전라남도,순천시,202603,4010,편의점,편의점,239.0,False
전라남도,신안군,202603,4010,편의점,편의점,17.0,False
전라남도,여수시,202603,4010,편의점,편의점,344.0,False
전라남도,영광군,202603,4010,편의점,편의점,39.0,False
전라남도,영암군,202603,4010,편의점,편의점,58.0,False
전라남도,완도군,202603,4010,편의점,편의점,47.0,False
전라남도,장성군,202603,4010,편의점,편의점,28.0,False
전라남도,장흥군,202603,4010,편의점,편의점,26.0,False
전라남도,진도군,202603,4010,편의점,편의점,23.0,False
전라남도,함평군,202603,4010,편의점,편의점,13.0,False
전라남도,해남군,202603,4010,편의점,편의점,65.0,False
전라남도,화순군,202603,4010,편의점,편의점,36.0,False
대구광역시,군위군,202603,4010,편의점,편의점,16.0,False
대구광역시,남구,202603,4010,편의점,편의점,149.0,False
대구광역시,달서구,202603,4010,편의점,편의점,456.0,False
대구광역시,달성군,202603,4010,편의점,편의점,242.0,False
대구광역시,동구,202603,4010,편의점,편의점,272.0,False
대구광역시,북구,202603,4010,편의점,편의점,347.0,False
대구광역시,서구,202603,4010,편의점,편의점,145.0,False
대구광역시,수성구,202603,4010,편의점,편의점,299.0,False
대구광역시,중구,202603,4010,편의점,편의점,155.0,False
경상북도,경산시,202603,4010,편의점,편의점,311.0,False
경상북도,경주시,202603,4010,편의점,편의점,328.0,False
경상북도,고령군,202603,4010,편의점,편의점,34.0,False
경상북도,구미시,202603,4010,편의점,편의점,475.0,False
경상북도,김천시,202603,4010,편의점,편의점,127.0,False
경상북도,문경시,202603,4010,편의점,편의점,63.0,False
경상북도,봉화군,202603,4010,편의점,편의점,12.0,False
경상북도,상주시,202603,4010,편의점,편의점,64.0,False
경상북도,성주군,202603,4010,편의점,편의점,38.0,False
경상북도,안동시,202603,4010,편의점,편의점,137.0,False
경상북도,영덕군,202603,4010,편의점,편의점,36.0,False
경상북도,영양군,202603,4010,편의점,편의점,,True
경상북도,영주시,202603,4010,편의점,편의점,80.0,False
경상북도,영천시,202603,4010,편의점,편의점,94.0,False
경상북도,예천군,202603,4010,편의점,편의점,30.0,False
경상북도,울릉군,202603,4010,편의점,편의점,13.0,False
경상북도,울진군,202603,4010,편의점,편의점,52.0,False
경상북도,의성군,202603,4010,편의점,편의점,27.0,False
경상북도,청도군,202603,4010,편의점,편의점,28.0,False
경상북도,청송군,202603,4010,편의점,편의점,16.0,False
경상북도,칠곡군,202603,4010,편의점,편의점,150.0,False
경상북도,포항시 남구,202603,4010,편의점,편의점,247.0,False
경상북도,포항시 북구,202603,4010,편의점,편의점,256.0,False
부산광역시,강서구,202603,4010,편의점,편의점,193.0,False
부산광역시,금정구,202603,4010,편의점,편의점,180.0,False
부산광역시,기장군,202603,4010,편의점,편의점,175.0,False
부산광역시,남구,202603,4010,편의점,편의점,194.0,False
부산광역시,동구,202603,4010,편의점,편의점,90.0,False
부산광역시,동래구,202603,4010,편의점,편의점,198.0,False
부산광역시,부산진구,202603,4010,편의점,편의점,378.0,False
부산광역시,북구,202603,4010,편의점,편의점,150.0,False
부산광역시,사상구,202603,4010,편의점,편의점,179.0,False
부산광역시,사하구,202603,4010,편의점,편의점,236.0,False
부산광역시,서구,202603,4010,편의점,편의점,96.0,False
부산광역시,수영구,202603,4010,편의점,편의점,170.0,False
부산광역시,연제구,202603,4010,편의점,편의점,147.0,False
부산광역시,영도구,202603,4010,편의점,편의점,86.0,False
부산광역시,중구,202603,4010,편의점,편의점,79.0,False
부산광역시,해운대구,202603,4010,편의점,편의점,311.0,False
울산광역시,남구,202603,4010,편의점,편의점,339.0,False
울산광역시,동구,202603,4010,편의점,편의점,155.0,False
울산광역시,북구,202603,4010,편의점,편의점,175.0,False
울산광역시,울주군,202603,4010,편의점,편의점,242.0,False
울산광역시,중구,202603,4010,편의점,편의점,168.0,False
경상남도,거제시,202603,4010,편의점,편의점,301.0,False
경상남도,거창군,202603,4010,편의점,편의점,58.0,False
경상남도,고성군,202603,4010,편의점,편의점,56.0,False
경상남도,김해시,202603,4010,편의점,편의점,553.0,False
경상남도,남해군,202603,4010,편의점,편의점,60.0,False
경상남도,밀양시,202603,4010,편의점,편의점,98.0,False
경상남도,사천시,202603,4010,편의점,편의점,129.0,False
경상남도,산청군,202603,4010,편의점,편의점,19.0,False
경상남도,양산시,202603,4010,편의점,편의점,350.0,False
경상남도,의령군,202603,4010,편의점,편의점,16.0,False
경상남도,진주시,202603,4010,편의점,편의점,309.0,False
경상남도,창녕군,202603,4010,편의점,편의점,57.0,False
경상남도,창원시 마산합포구,202603,4010,편의점,편의점,171.0,False
경상남도,창원시 마산회원구,202603,4010,편의점,편의점,146.0,False
경상남도,창원시 성산구,202603,4010,편의점,편의점,239.0,False
경상남도,창원시 의창구,202603,4010,편의점,편의점,206.0,False
경상남도,창원시 진해구,202603,4010,편의점,편의점,208.0,False
경상남도,통영시,202603,4010,편의점,편의점,147.0,False
경상남도,하동군,202603,4010,편의점,편의점,36.0,False
경상남도,함안군,202603,4010,편의점,편의점,63.0,False
경상남도,함양군,202603,4010,편의점,편의점,30.0,False
경상남도,합천군,202603,4010,편의점,편의점,22.0,False
제주특별자치도,서귀포시,202603,4010,편의점,편의점,393.0,False
제주특별자치도,제주시,202603,4010,편의점,편의점,894.0,False
서울특별시,강남구,202604,4010,편의점,편의점,676.0,False
서울특별시,강동구,202604,4010,편의점,편의점,333.0,False
서울특별시,강북구,202604,4010,편의점,편의점,236.0,False
서울특별시,강서구,202604,4010,편의점,편의점,483.0,False
서울특별시,관악구,202604,4010,편의점,편의점,368.0,False
서울특별시,광진구,202604,4010,편의점,편의점,315.0,False
서울특별시,구로구,202604,4010,편의점,편의점,321.0,False
서울특별시,금천구,202604,4010,편의점,편의점,279.0,False
서울특별시,노원구,202604,4010,편의점,편의점,302.0,False
서울특별시,도봉구,202604,4010,편의점,편의점,225.0,False
서울특별시,동대문구,202604,4010,편의점,편의점,313.0,False
서울특별시,동작구,202604,4010,편의점,편의점,280.0,False
서울특별시,마포구,202604,4010,편의점,편의점,451.0,False
서울특별시,서대문구,202604,4010,편의점,편의점,259.0,False
서울특별시,서초구,202604,4010,편의점,편의점,404.0,False
서울특별시,성동구,202604,4010,편의점,편의점,261.0,False
서울특별시,성북구,202604,4010,편의점,편의점,288.0,False
서울특별시,송파구,202604,4010,편의점,편의점,491.0,False
서울특별시,양천구,202604,4010,편의점,편의점,251.0,False
서울특별시,영등포구,202604,4010,편의점,편의점,423.0,False
서울특별시,용산구,202604,4010,편의점,편의점,227.0,False
서울특별시,은평구,202604,4010,편의점,편의점,318.0,False
서울특별시,종로구,202604,4010,편의점,편의점,250.0,False
서울특별시,중구,202604,4010,편의점,편의점,308.0,False
서울특별시,중랑구,202604,4010,편의점,편의점,304.0,False
인천광역시,강화군,202604,4010,편의점,편의점,119.0,False
인천광역시,계양구,202604,4010,편의점,편의점,237.0,False
인천광역시,남동구,202604,4010,편의점,편의점,447.0,False
인천광역시,동구,202604,4010,편의점,편의점,55.0,False
인천광역시,미추홀구,202604,4010,편의점,편의점,414.0,False
인천광역시,부평구,202604,4010,편의점,편의점,426.0,False
인천광역시,서구,202604,4010,편의점,편의점,576.0,False
인천광역시,연수구,202604,4010,편의점,편의점,368.0,False
인천광역시,옹진군,202604,4010,편의점,편의점,34.0,False
인천광역시,중구,202604,4010,편의점,편의점,274.0,False
경기도,가평군,202604,4010,편의점,편의점,129.0,False
경기도,고양시 덕양구,202604,4010,편의점,편의점,401.0,False
경기도,고양시 일산동구,202604,4010,편의점,편의점,292.0,False
경기도,고양시 일산서구,202604,4010,편의점,편의점,196.0,False
경기도,과천시,202604,4010,편의점,편의점,74.0,False
경기도,광명시,202604,4010,편의점,편의점,187.0,False
경기도,광주시,202604,4010,편의점,편의점,430.0,False
경기도,구리시,202604,4010,편의점,편의점,168.0,False
경기도,군포시,202604,4010,편의점,편의점,202.0,False
경기도,김포시,202604,4010,편의점,편의점,495.0,False
경기도,남양주시,202604,4010,편의점,편의점,633.0,False
경기도,동두천시,202604,4010,편의점,편의점,98.0,False
경기도,부천시 소사구,202604,4010,편의점,편의점,177.0,False
경기도,부천시 오정구,202604,4010,편의점,편의점,133.0,False
경기도,부천시 원미구,202604,4010,편의점,편의점,355.0,False
경기도,성남시 분당구,202604,4010,편의점,편의점,356.0,False
경기도,성남시 수정구,202604,4010,편의점,편의점,225.0,False
경기도,성남시 중원구,202604,4010,편의점,편의점,188.0,False
경기도,수원시 권선구,202604,4010,편의점,편의점,334.0,False
경기도,수원시 영통구,202604,4010,편의점,편의점,303.0,False
경기도,수원시 장안구,202604,4010,편의점,편의점,218.0,False
경기도,수원시 팔달구,202604,4010,편의점,편의점,258.0,False
경기도,시흥시,202604,4010,편의점,편의점,552.0,False
경기도,안산시 단원구,202604,4010,편의점,편의점,370.0,False
경기도,안산시 상록구,202604,4010,편의점,편의점,315.0,False
경기도,안성시,202604,4010,편의점,편의점,320.0,False
경기도,안양시 동안구,202604,4010,편의점,편의점,256.0,False
경기도,안양시 만안구,202604,4010,편의점,편의점,194.0,False
경기도,양주시,202604,4010,편의점,편의점,316.0,False
경기도,양평군,202604,4010,편의점,편의점,151.0,False
경기도,여주시,202604,4010,편의점,편의점,182.0,False
경기도,연천군,202604,4010,편의점,편의점,61.0,False
경기도,오산시,202604,4010,편의점,편의점,278.0,False
경기도,용인시 기흥구,202604,4010,편의점,편의점,343.0,False
경기도,용인시 수지구,202604,4010,편의점,편의점,220.0,False
경기도,용인시 처인구,202604,4010,편의점,편의점,437.0,False
경기도,의왕시,202604,4010,편의점,편의점,117.0,False
경기도,의정부시,202604,4010,편의점,편의점,428.0,False
경기도,이천시,202604,4010,편의점,편의점,354.0,False
경기도,파주시,202604,4010,편의점,편의점,549.0,False
경기도,평택시,202604,4010,편의점,편의점,877.0,False
경기도,포천시,202604,4010,편의점,편의점,275.0,False
경기도,하남시,202604,4010,편의점,편의점,270.0,False
경기도,화성시 동탄구,202604,4010,편의점,편의점,352.0,False
경기도,화성시 만세구,202604,4010,편의점,편의점,482.0,False
경기도,화성시 병점구,202604,4010,편의점,편의점,135.0,False
경기도,화성시 효행구,202604,4010,편의점,편의점,203.0,False
강원특별자치도,강릉시,202604,4010,편의점,편의점,330.0,False
강원특별자치도,고성군,202604,4010,편의점,편의점,71.0,False
강원특별자치도,동해시,202604,4010,편의점,편의점,124.0,False
강원특별자치도,삼척시,202604,4010,편의점,편의점,96.0,False
강원특별자치도,속초시,202604,4010,편의점,편의점,166.0,False
강원특별자치도,양구군,202604,4010,편의점,편의점,22.0,False
강원특별자치도,양양군,202604,4010,편의점,편의점,80.0,False
강원특별자치도,영월군,202604,4010,편의점,편의점,41.0,False
강원특별자치도,원주시,202604,4010,편의점,편의점,469.0,False
강원특별자치도,인제군,202604,4010,편의점,편의점,53.0,False
강원특별자치도,정선군,202604,4010,편의점,편의점,66.0,False
강원특별자치도,철원군,202604,4010,편의점,편의점,53.0,False
강원특별자치도,춘천시,202604,4010,편의점,편의점,357.0,False
강원특별자치도,태백시,202604,4010,편의점,편의점,56.0,False
강원특별자치도,평창군,202604,4010,편의점,편의점,79.0,False
강원특별자치도,홍천군,202604,4010,편의점,편의점,71.0,False
강원특별자치도,화천군,202604,4010,편의점,편의점,28.0,False
강원특별자치도,횡성군,202604,4010,편의점,편의점,54.0,False
대전광역시,대덕구,202604,4010,편의점,편의점,159.0,False
대전광역시,동구,202604,4010,편의점,편의점,224.0,False
대전광역시,서구,202604,4010,편의점,편의점,456.0,False
대전광역시,유성구,202604,4010,편의점,편의점,385.0,False
대전광역시,중구,202604,4010,편의점,편의점,209.0,False
충청북도,괴산군,202604,4010,편의점,편의점,30.0,False
충청북도,단양군,202604,4010,편의점,편의점,26.0,False
충청북도,보은군,202604,4010,편의점,편의점,24.0,False
충청북도,영동군,202604,4010,편의점,편의점,37.0,False
충청북도,옥천군,202604,4010,편의점,편의점,54.0,False
충청북도,음성군,202604,4010,편의점,편의점,186.0,False
충청북도,제천시,202604,4010,편의점,편의점,129.0,False
충청북도,증평군,202604,4010,편의점,편의점,51.0,False
충청북도,진천군,202604,4010,편의점,편의점,164.0,False
충청북도,청주시 상당구,202604,4010,편의점,편의점,192.0,False
충청북도,청주시 서원구,202604,4010,편의점,편의점,189.0,False
충청북도,청주시 청원구,202604,4010,편의점,편의점,260.0,False
충청북도,청주시 흥덕구,202604,4010,편의점,편의점,376.0,False
충청북도,충주시,202604,4010,편의점,편의점,260.0,False
충청남도,계룡시,202604,4010,편의점,편의점,31.0,False
충청남도,공주시,202604,4010,편의점,편의점,113.0,False
충청남도,금산군,202604,4010,편의점,편의점,42.0,False
충청남도,논산시,202604,4010,편의점,편의점,117.0,False
충청남도,당진시,202604,4010,편의점,편의점,269.0,False
충청남도,보령시,202604,4010,편의점,편의점,155.0,False
충청남도,부여군,202604,4010,편의점,편의점,50.0,False
충청남도,서산시,202604,4010,편의점,편의점,242.0,False
충청남도,서천군,202604,4010,편의점,편의점,46.0,False
충청남도,아산시,202604,4010,편의점,편의점,513.0,False
충청남도,예산군,202604,4010,편의점,편의점,102.0,False
충청남도,천안시 동남구,202604,4010,편의점,편의점,371.0,False
충청남도,천안시 서북구,202604,4010,편의점,편의점,581.0,False
충청남도,청양군,202604,4010,편의점,편의점,27.0,False
충청남도,태안군,202604,4010,편의점,편의점,123.0,False
충청남도,홍성군,202604,4010,편의점,편의점,107.0,False
광주광역시,광산구,202604,4010,편의점,편의점,388.0,False
광주광역시,남구,202604,4010,편의점,편의점,149.0,False
광주광역시,동구,202604,4010,편의점,편의점,137.0,False
광주광역시,북구,202604,4010,편의점,편의점,355.0,False
광주광역시,서구,202604,4010,편의점,편의점,279.0,False
전북특별자치도,고창군,202604,4010,편의점,편의점,53.0,False
전북특별자치도,군산시,202604,4010,편의점,편의점,269.0,False
전북특별자치도,김제시,202604,4010,편의점,편의점,79.0,False
전북특별자치도,남원시,202604,4010,편의점,편의점,57.0,False
전북특별자치도,무주군,202604,4010,편의점,편의점,34.0,False
전북특별자치도,부안군,202604,4010,편의점,편의점,60.0,False
전북특별자치도,순창군,202604,4010,편의점,편의점,15.0,False
전북특별자치도,완주군,202604,4010,편의점,편의점,94.0,False
전북특별자치도,익산시,202604,4010,편의점,편의점,223.0,False
전북특별자치도,임실군,202604,4010,편의점,편의점,20.0,False
전북특별자치도,장수군,202604,4010,편의점,편의점,17.0,False
전북특별자치도,전주시 덕진구,202604,4010,편의점,편의점,333.0,False
전북특별자치도,전주시 완산구,202604,4010,편의점,편의점,287.0,False
전북특별자치도,정읍시,202604,4010,편의점,편의점,97.0,False
전북특별자치도,진안군,202604,4010,편의점,편의점,12.0,False
전라남도,강진군,202604,4010,편의점,편의점,24.0,False
전라남도,고흥군,202604,4010,편의점,편의점,51.0,False
전라남도,곡성군,202604,4010,편의점,편의점,22.0,False
전라남도,광양시,202604,4010,편의점,편의점,145.0,False
전라남도,구례군,202604,4010,편의점,편의점,17.0,False
전라남도,나주시,202604,4010,편의점,편의점,112.0,False
전라남도,담양군,202604,4010,편의점,편의점,30.0,False
전라남도,목포시,202604,4010,편의점,편의점,225.0,False
전라남도,무안군,202604,4010,편의점,편의점,86.0,False
전라남도,보성군,202604,4010,편의점,편의점,25.0,False
전라남도,순천시,202604,4010,편의점,편의점,243.0,False
전라남도,신안군,202604,4010,편의점,편의점,17.0,False
전라남도,여수시,202604,4010,편의점,편의점,344.0,False
전라남도,영광군,202604,4010,편의점,편의점,39.0,False
전라남도,영암군,202604,4010,편의점,편의점,59.0,False
전라남도,완도군,202604,4010,편의점,편의점,50.0,False
전라남도,장성군,202604,4010,편의점,편의점,28.0,False
전라남도,장흥군,202604,4010,편의점,편의점,28.0,False
전라남도,진도군,202604,4010,편의점,편의점,23.0,False
전라남도,함평군,202604,4010,편의점,편의점,13.0,False
전라남도,해남군,202604,4010,편의점,편의점,67.0,False
전라남도,화순군,202604,4010,편의점,편의점,36.0,False
대구광역시,군위군,202604,4010,편의점,편의점,16.0,False
대구광역시,남구,202604,4010,편의점,편의점,151.0,False
대구광역시,달서구,202604,4010,편의점,편의점,452.0,False
대구광역시,달성군,202604,4010,편의점,편의점,241.0,False
대구광역시,동구,202604,4010,편의점,편의점,274.0,False
대구광역시,북구,202604,4010,편의점,편의점,351.0,False
대구광역시,서구,202604,4010,편의점,편의점,147.0,False
대구광역시,수성구,202604,4010,편의점,편의점,297.0,False
대구광역시,중구,202604,4010,편의점,편의점,157.0,False
경상북도,경산시,202604,4010,편의점,편의점,308.0,False
경상북도,경주시,202604,4010,편의점,편의점,328.0,False
경상북도,고령군,202604,4010,편의점,편의점,32.0,False
경상북도,구미시,202604,4010,편의점,편의점,478.0,False
경상북도,김천시,202604,4010,편의점,편의점,127.0,False
경상북도,문경시,202604,4010,편의점,편의점,62.0,False
경상북도,봉화군,202604,4010,편의점,편의점,12.0,False
경상북도,상주시,202604,4010,편의점,편의점,64.0,False
경상북도,성주군,202604,4010,편의점,편의점,38.0,False
경상북도,안동시,202604,4010,편의점,편의점,137.0,False
경상북도,영덕군,202604,4010,편의점,편의점,36.0,False
경상북도,영양군,202604,4010,편의점,편의점,,True
경상북도,영주시,202604,4010,편의점,편의점,79.0,False
경상북도,영천시,202604,4010,편의점,편의점,94.0,False
경상북도,예천군,202604,4010,편의점,편의점,30.0,False
경상북도,울릉군,202604,4010,편의점,편의점,14.0,False
경상북도,울진군,202604,4010,편의점,편의점,53.0,False
경상북도,의성군,202604,4010,편의점,편의점,27.0,False
경상북도,청도군,202604,4010,편의점,편의점,28.0,False
경상북도,청송군,202604,4010,편의점,편의점,16.0,False
경상북도,칠곡군,202604,4010,편의점,편의점,151.0,False
경상북도,포항시 남구,202604,4010,편의점,편의점,247.0,False
경상북도,포항시 북구,202604,4010,편의점,편의점,258.0,False
부산광역시,강서구,202604,4010,편의점,편의점,195.0,False
부산광역시,금정구,202604,4010,편의점,편의점,181.0,False
부산광역시,기장군,202604,4010,편의점,편의점,176.0,False
부산광역시,남구,202604,4010,편의점,편의점,196.0,False
부산광역시,동구,202604,4010,편의점,편의점,90.0,False
부산광역시,동래구,202604,4010,편의점,편의점,195.0,False
부산광역시,부산진구,202604,4010,편의점,편의점,377.0,False
부산광역시,북구,202604,4010,편의점,편의점,149.0,False
부산광역시,사상구,202604,4010,편의점,편의점,179.0,False
부산광역시,사하구,202604,4010,편의점,편의점,238.0,False
부산광역시,서구,202604,4010,편의점,편의점,97.0,False
부산광역시,수영구,202604,4010,편의점,편의점,169.0,False
부산광역시,연제구,202604,4010,편의점,편의점,146.0,False
부산광역시,영도구,202604,4010,편의점,편의점,88.0,False
부산광역시,중구,202604,4010,편의점,편의점,79.0,False
부산광역시,해운대구,202604,4010,편의점,편의점,312.0,False
울산광역시,남구,202604,4010,편의점,편의점,345.0,False
울산광역시,동구,202604,4010,편의점,편의점,155.0,False
울산광역시,북구,202604,4010,편의점,편의점,175.0,False
울산광역시,울주군,202604,4010,편의점,편의점,241.0,False
울산광역시,중구,202604,4010,편의점,편의점,167.0,False
경상남도,거제시,202604,4010,편의점,편의점,303.0,False
경상남도,거창군,202604,4010,편의점,편의점,58.0,False
경상남도,고성군,202604,4010,편의점,편의점,57.0,False
경상남도,김해시,202604,4010,편의점,편의점,554.0,False
경상남도,남해군,202604,4010,편의점,편의점,61.0,False
경상남도,밀양시,202604,4010,편의점,편의점,97.0,False
경상남도,사천시,202604,4010,편의점,편의점,125.0,False
경상남도,산청군,202604,4010,편의점,편의점,19.0,False
경상남도,양산시,202604,4010,편의점,편의점,352.0,False
경상남도,의령군,202604,4010,편의점,편의점,16.0,False
경상남도,진주시,202604,4010,편의점,편의점,308.0,False
경상남도,창녕군,202604,4010,편의점,편의점,57.0,False
경상남도,창원시 마산합포구,202604,4010,편의점,편의점,172.0,False
경상남도,창원시 마산회원구,202604,4010,편의점,편의점,146.0,False
경상남도,창원시 성산구,202604,4010,편의점,편의점,239.0,False
경상남도,창원시 의창구,202604,4010,편의점,편의점,206.0,False
경상남도,창원시 진해구,202604,4010,편의점,편의점,208.0,False
경상남도,통영시,202604,4010,편의점,편의점,146.0,False
경상남도,하동군,202604,4010,편의점,편의점,36.0,False
경상남도,함안군,202604,4010,편의점,편의점,63.0,False
경상남도,함양군,202604,4010,편의점,편의점,30.0,False
경상남도,합천군,202604,4010,편의점,편의점,23.0,False
제주특별자치도,서귀포시,202604,4010,편의점,편의점,401.0,False
제주특별자치도,제주시,202604,4010,편의점,편의점,894.0,False
서울특별시,강남구,202605,4010,편의점,편의점,676.0,False
서울특별시,강동구,202605,4010,편의점,편의점,332.0,False
서울특별시,강북구,202605,4010,편의점,편의점,235.0,False
서울특별시,강서구,202605,4010,편의점,편의점,482.0,False
서울특별시,관악구,202605,4010,편의점,편의점,369.0,False
서울특별시,광진구,202605,4010,편의점,편의점,315.0,False
서울특별시,구로구,202605,4010,편의점,편의점,323.0,False
서울특별시,금천구,202605,4010,편의점,편의점,276.0,False
서울특별시,노원구,202605,4010,편의점,편의점,300.0,False
서울특별시,도봉구,202605,4010,편의점,편의점,225.0,False
서울특별시,동대문구,202605,4010,편의점,편의점,316.0,False
서울특별시,동작구,202605,4010,편의점,편의점,281.0,False
서울특별시,마포구,202605,4010,편의점,편의점,453.0,False
서울특별시,서대문구,202605,4010,편의점,편의점,260.0,False
서울특별시,서초구,202605,4010,편의점,편의점,404.0,False
서울특별시,성동구,202605,4010,편의점,편의점,263.0,False
서울특별시,성북구,202605,4010,편의점,편의점,290.0,False
서울특별시,송파구,202605,4010,편의점,편의점,492.0,False
서울특별시,양천구,202605,4010,편의점,편의점,253.0,False
서울특별시,영등포구,202605,4010,편의점,편의점,425.0,False
서울특별시,용산구,202605,4010,편의점,편의점,228.0,False
서울특별시,은평구,202605,4010,편의점,편의점,316.0,False
서울특별시,종로구,202605,4010,편의점,편의점,247.0,False
서울특별시,중구,202605,4010,편의점,편의점,309.0,False
서울특별시,중랑구,202605,4010,편의점,편의점,302.0,False
인천광역시,강화군,202605,4010,편의점,편의점,117.0,False
인천광역시,계양구,202605,4010,편의점,편의점,238.0,False
인천광역시,남동구,202605,4010,편의점,편의점,450.0,False
인천광역시,동구,202605,4010,편의점,편의점,55.0,False
인천광역시,미추홀구,202605,4010,편의점,편의점,412.0,False
인천광역시,부평구,202605,4010,편의점,편의점,428.0,False
인천광역시,서구,202605,4010,편의점,편의점,575.0,False
인천광역시,연수구,202605,4010,편의점,편의점,367.0,False
인천광역시,옹진군,202605,4010,편의점,편의점,35.0,False
인천광역시,중구,202605,4010,편의점,편의점,273.0,False
경기도,가평군,202605,4010,편의점,편의점,129.0,False
경기도,고양시 덕양구,202605,4010,편의점,편의점,398.0,False
경기도,고양시 일산동구,202605,4010,편의점,편의점,289.0,False
경기도,고양시 일산서구,202605,4010,편의점,편의점,198.0,False
경기도,과천시,202605,4010,편의점,편의점,75.0,False
경기도,광명시,202605,4010,편의점,편의점,186.0,False
경기도,광주시,202605,4010,편의점,편의점,430.0,False
경기도,구리시,202605,4010,편의점,편의점,169.0,False
경기도,군포시,202605,4010,편의점,편의점,202.0,False
경기도,김포시,202605,4010,편의점,편의점,495.0,False
경기도,남양주시,202605,4010,편의점,편의점,634.0,False
경기도,동두천시,202605,4010,편의점,편의점,99.0,False
경기도,부천시 소사구,202605,4010,편의점,편의점,178.0,False
경기도,부천시 오정구,202605,4010,편의점,편의점,134.0,False
경기도,부천시 원미구,202605,4010,편의점,편의점,354.0,False
경기도,성남시 분당구,202605,4010,편의점,편의점,359.0,False
경기도,성남시 수정구,202605,4010,편의점,편의점,222.0,False
경기도,성남시 중원구,202605,4010,편의점,편의점,190.0,False
경기도,수원시 권선구,202605,4010,편의점,편의점,333.0,False
경기도,수원시 영통구,202605,4010,편의점,편의점,297.0,False
경기도,수원시 장안구,202605,4010,편의점,편의점,217.0,False
경기도,수원시 팔달구,202605,4010,편의점,편의점,257.0,False
경기도,시흥시,202605,4010,편의점,편의점,553.0,False
경기도,안산시 단원구,202605,4010,편의점,편의점,373.0,False
경기도,안산시 상록구,202605,4010,편의점,편의점,317.0,False
경기도,안성시,202605,4010,편의점,편의점,323.0,False
경기도,안양시 동안구,202605,4010,편의점,편의점,255.0,False
경기도,안양시 만안구,202605,4010,편의점,편의점,194.0,False
경기도,양주시,202605,4010,편의점,편의점,316.0,False
경기도,양평군,202605,4010,편의점,편의점,150.0,False
경기도,여주시,202605,4010,편의점,편의점,180.0,False
경기도,연천군,202605,4010,편의점,편의점,62.0,False
경기도,오산시,202605,4010,편의점,편의점,283.0,False
경기도,용인시 기흥구,202605,4010,편의점,편의점,345.0,False
경기도,용인시 수지구,202605,4010,편의점,편의점,221.0,False
경기도,용인시 처인구,202605,4010,편의점,편의점,438.0,False
경기도,의왕시,202605,4010,편의점,편의점,116.0,False
경기도,의정부시,202605,4010,편의점,편의점,430.0,False
경기도,이천시,202605,4010,편의점,편의점,354.0,False
경기도,파주시,202605,4010,편의점,편의점,549.0,False
경기도,평택시,202605,4010,편의점,편의점,874.0,False
경기도,포천시,202605,4010,편의점,편의점,275.0,False
경기도,하남시,202605,4010,편의점,편의점,270.0,False
경기도,화성시 동탄구,202605,4010,편의점,편의점,353.0,False
경기도,화성시 만세구,202605,4010,편의점,편의점,482.0,False
경기도,화성시 병점구,202605,4010,편의점,편의점,136.0,False
경기도,화성시 효행구,202605,4010,편의점,편의점,201.0,False
강원특별자치도,강릉시,202605,4010,편의점,편의점,330.0,False
강원특별자치도,고성군,202605,4010,편의점,편의점,71.0,False
강원특별자치도,동해시,202605,4010,편의점,편의점,125.0,False
강원특별자치도,삼척시,202605,4010,편의점,편의점,95.0,False
강원특별자치도,속초시,202605,4010,편의점,편의점,164.0,False
강원특별자치도,양구군,202605,4010,편의점,편의점,22.0,False
강원특별자치도,양양군,202605,4010,편의점,편의점,82.0,False
강원특별자치도,영월군,202605,4010,편의점,편의점,41.0,False
강원특별자치도,원주시,202605,4010,편의점,편의점,465.0,False
강원특별자치도,인제군,202605,4010,편의점,편의점,54.0,False
강원특별자치도,정선군,202605,4010,편의점,편의점,66.0,False
강원특별자치도,철원군,202605,4010,편의점,편의점,53.0,False
강원특별자치도,춘천시,202605,4010,편의점,편의점,353.0,False
강원특별자치도,태백시,202605,4010,편의점,편의점,56.0,False
강원특별자치도,평창군,202605,4010,편의점,편의점,77.0,False
강원특별자치도,홍천군,202605,4010,편의점,편의점,71.0,False
강원특별자치도,화천군,202605,4010,편의점,편의점,28.0,False
강원특별자치도,횡성군,202605,4010,편의점,편의점,54.0,False
대전광역시,대덕구,202605,4010,편의점,편의점,161.0,False
대전광역시,동구,202605,4010,편의점,편의점,224.0,False
대전광역시,서구,202605,4010,편의점,편의점,448.0,False
대전광역시,유성구,202605,4010,편의점,편의점,383.0,False
대전광역시,중구,202605,4010,편의점,편의점,208.0,False
충청북도,괴산군,202605,4010,편의점,편의점,30.0,False
충청북도,단양군,202605,4010,편의점,편의점,27.0,False
충청북도,보은군,202605,4010,편의점,편의점,23.0,False
충청북도,영동군,202605,4010,편의점,편의점,36.0,False
충청북도,옥천군,202605,4010,편의점,편의점,54.0,False
충청북도,음성군,202605,4010,편의점,편의점,189.0,False
충청북도,제천시,202605,4010,편의점,편의점,129.0,False
충청북도,증평군,202605,4010,편의점,편의점,50.0,False
충청북도,진천군,202605,4010,편의점,편의점,164.0,False
충청북도,청주시 상당구,202605,4010,편의점,편의점,193.0,False
충청북도,청주시 서원구,202605,4010,편의점,편의점,187.0,False
충청북도,청주시 청원구,202605,4010,편의점,편의점,260.0,False
충청북도,청주시 흥덕구,202605,4010,편의점,편의점,379.0,False
충청북도,충주시,202605,4010,편의점,편의점,257.0,False
충청남도,계룡시,202605,4010,편의점,편의점,31.0,False
충청남도,공주시,202605,4010,편의점,편의점,115.0,False
충청남도,금산군,202605,4010,편의점,편의점,42.0,False
충청남도,논산시,202605,4010,편의점,편의점,119.0,False
충청남도,당진시,202605,4010,편의점,편의점,269.0,False
충청남도,보령시,202605,4010,편의점,편의점,153.0,False
충청남도,부여군,202605,4010,편의점,편의점,50.0,False
충청남도,서산시,202605,4010,편의점,편의점,240.0,False
충청남도,서천군,202605,4010,편의점,편의점,42.0,False
충청남도,아산시,202605,4010,편의점,편의점,512.0,False
충청남도,예산군,202605,4010,편의점,편의점,103.0,False
충청남도,천안시 동남구,202605,4010,편의점,편의점,370.0,False
충청남도,천안시 서북구,202605,4010,편의점,편의점,573.0,False
충청남도,청양군,202605,4010,편의점,편의점,28.0,False
충청남도,태안군,202605,4010,편의점,편의점,122.0,False
충청남도,홍성군,202605,4010,편의점,편의점,108.0,False
광주광역시,광산구,202605,4010,편의점,편의점,382.0,False
광주광역시,남구,202605,4010,편의점,편의점,151.0,False
광주광역시,동구,202605,4010,편의점,편의점,135.0,False
광주광역시,북구,202605,4010,편의점,편의점,355.0,False
광주광역시,서구,202605,4010,편의점,편의점,283.0,False
전북특별자치도,고창군,202605,4010,편의점,편의점,53.0,False
전북특별자치도,군산시,202605,4010,편의점,편의점,268.0,False
전북특별자치도,김제시,202605,4010,편의점,편의점,78.0,False
전북특별자치도,남원시,202605,4010,편의점,편의점,57.0,False
전북특별자치도,무주군,202605,4010,편의점,편의점,34.0,False
전북특별자치도,부안군,202605,4010,편의점,편의점,60.0,False
전북특별자치도,순창군,202605,4010,편의점,편의점,15.0,False
전북특별자치도,완주군,202605,4010,편의점,편의점,94.0,False
전북특별자치도,익산시,202605,4010,편의점,편의점,226.0,False
전북특별자치도,임실군,202605,4010,편의점,편의점,21.0,False
전북특별자치도,장수군,202605,4010,편의점,편의점,16.0,False
전북특별자치도,전주시 덕진구,202605,4010,편의점,편의점,336.0,False
전북특별자치도,전주시 완산구,202605,4010,편의점,편의점,285.0,False
전북특별자치도,정읍시,202605,4010,편의점,편의점,98.0,False
전북특별자치도,진안군,202605,4010,편의점,편의점,13.0,False
전라남도,강진군,202605,4010,편의점,편의점,23.0,False
전라남도,고흥군,202605,4010,편의점,편의점,52.0,False
전라남도,곡성군,202605,4010,편의점,편의점,22.0,False
전라남도,광양시,202605,4010,편의점,편의점,143.0,False
전라남도,구례군,202605,4010,편의점,편의점,17.0,False
전라남도,나주시,202605,4010,편의점,편의점,112.0,False
전라남도,담양군,202605,4010,편의점,편의점,30.0,False
전라남도,목포시,202605,4010,편의점,편의점,226.0,False
전라남도,무안군,202605,4010,편의점,편의점,87.0,False
전라남도,보성군,202605,4010,편의점,편의점,25.0,False
전라남도,순천시,202605,4010,편의점,편의점,242.0,False
전라남도,신안군,202605,4010,편의점,편의점,17.0,False
전라남도,여수시,202605,4010,편의점,편의점,339.0,False
전라남도,영광군,202605,4010,편의점,편의점,39.0,False
전라남도,영암군,202605,4010,편의점,편의점,59.0,False
전라남도,완도군,202605,4010,편의점,편의점,49.0,False
전라남도,장성군,202605,4010,편의점,편의점,28.0,False
전라남도,장흥군,202605,4010,편의점,편의점,28.0,False
전라남도,진도군,202605,4010,편의점,편의점,22.0,False
전라남도,함평군,202605,4010,편의점,편의점,13.0,False
전라남도,해남군,202605,4010,편의점,편의점,67.0,False
전라남도,화순군,202605,4010,편의점,편의점,36.0,False
대구광역시,군위군,202605,4010,편의점,편의점,16.0,False
대구광역시,남구,202605,4010,편의점,편의점,154.0,False
대구광역시,달서구,202605,4010,편의점,편의점,449.0,False
대구광역시,달성군,202605,4010,편의점,편의점,240.0,False
대구광역시,동구,202605,4010,편의점,편의점,277.0,False
대구광역시,북구,202605,4010,편의점,편의점,349.0,False
대구광역시,서구,202605,4010,편의점,편의점,148.0,False
대구광역시,수성구,202605,4010,편의점,편의점,294.0,False
대구광역시,중구,202605,4010,편의점,편의점,157.0,False
경상북도,경산시,202605,4010,편의점,편의점,310.0,False
경상북도,경주시,202605,4010,편의점,편의점,332.0,False
경상북도,고령군,202605,4010,편의점,편의점,33.0,False
경상북도,구미시,202605,4010,편의점,편의점,478.0,False
경상북도,김천시,202605,4010,편의점,편의점,127.0,False
경상북도,문경시,202605,4010,편의점,편의점,63.0,False
경상북도,봉화군,202605,4010,편의점,편의점,12.0,False
경상북도,상주시,202605,4010,편의점,편의점,63.0,False
경상북도,성주군,202605,4010,편의점,편의점,38.0,False
경상북도,안동시,202605,4010,편의점,편의점,137.0,False
경상북도,영덕군,202605,4010,편의점,편의점,36.0,False
경상북도,영양군,202605,4010,편의점,편의점,,True
경상북도,영주시,202605,4010,편의점,편의점,80.0,False
경상북도,영천시,202605,4010,편의점,편의점,95.0,False
경상북도,예천군,202605,4010,편의점,편의점,30.0,False
경상북도,울릉군,202605,4010,편의점,편의점,13.0,False
경상북도,울진군,202605,4010,편의점,편의점,53.0,False
경상북도,의성군,202605,4010,편의점,편의점,27.0,False
경상북도,청도군,202605,4010,편의점,편의점,28.0,False
경상북도,청송군,202605,4010,편의점,편의점,16.0,False
경상북도,칠곡군,202605,4010,편의점,편의점,151.0,False
경상북도,포항시 남구,202605,4010,편의점,편의점,248.0,False
경상북도,포항시 북구,202605,4010,편의점,편의점,259.0,False
부산광역시,강서구,202605,4010,편의점,편의점,197.0,False
부산광역시,금정구,202605,4010,편의점,편의점,181.0,False
부산광역시,기장군,202605,4010,편의점,편의점,176.0,False
부산광역시,남구,202605,4010,편의점,편의점,195.0,False
부산광역시,동구,202605,4010,편의점,편의점,91.0,False
부산광역시,동래구,202605,4010,편의점,편의점,192.0,False
부산광역시,부산진구,202605,4010,편의점,편의점,379.0,False
부산광역시,북구,202605,4010,편의점,편의점,150.0,False
부산광역시,사상구,202605,4010,편의점,편의점,180.0,False
부산광역시,사하구,202605,4010,편의점,편의점,236.0,False
부산광역시,서구,202605,4010,편의점,편의점,97.0,False
부산광역시,수영구,202605,4010,편의점,편의점,166.0,False
부산광역시,연제구,202605,4010,편의점,편의점,147.0,False
부산광역시,영도구,202605,4010,편의점,편의점,87.0,False
부산광역시,중구,202605,4010,편의점,편의점,78.0,False
부산광역시,해운대구,202605,4010,편의점,편의점,314.0,False
울산광역시,남구,202605,4010,편의점,편의점,343.0,False
울산광역시,동구,202605,4010,편의점,편의점,154.0,False
울산광역시,북구,202605,4010,편의점,편의점,176.0,False
울산광역시,울주군,202605,4010,편의점,편의점,243.0,False
울산광역시,중구,202605,4010,편의점,편의점,166.0,False
경상남도,거제시,202605,4010,편의점,편의점,303.0,False
경상남도,거창군,202605,4010,편의점,편의점,58.0,False
경상남도,고성군,202605,4010,편의점,편의점,59.0,False
경상남도,김해시,202605,4010,편의점,편의점,547.0,False
경상남도,남해군,202605,4010,편의점,편의점,60.0,False
경상남도,밀양시,202605,4010,편의점,편의점,98.0,False
경상남도,사천시,202605,4010,편의점,편의점,125.0,False
경상남도,산청군,202605,4010,편의점,편의점,18.0,False
경상남도,양산시,202605,4010,편의점,편의점,348.0,False
경상남도,의령군,202605,4010,편의점,편의점,16.0,False
경상남도,진주시,202605,4010,편의점,편의점,308.0,False
경상남도,창녕군,202605,4010,편의점,편의점,60.0,False
경상남도,창원시 마산합포구,202605,4010,편의점,편의점,174.0,False
경상남도,창원시 마산회원구,202605,4010,편의점,편의점,146.0,False
경상남도,창원시 성산구,202605,4010,편의점,편의점,239.0,False
경상남도,창원시 의창구,202605,4010,편의점,편의점,205.0,False
경상남도,창원시 진해구,202605,4010,편의점,편의점,211.0,False
경상남도,통영시,202605,4010,편의점,편의점,144.0,False
경상남도,하동군,202605,4010,편의점,편의점,38.0,False
경상남도,함안군,202605,4010,편의점,편의점,61.0,False
경상남도,함양군,202605,4010,편의점,편의점,30.0,False
경상남도,합천군,202605,4010,편의점,편의점,23.0,False
제주특별자치도,서귀포시,202605,4010,편의점,편의점,398.0,False
제주특별자치도,제주시,202605,4010,편의점,편의점,896.0,False
서울특별시,강남구,202606,4010,편의점,편의점,671.0,False
서울특별시,강동구,202606,4010,편의점,편의점,332.0,False
서울특별시,강북구,202606,4010,편의점,편의점,230.0,False
서울특별시,강서구,202606,4010,편의점,편의점,481.0,False
서울특별시,관악구,202606,4010,편의점,편의점,368.0,False
서울특별시,광진구,202606,4010,편의점,편의점,312.0,False
서울특별시,구로구,202606,4010,편의점,편의점,316.0,False
서울특별시,금천구,202606,4010,편의점,편의점,274.0,False
서울특별시,노원구,202606,4010,편의점,편의점,300.0,False
서울특별시,도봉구,202606,4010,편의점,편의점,225.0,False
서울특별시,동대문구,202606,4010,편의점,편의점,316.0,False
서울특별시,동작구,202606,4010,편의점,편의점,277.0,False
서울특별시,마포구,202606,4010,편의점,편의점,449.0,False
서울특별시,서대문구,202606,4010,편의점,편의점,256.0,False
서울특별시,서초구,202606,4010,편의점,편의점,400.0,False
서울특별시,성동구,202606,4010,편의점,편의점,262.0,False
서울특별시,성북구,202606,4010,편의점,편의점,285.0,False
서울특별시,송파구,202606,4010,편의점,편의점,496.0,False
서울특별시,양천구,202606,4010,편의점,편의점,249.0,False
서울특별시,영등포구,202606,4010,편의점,편의점,419.0,False
서울특별시,용산구,202606,4010,편의점,편의점,225.0,False
서울특별시,은평구,202606,4010,편의점,편의점,316.0,False
서울특별시,종로구,202606,4010,편의점,편의점,248.0,False
서울특별시,중구,202606,4010,편의점,편의점,310.0,False
서울특별시,중랑구,202606,4010,편의점,편의점,298.0,False
인천광역시,강화군,202606,4010,편의점,편의점,118.0,False
인천광역시,검단구,202606,4010,편의점,편의점,199.0,False
인천광역시,계양구,202606,4010,편의점,편의점,241.0,False
인천광역시,남동구,202606,4010,편의점,편의점,446.0,False
인천광역시,미추홀구,202606,4010,편의점,편의점,405.0,False
인천광역시,부평구,202606,4010,편의점,편의점,427.0,False
인천광역시,서해구,202606,4010,편의점,편의점,373.0,False
인천광역시,연수구,202606,4010,편의점,편의점,364.0,False
인천광역시,영종구,202606,4010,편의점,편의점,199.0,False
인천광역시,옹진군,202606,4010,편의점,편의점,34.0,False
인천광역시,제물포구,202606,4010,편의점,편의점,130.0,False
경기도,가평군,202606,4010,편의점,편의점,128.0,False
경기도,고양시 덕양구,202606,4010,편의점,편의점,394.0,False
경기도,고양시 일산동구,202606,4010,편의점,편의점,287.0,False
경기도,고양시 일산서구,202606,4010,편의점,편의점,197.0,False
경기도,과천시,202606,4010,편의점,편의점,76.0,False
경기도,광명시,202606,4010,편의점,편의점,186.0,False
경기도,광주시,202606,4010,편의점,편의점,424.0,False
경기도,구리시,202606,4010,편의점,편의점,167.0,False
경기도,군포시,202606,4010,편의점,편의점,200.0,False
경기도,김포시,202606,4010,편의점,편의점,488.0,False
경기도,남양주시,202606,4010,편의점,편의점,623.0,False
경기도,동두천시,202606,4010,편의점,편의점,101.0,False
경기도,부천시 소사구,202606,4010,편의점,편의점,176.0,False
경기도,부천시 오정구,202606,4010,편의점,편의점,133.0,False
경기도,부천시 원미구,202606,4010,편의점,편의점,351.0,False
경기도,성남시 분당구,202606,4010,편의점,편의점,359.0,False
경기도,성남시 수정구,202606,4010,편의점,편의점,222.0,False
경기도,성남시 중원구,202606,4010,편의점,편의점,189.0,False
경기도,수원시 권선구,202606,4010,편의점,편의점,331.0,False
경기도,수원시 영통구,202606,4010,편의점,편의점,298.0,False
경기도,수원시 장안구,202606,4010,편의점,편의점,215.0,False
경기도,수원시 팔달구,202606,4010,편의점,편의점,255.0,False
경기도,시흥시,202606,4010,편의점,편의점,554.0,False
경기도,안산시 단원구,202606,4010,편의점,편의점,372.0,False
경기도,안산시 상록구,202606,4010,편의점,편의점,316.0,False
경기도,안성시,202606,4010,편의점,편의점,320.0,False
경기도,안양시 동안구,202606,4010,편의점,편의점,259.0,False
경기도,안양시 만안구,202606,4010,편의점,편의점,197.0,False
경기도,양주시,202606,4010,편의점,편의점,315.0,False
경기도,양평군,202606,4010,편의점,편의점,148.0,False
경기도,여주시,202606,4010,편의점,편의점,178.0,False
경기도,연천군,202606,4010,편의점,편의점,60.0,False
경기도,오산시,202606,4010,편의점,편의점,285.0,False
경기도,용인시 기흥구,202606,4010,편의점,편의점,338.0,False
경기도,용인시 수지구,202606,4010,편의점,편의점,219.0,False
경기도,용인시 처인구,202606,4010,편의점,편의점,437.0,False
경기도,의왕시,202606,4010,편의점,편의점,117.0,False
경기도,의정부시,202606,4010,편의점,편의점,425.0,False
경기도,이천시,202606,4010,편의점,편의점,352.0,False
경기도,파주시,202606,4010,편의점,편의점,540.0,False
경기도,평택시,202606,4010,편의점,편의점,873.0,False
경기도,포천시,202606,4010,편의점,편의점,276.0,False
경기도,하남시,202606,4010,편의점,편의점,266.0,False
경기도,화성시 동탄구,202606,4010,편의점,편의점,344.0,False
경기도,화성시 만세구,202606,4010,편의점,편의점,483.0,False
경기도,화성시 병점구,202606,4010,편의점,편의점,133.0,False
경기도,화성시 효행구,202606,4010,편의점,편의점,198.0,False
강원특별자치도,강릉시,202606,4010,편의점,편의점,332.0,False
강원특별자치도,고성군,202606,4010,편의점,편의점,72.0,False
강원특별자치도,동해시,202606,4010,편의점,편의점,123.0,False
강원특별자치도,삼척시,202606,4010,편의점,편의점,95.0,False
강원특별자치도,속초시,202606,4010,편의점,편의점,164.0,False
강원특별자치도,양구군,202606,4010,편의점,편의점,22.0,False
강원특별자치도,양양군,202606,4010,편의점,편의점,84.0,False
강원특별자치도,영월군,202606,4010,편의점,편의점,41.0,False
강원특별자치도,원주시,202606,4010,편의점,편의점,457.0,False
강원특별자치도,인제군,202606,4010,편의점,편의점,53.0,False
강원특별자치도,정선군,202606,4010,편의점,편의점,65.0,False
강원특별자치도,철원군,202606,4010,편의점,편의점,53.0,False
강원특별자치도,춘천시,202606,4010,편의점,편의점,354.0,False
강원특별자치도,태백시,202606,4010,편의점,편의점,56.0,False
강원특별자치도,평창군,202606,4010,편의점,편의점,77.0,False
강원특별자치도,홍천군,202606,4010,편의점,편의점,71.0,False
강원특별자치도,화천군,202606,4010,편의점,편의점,28.0,False
강원특별자치도,횡성군,202606,4010,편의점,편의점,53.0,False
대전광역시,대덕구,202606,4010,편의점,편의점,168.0,False
대전광역시,동구,202606,4010,편의점,편의점,222.0,False
대전광역시,서구,202606,4010,편의점,편의점,451.0,False
대전광역시,유성구,202606,4010,편의점,편의점,384.0,False
대전광역시,중구,202606,4010,편의점,편의점,209.0,False
충청북도,괴산군,202606,4010,편의점,편의점,31.0,False
충청북도,단양군,202606,4010,편의점,편의점,27.0,False
충청북도,보은군,202606,4010,편의점,편의점,23.0,False
충청북도,영동군,202606,4010,편의점,편의점,35.0,False
충청북도,옥천군,202606,4010,편의점,편의점,54.0,False
충청북도,음성군,202606,4010,편의점,편의점,190.0,False
충청북도,제천시,202606,4010,편의점,편의점,130.0,False
충청북도,증평군,202606,4010,편의점,편의점,51.0,False
충청북도,진천군,202606,4010,편의점,편의점,163.0,False
충청북도,청주시 상당구,202606,4010,편의점,편의점,194.0,False
충청북도,청주시 서원구,202606,4010,편의점,편의점,188.0,False
충청북도,청주시 청원구,202606,4010,편의점,편의점,257.0,False
충청북도,청주시 흥덕구,202606,4010,편의점,편의점,379.0,False
충청북도,충주시,202606,4010,편의점,편의점,256.0,False
충청남도,계룡시,202606,4010,편의점,편의점,31.0,False
충청남도,공주시,202606,4010,편의점,편의점,114.0,False
충청남도,금산군,202606,4010,편의점,편의점,42.0,False
충청남도,논산시,202606,4010,편의점,편의점,117.0,False
충청남도,당진시,202606,4010,편의점,편의점,269.0,False
충청남도,보령시,202606,4010,편의점,편의점,151.0,False
충청남도,부여군,202606,4010,편의점,편의점,49.0,False
충청남도,서산시,202606,4010,편의점,편의점,241.0,False
충청남도,서천군,202606,4010,편의점,편의점,42.0,False
충청남도,아산시,202606,4010,편의점,편의점,513.0,False
충청남도,예산군,202606,4010,편의점,편의점,101.0,False
충청남도,천안시 동남구,202606,4010,편의점,편의점,368.0,False
충청남도,천안시 서북구,202606,4010,편의점,편의점,572.0,False
충청남도,청양군,202606,4010,편의점,편의점,28.0,False
충청남도,태안군,202606,4010,편의점,편의점,122.0,False
충청남도,홍성군,202606,4010,편의점,편의점,108.0,False
전북특별자치도,고창군,202606,4010,편의점,편의점,51.0,False
전북특별자치도,군산시,202606,4010,편의점,편의점,266.0,False
전북특별자치도,김제시,202606,4010,편의점,편의점,79.0,False
전북특별자치도,남원시,202606,4010,편의점,편의점,58.0,False
전북특별자치도,무주군,202606,4010,편의점,편의점,33.0,False
전북특별자치도,부안군,202606,4010,편의점,편의점,60.0,False
전북특별자치도,순창군,202606,4010,편의점,편의점,15.0,False
전북특별자치도,완주군,202606,4010,편의점,편의점,94.0,False
전북특별자치도,익산시,202606,4010,편의점,편의점,226.0,False
전북특별자치도,임실군,202606,4010,편의점,편의점,23.0,False
전북특별자치도,장수군,202606,4010,편의점,편의점,16.0,False
전북특별자치도,전주시 덕진구,202606,4010,편의점,편의점,337.0,False
전북특별자치도,전주시 완산구,202606,4010,편의점,편의점,286.0,False
전북특별자치도,정읍시,202606,4010,편의점,편의점,97.0,False
전북특별자치도,진안군,202606,4010,편의점,편의점,13.0,False
전라남도,강진군,202606,4010,편의점,편의점,23.0,False
전라남도,고흥군,202606,4010,편의점,편의점,52.0,False
전라남도,곡성군,202606,4010,편의점,편의점,22.0,False
광주광역시,광산구,202606,4010,편의점,편의점,384.0,False
전라남도,광양시,202606,4010,편의점,편의점,144.0,False
전라남도,구례군,202606,4010,편의점,편의점,17.0,False
전라남도,나주시,202606,4010,편의점,편의점,114.0,False
광주광역시,남구,202606,4010,편의점,편의점,149.0,False
전라남도,담양군,202606,4010,편의점,편의점,29.0,False
광주광역시,동구,202606,4010,편의점,편의점,134.0,False
전라남도,목포시,202606,4010,편의점,편의점,224.0,False
전라남도,무안군,202606,4010,편의점,편의점,87.0,False
전라남도,보성군,202606,4010,편의점,편의점,25.0,False
광주광역시,북구,202606,4010,편의점,편의점,355.0,False
광주광역시,서구,202606,4010,편의점,편의점,285.0,False
전라남도,순천시,202606,4010,편의점,편의점,241.0,False
전라남도,신안군,202606,4010,편의점,편의점,17.0,False
전라남도,여수시,202606,4010,편의점,편의점,344.0,False
전라남도,영광군,202606,4010,편의점,편의점,40.0,False
전라남도,영암군,202606,4010,편의점,편의점,59.0,False
전라남도,완도군,202606,4010,편의점,편의점,48.0,False
전라남도,장성군,202606,4010,편의점,편의점,28.0,False
전라남도,장흥군,202606,4010,편의점,편의점,27.0,False
전라남도,진도군,202606,4010,편의점,편의점,23.0,False
전라남도,함평군,202606,4010,편의점,편의점,13.0,False
전라남도,해남군,202606,4010,편의점,편의점,68.0,False
전라남도,화순군,202606,4010,편의점,편의점,36.0,False
대구광역시,군위군,202606,4010,편의점,편의점,16.0,False
대구광역시,남구,202606,4010,편의점,편의점,155.0,False
대구광역시,달서구,202606,4010,편의점,편의점,447.0,False
대구광역시,달성군,202606,4010,편의점,편의점,239.0,False
대구광역시,동구,202606,4010,편의점,편의점,273.0,False
대구광역시,북구,202606,4010,편의점,편의점,352.0,False
대구광역시,서구,202606,4010,편의점,편의점,149.0,False
대구광역시,수성구,202606,4010,편의점,편의점,297.0,False
대구광역시,중구,202606,4010,편의점,편의점,156.0,False
경상북도,경산시,202606,4010,편의점,편의점,307.0,False
경상북도,경주시,202606,4010,편의점,편의점,332.0,False
경상북도,고령군,202606,4010,편의점,편의점,33.0,False
경상북도,구미시,202606,4010,편의점,편의점,479.0,False
경상북도,김천시,202606,4010,편의점,편의점,127.0,False
경상북도,문경시,202606,4010,편의점,편의점,63.0,False
경상북도,봉화군,202606,4010,편의점,편의점,12.0,False
경상북도,상주시,202606,4010,편의점,편의점,63.0,False
경상북도,성주군,202606,4010,편의점,편의점,38.0,False
경상북도,안동시,202606,4010,편의점,편의점,140.0,False
경상북도,영덕군,202606,4010,편의점,편의점,33.0,False
경상북도,영양군,202606,4010,편의점,편의점,,True
경상북도,영주시,202606,4010,편의점,편의점,80.0,False
경상북도,영천시,202606,4010,편의점,편의점,95.0,False
경상북도,예천군,202606,4010,편의점,편의점,30.0,False
경상북도,울릉군,202606,4010,편의점,편의점,13.0,False
경상북도,울진군,202606,4010,편의점,편의점,54.0,False
경상북도,의성군,202606,4010,편의점,편의점,25.0,False
경상북도,청도군,202606,4010,편의점,편의점,28.0,False
경상북도,청송군,202606,4010,편의점,편의점,16.0,False
경상북도,칠곡군,202606,4010,편의점,편의점,151.0,False
경상북도,포항시 남구,202606,4010,편의점,편의점,248.0,False
경상북도,포항시 북구,202606,4010,편의점,편의점,258.0,False
부산광역시,강서구,202606,4010,편의점,편의점,196.0,False
부산광역시,금정구,202606,4010,편의점,편의점,182.0,False
부산광역시,기장군,202606,4010,편의점,편의점,176.0,False
부산광역시,남구,202606,4010,편의점,편의점,192.0,False
부산광역시,동구,202606,4010,편의점,편의점,93.0,False
부산광역시,동래구,202606,4010,편의점,편의점,194.0,False
부산광역시,부산진구,202606,4010,편의점,편의점,379.0,False
부산광역시,북구,202606,4010,편의점,편의점,152.0,False
부산광역시,사상구,202606,4010,편의점,편의점,180.0,False
부산광역시,사하구,202606,4010,편의점,편의점,237.0,False
부산광역시,서구,202606,4010,편의점,편의점,95.0,False
부산광역시,수영구,202606,4010,편의점,편의점,167.0,False
부산광역시,연제구,202606,4010,편의점,편의점,147.0,False
부산광역시,영도구,202606,4010,편의점,편의점,87.0,False
부산광역시,중구,202606,4010,편의점,편의점,78.0,False
부산광역시,해운대구,202606,4010,편의점,편의점,315.0,False
울산광역시,남구,202606,4010,편의점,편의점,338.0,False
울산광역시,동구,202606,4010,편의점,편의점,156.0,False
울산광역시,북구,202606,4010,편의점,편의점,173.0,False
울산광역시,울주군,202606,4010,편의점,편의점,243.0,False
울산광역시,중구,202606,4010,편의점,편의점,166.0,False
경상남도,거제시,202606,4010,편의점,편의점,306.0,False
경상남도,거창군,202606,4010,편의점,편의점,56.0,False
경상남도,고성군,202606,4010,편의점,편의점,59.0,False
경상남도,김해시,202606,4010,편의점,편의점,540.0,False
경상남도,남해군,202606,4010,편의점,편의점,60.0,False
경상남도,밀양시,202606,4010,편의점,편의점,97.0,False
경상남도,사천시,202606,4010,편의점,편의점,123.0,False
경상남도,산청군,202606,4010,편의점,편의점,18.0,False
경상남도,양산시,202606,4010,편의점,편의점,350.0,False
경상남도,의령군,202606,4010,편의점,편의점,17.0,False
경상남도,진주시,202606,4010,편의점,편의점,306.0,False
경상남도,창녕군,202606,4010,편의점,편의점,58.0,False
경상남도,창원시 마산합포구,202606,4010,편의점,편의점,171.0,False
경상남도,창원시 마산회원구,202606,4010,편의점,편의점,143.0,False
경상남도,창원시 성산구,202606,4010,편의점,편의점,238.0,False
경상남도,창원시 의창구,202606,4010,편의점,편의점,207.0,False
경상남도,창원시 진해구,202606,4010,편의점,편의점,207.0,False
경상남도,통영시,202606,4010,편의점,편의점,143.0,False
경상남도,하동군,202606,4010,편의점,편의점,37.0,False
경상남도,함안군,202606,4010,편의점,편의점,61.0,False
경상남도,함양군,202606,4010,편의점,편의점,29.0,False
경상남도,합천군,202606,4010,편의점,편의점,24.0,False
제주특별자치도,서귀포시,202606,4010,편의점,편의점,390.0,False
제주특별자치도,제주시,202606,4010,편의점,편의점,898.0,False
서울특별시,강남구,202601,4020,슈퍼마켓,슈퍼마켓,239.0,False
서울특별시,강동구,202601,4020,슈퍼마켓,슈퍼마켓,131.0,False
서울특별시,강북구,202601,4020,슈퍼마켓,슈퍼마켓,93.0,False
서울특별시,강서구,202601,4020,슈퍼마켓,슈퍼마켓,190.0,False
서울특별시,관악구,202601,4020,슈퍼마켓,슈퍼마켓,163.0,False
서울특별시,광진구,202601,4020,슈퍼마켓,슈퍼마켓,121.0,False
서울특별시,구로구,202601,4020,슈퍼마켓,슈퍼마켓,143.0,False
서울특별시,금천구,202601,4020,슈퍼마켓,슈퍼마켓,95.0,False
서울특별시,노원구,202601,4020,슈퍼마켓,슈퍼마켓,120.0,False
서울특별시,도봉구,202601,4020,슈퍼마켓,슈퍼마켓,92.0,False
서울특별시,동대문구,202601,4020,슈퍼마켓,슈퍼마켓,129.0,False
서울특별시,동작구,202601,4020,슈퍼마켓,슈퍼마켓,112.0,False
서울특별시,마포구,202601,4020,슈퍼마켓,슈퍼마켓,145.0,False
서울특별시,서대문구,202601,4020,슈퍼마켓,슈퍼마켓,94.0,False
서울특별시,서초구,202601,4020,슈퍼마켓,슈퍼마켓,151.0,False
서울특별시,성동구,202601,4020,슈퍼마켓,슈퍼마켓,114.0,False
서울특별시,성북구,202601,4020,슈퍼마켓,슈퍼마켓,123.0,False
서울특별시,송파구,202601,4020,슈퍼마켓,슈퍼마켓,197.0,False
서울특별시,양천구,202601,4020,슈퍼마켓,슈퍼마켓,149.0,False
서울특별시,영등포구,202601,4020,슈퍼마켓,슈퍼마켓,179.0,False
서울특별시,용산구,202601,4020,슈퍼마켓,슈퍼마켓,105.0,False
서울특별시,은평구,202601,4020,슈퍼마켓,슈퍼마켓,120.0,False
서울특별시,종로구,202601,4020,슈퍼마켓,슈퍼마켓,116.0,False
서울특별시,중구,202601,4020,슈퍼마켓,슈퍼마켓,150.0,False
서울특별시,중랑구,202601,4020,슈퍼마켓,슈퍼마켓,142.0,False
인천광역시,강화군,202601,4020,슈퍼마켓,슈퍼마켓,50.0,False
인천광역시,계양구,202601,4020,슈퍼마켓,슈퍼마켓,125.0,False
인천광역시,남동구,202601,4020,슈퍼마켓,슈퍼마켓,246.0,False
인천광역시,동구,202601,4020,슈퍼마켓,슈퍼마켓,31.0,False
인천광역시,미추홀구,202601,4020,슈퍼마켓,슈퍼마켓,230.0,False
인천광역시,부평구,202601,4020,슈퍼마켓,슈퍼마켓,319.0,False
인천광역시,서구,202601,4020,슈퍼마켓,슈퍼마켓,298.0,False
인천광역시,연수구,202601,4020,슈퍼마켓,슈퍼마켓,160.0,False
인천광역시,옹진군,202601,4020,슈퍼마켓,슈퍼마켓,49.0,False
인천광역시,중구,202601,4020,슈퍼마켓,슈퍼마켓,126.0,False
경기도,가평군,202601,4020,슈퍼마켓,슈퍼마켓,61.0,False
경기도,고양시 덕양구,202601,4020,슈퍼마켓,슈퍼마켓,213.0,False
경기도,고양시 일산동구,202601,4020,슈퍼마켓,슈퍼마켓,135.0,False
경기도,고양시 일산서구,202601,4020,슈퍼마켓,슈퍼마켓,108.0,False
경기도,과천시,202601,4020,슈퍼마켓,슈퍼마켓,35.0,False
경기도,광명시,202601,4020,슈퍼마켓,슈퍼마켓,126.0,False
경기도,광주시,202601,4020,슈퍼마켓,슈퍼마켓,229.0,False
경기도,구리시,202601,4020,슈퍼마켓,슈퍼마켓,86.0,False
경기도,군포시,202601,4020,슈퍼마켓,슈퍼마켓,127.0,False
경기도,김포시,202601,4020,슈퍼마켓,슈퍼마켓,281.0,False
경기도,남양주시,202601,4020,슈퍼마켓,슈퍼마켓,326.0,False
경기도,동두천시,202601,4020,슈퍼마켓,슈퍼마켓,61.0,False
경기도,부천시 소사구,202601,4020,슈퍼마켓,슈퍼마켓,119.0,False
경기도,부천시 오정구,202601,4020,슈퍼마켓,슈퍼마켓,97.0,False
경기도,부천시 원미구,202601,4020,슈퍼마켓,슈퍼마켓,197.0,False
경기도,성남시 분당구,202601,4020,슈퍼마켓,슈퍼마켓,137.0,False
경기도,성남시 수정구,202601,4020,슈퍼마켓,슈퍼마켓,133.0,False
경기도,성남시 중원구,202601,4020,슈퍼마켓,슈퍼마켓,113.0,False
경기도,수원시 권선구,202601,4020,슈퍼마켓,슈퍼마켓,168.0,False
경기도,수원시 영통구,202601,4020,슈퍼마켓,슈퍼마켓,151.0,False
경기도,수원시 장안구,202601,4020,슈퍼마켓,슈퍼마켓,120.0,False
경기도,수원시 팔달구,202601,4020,슈퍼마켓,슈퍼마켓,144.0,False
경기도,시흥시,202601,4020,슈퍼마켓,슈퍼마켓,356.0,False
경기도,안산시 단원구,202601,4020,슈퍼마켓,슈퍼마켓,260.0,False
경기도,안산시 상록구,202601,4020,슈퍼마켓,슈퍼마켓,188.0,False
경기도,안성시,202601,4020,슈퍼마켓,슈퍼마켓,158.0,False
경기도,안양시 동안구,202601,4020,슈퍼마켓,슈퍼마켓,153.0,False
경기도,안양시 만안구,202601,4020,슈퍼마켓,슈퍼마켓,151.0,False
경기도,양주시,202601,4020,슈퍼마켓,슈퍼마켓,144.0,False
경기도,양평군,202601,4020,슈퍼마켓,슈퍼마켓,70.0,False
경기도,여주시,202601,4020,슈퍼마켓,슈퍼마켓,71.0,False
경기도,연천군,202601,4020,슈퍼마켓,슈퍼마켓,27.0,False
경기도,오산시,202601,4020,슈퍼마켓,슈퍼마켓,130.0,False
경기도,용인시 기흥구,202601,4020,슈퍼마켓,슈퍼마켓,167.0,False
경기도,용인시 수지구,202601,4020,슈퍼마켓,슈퍼마켓,102.0,False
경기도,용인시 처인구,202601,4020,슈퍼마켓,슈퍼마켓,192.0,False
경기도,의왕시,202601,4020,슈퍼마켓,슈퍼마켓,57.0,False
경기도,의정부시,202601,4020,슈퍼마켓,슈퍼마켓,208.0,False
경기도,이천시,202601,4020,슈퍼마켓,슈퍼마켓,102.0,False
경기도,파주시,202601,4020,슈퍼마켓,슈퍼마켓,302.0,False
경기도,평택시,202601,4020,슈퍼마켓,슈퍼마켓,454.0,False
경기도,포천시,202601,4020,슈퍼마켓,슈퍼마켓,179.0,False
경기도,하남시,202601,4020,슈퍼마켓,슈퍼마켓,141.0,False
경기도,화성시 동탄구,202601,4020,슈퍼마켓,슈퍼마켓,150.0,False
경기도,화성시 만세구,202601,4020,슈퍼마켓,슈퍼마켓,238.0,False
경기도,화성시 병점구,202601,4020,슈퍼마켓,슈퍼마켓,71.0,False
경기도,화성시 효행구,202601,4020,슈퍼마켓,슈퍼마켓,85.0,False
강원특별자치도,강릉시,202601,4020,슈퍼마켓,슈퍼마켓,120.0,False
강원특별자치도,고성군,202601,4020,슈퍼마켓,슈퍼마켓,22.0,False
강원특별자치도,동해시,202601,4020,슈퍼마켓,슈퍼마켓,59.0,False
강원특별자치도,삼척시,202601,4020,슈퍼마켓,슈퍼마켓,37.0,False
강원특별자치도,속초시,202601,4020,슈퍼마켓,슈퍼마켓,51.0,False
강원특별자치도,양구군,202601,4020,슈퍼마켓,슈퍼마켓,14.0,False
강원특별자치도,양양군,202601,4020,슈퍼마켓,슈퍼마켓,24.0,False
강원특별자치도,영월군,202601,4020,슈퍼마켓,슈퍼마켓,24.0,False
강원특별자치도,원주시,202601,4020,슈퍼마켓,슈퍼마켓,180.0,False
강원특별자치도,인제군,202601,4020,슈퍼마켓,슈퍼마켓,20.0,False
강원특별자치도,정선군,202601,4020,슈퍼마켓,슈퍼마켓,28.0,False
강원특별자치도,철원군,202601,4020,슈퍼마켓,슈퍼마켓,19.0,False
강원특별자치도,춘천시,202601,4020,슈퍼마켓,슈퍼마켓,120.0,False
강원특별자치도,태백시,202601,4020,슈퍼마켓,슈퍼마켓,26.0,False
강원특별자치도,평창군,202601,4020,슈퍼마켓,슈퍼마켓,25.0,False
강원특별자치도,홍천군,202601,4020,슈퍼마켓,슈퍼마켓,64.0,False
강원특별자치도,화천군,202601,4020,슈퍼마켓,슈퍼마켓,10.0,False
강원특별자치도,횡성군,202601,4020,슈퍼마켓,슈퍼마켓,21.0,False
대전광역시,대덕구,202601,4020,슈퍼마켓,슈퍼마켓,101.0,False
대전광역시,동구,202601,4020,슈퍼마켓,슈퍼마켓,132.0,False
대전광역시,서구,202601,4020,슈퍼마켓,슈퍼마켓,182.0,False
대전광역시,유성구,202601,4020,슈퍼마켓,슈퍼마켓,156.0,False
대전광역시,중구,202601,4020,슈퍼마켓,슈퍼마켓,114.0,False
충청북도,괴산군,202601,4020,슈퍼마켓,슈퍼마켓,28.0,False
충청북도,단양군,202601,4020,슈퍼마켓,슈퍼마켓,11.0,False
충청북도,보은군,202601,4020,슈퍼마켓,슈퍼마켓,29.0,False
충청북도,영동군,202601,4020,슈퍼마켓,슈퍼마켓,20.0,False
충청북도,옥천군,202601,4020,슈퍼마켓,슈퍼마켓,50.0,False
충청북도,음성군,202601,4020,슈퍼마켓,슈퍼마켓,76.0,False
충청북도,제천시,202601,4020,슈퍼마켓,슈퍼마켓,58.0,False
충청북도,증평군,202601,4020,슈퍼마켓,슈퍼마켓,26.0,False
충청북도,진천군,202601,4020,슈퍼마켓,슈퍼마켓,55.0,False
충청북도,청주시 상당구,202601,4020,슈퍼마켓,슈퍼마켓,96.0,False
충청북도,청주시 서원구,202601,4020,슈퍼마켓,슈퍼마켓,99.0,False
충청북도,청주시 청원구,202601,4020,슈퍼마켓,슈퍼마켓,82.0,False
충청북도,청주시 흥덕구,202601,4020,슈퍼마켓,슈퍼마켓,154.0,False
충청북도,충주시,202601,4020,슈퍼마켓,슈퍼마켓,117.0,False
충청남도,계룡시,202601,4020,슈퍼마켓,슈퍼마켓,12.0,False
충청남도,공주시,202601,4020,슈퍼마켓,슈퍼마켓,68.0,False
충청남도,금산군,202601,4020,슈퍼마켓,슈퍼마켓,25.0,False
충청남도,논산시,202601,4020,슈퍼마켓,슈퍼마켓,86.0,False
충청남도,당진시,202601,4020,슈퍼마켓,슈퍼마켓,121.0,False
충청남도,보령시,202601,4020,슈퍼마켓,슈퍼마켓,71.0,False
충청남도,부여군,202601,4020,슈퍼마켓,슈퍼마켓,27.0,False
충청남도,서산시,202601,4020,슈퍼마켓,슈퍼마켓,107.0,False
충청남도,서천군,202601,4020,슈퍼마켓,슈퍼마켓,25.0,False
충청남도,아산시,202601,4020,슈퍼마켓,슈퍼마켓,193.0,False
충청남도,예산군,202601,4020,슈퍼마켓,슈퍼마켓,49.0,False
충청남도,천안시 동남구,202601,4020,슈퍼마켓,슈퍼마켓,162.0,False
충청남도,천안시 서북구,202601,4020,슈퍼마켓,슈퍼마켓,168.0,False
충청남도,청양군,202601,4020,슈퍼마켓,슈퍼마켓,10.0,False
충청남도,태안군,202601,4020,슈퍼마켓,슈퍼마켓,46.0,False
충청남도,홍성군,202601,4020,슈퍼마켓,슈퍼마켓,50.0,False
광주광역시,광산구,202601,4020,슈퍼마켓,슈퍼마켓,238.0,False
광주광역시,남구,202601,4020,슈퍼마켓,슈퍼마켓,101.0,False
광주광역시,동구,202601,4020,슈퍼마켓,슈퍼마켓,62.0,False
광주광역시,북구,202601,4020,슈퍼마켓,슈퍼마켓,200.0,False
광주광역시,서구,202601,4020,슈퍼마켓,슈퍼마켓,140.0,False
전북특별자치도,고창군,202601,4020,슈퍼마켓,슈퍼마켓,41.0,False
전북특별자치도,군산시,202601,4020,슈퍼마켓,슈퍼마켓,209.0,False
전북특별자치도,김제시,202601,4020,슈퍼마켓,슈퍼마켓,34.0,False
전북특별자치도,남원시,202601,4020,슈퍼마켓,슈퍼마켓,39.0,False
전북특별자치도,무주군,202601,4020,슈퍼마켓,슈퍼마켓,6.0,False
전북특별자치도,부안군,202601,4020,슈퍼마켓,슈퍼마켓,30.0,False
전북특별자치도,순창군,202601,4020,슈퍼마켓,슈퍼마켓,11.0,False
전북특별자치도,완주군,202601,4020,슈퍼마켓,슈퍼마켓,78.0,False
전북특별자치도,익산시,202601,4020,슈퍼마켓,슈퍼마켓,144.0,False
전북특별자치도,임실군,202601,4020,슈퍼마켓,슈퍼마켓,13.0,False
전북특별자치도,장수군,202601,4020,슈퍼마켓,슈퍼마켓,6.0,False
전북특별자치도,전주시 덕진구,202601,4020,슈퍼마켓,슈퍼마켓,173.0,False
전북특별자치도,전주시 완산구,202601,4020,슈퍼마켓,슈퍼마켓,206.0,False
전북특별자치도,정읍시,202601,4020,슈퍼마켓,슈퍼마켓,49.0,False
전북특별자치도,진안군,202601,4020,슈퍼마켓,슈퍼마켓,19.0,False
전라남도,강진군,202601,4020,슈퍼마켓,슈퍼마켓,31.0,False
전라남도,고흥군,202601,4020,슈퍼마켓,슈퍼마켓,42.0,False
전라남도,곡성군,202601,4020,슈퍼마켓,슈퍼마켓,13.0,False
전라남도,광양시,202601,4020,슈퍼마켓,슈퍼마켓,98.0,False
전라남도,구례군,202601,4020,슈퍼마켓,슈퍼마켓,16.0,False
전라남도,나주시,202601,4020,슈퍼마켓,슈퍼마켓,60.0,False
전라남도,담양군,202601,4020,슈퍼마켓,슈퍼마켓,26.0,False
전라남도,목포시,202601,4020,슈퍼마켓,슈퍼마켓,118.0,False
전라남도,무안군,202601,4020,슈퍼마켓,슈퍼마켓,48.0,False
전라남도,보성군,202601,4020,슈퍼마켓,슈퍼마켓,43.0,False
전라남도,순천시,202601,4020,슈퍼마켓,슈퍼마켓,181.0,False
전라남도,신안군,202601,4020,슈퍼마켓,슈퍼마켓,31.0,False
전라남도,여수시,202601,4020,슈퍼마켓,슈퍼마켓,235.0,False
전라남도,영광군,202601,4020,슈퍼마켓,슈퍼마켓,31.0,False
전라남도,영암군,202601,4020,슈퍼마켓,슈퍼마켓,40.0,False
전라남도,완도군,202601,4020,슈퍼마켓,슈퍼마켓,44.0,False
전라남도,장성군,202601,4020,슈퍼마켓,슈퍼마켓,23.0,False
전라남도,장흥군,202601,4020,슈퍼마켓,슈퍼마켓,26.0,False
전라남도,진도군,202601,4020,슈퍼마켓,슈퍼마켓,38.0,False
전라남도,함평군,202601,4020,슈퍼마켓,슈퍼마켓,18.0,False
전라남도,해남군,202601,4020,슈퍼마켓,슈퍼마켓,55.0,False
전라남도,화순군,202601,4020,슈퍼마켓,슈퍼마켓,39.0,False
대구광역시,군위군,202601,4020,슈퍼마켓,슈퍼마켓,12.0,False
대구광역시,남구,202601,4020,슈퍼마켓,슈퍼마켓,93.0,False
대구광역시,달서구,202601,4020,슈퍼마켓,슈퍼마켓,262.0,False
대구광역시,달성군,202601,4020,슈퍼마켓,슈퍼마켓,152.0,False
대구광역시,동구,202601,4020,슈퍼마켓,슈퍼마켓,182.0,False
대구광역시,북구,202601,4020,슈퍼마켓,슈퍼마켓,225.0,False
대구광역시,서구,202601,4020,슈퍼마켓,슈퍼마켓,132.0,False
대구광역시,수성구,202601,4020,슈퍼마켓,슈퍼마켓,192.0,False
대구광역시,중구,202601,4020,슈퍼마켓,슈퍼마켓,88.0,False
경상북도,경산시,202601,4020,슈퍼마켓,슈퍼마켓,137.0,False
경상북도,경주시,202601,4020,슈퍼마켓,슈퍼마켓,238.0,False
경상북도,고령군,202601,4020,슈퍼마켓,슈퍼마켓,34.0,False
경상북도,구미시,202601,4020,슈퍼마켓,슈퍼마켓,227.0,False
경상북도,김천시,202601,4020,슈퍼마켓,슈퍼마켓,76.0,False
경상북도,문경시,202601,4020,슈퍼마켓,슈퍼마켓,34.0,False
경상북도,봉화군,202601,4020,슈퍼마켓,슈퍼마켓,,True
경상북도,상주시,202601,4020,슈퍼마켓,슈퍼마켓,43.0,False
경상북도,성주군,202601,4020,슈퍼마켓,슈퍼마켓,18.0,False
경상북도,안동시,202601,4020,슈퍼마켓,슈퍼마켓,97.0,False
경상북도,영덕군,202601,4020,슈퍼마켓,슈퍼마켓,49.0,False
경상북도,영양군,202601,4020,슈퍼마켓,슈퍼마켓,7.0,False
경상북도,영주시,202601,4020,슈퍼마켓,슈퍼마켓,51.0,False
경상북도,영천시,202601,4020,슈퍼마켓,슈퍼마켓,72.0,False
경상북도,예천군,202601,4020,슈퍼마켓,슈퍼마켓,20.0,False
경상북도,울릉군,202601,4020,슈퍼마켓,슈퍼마켓,5.0,False
경상북도,울진군,202601,4020,슈퍼마켓,슈퍼마켓,28.0,False
경상북도,의성군,202601,4020,슈퍼마켓,슈퍼마켓,19.0,False
경상북도,청도군,202601,4020,슈퍼마켓,슈퍼마켓,25.0,False
경상북도,청송군,202601,4020,슈퍼마켓,슈퍼마켓,13.0,False
경상북도,칠곡군,202601,4020,슈퍼마켓,슈퍼마켓,86.0,False
경상북도,포항시 남구,202601,4020,슈퍼마켓,슈퍼마켓,135.0,False
경상북도,포항시 북구,202601,4020,슈퍼마켓,슈퍼마켓,147.0,False
부산광역시,강서구,202601,4020,슈퍼마켓,슈퍼마켓,82.0,False
부산광역시,금정구,202601,4020,슈퍼마켓,슈퍼마켓,100.0,False
부산광역시,기장군,202601,4020,슈퍼마켓,슈퍼마켓,94.0,False
부산광역시,남구,202601,4020,슈퍼마켓,슈퍼마켓,115.0,False
부산광역시,동구,202601,4020,슈퍼마켓,슈퍼마켓,67.0,False
부산광역시,동래구,202601,4020,슈퍼마켓,슈퍼마켓,94.0,False
부산광역시,부산진구,202601,4020,슈퍼마켓,슈퍼마켓,166.0,False
부산광역시,북구,202601,4020,슈퍼마켓,슈퍼마켓,114.0,False
부산광역시,사상구,202601,4020,슈퍼마켓,슈퍼마켓,96.0,False
부산광역시,사하구,202601,4020,슈퍼마켓,슈퍼마켓,125.0,False
부산광역시,서구,202601,4020,슈퍼마켓,슈퍼마켓,47.0,False
부산광역시,수영구,202601,4020,슈퍼마켓,슈퍼마켓,93.0,False
부산광역시,연제구,202601,4020,슈퍼마켓,슈퍼마켓,80.0,False
부산광역시,영도구,202601,4020,슈퍼마켓,슈퍼마켓,49.0,False
부산광역시,중구,202601,4020,슈퍼마켓,슈퍼마켓,61.0,False
부산광역시,해운대구,202601,4020,슈퍼마켓,슈퍼마켓,138.0,False
울산광역시,남구,202601,4020,슈퍼마켓,슈퍼마켓,170.0,False
울산광역시,동구,202601,4020,슈퍼마켓,슈퍼마켓,128.0,False
울산광역시,북구,202601,4020,슈퍼마켓,슈퍼마켓,106.0,False
울산광역시,울주군,202601,4020,슈퍼마켓,슈퍼마켓,135.0,False
울산광역시,중구,202601,4020,슈퍼마켓,슈퍼마켓,110.0,False
경상남도,거제시,202601,4020,슈퍼마켓,슈퍼마켓,114.0,False
경상남도,거창군,202601,4020,슈퍼마켓,슈퍼마켓,33.0,False
경상남도,고성군,202601,4020,슈퍼마켓,슈퍼마켓,34.0,False
경상남도,김해시,202601,4020,슈퍼마켓,슈퍼마켓,290.0,False
경상남도,남해군,202601,4020,슈퍼마켓,슈퍼마켓,25.0,False
경상남도,밀양시,202601,4020,슈퍼마켓,슈퍼마켓,66.0,False
경상남도,사천시,202601,4020,슈퍼마켓,슈퍼마켓,39.0,False
경상남도,산청군,202601,4020,슈퍼마켓,슈퍼마켓,21.0,False
경상남도,양산시,202601,4020,슈퍼마켓,슈퍼마켓,194.0,False
경상남도,의령군,202601,4020,슈퍼마켓,슈퍼마켓,11.0,False
경상남도,진주시,202601,4020,슈퍼마켓,슈퍼마켓,166.0,False
경상남도,창녕군,202601,4020,슈퍼마켓,슈퍼마켓,35.0,False
경상남도,창원시 마산합포구,202601,4020,슈퍼마켓,슈퍼마켓,103.0,False
경상남도,창원시 마산회원구,202601,4020,슈퍼마켓,슈퍼마켓,106.0,False
경상남도,창원시 성산구,202601,4020,슈퍼마켓,슈퍼마켓,111.0,False
경상남도,창원시 의창구,202601,4020,슈퍼마켓,슈퍼마켓,116.0,False
경상남도,창원시 진해구,202601,4020,슈퍼마켓,슈퍼마켓,85.0,False
경상남도,통영시,202601,4020,슈퍼마켓,슈퍼마켓,69.0,False
경상남도,하동군,202601,4020,슈퍼마켓,슈퍼마켓,22.0,False
경상남도,함안군,202601,4020,슈퍼마켓,슈퍼마켓,39.0,False
경상남도,함양군,202601,4020,슈퍼마켓,슈퍼마켓,25.0,False
경상남도,합천군,202601,4020,슈퍼마켓,슈퍼마켓,27.0,False
제주특별자치도,서귀포시,202601,4020,슈퍼마켓,슈퍼마켓,95.0,False
제주특별자치도,제주시,202601,4020,슈퍼마켓,슈퍼마켓,360.0,False
서울특별시,강남구,202602,4020,슈퍼마켓,슈퍼마켓,238.0,False
서울특별시,강동구,202602,4020,슈퍼마켓,슈퍼마켓,132.0,False
서울특별시,강북구,202602,4020,슈퍼마켓,슈퍼마켓,93.0,False
서울특별시,강서구,202602,4020,슈퍼마켓,슈퍼마켓,188.0,False
서울특별시,관악구,202602,4020,슈퍼마켓,슈퍼마켓,162.0,False
서울특별시,광진구,202602,4020,슈퍼마켓,슈퍼마켓,123.0,False
서울특별시,구로구,202602,4020,슈퍼마켓,슈퍼마켓,144.0,False
서울특별시,금천구,202602,4020,슈퍼마켓,슈퍼마켓,95.0,False
서울특별시,노원구,202602,4020,슈퍼마켓,슈퍼마켓,122.0,False
서울특별시,도봉구,202602,4020,슈퍼마켓,슈퍼마켓,95.0,False
서울특별시,동대문구,202602,4020,슈퍼마켓,슈퍼마켓,128.0,False
서울특별시,동작구,202602,4020,슈퍼마켓,슈퍼마켓,112.0,False
서울특별시,마포구,202602,4020,슈퍼마켓,슈퍼마켓,143.0,False
서울특별시,서대문구,202602,4020,슈퍼마켓,슈퍼마켓,95.0,False
서울특별시,서초구,202602,4020,슈퍼마켓,슈퍼마켓,153.0,False
서울특별시,성동구,202602,4020,슈퍼마켓,슈퍼마켓,112.0,False
서울특별시,성북구,202602,4020,슈퍼마켓,슈퍼마켓,124.0,False
서울특별시,송파구,202602,4020,슈퍼마켓,슈퍼마켓,197.0,False
서울특별시,양천구,202602,4020,슈퍼마켓,슈퍼마켓,150.0,False
서울특별시,영등포구,202602,4020,슈퍼마켓,슈퍼마켓,178.0,False
서울특별시,용산구,202602,4020,슈퍼마켓,슈퍼마켓,104.0,False
서울특별시,은평구,202602,4020,슈퍼마켓,슈퍼마켓,122.0,False
서울특별시,종로구,202602,4020,슈퍼마켓,슈퍼마켓,118.0,False
서울특별시,중구,202602,4020,슈퍼마켓,슈퍼마켓,149.0,False
서울특별시,중랑구,202602,4020,슈퍼마켓,슈퍼마켓,142.0,False
인천광역시,강화군,202602,4020,슈퍼마켓,슈퍼마켓,49.0,False
인천광역시,계양구,202602,4020,슈퍼마켓,슈퍼마켓,127.0,False
인천광역시,남동구,202602,4020,슈퍼마켓,슈퍼마켓,244.0,False
인천광역시,동구,202602,4020,슈퍼마켓,슈퍼마켓,31.0,False
인천광역시,미추홀구,202602,4020,슈퍼마켓,슈퍼마켓,231.0,False
인천광역시,부평구,202602,4020,슈퍼마켓,슈퍼마켓,318.0,False
인천광역시,서구,202602,4020,슈퍼마켓,슈퍼마켓,295.0,False
인천광역시,연수구,202602,4020,슈퍼마켓,슈퍼마켓,161.0,False
인천광역시,옹진군,202602,4020,슈퍼마켓,슈퍼마켓,48.0,False
인천광역시,중구,202602,4020,슈퍼마켓,슈퍼마켓,127.0,False
경기도,가평군,202602,4020,슈퍼마켓,슈퍼마켓,61.0,False
경기도,고양시 덕양구,202602,4020,슈퍼마켓,슈퍼마켓,213.0,False
경기도,고양시 일산동구,202602,4020,슈퍼마켓,슈퍼마켓,133.0,False
경기도,고양시 일산서구,202602,4020,슈퍼마켓,슈퍼마켓,108.0,False
경기도,과천시,202602,4020,슈퍼마켓,슈퍼마켓,35.0,False
경기도,광명시,202602,4020,슈퍼마켓,슈퍼마켓,127.0,False
경기도,광주시,202602,4020,슈퍼마켓,슈퍼마켓,233.0,False
경기도,구리시,202602,4020,슈퍼마켓,슈퍼마켓,86.0,False
경기도,군포시,202602,4020,슈퍼마켓,슈퍼마켓,124.0,False
경기도,김포시,202602,4020,슈퍼마켓,슈퍼마켓,289.0,False
경기도,남양주시,202602,4020,슈퍼마켓,슈퍼마켓,324.0,False
경기도,동두천시,202602,4020,슈퍼마켓,슈퍼마켓,60.0,False
경기도,부천시 소사구,202602,4020,슈퍼마켓,슈퍼마켓,117.0,False
경기도,부천시 오정구,202602,4020,슈퍼마켓,슈퍼마켓,96.0,False
경기도,부천시 원미구,202602,4020,슈퍼마켓,슈퍼마켓,199.0,False
경기도,성남시 분당구,202602,4020,슈퍼마켓,슈퍼마켓,141.0,False
경기도,성남시 수정구,202602,4020,슈퍼마켓,슈퍼마켓,133.0,False
경기도,성남시 중원구,202602,4020,슈퍼마켓,슈퍼마켓,112.0,False
경기도,수원시 권선구,202602,4020,슈퍼마켓,슈퍼마켓,165.0,False
경기도,수원시 영통구,202602,4020,슈퍼마켓,슈퍼마켓,151.0,False
경기도,수원시 장안구,202602,4020,슈퍼마켓,슈퍼마켓,119.0,False
경기도,수원시 팔달구,202602,4020,슈퍼마켓,슈퍼마켓,144.0,False
경기도,시흥시,202602,4020,슈퍼마켓,슈퍼마켓,361.0,False
경기도,안산시 단원구,202602,4020,슈퍼마켓,슈퍼마켓,258.0,False
경기도,안산시 상록구,202602,4020,슈퍼마켓,슈퍼마켓,187.0,False
경기도,안성시,202602,4020,슈퍼마켓,슈퍼마켓,157.0,False
경기도,안양시 동안구,202602,4020,슈퍼마켓,슈퍼마켓,154.0,False
경기도,안양시 만안구,202602,4020,슈퍼마켓,슈퍼마켓,152.0,False
경기도,양주시,202602,4020,슈퍼마켓,슈퍼마켓,144.0,False
경기도,양평군,202602,4020,슈퍼마켓,슈퍼마켓,69.0,False
경기도,여주시,202602,4020,슈퍼마켓,슈퍼마켓,70.0,False
경기도,연천군,202602,4020,슈퍼마켓,슈퍼마켓,28.0,False
경기도,오산시,202602,4020,슈퍼마켓,슈퍼마켓,132.0,False
경기도,용인시 기흥구,202602,4020,슈퍼마켓,슈퍼마켓,165.0,False
경기도,용인시 수지구,202602,4020,슈퍼마켓,슈퍼마켓,103.0,False
경기도,용인시 처인구,202602,4020,슈퍼마켓,슈퍼마켓,194.0,False
경기도,의왕시,202602,4020,슈퍼마켓,슈퍼마켓,55.0,False
경기도,의정부시,202602,4020,슈퍼마켓,슈퍼마켓,206.0,False
경기도,이천시,202602,4020,슈퍼마켓,슈퍼마켓,102.0,False
경기도,파주시,202602,4020,슈퍼마켓,슈퍼마켓,300.0,False
경기도,평택시,202602,4020,슈퍼마켓,슈퍼마켓,450.0,False
경기도,포천시,202602,4020,슈퍼마켓,슈퍼마켓,177.0,False
경기도,하남시,202602,4020,슈퍼마켓,슈퍼마켓,139.0,False
경기도,화성시 동탄구,202602,4020,슈퍼마켓,슈퍼마켓,153.0,False
경기도,화성시 만세구,202602,4020,슈퍼마켓,슈퍼마켓,236.0,False
경기도,화성시 병점구,202602,4020,슈퍼마켓,슈퍼마켓,69.0,False
경기도,화성시 효행구,202602,4020,슈퍼마켓,슈퍼마켓,84.0,False
강원특별자치도,강릉시,202602,4020,슈퍼마켓,슈퍼마켓,122.0,False
강원특별자치도,고성군,202602,4020,슈퍼마켓,슈퍼마켓,22.0,False
강원특별자치도,동해시,202602,4020,슈퍼마켓,슈퍼마켓,58.0,False
강원특별자치도,삼척시,202602,4020,슈퍼마켓,슈퍼마켓,36.0,False
강원특별자치도,속초시,202602,4020,슈퍼마켓,슈퍼마켓,52.0,False
강원특별자치도,양구군,202602,4020,슈퍼마켓,슈퍼마켓,14.0,False
강원특별자치도,양양군,202602,4020,슈퍼마켓,슈퍼마켓,25.0,False
강원특별자치도,영월군,202602,4020,슈퍼마켓,슈퍼마켓,24.0,False
강원특별자치도,원주시,202602,4020,슈퍼마켓,슈퍼마켓,178.0,False
강원특별자치도,인제군,202602,4020,슈퍼마켓,슈퍼마켓,23.0,False
강원특별자치도,정선군,202602,4020,슈퍼마켓,슈퍼마켓,28.0,False
강원특별자치도,철원군,202602,4020,슈퍼마켓,슈퍼마켓,19.0,False
강원특별자치도,춘천시,202602,4020,슈퍼마켓,슈퍼마켓,121.0,False
강원특별자치도,태백시,202602,4020,슈퍼마켓,슈퍼마켓,26.0,False
강원특별자치도,평창군,202602,4020,슈퍼마켓,슈퍼마켓,25.0,False
강원특별자치도,홍천군,202602,4020,슈퍼마켓,슈퍼마켓,64.0,False
강원특별자치도,화천군,202602,4020,슈퍼마켓,슈퍼마켓,9.0,False
강원특별자치도,횡성군,202602,4020,슈퍼마켓,슈퍼마켓,21.0,False
대전광역시,대덕구,202602,4020,슈퍼마켓,슈퍼마켓,100.0,False
대전광역시,동구,202602,4020,슈퍼마켓,슈퍼마켓,132.0,False
대전광역시,서구,202602,4020,슈퍼마켓,슈퍼마켓,187.0,False
대전광역시,유성구,202602,4020,슈퍼마켓,슈퍼마켓,157.0,False
대전광역시,중구,202602,4020,슈퍼마켓,슈퍼마켓,114.0,False
충청북도,괴산군,202602,4020,슈퍼마켓,슈퍼마켓,28.0,False
충청북도,단양군,202602,4020,슈퍼마켓,슈퍼마켓,11.0,False
충청북도,보은군,202602,4020,슈퍼마켓,슈퍼마켓,29.0,False
충청북도,영동군,202602,4020,슈퍼마켓,슈퍼마켓,20.0,False
충청북도,옥천군,202602,4020,슈퍼마켓,슈퍼마켓,51.0,False
충청북도,음성군,202602,4020,슈퍼마켓,슈퍼마켓,75.0,False
충청북도,제천시,202602,4020,슈퍼마켓,슈퍼마켓,60.0,False
충청북도,증평군,202602,4020,슈퍼마켓,슈퍼마켓,27.0,False
충청북도,진천군,202602,4020,슈퍼마켓,슈퍼마켓,53.0,False
충청북도,청주시 상당구,202602,4020,슈퍼마켓,슈퍼마켓,96.0,False
충청북도,청주시 서원구,202602,4020,슈퍼마켓,슈퍼마켓,101.0,False
충청북도,청주시 청원구,202602,4020,슈퍼마켓,슈퍼마켓,82.0,False
충청북도,청주시 흥덕구,202602,4020,슈퍼마켓,슈퍼마켓,153.0,False
충청북도,충주시,202602,4020,슈퍼마켓,슈퍼마켓,116.0,False
충청남도,계룡시,202602,4020,슈퍼마켓,슈퍼마켓,13.0,False
충청남도,공주시,202602,4020,슈퍼마켓,슈퍼마켓,69.0,False
충청남도,금산군,202602,4020,슈퍼마켓,슈퍼마켓,25.0,False
충청남도,논산시,202602,4020,슈퍼마켓,슈퍼마켓,86.0,False
충청남도,당진시,202602,4020,슈퍼마켓,슈퍼마켓,121.0,False
충청남도,보령시,202602,4020,슈퍼마켓,슈퍼마켓,72.0,False
충청남도,부여군,202602,4020,슈퍼마켓,슈퍼마켓,28.0,False
충청남도,서산시,202602,4020,슈퍼마켓,슈퍼마켓,106.0,False
충청남도,서천군,202602,4020,슈퍼마켓,슈퍼마켓,25.0,False
충청남도,아산시,202602,4020,슈퍼마켓,슈퍼마켓,193.0,False
충청남도,예산군,202602,4020,슈퍼마켓,슈퍼마켓,48.0,False
충청남도,천안시 동남구,202602,4020,슈퍼마켓,슈퍼마켓,167.0,False
충청남도,천안시 서북구,202602,4020,슈퍼마켓,슈퍼마켓,170.0,False
충청남도,청양군,202602,4020,슈퍼마켓,슈퍼마켓,10.0,False
충청남도,태안군,202602,4020,슈퍼마켓,슈퍼마켓,46.0,False
충청남도,홍성군,202602,4020,슈퍼마켓,슈퍼마켓,50.0,False
광주광역시,광산구,202602,4020,슈퍼마켓,슈퍼마켓,238.0,False
광주광역시,남구,202602,4020,슈퍼마켓,슈퍼마켓,104.0,False
광주광역시,동구,202602,4020,슈퍼마켓,슈퍼마켓,63.0,False
광주광역시,북구,202602,4020,슈퍼마켓,슈퍼마켓,201.0,False
광주광역시,서구,202602,4020,슈퍼마켓,슈퍼마켓,141.0,False
전북특별자치도,고창군,202602,4020,슈퍼마켓,슈퍼마켓,40.0,False
전북특별자치도,군산시,202602,4020,슈퍼마켓,슈퍼마켓,209.0,False
전북특별자치도,김제시,202602,4020,슈퍼마켓,슈퍼마켓,34.0,False
전북특별자치도,남원시,202602,4020,슈퍼마켓,슈퍼마켓,39.0,False
전북특별자치도,무주군,202602,4020,슈퍼마켓,슈퍼마켓,6.0,False
전북특별자치도,부안군,202602,4020,슈퍼마켓,슈퍼마켓,29.0,False
전북특별자치도,순창군,202602,4020,슈퍼마켓,슈퍼마켓,11.0,False
전북특별자치도,완주군,202602,4020,슈퍼마켓,슈퍼마켓,77.0,False
전북특별자치도,익산시,202602,4020,슈퍼마켓,슈퍼마켓,142.0,False
전북특별자치도,임실군,202602,4020,슈퍼마켓,슈퍼마켓,13.0,False
전북특별자치도,장수군,202602,4020,슈퍼마켓,슈퍼마켓,7.0,False
전북특별자치도,전주시 덕진구,202602,4020,슈퍼마켓,슈퍼마켓,175.0,False
전북특별자치도,전주시 완산구,202602,4020,슈퍼마켓,슈퍼마켓,206.0,False
전북특별자치도,정읍시,202602,4020,슈퍼마켓,슈퍼마켓,48.0,False
전북특별자치도,진안군,202602,4020,슈퍼마켓,슈퍼마켓,18.0,False
전라남도,강진군,202602,4020,슈퍼마켓,슈퍼마켓,31.0,False
전라남도,고흥군,202602,4020,슈퍼마켓,슈퍼마켓,41.0,False
전라남도,곡성군,202602,4020,슈퍼마켓,슈퍼마켓,13.0,False
전라남도,광양시,202602,4020,슈퍼마켓,슈퍼마켓,98.0,False
전라남도,구례군,202602,4020,슈퍼마켓,슈퍼마켓,15.0,False
전라남도,나주시,202602,4020,슈퍼마켓,슈퍼마켓,60.0,False
전라남도,담양군,202602,4020,슈퍼마켓,슈퍼마켓,25.0,False
전라남도,목포시,202602,4020,슈퍼마켓,슈퍼마켓,116.0,False
전라남도,무안군,202602,4020,슈퍼마켓,슈퍼마켓,48.0,False
전라남도,보성군,202602,4020,슈퍼마켓,슈퍼마켓,43.0,False
전라남도,순천시,202602,4020,슈퍼마켓,슈퍼마켓,182.0,False
전라남도,신안군,202602,4020,슈퍼마켓,슈퍼마켓,31.0,False
전라남도,여수시,202602,4020,슈퍼마켓,슈퍼마켓,233.0,False
전라남도,영광군,202602,4020,슈퍼마켓,슈퍼마켓,32.0,False
전라남도,영암군,202602,4020,슈퍼마켓,슈퍼마켓,40.0,False
전라남도,완도군,202602,4020,슈퍼마켓,슈퍼마켓,44.0,False
전라남도,장성군,202602,4020,슈퍼마켓,슈퍼마켓,23.0,False
전라남도,장흥군,202602,4020,슈퍼마켓,슈퍼마켓,26.0,False
전라남도,진도군,202602,4020,슈퍼마켓,슈퍼마켓,38.0,False
전라남도,함평군,202602,4020,슈퍼마켓,슈퍼마켓,18.0,False
전라남도,해남군,202602,4020,슈퍼마켓,슈퍼마켓,56.0,False
전라남도,화순군,202602,4020,슈퍼마켓,슈퍼마켓,39.0,False
대구광역시,군위군,202602,4020,슈퍼마켓,슈퍼마켓,12.0,False
대구광역시,남구,202602,4020,슈퍼마켓,슈퍼마켓,94.0,False
대구광역시,달서구,202602,4020,슈퍼마켓,슈퍼마켓,260.0,False
대구광역시,달성군,202602,4020,슈퍼마켓,슈퍼마켓,154.0,False
대구광역시,동구,202602,4020,슈퍼마켓,슈퍼마켓,185.0,False
대구광역시,북구,202602,4020,슈퍼마켓,슈퍼마켓,225.0,False
대구광역시,서구,202602,4020,슈퍼마켓,슈퍼마켓,131.0,False
대구광역시,수성구,202602,4020,슈퍼마켓,슈퍼마켓,192.0,False
대구광역시,중구,202602,4020,슈퍼마켓,슈퍼마켓,91.0,False
경상북도,경산시,202602,4020,슈퍼마켓,슈퍼마켓,139.0,False
경상북도,경주시,202602,4020,슈퍼마켓,슈퍼마켓,239.0,False
경상북도,고령군,202602,4020,슈퍼마켓,슈퍼마켓,35.0,False
경상북도,구미시,202602,4020,슈퍼마켓,슈퍼마켓,228.0,False
경상북도,김천시,202602,4020,슈퍼마켓,슈퍼마켓,75.0,False
경상북도,문경시,202602,4020,슈퍼마켓,슈퍼마켓,34.0,False
경상북도,봉화군,202602,4020,슈퍼마켓,슈퍼마켓,,True
경상북도,상주시,202602,4020,슈퍼마켓,슈퍼마켓,43.0,False
경상북도,성주군,202602,4020,슈퍼마켓,슈퍼마켓,18.0,False
경상북도,안동시,202602,4020,슈퍼마켓,슈퍼마켓,98.0,False
경상북도,영덕군,202602,4020,슈퍼마켓,슈퍼마켓,49.0,False
경상북도,영양군,202602,4020,슈퍼마켓,슈퍼마켓,8.0,False
경상북도,영주시,202602,4020,슈퍼마켓,슈퍼마켓,52.0,False
경상북도,영천시,202602,4020,슈퍼마켓,슈퍼마켓,73.0,False
경상북도,예천군,202602,4020,슈퍼마켓,슈퍼마켓,20.0,False
경상북도,울릉군,202602,4020,슈퍼마켓,슈퍼마켓,5.0,False
경상북도,울진군,202602,4020,슈퍼마켓,슈퍼마켓,28.0,False
경상북도,의성군,202602,4020,슈퍼마켓,슈퍼마켓,19.0,False
경상북도,청도군,202602,4020,슈퍼마켓,슈퍼마켓,25.0,False
경상북도,청송군,202602,4020,슈퍼마켓,슈퍼마켓,14.0,False
경상북도,칠곡군,202602,4020,슈퍼마켓,슈퍼마켓,87.0,False
경상북도,포항시 남구,202602,4020,슈퍼마켓,슈퍼마켓,132.0,False
경상북도,포항시 북구,202602,4020,슈퍼마켓,슈퍼마켓,147.0,False
부산광역시,강서구,202602,4020,슈퍼마켓,슈퍼마켓,81.0,False
부산광역시,금정구,202602,4020,슈퍼마켓,슈퍼마켓,99.0,False
부산광역시,기장군,202602,4020,슈퍼마켓,슈퍼마켓,94.0,False
부산광역시,남구,202602,4020,슈퍼마켓,슈퍼마켓,106.0,False
부산광역시,동구,202602,4020,슈퍼마켓,슈퍼마켓,68.0,False
부산광역시,동래구,202602,4020,슈퍼마켓,슈퍼마켓,93.0,False
부산광역시,부산진구,202602,4020,슈퍼마켓,슈퍼마켓,171.0,False
부산광역시,북구,202602,4020,슈퍼마켓,슈퍼마켓,111.0,False
부산광역시,사상구,202602,4020,슈퍼마켓,슈퍼마켓,96.0,False
부산광역시,사하구,202602,4020,슈퍼마켓,슈퍼마켓,125.0,False
부산광역시,서구,202602,4020,슈퍼마켓,슈퍼마켓,46.0,False
부산광역시,수영구,202602,4020,슈퍼마켓,슈퍼마켓,92.0,False
부산광역시,연제구,202602,4020,슈퍼마켓,슈퍼마켓,82.0,False
부산광역시,영도구,202602,4020,슈퍼마켓,슈퍼마켓,49.0,False
부산광역시,중구,202602,4020,슈퍼마켓,슈퍼마켓,62.0,False
부산광역시,해운대구,202602,4020,슈퍼마켓,슈퍼마켓,139.0,False
울산광역시,남구,202602,4020,슈퍼마켓,슈퍼마켓,170.0,False
울산광역시,동구,202602,4020,슈퍼마켓,슈퍼마켓,128.0,False
울산광역시,북구,202602,4020,슈퍼마켓,슈퍼마켓,107.0,False
울산광역시,울주군,202602,4020,슈퍼마켓,슈퍼마켓,134.0,False
울산광역시,중구,202602,4020,슈퍼마켓,슈퍼마켓,111.0,False
경상남도,거제시,202602,4020,슈퍼마켓,슈퍼마켓,113.0,False
경상남도,거창군,202602,4020,슈퍼마켓,슈퍼마켓,32.0,False
경상남도,고성군,202602,4020,슈퍼마켓,슈퍼마켓,34.0,False
경상남도,김해시,202602,4020,슈퍼마켓,슈퍼마켓,288.0,False
경상남도,남해군,202602,4020,슈퍼마켓,슈퍼마켓,25.0,False
경상남도,밀양시,202602,4020,슈퍼마켓,슈퍼마켓,64.0,False
경상남도,사천시,202602,4020,슈퍼마켓,슈퍼마켓,39.0,False
경상남도,산청군,202602,4020,슈퍼마켓,슈퍼마켓,21.0,False
경상남도,양산시,202602,4020,슈퍼마켓,슈퍼마켓,194.0,False
경상남도,의령군,202602,4020,슈퍼마켓,슈퍼마켓,10.0,False
경상남도,진주시,202602,4020,슈퍼마켓,슈퍼마켓,166.0,False
경상남도,창녕군,202602,4020,슈퍼마켓,슈퍼마켓,35.0,False
경상남도,창원시 마산합포구,202602,4020,슈퍼마켓,슈퍼마켓,104.0,False
경상남도,창원시 마산회원구,202602,4020,슈퍼마켓,슈퍼마켓,108.0,False
경상남도,창원시 성산구,202602,4020,슈퍼마켓,슈퍼마켓,110.0,False
경상남도,창원시 의창구,202602,4020,슈퍼마켓,슈퍼마켓,115.0,False
경상남도,창원시 진해구,202602,4020,슈퍼마켓,슈퍼마켓,85.0,False
경상남도,통영시,202602,4020,슈퍼마켓,슈퍼마켓,68.0,False
경상남도,하동군,202602,4020,슈퍼마켓,슈퍼마켓,23.0,False
경상남도,함안군,202602,4020,슈퍼마켓,슈퍼마켓,40.0,False
경상남도,함양군,202602,4020,슈퍼마켓,슈퍼마켓,25.0,False
경상남도,합천군,202602,4020,슈퍼마켓,슈퍼마켓,27.0,False
제주특별자치도,서귀포시,202602,4020,슈퍼마켓,슈퍼마켓,95.0,False
제주특별자치도,제주시,202602,4020,슈퍼마켓,슈퍼마켓,367.0,False
서울특별시,강남구,202603,4020,슈퍼마켓,슈퍼마켓,235.0,False
서울특별시,강동구,202603,4020,슈퍼마켓,슈퍼마켓,131.0,False
서울특별시,강북구,202603,4020,슈퍼마켓,슈퍼마켓,93.0,False
서울특별시,강서구,202603,4020,슈퍼마켓,슈퍼마켓,189.0,False
서울특별시,관악구,202603,4020,슈퍼마켓,슈퍼마켓,163.0,False
서울특별시,광진구,202603,4020,슈퍼마켓,슈퍼마켓,121.0,False
서울특별시,구로구,202603,4020,슈퍼마켓,슈퍼마켓,146.0,False
서울특별시,금천구,202603,4020,슈퍼마켓,슈퍼마켓,95.0,False
서울특별시,노원구,202603,4020,슈퍼마켓,슈퍼마켓,124.0,False
서울특별시,도봉구,202603,4020,슈퍼마켓,슈퍼마켓,95.0,False
서울특별시,동대문구,202603,4020,슈퍼마켓,슈퍼마켓,126.0,False
서울특별시,동작구,202603,4020,슈퍼마켓,슈퍼마켓,113.0,False
서울특별시,마포구,202603,4020,슈퍼마켓,슈퍼마켓,145.0,False
서울특별시,서대문구,202603,4020,슈퍼마켓,슈퍼마켓,98.0,False
서울특별시,서초구,202603,4020,슈퍼마켓,슈퍼마켓,152.0,False
서울특별시,성동구,202603,4020,슈퍼마켓,슈퍼마켓,112.0,False
서울특별시,성북구,202603,4020,슈퍼마켓,슈퍼마켓,122.0,False
서울특별시,송파구,202603,4020,슈퍼마켓,슈퍼마켓,192.0,False
서울특별시,양천구,202603,4020,슈퍼마켓,슈퍼마켓,153.0,False
서울특별시,영등포구,202603,4020,슈퍼마켓,슈퍼마켓,179.0,False
서울특별시,용산구,202603,4020,슈퍼마켓,슈퍼마켓,104.0,False
서울특별시,은평구,202603,4020,슈퍼마켓,슈퍼마켓,119.0,False
서울특별시,종로구,202603,4020,슈퍼마켓,슈퍼마켓,119.0,False
서울특별시,중구,202603,4020,슈퍼마켓,슈퍼마켓,148.0,False
서울특별시,중랑구,202603,4020,슈퍼마켓,슈퍼마켓,137.0,False
인천광역시,강화군,202603,4020,슈퍼마켓,슈퍼마켓,49.0,False
인천광역시,계양구,202603,4020,슈퍼마켓,슈퍼마켓,125.0,False
인천광역시,남동구,202603,4020,슈퍼마켓,슈퍼마켓,246.0,False
인천광역시,동구,202603,4020,슈퍼마켓,슈퍼마켓,29.0,False
인천광역시,미추홀구,202603,4020,슈퍼마켓,슈퍼마켓,230.0,False
인천광역시,부평구,202603,4020,슈퍼마켓,슈퍼마켓,317.0,False
인천광역시,서구,202603,4020,슈퍼마켓,슈퍼마켓,313.0,False
인천광역시,연수구,202603,4020,슈퍼마켓,슈퍼마켓,161.0,False
인천광역시,옹진군,202603,4020,슈퍼마켓,슈퍼마켓,47.0,False
인천광역시,중구,202603,4020,슈퍼마켓,슈퍼마켓,127.0,False
경기도,가평군,202603,4020,슈퍼마켓,슈퍼마켓,60.0,False
경기도,고양시 덕양구,202603,4020,슈퍼마켓,슈퍼마켓,215.0,False
경기도,고양시 일산동구,202603,4020,슈퍼마켓,슈퍼마켓,135.0,False
경기도,고양시 일산서구,202603,4020,슈퍼마켓,슈퍼마켓,104.0,False
경기도,과천시,202603,4020,슈퍼마켓,슈퍼마켓,34.0,False
경기도,광명시,202603,4020,슈퍼마켓,슈퍼마켓,124.0,False
경기도,광주시,202603,4020,슈퍼마켓,슈퍼마켓,228.0,False
경기도,구리시,202603,4020,슈퍼마켓,슈퍼마켓,86.0,False
경기도,군포시,202603,4020,슈퍼마켓,슈퍼마켓,121.0,False
경기도,김포시,202603,4020,슈퍼마켓,슈퍼마켓,293.0,False
경기도,남양주시,202603,4020,슈퍼마켓,슈퍼마켓,324.0,False
경기도,동두천시,202603,4020,슈퍼마켓,슈퍼마켓,61.0,False
경기도,부천시 소사구,202603,4020,슈퍼마켓,슈퍼마켓,118.0,False
경기도,부천시 오정구,202603,4020,슈퍼마켓,슈퍼마켓,95.0,False
경기도,부천시 원미구,202603,4020,슈퍼마켓,슈퍼마켓,198.0,False
경기도,성남시 분당구,202603,4020,슈퍼마켓,슈퍼마켓,141.0,False
경기도,성남시 수정구,202603,4020,슈퍼마켓,슈퍼마켓,133.0,False
경기도,성남시 중원구,202603,4020,슈퍼마켓,슈퍼마켓,113.0,False
경기도,수원시 권선구,202603,4020,슈퍼마켓,슈퍼마켓,164.0,False
경기도,수원시 영통구,202603,4020,슈퍼마켓,슈퍼마켓,153.0,False
경기도,수원시 장안구,202603,4020,슈퍼마켓,슈퍼마켓,122.0,False
경기도,수원시 팔달구,202603,4020,슈퍼마켓,슈퍼마켓,144.0,False
경기도,시흥시,202603,4020,슈퍼마켓,슈퍼마켓,359.0,False
경기도,안산시 단원구,202603,4020,슈퍼마켓,슈퍼마켓,257.0,False
경기도,안산시 상록구,202603,4020,슈퍼마켓,슈퍼마켓,185.0,False
경기도,안성시,202603,4020,슈퍼마켓,슈퍼마켓,156.0,False
경기도,안양시 동안구,202603,4020,슈퍼마켓,슈퍼마켓,154.0,False
경기도,안양시 만안구,202603,4020,슈퍼마켓,슈퍼마켓,152.0,False
경기도,양주시,202603,4020,슈퍼마켓,슈퍼마켓,141.0,False
경기도,양평군,202603,4020,슈퍼마켓,슈퍼마켓,69.0,False
경기도,여주시,202603,4020,슈퍼마켓,슈퍼마켓,70.0,False
경기도,연천군,202603,4020,슈퍼마켓,슈퍼마켓,28.0,False
경기도,오산시,202603,4020,슈퍼마켓,슈퍼마켓,131.0,False
경기도,용인시 기흥구,202603,4020,슈퍼마켓,슈퍼마켓,163.0,False
경기도,용인시 수지구,202603,4020,슈퍼마켓,슈퍼마켓,100.0,False
경기도,용인시 처인구,202603,4020,슈퍼마켓,슈퍼마켓,191.0,False
경기도,의왕시,202603,4020,슈퍼마켓,슈퍼마켓,57.0,False
경기도,의정부시,202603,4020,슈퍼마켓,슈퍼마켓,209.0,False
경기도,이천시,202603,4020,슈퍼마켓,슈퍼마켓,101.0,False
경기도,파주시,202603,4020,슈퍼마켓,슈퍼마켓,306.0,False
경기도,평택시,202603,4020,슈퍼마켓,슈퍼마켓,446.0,False
경기도,포천시,202603,4020,슈퍼마켓,슈퍼마켓,174.0,False
경기도,하남시,202603,4020,슈퍼마켓,슈퍼마켓,141.0,False
경기도,화성시 동탄구,202603,4020,슈퍼마켓,슈퍼마켓,153.0,False
경기도,화성시 만세구,202603,4020,슈퍼마켓,슈퍼마켓,240.0,False
경기도,화성시 병점구,202603,4020,슈퍼마켓,슈퍼마켓,72.0,False
경기도,화성시 효행구,202603,4020,슈퍼마켓,슈퍼마켓,84.0,False
강원특별자치도,강릉시,202603,4020,슈퍼마켓,슈퍼마켓,121.0,False
강원특별자치도,고성군,202603,4020,슈퍼마켓,슈퍼마켓,22.0,False
강원특별자치도,동해시,202603,4020,슈퍼마켓,슈퍼마켓,58.0,False
강원특별자치도,삼척시,202603,4020,슈퍼마켓,슈퍼마켓,37.0,False
강원특별자치도,속초시,202603,4020,슈퍼마켓,슈퍼마켓,54.0,False
강원특별자치도,양구군,202603,4020,슈퍼마켓,슈퍼마켓,14.0,False
강원특별자치도,양양군,202603,4020,슈퍼마켓,슈퍼마켓,25.0,False
강원특별자치도,영월군,202603,4020,슈퍼마켓,슈퍼마켓,24.0,False
강원특별자치도,원주시,202603,4020,슈퍼마켓,슈퍼마켓,179.0,False
강원특별자치도,인제군,202603,4020,슈퍼마켓,슈퍼마켓,24.0,False
강원특별자치도,정선군,202603,4020,슈퍼마켓,슈퍼마켓,27.0,False
강원특별자치도,철원군,202603,4020,슈퍼마켓,슈퍼마켓,20.0,False
강원특별자치도,춘천시,202603,4020,슈퍼마켓,슈퍼마켓,119.0,False
강원특별자치도,태백시,202603,4020,슈퍼마켓,슈퍼마켓,26.0,False
강원특별자치도,평창군,202603,4020,슈퍼마켓,슈퍼마켓,25.0,False
강원특별자치도,홍천군,202603,4020,슈퍼마켓,슈퍼마켓,64.0,False
강원특별자치도,화천군,202603,4020,슈퍼마켓,슈퍼마켓,9.0,False
강원특별자치도,횡성군,202603,4020,슈퍼마켓,슈퍼마켓,21.0,False
대전광역시,대덕구,202603,4020,슈퍼마켓,슈퍼마켓,100.0,False
대전광역시,동구,202603,4020,슈퍼마켓,슈퍼마켓,130.0,False
대전광역시,서구,202603,4020,슈퍼마켓,슈퍼마켓,188.0,False
대전광역시,유성구,202603,4020,슈퍼마켓,슈퍼마켓,157.0,False
대전광역시,중구,202603,4020,슈퍼마켓,슈퍼마켓,113.0,False
충청북도,괴산군,202603,4020,슈퍼마켓,슈퍼마켓,28.0,False
충청북도,단양군,202603,4020,슈퍼마켓,슈퍼마켓,11.0,False
충청북도,보은군,202603,4020,슈퍼마켓,슈퍼마켓,31.0,False
충청북도,영동군,202603,4020,슈퍼마켓,슈퍼마켓,21.0,False
충청북도,옥천군,202603,4020,슈퍼마켓,슈퍼마켓,51.0,False
충청북도,음성군,202603,4020,슈퍼마켓,슈퍼마켓,75.0,False
충청북도,제천시,202603,4020,슈퍼마켓,슈퍼마켓,60.0,False
충청북도,증평군,202603,4020,슈퍼마켓,슈퍼마켓,28.0,False
충청북도,진천군,202603,4020,슈퍼마켓,슈퍼마켓,54.0,False
충청북도,청주시 상당구,202603,4020,슈퍼마켓,슈퍼마켓,97.0,False
충청북도,청주시 서원구,202603,4020,슈퍼마켓,슈퍼마켓,104.0,False
충청북도,청주시 청원구,202603,4020,슈퍼마켓,슈퍼마켓,82.0,False
충청북도,청주시 흥덕구,202603,4020,슈퍼마켓,슈퍼마켓,152.0,False
충청북도,충주시,202603,4020,슈퍼마켓,슈퍼마켓,116.0,False
충청남도,계룡시,202603,4020,슈퍼마켓,슈퍼마켓,11.0,False
충청남도,공주시,202603,4020,슈퍼마켓,슈퍼마켓,70.0,False
충청남도,금산군,202603,4020,슈퍼마켓,슈퍼마켓,25.0,False
충청남도,논산시,202603,4020,슈퍼마켓,슈퍼마켓,85.0,False
충청남도,당진시,202603,4020,슈퍼마켓,슈퍼마켓,118.0,False
충청남도,보령시,202603,4020,슈퍼마켓,슈퍼마켓,72.0,False
충청남도,부여군,202603,4020,슈퍼마켓,슈퍼마켓,28.0,False
충청남도,서산시,202603,4020,슈퍼마켓,슈퍼마켓,107.0,False
충청남도,서천군,202603,4020,슈퍼마켓,슈퍼마켓,25.0,False
충청남도,아산시,202603,4020,슈퍼마켓,슈퍼마켓,195.0,False
충청남도,예산군,202603,4020,슈퍼마켓,슈퍼마켓,48.0,False
충청남도,천안시 동남구,202603,4020,슈퍼마켓,슈퍼마켓,167.0,False
충청남도,천안시 서북구,202603,4020,슈퍼마켓,슈퍼마켓,169.0,False
충청남도,청양군,202603,4020,슈퍼마켓,슈퍼마켓,10.0,False
충청남도,태안군,202603,4020,슈퍼마켓,슈퍼마켓,46.0,False
충청남도,홍성군,202603,4020,슈퍼마켓,슈퍼마켓,50.0,False
광주광역시,광산구,202603,4020,슈퍼마켓,슈퍼마켓,242.0,False
광주광역시,남구,202603,4020,슈퍼마켓,슈퍼마켓,103.0,False
광주광역시,동구,202603,4020,슈퍼마켓,슈퍼마켓,63.0,False
광주광역시,북구,202603,4020,슈퍼마켓,슈퍼마켓,205.0,False
광주광역시,서구,202603,4020,슈퍼마켓,슈퍼마켓,144.0,False
전북특별자치도,고창군,202603,4020,슈퍼마켓,슈퍼마켓,40.0,False
전북특별자치도,군산시,202603,4020,슈퍼마켓,슈퍼마켓,212.0,False
전북특별자치도,김제시,202603,4020,슈퍼마켓,슈퍼마켓,36.0,False
전북특별자치도,남원시,202603,4020,슈퍼마켓,슈퍼마켓,39.0,False
전북특별자치도,무주군,202603,4020,슈퍼마켓,슈퍼마켓,6.0,False
전북특별자치도,부안군,202603,4020,슈퍼마켓,슈퍼마켓,29.0,False
전북특별자치도,순창군,202603,4020,슈퍼마켓,슈퍼마켓,11.0,False
전북특별자치도,완주군,202603,4020,슈퍼마켓,슈퍼마켓,77.0,False
전북특별자치도,익산시,202603,4020,슈퍼마켓,슈퍼마켓,143.0,False
전북특별자치도,임실군,202603,4020,슈퍼마켓,슈퍼마켓,13.0,False
전북특별자치도,장수군,202603,4020,슈퍼마켓,슈퍼마켓,7.0,False
전북특별자치도,전주시 덕진구,202603,4020,슈퍼마켓,슈퍼마켓,174.0,False
전북특별자치도,전주시 완산구,202603,4020,슈퍼마켓,슈퍼마켓,207.0,False
전북특별자치도,정읍시,202603,4020,슈퍼마켓,슈퍼마켓,51.0,False
전북특별자치도,진안군,202603,4020,슈퍼마켓,슈퍼마켓,18.0,False
전라남도,강진군,202603,4020,슈퍼마켓,슈퍼마켓,30.0,False
전라남도,고흥군,202603,4020,슈퍼마켓,슈퍼마켓,41.0,False
전라남도,곡성군,202603,4020,슈퍼마켓,슈퍼마켓,14.0,False
전라남도,광양시,202603,4020,슈퍼마켓,슈퍼마켓,100.0,False
전라남도,구례군,202603,4020,슈퍼마켓,슈퍼마켓,16.0,False
전라남도,나주시,202603,4020,슈퍼마켓,슈퍼마켓,62.0,False
전라남도,담양군,202603,4020,슈퍼마켓,슈퍼마켓,26.0,False
전라남도,목포시,202603,4020,슈퍼마켓,슈퍼마켓,117.0,False
전라남도,무안군,202603,4020,슈퍼마켓,슈퍼마켓,50.0,False
전라남도,보성군,202603,4020,슈퍼마켓,슈퍼마켓,43.0,False
전라남도,순천시,202603,4020,슈퍼마켓,슈퍼마켓,178.0,False
전라남도,신안군,202603,4020,슈퍼마켓,슈퍼마켓,32.0,False
전라남도,여수시,202603,4020,슈퍼마켓,슈퍼마켓,231.0,False
전라남도,영광군,202603,4020,슈퍼마켓,슈퍼마켓,32.0,False
전라남도,영암군,202603,4020,슈퍼마켓,슈퍼마켓,41.0,False
전라남도,완도군,202603,4020,슈퍼마켓,슈퍼마켓,44.0,False
전라남도,장성군,202603,4020,슈퍼마켓,슈퍼마켓,23.0,False
전라남도,장흥군,202603,4020,슈퍼마켓,슈퍼마켓,25.0,False
전라남도,진도군,202603,4020,슈퍼마켓,슈퍼마켓,35.0,False
전라남도,함평군,202603,4020,슈퍼마켓,슈퍼마켓,17.0,False
전라남도,해남군,202603,4020,슈퍼마켓,슈퍼마켓,55.0,False
전라남도,화순군,202603,4020,슈퍼마켓,슈퍼마켓,39.0,False
대구광역시,군위군,202603,4020,슈퍼마켓,슈퍼마켓,12.0,False
대구광역시,남구,202603,4020,슈퍼마켓,슈퍼마켓,93.0,False
대구광역시,달서구,202603,4020,슈퍼마켓,슈퍼마켓,258.0,False
대구광역시,달성군,202603,4020,슈퍼마켓,슈퍼마켓,156.0,False
대구광역시,동구,202603,4020,슈퍼마켓,슈퍼마켓,185.0,False
대구광역시,북구,202603,4020,슈퍼마켓,슈퍼마켓,227.0,False
대구광역시,서구,202603,4020,슈퍼마켓,슈퍼마켓,129.0,False
대구광역시,수성구,202603,4020,슈퍼마켓,슈퍼마켓,192.0,False
대구광역시,중구,202603,4020,슈퍼마켓,슈퍼마켓,100.0,False
경상북도,경산시,202603,4020,슈퍼마켓,슈퍼마켓,139.0,False
경상북도,경주시,202603,4020,슈퍼마켓,슈퍼마켓,239.0,False
경상북도,고령군,202603,4020,슈퍼마켓,슈퍼마켓,34.0,False
경상북도,구미시,202603,4020,슈퍼마켓,슈퍼마켓,230.0,False
경상북도,김천시,202603,4020,슈퍼마켓,슈퍼마켓,74.0,False
경상북도,문경시,202603,4020,슈퍼마켓,슈퍼마켓,34.0,False
경상북도,봉화군,202603,4020,슈퍼마켓,슈퍼마켓,,True
경상북도,상주시,202603,4020,슈퍼마켓,슈퍼마켓,43.0,False
경상북도,성주군,202603,4020,슈퍼마켓,슈퍼마켓,18.0,False
경상북도,안동시,202603,4020,슈퍼마켓,슈퍼마켓,97.0,False
경상북도,영덕군,202603,4020,슈퍼마켓,슈퍼마켓,49.0,False
경상북도,영양군,202603,4020,슈퍼마켓,슈퍼마켓,8.0,False
경상북도,영주시,202603,4020,슈퍼마켓,슈퍼마켓,52.0,False
경상북도,영천시,202603,4020,슈퍼마켓,슈퍼마켓,73.0,False
경상북도,예천군,202603,4020,슈퍼마켓,슈퍼마켓,21.0,False
경상북도,울릉군,202603,4020,슈퍼마켓,슈퍼마켓,5.0,False
경상북도,울진군,202603,4020,슈퍼마켓,슈퍼마켓,29.0,False
경상북도,의성군,202603,4020,슈퍼마켓,슈퍼마켓,19.0,False
경상북도,청도군,202603,4020,슈퍼마켓,슈퍼마켓,25.0,False
경상북도,청송군,202603,4020,슈퍼마켓,슈퍼마켓,13.0,False
경상북도,칠곡군,202603,4020,슈퍼마켓,슈퍼마켓,86.0,False
경상북도,포항시 남구,202603,4020,슈퍼마켓,슈퍼마켓,134.0,False
경상북도,포항시 북구,202603,4020,슈퍼마켓,슈퍼마켓,145.0,False
부산광역시,강서구,202603,4020,슈퍼마켓,슈퍼마켓,79.0,False
부산광역시,금정구,202603,4020,슈퍼마켓,슈퍼마켓,98.0,False
부산광역시,기장군,202603,4020,슈퍼마켓,슈퍼마켓,98.0,False
부산광역시,남구,202603,4020,슈퍼마켓,슈퍼마켓,106.0,False
부산광역시,동구,202603,4020,슈퍼마켓,슈퍼마켓,70.0,False
부산광역시,동래구,202603,4020,슈퍼마켓,슈퍼마켓,93.0,False
부산광역시,부산진구,202603,4020,슈퍼마켓,슈퍼마켓,170.0,False
부산광역시,북구,202603,4020,슈퍼마켓,슈퍼마켓,108.0,False
부산광역시,사상구,202603,4020,슈퍼마켓,슈퍼마켓,97.0,False
부산광역시,사하구,202603,4020,슈퍼마켓,슈퍼마켓,125.0,False
부산광역시,서구,202603,4020,슈퍼마켓,슈퍼마켓,46.0,False
부산광역시,수영구,202603,4020,슈퍼마켓,슈퍼마켓,91.0,False
부산광역시,연제구,202603,4020,슈퍼마켓,슈퍼마켓,82.0,False
부산광역시,영도구,202603,4020,슈퍼마켓,슈퍼마켓,47.0,False
부산광역시,중구,202603,4020,슈퍼마켓,슈퍼마켓,62.0,False
부산광역시,해운대구,202603,4020,슈퍼마켓,슈퍼마켓,141.0,False
울산광역시,남구,202603,4020,슈퍼마켓,슈퍼마켓,171.0,False
울산광역시,동구,202603,4020,슈퍼마켓,슈퍼마켓,129.0,False
울산광역시,북구,202603,4020,슈퍼마켓,슈퍼마켓,107.0,False
울산광역시,울주군,202603,4020,슈퍼마켓,슈퍼마켓,133.0,False
울산광역시,중구,202603,4020,슈퍼마켓,슈퍼마켓,112.0,False
경상남도,거제시,202603,4020,슈퍼마켓,슈퍼마켓,113.0,False
경상남도,거창군,202603,4020,슈퍼마켓,슈퍼마켓,31.0,False
경상남도,고성군,202603,4020,슈퍼마켓,슈퍼마켓,34.0,False
경상남도,김해시,202603,4020,슈퍼마켓,슈퍼마켓,288.0,False
경상남도,남해군,202603,4020,슈퍼마켓,슈퍼마켓,26.0,False
경상남도,밀양시,202603,4020,슈퍼마켓,슈퍼마켓,64.0,False
경상남도,사천시,202603,4020,슈퍼마켓,슈퍼마켓,38.0,False
경상남도,산청군,202603,4020,슈퍼마켓,슈퍼마켓,21.0,False
경상남도,양산시,202603,4020,슈퍼마켓,슈퍼마켓,196.0,False
경상남도,의령군,202603,4020,슈퍼마켓,슈퍼마켓,10.0,False
경상남도,진주시,202603,4020,슈퍼마켓,슈퍼마켓,166.0,False
경상남도,창녕군,202603,4020,슈퍼마켓,슈퍼마켓,36.0,False
경상남도,창원시 마산합포구,202603,4020,슈퍼마켓,슈퍼마켓,103.0,False
경상남도,창원시 마산회원구,202603,4020,슈퍼마켓,슈퍼마켓,107.0,False
경상남도,창원시 성산구,202603,4020,슈퍼마켓,슈퍼마켓,112.0,False
경상남도,창원시 의창구,202603,4020,슈퍼마켓,슈퍼마켓,113.0,False
경상남도,창원시 진해구,202603,4020,슈퍼마켓,슈퍼마켓,92.0,False
경상남도,통영시,202603,4020,슈퍼마켓,슈퍼마켓,69.0,False
경상남도,하동군,202603,4020,슈퍼마켓,슈퍼마켓,23.0,False
경상남도,함안군,202603,4020,슈퍼마켓,슈퍼마켓,39.0,False
경상남도,함양군,202603,4020,슈퍼마켓,슈퍼마켓,25.0,False
경상남도,합천군,202603,4020,슈퍼마켓,슈퍼마켓,27.0,False
제주특별자치도,서귀포시,202603,4020,슈퍼마켓,슈퍼마켓,96.0,False
제주특별자치도,제주시,202603,4020,슈퍼마켓,슈퍼마켓,373.0,False
서울특별시,강남구,202604,4020,슈퍼마켓,슈퍼마켓,236.0,False
서울특별시,강동구,202604,4020,슈퍼마켓,슈퍼마켓,126.0,False
서울특별시,강북구,202604,4020,슈퍼마켓,슈퍼마켓,93.0,False
서울특별시,강서구,202604,4020,슈퍼마켓,슈퍼마켓,193.0,False
서울특별시,관악구,202604,4020,슈퍼마켓,슈퍼마켓,163.0,False
서울특별시,광진구,202604,4020,슈퍼마켓,슈퍼마켓,122.0,False
서울특별시,구로구,202604,4020,슈퍼마켓,슈퍼마켓,146.0,False
서울특별시,금천구,202604,4020,슈퍼마켓,슈퍼마켓,95.0,False
서울특별시,노원구,202604,4020,슈퍼마켓,슈퍼마켓,122.0,False
서울특별시,도봉구,202604,4020,슈퍼마켓,슈퍼마켓,119.0,False
서울특별시,동대문구,202604,4020,슈퍼마켓,슈퍼마켓,125.0,False
서울특별시,동작구,202604,4020,슈퍼마켓,슈퍼마켓,115.0,False
서울특별시,마포구,202604,4020,슈퍼마켓,슈퍼마켓,147.0,False
서울특별시,서대문구,202604,4020,슈퍼마켓,슈퍼마켓,100.0,False
서울특별시,서초구,202604,4020,슈퍼마켓,슈퍼마켓,148.0,False
서울특별시,성동구,202604,4020,슈퍼마켓,슈퍼마켓,113.0,False
서울특별시,성북구,202604,4020,슈퍼마켓,슈퍼마켓,126.0,False
서울특별시,송파구,202604,4020,슈퍼마켓,슈퍼마켓,192.0,False
서울특별시,양천구,202604,4020,슈퍼마켓,슈퍼마켓,150.0,False
서울특별시,영등포구,202604,4020,슈퍼마켓,슈퍼마켓,178.0,False
서울특별시,용산구,202604,4020,슈퍼마켓,슈퍼마켓,106.0,False
서울특별시,은평구,202604,4020,슈퍼마켓,슈퍼마켓,120.0,False
서울특별시,종로구,202604,4020,슈퍼마켓,슈퍼마켓,121.0,False
서울특별시,중구,202604,4020,슈퍼마켓,슈퍼마켓,148.0,False
서울특별시,중랑구,202604,4020,슈퍼마켓,슈퍼마켓,138.0,False
인천광역시,강화군,202604,4020,슈퍼마켓,슈퍼마켓,49.0,False
인천광역시,계양구,202604,4020,슈퍼마켓,슈퍼마켓,128.0,False
인천광역시,남동구,202604,4020,슈퍼마켓,슈퍼마켓,247.0,False
인천광역시,동구,202604,4020,슈퍼마켓,슈퍼마켓,28.0,False
인천광역시,미추홀구,202604,4020,슈퍼마켓,슈퍼마켓,231.0,False
인천광역시,부평구,202604,4020,슈퍼마켓,슈퍼마켓,316.0,False
인천광역시,서구,202604,4020,슈퍼마켓,슈퍼마켓,322.0,False
인천광역시,연수구,202604,4020,슈퍼마켓,슈퍼마켓,164.0,False
인천광역시,옹진군,202604,4020,슈퍼마켓,슈퍼마켓,46.0,False
인천광역시,중구,202604,4020,슈퍼마켓,슈퍼마켓,128.0,False
경기도,가평군,202604,4020,슈퍼마켓,슈퍼마켓,60.0,False
경기도,고양시 덕양구,202604,4020,슈퍼마켓,슈퍼마켓,212.0,False
경기도,고양시 일산동구,202604,4020,슈퍼마켓,슈퍼마켓,137.0,False
경기도,고양시 일산서구,202604,4020,슈퍼마켓,슈퍼마켓,104.0,False
경기도,과천시,202604,4020,슈퍼마켓,슈퍼마켓,33.0,False
경기도,광명시,202604,4020,슈퍼마켓,슈퍼마켓,123.0,False
경기도,광주시,202604,4020,슈퍼마켓,슈퍼마켓,231.0,False
경기도,구리시,202604,4020,슈퍼마켓,슈퍼마켓,82.0,False
경기도,군포시,202604,4020,슈퍼마켓,슈퍼마켓,119.0,False
경기도,김포시,202604,4020,슈퍼마켓,슈퍼마켓,291.0,False
경기도,남양주시,202604,4020,슈퍼마켓,슈퍼마켓,322.0,False
경기도,동두천시,202604,4020,슈퍼마켓,슈퍼마켓,62.0,False
경기도,부천시 소사구,202604,4020,슈퍼마켓,슈퍼마켓,117.0,False
경기도,부천시 오정구,202604,4020,슈퍼마켓,슈퍼마켓,95.0,False
경기도,부천시 원미구,202604,4020,슈퍼마켓,슈퍼마켓,197.0,False
경기도,성남시 분당구,202604,4020,슈퍼마켓,슈퍼마켓,139.0,False
경기도,성남시 수정구,202604,4020,슈퍼마켓,슈퍼마켓,133.0,False
경기도,성남시 중원구,202604,4020,슈퍼마켓,슈퍼마켓,114.0,False
경기도,수원시 권선구,202604,4020,슈퍼마켓,슈퍼마켓,166.0,False
경기도,수원시 영통구,202604,4020,슈퍼마켓,슈퍼마켓,153.0,False
경기도,수원시 장안구,202604,4020,슈퍼마켓,슈퍼마켓,122.0,False
경기도,수원시 팔달구,202604,4020,슈퍼마켓,슈퍼마켓,144.0,False
경기도,시흥시,202604,4020,슈퍼마켓,슈퍼마켓,355.0,False
경기도,안산시 단원구,202604,4020,슈퍼마켓,슈퍼마켓,258.0,False
경기도,안산시 상록구,202604,4020,슈퍼마켓,슈퍼마켓,185.0,False
경기도,안성시,202604,4020,슈퍼마켓,슈퍼마켓,156.0,False
경기도,안양시 동안구,202604,4020,슈퍼마켓,슈퍼마켓,152.0,False
경기도,안양시 만안구,202604,4020,슈퍼마켓,슈퍼마켓,151.0,False
경기도,양주시,202604,4020,슈퍼마켓,슈퍼마켓,141.0,False
경기도,양평군,202604,4020,슈퍼마켓,슈퍼마켓,70.0,False
경기도,여주시,202604,4020,슈퍼마켓,슈퍼마켓,69.0,False
경기도,연천군,202604,4020,슈퍼마켓,슈퍼마켓,28.0,False
경기도,오산시,202604,4020,슈퍼마켓,슈퍼마켓,127.0,False
경기도,용인시 기흥구,202604,4020,슈퍼마켓,슈퍼마켓,164.0,False
경기도,용인시 수지구,202604,4020,슈퍼마켓,슈퍼마켓,102.0,False
경기도,용인시 처인구,202604,4020,슈퍼마켓,슈퍼마켓,193.0,False
경기도,의왕시,202604,4020,슈퍼마켓,슈퍼마켓,58.0,False
경기도,의정부시,202604,4020,슈퍼마켓,슈퍼마켓,209.0,False
경기도,이천시,202604,4020,슈퍼마켓,슈퍼마켓,98.0,False
경기도,파주시,202604,4020,슈퍼마켓,슈퍼마켓,311.0,False
경기도,평택시,202604,4020,슈퍼마켓,슈퍼마켓,437.0,False
경기도,포천시,202604,4020,슈퍼마켓,슈퍼마켓,191.0,False
경기도,하남시,202604,4020,슈퍼마켓,슈퍼마켓,143.0,False
경기도,화성시 동탄구,202604,4020,슈퍼마켓,슈퍼마켓,152.0,False
경기도,화성시 만세구,202604,4020,슈퍼마켓,슈퍼마켓,241.0,False
경기도,화성시 병점구,202604,4020,슈퍼마켓,슈퍼마켓,72.0,False
경기도,화성시 효행구,202604,4020,슈퍼마켓,슈퍼마켓,81.0,False
강원특별자치도,강릉시,202604,4020,슈퍼마켓,슈퍼마켓,121.0,False
강원특별자치도,고성군,202604,4020,슈퍼마켓,슈퍼마켓,21.0,False
강원특별자치도,동해시,202604,4020,슈퍼마켓,슈퍼마켓,59.0,False
강원특별자치도,삼척시,202604,4020,슈퍼마켓,슈퍼마켓,36.0,False
강원특별자치도,속초시,202604,4020,슈퍼마켓,슈퍼마켓,55.0,False
강원특별자치도,양구군,202604,4020,슈퍼마켓,슈퍼마켓,14.0,False
강원특별자치도,양양군,202604,4020,슈퍼마켓,슈퍼마켓,23.0,False
강원특별자치도,영월군,202604,4020,슈퍼마켓,슈퍼마켓,24.0,False
강원특별자치도,원주시,202604,4020,슈퍼마켓,슈퍼마켓,179.0,False
강원특별자치도,인제군,202604,4020,슈퍼마켓,슈퍼마켓,22.0,False
강원특별자치도,정선군,202604,4020,슈퍼마켓,슈퍼마켓,27.0,False
강원특별자치도,철원군,202604,4020,슈퍼마켓,슈퍼마켓,21.0,False
강원특별자치도,춘천시,202604,4020,슈퍼마켓,슈퍼마켓,120.0,False
강원특별자치도,태백시,202604,4020,슈퍼마켓,슈퍼마켓,26.0,False
강원특별자치도,평창군,202604,4020,슈퍼마켓,슈퍼마켓,25.0,False
강원특별자치도,홍천군,202604,4020,슈퍼마켓,슈퍼마켓,64.0,False
강원특별자치도,화천군,202604,4020,슈퍼마켓,슈퍼마켓,10.0,False
강원특별자치도,횡성군,202604,4020,슈퍼마켓,슈퍼마켓,20.0,False
대전광역시,대덕구,202604,4020,슈퍼마켓,슈퍼마켓,101.0,False
대전광역시,동구,202604,4020,슈퍼마켓,슈퍼마켓,130.0,False
대전광역시,서구,202604,4020,슈퍼마켓,슈퍼마켓,187.0,False
대전광역시,유성구,202604,4020,슈퍼마켓,슈퍼마켓,159.0,False
대전광역시,중구,202604,4020,슈퍼마켓,슈퍼마켓,114.0,False
충청북도,괴산군,202604,4020,슈퍼마켓,슈퍼마켓,28.0,False
충청북도,단양군,202604,4020,슈퍼마켓,슈퍼마켓,11.0,False
충청북도,보은군,202604,4020,슈퍼마켓,슈퍼마켓,31.0,False
충청북도,영동군,202604,4020,슈퍼마켓,슈퍼마켓,20.0,False
충청북도,옥천군,202604,4020,슈퍼마켓,슈퍼마켓,51.0,False
충청북도,음성군,202604,4020,슈퍼마켓,슈퍼마켓,77.0,False
충청북도,제천시,202604,4020,슈퍼마켓,슈퍼마켓,59.0,False
충청북도,증평군,202604,4020,슈퍼마켓,슈퍼마켓,27.0,False
충청북도,진천군,202604,4020,슈퍼마켓,슈퍼마켓,52.0,False
충청북도,청주시 상당구,202604,4020,슈퍼마켓,슈퍼마켓,96.0,False
충청북도,청주시 서원구,202604,4020,슈퍼마켓,슈퍼마켓,102.0,False
충청북도,청주시 청원구,202604,4020,슈퍼마켓,슈퍼마켓,83.0,False
충청북도,청주시 흥덕구,202604,4020,슈퍼마켓,슈퍼마켓,151.0,False
충청북도,충주시,202604,4020,슈퍼마켓,슈퍼마켓,114.0,False
충청남도,계룡시,202604,4020,슈퍼마켓,슈퍼마켓,11.0,False
충청남도,공주시,202604,4020,슈퍼마켓,슈퍼마켓,71.0,False
충청남도,금산군,202604,4020,슈퍼마켓,슈퍼마켓,28.0,False
충청남도,논산시,202604,4020,슈퍼마켓,슈퍼마켓,85.0,False
충청남도,당진시,202604,4020,슈퍼마켓,슈퍼마켓,117.0,False
충청남도,보령시,202604,4020,슈퍼마켓,슈퍼마켓,71.0,False
충청남도,부여군,202604,4020,슈퍼마켓,슈퍼마켓,28.0,False
충청남도,서산시,202604,4020,슈퍼마켓,슈퍼마켓,107.0,False
충청남도,서천군,202604,4020,슈퍼마켓,슈퍼마켓,26.0,False
충청남도,아산시,202604,4020,슈퍼마켓,슈퍼마켓,197.0,False
충청남도,예산군,202604,4020,슈퍼마켓,슈퍼마켓,48.0,False
충청남도,천안시 동남구,202604,4020,슈퍼마켓,슈퍼마켓,163.0,False
충청남도,천안시 서북구,202604,4020,슈퍼마켓,슈퍼마켓,167.0,False
충청남도,청양군,202604,4020,슈퍼마켓,슈퍼마켓,10.0,False
충청남도,태안군,202604,4020,슈퍼마켓,슈퍼마켓,44.0,False
충청남도,홍성군,202604,4020,슈퍼마켓,슈퍼마켓,50.0,False
광주광역시,광산구,202604,4020,슈퍼마켓,슈퍼마켓,243.0,False
광주광역시,남구,202604,4020,슈퍼마켓,슈퍼마켓,105.0,False
광주광역시,동구,202604,4020,슈퍼마켓,슈퍼마켓,60.0,False
광주광역시,북구,202604,4020,슈퍼마켓,슈퍼마켓,203.0,False
광주광역시,서구,202604,4020,슈퍼마켓,슈퍼마켓,149.0,False
전북특별자치도,고창군,202604,4020,슈퍼마켓,슈퍼마켓,40.0,False
전북특별자치도,군산시,202604,4020,슈퍼마켓,슈퍼마켓,207.0,False
전북특별자치도,김제시,202604,4020,슈퍼마켓,슈퍼마켓,36.0,False
전북특별자치도,남원시,202604,4020,슈퍼마켓,슈퍼마켓,40.0,False
전북특별자치도,무주군,202604,4020,슈퍼마켓,슈퍼마켓,6.0,False
전북특별자치도,부안군,202604,4020,슈퍼마켓,슈퍼마켓,30.0,False
전북특별자치도,순창군,202604,4020,슈퍼마켓,슈퍼마켓,13.0,False
전북특별자치도,완주군,202604,4020,슈퍼마켓,슈퍼마켓,77.0,False
전북특별자치도,익산시,202604,4020,슈퍼마켓,슈퍼마켓,148.0,False
전북특별자치도,임실군,202604,4020,슈퍼마켓,슈퍼마켓,13.0,False
전북특별자치도,장수군,202604,4020,슈퍼마켓,슈퍼마켓,7.0,False
전북특별자치도,전주시 덕진구,202604,4020,슈퍼마켓,슈퍼마켓,176.0,False
전북특별자치도,전주시 완산구,202604,4020,슈퍼마켓,슈퍼마켓,204.0,False
전북특별자치도,정읍시,202604,4020,슈퍼마켓,슈퍼마켓,50.0,False
전북특별자치도,진안군,202604,4020,슈퍼마켓,슈퍼마켓,18.0,False
전라남도,강진군,202604,4020,슈퍼마켓,슈퍼마켓,32.0,False
전라남도,고흥군,202604,4020,슈퍼마켓,슈퍼마켓,40.0,False
전라남도,곡성군,202604,4020,슈퍼마켓,슈퍼마켓,14.0,False
전라남도,광양시,202604,4020,슈퍼마켓,슈퍼마켓,99.0,False
전라남도,구례군,202604,4020,슈퍼마켓,슈퍼마켓,16.0,False
전라남도,나주시,202604,4020,슈퍼마켓,슈퍼마켓,58.0,False
전라남도,담양군,202604,4020,슈퍼마켓,슈퍼마켓,26.0,False
전라남도,목포시,202604,4020,슈퍼마켓,슈퍼마켓,116.0,False
전라남도,무안군,202604,4020,슈퍼마켓,슈퍼마켓,48.0,False
전라남도,보성군,202604,4020,슈퍼마켓,슈퍼마켓,43.0,False
전라남도,순천시,202604,4020,슈퍼마켓,슈퍼마켓,178.0,False
전라남도,신안군,202604,4020,슈퍼마켓,슈퍼마켓,32.0,False
전라남도,여수시,202604,4020,슈퍼마켓,슈퍼마켓,231.0,False
전라남도,영광군,202604,4020,슈퍼마켓,슈퍼마켓,32.0,False
전라남도,영암군,202604,4020,슈퍼마켓,슈퍼마켓,43.0,False
전라남도,완도군,202604,4020,슈퍼마켓,슈퍼마켓,43.0,False
전라남도,장성군,202604,4020,슈퍼마켓,슈퍼마켓,23.0,False
전라남도,장흥군,202604,4020,슈퍼마켓,슈퍼마켓,25.0,False
전라남도,진도군,202604,4020,슈퍼마켓,슈퍼마켓,34.0,False
전라남도,함평군,202604,4020,슈퍼마켓,슈퍼마켓,18.0,False
전라남도,해남군,202604,4020,슈퍼마켓,슈퍼마켓,55.0,False
전라남도,화순군,202604,4020,슈퍼마켓,슈퍼마켓,39.0,False
대구광역시,군위군,202604,4020,슈퍼마켓,슈퍼마켓,12.0,False
대구광역시,남구,202604,4020,슈퍼마켓,슈퍼마켓,90.0,False
대구광역시,달서구,202604,4020,슈퍼마켓,슈퍼마켓,256.0,False
대구광역시,달성군,202604,4020,슈퍼마켓,슈퍼마켓,157.0,False
대구광역시,동구,202604,4020,슈퍼마켓,슈퍼마켓,184.0,False
대구광역시,북구,202604,4020,슈퍼마켓,슈퍼마켓,228.0,False
대구광역시,서구,202604,4020,슈퍼마켓,슈퍼마켓,129.0,False
대구광역시,수성구,202604,4020,슈퍼마켓,슈퍼마켓,190.0,False
대구광역시,중구,202604,4020,슈퍼마켓,슈퍼마켓,99.0,False
경상북도,경산시,202604,4020,슈퍼마켓,슈퍼마켓,138.0,False
경상북도,경주시,202604,4020,슈퍼마켓,슈퍼마켓,239.0,False
경상북도,고령군,202604,4020,슈퍼마켓,슈퍼마켓,33.0,False
경상북도,구미시,202604,4020,슈퍼마켓,슈퍼마켓,233.0,False
경상북도,김천시,202604,4020,슈퍼마켓,슈퍼마켓,75.0,False
경상북도,문경시,202604,4020,슈퍼마켓,슈퍼마켓,35.0,False
경상북도,봉화군,202604,4020,슈퍼마켓,슈퍼마켓,,True
경상북도,상주시,202604,4020,슈퍼마켓,슈퍼마켓,43.0,False
경상북도,성주군,202604,4020,슈퍼마켓,슈퍼마켓,17.0,False
경상북도,안동시,202604,4020,슈퍼마켓,슈퍼마켓,97.0,False
경상북도,영덕군,202604,4020,슈퍼마켓,슈퍼마켓,49.0,False
경상북도,영양군,202604,4020,슈퍼마켓,슈퍼마켓,9.0,False
경상북도,영주시,202604,4020,슈퍼마켓,슈퍼마켓,52.0,False
경상북도,영천시,202604,4020,슈퍼마켓,슈퍼마켓,73.0,False
경상북도,예천군,202604,4020,슈퍼마켓,슈퍼마켓,21.0,False
경상북도,울릉군,202604,4020,슈퍼마켓,슈퍼마켓,6.0,False
경상북도,울진군,202604,4020,슈퍼마켓,슈퍼마켓,30.0,False
경상북도,의성군,202604,4020,슈퍼마켓,슈퍼마켓,19.0,False
경상북도,청도군,202604,4020,슈퍼마켓,슈퍼마켓,24.0,False
경상북도,청송군,202604,4020,슈퍼마켓,슈퍼마켓,13.0,False
경상북도,칠곡군,202604,4020,슈퍼마켓,슈퍼마켓,86.0,False
경상북도,포항시 남구,202604,4020,슈퍼마켓,슈퍼마켓,137.0,False
경상북도,포항시 북구,202604,4020,슈퍼마켓,슈퍼마켓,146.0,False
부산광역시,강서구,202604,4020,슈퍼마켓,슈퍼마켓,81.0,False
부산광역시,금정구,202604,4020,슈퍼마켓,슈퍼마켓,99.0,False
부산광역시,기장군,202604,4020,슈퍼마켓,슈퍼마켓,96.0,False
부산광역시,남구,202604,4020,슈퍼마켓,슈퍼마켓,106.0,False
부산광역시,동구,202604,4020,슈퍼마켓,슈퍼마켓,68.0,False
부산광역시,동래구,202604,4020,슈퍼마켓,슈퍼마켓,92.0,False
부산광역시,부산진구,202604,4020,슈퍼마켓,슈퍼마켓,167.0,False
부산광역시,북구,202604,4020,슈퍼마켓,슈퍼마켓,109.0,False
부산광역시,사상구,202604,4020,슈퍼마켓,슈퍼마켓,94.0,False
부산광역시,사하구,202604,4020,슈퍼마켓,슈퍼마켓,128.0,False
부산광역시,서구,202604,4020,슈퍼마켓,슈퍼마켓,46.0,False
부산광역시,수영구,202604,4020,슈퍼마켓,슈퍼마켓,92.0,False
부산광역시,연제구,202604,4020,슈퍼마켓,슈퍼마켓,82.0,False
부산광역시,영도구,202604,4020,슈퍼마켓,슈퍼마켓,47.0,False
부산광역시,중구,202604,4020,슈퍼마켓,슈퍼마켓,63.0,False
부산광역시,해운대구,202604,4020,슈퍼마켓,슈퍼마켓,140.0,False
울산광역시,남구,202604,4020,슈퍼마켓,슈퍼마켓,175.0,False
울산광역시,동구,202604,4020,슈퍼마켓,슈퍼마켓,128.0,False
울산광역시,북구,202604,4020,슈퍼마켓,슈퍼마켓,106.0,False
울산광역시,울주군,202604,4020,슈퍼마켓,슈퍼마켓,135.0,False
울산광역시,중구,202604,4020,슈퍼마켓,슈퍼마켓,115.0,False
경상남도,거제시,202604,4020,슈퍼마켓,슈퍼마켓,112.0,False
경상남도,거창군,202604,4020,슈퍼마켓,슈퍼마켓,30.0,False
경상남도,고성군,202604,4020,슈퍼마켓,슈퍼마켓,33.0,False
경상남도,김해시,202604,4020,슈퍼마켓,슈퍼마켓,283.0,False
경상남도,남해군,202604,4020,슈퍼마켓,슈퍼마켓,26.0,False
경상남도,밀양시,202604,4020,슈퍼마켓,슈퍼마켓,64.0,False
경상남도,사천시,202604,4020,슈퍼마켓,슈퍼마켓,38.0,False
경상남도,산청군,202604,4020,슈퍼마켓,슈퍼마켓,21.0,False
경상남도,양산시,202604,4020,슈퍼마켓,슈퍼마켓,196.0,False
경상남도,의령군,202604,4020,슈퍼마켓,슈퍼마켓,10.0,False
경상남도,진주시,202604,4020,슈퍼마켓,슈퍼마켓,169.0,False
경상남도,창녕군,202604,4020,슈퍼마켓,슈퍼마켓,36.0,False
경상남도,창원시 마산합포구,202604,4020,슈퍼마켓,슈퍼마켓,103.0,False
경상남도,창원시 마산회원구,202604,4020,슈퍼마켓,슈퍼마켓,104.0,False
경상남도,창원시 성산구,202604,4020,슈퍼마켓,슈퍼마켓,112.0,False
경상남도,창원시 의창구,202604,4020,슈퍼마켓,슈퍼마켓,115.0,False
경상남도,창원시 진해구,202604,4020,슈퍼마켓,슈퍼마켓,90.0,False
경상남도,통영시,202604,4020,슈퍼마켓,슈퍼마켓,68.0,False
경상남도,하동군,202604,4020,슈퍼마켓,슈퍼마켓,23.0,False
경상남도,함안군,202604,4020,슈퍼마켓,슈퍼마켓,39.0,False
경상남도,함양군,202604,4020,슈퍼마켓,슈퍼마켓,25.0,False
경상남도,합천군,202604,4020,슈퍼마켓,슈퍼마켓,27.0,False
제주특별자치도,서귀포시,202604,4020,슈퍼마켓,슈퍼마켓,97.0,False
제주특별자치도,제주시,202604,4020,슈퍼마켓,슈퍼마켓,374.0,False
서울특별시,강남구,202605,4020,슈퍼마켓,슈퍼마켓,236.0,False
서울특별시,강동구,202605,4020,슈퍼마켓,슈퍼마켓,129.0,False
서울특별시,강북구,202605,4020,슈퍼마켓,슈퍼마켓,93.0,False
서울특별시,강서구,202605,4020,슈퍼마켓,슈퍼마켓,190.0,False
서울특별시,관악구,202605,4020,슈퍼마켓,슈퍼마켓,162.0,False
서울특별시,광진구,202605,4020,슈퍼마켓,슈퍼마켓,123.0,False
서울특별시,구로구,202605,4020,슈퍼마켓,슈퍼마켓,147.0,False
서울특별시,금천구,202605,4020,슈퍼마켓,슈퍼마켓,95.0,False
서울특별시,노원구,202605,4020,슈퍼마켓,슈퍼마켓,122.0,False
서울특별시,도봉구,202605,4020,슈퍼마켓,슈퍼마켓,122.0,False
서울특별시,동대문구,202605,4020,슈퍼마켓,슈퍼마켓,121.0,False
서울특별시,동작구,202605,4020,슈퍼마켓,슈퍼마켓,115.0,False
서울특별시,마포구,202605,4020,슈퍼마켓,슈퍼마켓,145.0,False
서울특별시,서대문구,202605,4020,슈퍼마켓,슈퍼마켓,102.0,False
서울특별시,서초구,202605,4020,슈퍼마켓,슈퍼마켓,147.0,False
서울특별시,성동구,202605,4020,슈퍼마켓,슈퍼마켓,113.0,False
서울특별시,성북구,202605,4020,슈퍼마켓,슈퍼마켓,124.0,False
서울특별시,송파구,202605,4020,슈퍼마켓,슈퍼마켓,195.0,False
서울특별시,양천구,202605,4020,슈퍼마켓,슈퍼마켓,147.0,False
서울특별시,영등포구,202605,4020,슈퍼마켓,슈퍼마켓,177.0,False
서울특별시,용산구,202605,4020,슈퍼마켓,슈퍼마켓,105.0,False
서울특별시,은평구,202605,4020,슈퍼마켓,슈퍼마켓,118.0,False
서울특별시,종로구,202605,4020,슈퍼마켓,슈퍼마켓,121.0,False
서울특별시,중구,202605,4020,슈퍼마켓,슈퍼마켓,148.0,False
서울특별시,중랑구,202605,4020,슈퍼마켓,슈퍼마켓,137.0,False
인천광역시,강화군,202605,4020,슈퍼마켓,슈퍼마켓,48.0,False
인천광역시,계양구,202605,4020,슈퍼마켓,슈퍼마켓,127.0,False
인천광역시,남동구,202605,4020,슈퍼마켓,슈퍼마켓,248.0,False
인천광역시,동구,202605,4020,슈퍼마켓,슈퍼마켓,28.0,False
인천광역시,미추홀구,202605,4020,슈퍼마켓,슈퍼마켓,234.0,False
인천광역시,부평구,202605,4020,슈퍼마켓,슈퍼마켓,313.0,False
인천광역시,서구,202605,4020,슈퍼마켓,슈퍼마켓,333.0,False
인천광역시,연수구,202605,4020,슈퍼마켓,슈퍼마켓,163.0,False
인천광역시,옹진군,202605,4020,슈퍼마켓,슈퍼마켓,46.0,False
인천광역시,중구,202605,4020,슈퍼마켓,슈퍼마켓,130.0,False
경기도,가평군,202605,4020,슈퍼마켓,슈퍼마켓,59.0,False
경기도,고양시 덕양구,202605,4020,슈퍼마켓,슈퍼마켓,213.0,False
경기도,고양시 일산동구,202605,4020,슈퍼마켓,슈퍼마켓,136.0,False
경기도,고양시 일산서구,202605,4020,슈퍼마켓,슈퍼마켓,103.0,False
경기도,과천시,202605,4020,슈퍼마켓,슈퍼마켓,32.0,False
경기도,광명시,202605,4020,슈퍼마켓,슈퍼마켓,122.0,False
경기도,광주시,202605,4020,슈퍼마켓,슈퍼마켓,229.0,False
경기도,구리시,202605,4020,슈퍼마켓,슈퍼마켓,82.0,False
경기도,군포시,202605,4020,슈퍼마켓,슈퍼마켓,117.0,False
경기도,김포시,202605,4020,슈퍼마켓,슈퍼마켓,289.0,False
경기도,남양주시,202605,4020,슈퍼마켓,슈퍼마켓,325.0,False
경기도,동두천시,202605,4020,슈퍼마켓,슈퍼마켓,62.0,False
경기도,부천시 소사구,202605,4020,슈퍼마켓,슈퍼마켓,119.0,False
경기도,부천시 오정구,202605,4020,슈퍼마켓,슈퍼마켓,94.0,False
경기도,부천시 원미구,202605,4020,슈퍼마켓,슈퍼마켓,197.0,False
경기도,성남시 분당구,202605,4020,슈퍼마켓,슈퍼마켓,140.0,False
경기도,성남시 수정구,202605,4020,슈퍼마켓,슈퍼마켓,132.0,False
경기도,성남시 중원구,202605,4020,슈퍼마켓,슈퍼마켓,114.0,False
경기도,수원시 권선구,202605,4020,슈퍼마켓,슈퍼마켓,165.0,False
경기도,수원시 영통구,202605,4020,슈퍼마켓,슈퍼마켓,154.0,False
경기도,수원시 장안구,202605,4020,슈퍼마켓,슈퍼마켓,122.0,False
경기도,수원시 팔달구,202605,4020,슈퍼마켓,슈퍼마켓,142.0,False
경기도,시흥시,202605,4020,슈퍼마켓,슈퍼마켓,355.0,False
경기도,안산시 단원구,202605,4020,슈퍼마켓,슈퍼마켓,254.0,False
경기도,안산시 상록구,202605,4020,슈퍼마켓,슈퍼마켓,185.0,False
경기도,안성시,202605,4020,슈퍼마켓,슈퍼마켓,157.0,False
경기도,안양시 동안구,202605,4020,슈퍼마켓,슈퍼마켓,155.0,False
경기도,안양시 만안구,202605,4020,슈퍼마켓,슈퍼마켓,151.0,False
경기도,양주시,202605,4020,슈퍼마켓,슈퍼마켓,141.0,False
경기도,양평군,202605,4020,슈퍼마켓,슈퍼마켓,71.0,False
경기도,여주시,202605,4020,슈퍼마켓,슈퍼마켓,69.0,False
경기도,연천군,202605,4020,슈퍼마켓,슈퍼마켓,28.0,False
경기도,오산시,202605,4020,슈퍼마켓,슈퍼마켓,129.0,False
경기도,용인시 기흥구,202605,4020,슈퍼마켓,슈퍼마켓,164.0,False
경기도,용인시 수지구,202605,4020,슈퍼마켓,슈퍼마켓,102.0,False
경기도,용인시 처인구,202605,4020,슈퍼마켓,슈퍼마켓,192.0,False
경기도,의왕시,202605,4020,슈퍼마켓,슈퍼마켓,57.0,False
경기도,의정부시,202605,4020,슈퍼마켓,슈퍼마켓,210.0,False
경기도,이천시,202605,4020,슈퍼마켓,슈퍼마켓,99.0,False
경기도,파주시,202605,4020,슈퍼마켓,슈퍼마켓,308.0,False
경기도,평택시,202605,4020,슈퍼마켓,슈퍼마켓,438.0,False
경기도,포천시,202605,4020,슈퍼마켓,슈퍼마켓,199.0,False
경기도,하남시,202605,4020,슈퍼마켓,슈퍼마켓,140.0,False
경기도,화성시 동탄구,202605,4020,슈퍼마켓,슈퍼마켓,154.0,False
경기도,화성시 만세구,202605,4020,슈퍼마켓,슈퍼마켓,238.0,False
경기도,화성시 병점구,202605,4020,슈퍼마켓,슈퍼마켓,71.0,False
경기도,화성시 효행구,202605,4020,슈퍼마켓,슈퍼마켓,80.0,False
강원특별자치도,강릉시,202605,4020,슈퍼마켓,슈퍼마켓,120.0,False
강원특별자치도,고성군,202605,4020,슈퍼마켓,슈퍼마켓,21.0,False
강원특별자치도,동해시,202605,4020,슈퍼마켓,슈퍼마켓,59.0,False
강원특별자치도,삼척시,202605,4020,슈퍼마켓,슈퍼마켓,36.0,False
강원특별자치도,속초시,202605,4020,슈퍼마켓,슈퍼마켓,55.0,False
강원특별자치도,양구군,202605,4020,슈퍼마켓,슈퍼마켓,14.0,False
강원특별자치도,양양군,202605,4020,슈퍼마켓,슈퍼마켓,24.0,False
강원특별자치도,영월군,202605,4020,슈퍼마켓,슈퍼마켓,24.0,False
강원특별자치도,원주시,202605,4020,슈퍼마켓,슈퍼마켓,178.0,False
강원특별자치도,인제군,202605,4020,슈퍼마켓,슈퍼마켓,22.0,False
강원특별자치도,정선군,202605,4020,슈퍼마켓,슈퍼마켓,26.0,False
강원특별자치도,철원군,202605,4020,슈퍼마켓,슈퍼마켓,22.0,False
강원특별자치도,춘천시,202605,4020,슈퍼마켓,슈퍼마켓,120.0,False
강원특별자치도,태백시,202605,4020,슈퍼마켓,슈퍼마켓,26.0,False
강원특별자치도,평창군,202605,4020,슈퍼마켓,슈퍼마켓,26.0,False
강원특별자치도,홍천군,202605,4020,슈퍼마켓,슈퍼마켓,64.0,False
강원특별자치도,화천군,202605,4020,슈퍼마켓,슈퍼마켓,10.0,False
강원특별자치도,횡성군,202605,4020,슈퍼마켓,슈퍼마켓,20.0,False
대전광역시,대덕구,202605,4020,슈퍼마켓,슈퍼마켓,101.0,False
대전광역시,동구,202605,4020,슈퍼마켓,슈퍼마켓,128.0,False
대전광역시,서구,202605,4020,슈퍼마켓,슈퍼마켓,186.0,False
대전광역시,유성구,202605,4020,슈퍼마켓,슈퍼마켓,158.0,False
대전광역시,중구,202605,4020,슈퍼마켓,슈퍼마켓,113.0,False
충청북도,괴산군,202605,4020,슈퍼마켓,슈퍼마켓,27.0,False
충청북도,단양군,202605,4020,슈퍼마켓,슈퍼마켓,12.0,False
충청북도,보은군,202605,4020,슈퍼마켓,슈퍼마켓,31.0,False
충청북도,영동군,202605,4020,슈퍼마켓,슈퍼마켓,20.0,False
충청북도,옥천군,202605,4020,슈퍼마켓,슈퍼마켓,50.0,False
충청북도,음성군,202605,4020,슈퍼마켓,슈퍼마켓,77.0,False
충청북도,제천시,202605,4020,슈퍼마켓,슈퍼마켓,60.0,False
충청북도,증평군,202605,4020,슈퍼마켓,슈퍼마켓,27.0,False
충청북도,진천군,202605,4020,슈퍼마켓,슈퍼마켓,54.0,False
충청북도,청주시 상당구,202605,4020,슈퍼마켓,슈퍼마켓,97.0,False
충청북도,청주시 서원구,202605,4020,슈퍼마켓,슈퍼마켓,103.0,False
충청북도,청주시 청원구,202605,4020,슈퍼마켓,슈퍼마켓,81.0,False
충청북도,청주시 흥덕구,202605,4020,슈퍼마켓,슈퍼마켓,148.0,False
충청북도,충주시,202605,4020,슈퍼마켓,슈퍼마켓,115.0,False
충청남도,계룡시,202605,4020,슈퍼마켓,슈퍼마켓,11.0,False
충청남도,공주시,202605,4020,슈퍼마켓,슈퍼마켓,70.0,False
충청남도,금산군,202605,4020,슈퍼마켓,슈퍼마켓,28.0,False
충청남도,논산시,202605,4020,슈퍼마켓,슈퍼마켓,86.0,False
충청남도,당진시,202605,4020,슈퍼마켓,슈퍼마켓,117.0,False
충청남도,보령시,202605,4020,슈퍼마켓,슈퍼마켓,71.0,False
충청남도,부여군,202605,4020,슈퍼마켓,슈퍼마켓,28.0,False
충청남도,서산시,202605,4020,슈퍼마켓,슈퍼마켓,106.0,False
충청남도,서천군,202605,4020,슈퍼마켓,슈퍼마켓,26.0,False
충청남도,아산시,202605,4020,슈퍼마켓,슈퍼마켓,192.0,False
충청남도,예산군,202605,4020,슈퍼마켓,슈퍼마켓,48.0,False
충청남도,천안시 동남구,202605,4020,슈퍼마켓,슈퍼마켓,163.0,False
충청남도,천안시 서북구,202605,4020,슈퍼마켓,슈퍼마켓,167.0,False
충청남도,청양군,202605,4020,슈퍼마켓,슈퍼마켓,10.0,False
충청남도,태안군,202605,4020,슈퍼마켓,슈퍼마켓,44.0,False
충청남도,홍성군,202605,4020,슈퍼마켓,슈퍼마켓,49.0,False
광주광역시,광산구,202605,4020,슈퍼마켓,슈퍼마켓,241.0,False
광주광역시,남구,202605,4020,슈퍼마켓,슈퍼마켓,104.0,False
광주광역시,동구,202605,4020,슈퍼마켓,슈퍼마켓,60.0,False
광주광역시,북구,202605,4020,슈퍼마켓,슈퍼마켓,209.0,False
광주광역시,서구,202605,4020,슈퍼마켓,슈퍼마켓,150.0,False
전북특별자치도,고창군,202605,4020,슈퍼마켓,슈퍼마켓,40.0,False
전북특별자치도,군산시,202605,4020,슈퍼마켓,슈퍼마켓,209.0,False
전북특별자치도,김제시,202605,4020,슈퍼마켓,슈퍼마켓,37.0,False
전북특별자치도,남원시,202605,4020,슈퍼마켓,슈퍼마켓,40.0,False
전북특별자치도,무주군,202605,4020,슈퍼마켓,슈퍼마켓,6.0,False
전북특별자치도,부안군,202605,4020,슈퍼마켓,슈퍼마켓,30.0,False
전북특별자치도,순창군,202605,4020,슈퍼마켓,슈퍼마켓,13.0,False
전북특별자치도,완주군,202605,4020,슈퍼마켓,슈퍼마켓,77.0,False
전북특별자치도,익산시,202605,4020,슈퍼마켓,슈퍼마켓,148.0,False
전북특별자치도,임실군,202605,4020,슈퍼마켓,슈퍼마켓,13.0,False
전북특별자치도,장수군,202605,4020,슈퍼마켓,슈퍼마켓,7.0,False
전북특별자치도,전주시 덕진구,202605,4020,슈퍼마켓,슈퍼마켓,174.0,False
전북특별자치도,전주시 완산구,202605,4020,슈퍼마켓,슈퍼마켓,206.0,False
전북특별자치도,정읍시,202605,4020,슈퍼마켓,슈퍼마켓,48.0,False
전북특별자치도,진안군,202605,4020,슈퍼마켓,슈퍼마켓,18.0,False
전라남도,강진군,202605,4020,슈퍼마켓,슈퍼마켓,32.0,False
전라남도,고흥군,202605,4020,슈퍼마켓,슈퍼마켓,40.0,False
전라남도,곡성군,202605,4020,슈퍼마켓,슈퍼마켓,14.0,False
전라남도,광양시,202605,4020,슈퍼마켓,슈퍼마켓,96.0,False
전라남도,구례군,202605,4020,슈퍼마켓,슈퍼마켓,17.0,False
전라남도,나주시,202605,4020,슈퍼마켓,슈퍼마켓,58.0,False
전라남도,담양군,202605,4020,슈퍼마켓,슈퍼마켓,26.0,False
전라남도,목포시,202605,4020,슈퍼마켓,슈퍼마켓,117.0,False
전라남도,무안군,202605,4020,슈퍼마켓,슈퍼마켓,48.0,False
전라남도,보성군,202605,4020,슈퍼마켓,슈퍼마켓,43.0,False
전라남도,순천시,202605,4020,슈퍼마켓,슈퍼마켓,179.0,False
전라남도,신안군,202605,4020,슈퍼마켓,슈퍼마켓,32.0,False
전라남도,여수시,202605,4020,슈퍼마켓,슈퍼마켓,231.0,False
전라남도,영광군,202605,4020,슈퍼마켓,슈퍼마켓,32.0,False
전라남도,영암군,202605,4020,슈퍼마켓,슈퍼마켓,43.0,False
전라남도,완도군,202605,4020,슈퍼마켓,슈퍼마켓,42.0,False
전라남도,장성군,202605,4020,슈퍼마켓,슈퍼마켓,23.0,False
전라남도,장흥군,202605,4020,슈퍼마켓,슈퍼마켓,26.0,False
전라남도,진도군,202605,4020,슈퍼마켓,슈퍼마켓,34.0,False
전라남도,함평군,202605,4020,슈퍼마켓,슈퍼마켓,18.0,False
전라남도,해남군,202605,4020,슈퍼마켓,슈퍼마켓,56.0,False
전라남도,화순군,202605,4020,슈퍼마켓,슈퍼마켓,39.0,False
대구광역시,군위군,202605,4020,슈퍼마켓,슈퍼마켓,12.0,False
대구광역시,남구,202605,4020,슈퍼마켓,슈퍼마켓,91.0,False
대구광역시,달서구,202605,4020,슈퍼마켓,슈퍼마켓,255.0,False
대구광역시,달성군,202605,4020,슈퍼마켓,슈퍼마켓,155.0,False
대구광역시,동구,202605,4020,슈퍼마켓,슈퍼마켓,180.0,False
대구광역시,북구,202605,4020,슈퍼마켓,슈퍼마켓,226.0,False
대구광역시,서구,202605,4020,슈퍼마켓,슈퍼마켓,127.0,False
대구광역시,수성구,202605,4020,슈퍼마켓,슈퍼마켓,190.0,False
대구광역시,중구,202605,4020,슈퍼마켓,슈퍼마켓,102.0,False
경상북도,경산시,202605,4020,슈퍼마켓,슈퍼마켓,137.0,False
경상북도,경주시,202605,4020,슈퍼마켓,슈퍼마켓,239.0,False
경상북도,고령군,202605,4020,슈퍼마켓,슈퍼마켓,32.0,False
경상북도,구미시,202605,4020,슈퍼마켓,슈퍼마켓,236.0,False
경상북도,김천시,202605,4020,슈퍼마켓,슈퍼마켓,75.0,False
경상북도,문경시,202605,4020,슈퍼마켓,슈퍼마켓,35.0,False
경상북도,봉화군,202605,4020,슈퍼마켓,슈퍼마켓,,True
경상북도,상주시,202605,4020,슈퍼마켓,슈퍼마켓,45.0,False
경상북도,성주군,202605,4020,슈퍼마켓,슈퍼마켓,17.0,False
경상북도,안동시,202605,4020,슈퍼마켓,슈퍼마켓,96.0,False
경상북도,영덕군,202605,4020,슈퍼마켓,슈퍼마켓,50.0,False
경상북도,영양군,202605,4020,슈퍼마켓,슈퍼마켓,9.0,False
경상북도,영주시,202605,4020,슈퍼마켓,슈퍼마켓,52.0,False
경상북도,영천시,202605,4020,슈퍼마켓,슈퍼마켓,73.0,False
경상북도,예천군,202605,4020,슈퍼마켓,슈퍼마켓,21.0,False
경상북도,울릉군,202605,4020,슈퍼마켓,슈퍼마켓,6.0,False
경상북도,울진군,202605,4020,슈퍼마켓,슈퍼마켓,31.0,False
경상북도,의성군,202605,4020,슈퍼마켓,슈퍼마켓,19.0,False
경상북도,청도군,202605,4020,슈퍼마켓,슈퍼마켓,24.0,False
경상북도,청송군,202605,4020,슈퍼마켓,슈퍼마켓,13.0,False
경상북도,칠곡군,202605,4020,슈퍼마켓,슈퍼마켓,86.0,False
경상북도,포항시 남구,202605,4020,슈퍼마켓,슈퍼마켓,135.0,False
경상북도,포항시 북구,202605,4020,슈퍼마켓,슈퍼마켓,148.0,False
부산광역시,강서구,202605,4020,슈퍼마켓,슈퍼마켓,82.0,False
부산광역시,금정구,202605,4020,슈퍼마켓,슈퍼마켓,101.0,False
부산광역시,기장군,202605,4020,슈퍼마켓,슈퍼마켓,96.0,False
부산광역시,남구,202605,4020,슈퍼마켓,슈퍼마켓,108.0,False
부산광역시,동구,202605,4020,슈퍼마켓,슈퍼마켓,66.0,False
부산광역시,동래구,202605,4020,슈퍼마켓,슈퍼마켓,93.0,False
부산광역시,부산진구,202605,4020,슈퍼마켓,슈퍼마켓,166.0,False
부산광역시,북구,202605,4020,슈퍼마켓,슈퍼마켓,109.0,False
부산광역시,사상구,202605,4020,슈퍼마켓,슈퍼마켓,94.0,False
부산광역시,사하구,202605,4020,슈퍼마켓,슈퍼마켓,124.0,False
부산광역시,서구,202605,4020,슈퍼마켓,슈퍼마켓,46.0,False
부산광역시,수영구,202605,4020,슈퍼마켓,슈퍼마켓,90.0,False
부산광역시,연제구,202605,4020,슈퍼마켓,슈퍼마켓,82.0,False
부산광역시,영도구,202605,4020,슈퍼마켓,슈퍼마켓,47.0,False
부산광역시,중구,202605,4020,슈퍼마켓,슈퍼마켓,63.0,False
부산광역시,해운대구,202605,4020,슈퍼마켓,슈퍼마켓,142.0,False
울산광역시,남구,202605,4020,슈퍼마켓,슈퍼마켓,172.0,False
울산광역시,동구,202605,4020,슈퍼마켓,슈퍼마켓,131.0,False
울산광역시,북구,202605,4020,슈퍼마켓,슈퍼마켓,108.0,False
울산광역시,울주군,202605,4020,슈퍼마켓,슈퍼마켓,132.0,False
울산광역시,중구,202605,4020,슈퍼마켓,슈퍼마켓,108.0,False
경상남도,거제시,202605,4020,슈퍼마켓,슈퍼마켓,113.0,False
경상남도,거창군,202605,4020,슈퍼마켓,슈퍼마켓,31.0,False
경상남도,고성군,202605,4020,슈퍼마켓,슈퍼마켓,33.0,False
경상남도,김해시,202605,4020,슈퍼마켓,슈퍼마켓,286.0,False
경상남도,남해군,202605,4020,슈퍼마켓,슈퍼마켓,26.0,False
경상남도,밀양시,202605,4020,슈퍼마켓,슈퍼마켓,65.0,False
경상남도,사천시,202605,4020,슈퍼마켓,슈퍼마켓,39.0,False
경상남도,산청군,202605,4020,슈퍼마켓,슈퍼마켓,21.0,False
경상남도,양산시,202605,4020,슈퍼마켓,슈퍼마켓,196.0,False
경상남도,의령군,202605,4020,슈퍼마켓,슈퍼마켓,10.0,False
경상남도,진주시,202605,4020,슈퍼마켓,슈퍼마켓,171.0,False
경상남도,창녕군,202605,4020,슈퍼마켓,슈퍼마켓,36.0,False
경상남도,창원시 마산합포구,202605,4020,슈퍼마켓,슈퍼마켓,103.0,False
경상남도,창원시 마산회원구,202605,4020,슈퍼마켓,슈퍼마켓,102.0,False
경상남도,창원시 성산구,202605,4020,슈퍼마켓,슈퍼마켓,112.0,False
경상남도,창원시 의창구,202605,4020,슈퍼마켓,슈퍼마켓,115.0,False
경상남도,창원시 진해구,202605,4020,슈퍼마켓,슈퍼마켓,91.0,False
경상남도,통영시,202605,4020,슈퍼마켓,슈퍼마켓,67.0,False
경상남도,하동군,202605,4020,슈퍼마켓,슈퍼마켓,24.0,False
경상남도,함안군,202605,4020,슈퍼마켓,슈퍼마켓,40.0,False
경상남도,함양군,202605,4020,슈퍼마켓,슈퍼마켓,25.0,False
경상남도,합천군,202605,4020,슈퍼마켓,슈퍼마켓,27.0,False
제주특별자치도,서귀포시,202605,4020,슈퍼마켓,슈퍼마켓,98.0,False
제주특별자치도,제주시,202605,4020,슈퍼마켓,슈퍼마켓,378.0,False
서울특별시,강남구,202606,4020,슈퍼마켓,슈퍼마켓,235.0,False
서울특별시,강동구,202606,4020,슈퍼마켓,슈퍼마켓,127.0,False
서울특별시,강북구,202606,4020,슈퍼마켓,슈퍼마켓,93.0,False
서울특별시,강서구,202606,4020,슈퍼마켓,슈퍼마켓,189.0,False
서울특별시,관악구,202606,4020,슈퍼마켓,슈퍼마켓,160.0,False
서울특별시,광진구,202606,4020,슈퍼마켓,슈퍼마켓,121.0,False
서울특별시,구로구,202606,4020,슈퍼마켓,슈퍼마켓,145.0,False
서울특별시,금천구,202606,4020,슈퍼마켓,슈퍼마켓,95.0,False
서울특별시,노원구,202606,4020,슈퍼마켓,슈퍼마켓,128.0,False
서울특별시,도봉구,202606,4020,슈퍼마켓,슈퍼마켓,123.0,False
서울특별시,동대문구,202606,4020,슈퍼마켓,슈퍼마켓,119.0,False
서울특별시,동작구,202606,4020,슈퍼마켓,슈퍼마켓,114.0,False
서울특별시,마포구,202606,4020,슈퍼마켓,슈퍼마켓,150.0,False
서울특별시,서대문구,202606,4020,슈퍼마켓,슈퍼마켓,99.0,False
서울특별시,서초구,202606,4020,슈퍼마켓,슈퍼마켓,151.0,False
서울특별시,성동구,202606,4020,슈퍼마켓,슈퍼마켓,113.0,False
서울특별시,성북구,202606,4020,슈퍼마켓,슈퍼마켓,121.0,False
서울특별시,송파구,202606,4020,슈퍼마켓,슈퍼마켓,194.0,False
서울특별시,양천구,202606,4020,슈퍼마켓,슈퍼마켓,147.0,False
서울특별시,영등포구,202606,4020,슈퍼마켓,슈퍼마켓,179.0,False
서울특별시,용산구,202606,4020,슈퍼마켓,슈퍼마켓,102.0,False
서울특별시,은평구,202606,4020,슈퍼마켓,슈퍼마켓,118.0,False
서울특별시,종로구,202606,4020,슈퍼마켓,슈퍼마켓,120.0,False
서울특별시,중구,202606,4020,슈퍼마켓,슈퍼마켓,145.0,False
서울특별시,중랑구,202606,4020,슈퍼마켓,슈퍼마켓,134.0,False
인천광역시,강화군,202606,4020,슈퍼마켓,슈퍼마켓,49.0,False
인천광역시,검단구,202606,4020,슈퍼마켓,슈퍼마켓,95.0,False
인천광역시,계양구,202606,4020,슈퍼마켓,슈퍼마켓,125.0,False
인천광역시,남동구,202606,4020,슈퍼마켓,슈퍼마켓,247.0,False
인천광역시,미추홀구,202606,4020,슈퍼마켓,슈퍼마켓,234.0,False
인천광역시,부평구,202606,4020,슈퍼마켓,슈퍼마켓,308.0,False
인천광역시,서해구,202606,4020,슈퍼마켓,슈퍼마켓,240.0,False
인천광역시,연수구,202606,4020,슈퍼마켓,슈퍼마켓,162.0,False
인천광역시,영종구,202606,4020,슈퍼마켓,슈퍼마켓,67.0,False
인천광역시,옹진군,202606,4020,슈퍼마켓,슈퍼마켓,47.0,False
인천광역시,제물포구,202606,4020,슈퍼마켓,슈퍼마켓,90.0,False
경기도,가평군,202606,4020,슈퍼마켓,슈퍼마켓,59.0,False
경기도,고양시 덕양구,202606,4020,슈퍼마켓,슈퍼마켓,216.0,False
경기도,고양시 일산동구,202606,4020,슈퍼마켓,슈퍼마켓,137.0,False
경기도,고양시 일산서구,202606,4020,슈퍼마켓,슈퍼마켓,105.0,False
경기도,과천시,202606,4020,슈퍼마켓,슈퍼마켓,32.0,False
경기도,광명시,202606,4020,슈퍼마켓,슈퍼마켓,124.0,False
경기도,광주시,202606,4020,슈퍼마켓,슈퍼마켓,230.0,False
경기도,구리시,202606,4020,슈퍼마켓,슈퍼마켓,84.0,False
경기도,군포시,202606,4020,슈퍼마켓,슈퍼마켓,117.0,False
경기도,김포시,202606,4020,슈퍼마켓,슈퍼마켓,289.0,False
경기도,남양주시,202606,4020,슈퍼마켓,슈퍼마켓,320.0,False
경기도,동두천시,202606,4020,슈퍼마켓,슈퍼마켓,62.0,False
경기도,부천시 소사구,202606,4020,슈퍼마켓,슈퍼마켓,122.0,False
경기도,부천시 오정구,202606,4020,슈퍼마켓,슈퍼마켓,94.0,False
경기도,부천시 원미구,202606,4020,슈퍼마켓,슈퍼마켓,200.0,False
경기도,성남시 분당구,202606,4020,슈퍼마켓,슈퍼마켓,141.0,False
경기도,성남시 수정구,202606,4020,슈퍼마켓,슈퍼마켓,133.0,False
경기도,성남시 중원구,202606,4020,슈퍼마켓,슈퍼마켓,114.0,False
경기도,수원시 권선구,202606,4020,슈퍼마켓,슈퍼마켓,160.0,False
경기도,수원시 영통구,202606,4020,슈퍼마켓,슈퍼마켓,150.0,False
경기도,수원시 장안구,202606,4020,슈퍼마켓,슈퍼마켓,125.0,False
경기도,수원시 팔달구,202606,4020,슈퍼마켓,슈퍼마켓,148.0,False
경기도,시흥시,202606,4020,슈퍼마켓,슈퍼마켓,354.0,False
경기도,안산시 단원구,202606,4020,슈퍼마켓,슈퍼마켓,251.0,False
경기도,안산시 상록구,202606,4020,슈퍼마켓,슈퍼마켓,182.0,False
경기도,안성시,202606,4020,슈퍼마켓,슈퍼마켓,154.0,False
경기도,안양시 동안구,202606,4020,슈퍼마켓,슈퍼마켓,156.0,False
경기도,안양시 만안구,202606,4020,슈퍼마켓,슈퍼마켓,151.0,False
경기도,양주시,202606,4020,슈퍼마켓,슈퍼마켓,143.0,False
경기도,양평군,202606,4020,슈퍼마켓,슈퍼마켓,69.0,False
경기도,여주시,202606,4020,슈퍼마켓,슈퍼마켓,70.0,False
경기도,연천군,202606,4020,슈퍼마켓,슈퍼마켓,29.0,False
경기도,오산시,202606,4020,슈퍼마켓,슈퍼마켓,129.0,False
경기도,용인시 기흥구,202606,4020,슈퍼마켓,슈퍼마켓,164.0,False
경기도,용인시 수지구,202606,4020,슈퍼마켓,슈퍼마켓,103.0,False
경기도,용인시 처인구,202606,4020,슈퍼마켓,슈퍼마켓,195.0,False
경기도,의왕시,202606,4020,슈퍼마켓,슈퍼마켓,57.0,False
경기도,의정부시,202606,4020,슈퍼마켓,슈퍼마켓,210.0,False
경기도,이천시,202606,4020,슈퍼마켓,슈퍼마켓,99.0,False
경기도,파주시,202606,4020,슈퍼마켓,슈퍼마켓,304.0,False
경기도,평택시,202606,4020,슈퍼마켓,슈퍼마켓,439.0,False
경기도,포천시,202606,4020,슈퍼마켓,슈퍼마켓,198.0,False
경기도,하남시,202606,4020,슈퍼마켓,슈퍼마켓,140.0,False
경기도,화성시 동탄구,202606,4020,슈퍼마켓,슈퍼마켓,153.0,False
경기도,화성시 만세구,202606,4020,슈퍼마켓,슈퍼마켓,240.0,False
경기도,화성시 병점구,202606,4020,슈퍼마켓,슈퍼마켓,71.0,False
경기도,화성시 효행구,202606,4020,슈퍼마켓,슈퍼마켓,79.0,False
강원특별자치도,강릉시,202606,4020,슈퍼마켓,슈퍼마켓,120.0,False
강원특별자치도,고성군,202606,4020,슈퍼마켓,슈퍼마켓,21.0,False
강원특별자치도,동해시,202606,4020,슈퍼마켓,슈퍼마켓,59.0,False
강원특별자치도,삼척시,202606,4020,슈퍼마켓,슈퍼마켓,36.0,False
강원특별자치도,속초시,202606,4020,슈퍼마켓,슈퍼마켓,56.0,False
강원특별자치도,양구군,202606,4020,슈퍼마켓,슈퍼마켓,14.0,False
강원특별자치도,양양군,202606,4020,슈퍼마켓,슈퍼마켓,24.0,False
강원특별자치도,영월군,202606,4020,슈퍼마켓,슈퍼마켓,24.0,False
강원특별자치도,원주시,202606,4020,슈퍼마켓,슈퍼마켓,177.0,False
강원특별자치도,인제군,202606,4020,슈퍼마켓,슈퍼마켓,22.0,False
강원특별자치도,정선군,202606,4020,슈퍼마켓,슈퍼마켓,27.0,False
강원특별자치도,철원군,202606,4020,슈퍼마켓,슈퍼마켓,22.0,False
강원특별자치도,춘천시,202606,4020,슈퍼마켓,슈퍼마켓,117.0,False
강원특별자치도,태백시,202606,4020,슈퍼마켓,슈퍼마켓,26.0,False
강원특별자치도,평창군,202606,4020,슈퍼마켓,슈퍼마켓,26.0,False
강원특별자치도,홍천군,202606,4020,슈퍼마켓,슈퍼마켓,63.0,False
강원특별자치도,화천군,202606,4020,슈퍼마켓,슈퍼마켓,10.0,False
강원특별자치도,횡성군,202606,4020,슈퍼마켓,슈퍼마켓,20.0,False
대전광역시,대덕구,202606,4020,슈퍼마켓,슈퍼마켓,105.0,False
대전광역시,동구,202606,4020,슈퍼마켓,슈퍼마켓,127.0,False
대전광역시,서구,202606,4020,슈퍼마켓,슈퍼마켓,188.0,False
대전광역시,유성구,202606,4020,슈퍼마켓,슈퍼마켓,157.0,False
대전광역시,중구,202606,4020,슈퍼마켓,슈퍼마켓,111.0,False
충청북도,괴산군,202606,4020,슈퍼마켓,슈퍼마켓,27.0,False
충청북도,단양군,202606,4020,슈퍼마켓,슈퍼마켓,12.0,False
충청북도,보은군,202606,4020,슈퍼마켓,슈퍼마켓,30.0,False
충청북도,영동군,202606,4020,슈퍼마켓,슈퍼마켓,19.0,False
충청북도,옥천군,202606,4020,슈퍼마켓,슈퍼마켓,49.0,False
충청북도,음성군,202606,4020,슈퍼마켓,슈퍼마켓,76.0,False
충청북도,제천시,202606,4020,슈퍼마켓,슈퍼마켓,61.0,False
충청북도,증평군,202606,4020,슈퍼마켓,슈퍼마켓,27.0,False
충청북도,진천군,202606,4020,슈퍼마켓,슈퍼마켓,54.0,False
충청북도,청주시 상당구,202606,4020,슈퍼마켓,슈퍼마켓,95.0,False
충청북도,청주시 서원구,202606,4020,슈퍼마켓,슈퍼마켓,101.0,False
충청북도,청주시 청원구,202606,4020,슈퍼마켓,슈퍼마켓,81.0,False
충청북도,청주시 흥덕구,202606,4020,슈퍼마켓,슈퍼마켓,153.0,False
충청북도,충주시,202606,4020,슈퍼마켓,슈퍼마켓,115.0,False
충청남도,계룡시,202606,4020,슈퍼마켓,슈퍼마켓,11.0,False
충청남도,공주시,202606,4020,슈퍼마켓,슈퍼마켓,71.0,False
충청남도,금산군,202606,4020,슈퍼마켓,슈퍼마켓,28.0,False
충청남도,논산시,202606,4020,슈퍼마켓,슈퍼마켓,84.0,False
충청남도,당진시,202606,4020,슈퍼마켓,슈퍼마켓,117.0,False
충청남도,보령시,202606,4020,슈퍼마켓,슈퍼마켓,70.0,False
충청남도,부여군,202606,4020,슈퍼마켓,슈퍼마켓,28.0,False
충청남도,서산시,202606,4020,슈퍼마켓,슈퍼마켓,107.0,False
충청남도,서천군,202606,4020,슈퍼마켓,슈퍼마켓,29.0,False
충청남도,아산시,202606,4020,슈퍼마켓,슈퍼마켓,188.0,False
충청남도,예산군,202606,4020,슈퍼마켓,슈퍼마켓,50.0,False
충청남도,천안시 동남구,202606,4020,슈퍼마켓,슈퍼마켓,162.0,False
충청남도,천안시 서북구,202606,4020,슈퍼마켓,슈퍼마켓,168.0,False
충청남도,청양군,202606,4020,슈퍼마켓,슈퍼마켓,10.0,False
충청남도,태안군,202606,4020,슈퍼마켓,슈퍼마켓,45.0,False
충청남도,홍성군,202606,4020,슈퍼마켓,슈퍼마켓,49.0,False
전북특별자치도,고창군,202606,4020,슈퍼마켓,슈퍼마켓,39.0,False
전북특별자치도,군산시,202606,4020,슈퍼마켓,슈퍼마켓,210.0,False
전북특별자치도,김제시,202606,4020,슈퍼마켓,슈퍼마켓,36.0,False
전북특별자치도,남원시,202606,4020,슈퍼마켓,슈퍼마켓,40.0,False
전북특별자치도,무주군,202606,4020,슈퍼마켓,슈퍼마켓,6.0,False
전북특별자치도,부안군,202606,4020,슈퍼마켓,슈퍼마켓,29.0,False
전북특별자치도,순창군,202606,4020,슈퍼마켓,슈퍼마켓,13.0,False
전북특별자치도,완주군,202606,4020,슈퍼마켓,슈퍼마켓,75.0,False
전북특별자치도,익산시,202606,4020,슈퍼마켓,슈퍼마켓,146.0,False
전북특별자치도,임실군,202606,4020,슈퍼마켓,슈퍼마켓,13.0,False
전북특별자치도,장수군,202606,4020,슈퍼마켓,슈퍼마켓,7.0,False
전북특별자치도,전주시 덕진구,202606,4020,슈퍼마켓,슈퍼마켓,174.0,False
전북특별자치도,전주시 완산구,202606,4020,슈퍼마켓,슈퍼마켓,200.0,False
전북특별자치도,정읍시,202606,4020,슈퍼마켓,슈퍼마켓,47.0,False
전북특별자치도,진안군,202606,4020,슈퍼마켓,슈퍼마켓,18.0,False
전라남도,강진군,202606,4020,슈퍼마켓,슈퍼마켓,33.0,False
전라남도,고흥군,202606,4020,슈퍼마켓,슈퍼마켓,40.0,False
전라남도,곡성군,202606,4020,슈퍼마켓,슈퍼마켓,14.0,False
광주광역시,광산구,202606,4020,슈퍼마켓,슈퍼마켓,240.0,False
전라남도,광양시,202606,4020,슈퍼마켓,슈퍼마켓,95.0,False
전라남도,구례군,202606,4020,슈퍼마켓,슈퍼마켓,17.0,False
전라남도,나주시,202606,4020,슈퍼마켓,슈퍼마켓,59.0,False
광주광역시,남구,202606,4020,슈퍼마켓,슈퍼마켓,104.0,False
전라남도,담양군,202606,4020,슈퍼마켓,슈퍼마켓,26.0,False
광주광역시,동구,202606,4020,슈퍼마켓,슈퍼마켓,61.0,False
전라남도,목포시,202606,4020,슈퍼마켓,슈퍼마켓,117.0,False
전라남도,무안군,202606,4020,슈퍼마켓,슈퍼마켓,49.0,False
전라남도,보성군,202606,4020,슈퍼마켓,슈퍼마켓,43.0,False
광주광역시,북구,202606,4020,슈퍼마켓,슈퍼마켓,207.0,False
광주광역시,서구,202606,4020,슈퍼마켓,슈퍼마켓,148.0,False
전라남도,순천시,202606,4020,슈퍼마켓,슈퍼마켓,182.0,False
전라남도,신안군,202606,4020,슈퍼마켓,슈퍼마켓,32.0,False
전라남도,여수시,202606,4020,슈퍼마켓,슈퍼마켓,233.0,False
전라남도,영광군,202606,4020,슈퍼마켓,슈퍼마켓,32.0,False
전라남도,영암군,202606,4020,슈퍼마켓,슈퍼마켓,43.0,False
전라남도,완도군,202606,4020,슈퍼마켓,슈퍼마켓,42.0,False
전라남도,장성군,202606,4020,슈퍼마켓,슈퍼마켓,22.0,False
전라남도,장흥군,202606,4020,슈퍼마켓,슈퍼마켓,26.0,False
전라남도,진도군,202606,4020,슈퍼마켓,슈퍼마켓,34.0,False
전라남도,함평군,202606,4020,슈퍼마켓,슈퍼마켓,18.0,False
전라남도,해남군,202606,4020,슈퍼마켓,슈퍼마켓,56.0,False
전라남도,화순군,202606,4020,슈퍼마켓,슈퍼마켓,39.0,False
대구광역시,군위군,202606,4020,슈퍼마켓,슈퍼마켓,11.0,False
대구광역시,남구,202606,4020,슈퍼마켓,슈퍼마켓,91.0,False
대구광역시,달서구,202606,4020,슈퍼마켓,슈퍼마켓,257.0,False
대구광역시,달성군,202606,4020,슈퍼마켓,슈퍼마켓,153.0,False
대구광역시,동구,202606,4020,슈퍼마켓,슈퍼마켓,181.0,False
대구광역시,북구,202606,4020,슈퍼마켓,슈퍼마켓,223.0,False
대구광역시,서구,202606,4020,슈퍼마켓,슈퍼마켓,127.0,False
대구광역시,수성구,202606,4020,슈퍼마켓,슈퍼마켓,189.0,False
대구광역시,중구,202606,4020,슈퍼마켓,슈퍼마켓,103.0,False
경상북도,경산시,202606,4020,슈퍼마켓,슈퍼마켓,138.0,False
경상북도,경주시,202606,4020,슈퍼마켓,슈퍼마켓,237.0,False
경상북도,고령군,202606,4020,슈퍼마켓,슈퍼마켓,31.0,False
경상북도,구미시,202606,4020,슈퍼마켓,슈퍼마켓,238.0,False
경상북도,김천시,202606,4020,슈퍼마켓,슈퍼마켓,77.0,False
경상북도,문경시,202606,4020,슈퍼마켓,슈퍼마켓,35.0,False
경상북도,봉화군,202606,4020,슈퍼마켓,슈퍼마켓,,True
경상북도,상주시,202606,4020,슈퍼마켓,슈퍼마켓,45.0,False
경상북도,성주군,202606,4020,슈퍼마켓,슈퍼마켓,18.0,False
경상북도,안동시,202606,4020,슈퍼마켓,슈퍼마켓,95.0,False
경상북도,영덕군,202606,4020,슈퍼마켓,슈퍼마켓,51.0,False
경상북도,영양군,202606,4020,슈퍼마켓,슈퍼마켓,9.0,False
경상북도,영주시,202606,4020,슈퍼마켓,슈퍼마켓,50.0,False
경상북도,영천시,202606,4020,슈퍼마켓,슈퍼마켓,73.0,False
경상북도,예천군,202606,4020,슈퍼마켓,슈퍼마켓,21.0,False
경상북도,울릉군,202606,4020,슈퍼마켓,슈퍼마켓,6.0,False
경상북도,울진군,202606,4020,슈퍼마켓,슈퍼마켓,32.0,False
경상북도,의성군,202606,4020,슈퍼마켓,슈퍼마켓,19.0,False
경상북도,청도군,202606,4020,슈퍼마켓,슈퍼마켓,24.0,False
경상북도,청송군,202606,4020,슈퍼마켓,슈퍼마켓,13.0,False
경상북도,칠곡군,202606,4020,슈퍼마켓,슈퍼마켓,86.0,False
경상북도,포항시 남구,202606,4020,슈퍼마켓,슈퍼마켓,136.0,False
경상북도,포항시 북구,202606,4020,슈퍼마켓,슈퍼마켓,149.0,False
부산광역시,강서구,202606,4020,슈퍼마켓,슈퍼마켓,83.0,False
부산광역시,금정구,202606,4020,슈퍼마켓,슈퍼마켓,101.0,False
부산광역시,기장군,202606,4020,슈퍼마켓,슈퍼마켓,93.0,False
부산광역시,남구,202606,4020,슈퍼마켓,슈퍼마켓,107.0,False
부산광역시,동구,202606,4020,슈퍼마켓,슈퍼마켓,65.0,False
부산광역시,동래구,202606,4020,슈퍼마켓,슈퍼마켓,93.0,False
부산광역시,부산진구,202606,4020,슈퍼마켓,슈퍼마켓,170.0,False
부산광역시,북구,202606,4020,슈퍼마켓,슈퍼마켓,106.0,False
부산광역시,사상구,202606,4020,슈퍼마켓,슈퍼마켓,94.0,False
부산광역시,사하구,202606,4020,슈퍼마켓,슈퍼마켓,119.0,False
부산광역시,서구,202606,4020,슈퍼마켓,슈퍼마켓,45.0,False
부산광역시,수영구,202606,4020,슈퍼마켓,슈퍼마켓,92.0,False
부산광역시,연제구,202606,4020,슈퍼마켓,슈퍼마켓,80.0,False
부산광역시,영도구,202606,4020,슈퍼마켓,슈퍼마켓,48.0,False
부산광역시,중구,202606,4020,슈퍼마켓,슈퍼마켓,63.0,False
부산광역시,해운대구,202606,4020,슈퍼마켓,슈퍼마켓,141.0,False
울산광역시,남구,202606,4020,슈퍼마켓,슈퍼마켓,175.0,False
울산광역시,동구,202606,4020,슈퍼마켓,슈퍼마켓,130.0,False
울산광역시,북구,202606,4020,슈퍼마켓,슈퍼마켓,107.0,False
울산광역시,울주군,202606,4020,슈퍼마켓,슈퍼마켓,132.0,False
울산광역시,중구,202606,4020,슈퍼마켓,슈퍼마켓,104.0,False
경상남도,거제시,202606,4020,슈퍼마켓,슈퍼마켓,112.0,False
경상남도,거창군,202606,4020,슈퍼마켓,슈퍼마켓,31.0,False
경상남도,고성군,202606,4020,슈퍼마켓,슈퍼마켓,33.0,False
경상남도,김해시,202606,4020,슈퍼마켓,슈퍼마켓,286.0,False
경상남도,남해군,202606,4020,슈퍼마켓,슈퍼마켓,27.0,False
경상남도,밀양시,202606,4020,슈퍼마켓,슈퍼마켓,65.0,False
경상남도,사천시,202606,4020,슈퍼마켓,슈퍼마켓,39.0,False
경상남도,산청군,202606,4020,슈퍼마켓,슈퍼마켓,21.0,False
경상남도,양산시,202606,4020,슈퍼마켓,슈퍼마켓,199.0,False
경상남도,의령군,202606,4020,슈퍼마켓,슈퍼마켓,10.0,False
경상남도,진주시,202606,4020,슈퍼마켓,슈퍼마켓,172.0,False
경상남도,창녕군,202606,4020,슈퍼마켓,슈퍼마켓,35.0,False
경상남도,창원시 마산합포구,202606,4020,슈퍼마켓,슈퍼마켓,102.0,False
경상남도,창원시 마산회원구,202606,4020,슈퍼마켓,슈퍼마켓,102.0,False
경상남도,창원시 성산구,202606,4020,슈퍼마켓,슈퍼마켓,111.0,False
경상남도,창원시 의창구,202606,4020,슈퍼마켓,슈퍼마켓,111.0,False
경상남도,창원시 진해구,202606,4020,슈퍼마켓,슈퍼마켓,89.0,False
경상남도,통영시,202606,4020,슈퍼마켓,슈퍼마켓,66.0,False
경상남도,하동군,202606,4020,슈퍼마켓,슈퍼마켓,23.0,False
경상남도,함안군,202606,4020,슈퍼마켓,슈퍼마켓,40.0,False
경상남도,함양군,202606,4020,슈퍼마켓,슈퍼마켓,25.0,False
경상남도,합천군,202606,4020,슈퍼마켓,슈퍼마켓,27.0,False
제주특별자치도,서귀포시,202606,4020,슈퍼마켓,슈퍼마켓,98.0,False
제주특별자치도,제주시,202606,4020,슈퍼마켓,슈퍼마켓,381.0,False
