SIDO_NM,CCG_NM,STRD_YYMM,amt,cnt,population_total,amt_per_registered_resident,cnt_per_registered_resident
강원특별자치도,강릉시,202601,14369480000,590418,205966.0,69766.27210316266,2.866579920957828
강원특별자치도,강릉시,202602,13798180000,563793,205895.0,67015.61475509361,2.7382549357682313
강원특별자치도,강릉시,202603,12362960000,552609,205891.0,60046.14091922425,2.683988129641412
강원특별자치도,강릉시,202604,12994200000,583128,205849.0,63124.91195002162,2.83279491277587
강원특별자치도,강릉시,202605,15668830000,680874,205790.0,76139.89989795422,3.3085864230526263
강원특별자치도,강릉시,202606,13720460000,622204,205666.0,66712.33942411482,3.0253128859412834
강원특별자치도,고성군,202601,1275220000,60585,26849.0,47495.99612648516,2.2565086222950574
강원특별자치도,고성군,202602,1266530000,58373,26942.0,47009.50189295524,2.166617177640858
강원특별자치도,고성군,202603,1111170000,55943,27076.0,41038.92746343625,2.06614714137982
강원특별자치도,고성군,202604,1299160000,65232,27172.0,47812.453996761375,2.4007066097453262
강원특별자치도,고성군,202605,1946660000,90706,27189.0,71597.33715840965,3.3361285814116
강원특별자치도,고성군,202606,1827110000,89386,27204.0,67163.2848110572,3.285766799000147
강원특별자치도,동해시,202601,5011990000,217071,86225.0,58126.87735575529,2.517494926065526
강원특별자치도,동해시,202602,4811100000,208082,86062.0,55902.721293950875,2.41781506355883
강원특별자치도,동해시,202603,4642430000,210430,85875.0,54060.32023289665,2.4504221251819507
강원특별자치도,동해시,202604,4775450000,215358,85758.0,55685.18388954966,2.5112292730707337
강원특별자치도,동해시,202605,5569320000,248064,85608.0,65056.0695262125,2.8976731146621812
강원특별자치도,동해시,202606,5161910000,235654,85589.0,60310.43708887824,2.7533211043475214
강원특별자치도,삼척시,202601,2168310000,86928,60307.0,35954.53264131858,1.441424710232643
강원특별자치도,삼척시,202602,2137180000,85355,60135.0,35539.70233640975,1.4193897064937224
강원특별자치도,삼척시,202603,2176910000,97958,60450.0,36011.74524400331,1.620479735318445
강원특별자치도,삼척시,202604,2472830000,106646,60461.0,40899.58816427118,1.7638808488116307
강원특별자치도,삼척시,202605,2978200000,122792,60408.0,49301.41703085684,2.0327108992186464
강원특별자치도,삼척시,202606,2536300000,109970,60294.0,42065.545493747304,1.8238962417487643
강원특별자치도,속초시,202601,10450250000,382952,79586.0,131307.6420475963,4.811801070540045
강원특별자치도,속초시,202602,10142410000,374150,79252.0,127976.70721243627,4.721016504315348
강원특별자치도,속초시,202603,8673460000,344103,78982.0,109815.65419969107,4.356726849155503
강원특별자치도,속초시,202604,9179750000,361230,78842.0,116432.23155171101,4.581695035640902
강원특별자치도,속초시,202605,11635160000,440591,78805.0,147644.94638665058,5.590901592538544
강원특별자치도,속초시,202606,10185090000,401894,78893.0,129100.04689896441,5.094165515318216
강원특별자치도,양구군,202601,786920000,34136,20373.0,38625.631963873755,1.6755509743287684
강원특별자치도,양구군,202602,737800000,31630,20382.0,36198.606613678734,1.5518594838583064
강원특별자치도,양구군,202603,844080000,37929,20368.0,41441.47682639434,1.8621857816182246
강원특별자치도,양구군,202604,869220000,39623,20349.0,42715.6125608138,1.947171851196619
강원특별자치도,양구군,202605,1018360000,45664,20358.0,50022.59553983692,2.2430494154632084
강원특별자치도,양구군,202606,912650000,41486,20372.0,44799.23424307873,2.036422540742195
강원특별자치도,양양군,202601,2139980000,79400,27349.0,78247.10227064975,2.903214011481224
강원특별자치도,양양군,202602,2027530000,74598,27390.0,74024.46148229281,2.72354874041621
강원특별자치도,양양군,202603,1840760000,72641,27364.0,67269.40505774009,2.65461920771817
강원특별자치도,양양군,202604,2100370000,81922,27406.0,76639.0571407721,2.989199445376925
강원특별자치도,양양군,202605,2955110000,109511,27417.0,107783.85673122515,3.994273625852573
강원특별자치도,양양군,202606,2687260000,104648,27326.0,98340.774354095,3.8296128229524995
강원특별자치도,영월군,202601,836390000,39831,35997.0,23234.99180487263,1.106508875739645
강원특별자치도,영월군,202602,947720000,43707,35917.0,26386.3908455606,1.2168889383857227
강원특별자치도,영월군,202603,1139590000,54648,35868.0,31771.774283483886,1.5235864837738373
강원특별자치도,영월군,202604,1270460000,59537,35836.0,35452.05938162741,1.6613740372809465
강원특별자치도,영월군,202605,1566380000,70650,35757.0,43806.24772771765,1.9758368990687138
강원특별자치도,영월군,202606,1303810000,60982,35714.0,36506.972055776445,1.7075096600772806
강원특별자치도,원주시,202601,17207590000,842807,363496.0,47339.14541012831,2.3186142350947465
강원특별자치도,원주시,202602,16285090000,793675,363669.0,44779.9784969299,2.1824103786685143
강원특별자치도,원주시,202603,17450600000,930261,363900.0,47954.383072272605,2.5563643858202805
강원특별자치도,원주시,202604,17503160000,957984,364286.0,48047.85251148823,2.629757937444755
강원특별자치도,원주시,202605,19479200000,1015272,364570.0,53430.61689113202,2.7848479030090245
강원특별자치도,원주시,202606,17294560000,948759,364811.0,47406.903848842274,2.6006863828119218
강원특별자치도,인제군,202601,1093290000,58057,30814.0,35480.30116180957,1.8841111183228403
강원특별자치도,인제군,202602,1019950000,55657,30742.0,33177.7372975083,1.8104547524559236
강원특별자치도,인제군,202603,992850000,54261,30760.0,32277.30819245774,1.7640117035110534
강원특별자치도,인제군,202604,1020580000,57649,30773.0,33164.78731355409,1.8733630130309038
강원특별자치도,인제군,202605,1276160000,73948,30752.0,41498.43912591051,2.404656607700312
강원특별자치도,인제군,202606,1178850000,67005,30771.0,38310.422150726336,2.1775372916057325
강원특별자치도,정선군,202601,2126360000,98638,34982.0,60784.4034074667,2.819678691898691
강원특별자치도,정선군,202602,2023490000,93182,35001.0,57812.34821862233,2.662266792377361
강원특별자치도,정선군,202603,1979620000,91998,35053.0,56475.05206401734,2.6245399823124984
강원특별자치도,정선군,202604,2308320000,104975,35073.0,65814.72927893251,2.99304308157272
강원특별자치도,정선군,202605,2750770000,123353,35113.0,78340.5006692678,3.513029362344431
강원특별자치도,정선군,202606,2414870000,113707,35128.0,68744.8758824869,3.2369335003416078
강원특별자치도,철원군,202601,1496400000,63756,39953.0,37454.00845994043,1.5957750356669087
강원특별자치도,철원군,202602,1441820000,62036,39818.0,36210.256667838665,1.5579888492641518
강원특별자치도,철원군,202603,1501960000,67502,39802.0,37735.792171247675,1.6959449273905833
강원특별자치도,철원군,202604,1537990000,69000,39779.0,38663.36509213404,1.7345835742477187
강원특별자치도,철원군,202605,1845570000,79088,39727.0,46456.31434540741,1.9907871221083897
강원특별자치도,철원군,202606,1575470000,73010,39711.0,39673.39024451663,1.8385334038427639
강원특별자치도,춘천시,202601,12881380000,560348,284895.0,45214.48252865091,1.9668579652152547
강원특별자치도,춘천시,202602,12373820000,528554,284855.0,43439.0128310895,1.8555194748205228
강원특별자치도,춘천시,202603,13387350000,642481,284910.0,46987.99620932926,2.255031413428802
강원특별자치도,춘천시,202604,13445420000,668498,284966.0,47182.54107507562,2.345886877732782
강원특별자치도,춘천시,202605,15427190000,708989,285160.0,54100.11923130874,2.486284892691822
강원특별자치도,춘천시,202606,13133550000,645280,285027.0,46078.26626951131,2.263925873689159
강원특별자치도,태백시,202601,1480740000,55568,36972.0,40050.308341447584,1.5029752244942118
강원특별자치도,태백시,202602,1381680000,52203,36886.0,37458.11418966546,1.4152523992842814
강원특별자치도,태백시,202603,1132720000,47249,36859.0,30731.164708754986,1.2818850212973765
강원특별자치도,태백시,202604,1165350000,49299,36850.0,31624.15196743555,1.3378290366350067
강원특별자치도,태백시,202605,1473830000,57477,36853.0,39992.13089843432,1.5596287954847639
강원특별자치도,태백시,202606,1375260000,55860,36811.0,37360.02825242455,1.5174811876884626
강원특별자치도,평창군,202601,3082220000,128293,39933.0,77184.78451406106,3.2127062830240654
강원특별자치도,평창군,202602,2844020000,119000,39949.0,71191.26886780646,2.978797967408446
강원특별자치도,평창군,202603,1853710000,82599,39860.0,46505.51931761164,2.072227797290517
강원특별자치도,평창군,202604,1940120000,85972,39904.0,48619.68724939856,2.154470729751403
강원특별자치도,평창군,202605,2705050000,112937,39917.0,67766.86624746349,2.8292957887616805
강원특별자치도,평창군,202606,2528730000,107195,39897.0,63381.457252424996,2.6867934932451063
강원특별자치도,홍천군,202601,3949670000,199093,66008.0,59836.2319718822,3.0161950066658587
강원특별자치도,홍천군,202602,3668730000,185838,65937.0,55639.92902315847,2.8184175804176714
강원특별자치도,홍천군,202603,3023090000,152801,65962.0,45830.781358964254,2.316500409326582
강원특별자치도,홍천군,202604,3293130000,169175,65935.0,49945.09744445287,2.5657844847197997
강원특별자치도,홍천군,202605,4163410000,210890,65889.0,63188.240829273476,3.2006860022158476
강원특별자치도,홍천군,202606,3661450000,191191,65849.0,55603.729745326425,2.903476134793239
강원특별자치도,화천군,202601,1253320000,70575,22338.0,56107.08210224729,3.1594144507117914
강원특별자치도,화천군,202602,890640000,44791,22284.0,39967.68982229402,2.0100071800394903
강원특별자치도,화천군,202603,932290000,49573,22290.0,41825.4822790489,2.2240017945266937
강원특별자치도,화천군,202604,994000000,53347,22335.0,44504.14148197896,2.388493396015223
강원특별자치도,화천군,202605,1164860000,59446,22328.0,52170.36904335364,2.662396990326048
강원특별자치도,화천군,202606,1057680000,55456,22579.0,46843.527171265334,2.4560875149475176
강원특별자치도,횡성군,202601,1924360000,86196,45591.0,42209.207957710954,1.8906363097979864
강원특별자치도,횡성군,202602,1881650000,83019,45583.0,41279.643726827984,1.821271087905579
강원특별자치도,횡성군,202603,1751540000,78186,45573.0,38433.72172119457,1.7156210914357186
강원특별자치도,횡성군,202604,1917830000,85555,45625.0,42034.6301369863,1.8751780821917807
강원특별자치도,횡성군,202605,2399730000,104131,45596.0,52630.274585489955,2.2837748925344328
강원특별자치도,횡성군,202606,2124990000,93363,45575.0,46626.22051563357,2.0485573230938012
경기도,가평군,202601,3318610000,138243,62026.0,53503.53077741592,2.2287911520975077
경기도,가평군,202602,3456810000,140541,62030.0,55728.03482186039,2.2656940190230532
경기도,가평군,202603,3589720000,154016,61963.0,57933.28276552136,2.4856123815825573
경기도,가평군,202604,4291780000,181391,62010.0,69211.09498467989,2.925189485566844
경기도,가평군,202605,5293120000,211111,62044.0,85312.3589710528,3.4026013796660433
경기도,가평군,202606,4575450000,184873,62041.0,73748.81126996664,2.9798520333327962
경기도,고양시 덕양구,202601,22552070000,1084395,485174.0,46482.43722870558,2.235064121325545
경기도,고양시 덕양구,202602,21149950000,1002645,484682.0,43636.75564596993,2.068665640564329
경기도,고양시 덕양구,202603,22403840000,1141674,484128.0,46276.68715711548,2.358206920483839
경기도,고양시 덕양구,202604,21403630000,1135406,483700.0,44249.803597271035,2.347335125077527
경기도,고양시 덕양구,202605,24253590000,1198860,483267.0,50186.729075231706,2.4807404602424747
경기도,고양시 덕양구,202606,21298090000,1140709,483048.0,44091.042712111426,2.361481674698995
경기도,고양시 일산동구,202601,15650450000,760079,297178.0,52663.55517568595,2.557655681106946
경기도,고양시 일산동구,202602,14411570000,692914,297383.0,48461.31083484933,2.330039040563852
경기도,고양시 일산동구,202603,15508140000,801244,297093.0,52199.614262200725,2.696946747314814
경기도,고양시 일산동구,202604,15212020000,806514,297542.0,51125.62260117899,2.7105887572174683
경기도,고양시 일산동구,202605,16782690000,843460,297895.0,56337.6021752631,2.831400325618087
경기도,고양시 일산동구,202606,14973520000,809208,298269.0,50201.39538470307,2.7130140913068406
경기도,고양시 일산서구,202601,9974950000,538351,277646.0,35926.863704141244,1.938983453750459
경기도,고양시 일산서구,202602,9411040000,502677,277365.0,33930.16422403692,1.8123303228597696
경기도,고양시 일산서구,202603,9911900000,575846,276829.0,35805.13602259879,2.080150562260457
경기도,고양시 일산서구,202604,9652140000,576874,276520.0,34905.75726891364,2.08619268045711
경기도,고양시 일산서구,202605,10474710000,604616,276309.0,37909.405773970444,2.1881878621398507
경기도,고양시 일산서구,202606,9290760000,560797,276121.0,33647.42268787959,2.030982793775193
경기도,과천시,202601,3166930000,203913,79951.0,39610.886668084204,2.5504746657327613
경기도,과천시,202602,3042570000,199251,80098.0,37985.59264900497,2.487590202002547
경기도,과천시,202603,3550540000,249293,80197.0,44272.72840629949,3.1085077995436237
경기도,과천시,202604,4121590000,301179,80250.0,51359.376947040495,3.7530093457943927
경기도,과천시,202605,4482220000,317544,80384.0,55760.10151273885,3.9503383757961785
경기도,과천시,202606,3531170000,252512,80832.0,43685.29790182106,3.1239113222486146
경기도,광명시,202601,11665090000,681297,297468.0,39214.60459612463,2.2903203033603616
경기도,광명시,202602,10728900000,628788,300826.0,35664.802909323,2.0902049689853937
경기도,광명시,202603,11683970000,712621,302390.0,38638.74466748239,2.356628856774364
경기도,광명시,202604,11514990000,722445,303091.0,37991.85723099663,2.383591066709338
경기도,광명시,202605,12458920000,734226,303479.0,41053.647863608356,2.4193634485417443
경기도,광명시,202606,11179800000,710231,303666.0,36816.10717037798,2.3388558482016424
경기도,광주시,202601,18787900000,924233,397364.0,47281.3339910007,2.3259102485378644
경기도,광주시,202602,17716590000,858085,397174.0,44606.620775780895,2.160476264810889
경기도,광주시,202603,18721480000,968960,397166.0,47137.67039474678,2.439685169425379
경기도,광주시,202604,19014810000,1000137,397402.0,47847.79643786392,2.5166883911001956
경기도,광주시,202605,21092740000,1057341,398250.0,52963.5655994978,2.654967984934087
경기도,광주시,202606,19030240000,1002497,399111.0,47681.57229442436,2.51182503113169
경기도,구리시,202601,8480080000,437339,186118.0,45562.92244704972,2.349794216572282
경기도,구리시,202602,7916650000,400691,185946.0,42574.99489098986,2.1548782980004946
경기도,구리시,202603,8538420000,458492,185982.0,45909.926767106495,2.4652493252035144
경기도,구리시,202604,8397520000,465915,186855.0,44941.37165181558,2.4934574937785983
경기도,구리시,202605,9430030000,491506,187463.0,50303.4198748553,2.6218827181897226
경기도,구리시,202606,8414380000,467989,187782.0,44809.300145913876,2.4921930749486108
경기도,군포시,202601,10916310000,617180,251038.0,43484.691560640225,2.4585122571084854
경기도,군포시,202602,10349450000,576994,250701.0,41282.04514541227,2.3015225308235707
경기도,군포시,202603,11014740000,662851,250300.0,44006.15261685977,2.6482261286456255
경기도,군포시,202604,11092200000,678701,250007.0,44367.55770838416,2.714727987616347
경기도,군포시,202605,11749660000,687548,249770.0,47041.918565079875,2.752724506546022
경기도,군포시,202606,10672010000,662758,249462.0,42780.10278118511,2.656749324546424
경기도,김포시,202601,23309610000,1163612,484694.0,48091.393745332105,2.400714677714187
경기도,김포시,202602,22187770000,1077421,484614.0,45784.418114210486,2.223256034699782
경기도,김포시,202603,23346290000,1231303,484334.0,48202.8723979733,2.542260093241441
경기도,김포시,202604,22859420000,1245099,484222.0,47208.5531016765,2.5713391791368423
경기도,김포시,202605,25319130000,1317690,484047.0,52307.17265058972,2.722235650670286
경기도,김포시,202606,22875410000,1263606,484042.0,47259.142801657705,2.6105296647811556
경기도,남양주시,202601,25549810000,1252639,729552.0,35021.23220825932,1.716997554663684
경기도,남양주시,202602,24001270000,1160808,729142.0,32917.140968425905,1.5920191128751326
경기도,남양주시,202603,25847290000,1336615,728597.0,35475.42743107644,1.8345052203069736
경기도,남양주시,202604,25604550000,1360158,728126.0,35164.99891502295,1.868025588977732
경기도,남양주시,202605,28936060000,1431724,727717.0,39762.79240419009,1.967418653130269
경기도,남양주시,202606,25743710000,1365988,727440.0,35389.46167381502,1.877801605630705
경기도,동두천시,202601,3510190000,183416,86331.0,40659.67033858058,2.1245670732413617
경기도,동두천시,202602,3318520000,173161,86299.0,38453.74801562011,2.006523829940092
경기도,동두천시,202603,3546410000,199283,86326.0,41081.5976646665,2.30849338553854
경기도,동두천시,202604,3522100000,204299,86293.0,40815.593385326734,2.3675037372672176
경기도,동두천시,202605,3897770000,213585,86243.0,45195.204248460745,2.4765488213536173
경기도,동두천시,202606,3489600000,202504,86265.0,40452.095287776036,2.347464209123051
경기도,부천시 소사구,202601,10004830000,541645,225290.0,44408.673265568825,2.404212348528563
경기도,부천시 소사구,202602,9584300000,503182,225010.0,42594.99577796542,2.2362650548864496
경기도,부천시 소사구,202603,9753100000,573153,224842.0,43377.57180597931,2.549136727123936
경기도,부천시 소사구,202604,9362680000,565765,224628.0,41680.82340580872,2.5186753209751234
경기도,부천시 소사구,202605,10170200000,582890,224399.0,45321.94885003944,2.597560595189818
경기도,부천시 소사구,202606,9168070000,562948,224202.0,40892.00809983854,2.5108964237607156
경기도,부천시 오정구,202601,6526120000,400546,148911.0,43825.6408190127,2.6898348678069453
경기도,부천시 오정구,202602,6107630000,372415,148890.0,41021.08939485526,2.501276109879777
경기도,부천시 오정구,202603,6580960000,426451,148695.0,44258.11224318235,2.867957900400148
경기도,부천시 오정구,202604,6526760000,433325,148825.0,43855.26625230976,2.911641189316311
경기도,부천시 오정구,202605,7113630000,445551,148946.0,47759.792139433084,2.9913592845729324
경기도,부천시 오정구,202606,6528990000,437463,148912.0,43844.61964113033,2.9377283227678093
경기도,부천시 원미구,202601,20525600000,1139413,384011.0,53450.552197723504,2.967136358073076
경기도,부천시 원미구,202602,19136160000,1047403,383544.0,49892.99793504787,2.7308548693239887
경기도,부천시 원미구,202603,20748790000,1220105,383164.0,54151.198964412106,3.184289233852867
경기도,부천시 원미구,202604,20594650000,1240225,382903.0,53785.55404371342,3.239005701182806
경기도,부천시 원미구,202605,22307680000,1276968,382692.0,58291.471993143314,3.336803486877175
경기도,부천시 원미구,202606,20303370000,1234730,382339.0,53103.0577576444,3.2294115954689424
경기도,성남시 분당구,202601,25282000000,1339221,469871.0,53806.257462154506,2.8501886688048423
경기도,성남시 분당구,202602,22562360000,1186300,469435.0,48062.79889654585,2.5270804264701185
경기도,성남시 분당구,202603,25277200000,1430561,469015.0,53894.225131392384,3.0501391213500635
경기도,성남시 분당구,202604,25031650000,1461558,468627.0,53414.8693950626,3.118808775422671
경기도,성남시 분당구,202605,26179350000,1433480,468368.0,55894.830560584836,3.0605848392716837
경기도,성남시 분당구,202606,23818090000,1407313,467641.0,50932.42465908678,3.009387543008419
경기도,성남시 수정구,202601,11272530000,660044,233273.0,48323.33789165484,2.829491625691786
경기도,성남시 수정구,202602,10378110000,597649,234087.0,44334.414128080585,2.5531063237172504
경기도,성남시 수정구,202603,11750070000,735830,234336.0,50141.97562474396,3.140063839956302
경기도,성남시 수정구,202604,11396390000,740585,234182.0,48664.671067801966,3.162433491899463
경기도,성남시 수정구,202605,12208310000,734002,234328.0,52099.23696698645,3.1323700112662594
경기도,성남시 수정구,202606,11091360000,711527,234639.0,47269.89119455845,3.0324328010262573
경기도,성남시 중원구,202601,8285470000,513379,203016.0,40811.906450723094,2.5287612798991215
경기도,성남시 중원구,202602,7491400000,463700,202679.0,36961.89541097006,2.2878541930836445
경기도,성남시 중원구,202603,8414000000,554486,202142.0,41624.20476694601,2.743051914001049
경기도,성남시 중원구,202604,8216870000,557224,201767.0,40724.54861300411,2.7617202020151956
경기도,성남시 중원구,202605,8443770000,549688,201051.0,41998.14972320456,2.7340724492790387
경기도,성남시 중원구,202606,7790980000,536995,200064.0,38942.43841970569,2.6841160828534867
경기도,수원시 권선구,202601,16062340000,829083,360806.0,44517.940389017924,2.297863671890157
경기도,수원시 권선구,202602,14902540000,760068,360535.0,41334.51675981528,2.108167029553303
경기도,수원시 권선구,202603,16390580000,881789,360383.0,45481.00215603955,2.446810754114373
경기도,수원시 권선구,202604,16059640000,891762,360365.0,44564.92722656196,2.4746076894259987
경기도,수원시 권선구,202605,17416180000,926934,360343.0,48332.22790507933,2.572365773721149
경기도,수원시 권선구,202606,15721000000,886115,360286.0,43634.77903665421,2.459476638004252
경기도,수원시 영통구,202601,13386830000,811479,362278.0,36951.8160087005,2.2399345254197054
경기도,수원시 영통구,202602,11924330000,721065,362132.0,32928.13117868623,1.9911662045883822
경기도,수원시 영통구,202603,13873920000,930309,362105.0,38314.6324960992,2.5691691636403804
경기도,수원시 영통구,202604,13499070000,948670,362149.0,37274.90618502329,2.619557143606637
경기도,수원시 영통구,202605,14152520000,933255,362168.0,39077.223829824834,2.5768565969384376
경기도,수원시 영통구,202606,12887510000,905205,362099.0,35591.122869712424,2.499882628783841
경기도,수원시 장안구,202601,14602870000,716206,270954.0,53894.27725739424,2.6432752422920496
경기도,수원시 장안구,202602,14022360000,664533,270944.0,51753.720325971415,2.452658113853785
경기도,수원시 장안구,202603,14724530000,775412,270705.0,54393.26942612807,2.8644169852791785
경기도,수원시 장안구,202604,14199280000,789161,270439.0,52504.55740481218,2.9180739464352405
경기도,수원시 장안구,202605,15361450000,811562,270245.0,56842.67979056042,3.003060186127403
경기도,수원시 장안구,202606,13398210000,767362,269984.0,49625.940796491646,2.8422499111058435
경기도,수원시 팔달구,202601,15618460000,833367,191972.0,81358.01054320422,4.341086200070843
경기도,수원시 팔달구,202602,14795630000,784805,192473.0,76871.197518613,4.077480997334691
경기도,수원시 팔달구,202603,15992830000,894884,192974.0,82875.56872946615,4.637329381160156
경기도,수원시 팔달구,202604,15828500000,909254,193197.0,81929.32602473123,4.706356723965693
경기도,수원시 팔달구,202605,17236900000,960833,193364.0,89142.23950683685,4.969037669886846
경기도,수원시 팔달구,202606,15362850000,886727,193401.0,79435.21491615866,4.584914245531305
경기도,시흥시,202601,33199290000,1687896,514778.0,64492.44140192471,3.278881381877236
경기도,시흥시,202602,31772550000,1555589,514384.0,61768.15375283835,3.0241784347880185
경기도,시흥시,202603,33638620000,1784390,514501.0,65381.05854021664,3.4681953970934947
경기도,시흥시,202604,32898930000,1803877,514822.0,63903.50451223918,3.5038848378662917
경기도,시흥시,202605,37069390000,1925194,514804.0,72006.80258894648,3.739664027474534
경기도,시흥시,202606,32450060000,1829030,514831.0,63030.509040830875,3.5526803941487595
경기도,안산시 단원구,202601,27050410000,1399236,289531.0,93428.37209141681,4.83276747567618
경기도,안산시 단원구,202602,25878330000,1295559,289296.0,89452.775012444,4.478316326530612
경기도,안산시 단원구,202603,26816650000,1466870,289167.0,92737.58762237738,5.072743431996043
경기도,안산시 단원구,202604,26716070000,1501041,288914.0,92470.66601133901,5.195459548516167
경기도,안산시 단원구,202605,29790390000,1603932,288673.0,103197.70120516987,5.556224517014061
경기도,안산시 단원구,202606,26487320000,1527892,288467.0,91820.97085628512,5.296591984525093
경기도,안산시 상록구,202601,15983060000,921724,322329.0,49586.16816978925,2.8595751545780863
경기도,안산시 상록구,202602,15168060000,853948,322171.0,47080.773874743536,2.65060480303938
경기도,안산시 상록구,202603,16300280000,999890,321616.0,50682.42873488881,3.1089560220884533
경기도,안산시 상록구,202604,16137070000,1022799,321167.0,50245.10612858731,3.1846329168314305
경기도,안산시 상록구,202605,17653010000,1067958,321039.0,54987.11994492881,3.3265678001738106
경기도,안산시 상록구,202606,16121570000,1026890,320773.0,50258.50055958575,3.2012981142427823
경기도,안성시,202601,14038170000,666177,196679.0,71376.0492986033,3.387128264837629
경기도,안성시,202602,13517380000,638536,196871.0,68661.1029557426,3.243423358442838
경기도,안성시,202603,14553130000,736313,197266.0,73774.14252836272,3.732589498443726
경기도,안성시,202604,14401780000,759424,198089.0,72703.58273301394,3.8337514955398837
경기도,안성시,202605,16273120000,822402,198631.0,81926.3861129431,4.140350700545232
경기도,안성시,202606,14319070000,767156,198785.0,72032.9501722967,3.8592247906029127
경기도,안양시 동안구,202601,15678870000,854023,329715.0,47552.795596196716,2.590185463203069
경기도,안양시 동안구,202602,14371630000,774551,329815.0,43574.82224883647,2.3484407925655293
경기도,안양시 동안구,202603,15732970000,909601,329302.0,47776.721671899955,2.762209157551427
경기도,안양시 동안구,202604,15461950000,919638,329110.0,46981.1005438911,2.7943180091762634
경기도,안양시 동안구,202605,16391450000,925923,328926.0,49833.24516760609,2.8149887816712575
경기도,안양시 동안구,202606,14895470000,901168,328594.0,45330.92509297188,2.7424968197836845
경기도,안양시 만안구,202601,10074240000,608719,233633.0,43119.935967949736,2.6054495726203064
경기도,안양시 만안구,202602,9569310000,570138,233578.0,40968.37030884758,2.440889124831962
경기도,안양시 만안구,202603,10519040000,677148,233364.0,45075.675768327594,2.9016814932894532
경기도,안양시 만안구,202604,10212580000,682704,233299.0,43774.64112576565,2.926304870573813
경기도,안양시 만안구,202605,10838440000,694518,233415.0,46434.20517104727,2.9754643017800912
경기도,안양시 만안구,202606,9873180000,662963,233711.0,42245.25161417306,2.836678633012567
경기도,양주시,202601,13023220000,562608,296463.0,43928.652142088555,1.8977342872466378
경기도,양주시,202602,12584430000,527478,296740.0,42408.94385657478,1.7775763294466536
경기도,양주시,202603,13148280000,611476,296830.0,44295.65744702355,2.060020887376613
경기도,양주시,202604,12813060000,619270,296910.0,43154.69334141659,2.085716210299417
경기도,양주시,202605,14614910000,662376,296976.0,49212.427940304944,2.230402456764183
경기도,양주시,202606,12919610000,626887,297226.0,43467.29424747499,2.1091257157852947
경기도,양평군,202601,5266490000,233742,126986.0,41472.99702329391,1.8406910998062778
경기도,양평군,202602,5300640000,236345,126830.0,41793.266577308204,1.8634786722384293
경기도,양평군,202603,5561160000,253327,126742.0,43877.79899323034,1.9987612630382983
경기도,양평군,202604,6038000000,277564,126797.0,47619.42317247253,2.189042327499862
경기도,양평군,202605,7096720000,316360,126746.0,55991.668376122325,2.496015653353952
경기도,양평군,202606,6132280000,286415,126822.0,48353.44025484537,2.258401539165129
경기도,여주시,202601,8861800000,249580,113885.0,77813.5838784739,2.1915089783553583
경기도,여주시,202602,9374610000,257837,113735.0,82425.02307996659,2.266997845869785
경기도,여주시,202603,10242490000,286230,113621.0,90146.09975268657,2.5191645910527103
경기도,여주시,202604,10123370000,295885,113605.0,89110.25042911843,2.604506843888913
경기도,여주시,202605,11699870000,341697,113541.0,103045.33164231422,3.009459138108701
경기도,여주시,202606,9193980000,296216,113506.0,80999.94713935828,2.60969464169295
경기도,연천군,202601,1288470000,58862,42475.0,30334.785167745733,1.3858034137728075
경기도,연천군,202602,1301580000,57753,42578.0,30569.308093381558,1.3564047160505426
경기도,연천군,202603,1320680000,61435,42684.0,30940.867772467434,1.4392980976478307
경기도,연천군,202604,1327430000,63246,42814.0,31004.57794179474,1.4772270752557575
경기도,연천군,202605,1597470000,73299,42868.0,37264.85956890921,1.709876831202762
경기도,연천군,202606,1440080000,68500,42977.0,33508.155525048285,1.5938757940293646
경기도,오산시,202601,12769580000,667315,250128.0,51052.18128318301,2.6678940382524146
경기도,오산시,202602,11926410000,615946,250518.0,47606.99829952339,2.458689595158831
경기도,오산시,202603,12712460000,709056,250783.0,50691.0755513731,2.8273686812901992
경기도,오산시,202604,12524350000,721839,251395.0,49819.407705006066,2.8713339565226037
경기도,오산시,202605,13832800000,760195,252414.0,54802.03158303422,3.0116990341264747
경기도,오산시,202606,12347880000,719852,253590.0,48692.29859221578,2.838645056981742
경기도,용인시 기흥구,202601,13267130000,749030,434484.0,30535.37069259167,1.7239530109279053
경기도,용인시 기흥구,202602,12668710000,696435,434349.0,29167.121370142442,1.6033995703915516
경기도,용인시 기흥구,202603,13818570000,835217,434263.0,31820.739966333764,1.9232976330011997
경기도,용인시 기흥구,202604,13626750000,854151,434289.0,31377.147475528967,1.9667801855446487
경기도,용인시 기흥구,202605,15157730000,884724,434363.0,34896.457571201965,2.036830945545546
경기도,용인시 기흥구,202606,13333260000,833477,434590.0,30680.08927955084,1.9178467060907982
경기도,용인시 수지구,202601,10197800000,561763,373960.0,27269.761471815167,1.5022007701358433
경기도,용인시 수지구,202602,9413740000,514835,373308.0,25217.08615941796,1.3791159042935057
경기도,용인시 수지구,202603,10900160000,623005,372025.0,29299.53632148377,1.6746320811773403
경기도,용인시 수지구,202604,10332040000,625752,370941.0,27853.59396777385,1.686931344876948
경기도,용인시 수지구,202605,11458430000,629440,369798.0,30985.64621766478,1.7021184538585932
경기도,용인시 수지구,202606,10259930000,607358,369230.0,27787.368307017307,1.644931343606966
경기도,용인시 처인구,202601,13052950000,702243,282534.0,46199.57244083898,2.485516787360105
경기도,용인시 처인구,202602,12573980000,669891,283119.0,44412.34957738619,2.366111069903468
경기도,용인시 처인구,202603,14406810000,824576,284132.0,50704.63728126364,2.9020877620261007
경기도,용인시 처인구,202604,14494510000,855899,285039.0,50850.97127059806,3.0027434842249656
경기도,용인시 처인구,202605,15898580000,903881,285532.0,55680.5541935755,3.1656031548127705
경기도,용인시 처인구,202606,14175120000,848560,286391.0,49495.68945951514,2.9629422712305904
경기도,의왕시,202601,6087100000,302164,160842.0,37845.21455838649,1.8786386640305393
경기도,의왕시,202602,5585900000,277728,161183.0,34655.639862764685,1.723060124206647
경기도,의왕시,202603,6378290000,329926,162209.0,39321.43099334809,2.033956192319785
경기도,의왕시,202604,6415940000,337454,162972.0,39368.35775470633,2.070625628942395
경기도,의왕시,202605,7328340000,356057,163071.0,44939.566201225236,2.1834477006947894
경기도,의왕시,202606,6393430000,341109,164221.0,38931.86620468758,2.0771338622953217
경기도,의정부시,202601,19298050000,1059822,461541.0,41812.21169950232,2.296268370523962
경기도,의정부시,202602,18202850000,982065,461581.0,39435.87366031097,2.1276114051488255
경기도,의정부시,202603,19050830000,1119551,461460.0,41283.8165821523,2.426106271399471
경기도,의정부시,202604,18870850000,1133761,461741.0,40868.90702796589,2.4554046532579954
경기도,의정부시,202605,21123250000,1177990,461816.0,45739.536958442324,2.5507777989502314
경기도,의정부시,202606,18738620000,1121377,461917.0,40567.0715734645,2.4276590816098995
경기도,이천시,202601,11536550000,574409,222879.0,51761.493904764466,2.577223515898761
경기도,이천시,202602,10960970000,535294,222906.0,49173.05949593102,2.401433788233605
경기도,이천시,202603,11786350000,608933,223229.0,52799.36746569666,2.72784002078583
경기도,이천시,202604,11500800000,615497,223506.0,51456.33674263778,2.7538276377367947
경기도,이천시,202605,12446020000,641417,223635.0,55653.27430858318,2.8681422854204395
경기도,이천시,202606,11270820000,613362,224740.0,50150.485004894545,2.729207083741212
경기도,파주시,202601,22580690000,1022691,527182.0,42832.816750192535,1.9399201793687948
경기도,파주시,202602,22541540000,974942,528614.0,42642.72228885349,1.8443363210206314
경기도,파주시,202603,23449780000,1110032,530201.0,44228.09462826362,2.093606009796285
경기도,파주시,202604,23062790000,1127048,531373.0,43402.26168811739,2.1210110412083414
경기도,파주시,202605,25955830000,1188849,532124.0,48777.78487720907,2.234157827874706
경기도,파주시,202606,22500870000,1120195,533387.0,42184.886395806425,2.100154296973867
경기도,평택시,202601,31136920000,1714054,612095.0,50869.42386394269,2.8003071418652334
경기도,평택시,202602,28921400000,1588284,613456.0,47145.02751623588,2.589075663128244
경기도,평택시,202603,31924690000,1867041,615107.0,51901.0351044615,3.0353109296431353
경기도,평택시,202604,32155350000,1936239,616517.0,52156.46932687987,3.140609261382898
경기도,평택시,202605,35010980000,2033295,618234.0,56630.6285322386,3.2888760566387485
경기도,평택시,202606,32236880000,1978000,619670.0,52022.657220778805,3.1920215598625075
경기도,포천시,202601,8166320000,363381,140461.0,58139.41236357423,2.587059753241113
경기도,포천시,202602,7868180000,345183,140355.0,56059.13576288697,2.4593566313989528
경기도,포천시,202603,8560760000,406779,140428.0,60961.9164269234,2.8967086336058334
경기도,포천시,202604,8749250000,425372,140435.0,62301.06454943568,3.028960017089757
경기도,포천시,202605,10209080000,460966,140464.0,72681.11402209819,3.281737669438433
경기도,포천시,202606,8789160000,424621,140468.0,62570.549876128374,3.0229020132699262
경기도,하남시,202601,17994280000,754167,328048.0,54852.58254889528,2.2989532019704435
경기도,하남시,202602,16975040000,695508,327740.0,51794.22713126259,2.1221333984255812
경기도,하남시,202603,17628110000,781089,327824.0,53773.091658938945,2.382647396163795
경기도,하남시,202604,17398760000,792374,327681.0,53096.63971972742,2.4181261653864583
경기도,하남시,202605,19220510000,830451,327571.0,58675.859584639664,2.5351786330291755
경기도,하남시,202606,16619020000,781750,327495.0,50745.873982808895,2.387059344417472
경기도,화성시 동탄구,202601,12454570000,701441,,,
경기도,화성시 동탄구,202602,11308250000,635394,425467.0,26578.442041333405,1.4934037187372933
경기도,화성시 동탄구,202603,12754550000,759447,426960.0,29872.938916994568,1.7787310286677909
경기도,화성시 동탄구,202604,12345190000,774107,427848.0,28854.149137076718,1.8093037714328453
경기도,화성시 동탄구,202605,13320180000,795450,428440.0,31089.954252637475,1.8566193632714032
경기도,화성시 동탄구,202606,12538960000,785616,428989.0,29229.094452305304,1.8313196841877064
경기도,화성시 만세구,202601,18442570000,944049,,,
경기도,화성시 만세구,202602,17254770000,874858,234881.0,73461.75297278196,3.724686117651066
경기도,화성시 만세구,202603,18659380000,1002563,234733.0,79491.93338814739,4.271078203746384
경기도,화성시 만세구,202604,18542800000,1036265,234710.0,79003.0250095863,4.415086702739551
경기도,화성시 만세구,202605,20725240000,1120893,234599.0,88343.25807015375,4.777910391774901
경기도,화성시 만세구,202606,18882110000,1079595,234482.0,80526.90611646096,4.60417004290308
경기도,화성시 병점구,202601,6621540000,357174,,,
경기도,화성시 병점구,202602,6122350000,326090,173168.0,35354.97320521112,1.8830846345745171
경기도,화성시 병점구,202603,6662730000,384182,174109.0,38267.57950479297,2.2065602582290404
경기도,화성시 병점구,202604,6523850000,388748,174580.0,37368.82804444954,2.2267613701454922
경기도,화성시 병점구,202605,7097730000,398243,174699.0,40628.33788401765,2.2795951894401227
경기도,화성시 병점구,202606,6538720000,390470,174794.0,37408.149021133446,2.233886746684669
경기도,화성시 효행구,202601,6806720000,355015,,,
경기도,화성시 효행구,202602,6433830000,332182,159440.0,40352.67185148018,2.083429503261415
경기도,화성시 효행구,202603,6902490000,402624,159451.0,43289.09821826141,2.5250641262833096
경기도,화성시 효행구,202604,6793630000,413259,159444.0,42608.25117282557,2.5918755174230452
경기도,화성시 효행구,202605,7594820000,433913,159975.0,47475.042975464916,2.712380059384279
경기도,화성시 효행구,202606,6867380000,411474,160481.0,42792.48010667929,2.564004461587353
경상남도,거제시,202601,12224440000,585346,230871.0,52949.22272611112,2.5353812302108105
경상남도,거제시,202602,11393460000,535918,230117.0,49511.5962749384,2.328893562839773
경상남도,거제시,202603,11581830000,577284,229585.0,50446.80619378444,2.514467408585056
경상남도,거제시,202604,11747420000,585702,229490.0,51189.2457187677,2.5521896378927185
경상남도,거제시,202605,14847350000,747886,229221.0,64773.07925539109,3.2627289820740684
경상남도,거제시,202606,12602530000,668469,229029.0,55025.913748913896,2.918708984451751
경상남도,거창군,202601,1786100000,85687,58898.0,30325.308159869604,1.4548371761350132
경상남도,거창군,202602,1786260000,86325,58737.0,30411.154808723633,1.4696869094437919
경상남도,거창군,202603,1760670000,88987,58909.0,29887.962790066034,1.510584121271792
경상남도,거창군,202604,1943540000,96606,58889.0,33003.44716330724,1.640476150045
경상남도,거창군,202605,2781520000,136520,58874.0,47245.303529571625,2.318850426334205
경상남도,거창군,202606,2203340000,111133,58846.0,37442.47697379601,1.8885395778812493
경상남도,고성군,202601,1870370000,80398,47018.0,39779.8715385597,1.7099408737079416
경상남도,고성군,202602,1807800000,77644,46901.0,38545.02036203919,1.655487089827509
경상남도,고성군,202603,2012660000,86877,46842.0,42966.99543145041,1.8546816959139234
경상남도,고성군,202604,2016250000,89978,46840.0,43045.473953885565,1.9209649871904355
경상남도,고성군,202605,2536060000,105525,46849.0,54132.63890371192,2.252449358577558
경상남도,고성군,202606,3057880000,129734,46808.0,65328.149034353104,2.7716202358571183
경상남도,김해시,202601,29111770000,1488168,533275.0,54590.53959026768,2.7906202240870095
경상남도,김해시,202602,27197020000,1380368,532715.0,51053.60277071229,2.5911941657359
경상남도,김해시,202603,28979110000,1557793,532407.0,54430.36999889182,2.925943873765747
경상남도,김해시,202604,28487070000,1574028,532687.0,53478.06497999764,2.9548834493802176
경상남도,김해시,202605,36824630000,1985867,532665.0,69132.81330667493,3.728172491152976
경상남도,김해시,202606,30539070000,1749810,532777.0,57320.54874741215,3.2843197059933145
경상남도,남해군,202601,2204860000,84338,40874.0,53942.848754709594,2.0633654645985224
경상남도,남해군,202602,2213230000,84304,40887.0,54130.40819820481,2.061877858488028
경상남도,남해군,202603,2660740000,103749,41054.0,64810.73707799484,2.527134992936133
경상남도,남해군,202604,3386350000,123460,41066.0,82461.1600837676,3.006379973700872
경상남도,남해군,202605,3826130000,141420,41091.0,93113.57718235136,3.441629553916916
경상남도,남해군,202606,3114780000,124084,41143.0,75706.19546459908,3.015920083610821
경상남도,밀양시,202601,4444940000,190757,99087.0,44858.962326036715,1.9251465883516505
경상남도,밀양시,202602,4402720000,186559,98901.0,44516.435627546736,1.8863206640984418
경상남도,밀양시,202603,4559330000,205891,98775.0,46158.74462161478,2.0844444444444443
경상남도,밀양시,202604,4616180000,212336,98728.0,46756.543229884126,2.150717121789158
경상남도,밀양시,202605,5059140000,223853,98619.0,51299.85094150215,2.2698770013891845
경상남도,밀양시,202606,4300990000,199551,98591.0,43624.570194033935,2.024028562444848
경상남도,사천시,202601,6183040000,261683,107954.0,57274.7651777609,2.4240231950645645
경상남도,사천시,202602,5958300000,251399,107889.0,55226.2047103968,2.3301634086885596
경상남도,사천시,202603,5983930000,266721,107784.0,55517.79484895717,2.474588065018927
경상남도,사천시,202604,6134140000,273306,107804.0,56900.857111053396,2.535212051500872
경상남도,사천시,202605,7897460000,347520,107808.0,73254.8604927278,3.223508459483526
경상남도,사천시,202606,6380280000,298835,107882.0,59141.28399547654,2.7700172410596764
경상남도,산청군,202601,1271760000,55849,32739.0,38845.41372674792,1.7058859464247533
경상남도,산청군,202602,1229620000,56461,32679.0,37627.22237522568,1.7277456470516233
경상남도,산청군,202603,1201200000,55796,32662.0,36776.6823831976,1.7082848570203906
경상남도,산청군,202604,1383670000,59882,32720.0,42288.20293398533,1.8301344743276284
경상남도,산청군,202605,1814050000,79530,32672.0,55523.07786483839,2.434194417238002
경상남도,산청군,202606,1400920000,63803,32638.0,42922.97322139837,1.9548685581224339
경상남도,양산시,202601,19297600000,967641,361349.0,53404.326565176605,2.6778571408804233
경상남도,양산시,202602,18357750000,897538,361336.0,50805.20623464033,2.483942922930458
경상남도,양산시,202603,19383080000,1000344,361230.0,53658.55549096144,2.7692716551781413
경상남도,양산시,202604,18103870000,986277,361371.0,50097.73888884277,2.7292643848012155
경상남도,양산시,202605,18661020000,969583,361433.0,51630.64800391774,2.6826078415639967
경상남도,양산시,202606,17111500000,938604,361389.0,47349.25523466403,2.5972124220715074
경상남도,의령군,202601,906210000,37110,24591.0,36851.287056240086,1.5090886909845065
경상남도,의령군,202602,930730000,37259,24531.0,37940.972646855,1.5188536953242835
경상남도,의령군,202603,956210000,39596,24503.0,39024.20111823042,1.6159653919928172
경상남도,의령군,202604,1046100000,43824,24502.0,42694.47392049628,1.7885886866378256
경상남도,의령군,202605,1200240000,48451,24481.0,49027.40901106981,1.979126669662187
경상남도,의령군,202606,993570000,41776,24531.0,40502.629326158734,1.7029880559292323
경상남도,진주시,202601,15717870000,712532,335342.0,46871.16436354528,2.1247920033875864
경상남도,진주시,202602,15231930000,679174,335108.0,45453.79400074006,2.0267316805328432
경상남도,진주시,202603,15894890000,776213,335302.0,47404.697854471495,2.314966806043507
경상남도,진주시,202604,15818980000,792898,335005.0,47220.131042820256,2.3668243757555856
경상남도,진주시,202605,18981750000,919036,334984.0,56664.64666969168,2.7435220786664436
경상남도,진주시,202606,15999750000,824714,334651.0,47810.256057803505,2.4644002259069895
경상남도,창녕군,202601,2622290000,113772,54924.0,47743.97349064161,2.071444177408783
경상남도,창녕군,202602,2577160000,111163,54883.0,46957.34562615017,2.0254541479146546
경상남도,창녕군,202603,2647710000,121537,54743.0,48366.18380432201,2.2201377345048683
경상남도,창녕군,202604,2804930000,128800,54640.0,51334.7364568082,2.3572474377745243
경상남도,창녕군,202605,2988050000,135293,54536.0,54790.41367170309,2.4808016722898634
경상남도,창녕군,202606,2593650000,124289,54445.0,47637.98328588484,2.2828358894296996
경상남도,창원시 마산합포구,202601,12500620000,549585,175634.0,71174.2601090905,3.1291492535613834
경상남도,창원시 마산합포구,202602,11589870000,509659,175375.0,66086.21525302922,2.9061097647897363
경상남도,창원시 마산합포구,202603,12317290000,581302,175126.0,70333.8738965088,3.3193357925151035
경상남도,창원시 마산합포구,202604,11974900000,580649,174969.0,68440.12367905171,3.3185821488377942
경상남도,창원시 마산합포구,202605,16757430000,797529,174767.0,95884.40609497216,4.563384391790212
경상남도,창원시 마산합포구,202606,13213300000,660986,174487.0,75726.55842555605,3.788167599878501
경상남도,창원시 마산회원구,202601,10317200000,544629,176002.0,58619.78841149533,3.0944477903660186
경상남도,창원시 마산회원구,202602,9789670000,509695,175539.0,55769.20228553199,2.9035997698517138
경상남도,창원시 마산회원구,202603,10118270000,572660,174912.0,57847.77488108306,3.273989206000732
경상남도,창원시 마산회원구,202604,9990710000,581063,174705.0,57186.17097392748,3.3259666294610915
경상남도,창원시 마산회원구,202605,14707510000,841763,174485.0,84290.97057053616,4.824271427343325
경상남도,창원시 마산회원구,202606,11611530000,709005,174175.0,66665.88201521458,4.070647337447969
경상남도,창원시 성산구,202601,15851600000,813451,247164.0,64133.935362755095,3.2911386771536306
경상남도,창원시 성산구,202602,14575110000,745273,247105.0,58983.46856599421,3.016017482446733
경상남도,창원시 성산구,202603,15390820000,832073,246261.0,62498.000089336114,3.3788257174298812
경상남도,창원시 성산구,202604,14916810000,826092,246074.0,60619.20397929078,3.357087705324415
경상남도,창원시 성산구,202605,19467660000,1082446,245920.0,79162.57319453481,4.401618412491867
경상남도,창원시 성산구,202606,16462600000,959922,245292.0,67114.29643037685,3.9133848637542195
경상남도,창원시 의창구,202601,13222780000,649741,207050.0,63862.73846896885,3.1380874184979475
경상남도,창원시 의창구,202602,12181340000,596708,206993.0,58849.043204359565,2.8827448271197578
경상남도,창원시 의창구,202603,13259520000,682642,207900.0,63778.354978354975,3.2835113035113035
경상남도,창원시 의창구,202604,12875050000,686057,208174.0,61847.54099935631,3.295594070345
경상남도,창원시 의창구,202605,18372220000,959079,208424.0,88148.29386251104,4.6015765938663495
경상남도,창원시 의창구,202606,14477440000,811906,209377.0,69145.32159692803,3.8777229590642714
경상남도,창원시 진해구,202601,10652750000,547428,184557.0,57720.64998889232,2.966173052227767
경상남도,창원시 진해구,202602,9743770000,501203,183906.0,52982.33880351919,2.7253216317031526
경상남도,창원시 진해구,202603,10735840000,585051,183529.0,58496.69534514981,3.1877850366971976
경상남도,창원시 진해구,202604,10650190000,587964,183329.0,58093.318569348005,3.2071521690512683
경상남도,창원시 진해구,202605,14965140000,805674,183163.0,81703.94675780588,4.39867222091798
경상남도,창원시 진해구,202606,11915570000,693437,182942.0,65133.047632583,3.790474576641777
경상남도,통영시,202601,8279420000,329411,116419.0,71117.42928559771,2.829529544146574
경상남도,통영시,202602,7802230000,309861,116208.0,67140.21409885722,2.6664343246592317
경상남도,통영시,202603,7690140000,321776,115968.0,66312.6034768212,2.77469646799117
경상남도,통영시,202604,7860240000,327550,115826.0,67862.48338024277,2.8279488197813962
경상남도,통영시,202605,10446760000,432190,115818.0,90199.7962320192,3.731630661900568
경상남도,통영시,202606,8529110000,373458,115890.0,73596.60022435068,3.222521356458711
경상남도,하동군,202601,1142070000,45508,39942.0,28593.21015472435,1.1393520604877072
경상남도,하동군,202602,1187330000,47256,39835.0,29806.2005773817,1.1862934605246642
경상남도,하동군,202603,1729790000,63532,39769.0,43495.93904800221,1.597525710980915
경상남도,하동군,202604,1573710000,58835,39752.0,39588.196820285775,1.4800513181726707
경상남도,하동군,202605,2041570000,76261,39703.0,51421.051305946654,1.920786842304108
경상남도,하동군,202606,1577460000,65732,39596.0,39838.872613395295,1.6600666734013536
경상남도,함안군,202601,3812670000,201498,57548.0,66251.99833182734,3.501390143879892
경상남도,함안군,202602,3708080000,199408,57345.0,64662.655854913246,3.4773389135931643
경상남도,함안군,202603,3803540000,212382,57208.0,66486.15578240805,3.712452803803664
경상남도,함안군,202604,3965910000,222359,57121.0,69429.9819681028,3.892771485093048
경상남도,함안군,202605,4729640000,258318,56985.0,82997.981925068,4.53308765464596
경상남도,함안군,202606,3997780000,225298,56867.0,70300.52578824274,3.961840786396328
경상남도,함양군,202601,1020060000,52849,35414.0,28803.862879087366,1.4923194216976337
경상남도,함양군,202602,985830000,54482,35388.0,27857.748389284505,1.5395614332542105
경상남도,함양군,202603,986510000,54201,35322.0,27929.0527150218,1.5344827586206897
경상남도,함양군,202604,1159200000,60487,35252.0,32883.24066719619,1.715845909451946
경상남도,함양군,202605,1524560000,76010,35217.0,43290.45631371213,2.1583326234489024
경상남도,함양군,202606,1264100000,65029,35141.0,35972.226174553936,1.8505164907088587
경상남도,합천군,202601,1052510000,41379,39135.0,26894.340104765553,1.057339977002683
경상남도,합천군,202602,1041070000,41315,39011.0,26686.575581246314,1.0590602650534464
경상남도,합천군,202603,1090610000,44994,38996.0,27967.227407939277,1.1538106472458713
경상남도,합천군,202604,1274660000,51408,38915.0,32754.978799948607,1.3210330206861107
경상남도,합천군,202605,1982350000,76909,38917.0,50937.89346558059,1.976231466968163
경상남도,합천군,202606,1395320000,59792,38854.0,35911.875225202035,1.5388891748597313
경상북도,경산시,202601,15671730000,888966,263381.0,59502.12809580038,3.3752092975575305
경상북도,경산시,202602,14809990000,816341,263316.0,56244.17050236218,3.100233179905513
경상북도,경산시,202603,16890760000,1071734,263483.0,64105.6918283153,4.067564131272226
경상북도,경산시,202604,16310530000,1085202,263525.0,61893.67232710369,4.1180229579736265
경상북도,경산시,202605,18060060000,1130788,263639.0,68502.99083216065,4.28915297053926
경상북도,경산시,202606,16118710000,1041812,263406.0,61193.40485789997,3.955156678283714
경상북도,경주시,202601,17270870000,806872,243781.0,70845.84114430576,3.309823160951838
경상북도,경주시,202602,17172580000,796767,243462.0,70534.950012733,3.2726544594228257
경상북도,경주시,202603,17055260000,834565,243282.0,70104.89884167345,3.4304428605486637
경상북도,경주시,202604,19054200000,919586,243183.0,78353.33884358693,3.781456763013862
경상북도,경주시,202605,19992840000,965583,243141.0,82227.34956259948,3.9712882648339853
경상북도,경주시,202606,16816350000,851648,243051.0,69188.56536282509,3.5039888747629098
경상북도,고령군,202601,1450830000,72402,29648.0,48935.172692930384,2.4420534268753373
경상북도,고령군,202602,1406890000,70374,29625.0,47489.95780590717,2.375493670886076
경상북도,고령군,202603,1561490000,81786,29608.0,52738.78681437449,2.762293974601459
경상북도,고령군,202604,1558230000,81877,29649.0,52555.904077709194,2.7615433910081286
경상북도,고령군,202605,1727180000,88778,29581.0,58388.15455866942,3.0011831919137286
경상북도,고령군,202606,1606480000,85292,29545.0,54374.005753934674,2.8868505669317988
경상북도,구미시,202601,21864610000,1118114,403649.0,54167.38304814331,2.7700155332974936
경상북도,구미시,202602,20379970000,1036898,403254.0,50538.79192766842,2.5713272527984845
경상북도,구미시,202603,21304770000,1186636,403237.0,52834.3629180854,2.942775588549662
경상북도,구미시,202604,20642980000,1188848,403113.0,51208.91660650984,2.949168099267451
경상북도,구미시,202605,22952060000,1261977,402867.0,56971.8045905969,3.1324903752354993
경상북도,구미시,202606,20881380000,1207928,402726.0,51850.09162557173,2.999379230543844
경상북도,김천시,202601,4677860000,232155,133444.0,35054.85447078924,1.7397185336170977
경상북도,김천시,202602,4528230000,225498,133080.0,34026.37511271416,1.6944544634806131
경상북도,김천시,202603,4786720000,252018,133145.0,35951.18104322355,1.8928085921363926
경상북도,김천시,202604,5000690000,267816,133049.0,37585.325707070326,2.012912535982984
경상북도,김천시,202605,5495710000,281838,132840.0,41370.89732008431,2.1216350496838303
경상북도,김천시,202606,4896600000,272082,132740.0,36888.654512580986,2.0497363266536084
경상북도,문경시,202601,2732300000,136156,65189.0,41913.51301599963,2.088634585589593
경상북도,문경시,202602,2847180000,144833,64989.0,43810.18326178276,2.2285771438243396
경상북도,문경시,202603,2798060000,144635,64904.0,43110.748181930234,2.2284450881301616
경상북도,문경시,202604,2977580000,151865,64872.0,45899.30940929831,2.340994573930201
경상북도,문경시,202605,3569140000,177567,64792.0,55086.121743425116,2.740569823434992
경상북도,문경시,202606,2892120000,150852,64774.0,44649.39636273814,2.328897397103776
경상북도,봉화군,202601,634040000,26320,28252.0,22442.30496955968,0.931615460852329
경상북도,봉화군,202602,629990000,26560,28158.0,22373.392996661696,0.9432488102848213
경상북도,봉화군,202603,653650000,29166,28174.0,23200.468517072477,1.0352097678710868
경상북도,봉화군,202604,717480000,31379,28161.0,25477.788430808567,1.1142715102446645
경상북도,봉화군,202605,876720000,37307,28107.0,31192.229693670615,1.3273205962927384
경상북도,봉화군,202606,765450000,33859,28122.0,27218.903349690634,1.204003982647038
경상북도,상주시,202601,5323370000,220135,89795.0,59283.59040035637,2.4515284815412883
경상북도,상주시,202602,6196320000,255582,89602.0,69153.81353094797,2.852414008615879
경상북도,상주시,202603,6172380000,279044,89579.0,68904.31909264448,3.1150604494356937
경상북도,상주시,202604,6267790000,287094,89467.0,70057.00425855344,3.2089373735567306
경상북도,상주시,202605,7216420000,313557,89382.0,80736.83739455372,3.5080553131502987
경상북도,상주시,202606,6494650000,296534,89228.0,72787.12960057381,3.323328999865513
경상북도,성주군,202601,1401050000,72830,40636.0,34478.04902057289,1.7922531745250516
경상북도,성주군,202602,1344700000,73321,40571.0,33144.364201030294,1.8072268369032067
경상북도,성주군,202603,1503540000,80653,40554.0,37075.011096316026,1.9887803915766633
경상북도,성주군,202604,1520270000,84105,40543.0,37497.71847174605,2.07446414917495
경상북도,성주군,202605,1739030000,93260,40552.0,42883.9514697179,2.2997632669165515
경상북도,성주군,202606,1517580000,84820,40461.0,37507.22918365834,2.0963396851288896
경상북도,안동시,202601,6803530000,311374,152149.0,44716.2321145719,2.046507042438662
경상북도,안동시,202602,6665480000,302649,151745.0,43925.53296648984,1.9944578075060133
경상북도,안동시,202603,6822210000,332927,152097.0,44854.336377443346,2.1889123388364005
경상북도,안동시,202604,6964520000,343513,152469.0,45678.26902517889,2.2530022496376314
경상북도,안동시,202605,7796100000,370636,152246.0,51207.2566766943,2.434454764000368
경상북도,안동시,202606,6697910000,340383,151864.0,44104.65943212348,2.241367275983775
경상북도,영덕군,202601,2811410000,91147,32627.0,86168.20424801545,2.7936065222055353
경상북도,영덕군,202602,2447190000,85684,32589.0,75092.51587959127,2.6292307220227684
경상북도,영덕군,202603,2218000000,81665,32544.0,68153.88397246804,2.5093719272369714
경상북도,영덕군,202604,2043690000,79672,32539.0,62807.40035034881,2.4485079443129782
경상북도,영덕군,202605,2556610000,97858,32525.0,78604.45810914681,3.0087009992313605
경상북도,영덕군,202606,2125340000,87217,32560.0,65274.57002457003,2.6786547911547913
경상북도,영양군,202601,323730000,16257,15997.0,20236.9194223917,1.0162530474463962
경상북도,영양군,202602,320340000,14400,15986.0,20038.78393594395,0.9007881896659578
경상북도,영양군,202603,505270000,22567,16005.0,31569.509528272414,1.4099968759762573
경상북도,영양군,202604,687540000,29606,15991.0,42995.434932149336,1.851416421737227
경상북도,영양군,202605,701170000,30146,15969.0,43908.19713194314,1.887782578746321
경상북도,영양군,202606,602820000,27645,15972.0,37742.29902329076,1.7308414725770098
경상북도,영주시,202601,3340960000,145348,97021.0,34435.43150451964,1.4981086568887148
경상북도,영주시,202602,3373970000,145391,96790.0,34858.663085029446,1.5021283190412233
경상북도,영주시,202603,3294430000,156488,96673.0,34078.077643188895,1.6187353242373776
경상북도,영주시,202604,3401380000,163106,96555.0,35227.38335663611,1.689254828854021
경상북도,영주시,202605,3924450000,178395,96511.0,40663.24045963673,1.8484421464910736
경상북도,영주시,202606,3334750000,162017,96440.0,34578.49440066362,1.6799771878888428
경상북도,영천시,202601,4536510000,209304,94943.0,47781.405685516576,2.204522713628177
경상북도,영천시,202602,4542020000,206966,94756.0,47933.8511545443,2.1841994174511377
경상북도,영천시,202603,4623530000,226496,94633.0,48857.48100556888,2.393414559403168
경상북도,영천시,202604,4730330000,231340,94486.0,50063.818978473,2.448405054717101
경상북도,영천시,202605,5390240000,257259,94331.0,57141.76675748164,2.7271946655924353
경상북도,영천시,202606,4763670000,238361,94107.0,50619.720105836976,2.5328721561626657
경상북도,예천군,202601,1400700000,62176,53879.0,25997.141743536442,1.1539932070008723
경상북도,예천군,202602,1395820000,61823,53808.0,25940.752304490037,1.1489555456437703
경상북도,예천군,202603,1489630000,68158,53670.0,27755.356810136018,1.2699459660890628
경상북도,예천군,202604,1551140000,71499,53529.0,28977.563563675765,1.3357058790562126
경상북도,예천군,202605,1684330000,76324,53467.0,31502.23502347242,1.4274973348046458
경상북도,예천군,202606,1526540000,72327,53422.0,28575.118864887125,1.35388042379544
경상북도,울릉군,202601,294210000,11341,8706.0,33793.93521709166,1.3026648288536642
경상북도,울릉군,202602,286730000,11825,8724.0,32866.80421824851,1.3554562127464467
경상북도,울릉군,202603,386750000,16352,8744.0,44230.32936870997,1.870082342177493
경상북도,울릉군,202604,666750000,24459,8747.0,76226.13467474563,2.796273007888419
경상북도,울릉군,202605,898510000,32177,8756.0,102616.49154865235,3.6748515303791685
경상북도,울릉군,202606,692420000,26676,8768.0,78971.25912408759,3.04242700729927
경상북도,울진군,202601,2195620000,89061,45853.0,47883.88982182191,1.9423156609164067
경상북도,울진군,202602,2031550000,83853,45962.0,44200.64401026935,1.824398416082851
경상북도,울진군,202603,1803810000,77273,46030.0,39187.703671518575,1.6787529871822724
경상북도,울진군,202604,1885670000,82034,46081.0,40920.76994856882,1.7802131030142576
경상북도,울진군,202605,2228630000,95927,46096.0,48347.57896563693,2.081026553280111
경상북도,울진군,202606,2001040000,89716,46195.0,43317.24212577119,1.9421149475051414
경상북도,의성군,202601,780860000,43984,47875.0,16310.391644908615,0.9187258485639687
경상북도,의성군,202602,887460000,51731,47868.0,18539.734269240413,1.0807010946770286
경상북도,의성군,202603,1000530000,55867,47820.0,20922.8356336261,1.1682768716018401
경상북도,의성군,202604,1012230000,56697,47829.0,21163.52004014301,1.1854105249952958
경상북도,의성군,202605,1155910000,64813,47893.0,24135.259850082475,1.353287536800785
경상북도,의성군,202606,921550000,51049,47952.0,19218.176509843175,1.0645854187520853
경상북도,청도군,202601,2179010000,114102,40115.0,54319.08263741743,2.8443724292658605
경상북도,청도군,202602,2389810000,120753,40119.0,59568.03509559062,3.009870634861288
경상북도,청도군,202603,2499340000,121645,40124.0,62290.399760741704,3.0317266473930813
경상북도,청도군,202604,2210610000,117902,40134.0,55080.72955598744,2.9377086759356157
경상북도,청도군,202605,2578480000,142231,40058.0,64368.66543511908,3.5506265914424087
경상북도,청도군,202606,2158020000,120381,40021.0,53922.190849803854,3.007945828440069
경상북도,청송군,202601,927170000,35899,23325.0,39750.05359056806,1.5390782422293676
경상북도,청송군,202602,884020000,34861,23313.0,37919.61566507957,1.49534594432291
경상북도,청송군,202603,871590000,35275,23283.0,37434.60894214663,1.5150539019885754
경상북도,청송군,202604,878000000,36495,23255.0,37755.32143625027,1.5693399268974415
경상북도,청송군,202605,1079780000,43226,23280.0,46382.30240549828,1.856786941580756
경상북도,청송군,202606,962400000,39315,24020.0,40066.61115736886,1.6367610324729391
경상북도,칠곡군,202601,6898690000,396885,104596.0,65955.58147539102,3.7944567669891773
경상북도,칠곡군,202602,6582660000,386535,104347.0,63084.32441756831,3.7043230758910175
경상북도,칠곡군,202603,6916190000,412878,103999.0,66502.46636986894,3.9700189424898316
경상북도,칠곡군,202604,6896630000,418516,103807.0,66437.04181798916,4.031674164555377
경상북도,칠곡군,202605,7904440000,467540,103618.0,76284.42934625258,4.512150398579397
경상북도,칠곡군,202606,7105570000,433289,103537.0,68628.3164472604,4.184871108878951
경상북도,포항시 남구,202601,18283440000,844837,214869.0,85091.10202030074,3.931870116210342
경상북도,포항시 남구,202602,18075590000,830032,214484.0,84274.77107849537,3.8699017176106376
경상북도,포항시 남구,202603,18633900000,926617,213948.0,87095.46244881934,4.331038383158525
경상북도,포항시 남구,202604,17883590000,913435,213561.0,83739.96188442646,4.2771620286475525
경상북도,포항시 남구,202605,21591830000,1042903,213333.0,101211.86126853323,4.888615450961642
경상북도,포항시 남구,202606,18771930000,971751,212298.0,88422.54755108386,4.577297007037278
경상북도,포항시 북구,202601,21282740000,962136,273814.0,77726.99715865514,3.513830556509163
경상북도,포항시 북구,202602,21692200000,977557,273951.0,79182.77356169534,3.5683644155341647
경상북도,포항시 북구,202603,21900150000,1057118,273821.0,79979.80432472308,3.8606169724016786
경상북도,포항시 북구,202604,20239180000,1007664,273819.0,73914.44713478611,3.680036812639006
경상북도,포항시 북구,202605,25118830000,1176934,273722.0,91767.66938718846,4.299742074075157
경상북도,포항시 북구,202606,21754480000,1088490,274710.0,79190.71020348731,3.9623239052091295
광주광역시,광산구,202601,30228220000,1551230,387048.0,78099.40885884955,4.0078491556602795
광주광역시,광산구,202602,28129990000,1421803,386223.0,72833.54435132035,3.6813006993369117
광주광역시,광산구,202603,29542570000,1623250,385574.0,76619.71502227847,4.2099571029166905
광주광역시,광산구,202604,28885190000,1635358,384648.0,75095.12593332086,4.251570266841372
광주광역시,광산구,202605,35065870000,1897591,384040.0,91307.85855640037,4.941128528278305
광주광역시,광산구,202606,30881020000,1784643,383206.0,80585.95115942862,4.657137414341111
광주광역시,남구,202601,12925360000,707002,207236.0,62370.24455210484,3.4115790692736785
광주광역시,남구,202602,12191070000,659704,207015.0,58889.79059488443,3.1867449218655652
광주광역시,남구,202603,12386390000,736221,206703.0,59923.61020401252,3.561733501690832
광주광역시,남구,202604,12450600000,745434,206375.0,60329.981829194425,3.612036341611145
광주광역시,남구,202605,14863450000,847438,206083.0,72123.6103899885,4.112119874031337
광주광역시,남구,202606,13145160000,800877,205647.0,63920.990824082044,3.8944258851332623
광주광역시,동구,202601,11193330000,606997,104794.0,106812.69920033589,5.792287726396549
광주광역시,동구,202602,10809830000,565935,104794.0,103153.13853846594,5.400452315972289
광주광역시,동구,202603,11720080000,677533,104740.0,111896.88753102922,6.468713003628031
광주광역시,동구,202604,11288990000,680314,104730.0,107791.36828033993,6.495884655781533
광주광역시,동구,202605,13653630000,781112,105005.0,130028.37960097138,7.438807675824961
광주광역시,동구,202606,11774540000,709827,105200.0,111925.28517110266,6.74740494296578
광주광역시,북구,202601,27366900000,1586302,416262.0,65744.41097193594,3.810825874088915
광주광역시,북구,202602,25464120000,1451546,415473.0,61289.47007386762,3.493719206783594
광주광역시,북구,202603,27751880000,1723558,414795.0,66905.04948227438,4.155204378066274
광주광역시,북구,202604,27474540000,1750392,415580.0,66111.31430771452,4.211925501708456
광주광역시,북구,202605,33231940000,2016885,416326.0,79821.91840048424,4.844484850814026
광주광역시,북구,202606,29147650000,1880876,416783.0,69934.83419429295,4.5128424143979
광주광역시,서구,202601,24959860000,1216714,275318.0,90658.29331899839,4.4193042227533255
광주광역시,서구,202602,23223620000,1131568,275730.0,84225.94567149022,4.103898741522504
광주광역시,서구,202603,23864330000,1248660,275807.0,86525.4688967285,4.527296261516205
광주광역시,서구,202604,23539190000,1262950,275234.0,85524.28115712448,4.588640938256175
광주광역시,서구,202605,27405560000,1425388,274925.0,99683.76830044558,5.184643084477584
광주광역시,서구,202606,24572700000,1344639,274624.0,89477.61302726637,4.896290928687952
대구광역시,군위군,202601,916040000,61196,22536.0,40647.85232516862,2.71547745828896
대구광역시,군위군,202602,1025830000,71380,22567.0,45457.08335179687,3.1630256569326893
대구광역시,군위군,202603,1079350000,68375,22587.0,47786.337273652985,3.027183778279541
대구광역시,군위군,202604,1099150000,70503,22667.0,48491.198658843256,3.1103807296951516
대구광역시,군위군,202605,1601190000,97626,22674.0,70617.8883302461,4.30563641174914
대구광역시,군위군,202606,1372010000,85898,22622.0,60649.36787198303,3.7971001679780745
대구광역시,남구,202601,8074200000,506089,136497.0,59152.948416448715,3.707693209374565
대구광역시,남구,202602,8298240000,515180,137746.0,60243.05605970409,3.7400723069998403
대구광역시,남구,202603,9402110000,629639,138546.0,67862.73151155573,4.544620559236644
대구광역시,남구,202604,8516380000,597202,139121.0,61215.632435074505,4.292680472394534
대구광역시,남구,202605,10978110000,719459,140620.0,78069.33579860617,5.116334803015218
대구광역시,남구,202606,9261270000,661992,141344.0,65522.90864840389,4.683552184740774
대구광역시,달서구,202601,36310950000,1982948,516497.0,70302.3444473056,3.8392246227954856
대구광역시,달서구,202602,37595360000,2027582,516019.0,72856.54210406981,3.929277797910542
대구광역시,달서구,202603,40515610000,2395968,515142.0,78649.40152423992,4.651082614114166
대구광역시,달서구,202604,36897490000,2274082,514677.0,71690.57486540102,4.418464396116399
대구광역시,달서구,202605,43781310000,2527073,514075.0,85165.21908281866,4.915767154598065
대구광역시,달서구,202606,37680200000,2337382,513399.0,73393.59835137973,4.552759160029528
대구광역시,달성군,202601,15699210000,848258,254213.0,61756.12576854842,3.3368002423164826
대구광역시,달성군,202602,16149410000,864665,253530.0,63698.22111781643,3.4105036879264783
대구광역시,달성군,202603,17701960000,1003851,253014.0,69964.34979882537,3.96757096445256
대구광역시,달성군,202604,16359030000,959669,252627.0,64755.667446472464,3.7987586441670924
대구광역시,달성군,202605,19213950000,1061508,252210.0,76182.34804329726,4.208825978351374
대구광역시,달성군,202606,16666490000,984594,252000.0,66136.86507936507,3.9071190476190476
대구광역시,동구,202601,21089740000,1226457,339167.0,62180.99048551304,3.616085880996677
대구광역시,동구,202602,22589320000,1291724,338753.0,66683.74892620878,3.81317361027061
대구광역시,동구,202603,24635090000,1486807,338406.0,72797.43857969421,4.3935598068592165
대구광역시,동구,202604,22371090000,1389367,338262.0,66135.39209252,4.107369435526308
대구광역시,동구,202605,27000110000,1582473,338260.0,79820.5818009815,4.678274108673802
대구광역시,동구,202606,22913270000,1447405,338476.0,67695.40528722864,4.276241151514435
대구광역시,북구,202601,26643490000,1478120,408890.0,65160.53217246692,3.614957568050087
대구광역시,북구,202602,28033570000,1524382,408481.0,68628.822393208,3.7318308562699367
대구광역시,북구,202603,30871820000,1849914,408215.0,75626.37335717698,4.531714905135774
대구광역시,북구,202604,28074860000,1744639,407876.0,68831.8508566329,4.277375967205719
대구광역시,북구,202605,32819160000,1909333,407548.0,80528.33040525288,4.684927910332035
대구광역시,북구,202606,28631640000,1798309,406915.0,70362.70474177654,4.419372596242458
대구광역시,서구,202601,11657910000,613866,164018.0,71077.01593727518,3.7426745844968234
대구광역시,서구,202602,13650100000,658232,163987.0,83238.91527986975,4.013927933311787
대구광역시,서구,202603,13421030000,733335,163853.0,81908.9671840003,4.475566513887448
대구광역시,서구,202604,12312830000,695530,163811.0,75164.85461904267,4.245929760516693
대구광역시,서구,202605,15990200000,859575,163748.0,97651.2690231331,5.2493770916286
대구광역시,서구,202606,13801060000,795804,163508.0,84406.02294688945,4.867064608459525
대구광역시,수성구,202601,27610680000,1377448,409332.0,67453.02101961244,3.3651119384753696
대구광역시,수성구,202602,29181200000,1440458,409297.0,71295.90492967209,3.5193465869527505
대구광역시,수성구,202603,31583550000,1699156,408930.0,77234.61228083046,4.1551267943168755
대구광역시,수성구,202604,28611960000,1600828,408743.0,69999.8776737461,3.916465847733172
대구광역시,수성구,202605,32396180000,1701436,408527.0,79299.97282921325,4.16480673248035
대구광역시,수성구,202606,28262660000,1607654,408147.0,69246.2764641171,3.9389092655342317
대구광역시,중구,202601,15932360000,866417,101099.0,157591.66757336867,8.56998585544862
대구광역시,중구,202602,17179230000,901312,101081.0,169955.08552546968,8.916730147109744
대구광역시,중구,202603,17981490000,1027917,101349.0,177421.48417843293,10.142349702513098
대구광역시,중구,202604,15877070000,941570,101576.0,156307.29699929117,9.269610931716153
대구광역시,중구,202605,18337780000,1064245,101643.0,180413.60447841955,10.47042098324528
대구광역시,중구,202606,15982600000,946757,101754.0,157070.97509680208,9.304371326925724
대전광역시,대덕구,202601,5773860000,341328,165221.0,34946.28406800588,2.0658875082465302
대전광역시,대덕구,202602,5395700000,316184,165010.0,32699.230349675778,1.9161505363311315
대전광역시,대덕구,202603,5834600000,367222,164790.0,35406.274652588145,2.2284240548576975
대전광역시,대덕구,202604,5961900000,379751,164476.0,36247.84163038984,2.3088535713417153
대전광역시,대덕구,202605,6664320000,404680,164379.0,40542.405051740185,2.4618716502716285
대전광역시,대덕구,202606,6047260000,386888,164047.0,36862.97219699233,2.358397288581931
대전광역시,동구,202601,8746220000,528820,218109.0,40100.225116799396,2.4245675327473877
대전광역시,동구,202602,8309670000,495315,218169.0,38088.225183229515,2.2703271317189886
대전광역시,동구,202603,8921980000,577601,218319.0,40866.71338729107,2.6456744488569477
대전광역시,동구,202604,8977510000,599065,218362.0,41112.96837361812,2.7434489517406875
대전광역시,동구,202605,10294170000,653455,218505.0,47111.82810462003,2.990572298116748
대전광역시,동구,202606,9116940000,610765,218251.0,41772.72956366752,2.7984522407686563
대전광역시,서구,202601,16921330000,935220,463443.0,36512.21401553158,2.017982794000557
대전광역시,서구,202602,15536690000,848869,463863.0,33494.135121792424,1.8299993748154089
대전광역시,서구,202603,16516210000,977655,463616.0,35624.76273467697,2.1087602671176144
대전광역시,서구,202604,16488880000,1008333,463574.0,35569.035364364696,2.1751284584553923
대전광역시,서구,202605,18539520000,1071675,463601.0,39990.250236733744,2.3116322009659167
대전광역시,서구,202606,16704820000,1026830,464359.0,35973.93396057792,2.2112848033525787
대전광역시,유성구,202601,15359440000,813217,368354.0,41697.49751597648,2.207705088040309
대전광역시,유성구,202602,13712800000,718676,369113.0,37150.68285321839,1.9470351897657356
대전광역시,유성구,202603,15480060000,882137,370062.0,41830.99048267588,2.3837546140916928
대전광역시,유성구,202604,15689320000,927578,370610.0,42333.77404819082,2.502841261703678
대전광역시,유성구,202605,16917510000,948284,371147.0,45581.696740105675,2.555009201205991
대전광역시,유성구,202606,15332850000,905446,371104.0,41316.854574458914,2.43987130292317
대전광역시,중구,202601,11457470000,577608,225423.0,50826.535003083096,2.562329487230673
대전광역시,중구,202602,10547970000,533527,225250.0,46827.83573806881,2.368599334073252
대전광역시,중구,202603,10855310000,596247,224992.0,48247.537690228986,2.6500808917650405
대전광역시,중구,202604,10804280000,612080,224665.0,48090.62381768411,2.7244119021654463
대전광역시,중구,202605,12420250000,673437,224581.0,55304.09963443034,2.998637462652673
대전광역시,중구,202606,11091870000,630438,224273.0,49457.00106566551,2.811029415043273
부산광역시,강서구,202601,13547530000,753103,150848.0,89809.14563003818,4.992462611370386
부산광역시,강서구,202602,12640610000,692962,151888.0,83223.23027493943,4.562322237438113
부산광역시,강서구,202603,13213860000,779182,152414.0,86697.15380476859,5.112273150760429
부산광역시,강서구,202604,12976290000,785124,152826.0,84908.91602214283,5.137371913156138
부산광역시,강서구,202605,15154870000,861315,153175.0,98938.27321690877,5.623078178553942
부산광역시,강서구,202606,13322800000,822683,153555.0,86762.39783790824,5.357578717723292
부산광역시,금정구,202601,14937270000,915876,206039.0,72497.2942015832,4.445158440877698
부산광역시,금정구,202602,13892010000,830861,205932.0,67459.20983625663,4.034637647378746
부산광역시,금정구,202603,16003100000,1048557,206033.0,77672.50877286648,5.089267253304082
부산광역시,금정구,202604,15968780000,1088608,205880.0,77563.53215465319,5.28758500097144
부산광역시,금정구,202605,19979410000,1256531,205968.0,97002.49553328672,6.100612716538492
부산광역시,금정구,202606,16848660000,1157122,205672.0,81920.04745419892,5.626055077988253
부산광역시,기장군,202601,17901910000,715998,175290.0,102127.38889839694,4.08464829710765
부산광역시,기장군,202602,17617030000,675612,175273.0,100511.94422415318,3.854626782219737
부산광역시,기장군,202603,17368240000,725367,175285.0,99085.71754571128,4.138214907151211
부산광역시,기장군,202604,17484870000,745698,175267.0,99761.3355623135,4.254640063446057
부산광역시,기장군,202605,23113370000,926972,175273.0,131870.68173649107,5.288732434544967
부산광역시,기장군,202606,18297840000,831336,175262.0,104402.77983818512,4.743389896269585
부산광역시,남구,202601,17763890000,1067318,251114.0,70740.34104032432,4.250332518298462
부산광역시,남구,202602,16437640000,966119,252749.0,65035.43040724197,3.822444401362617
부산광역시,남구,202603,18300090000,1206302,253768.0,72113.46584281707,4.753562308880553
부산광역시,남구,202604,18102370000,1239094,253913.0,71293.59268725902,4.879994328766152
부산광역시,남구,202605,21735270000,1370848,254174.0,85513.3491230417,5.393344716611455
부산광역시,남구,202606,19426760000,1320254,254413.0,76359.14831396194,5.189412490713918
부산광역시,동구,202601,8800160000,607934,83765.0,105057.7210051931,7.2576135617501345
부산광역시,동구,202602,8119310000,560880,83553.0,97175.56521010616,6.712864888154824
부산광역시,동구,202603,8645510000,620838,83530.0,103501.85562073506,7.432515263977014
부산광역시,동구,202604,8787280000,640370,83475.0,105268.40371368673,7.671398622342019
부산광역시,동구,202605,11092140000,758261,83432.0,132948.26924920894,9.088371368299933
부산광역시,동구,202606,9789830000,706675,83354.0,117448.832689493,8.477997456630755
부산광역시,동래구,202601,21899590000,1163901,273171.0,80168.06322779505,4.260704833236325
부산광역시,동래구,202602,20209330000,1064764,272758.0,74092.52890840966,3.9036948503801905
부산광역시,동래구,202603,21659720000,1219199,272155.0,79585.97122963017,4.479796439528945
부산광역시,동래구,202604,21551680000,1261719,271815.0,79288.04517778636,4.641829921086033
부산광역시,동래구,202605,26508760000,1468333,271437.0,97660.8200061156,5.409479916149972
부산광역시,동래구,202606,23538810000,1383939,271097.0,86827.99883436556,5.104958741704999
부산광역시,부산진구,202601,35206680000,2088174,365384.0,96355.2864931141,5.715012151599413
부산광역시,부산진구,202602,32882320000,1915926,365395.0,89991.16025123496,5.243437923343231
부산광역시,부산진구,202603,34558420000,2181223,365294.0,94604.40083877643,5.971143791028596
부산광역시,부산진구,202604,34404700000,2222008,365157.0,94218.92501033802,6.085075734547058
부산광역시,부산진구,202605,43109080000,2620207,365104.0,118073.42565406021,7.176604474341557
부산광역시,부산진구,202606,37564280000,2416762,364912.0,102940.6541851186,6.622862498355768
부산광역시,북구,202601,27084040000,1229181,262506.0,103174.936953822,4.682487257434116
부산광역시,북구,202602,25982000000,1132942,262000.0,99167.93893129771,4.324206106870229
부산광역시,북구,202603,27863150000,1300893,261557.0,106528.02257251766,4.973650103036814
부산광역시,북구,202604,27294400000,1317208,261316.0,104449.78493471506,5.040671064917571
부산광역시,북구,202605,32343860000,1544417,260994.0,123925.68411534365,5.917442546571952
부산광역시,북구,202606,28774560000,1437064,260736.0,110358.98379970544,5.511567255768287
부산광역시,사상구,202601,16194280000,907789,193750.0,83583.38064516129,4.685362580645161
부산광역시,사상구,202602,14974180000,826830,193474.0,77396.34266102938,4.273597485967107
부산광역시,사상구,202603,16505670000,993496,193189.0,85437.93901309081,5.142611639379053
부산광역시,사상구,202604,16678420000,1019020,192901.0,86461.03441661785,5.282606103649022
부산광역시,사상구,202605,20455940000,1184244,192718.0,106144.41826918088,6.14495791778661
부산광역시,사상구,202606,17750000000,1112836,192475.0,92219.768801143,5.781717106117678
부산광역시,사하구,202601,17491300000,1055069,285534.0,61258.203926677736,3.695073091120497
부산광역시,사하구,202602,16395170000,974639,284653.0,57597.03920211626,3.423954780030423
부산광역시,사하구,202603,17941460000,1140478,283945.0,63186.39173079294,4.016545457747099
부산광역시,사하구,202604,18244470000,1172534,283258.0,64409.37237430187,4.139455902392871
부산광역시,사하구,202605,23811140000,1423936,282633.0,84247.5577869534,5.038109491814473
부산광역시,사하구,202606,20181820000,1314365,282159.0,71526.4088687584,4.658242338539618
부산광역시,서구,202601,5859350000,399711,101633.0,57652.042151663336,3.932885972075999
부산광역시,서구,202602,5382080000,364013,101572.0,52987.83129208837,3.5837927775371163
부산광역시,서구,202603,6126110000,446589,101452.0,60384.319678271495,4.401973347001538
부산광역시,서구,202604,6493440000,474821,101312.0,64093.49336702464,4.686720230574858
부산광역시,서구,202605,8646870000,566383,101320.0,85342.18318199764,5.59004145282274
부산광역시,서구,202606,7391400000,532886,101216.0,73026.00379386658,5.264839551059121
부산광역시,수영구,202601,16779900000,913189,168912.0,99341.07701051435,5.406300322061192
부산광역시,수영구,202602,15865610000,851027,168745.0,94021.21544342054,5.043272393256096
부산광역시,수영구,202603,16120860000,928880,168585.0,95624.5217546045,5.509861494201738
부산광역시,수영구,202604,16031080000,942919,168577.0,95096.48409925435,5.593402421445393
부산광역시,수영구,202605,20377640000,1131378,168513.0,120926.21934212791,6.713891509853839
부산광역시,수영구,202606,17748540000,1057788,168440.0,105370.10211351223,6.279909760151983
부산광역시,연제구,202601,16780200000,928535,211664.0,79277.53420515535,4.386834794769068
부산광역시,연제구,202602,15490140000,849225,211506.0,73237.35496865337,4.015134322430569
부산광역시,연제구,202603,16199850000,973408,211426.0,76621.84404945465,4.6040127515064375
부산광역시,연제구,202604,16163920000,993759,211491.0,76428.40593689567,4.698824063435324
부산광역시,연제구,202605,19395100000,1132277,211509.0,91698.69840054087,5.353327754374519
부산광역시,연제구,202606,17255020000,1083975,211464.0,81597.90791813264,5.126049824083532
부산광역시,영도구,202601,6319200000,363020,101252.0,62410.61904950026,3.5853118950736778
부산광역시,영도구,202602,5929210000,336461,100944.0,58737.61689649707,3.3331451101600886
부산광역시,영도구,202603,6368490000,395764,100733.0,63221.48650392622,3.928841591136966
부산광역시,영도구,202604,6629090000,410144,100633.0,65873.9180984369,4.0756411912593284
부산광역시,영도구,202605,9270270000,522733,100748.0,92014.43204827888,5.18851987136221
부산광역시,영도구,202606,7704510000,481790,100570.0,76608.43193795366,4.790593616386596
부산광역시,중구,202601,10004950000,490252,36449.0,274491.75560372026,13.450355290954484
부산광역시,중구,202602,9468910000,457657,36399.0,260142.03686914477,12.573339926921069
부산광역시,중구,202603,9915400000,511945,36391.0,272468.4674782226,14.067901404193345
부산광역시,중구,202604,9959440000,523601,36397.0,273633.5412259252,14.385828502349094
부산광역시,중구,202605,12687290000,637777,36375.0,348791.47766323027,17.533388316151203
부산광역시,중구,202606,10727210000,575302,36306.0,295466.58954442793,15.845920784443342
부산광역시,해운대구,202601,26951330000,1510325,372400.0,72371.99248120301,4.055652524167562
부산광역시,해운대구,202602,25386980000,1395066,372175.0,68212.48068784845,3.748414052529052
부산광역시,해운대구,202603,25584990000,1525261,371470.0,68874.98317495357,4.106013944598487
부산광역시,해운대구,202604,25953940000,1572027,371143.0,69929.7575328108,4.235636937784089
부산광역시,해운대구,202605,33062130000,1878723,370920.0,89135.47395664833,5.065035587188612
부산광역시,해운대구,202606,28011120000,1743172,370739.0,75554.82428339074,4.701884614243443
서울특별시,강남구,202601,60331660000,3588222,555787.0,108551.76533456163,6.456109984580424
서울특별시,강남구,202602,52510050000,3136238,555502.0,94527.20242231351,5.645772652483699
서울특별시,강남구,202603,58707080000,3633653,554165.0,105937.90658017017,6.55698753981215
서울특별시,강남구,202604,57248340000,3646898,553260.0,103474.56891877236,6.591653110653219
서울특별시,강남구,202605,57300960000,3514578,552962.0,103625.49325270091,6.355912341173535
서울특별시,강남구,202606,54610220000,3463937,552830.0,98783.0255232169,6.2658267460159545
서울특별시,강동구,202601,19149590000,1154433,499307.0,38352.3363381647,2.3120705297542394
서울특별시,강동구,202602,17468030000,1043893,500063.0,34931.65861101501,2.0875229721055146
서울특별시,강동구,202603,19196590000,1210427,499795.0,38408.92766034074,2.4218469572524737
서울특별시,강동구,202604,18492050000,1205095,499460.0,37024.086012893924,2.412795819485044
서울특별시,강동구,202605,19879210000,1237250,499058.0,39833.46625041578,2.479170757707521
서울특별시,강동구,202606,18353590000,1198481,499011.0,36779.9307029304,2.4017125874980714
서울특별시,강북구,202601,11717130000,707388,278750.0,42034.5470852018,2.537714798206278
서울특별시,강북구,202602,10878930000,653202,278786.0,39022.511890841,2.3430229638504088
서울특별시,강북구,202603,11679750000,745574,278786.0,41895.03777090672,2.674359544596931
서울특별시,강북구,202604,11441020000,755313,278520.0,41077.911819617984,2.7118806548901335
서울특별시,강북구,202605,12518400000,778656,278294.0,44982.644253918515,2.797961867665131
서울특별시,강북구,202606,11434320000,749956,278041.0,41124.58234576915,2.697285652116055
서울특별시,강서구,202601,26031380000,1588112,549536.0,47369.7446573109,2.889914400512432
서울특별시,강서구,202602,23757960000,1435064,549050.0,43271.0317821692,2.6137218832528912
서울특별시,강서구,202603,26019870000,1656961,548985.0,47396.32230388808,3.0182263631975372
서울특별시,강서구,202604,25182950000,1644849,548716.0,45894.32420414203,2.997632655144009
서울특별시,강서구,202605,26777350000,1668781,548622.0,48808.37808181225,3.041768284902902
서울특별시,강서구,202606,24566330000,1635494,548515.0,44786.97938980703,2.9816759796906194
서울특별시,관악구,202601,20177120000,1426612,477657.0,42241.85974454472,2.986687099738934
서울특별시,관악구,202602,18211040000,1274528,478195.0,38082.874141302185,2.6652892648396573
서울특별시,관악구,202603,20963700000,1543562,478468.0,43814.215370724894,3.2260506449752127
서울특별시,관악구,202604,19977700000,1544831,478144.0,41781.76448935885,3.2308906940168653
서울특별시,관악구,202605,21368530000,1579590,478154.0,44689.639739498154,3.303517276860593
서울특별시,관악구,202606,19745540000,1521636,477797.0,41326.211759387355,3.1846914066015484
서울특별시,광진구,202601,18046280000,1044694,330933.0,54531.521486222286,3.1568142191924045
서울특별시,광진구,202602,16426240000,947375,331095.0,49611.86366450717,2.86133889065072
서울특별시,광진구,202603,18785550000,1188882,331123.0,56732.84549850056,3.5904543024797433
서울특별시,광진구,202604,18138100000,1192444,331029.0,54793.08459379692,3.6022342453380216
서울특별시,광진구,202605,19417350000,1219497,331136.0,58638.59562234248,3.682767805373019
서울특별시,광진구,202606,17634730000,1144248,330905.0,53292.42531844487,3.4579350568894394
서울특별시,구로구,202601,20008210000,1243481,383226.0,52209.94922056437,3.2447720144249086
서울특별시,구로구,202602,18141770000,1114773,382800.0,47392.29362591432,2.9121551724137933
서울특별시,구로구,202603,19642070000,1297421,382836.0,51306.74753680427,3.388973346289273
서울특별시,구로구,202604,19522650000,1317690,382718.0,51010.53517211106,3.4429789035268787
서울특별시,구로구,202605,20550480000,1326791,382652.0,53705.40334298527,3.4673567628027553
서울특별시,구로구,202606,19032760000,1308415,382633.0,49741.553917200035,3.4195038065195633
서울특별시,금천구,202601,15071690000,1006736,223012.0,67582.41708966333,4.514268290495579
서울특별시,금천구,202602,13778590000,889582,222809.0,61840.365514858015,3.992576601483782
서울특별시,금천구,202603,14767540000,1041595,222712.0,66307.78763605014,4.676869679226984
서울특별시,금천구,202604,14571450000,1055375,222726.0,65423.210581611485,4.738445444178049
서울특별시,금천구,202605,14866940000,1017904,222655.0,66771.19310143495,4.571664683029799
서울특별시,금천구,202606,13648190000,1028084,222503.0,61339.35272782839,4.620539947775985
서울특별시,노원구,202601,19041510000,1091665,482461.0,39467.45954595294,2.2627010266114773
서울특별시,노원구,202602,18023440000,1008992,482293.0,37370.31223758172,2.0920726612246083
서울특별시,노원구,202603,19501080000,1212119,482487.0,40417.83509192994,2.5122314176340503
서울특별시,노원구,202604,18989600000,1227718,482097.0,39389.5834240827,2.5466202859590497
서울특별시,노원구,202605,20248350000,1233111,481589.0,42044.87644028414,2.5605049118646814
서울특별시,노원구,202606,18121240000,1176815,481053.0,37669.94489172711,2.4463312774268116
서울특별시,도봉구,202601,9203220000,565155,299545.0,30723.998063729992,1.8867115124605651
서울특별시,도봉구,202602,8558460000,520404,299295.0,28595.399188092015,1.738766100335789
서울특별시,도봉구,202603,9169080000,598396,299065.0,30659.154364435824,2.0008894387507734
서울특별시,도봉구,202604,9125770000,604904,298839.0,30537.413122115922,2.0241802442117662
서울특별시,도봉구,202605,9888560000,623570,298571.0,33119.62648750214,2.088514959590851
서울특별시,도봉구,202606,9208710000,600675,298225.0,30878.39718333473,2.014167155671054
서울특별시,동대문구,202601,15392450000,1002049,348620.0,44152.51563306752,2.874330216281338
서울특별시,동대문구,202602,13887840000,904586,350393.0,39635.03837120034,2.5816326239394054
서울특별시,동대문구,202603,16330980000,1143326,351542.0,46455.27419198844,3.2523169351030603
서울특별시,동대문구,202604,15784530000,1160100,351656.0,44886.280910890186,3.2989626225629594
서울특별시,동대문구,202605,16778250000,1164876,352299.0,47625.028739792055,3.3064981734265495
서울특별시,동대문구,202606,15471360000,1133252,352848.0,43847.095633247176,3.2117285630073007
서울특별시,동작구,202601,14082120000,973091,371748.0,37880.82249265631,2.61760924066841
서울특별시,동작구,202602,12498050000,856677,371746.0,33619.86410075697,2.304468642567775
서울특별시,동작구,202603,14736610000,1086816,372236.0,39589.42713762237,2.9196961067709735
서울특별시,동작구,202604,14290720000,1109901,372250.0,38390.11417058428,2.9816010745466754
서울특별시,동작구,202605,14947730000,1102446,372327.0,40146.779578166505,2.960961735248854
서울특별시,동작구,202606,14156340000,1061479,371999.0,38054.77971714978,2.853445842596351
서울특별시,마포구,202601,28332220000,1593712,357232.0,79310.42011913826,4.461280064495901
서울특별시,마포구,202602,25719290000,1437998,357136.0,72015.39469557816,4.026471708256799
서울특별시,마포구,202603,28260900000,1690209,356966.0,79169.7248477446,4.734929937304954
서울특별시,마포구,202604,27469940000,1718854,356894.0,76969.46432274008,4.816147091293213
서울특별시,마포구,202605,29002650000,1745187,356856.0,81272.69823121931,4.8904516107337415
서울특별시,마포구,202606,26429910000,1660812,356487.0,74139.89850962308,4.6588290737109626
서울특별시,서대문구,202601,13656930000,940529,299942.0,45531.90283454801,3.135702902561162
서울특별시,서대문구,202602,12473400000,839721,300175.0,41553.76030648788,2.7974381610727077
서울특별시,서대문구,202603,14862830000,1096675,300594.0,49444.865832318676,3.6483595813622363
서울특별시,서대문구,202604,14424480000,1111794,300395.0,48018.37580518983,3.70110687594667
서울특별시,서대문구,202605,14907360000,1092531,300236.0,49652.14031628452,3.638907392850957
서울특별시,서대문구,202606,13701720000,1046229,299810.0,45701.344184650276,3.4896401054000865
서울특별시,서초구,202601,31661480000,1712058,415407.0,76217.97417953958,4.121399013497606
서울특별시,서초구,202602,27444120000,1513886,415691.0,66020.48155962,3.6418541657144368
서울특별시,서초구,202603,31917000000,1799602,415540.0,76808.49015738558,4.330755161957934
서울특별시,서초구,202604,31041440000,1830664,414999.0,74798.83084055624,4.411249183732973
서울특별시,서초구,202605,31556540000,1803791,414486.0,76134.15169631784,4.351874369701268
서울특별시,서초구,202606,30640850000,1785929,414383.0,73943.30848514539,4.309851031533629
서울특별시,성동구,202601,17236510000,954546,274695.0,62747.81120879521,3.4749303773275817
서울특별시,성동구,202602,15952290000,861872,274854.0,58039.14078019603,3.135744795418659
서울특별시,성동구,202603,17408280000,1043883,275093.0,63281.43573264314,3.794654898525226
서울특별시,성동구,202604,17044290000,1065275,274917.0,61997.948471720556,3.8748967870302673
서울특별시,성동구,202605,18610590000,1092705,274694.0,67750.26028963138,3.977899044027172
서울특별시,성동구,202606,16518380000,1031495,274517.0,60172.5211917659,3.7574904286437634
서울특별시,성북구,202601,15019220000,953777,422146.0,35578.259654242844,2.259353399060988
서울특별시,성북구,202602,13850780000,859400,422542.0,32779.65267358038,2.0338806556507993
서울특별시,성북구,202603,16129930000,1141524,422778.0,38152.2453864676,2.700055348196926
서울특별시,성북구,202604,16078120000,1175599,422452.0,38059.045761411944,2.782798992548266
서울특별시,성북구,202605,16721500000,1153516,422190.0,39606.57523863663,2.732220090480589
서울특별시,성북구,202606,15617730000,1101952,421762.0,37029.72292430328,2.6127341960631827
서울특별시,송파구,202601,31615980000,1817004,645821.0,48954.71036092044,2.8134792767655434
서울특별시,송파구,202602,28690370000,1637926,649042.0,44204.18093128026,2.5236055601948717
서울특별시,송파구,202603,32181990000,1928570,650071.0,49505.34633909219,2.9667067135743634
서울특별시,송파구,202604,33309320000,2057200,650447.0,51209.89104415886,3.1627480793977063
서울특별시,송파구,202605,34431750000,2044166,650505.0,52930.79991698757,3.1424293433563153
서울특별시,송파구,202606,31601860000,1988708,650258.0,48598.95610665305,3.05833684476008
서울특별시,양천구,202601,14905270000,932029,424606.0,35103.76678614999,2.1950443469946257
서울특별시,양천구,202602,13802090000,852673,424499.0,32513.833954850306,2.0086572642102807
서울특별시,양천구,202603,14701020000,975718,423666.0,34699.55106144935,2.3030358820391537
서울특별시,양천구,202604,14428620000,985513,422900.0,34118.27855284938,2.330368881532277
서울특별시,양천구,202605,15393500000,996085,422070.0,36471.43838699742,2.3599995261449522
서울특별시,양천구,202606,14401850000,976319,421247.0,34188.61143224759,2.317687722405145
서울특별시,영등포구,202601,30442570000,1698296,371228.0,82005.0481105951,4.574805779736442
서울특별시,영등포구,202602,27293030000,1516519,371055.0,73555.21418657611,4.087046394739325
서울특별시,영등포구,202603,30275550000,1792951,371177.0,81566.34166448891,4.830447468458444
서울특별시,영등포구,202604,30318830000,1854462,371471.0,81618.29591004412,4.992212043470419
서울특별시,영등포구,202605,31508890000,1835798,371772.0,84753.26275243967,4.93796735633668
서울특별시,영등포구,202606,29313410000,1815001,371867.0,78827.67225916793,4.880779956274689
서울특별시,용산구,202601,19939060000,1072082,201746.0,98832.4923418556,5.3140186174694914
서울특별시,용산구,202602,18373480000,1003978,201494.0,91186.23879619244,4.982669459140222
서울특별시,용산구,202603,20045350000,1140702,200962.0,99746.96708830525,5.676207442203004
서울특별시,용산구,202604,19445030000,1145921,200187.0,97134.32940200913,5.724252823609925
서울특별시,용산구,202605,21431360000,1207307,199810.0,107258.69576097293,6.042275161403333
서울특별시,용산구,202606,19052520000,1129683,199648.0,95430.55778169578,5.65837373777849
서울특별시,은평구,202601,17648660000,1011058,454860.0,38800.20226003606,2.2227894297146373
서울특별시,은평구,202602,16335380000,930861,454341.0,35954.00811284916,2.0488157573276458
서울특별시,은평구,202603,17732410000,1075064,454109.0,39048.796654547696,2.3674139909140757
서울특별시,은평구,202604,17564330000,1082688,453550.0,38726.336677323336,2.387141439753059
서울특별시,은평구,202605,18859130000,1107354,453398.0,41595.08864176728,2.4423442538343796
서울특별시,은평구,202606,17170690000,1066283,453212.0,37886.662312560125,2.3527245527479415
서울특별시,종로구,202601,23397890000,1234194,136798.0,171039.70818286817,9.022017865758272
서울특별시,종로구,202602,21916500000,1147841,136764.0,160250.504518733,8.392859231961628
서울특별시,종로구,202603,24519650000,1384815,136817.0,179214.93674031735,10.121658858182828
서울특별시,종로구,202604,24896840000,1421460,136716.0,182106.2640802832,10.397173703151058
서울특별시,종로구,202605,26545530000,1457310,136518.0,194447.1058761482,10.674856062936756
서울특별시,종로구,202606,23676650000,1367189,136318.0,173686.89388048532,10.029409175604103
서울특별시,중구,202601,25390880000,1380682,117718.0,215692.41747226423,11.728724579078815
서울특별시,중구,202602,22944400000,1229298,117625.0,195063.97449521784,10.450992561105208
서울특별시,중구,202603,25388680000,1467199,117762.0,215593.14549684958,12.459019038399484
서울특별시,중구,202604,25886110000,1518135,117760.0,219820.90692934784,12.891771399456522
서울특별시,중구,202605,26603280000,1499102,117765.0,225901.4138326328,12.729605570415659
서울특별시,중구,202606,25476570000,1490461,117558.0,216714.8981779207,12.678516136715494
서울특별시,중랑구,202601,14057960000,863491,376920.0,37296.93303618805,2.290913191128091
서울특별시,중랑구,202602,12878570000,796375,376884.0,34171.177338385285,2.1130506999501173
서울특별시,중랑구,202603,13828100000,913650,376665.0,36711.93235368298,2.425630201903548
서울특별시,중랑구,202604,13293010000,909552,376570.0,35300.23634384046,2.4153596940807818
서울특별시,중랑구,202605,14495640000,946531,376463.0,38504.81986277536,2.514273647078199
서울특별시,중랑구,202606,12855380000,891443,376386.0,34154.777276519315,2.3684276248319542
세종특별자치시,세종특별자치시,202601,10998770000,617116,391477.0,28095.571387335654,1.5763786889140359
세종특별자치시,세종특별자치시,202602,9767230000,551681,391240.0,24964.804212248237,1.4100833248134137
세종특별자치시,세종특별자치시,202603,11252570000,680596,391072.0,28773.652933475165,1.740334260698797
세종특별자치시,세종특별자치시,202604,11100650000,697317,391024.0,28388.66668030607,1.7833099758582593
세종특별자치시,세종특별자치시,202605,12256700000,727438,391064.0,31341.928686864554,1.8601507681607103
세종특별자치시,세종특별자치시,202606,11008870000,694791,390923.0,28161.223565766148,1.7773090864441334
울산광역시,남구,202601,20138100000,1020168,304542.0,66125.85456193234,3.3498433713576454
울산광역시,남구,202602,18260060000,931475,304648.0,59938.22378614007,3.0575451012315855
울산광역시,남구,202603,19290600000,1048159,304570.0,63337.16387037463,3.44143874971271
울산광역시,남구,202604,18902670000,1061105,304457.0,62086.50154208969,3.4852376526077573
울산광역시,남구,202605,21083520000,1131251,304385.0,69265.96251457858,3.7165136258357014
울산광역시,남구,202606,19266020000,1078434,304337.0,63304.88898819401,3.5435520492086074
울산광역시,동구,202601,9262810000,485039,148986.0,62172.35176459533,3.2556011974279464
울산광역시,동구,202602,8534560000,446140,148469.0,57483.784493732695,3.004937057567573
울산광역시,동구,202603,9060300000,498157,148194.0,61138.10275719665,3.3615193597581547
울산광역시,동구,202604,8906730000,499250,147925.0,60211.120500253506,3.3750211255703904
울산광역시,동구,202605,11160320000,608429,147834.0,75492.24129767172,4.115622928419714
울산광역시,동구,202606,9812540000,572080,147756.0,66410.43341725548,3.8717886244890223
울산광역시,북구,202601,10510190000,488680,214819.0,48925.793342302124,2.2748453349098545
울산광역시,북구,202602,9480460000,447266,214395.0,44219.59467338324,2.0861773828680708
울산광역시,북구,202603,10196750000,491835,214170.0,47610.54302656768,2.2964700938506795
울산광역시,북구,202604,9893440000,494574,214026.0,46225.41186584807,2.310812704998458
울산광역시,북구,202605,11828030000,577987,213772.0,55330.11806971914,2.703754467376457
울산광역시,북구,202606,10440550000,543984,213685.0,48859.53623324052,2.545728525633526
울산광역시,울주군,202601,12740500000,649010,218966.0,58184.83234840112,2.963976142414804
울산광역시,울주군,202602,11742130000,591118,218641.0,53705.06904011599,2.703600879981339
울산광역시,울주군,202603,12717730000,686223,218352.0,58244.16538433355,3.1427374148164433
울산광역시,울주군,202604,12699350000,704018,218294.0,58175.4422934208,3.225090932412251
울산광역시,울주군,202605,15847760000,821922,218259.0,72609.88092129077,3.765810344590601
울산광역시,울주군,202606,13897550000,771324,218285.0,63666.99498362233,3.5335639187301005
울산광역시,중구,202601,8865990000,480676,203968.0,43467.55373391905,2.356624568559774
울산광역시,중구,202602,8194890000,445281,203682.0,40233.74672283265,2.1861578342710697
울산광역시,중구,202603,8553240000,485108,203386.0,42054.2220211814,2.385159253832614
울산광역시,중구,202604,8299010000,486724,203339.0,40813.665848656674,2.393657881665593
울산광역시,중구,202605,9288270000,525006,203216.0,45706.391229037086,2.583487520667664
울산광역시,중구,202606,8192050000,487824,203026.0,40349.75815905352,2.402766148178066
인천광역시,강화군,202601,3251120000,120432,69698.0,46645.814800998596,1.7279118482596345
인천광역시,강화군,202602,3351850000,123523,69677.0,48105.54415373796,1.7727944658926187
인천광역시,강화군,202603,3531990000,135119,69615.0,50736.04826546003,1.940946635064282
인천광역시,강화군,202604,3729710000,143014,69665.0,53537.787985358504,2.052881647886313
인천광역시,강화군,202605,4576800000,168117,69689.0,65674.64018711705,2.4123893297364
인천광역시,강화군,202606,3514690000,138229,69681.0,50439.71814411389,1.9837401874255536
인천광역시,계양구,202601,12964740000,700676,277636.0,46696.8980967886,2.523721707559538
인천광역시,계양구,202602,11971660000,641261,277372.0,43161.025626234805,2.3119168481317507
인천광역시,계양구,202603,12705350000,732851,277157.0,45841.70704690843,2.644172797367557
인천광역시,계양구,202604,12287820000,733062,276851.0,44384.235563534174,2.6478575118023775
인천광역시,계양구,202605,12665970000,718309,276563.0,45797.774828881666,2.597270784595192
인천광역시,계양구,202606,11042650000,669693,276309.0,39964.85818413443,2.423710411170103
인천광역시,남동구,202601,22912930000,1229518,480148.0,47720.55699492656,2.560706282229646
인천광역시,남동구,202602,21190270000,1133731,479874.0,44157.9873050009,2.3625597552690913
인천광역시,남동구,202603,22836100000,1294441,479700.0,47604.96143422973,2.6984386074629976
인천광역시,남동구,202604,22393480000,1313220,479566.0,46695.30367040199,2.7383509256285894
인천광역시,남동구,202605,22813120000,1279808,479343.0,47592.4755342208,2.6699211212013108
인천광역시,남동구,202606,19872850000,1198262,479149.0,41475.30308943565,2.50081289953647
인천광역시,동구,202601,2874060000,123411,56469.0,50896.24395686129,2.1854645911916273
인천광역시,동구,202602,2790670000,113209,57033.0,48930.794452334616,1.9849736117686252
인천광역시,동구,202603,2763580000,132131,57603.0,47976.32067774248,2.293821502352308
인천광역시,동구,202604,2755420000,136000,57753.0,47710.4219694215,2.354856024795249
인천광역시,동구,202605,2817110000,129815,57836.0,48708.58980565738,2.244536274984439
인천광역시,동구,202606,2554380000,123879,57926.0,44097.29655077167,2.1385733522079895
인천광역시,미추홀구,202601,15864620000,1009847,417198.0,38026.5964841634,2.420546119588301
인천광역시,미추홀구,202602,14647460000,929055,416941.0,35130.77389846525,2.228264910383004
인천광역시,미추홀구,202603,16299790000,1113225,417486.0,39042.72239069094,2.666496601083629
인천광역시,미추홀구,202604,15933140000,1129173,417547.0,38158.91384682443,2.704301551681607
인천광역시,미추홀구,202605,16146880000,1097816,417725.0,38654.33000179544,2.628083069004728
인천광역시,미추홀구,202606,14253440000,1026133,418211.0,34081.9347171643,2.453625083988704
인천광역시,부평구,202601,22818700000,1279348,490227.0,46547.21180187954,2.6097052997896895
인천광역시,부평구,202602,21356560000,1180250,489901.0,43593.624017913826,2.4091602180848786
인천광역시,부평구,202603,22664270000,1344677,489390.0,46311.265044238746,2.747659331003903
인천광역시,부평구,202604,22094020000,1345612,489127.0,45170.313640424676,2.751048296250258
인천광역시,부평구,202605,22897550000,1337479,488829.0,46841.635827661616,2.7360876707396655
인천광역시,부평구,202606,20303000000,1262213,488191.0,41588.230835881855,2.585490105307144
인천광역시,서구,202601,23896290000,1367235,655469.0,36456.781327568504,2.085888119804293
인천광역시,서구,202602,21998320000,1249983,656549.0,33505.98355949061,1.9038685612193453
인천광역시,서구,202603,23992790000,1448232,657709.0,36479.33964716919,2.201934290088778
인천광역시,서구,202604,23379560000,1459944,658984.0,35478.1906692727,2.2154468090272297
인천광역시,서구,202605,24132960000,1423693,660464.0,36539.40260180721,2.155595157343928
인천광역시,서구,202606,21030990000,1348885,662875.0,31726.931925325287,2.0349009994342824
인천광역시,연수구,202601,18975760000,987843,409814.0,46303.34737222252,2.4104666995271025
인천광역시,연수구,202602,17651790000,908001,410040.0,43048.94644424934,2.2144205443371376
인천광역시,연수구,202603,18940330000,1072051,410050.0,46190.293866601634,2.614439702475308
인천광역시,연수구,202604,18222590000,1081321,410191.0,44424.6460795093,2.636140237109054
인천광역시,연수구,202605,19291200000,1067186,410308.0,47016.38768924808,2.6009388069450265
인천광역시,연수구,202606,16855220000,998929,410290.0,41081.235223866046,2.434690097248288
인천광역시,옹진군,202601,923140000,38592,19559.0,47197.70949435043,1.973107009560816
인천광역시,옹진군,202602,885340000,37144,19455.0,45507.067591878695,1.9092264199434592
인천광역시,옹진군,202603,1068360000,43946,19425.0,54999.227799227796,2.2623423423423423
인천광역시,옹진군,202604,1232850000,50834,19397.0,63558.79775222973,2.620714543486106
인천광역시,옹진군,202605,1558300000,62583,19376.0,80424.23616845583,3.229923616845582
인천광역시,옹진군,202606,1317430000,55328,19340.0,68119.44157187176,2.860806618407446
인천광역시,중구,202601,14802320000,867486,177090.0,83586.42498164775,4.898560054209724
인천광역시,중구,202602,14481270000,832785,177525.0,81573.13054499366,4.691085762568652
인천광역시,중구,202603,14166270000,854511,177848.0,79653.80549682875,4.804726508029328
인천광역시,중구,202604,13961340000,851052,178145.0,78370.65311964972,4.777299390945578
인천광역시,중구,202605,15729610000,909407,178490.0,88126.00145666423,5.095002521149644
인천광역시,중구,202606,13220920000,820476,179030.0,73847.51159023627,4.582896721219908
전라남도,강진군,202601,1180650000,46414,31804.0,37122.688969940886,1.459376179096969
전라남도,강진군,202602,1213290000,47915,31759.0,38203.02906262792,1.508706193519947
전라남도,강진군,202603,1255600000,49963,31776.0,39514.09869083585,1.5723502014098691
전라남도,강진군,202604,1496020000,56119,31787.0,47063.89404473527,1.7654701607575425
전라남도,강진군,202605,1460780000,55331,31746.0,46014.61601461602,1.7429282429282429
전라남도,강진군,202606,1255800000,51415,31666.0,39657.67700372639,1.6236657613844503
전라남도,고흥군,202601,2276180000,86234,59394.0,38323.39967000033,1.4518974980637775
전라남도,고흥군,202602,2281660000,88055,59317.0,38465.53264662744,1.484481683159971
전라남도,고흥군,202603,2262630000,89564,59194.0,38223.97540291246,1.5130587559549955
전라남도,고흥군,202604,2337900000,93257,59128.0,39539.64280882154,1.5772053849276146
전라남도,고흥군,202605,2528910000,101433,59047.0,42828.76352735956,1.7178349450437786
전라남도,고흥군,202606,2267130000,93054,58976.0,38441.56945198047,1.5778282691264243
전라남도,곡성군,202601,641020000,38158,27426.0,23372.712025085686,1.3913075184131847
전라남도,곡성군,202602,690620000,42095,27499.0,25114.367795192553,1.530782937561366
전라남도,곡성군,202603,796360000,47350,27582.0,28872.453049089985,1.7166992966427381
전라남도,곡성군,202604,999600000,56527,27644.0,36159.74533352626,2.0448198524092027
전라남도,곡성군,202605,1560460000,84575,27643.0,56450.45762037406,3.0595449119126
전라남도,곡성군,202606,1002000000,56647,27657.0,36229.5259789565,2.0481975630039413
전라남도,광양시,202601,9590360000,383288,155497.0,61675.53071763442,2.4649221528389615
전라남도,광양시,202602,9258710000,363064,155672.0,59475.75671925587,2.332237011151652
전라남도,광양시,202603,10202010000,408481,155699.0,65523.927578211806,2.6235300162493016
전라남도,광양시,202604,9475620000,394578,155815.0,60813.27214966467,2.532349260340789
전라남도,광양시,202605,10711900000,428783,155909.0,68706.10420181003,2.7502132654304754
전라남도,광양시,202606,9176210000,400884,155975.0,58831.287065234814,2.5701811187690335
전라남도,구례군,202601,727960000,27611,23866.0,30501.9693287522,1.1569177909997486
전라남도,구례군,202602,707010000,26471,23904.0,29577.058232931726,1.1073878848728247
전라남도,구례군,202603,1400740000,48496,23941.0,58507.99883045821,2.0256463806858527
전라남도,구례군,202604,1016440000,37213,23955.0,42431.22521394281,1.5534543936547693
전라남도,구례군,202605,1100970000,40410,23995.0,45883.30902271307,1.6841008543446552
전라남도,구례군,202606,855330000,33105,24337.0,35145.252085302214,1.3602744791880677
전라남도,나주시,202601,4916670000,237587,117028.0,42012.76617561609,2.030172266466145
전라남도,나주시,202602,4610990000,218506,116940.0,39430.39165383958,1.8685308705318966
전라남도,나주시,202603,5152430000,261318,116830.0,44101.94299409398,2.2367371394333646
전라남도,나주시,202604,5151250000,266236,116817.0,44096.74961692219,2.2790860919215525
전라남도,나주시,202605,5703250000,276809,116791.0,48832.95801902544,2.370122697810619
전라남도,나주시,202606,5217000000,265460,116691.0,44707.818083656835,2.2748969500647007
전라남도,담양군,202601,3645310000,115505,44140.0,82585.1835070231,2.616787494336203
전라남도,담양군,202602,3629350000,115053,44108.0,82283.2592726943,2.6084383785254377
전라남도,담양군,202603,3646720000,123724,44101.0,82690.18843110134,2.805469263735516
전라남도,담양군,202604,3582580000,121334,44159.0,81129.10165538169,2.7476618582848342
전라남도,담양군,202605,4659280000,151106,44112.0,105623.86652158143,3.4255077983315196
전라남도,담양군,202606,3674770000,124018,44031.0,83458.69955258795,2.816606481796916
전라남도,목포시,202601,15735250000,673251,201544.0,78073.52240701782,3.340466597864486
전라남도,목포시,202602,14581540000,621325,201025.0,72535.95323964681,3.0907847282676286
전라남도,목포시,202603,14894480000,672513,200442.0,74308.17892457668,3.3551501182386927
전라남도,목포시,202604,15108600000,687658,200116.0,75499.2104579344,3.4362969477702934
전라남도,목포시,202605,19805590000,899375,199813.0,99120.62778698083,4.501083513084734
전라남도,목포시,202606,15909710000,779072,199524.0,79738.3272187807,3.904653074316874
전라남도,무안군,202601,3718110000,166951,95710.0,38847.664820812875,1.7443422839828648
전라남도,무안군,202602,3475750000,155229,95696.0,36320.74485871928,1.622105417154322
전라남도,무안군,202603,3807290000,181020,95732.0,39770.29624368028,1.8909037730330507
전라남도,무안군,202604,3771930000,184016,95809.0,39369.265935350544,1.920654635785782
전라남도,무안군,202605,4293070000,196139,95807.0,44809.5650630956,2.047230369388458
전라남도,무안군,202606,4077050000,192281,95659.0,42620.66297996006,2.010067008854368
전라남도,보성군,202601,1466410000,59240,36956.0,39679.88959844139,1.6029873362918066
전라남도,보성군,202602,1373180000,56612,36819.0,37295.41812651077,1.5375757081941388
전라남도,보성군,202603,1452100000,61252,36729.0,39535.51689400746,1.6676740450325356
전라남도,보성군,202604,1553380000,64502,36683.0,42346.04585230216,1.7583621841179837
전라남도,보성군,202605,1890990000,75547,36691.0,51538.25188738383,2.0590062958218636
전라남도,보성군,202606,1593880000,66579,37559.0,42436.699592640914,1.7726510290476318
전라남도,순천시,202601,12899960000,583235,275014.0,46906.55748434625,2.1207465801741003
전라남도,순천시,202602,12602430000,564076,274763.0,45866.54680579263,2.052954728256716
전라남도,순천시,202603,13665300000,648836,274529.0,49777.25486196358,2.363451584349923
전라남도,순천시,202604,13344570000,644644,274914.0,48540.88915078897,2.3448933120903264
전라남도,순천시,202605,14465620000,675529,274685.0,52662.57713380782,2.4592860913409904
전라남도,순천시,202606,12944150000,639412,274131.0,47218.84792307328,2.332505262082727
전라남도,신안군,202601,673190000,24830,41850.0,16085.782556750299,0.5933094384707288
전라남도,신안군,202602,668660000,24956,41889.0,15962.663229010002,0.5957649979708277
전라남도,신안군,202603,751580000,27409,42045.0,17875.60946604828,0.6518967772624569
전라남도,신안군,202604,850590000,29895,42124.0,20192.526825562625,0.7096904377551989
전라남도,신안군,202605,932920000,34018,42207.0,22103.442556921837,0.8059800507024901
전라남도,신안군,202606,842330000,30145,42319.0,19904.298305725562,0.712327796025426
전라남도,여수시,202601,17025080000,717757,262832.0,64775.52200645279,2.7308584951604065
전라남도,여수시,202602,16399780000,681100,262218.0,62542.54093921851,2.5974570776987087
전라남도,여수시,202603,15970430000,711946,261649.0,61037.61145656968,2.7209964494418095
전라남도,여수시,202604,16012460000,717936,261208.0,61301.568098986245,2.748522250467061
전라남도,여수시,202605,18572370000,804407,260913.0,71182.23315817917,3.083046839367912
전라남도,여수시,202606,16583350000,760597,260502.0,63659.204151983475,2.9197357409923916
전라남도,영광군,202601,1554690000,59175,53713.0,28944.389626347438,1.101688604248506
전라남도,영광군,202602,1701480000,66070,53807.0,31621.907930194957,1.227907149627372
전라남도,영광군,202603,1858790000,73666,53957.0,34449.469021628334,1.3652723464981373
전라남도,영광군,202604,1974970000,78057,53969.0,36594.52648742797,1.4463303007281958
전라남도,영광군,202605,2188660000,81479,53933.0,40581.091354087475,1.510744813008733
전라남도,영광군,202606,1989760000,78724,53902.0,36914.4002077845,1.4605023932321621
전라남도,영암군,202601,2669820000,139374,50051.0,53341.99116900761,2.78463966753911
전라남도,영암군,202602,2454750000,125929,50058.0,49038.1157856886,2.5156618322745614
전라남도,영암군,202603,2717220000,145333,50039.0,54302.04440536381,2.9043945722336577
전라남도,영암군,202604,2862730000,154479,50066.0,57179.12355690489,3.0855071305876245
전라남도,영암군,202605,3001250000,161170,50069.0,59942.27965407737,3.218957838183307
전라남도,영암군,202606,2774820000,155400,50076.0,55412.17349628564,3.103283009825066
전라남도,완도군,202601,2107300000,85365,44535.0,47317.8399012013,1.9168070057258335
전라남도,완도군,202602,1926160000,80322,44416.0,43366.35446685879,1.8084023775216138
전라남도,완도군,202603,2043390000,85248,44339.0,46085.61311712037,1.9226414668801732
전라남도,완도군,202604,2176640000,89910,44277.0,49159.60882625291,2.0306253811233823
전라남도,완도군,202605,2419680000,99713,44238.0,54696.86694696867,2.254012387540124
전라남도,완도군,202606,1992100000,89252,44175.0,45095.64233163554,2.020418788907753
전라남도,장성군,202601,1468640000,75207,42975.0,34174.28737638162,1.750017452006981
전라남도,장성군,202602,1391760000,72766,43001.0,32365.7589358387,1.6921932048091906
전라남도,장성군,202603,1642190000,84745,42984.0,38204.68081146473,1.9715475525777033
전라남도,장성군,202604,1660210000,86854,42990.0,38618.51593393813,2.0203303093742733
전라남도,장성군,202605,1891770000,95550,43009.0,43985.44490687996,2.221628031342277
전라남도,장성군,202606,1678940000,87772,43095.0,38959.04397261863,2.036709595080636
전라남도,장흥군,202601,1438180000,56089,34141.0,42124.718080899795,1.6428634193491696
전라남도,장흥군,202602,1376000000,55543,34102.0,40349.53961644478,1.6287314527007213
전라남도,장흥군,202603,1352650000,57817,34076.0,39695.0933208123,1.6967073600187816
전라남도,장흥군,202604,1434030000,59962,34050.0,42115.41850220264,1.7609985315712189
전라남도,장흥군,202605,1515660000,63484,34006.0,44570.369934717404,1.8668470269952362
전라남도,장흥군,202606,1413690000,60550,33952.0,41637.90056550424,1.783400094250707
전라남도,진도군,202601,1386470000,48579,27925.0,49649.77618621307,1.7396239928379589
전라남도,진도군,202602,1357500000,47724,27922.0,48617.577537425685,1.7091898861113102
전라남도,진도군,202603,1338320000,49749,27922.0,47930.663992550675,1.7817133443163098
전라남도,진도군,202604,1437680000,52385,27922.0,51489.14834180933,1.8761191891698303
전라남도,진도군,202605,1484910000,54010,27884.0,53253.12006885669,1.9369530913785684
전라남도,진도군,202606,1244150000,48763,27882.0,44621.97833727853,1.748906104296679
전라남도,함평군,202601,855100000,41435,29394.0,29090.970946451656,1.4096414234197456
전라남도,함평군,202602,861690000,43578,29325.0,29384.143222506395,1.4860358056265985
전라남도,함평군,202603,864880000,42773,29320.0,29497.95361527967,1.4588335607094134
전라남도,함평군,202604,974550000,46970,29387.0,33162.6229285058,1.5983257903154455
전라남도,함평군,202605,1162450000,55035,29490.0,39418.446931163104,1.8662258392675484
전라남도,함평군,202606,909500000,45781,29601.0,30725.313334008984,1.5466031552988075
전라남도,해남군,202601,2614440000,100792,62171.0,42052.40385388686,1.621206028534204
전라남도,해남군,202602,2394400000,95999,62147.0,38528.00617889842,1.5447085136852945
전라남도,해남군,202603,2542970000,103169,62114.0,40940.36771098303,1.6609621019415912
전라남도,해남군,202604,2580160000,104525,62136.0,41524.39809450238,1.6821971160036049
전라남도,해남군,202605,2788190000,111943,62086.0,44908.51399671424,1.803031279193377
전라남도,해남군,202606,2802800000,108010,62027.0,45186.773501862095,1.7413384493849453
전라남도,화순군,202601,2686710000,122195,60205.0,44626.02773855992,2.0296487002740635
전라남도,화순군,202602,2617100000,116923,60160.0,43502.32712765958,1.9435339095744681
전라남도,화순군,202603,2905560000,131782,60126.0,48324.51851112663,2.191763962345741
전라남도,화순군,202604,3175810000,145163,60075.0,52864.08655846858,2.4163628797336663
전라남도,화순군,202605,3308560000,144933,60008.0,55135.31529129449,2.415227969604053
전라남도,화순군,202606,2954650000,136771,59909.0,49318.96710010182,2.2829791850973975
전북특별자치도,고창군,202601,1629920000,71713,50242.0,32441.38370287807,1.4273516181680665
전북특별자치도,고창군,202602,1636580000,75564,50196.0,32603.793130926766,1.5053789146545542
전북특별자치도,고창군,202603,1736740000,79048,50228.0,34577.128294974915,1.5737835470255634
전북특별자치도,고창군,202604,2186590000,97379,50170.0,43583.61570659757,1.9409806657364959
전북특별자치도,고창군,202605,2494740000,109969,50148.0,49747.54726011008,2.1928890484166867
전북특별자치도,고창군,202606,2136120000,96675,50071.0,42661.82021529428,1.9307583231810828
전북특별자치도,군산시,202601,14102730000,648292,256127.0,55061.473409675666,2.531134944773491
전북특별자치도,군산시,202602,13640400000,616598,255886.0,53306.55057330217,2.409658988768436
전북특별자치도,군산시,202603,13836210000,677231,255565.0,54139.69048969929,2.649936415393344
전북특별자치도,군산시,202604,13918110000,690084,255598.0,54453.125611311516,2.6998802807533706
전북특별자치도,군산시,202605,15277060000,732060,255649.0,59757.94937590211,2.863535550696463
전북특별자치도,군산시,202606,13598710000,696119,255591.0,53204.964181054886,2.72356616625781
전북특별자치도,김제시,202601,3058890000,118912,81823.0,37384.23181745964,1.4532833066497195
전북특별자치도,김제시,202602,2942790000,115577,81743.0,36000.513805463466,1.4139070012111128
전북특별자치도,김제시,202603,3136000000,125617,81713.0,38378.226230832304,1.5372951672316522
전북특별자치도,김제시,202604,3139430000,131241,81758.0,38399.05574989603,1.6052374079600773
전북특별자치도,김제시,202605,3426440000,136970,81665.0,41957.26443396804,1.6772179024061715
전북특별자치도,김제시,202606,2970810000,132194,81631.0,36393.159461479096,1.619409293038184
전북특별자치도,남원시,202601,3347510000,149303,74364.0,45015.19552471626,2.0077322360281857
전북특별자치도,남원시,202602,2985840000,133089,74243.0,40217.1248467869,1.7926134450385895
전북특별자치도,남원시,202603,3336040000,155347,74065.0,45042.05765206238,2.0974414365759806
전북특별자치도,남원시,202604,3523590000,161257,74055.0,47580.71703463642,2.1775302140301127
전북특별자치도,남원시,202605,4170130000,188011,73937.0,56401.125282334964,2.5428540514221565
전북특별자치도,남원시,202606,3450670000,160242,73812.0,46749.44453476399,2.170947813363681
전북특별자치도,무주군,202601,1264410000,59493,22777.0,55512.578478289506,2.611976994336392
전북특별자치도,무주군,202602,1031400000,52847,22871.0,45096.410301254866,2.3106554151545624
전북특별자치도,무주군,202603,548000000,28179,23063.0,23761.002471491134,1.2218271690586653
전북특별자치도,무주군,202604,577310000,28333,23152.0,24935.642709053212,1.2237819626814097
전북특별자치도,무주군,202605,800130000,38366,23202.0,34485.38919058702,1.6535643479010431
전북특별자치도,무주군,202606,793650000,38744,23326.0,34024.26476892738,1.6609791648803909
전북특별자치도,부안군,202601,2036340000,81776,47193.0,43149.19585531753,1.7327993558366708
전북특별자치도,부안군,202602,2112310000,86313,47100.0,44847.34607218684,1.832547770700637
전북특별자치도,부안군,202603,2094310000,86774,47038.0,44523.789276754964,1.8447638079850335
전북특별자치도,부안군,202604,2275430000,92591,47031.0,48381.49305777041,1.9687227573302715
전북특별자치도,부안군,202605,2792310000,113046,47009.0,59399.47669595184,2.4047735540002977
전북특별자치도,부안군,202606,2349330000,98273,46946.0,50043.241170706766,2.09331998466323
전북특별자치도,순창군,202601,834830000,35709,27665.0,30176.396168443884,1.2907645038857762
전북특별자치도,순창군,202602,927730000,39267,27687.0,33507.78343626973,1.4182468306425398
전북특별자치도,순창군,202603,1149310000,51793,27627.0,41600.97006551562,1.8747240018822167
전북특별자치도,순창군,202604,1480450000,65280,27607.0,53625.89198391712,2.364617669431666
전북특별자치도,순창군,202605,1440330000,66576,27611.0,52165.07913512731,2.4112129223860057
전북특별자치도,순창군,202606,1254540000,59123,27584.0,45480.71345707656,2.1433802204176335
전북특별자치도,완주군,202601,3618990000,195021,100372.0,36055.77252620253,1.9429821065635835
전북특별자치도,완주군,202602,3428800000,186694,100355.0,34166.70818593991,1.860335807882019
전북특별자치도,완주군,202603,3778050000,218310,100119.0,37735.594642375574,2.180505198813412
전북특별자치도,완주군,202604,3903480000,227494,100092.0,38998.920992686726,2.272848978939376
전북특별자치도,완주군,202605,4331460000,241446,100033.0,43300.310897403855,2.413663491047954
전북특별자치도,완주군,202606,3880510000,229716,100102.0,38765.55912968772,2.2948192843299835
전북특별자치도,익산시,202601,10080970000,493037,266967.0,37761.10905093139,1.846808781609712
전북특별자치도,익산시,202602,9874010000,478665,266797.0,37009.44913173687,1.7941168753771595
전북특별자치도,익산시,202603,10179330000,540855,266973.0,38128.68717061276,2.025879021474082
전북특별자치도,익산시,202604,10008060000,548541,266952.0,37490.1105816776,2.0548300818124607
전북특별자치도,익산시,202605,11208540000,589273,266818.0,42008.18535481115,2.2085204146646777
전북특별자치도,익산시,202606,10139940000,553873,266758.0,38011.75597357905,2.0763126129300713
전북특별자치도,임실군,202601,745470000,39524,25298.0,29467.54684164756,1.5623369436319077
전북특별자치도,임실군,202602,867610000,48307,25309.0,34280.69066340037,1.9086886087952901
전북특별자치도,임실군,202603,904490000,50437,25300.0,35750.592885375496,1.9935573122529644
전북특별자치도,임실군,202604,1049590000,52785,25332.0,41433.36491394284,2.0837280909521554
전북특별자치도,임실군,202605,1351050000,67622,25347.0,53302.16593679725,2.667850238687024
전북특별자치도,임실군,202606,1003310000,52290,25342.0,39590.7978849341,2.0633730565859048
전북특별자치도,장수군,202601,543540000,26016,21015.0,25864.382583868664,1.2379728765167737
전북특별자치도,장수군,202602,567770000,27639,21052.0,26969.884096522896,1.3128918867566026
전북특별자치도,장수군,202603,858250000,40590,21090.0,40694.64201043148,1.9246088193456614
전북특별자치도,장수군,202604,1047050000,49047,21117.0,49583.27413931903,2.322631055547663
전북특별자치도,장수군,202605,1129540000,52676,21144.0,53421.3015512675,2.491297767688233
전북특별자치도,장수군,202606,955900000,45928,21169.0,45155.65213283575,2.1695876045160376
전북특별자치도,전주시 덕진구,202601,11502870000,631504,308441.0,37293.582889434285,2.047406148987975
전북특별자치도,전주시 덕진구,202602,10792350000,585453,308216.0,35015.54104913437,1.8994893191787579
전북특별자치도,전주시 덕진구,202603,11530220000,692772,308179.0,37414.03534958579,2.247953299867934
전북특별자치도,전주시 덕진구,202604,11314060000,707567,307842.0,36752.81475562139,2.298474542135251
전북특별자치도,전주시 덕진구,202605,12563360000,744846,307726.0,40826.44950377934,2.420484456951964
전북특별자치도,전주시 덕진구,202606,11441820000,710494,307345.0,37227.93603279702,2.3117148481348324
전북특별자치도,전주시 완산구,202601,15013680000,712303,315800.0,47541.73527549081,2.2555509816339456
전북특별자치도,전주시 완산구,202602,14441820000,676459,315217.0,45815.485839913454,2.1460105260820326
전북특별자치도,전주시 완산구,202603,14635920000,746826,314736.0,46502.211377154184,2.3728648772304406
전북특별자치도,전주시 완산구,202604,14456810000,756234,314400.0,45982.22010178117,2.4053244274809162
전북특별자치도,전주시 완산구,202605,16603130000,827437,314034.0,52870.48536145768,2.6348643777425376
전북특별자치도,전주시 완산구,202606,14378990000,758267,313529.0,45861.75441506208,2.4184907935151134
전북특별자치도,정읍시,202601,3466750000,167184,101129.0,34280.473454696476,1.65317564694598
전북특별자치도,정읍시,202602,3249940000,156065,100980.0,32183.996831055654,1.5455040602099426
전북특별자치도,정읍시,202603,3652850000,183517,100795.0,36240.38890817997,1.8206954710055063
전북특별자치도,정읍시,202604,3834200000,193101,100724.0,38066.39926929034,1.9171299789523848
전북특별자치도,정읍시,202605,4114990000,202380,100683.0,40870.75275865836,2.010071213611037
전북특별자치도,정읍시,202606,3808740000,194064,100738.0,37808.374198415695,1.9264229982727472
전북특별자치도,진안군,202601,547100000,28856,24284.0,22529.23735793115,1.1882721133256464
전북특별자치도,진안군,202602,585210000,31322,24289.0,24093.622627526864,1.289554942566594
전북특별자치도,진안군,202603,605450000,32589,24321.0,24894.124419226184,1.3399531269273468
전북특별자치도,진안군,202604,818200000,39751,24373.0,33569.93394329791,1.6309440774627662
전북특별자치도,진안군,202605,852810000,43740,24414.0,34931.18702383878,1.7915949864831653
전북특별자치도,진안군,202606,700110000,36358,24689.0,28357.163109076915,1.4726396370853416
제주특별자치도,서귀포시,202601,22513060000,909686,179232.0,125608.48509194786,5.075466434565256
제주특별자치도,서귀포시,202602,22118150000,887483,179000.0,123565.08379888268,4.958005586592178
제주특별자치도,서귀포시,202603,22401070000,968505,178794.0,125289.83075494703,5.416876405248498
제주특별자치도,서귀포시,202604,23113620000,990074,178898.0,129199.99105635614,5.534293284441413
제주특별자치도,서귀포시,202605,27214160000,1150940,178798.0,152206.1768028725,6.437096611818924
제주특별자치도,서귀포시,202606,23917030000,1060726,178669.0,133862.2256798885,5.936821720611857
제주특별자치도,제주시,202601,56094170000,2602123,484763.0,115714.62756027172,5.367825102163325
제주특별자치도,제주시,202602,56410910000,2562763,484514.0,116427.82251906034,5.289347676228138
제주특별자치도,제주시,202603,59336330000,2919741,484383.0,122498.78711680633,6.027752831953227
제주특별자치도,제주시,202604,59316240000,2959957,484331.0,122470.45925204044,6.111434122531905
제주특별자치도,제주시,202605,68051260000,3324252,484171.0,140552.1189827561,6.865863506901487
제주특별자치도,제주시,202606,62508270000,3182778,484123.0,129116.50551616015,6.5743168574928275
충청남도,계룡시,202601,981710000,51455,45885.0,21395.00926228615,1.1213904326032473
충청남도,계룡시,202602,879590000,46690,45990.0,19125.67949554251,1.0152207001522071
충청남도,계룡시,202603,931390000,52480,45959.0,20265.67157684023,1.1418873343632368
충청남도,계룡시,202604,949120000,54076,45960.0,20651.00087032202,1.1765883376849435
충청남도,계룡시,202605,1009630000,56646,45972.0,21961.846341251196,1.2321848081440876
충청남도,계룡시,202606,945340000,55937,45959.0,20569.20298526948,1.217106551491547
충청남도,공주시,202601,4800210000,272194,99730.0,48132.056552692266,2.7293091346635916
충청남도,공주시,202602,5050020000,300157,99551.0,50727.968578919346,3.015107834175448
충청남도,공주시,202603,5247290000,309755,99843.0,52555.41199683503,3.1024208006570317
충청남도,공주시,202604,5679360000,335439,99885.0,56858.987836011416,3.3582519897882563
충청남도,공주시,202605,6593830000,386743,99841.0,66043.30886108913,3.8735890065203673
충청남도,공주시,202606,5783830000,338670,99757.0,57979.189430315666,3.394949727838648
충청남도,금산군,202601,2067540000,95436,48804.0,42364.150479468895,1.955495451192525
충청남도,금산군,202602,2078500000,94099,48741.0,42643.77013192179,1.9305923144785704
충청남도,금산군,202603,2124350000,104679,48853.0,43484.53523836817,2.1427343254252555
충청남도,금산군,202604,2034000000,100242,48959.0,41544.96619620499,2.0474682897935006
충청남도,금산군,202605,2442740000,117099,48975.0,49877.28432873915,2.3909954058192957
충청남도,금산군,202606,2206600000,109426,48939.0,45088.78399640368,2.235967224503974
충청남도,논산시,202601,4630670000,226218,106615.0,43433.569385170944,2.1218215072925948
충청남도,논산시,202602,4464790000,220382,106522.0,41914.25245489195,2.068887178235482
충청남도,논산시,202603,4937880000,259508,106295.0,46454.489863116796,2.4413942330307163
충청남도,논산시,202604,4809520000,257538,106198.0,45288.23518333679,2.4250739185295394
충청남도,논산시,202605,5475960000,280856,106094.0,51614.22889136049,2.647237355552623
충청남도,논산시,202606,4915580000,261638,105977.0,46383.460562197455,2.4688187059456297
충청남도,당진시,202601,8142040000,378845,172414.0,47223.7753314696,2.197298363241964
충청남도,당진시,202602,7556490000,354807,172251.0,43869.06316944459,2.0598254872250377
충청남도,당진시,202603,8642070000,416514,172249.0,50171.96035971181,2.4180924127280856
충청남도,당진시,202604,9037980000,439723,172290.0,52457.9488072436,2.5522258981949038
충청남도,당진시,202605,9927270000,479312,172285.0,57621.209043155235,2.782087819601242
충청남도,당진시,202606,8821450000,449516,172400.0,51168.50348027842,2.607401392111369
충청남도,보령시,202601,5481150000,204597,91882.0,59654.23042598115,2.226736466337259
충청남도,보령시,202602,5012570000,195346,91621.0,54709.83726438262,2.1321094508900797
충청남도,보령시,202603,5115450000,209594,91434.0,55946.91252706871,2.292298269790231
충청남도,보령시,202604,5457420000,221482,91367.0,59730.75618111572,2.4240918493548
충청남도,보령시,202605,6588780000,260103,91353.0,72124.39657154116,2.84722997602706
충청남도,보령시,202606,5525350000,233005,91260.0,60545.14573745343,2.5531996493534956
충청남도,부여군,202601,1495330000,72458,58223.0,25682.805764045137,1.2444910087078989
충청남도,부여군,202602,1603190000,79318,58036.0,27624.060927700048,1.3667034254600592
충청남도,부여군,202603,1587150000,79195,57984.0,27372.206125827815,1.3658078090507726
충청남도,부여군,202604,1779200000,89000,57907.0,30725.12822284007,1.5369471739167977
충청남도,부여군,202605,2083450000,101772,57822.0,36032.13309812874,1.7600913147244994
충청남도,부여군,202606,1776060000,89414,57762.0,30747.896540978498,1.5479727156261902
충청남도,서산시,202601,6806260000,316701,172297.0,39503.06737784175,1.8381109363482824
충청남도,서산시,202602,6386830000,297862,171893.0,37155.8469513011,1.7328337977695427
충청남도,서산시,202603,7003220000,347028,171556.0,40821.77248245471,2.022826365734804
충청남도,서산시,202604,7581280000,375542,171393.0,44233.31174552053,2.1911163233037523
충청남도,서산시,202605,8044550000,391285,171306.0,46960.118151144736,2.284128985558007
충청남도,서산시,202606,7179180000,363748,171136.0,41950.144913986536,2.125490837696335
충청남도,서천군,202601,2028000000,81613,47172.0,42991.60518951921,1.7301153226490291
충청남도,서천군,202602,2029800000,81772,47074.0,43119.34401155627,1.7370947869312148
충청남도,서천군,202603,2199900000,89299,46982.0,46824.315695372694,1.9007066536120216
충청남도,서천군,202604,2244450000,90999,46890.0,47866.28278950736,1.9406909788867563
충청남도,서천군,202605,2586100000,106219,46844.0,55206.64332678678,2.267504909913756
충청남도,서천군,202606,2157950000,93423,46761.0,46148.49981822459,1.9978828510938602
충청남도,아산시,202601,17959470000,955938,360019.0,49884.783858629686,2.6552431954980156
충청남도,아산시,202602,17411810000,889736,360864.0,48250.338077502885,2.465571517247495
충청남도,아산시,202603,19292160000,1086066,361590.0,53353.68787853646,3.0035841699162034
충청남도,아산시,202604,19081040000,1120534,362431.0,52647.372879251496,3.0917167681572493
충청남도,아산시,202605,21020220000,1164807,363223.0,57871.390302926855,3.2068646533947467
충청남도,아산시,202606,18875910000,1105719,363678.0,51902.80962829756,3.0403791265900053
충청남도,예산군,202601,3928850000,179088,78722.0,49907.90376260766,2.2749422016717054
충청남도,예산군,202602,3887960000,186273,78647.0,49435.5792337915,2.368469235953056
충청남도,예산군,202603,3969040000,192099,78604.0,50494.122436517224,2.443883262938273
충청남도,예산군,202604,4195710000,204329,78460.0,53475.7838388988,2.6042442008666837
충청남도,예산군,202605,4824420000,229692,78337.0,61585.45770197991,2.932101050589121
충청남도,예산군,202606,4162870000,202435,78318.0,53153.4257769606,2.5847825531806228
충청남도,천안시 동남구,202601,11895140000,649894,262353.0,45340.209564975434,2.47717388404173
충청남도,천안시 동남구,202602,11329090000,616005,262718.0,43122.62578125595,2.3447384648177896
충청남도,천안시 동남구,202603,12792950000,768610,263206.0,48604.32512936635,2.9201841903300076
충청남도,천안시 동남구,202604,12687270000,793146,263373.0,48172.25000284767,3.011493205453862
충청남도,천안시 동남구,202605,13696860000,817628,263552.0,51970.23737251093,3.102340335114133
충청남도,천안시 동남구,202606,12259060000,755963,263653.0,46496.94864082715,2.867264927764903
충청남도,천안시 서북구,202601,19641450000,981477,401916.0,48869.53990386051,2.4419953423103333
충청남도,천안시 서북구,202602,17793460000,891556,402028.0,44259.25557423861,2.2176465320823424
충청남도,천안시 서북구,202603,19435880000,1052335,401874.0,48363.11878847599,2.618569501883675
충청남도,천안시 서북구,202604,19268360000,1068240,402018.0,47929.09770209294,2.6571944539796726
충청남도,천안시 서북구,202605,20877100000,1123026,402306.0,51893.583491173384,2.791472162980418
충청남도,천안시 서북구,202606,18769560000,1066747,402529.0,46629.0875936889,2.6501121658315303
충청남도,청양군,202601,829950000,34911,29958.0,27703.785299419185,1.1653314640496695
충청남도,청양군,202602,780760000,33743,29919.0,26095.791971656807,1.1278117584143854
충청남도,청양군,202603,1077740000,46302,30077.0,35832.69608006118,1.5394487482129202
충청남도,청양군,202604,1310170000,53809,30088.0,43544.602499335284,1.7883873969688913
충청남도,청양군,202605,1371150000,55794,30081.0,45581.92879226089,1.8547920614341278
충청남도,청양군,202606,1174480000,51885,30051.0,39082.892416225746,1.726564839772387
충청남도,태안군,202601,2885540000,115983,59379.0,48595.294632782636,1.9532663062698934
충청남도,태안군,202602,3075610000,123324,59169.0,51980.09092599165,2.0842670993256602
충청남도,태안군,202603,3316250000,141079,59177.0,56039.50859286547,2.3840174392078004
충청남도,태안군,202604,4337320000,169247,59132.0,73349.79368193194,2.8621896773320707
충청남도,태안군,202605,5317000000,207440,59083.0,89992.04508911193,3.5109930098336237
충청남도,태안군,202606,4236450000,179398,59039.0,71756.80482392994,3.038635478243195
충청남도,홍성군,202601,4195100000,169768,100835.0,41603.6098576883,1.6836217583180444
충청남도,홍성군,202602,4112270000,161709,101040.0,40699.4259699129,1.6004453681710213
충청남도,홍성군,202603,4216480000,188197,101143.0,41688.30270013743,1.8607021741494716
충청남도,홍성군,202604,3981400000,189397,101338.0,39288.32224831751,1.8689632714282896
충청남도,홍성군,202605,4280790000,201237,101443.0,42198.96887907495,1.983744565913863
충청남도,홍성군,202606,3769950000,188885,101566.0,37118.2285410472,1.859726680188252
충청북도,괴산군,202601,1319830000,67370,38166.0,34581.30273017869,1.7651836713305036
충청북도,괴산군,202602,2109140000,93096,37774.0,55835.76004659289,2.4645523375867
충청북도,괴산군,202603,1681930000,90537,37532.0,44813.226047106466,2.412261536821912
충청북도,괴산군,202604,1591510000,89177,37473.0,42470.845675553064,2.3797667654044243
충청북도,괴산군,202605,1983140000,105033,37428.0,52985.46542695308,2.8062680346264828
충청북도,괴산군,202606,1565430000,86570,37415.0,41839.636509421354,2.3137778965655484
충청북도,단양군,202601,1071720000,50623,26788.0,40007.466029565476,1.8897640734657308
충청북도,단양군,202602,1160260000,56410,26711.0,43437.535097899745,2.1118640260566806
충청북도,단양군,202603,1254210000,56805,26644.0,47072.88695391083,2.131999699744783
충청북도,단양군,202604,1490890000,64689,26656.0,55930.74729891957,2.426808223289316
충청북도,단양군,202605,1974610000,84979,26623.0,74169.3272734102,3.1919393006047403
충청북도,단양군,202606,1518320000,67639,26628.0,57019.67853387412,2.540145711281358
충청북도,보은군,202601,1142290000,56975,30603.0,37326.07914256772,1.861745580498644
충청북도,보은군,202602,1014120000,54984,30601.0,33140.093460998,1.7968040260122218
충청북도,보은군,202603,1241280000,65083,30662.0,40482.68214728328,2.1225947426782334
충청북도,보은군,202604,1374270000,72398,30705.0,44757.205666829504,2.3578570265429084
충청북도,보은군,202605,1402160000,73183,30716.0,45649.17306941008,2.3825693449667926
충청북도,보은군,202606,1310510000,70309,31181.0,42029.12029761714,2.2548667457746703
충청북도,영동군,202601,1346740000,56350,43136.0,31220.790059347182,1.3063334569732938
충청북도,영동군,202602,1150210000,46958,43043.0,26722.347420021837,1.0909555560718351
충청북도,영동군,202603,1345960000,58330,42974.0,31320.33322474054,1.3573323404849444
충청북도,영동군,202604,1417370000,63225,43033.0,32936.815931959194,1.4692212952850139
충청북도,영동군,202605,1628010000,70152,43031.0,37833.42241639748,1.6302665520206363
충청북도,영동군,202606,1516770000,66872,43011.0,35264.699727976564,1.5547650601009044
충청북도,옥천군,202601,1766480000,88421,50000.0,35329.6,1.76842
충청북도,옥천군,202602,1774810000,94286,50117.0,35413.33280124509,1.8813177165432886
충청북도,옥천군,202603,1793910000,95667,50259.0,35693.30866113532,1.9034799737360473
충청북도,옥천군,202604,1938550000,102316,50387.0,38473.217298112606,2.0306031317601763
충청북도,옥천군,202605,2236230000,117738,50423.0,44349.404041806316,2.33500585050473
충청북도,옥천군,202606,1930000000,104905,50547.0,38182.285793419986,2.075395176766178
충청북도,음성군,202601,5973260000,319541,94729.0,63056.297437954585,3.373212004771506
충청북도,음성군,202602,5899640000,313373,95021.0,62087.74902389998,3.2979341408741227
충청북도,음성군,202603,6294460000,345135,95429.0,65959.61395382955,3.616667889216066
충청북도,음성군,202604,6314400000,356502,95680.0,65994.98327759198,3.725982441471572
충청북도,음성군,202605,6923910000,394178,95787.0,72284.44360925804,4.115151325336424
충청북도,음성군,202606,6486100000,375037,95954.0,67595.93138378806,3.9085082435333596
충청북도,제천시,202601,6198740000,259724,127803.0,48502.304327754435,2.0322214658497844
충청북도,제천시,202602,6178070000,255669,127640.0,48402.30335318082,2.0030476339705423
충청북도,제천시,202603,6321860000,291218,128269.0,49285.953737847805,2.2703693020137368
충청북도,제천시,202604,6534690000,303941,128382.0,50900.35986353227,2.367473633375395
충청북도,제천시,202605,7313980000,323394,128306.0,57004.19310086824,2.52049007840631
충청북도,제천시,202606,6364930000,299359,128192.0,49651.538317523715,2.3352393285072393
충청북도,증평군,202601,1542440000,75883,36656.0,42078.78655608904,2.070138585770406
충청북도,증평군,202602,1456330000,71066,36623.0,39765.44794254976,1.940474565163968
충청북도,증평군,202603,1559410000,81562,36585.0,42624.2995763291,2.229383627169605
충청북도,증평군,202604,1620430000,86649,36694.0,44160.62571537581,2.361394233389655
충청북도,증평군,202605,1789910000,93291,36724.0,48739.516392549835,2.5403278509966234
충청북도,증평군,202606,1655360000,88663,36741.0,45054.843363000466,2.4131896246699873
충청북도,진천군,202601,4776570000,239388,85969.0,55561.53962474845,2.784585141155533
충청북도,진천군,202602,4585740000,222000,85689.0,53516.08724573749,2.590764275461261
충청북도,진천군,202603,4857140000,256225,85590.0,56748.919266269426,2.993632433695525
충청북도,진천군,202604,4853890000,263283,85623.0,56689.090548100394,3.074909778914544
충청북도,진천군,202605,5361380000,280118,85558.0,62663.690128334,3.2740129502793427
충청북도,진천군,202606,4933720000,271456,85569.0,57657.79663195783,3.1723638233472404
충청북도,청주시 상당구,202601,8148550000,402425,194463.0,41902.82984423772,2.0694168042249683
충청북도,청주시 상당구,202602,7852740000,385988,194232.0,40429.69232670209,1.9872523580048602
충청북도,청주시 상당구,202603,8465120000,436462,193836.0,43671.557399038364,2.25170762912978
충청북도,청주시 상당구,202604,8534980000,452861,193727.0,44056.73963877002,2.3376245954358454
충청북도,청주시 상당구,202605,9507340000,487920,193425.0,49152.59144371203,2.5225281116711904
충청북도,청주시 상당구,202606,8483600000,453272,193079.0,43938.49149829862,2.347598651329249
충청북도,청주시 서원구,202601,7519710000,396521,183007.0,41089.73973673138,2.166698541585841
충청북도,청주시 서원구,202602,7227010000,378200,184851.0,39096.40737675209,2.0459721613623945
충청북도,청주시 서원구,202603,7805600000,450767,185924.0,41982.74563800263,2.4244691379273253
충청북도,청주시 서원구,202604,7613060000,461762,186350.0,40853.55513818084,2.4779286289240674
충청북도,청주시 서원구,202605,8550400000,484418,187416.0,45622.572245699404,2.584720621505101
충청북도,청주시 서원구,202606,7744450000,460269,187779.0,41242.36469466767,2.4511207323502626
충청북도,청주시 청원구,202601,10106220000,500958,186849.0,54087.63225920396,2.6810847261692596
충청북도,청주시 청원구,202602,9353080000,460938,186450.0,50164.01179941003,2.4721802091713596
충청북도,청주시 청원구,202603,10027800000,535450,186336.0,53815.68778979907,2.8735724712347586
충청북도,청주시 청원구,202604,9825880000,547508,186371.0,52722.150978424754,2.9377317286487705
충청북도,청주시 청원구,202605,10792000000,574227,186312.0,57924.341964017345,3.0820720082442357
충청북도,청주시 청원구,202606,9844200000,542672,186088.0,52900.778126477795,2.9162116847942907
충청북도,청주시 흥덕구,202601,16040630000,838059,292310.0,54875.40624679279,2.8670213129896345
충청북도,청주시 흥덕구,202602,15075350000,765458,291887.0,51647.89798791998,2.622446357665809
충청북도,청주시 흥덕구,202603,16110520000,882138,291840.0,55203.26206140351,3.0226768092105263
충청북도,청주시 흥덕구,202604,15587100000,882640,292205.0,53343.029722284016,3.02061908591571
충청북도,청주시 흥덕구,202605,16918210000,920955,292288.0,57881.986260127,3.1508477939566455
충청북도,청주시 흥덕구,202606,15473750000,873978,292625.0,52879.11149081589,2.986682614267407
충청북도,충주시,202601,11452100000,513935,206270.0,55519.949580646724,2.491564454355941
충청북도,충주시,202602,10394070000,469568,206177.0,50413.33417403493,2.2774994301013205
충청북도,충주시,202603,10715480000,522147,206096.0,51992.66361307352,2.533513508267992
충청북도,충주시,202604,11014660000,547585,206089.0,53446.132496154576,2.6570316707830113
충청북도,충주시,202605,12730780000,605669,206179.0,61746.24961805034,2.9375882121845582
충청북도,충주시,202606,11164950000,561871,205978.0,54204.57524590005,2.727820446843838
