TP_BUZ_NO,TP_BUZ_NM,SIDO_NM,CCG_NM,total_amt_6m,total_cnt_6m,avg_ticket_6m,amt_growth_pct_m,amt_r2,cnt_growth_pct_m,cnt_r2,ticket_growth_pct_m,ticket_r2,peak_month,amt_growth_without_peak_pct_m,peak_dependency,market_size_quartile
4004,대형할인점,강원특별자치도,강릉시,4517360000,101401,44549.462036863544,-6.0768645959975665,0.7524951505120105,-4.377182166022783,0.7926082273031139,-1.7774862407064718,0.5091961270517892,202601,-6.09419843659788,False,Q2
4004,대형할인점,강원특별자치도,동해시,2137040000,42061,50808.112027769195,-2.7873190153905942,0.34284611846917284,-1.6015826713736727,0.22703183265908938,-1.2050359916429099,0.3145101294805342,202602,-2.3412252460443597,False,Q1_small
4004,대형할인점,강원특별자치도,삼척시,652120000,16767,38893.06375618775,-23.201190952861815,0.9610794177299191,-17.442939272360636,0.907838154323983,-6.974874868060031,0.7652190202689334,202601,-26.125933077392133,False,Q1_small
4004,대형할인점,강원특별자치도,속초시,4517840000,107901,41870.23289867564,-0.07775570114901656,0.0006608640324832055,3.455430290388916,0.8348579634953471,-3.415176933313831,0.6456459524800048,202605,-1.4569702758375862,False,Q2
4004,대형할인점,강원특별자치도,영월군,235390000,9554,24637.848021770988,0.8704166761251039,0.03426451287659365,2.7893516878457194,0.376204151532685,-1.8668616741042716,0.5511613573532179,202605,-0.8889410349394229,True,Q1_small
4004,대형할인점,강원특별자치도,원주시,5770450000,164806,35013.591738164876,-5.216384722700864,0.9056873436369833,-2.7361806676775227,0.6341578818482028,-2.5499760055167053,0.537233992547128,202601,-4.698105333405395,False,Q2
4004,대형할인점,강원특별자치도,인제군,44810000,1799,24908.2823790995,8.600590060495056,0.17201458823320367,2.801052811433322,0.036036108886328216,5.641515422706613,0.5090906912495938,202605,3.7360031241326586,False,Q1_small
4004,대형할인점,강원특별자치도,춘천시,8809520000,195677,45020.722926046496,-2.502222675124806,0.370202788472388,-0.8297563586595953,0.10416487668305942,-1.6864598240918116,0.5404426020447909,202605,-4.352067860168463,False,Q2
4004,대형할인점,강원특별자치도,태백시,1039000000,21491,48345.819180121915,-2.0419843102610935,0.06571059330587395,-1.281977660783798,0.06660895259198064,-0.7698762915506552,0.05428662472944785,202602,0.5068880129191365,False,Q1_small
4004,대형할인점,강원특별자치도,평창군,233690000,9128,25601.44609991236,1.0339236401562044,0.059108660449681494,3.7086771672679113,0.6054606853790973,-2.579102925782837,0.5849324543280824,202605,-0.4427951502674452,True,Q1_small
4004,대형할인점,강원특별자치도,홍천군,233600000,10709,21813.42795779251,4.038820636905743,0.6050997307763845,3.762356626347554,0.4903642097394891,0.26643960251759546,0.006405970214236794,202605,3.4993829078522567,False,Q1_small
4004,대형할인점,경기도,고양시 덕양구,32318320000,881527,36661.74717280355,-3.323398664784409,0.5466121521959374,-1.9229009219699382,0.3441885391616662,-1.4279559203726306,0.6654482544679828,202601,-2.535480376774114,False,Q4_large
4004,대형할인점,경기도,고양시 일산동구,12046060000,358698,33582.73533724749,-2.3588574129864477,0.41200946169584995,-1.1393982871779162,0.15976326465014848,-1.2335137604673914,0.4705841148645411,202601,-1.8980488492894458,False,Q4_large
4004,대형할인점,경기도,고양시 일산서구,9095510000,266631,34112.72507697905,-5.38065418943708,0.903433005161361,-4.811389078867463,0.8982496206135103,-0.5980390984393278,0.08493594389471351,202601,-4.611586326182189,False,Q3
4004,대형할인점,경기도,과천시,1999580000,79734,25078.134798204028,-1.8153232312700718,0.2649899609020478,0.5382643925454744,0.02193695401737396,-2.340986924765424,0.5491820937863584,202601,-0.24664473580738336,False,Q2
4004,대형할인점,경기도,광명시,7805350000,384192,20316.274154589373,-1.8127327762477725,0.39013693207367695,-1.2556400980085183,0.18227212832842055,-0.5641767071984469,0.18705480485396395,202601,-1.061178367098552,False,Q4_large
4004,대형할인점,경기도,광주시,5535510000,129360,42791.512059369205,-2.218705380667425,0.22312895520494375,0.07870698348286197,0.0007293049775599845,-2.2956055622595475,0.5116601944821153,202601,-0.5070948891382842,False,Q2
4004,대형할인점,경기도,구리시,4243780000,128331,33069.016839267206,-0.5542764778787287,0.025548370941468408,0.7584062898568622,0.07200678115760142,-1.3028022336511396,0.5558916002608038,202605,-2.0290735110793743,False,Q2
4004,대형할인점,경기도,군포시,13809800000,424359,32542.72915149673,-2.254798554750975,0.5589502351113335,-0.8639475198007954,0.1395909149043664,-1.4029719765450006,0.29664120187917553,202601,-1.6206917034883088,False,Q4_large
4004,대형할인점,경기도,김포시,17209660000,473928,36312.81544876015,-4.246259009711753,0.8523577780016175,-3.1221109740082085,0.6713451968734118,-1.1603762705873704,0.23904989536455482,202601,-4.190371083664494,False,Q4_large
4004,대형할인점,경기도,남양주시,16261310000,465962,34898.3608105382,-2.387433483808895,0.5098273944724316,-0.25536452476202975,0.013390388668770717,-2.1375274458505804,0.6602905282952376,202601,-1.4666073529466837,False,Q4_large
4004,대형할인점,경기도,동두천시,1044040000,29543,35339.674372947906,-2.620690266685406,0.6566208756894535,-4.538732815987193,0.8349775603814903,2.0092364221444075,0.4366857772566996,202601,-1.9104345196260888,False,Q1_small
4004,대형할인점,경기도,부천시 소사구,16385470000,434410,37718.906102529865,-4.942408516432517,0.7414941076317582,-3.6721725413369843,0.7477128358647418,-1.3186594243918062,0.23323095328359567,202601,-5.107245008458435,False,Q4_large
4004,대형할인점,경기도,부천시 오정구,169800000,11394,14902.580305423908,-21.523042948221295,0.8569315760023652,-17.014701931016095,0.90824863072823,-5.432698468417255,0.529573323100882,202601,-20.482697377260926,False,Q1_small
4004,대형할인점,경기도,부천시 원미구,17209740000,455676,37767.49269217602,-1.6780959461385758,0.1733954040412292,-1.3228145128070015,0.15205303598251027,-0.36004414959494846,0.04001761072665877,202605,-2.980160307436144,False,Q4_large
4004,대형할인점,경기도,성남시 분당구,23799430000,695138,34236.98603730482,-2.215079458883914,0.29672805053550305,-1.4574244701002788,0.18079905786944112,-0.7688605505888149,0.18855373602612369,202601,-1.6891257054711468,False,Q4_large
4004,대형할인점,경기도,성남시 수정구,9722810000,290088,33516.760431317394,-1.7333687424394308,0.33056040136595993,-0.524411536434496,0.032995870445988576,-1.2153305395601899,0.5218397939246752,202601,-0.7333991864666222,False,Q3
4004,대형할인점,경기도,성남시 중원구,189910000,14867,12773.92883567633,-22.282984271848594,0.9319157984289665,-17.652127197481413,0.9423781438030107,-5.623529687855598,0.7055290888193964,202601,-22.348289695444127,False,Q1_small
4004,대형할인점,경기도,수원시 권선구,15319650000,415890,36835.821972156096,-2.874650518873305,0.5347032448677912,-1.2930863948889053,0.258360417408391,-1.602283027824822,0.5826195887669025,202601,-2.5618009920528317,False,Q4_large
4004,대형할인점,경기도,수원시 영통구,5574930000,282663,19722.88555629849,-7.586416935963978,0.9141110753061422,-4.514105215992868,0.7652689834031462,-3.2175555634900452,0.7641535709226895,202601,-6.360480469232755,False,Q3
4004,대형할인점,경기도,수원시 장안구,26732480000,699501,38216.500047891284,-4.889628415418777,0.6908071890278742,-3.63189606820158,0.6848629697981621,-1.305133437207911,0.46644236936199374,202602,-5.589156790700497,False,Q4_large
4004,대형할인점,경기도,수원시 팔달구,6750750000,208635,32356.747429721763,-3.158038123767748,0.23937093566444725,-3.258194130717209,0.3431506824575171,0.10352918890597937,0.004729493802209856,202604,-4.553841519273625,False,Q3
4004,대형할인점,경기도,시흥시,23866610000,470425,50734.1446564277,-1.6705377904938499,0.09130200265704604,0.20892288915332963,0.003215852069962936,-1.8755422426066544,0.4088295388848538,202605,-3.572801146746929,False,Q4_large
4004,대형할인점,경기도,안산시 단원구,22607490000,502344,45004.00124217667,-1.9483101635867024,0.3168293884051024,-0.5025358262783919,0.033829589784605776,-1.453076567643953,0.24836930607515065,202605,-3.5315671412153518,False,Q4_large
4004,대형할인점,경기도,안산시 상록구,6202340000,214861,28866.755716486474,-0.9552861853179659,0.11837668437226333,0.035176197204376154,0.0002982275634565944,-0.9901140980346892,0.1523032158062772,202605,-2.164111299592118,False,Q3
4004,대형할인점,경기도,안성시,21648060000,488511,44314.37572541867,-2.6145775590462716,0.33596767779955966,-1.2751803395576622,0.11252466518308234,-1.3566975600414917,0.7171702059405785,202605,-5.008603145709483,False,Q4_large
4004,대형할인점,경기도,안양시 동안구,18572930000,557823,33295.38222697881,-2.581616334124365,0.4520872529229902,-1.4485029739199415,0.19260710386299884,-1.1497677807010864,0.3542523572317189,202601,-2.657622623815677,False,Q4_large
4004,대형할인점,경기도,안양시 만안구,4797220000,159793,30021.46527069396,-14.207872645072722,0.8595684545273872,-7.864921334651875,0.8432531622932593,-6.884404292375591,0.8032719084888746,202601,-17.259267981768556,False,Q2
4004,대형할인점,경기도,양주시,9124280000,212958,42845.44370251411,-2.868843958576249,0.27831217418736975,0.6927058954195502,0.032283737326428676,-3.5370485104401945,0.888446225816069,202605,-5.128672125480229,False,Q3
4004,대형할인점,경기도,양평군,1191640000,27250,43729.908256880735,0.550761433408463,0.019719718211961775,0.6976761543463346,0.06956655972250189,-0.1458968335204125,0.0031696012430313327,202605,-1.340307126824256,True,Q1_small
4004,대형할인점,경기도,여주시,30852650000,219117,140804.45606685014,-0.8357426224753346,0.017939735808849156,3.083897564595159,0.1311594677915967,-3.802378722258077,0.7592395146877402,202605,-2.5511093419165762,False,Q3
4004,대형할인점,경기도,오산시,7570050000,208645,36281.96218457188,-2.4042622545885073,0.4572824401833509,-1.3479583572334661,0.3225059417005091,-1.0707369860424345,0.21670100186298444,202601,-2.159841460411891,False,Q3
4004,대형할인점,경기도,용인시 기흥구,9377060000,328140,28576.400316937892,-2.7208466995780127,0.5059287045886698,-0.6325789031038801,0.046774568266328496,-2.1015618332671124,0.32906529274169444,202601,-2.1433360817675107,False,Q3
4004,대형할인점,경기도,용인시 수지구,7543020000,302979,24896.180923430336,-2.5626765427398905,0.558184956707723,-1.6053631375128916,0.33206673478377463,-0.9729325050153821,0.3148984962694928,202601,-1.1504801645590044,False,Q3
4004,대형할인점,경기도,용인시 처인구,4124270000,165105,24979.679597831684,-4.614582165281413,0.8432587215742684,-1.4109182942587668,0.20744903110019697,-3.2495118278762845,0.6574195695458779,202601,-3.7231782067699415,False,Q2
4004,대형할인점,경기도,의왕시,5330800000,205175,25981.722919459,0.25081650747071893,0.008833951870452396,2.7767214663885373,0.536225209837303,-2.457662516257531,0.7539086267982519,202605,-0.689428472113929,True,Q3
4004,대형할인점,경기도,의정부시,7622040000,308652,24694.60751914778,-5.228824201651093,0.888482398066638,-2.216143384297478,0.511688051538605,-3.0809592928960527,0.8253950761658827,202601,-4.858148538023193,False,Q3
4004,대형할인점,경기도,이천시,5012580000,123504,40586.37776914108,-2.9094335616291023,0.5165948568206846,-0.24161893443847476,0.011995592674081424,-2.6742761848123178,0.568147682801693,202601,-2.880141823128315,False,Q2
4004,대형할인점,경기도,파주시,17150170000,324378,52870.9406926487,-2.622237243047026,0.16588201827794766,-0.2635367739490301,0.003241361282748344,-2.3649329370664183,0.5534923231382523,202605,-4.8896744416972355,False,Q3
4004,대형할인점,경기도,평택시,10178430000,310429,32788.27042576564,-3.9073724531472562,0.7804268393192345,-1.3657715459884885,0.20543196327592986,-2.576794026775174,0.6198524846299993,202601,-3.8053385599415313,False,Q3
4004,대형할인점,경기도,포천시,2866350000,76568,37435.3515829067,-7.262495997182274,0.9090030381910651,-5.24832116824663,0.7969982880165188,-2.125740518552828,0.4522389447498013,202601,-7.345076187202983,False,Q2
4004,대형할인점,경기도,하남시,35959490000,722681,49758.45497529339,-3.2470113373059335,0.596756349088656,-2.7576662726806913,0.519178599195202,-0.5032222550287946,0.2763395579721178,202601,-2.714576984382216,False,Q4_large
4004,대형할인점,경기도,화성시 동탄구,8419750000,343289,24526.710730608906,-5.309390315415383,0.7827709103303677,-2.4813117790356385,0.3134733469971631,-2.9000375086789996,0.6247514498864687,202601,-4.820065913283274,False,Q3
4004,대형할인점,경기도,화성시 만세구,2050230000,66135,31000.680426400544,-16.734731716517274,0.9681090550553564,-7.548184633648121,0.9016299270382565,-9.936578364055206,0.9274346102081111,202601,-18.11001801785935,False,Q1_small
4004,대형할인점,경기도,화성시 병점구,1867220000,86742,21526.134974983284,-9.276657987741132,0.9368927447937909,-4.462474395303688,0.7517000431395695,-5.0390499041779275,0.936988114682151,202601,-9.61081472573541,False,Q2
4004,대형할인점,경기도,화성시 효행구,3045380000,101410,30030.37175820925,-2.4888677804088046,0.48868900706834945,-0.11681003842205877,0.003882318757615004,-2.3748317839060205,0.5223993976210866,202601,-1.449787057246875,False,Q2
4004,대형할인점,경상남도,거제시,6353370000,198759,31965.194028949634,-5.606242976513271,0.9166175010988581,-2.950611556664293,0.7485030937601727,-2.736371101812195,0.708914509970034,202601,-5.395172192822584,False,Q2
4004,대형할인점,경상남도,고성군,1026010000,28227,36348.53154780884,-3.7859048623295206,0.7469104878275207,-1.4167265784637764,0.3540806978448886,-2.403225417090021,0.45018765414461015,202601,-3.32750026370022,False,Q1_small
4004,대형할인점,경상남도,김해시,21965190000,755777,29063.056959923364,-2.8895372593332866,0.7728006361909477,-0.9065054678422924,0.09988928399106904,-2.0011725298954794,0.6114441215290413,202601,-2.975896668447402,False,Q4_large
4004,대형할인점,경상남도,밀양시,4042900000,122442,33018.89874389507,-2.929133397655079,0.850583475703426,-0.2537113445192459,0.011615715691032053,-2.6822271677461624,0.6146487574945095,202602,-3.539984149337087,False,Q2
4004,대형할인점,경상남도,사천시,5716680000,153461,37251.6795798281,-2.9653685264031027,0.7994046900108258,-1.428399427563933,0.37417695209238955,-1.559241292536076,0.38976472391752526,202601,-3.382496772216099,False,Q2
4004,대형할인점,경상남도,양산시,18081960000,565082,31998.824949299393,-0.9878956921320318,0.21138219418890075,0.529127329401533,0.044445388040348706,-1.5090382875430965,0.4686884550303577,202605,-1.9488200173669776,False,Q4_large
4004,대형할인점,경상남도,진주시,19534150000,507289,38506.9457449304,-3.6431931654981082,0.7519812448808082,-0.6549892520138867,0.06585248696929971,-3.0079053703709095,0.6955755252888464,202601,-3.8155139624746446,False,Q4_large
4004,대형할인점,경상남도,창녕군,873010000,30526,28598.899298958266,0.24879337666039592,0.003653330905251243,2.0499067946768235,0.23893773054321346,-1.7649339177156294,0.3916078232012584,202603,0.737213393361398,False,Q1_small
4004,대형할인점,경상남도,창원시 마산합포구,7229900000,229846,31455.409274035657,-2.345029105573759,0.7294859058610809,-1.2385785685369164,0.4057175844049935,-1.120326662982154,0.5367585743183488,202601,-1.9585584753956313,False,Q3
4004,대형할인점,경상남도,창원시 마산회원구,11187110000,358798,31179.410141639586,-4.096785738839986,0.8899779699427985,-2.370892718677585,0.6263573457584838,-1.7678057991344545,0.48179213099105805,202601,-4.198278574911446,False,Q4_large
4004,대형할인점,경상남도,창원시 성산구,11724940000,415350,28229.05982905983,-2.195751125768953,0.5521863638691572,0.5243525673706633,0.06309088693161145,-2.705915157540182,0.6427788052931265,202601,-2.400453374311738,False,Q4_large
4004,대형할인점,경상남도,창원시 의창구,11480400000,325480,35272.21334644218,-0.7004033556875194,0.018332749118990757,1.4168766728852025,0.10862614407008826,-2.0876998957499917,0.55399461520585,202605,-2.074411776003307,False,Q3
4004,대형할인점,경상남도,창원시 진해구,7086990000,243620,29090.345620228225,-2.822580581753685,0.8591298321158546,-1.4485637835982699,0.360319153510094,-1.394212860722115,0.672086589657646,202601,-2.6815932148215986,False,Q3
4004,대형할인점,경상남도,통영시,8250980000,206674,39922.68016296196,-2.197417353743459,0.4767697061131724,-0.5269323309832397,0.0673360598809019,-1.6793339764271604,0.3240916415955328,202602,-2.071084056690577,False,Q3
4004,대형할인점,경상남도,합천군,183040000,7748,23624.161073825504,-2.245023626271335,0.18501732174583996,-0.4489136988380284,0.013075661067980361,-1.804209270002004,0.7042765879639092,202601,1.1753547778510773,False,Q1_small
4004,대형할인점,경상북도,경산시,5603020000,134786,41569.7475998991,-6.36394392113209,0.7981582777992241,-5.2028746118448375,0.8081052616085429,-1.224793794677965,0.18051630702472812,202602,-6.977887399812281,False,Q2
4004,대형할인점,경상북도,경주시,8345810000,243063,34335.99519466147,-3.3119663585186467,0.6934588133211582,-0.7641977755433071,0.08588118031127659,-2.5673885088494925,0.7793292767082469,202603,-4.102331593426432,False,Q3
4004,대형할인점,경상북도,구미시,9103030000,220394,41303.43838761491,-3.920481988915872,0.499867004125517,-1.3048407783118936,0.14852755295208186,-2.650222393105188,0.5628515619319232,202601,-3.843960200331669,False,Q3
4004,대형할인점,경상북도,김천시,4125780000,77283,53385.349947595205,-1.4551933460925557,0.06649831815603173,1.105316204280506,0.0630052453146359,-2.532517227085931,0.6347865245750519,202605,-3.6838186119734218,False,Q2
4004,대형할인점,경상북도,문경시,1136200000,36442,31178.310740354536,-7.354334128192999,0.8866451895528855,-2.610054924728548,0.6266675564020837,-4.871426100299786,0.8373972780497767,202602,-7.75503631648991,False,Q1_small
4004,대형할인점,경상북도,상주시,1214610000,22903,53032.790464131336,-2.6056829847885608,0.22378294360274803,-0.15639304727529754,0.001844029782552965,-2.453126456732444,0.4827212514871573,202602,-1.7747058352512564,False,Q1_small
4004,대형할인점,경상북도,성주군,597590000,22859,26142.438426877816,0.6671025826994407,0.14272473201868888,2.54548159309535,0.5068591003557403,-1.831752097912366,0.578752102438759,202605,0.12204146790960003,True,Q1_small
4004,대형할인점,경상북도,안동시,3959940000,92539,42792.12007910178,-5.185139288887179,0.6869697584135472,-2.782897026043952,0.4296152767339081,-2.471007867295485,0.6468031328230376,202601,-4.840116128249798,False,Q2
4004,대형할인점,경상북도,영주시,812600000,23398,34729.46405675699,-17.074295031296366,0.9747523877716557,-12.172160789867785,0.9557161776935992,-5.581526638381716,0.848056390266123,202601,-18.20601068344029,False,Q1_small
4004,대형할인점,경상북도,영천시,2810200000,66710,42125.61834807375,-1.6852692352668965,0.28418270545263846,0.8966030686660879,0.14909596081863483,-2.5589288691670053,0.4362456840460169,202602,-1.2929504629916178,False,Q1_small
4004,대형할인점,경상북도,예천군,200470000,13490,14860.637509266124,-2.734404482747157,0.2743835552528535,-0.8453622870099965,0.03647943216595561,-1.9051475950172605,0.7568144708523555,202601,-1.3767690332922358,False,Q1_small
4004,대형할인점,경상북도,청도군,1404770000,40835,34401.12648463328,-1.2114947481037326,0.40420575211767223,-0.25114496600008196,0.016259073996538618,-0.9627677247786909,0.18190720944503322,202602,-1.251654127057209,False,Q1_small
4004,대형할인점,경상북도,칠곡군,141110000,9173,15383.189796140849,1.747542462735521,0.3947892313064241,3.8313099284693006,0.7460342502568326,-2.0068777589046545,0.882348264629561,202604,2.008814894402312,False,Q1_small
4004,대형할인점,경상북도,포항시 남구,7832060000,208774,37514.537250807094,-4.128494873220979,0.6931795177105298,-2.4407402830324214,0.45048954928247,-1.729978881640746,0.38550222081211977,202601,-4.36010293322552,False,Q3
4004,대형할인점,경상북도,포항시 북구,11530860000,356951,32303.761580721162,-2.687554272187536,0.6237611955008078,-0.7396758697584908,0.08395431839104363,-1.962393755508212,0.47798820459911345,202601,-1.9506294228930934,False,Q4_large
4004,대형할인점,광주광역시,광산구,9879790000,227747,43380.549469367324,-3.405430397371165,0.44699766002534946,-1.5205949012006976,0.21000900407804826,-1.9139387512338384,0.4941440829250127,202601,-3.247877343312624,False,Q3
4004,대형할인점,광주광역시,남구,2903430000,54907,52879.050030050814,-4.091154740404845,0.7228287603507164,-0.7707412919979715,0.10100473807541493,-3.3462040245384697,0.8143051817646447,202601,-3.2431185559411353,False,Q1_small
4004,대형할인점,광주광역시,동구,3273210000,60854,53787.91862490551,2.105955586545737,0.03839931794803497,4.5407829106984705,0.18978479987116298,-2.329069341514891,0.7418517180480062,202603,3.100138929897187,False,Q1_small
4004,대형할인점,광주광역시,북구,4051590000,150858,26856.978085351788,-9.429617405590418,0.9892376048878052,-5.426830680856176,0.9051044579765547,-4.232476032633029,0.7944511683453088,202601,-9.563623280812864,False,Q2
4004,대형할인점,광주광역시,서구,11178010000,279485,39995.02656672093,-2.3597134623673086,0.35295922675555963,0.6968897416279027,0.066786905202497,-3.035449468040131,0.6330811233634053,202601,-1.9184719072800036,False,Q3
4004,대형할인점,대구광역시,남구,1140420000,41817,27271.683764975965,-24.8019619425155,0.9602743650053363,-19.061726353780976,0.9262440547395854,-7.092115176344252,0.8947281377332903,202601,-27.506394176398906,False,Q1_small
4004,대형할인점,대구광역시,달서구,19109120000,570616,33488.58076184334,-6.734791905270461,0.8884620124774232,-5.374158283180181,0.8634244796197866,-1.4379091349719815,0.21233052321551404,202601,-6.369358903288504,False,Q4_large
4004,대형할인점,대구광역시,달성군,2843680000,123255,23071.518396819603,-1.8485033372808946,0.5877902702506194,0.01874217625134816,3.664344077023362e-05,-1.8668956166653534,0.47404949625852555,202601,-1.4680294594088052,False,Q2
4004,대형할인점,대구광역시,동구,6483950000,208675,31072.001916856356,-3.039695270417728,0.43743835626479943,-1.0233030882194813,0.08537275994184086,-2.0372393150232564,0.5570223659148893,202601,-1.5655492019493722,False,Q3
4004,대형할인점,대구광역시,북구,17712410000,418482,42325.38078101328,-3.106642552773524,0.44496443263568186,-2.9014381466285935,0.4746847376668952,-0.21133619512795765,0.017033779655684013,202601,-3.723973341035226,False,Q4_large
4004,대형할인점,대구광역시,서구,7036060000,100780,69816.034927565,-3.191932132256494,0.462241774345067,-0.8480601371152554,0.13631503488401586,-2.3639194537015205,0.485973887515368,202602,-2.3165260880086516,False,Q2
4004,대형할인점,대구광역시,수성구,14626940000,443555,32976.609439641084,-3.0847349533729402,0.6665221425744388,-0.6961965979036271,0.1381983430485813,-2.4052838598716644,0.4156164143524272,202601,-3.042999608042176,False,Q4_large
4004,대형할인점,대구광역시,중구,10965370000,423761,25876.307635671994,-3.0156132791735755,0.7850502652275554,-0.02460809649718344,0.00014327983469278013,-2.9917413932854124,0.4510702077680257,202602,-2.949345458197643,False,Q4_large
4004,대형할인점,대전광역시,대덕구,491540000,29154,16860.12211017356,-4.184801110724739,0.7529156092397858,-3.4431957715479444,0.673282988764162,-0.7680508329813365,0.24090353551750085,202601,-2.706748805564321,False,Q1_small
4004,대형할인점,대전광역시,동구,4822470000,122830,39261.33680696898,-5.328844113326364,0.7633405646187021,-2.2133119959775716,0.6382505271239576,-3.1860493293531245,0.6191346637704543,202602,-5.395362329636743,False,Q2
4004,대형할인점,대전광역시,서구,10611870000,281486,37699.45929815337,-2.056769857851716,0.41854279767422514,-0.5298253596990051,0.053519421576253945,-1.5350777292534168,0.2226432885209833,202601,-1.1061293360630342,False,Q3
4004,대형할인점,대전광역시,유성구,10746190000,301281,35668.32956608615,-3.8135824734473007,0.5897340967005045,-2.433061804603166,0.48947466195264494,-1.4149472089401214,0.5165839335653619,202601,-4.032163680750305,False,Q3
4004,대형할인점,대전광역시,중구,2226130000,70083,31764.19388439422,-6.92613435974078,0.6290510361382202,-6.896713726560404,0.7430398148263953,-0.031599994326736866,0.0002554653991875494,202601,-3.6663129461454793,False,Q1_small
4004,대형할인점,부산광역시,강서구,9950450000,321081,30990.466580084154,-1.378574398814107,0.1214205035640204,0.8400081710405759,0.06071051452359399,-2.2001015371712547,0.4403846309685572,202605,-3.538548459083308,False,Q3
4004,대형할인점,부산광역시,금정구,10618690000,295785,35900.02873708944,-0.0922859422120508,0.0004155847296052285,1.6015407441262737,0.10942981117215293,-1.667126968678674,0.45147277750232845,202605,-0.9042022559178322,False,Q3
4004,대형할인점,부산광역시,기장군,21454030000,319138,67224.93090763243,-2.665515628964301,0.18278697179677025,-1.0410770378427974,0.05132624447839132,-1.6415281639056634,0.4732163996310199,202605,-4.893882858396292,False,Q3
4004,대형할인점,부산광역시,남구,8984230000,337031,26656.984075648827,-5.286956227137547,0.845969553712993,-3.5775077212096855,0.6754047396220443,-1.772873180860413,0.37182446935660696,202601,-3.695747753878335,False,Q3
4004,대형할인점,부산광역시,동구,660150000,45824,14406.206354748603,-13.204684390420967,0.9651162326099234,-8.645784809015788,0.9211660523684974,-4.990354929845758,0.8578550923289576,202601,-13.378449122556043,False,Q1_small
4004,대형할인점,부산광역시,동래구,17294470000,616250,28064.048681541582,-1.8084626102568762,0.11516159418546244,0.11805252253661964,0.001058433371479493,-1.92424351478457,0.3197589358477428,202601,1.0267292500779657,False,Q4_large
4004,대형할인점,부산광역시,부산진구,12041090000,361196,33336.720229459905,-0.8448598760130608,0.09913089741279323,0.16835360290104634,0.00787403485616664,-1.0115105644351656,0.08871652667955746,202602,-0.15189792681642797,False,Q4_large
4004,대형할인점,부산광역시,북구,81315510000,2420890,33589.09739806435,-0.25004299762177307,0.025423839026481723,1.3216049215093522,0.17347297577664356,-1.5511478725081396,0.43692581053655466,202603,-0.16653354348190658,False,Q4_large
4004,대형할인점,부산광역시,사상구,16864900000,432859,38961.64801933193,-1.7759286593402768,0.2712624027786122,-0.6641819953288057,0.04614830899056994,-1.1191800564416425,0.393065204735014,202605,-2.8779311463570734,False,Q4_large
4004,대형할인점,부산광역시,사하구,8880930000,262654,33812.277749434616,1.1413392887900715,0.058744818423907684,1.4537416005184152,0.21045308937056745,-0.30792586532532723,0.022214952590572372,202605,0.6823842040867414,False,Q3
4004,대형할인점,부산광역시,서구,389480000,31785,12253.57873210634,-12.59819334300568,0.9266586629946577,-9.85382697436345,0.9188563037868257,-3.044351497718931,0.7740669743694781,202601,-11.423461098164992,False,Q1_small
4004,대형할인점,부산광역시,수영구,699920000,52543,13320.899073140095,-9.099545883199392,0.953208281587321,-4.008948976946914,0.6007589853740415,-5.303199467031469,0.9084103005579359,202601,-8.606465047957244,False,Q1_small
4004,대형할인점,부산광역시,연제구,16188620000,432679,37414.85027006164,-5.591441328971661,0.7824402789551512,-4.205365660051491,0.875953933483406,-1.4469241189453195,0.27348914347243186,202601,-4.896319368007489,False,Q4_large
4004,대형할인점,부산광역시,영도구,762320000,28903,26375.11676988548,-33.4444640246743,0.8711558486333226,-22.668341177123747,0.8371888926718304,-13.934943348664772,0.8910372531280839,202601,-39.280402774742,False,Q1_small
4004,대형할인점,부산광역시,중구,2607730000,78744,33116.554912120286,-1.7449350176408098,0.4172424213937481,0.6049478637409774,0.0683868706095704,-2.335752794747691,0.5039368288961531,202601,-1.6221610699039657,False,Q2
4004,대형할인점,부산광역시,해운대구,14783170000,491681,30066.58788930221,-6.259522494332925,0.8438047045264698,-5.970336248428783,0.7901382982802498,-0.30754788900255864,0.029073124225094615,202601,-6.784888814674243,False,Q4_large
4004,대형할인점,서울특별시,강남구,21336780000,743812,28685.716283146816,-3.055207708134521,0.4978593680479084,-2.10107609153264,0.3441644631854592,-0.9746088909965364,0.3100331388733586,202601,-0.9200413589378812,False,Q4_large
4004,대형할인점,서울특별시,강동구,14426870000,570740,25277.481865648107,-3.4641092761105647,0.6859206892590378,-2.352417840476578,0.40645623976995476,-1.1384730794643838,0.5130887179176863,202601,-2.455958631586742,False,Q4_large
4004,대형할인점,서울특별시,강북구,2624890000,131062,20027.84941478079,-0.5797605643399408,0.0745086928763636,-0.45335947554075734,0.037855517880412644,-0.12697674992666436,0.0048424135849101145,202601,1.0262460358761865,False,Q2
4004,대형할인점,서울특별시,강서구,23042700000,677455,34013.624521185906,-2.8972751814959583,0.5723372507235595,-1.9245515953226877,0.3826391796833061,-0.9918115104196509,0.26523521305411996,202601,-2.8780753786367947,False,Q4_large
4004,대형할인점,서울특별시,관악구,3666760000,227598,16110.686385644865,-4.612715110959532,0.7637889673982595,-0.3972999758544037,0.011403213674441725,-4.232229783011148,0.8533528102059215,202601,-3.079448244922173,False,Q3
4004,대형할인점,서울특별시,광진구,10249800000,409443,25033.521149464028,-4.340930639746349,0.7465457578847456,-1.6102030052201823,0.30427239968538144,-2.7754174903634343,0.5726214414976996,202601,-2.5994968255348887,False,Q4_large
4004,대형할인점,서울특별시,구로구,14955700000,464433,32202.061438356017,-3.943177056499677,0.8239615153453357,-3.2039562074908092,0.7535849593103654,-0.7636891137756437,0.15340202860780144,202601,-4.0529014558339735,False,Q4_large
4004,대형할인점,서울특별시,금천구,19072180000,746854,25536.69124085832,-4.764796760227373,0.5916980856726125,-2.4544153597188605,0.3683520080187229,-2.3685145863121293,0.26825339054392,202601,-4.527223640370564,False,Q4_large
4004,대형할인점,서울특별시,노원구,23416980000,694111,33736.65018995521,-2.998407890571654,0.6280398734917403,-1.2340217899910109,0.16553621486801123,-1.7864310489883188,0.5468925656440752,202601,-3.1433689173951276,False,Q4_large
4004,대형할인점,서울특별시,도봉구,5315140000,225006,23622.214518723944,-6.2187171203508536,0.8468756194161194,-2.9380578917089175,0.5373999045247071,-3.379964543653708,0.7641056409937818,202601,-4.617440109388198,False,Q3
4004,대형할인점,서울특별시,동대문구,5545110000,237884,23310.14275865548,-0.8980526594780944,0.08004543129623706,0.6342358103542155,0.032100718451507707,-1.522631396257588,0.5022126188261725,202601,0.40255448994879545,False,Q3
4004,대형할인점,서울특별시,동작구,3423890000,209670,16329.899365669862,-4.494558701238313,0.7068187030934584,-2.404319399774266,0.3128167804191038,-2.1417334134142476,0.6154876014458347,202601,-2.89994881403009,False,Q3
4004,대형할인점,서울특별시,마포구,8153010000,317982,25639.847538539918,-10.40748609525322,0.9552452504568315,-7.346139369065428,0.8841001057331931,-3.3040681795030182,0.713668633339794,202601,-10.235090461109403,False,Q3
4004,대형할인점,서울특별시,서대문구,2743110000,192388,14258.217768259974,-2.6343839041044617,0.40174019586667997,-1.2787492832006722,0.11468291932880142,-1.3731943336016332,0.4219509844123447,202601,-0.35162218192763434,False,Q2
4004,대형할인점,서울특별시,서초구,24047440000,729947,32944.09046136226,-2.3159652108612554,0.48321432786215934,-1.2608525738632494,0.1894462110788047,-1.0685859302028695,0.7501225198755691,202601,-1.1771568796239331,False,Q4_large
4004,대형할인점,서울특별시,성동구,16420330000,413359,39724.13809787618,-4.778879881131582,0.7112632630214516,-2.952243927029886,0.6258304901652586,-1.882203183274303,0.3084055707821433,202601,-4.776222207086834,False,Q4_large
4004,대형할인점,서울특별시,성북구,6586420000,280551,23476.72972115587,-4.709854258984882,0.8587259902960036,-2.497924878659475,0.5292517336092656,-2.268597235056453,0.5336425615687825,202601,-3.284791272527198,False,Q3
4004,대형할인점,서울특별시,송파구,25131080000,865021,29052.566353880426,-2.5074838644430137,0.440447835561559,-1.3189223389451716,0.20038882302850167,-1.2044472493300518,0.39814051708148346,202601,-2.2019968738382403,False,Q4_large
4004,대형할인점,서울특별시,양천구,8157640000,346252,23559.83503344385,-4.179758129185693,0.64011129101709,-1.3253824395224443,0.1866096374815474,-2.8927152293382994,0.4792946657704661,202601,-1.8810088528350748,False,Q3
4004,대형할인점,서울특별시,영등포구,16556600000,578082,28640.57348265471,-2.454870399542318,0.4765702388357452,-1.4969863371110437,0.2507949398673394,-0.9724413769811362,0.18585430886989804,202601,-1.6405786551714208,False,Q4_large
4004,대형할인점,서울특별시,용산구,5315460000,160135,33193.61788490961,-5.011745296987278,0.8514844490034968,-2.803823743279297,0.6355018196549616,-2.271613595041299,0.7044602001709442,202601,-4.225235570775177,False,Q2
4004,대형할인점,서울특별시,은평구,20263490000,566989,35738.77094617356,-1.6578602521203338,0.2965144442216957,-1.4784336730509953,0.34557503636056863,-0.18211908900619986,0.01537967855450315,202601,-0.8874768106636292,False,Q4_large
4004,대형할인점,서울특별시,종로구,2509320000,124969,20079.53972585201,-10.571954141625753,0.9401495075570623,-9.04222103614449,0.9728769331444403,-1.6818056937044819,0.34273771509983464,202601,-9.403124792799614,False,Q2
4004,대형할인점,서울특별시,중구,7030830000,196351,35807.45705394931,-2.5883117068911017,0.7006735864182203,-0.8931172833480108,0.22036240032577809,-1.7104709350910383,0.392855615370013,202601,-1.6754533150247126,False,Q2
4004,대형할인점,서울특별시,중랑구,6152120000,244995,25111.206351150024,-18.375760130582375,0.9896230707914796,-11.387520439161682,0.9632999397983381,-7.886292908238513,0.9568906217548803,202601,-19.455791777598474,False,Q3
4004,대형할인점,세종특별자치시,세종특별자치시,2905670000,186073,15615.752957172723,-6.734460581100139,0.5347345054940263,-1.458310066731299,0.07579720104106284,-5.354231815936733,0.8111992165597541,202603,-7.817261471965292,False,Q2
4004,대형할인점,울산광역시,남구,11769140000,273058,43101.24588915175,-2.121089279871928,0.3207912459685047,-1.7535520543487184,0.2231307478433061,-0.37409721492068226,0.03712047217034554,202601,-0.8623918751516944,False,Q3
4004,대형할인점,울산광역시,동구,2413870000,113341,21297.412233878298,-8.869376238966048,0.9255716437620961,-3.5129078666039453,0.5342507251353145,-5.551486995749251,0.8607453139330012,202601,-9.317092042297356,False,Q2
4004,대형할인점,울산광역시,북구,5808440000,140319,41394.53673415574,-0.6894583239676434,0.016691586855365377,0.797289000126518,0.038691700077243436,-1.4749874117073678,0.2952770124148777,202603,-1.252184375638936,False,Q2
4004,대형할인점,울산광역시,울주군,9041800000,290917,31080.342503188196,-1.2256641510202104,0.176953976384353,0.42623787210754804,0.016990461623467634,-1.6448908752625533,0.5102656483381572,202603,-1.481155322710913,False,Q3
4004,대형할인점,울산광역시,중구,2825850000,89929,31423.122685674254,-12.655951353317601,0.9072178360833919,-8.388666652479133,0.8297726915845626,-4.6580314300752015,0.8744697710382047,202601,-13.168864005774452,False,Q2
4004,대형할인점,인천광역시,계양구,8377630000,280130,29906.222111162675,-4.154884682592446,0.7829517435724588,-1.7743926761238056,0.32440686257888973,-2.423494312047876,0.6947620926624449,202601,-3.651133234549543,False,Q3
4004,대형할인점,인천광역시,남동구,16340820000,424168,38524.40542426586,-4.246919949989553,0.7196247759159945,-3.416850398063108,0.6281226207077951,-0.859435165810577,0.24046470664087627,202601,-4.525553551199528,False,Q4_large
4004,대형할인점,인천광역시,동구,5581910000,74881,74543.74273847838,-3.5945832844390604,0.4373884331735837,-2.322691336195533,0.6327011866148435,-1.302136561339166,0.17958462841868608,202602,-2.336275429910199,False,Q2
4004,대형할인점,인천광역시,미추홀구,4301620000,202236,21270.298067604184,-9.011078815974503,0.919757177953908,-6.012237445059069,0.7560916468122605,-3.1906721570933194,0.7671637322349482,202601,-8.847158697180474,False,Q3
4004,대형할인점,인천광역시,부평구,12878000000,452239,28476.093393095245,-0.7067914168597528,0.07468510493803679,0.6833399001820336,0.058036156186832284,-1.3806964671811788,0.41631869899103346,202605,-1.6427693050203835,False,Q4_large
4004,대형할인점,인천광역시,서구,11285670000,363675,31032.295318622397,-5.840204795431368,0.6273227062780796,-3.6299627517743454,0.5923944993753996,-2.29349506005067,0.4116725985524826,202601,-5.582083441789523,False,Q4_large
4004,대형할인점,인천광역시,연수구,11327560000,420517,26937.222514190864,-3.815336735259287,0.8340373473917827,-0.9723199352559244,0.17007631099994938,-2.870931438709505,0.6205032413771392,202601,-3.1701373893450886,False,Q4_large
4004,대형할인점,인천광역시,중구,4928680000,144313,34152.7097350897,-0.5132333198735215,0.03766767575901991,1.2229149711135747,0.20441083173844113,-1.715173181371563,0.3681536888135068,202605,-1.993053083753801,False,Q2
4004,대형할인점,전라남도,고흥군,296550000,10765,27547.607988852764,0.1529537198768969,0.0030006094182352654,1.546872587616277,0.3042356863446684,-1.3726851770217434,0.31264258185817423,202605,-0.9988211795321602,False,Q1_small
4004,대형할인점,전라남도,광양시,15057060000,260699,57756.49312041857,-2.1899644200564126,0.09216859543124652,-0.6363803810879158,0.012669527852683079,-1.5635340629970174,0.28587008694145927,202605,-4.717753238481556,False,Q3
4004,대형할인점,전라남도,나주시,910070000,24369,37345.39784151997,-1.0277559853605258,0.1376410208383249,1.4896588777413882,0.4696357344130991,-2.4804644048852995,0.47545564713215943,202602,-0.4408216019034526,False,Q1_small
4004,대형할인점,전라남도,목포시,6804470000,143434,47439.728376814426,-5.888766473738694,0.8517450322382188,-3.2727552380219316,0.7539809175370505,-2.7045236759862057,0.5289909508499429,202601,-6.0292117433325085,False,Q2
4004,대형할인점,전라남도,무안군,2079710000,46258,44958.92602360673,-1.9771997065320255,0.20250092804793726,-0.683289737610191,0.053704086815959354,-1.3028119492715462,0.3836774842145224,202605,-4.360242871894565,False,Q1_small
4004,대형할인점,전라남도,순천시,5893610000,123149,47857.55466954665,-5.904215069126838,0.7624198191189393,-4.093988570277232,0.7593059862367105,-1.8875005558709093,0.43086752396763717,202601,-5.876070647891642,False,Q2
4004,대형할인점,전라남도,여수시,6160760000,130598,47173.463605874516,-1.677522425162813,0.20424500065683704,1.6774149431234564,0.248902733373732,-3.2995895599460034,0.7202681385102926,202602,-0.7258404641714825,False,Q2
4004,대형할인점,전라남도,영암군,363670000,15945,22807.776732518032,-3.315415552660414,0.3991495079857018,1.1600188867148837,0.09121963363083692,-4.424113882765431,0.31004523007550566,202602,-1.808558036767646,False,Q1_small
4004,대형할인점,전북특별자치도,군산시,5711230000,132119,43227.92331156004,-6.753499376510809,0.8040942007570102,-4.057593289796425,0.7613802929267031,-2.809921263344435,0.467282869713742,202601,-7.370363008104857,False,Q2
4004,대형할인점,전북특별자치도,김제시,2753240000,31531,87318.51194062986,-6.485890875190484,0.2598361297656727,-11.014223225725942,0.4999979068629493,5.088827130230322,0.9016060072229615,202603,-8.732802958100786,False,Q1_small
4004,대형할인점,전북특별자치도,남원시,1598270000,38302,41728.108192783664,-2.667217496336577,0.39125458965935966,-1.0750399203070555,0.20098418147164174,-1.6094801299357258,0.3136641498722778,202601,-2.482956061469995,False,Q1_small
4004,대형할인점,전북특별자치도,완주군,195100000,10599,18407.396924238135,0.6544021086290177,0.07879720896134766,0.999222684942416,0.21748292744268263,-0.3414091387506071,0.05222243921712997,202605,0.16583915360309082,True,Q1_small
4004,대형할인점,전북특별자치도,익산시,4097620000,94585,43322.09124068298,-2.956385596337102,0.43926350209957954,-1.3531515619565415,0.2889894344332676,-1.6252258027153084,0.28436659910984663,202602,-2.6046981874266133,False,Q2
4004,대형할인점,전북특별자치도,임실군,152970000,6838,22370.576191868968,1.8817159084508255,0.49253448951895407,5.070945534220042,0.7910620101321919,-3.035310674662726,0.4702118975328067,202605,2.056388271220502,False,Q1_small
4004,대형할인점,전북특별자치도,전주시 덕진구,2106280000,71160,29599.21304103429,-6.897194535077254,0.9361666171199133,-1.8025397045186007,0.3694204179702108,-5.188173721834113,0.7532415146681651,202601,-7.162854584466335,False,Q2
4004,대형할인점,전북특별자치도,전주시 완산구,9789630000,234326,41777.822350059316,-3.5910052943329407,0.6232167004424567,-2.694914502031555,0.5485596331215071,-0.9209084887141685,0.21331974207975118,202601,-3.4847779900705698,False,Q3
4004,대형할인점,전북특별자치도,정읍시,1089530000,20090,54232.453957192636,-1.3511628723119944,0.055489416811510095,0.9550136168320138,0.048725771530122024,-2.284360534977462,0.4905386203198843,202605,-4.203487864251569,False,Q1_small
4004,대형할인점,제주특별자치도,서귀포시,7597640000,114611,66290.67018000018,-2.6054003931037815,0.309354244703885,-2.273915877508497,0.29388230476816746,-0.3391975832979929,0.05586436841317073,202605,-4.907619460334655,False,Q2
4004,대형할인점,제주특별자치도,제주시,12327800000,222537,55396.63067265219,-2.0108686256206374,0.28464173577775487,-0.3408851659260513,0.012440680265715723,-1.6756956576174713,0.6397077232725396,202601,-0.7977906217216758,False,Q3
4004,대형할인점,충청남도,계룡시,344110000,11413,30150.705336020328,-43.01047049612558,0.8016725052791812,-33.90380643231426,0.8283003358833015,-13.777894871488563,0.6644845010070628,202601,-50.33731198928449,False,Q1_small
4004,대형할인점,충청남도,공주시,659440000,27892,23642.621540226588,-0.7913025789174206,0.13553363270572308,1.6994229438833546,0.3660192194762143,-2.4491048726747753,0.5517174803825092,202601,0.7186574836880278,False,Q1_small
4004,대형할인점,충청남도,논산시,782930000,18770,41711.77410761854,-19.091927431876687,0.9592422764415814,-14.303644170701135,0.9360042949345398,-5.587499275597587,0.8489553246990619,202601,-20.247998113333047,False,Q1_small
4004,대형할인점,충청남도,당진시,4247440000,104991,40455.27711899115,0.028393620284084143,4.570423472660071e-05,2.53811898912114,0.3192190872886351,-2.447602309833001,0.6811671468271564,202605,-1.777502855180834,False,Q2
4004,대형할인점,충청남도,보령시,2098450000,52871,39690.0001891396,-4.312107983815269,0.5505952547143955,-2.5884081557366594,0.44616480659498525,-1.7695017558427566,0.42048030464684266,202601,-3.277975972000133,False,Q1_small
4004,대형할인점,충청남도,서산시,3189220000,69311,46013.18694002395,-2.3189342092005574,0.30599683635544506,-0.33464214727726377,0.01668760941076238,-1.9909546352660938,0.5628673773500702,202601,-1.5657526080636517,False,Q1_small
4004,대형할인점,충청남도,아산시,6735830000,163430,41215.38273266842,-3.7674756166537566,0.6149149734273485,-1.6529518565106673,0.2891961915773473,-2.1500632708955405,0.3188195833704812,202601,-3.279474956956107,False,Q2
4004,대형할인점,충청남도,천안시 동남구,3425680000,144502,23706.799905883654,-8.426873935293191,0.7074964476019464,-3.3620042270436823,0.26577383781008407,-5.24107486681436,0.8341084804948932,202603,-10.04564045681622,False,Q2
4004,대형할인점,충청남도,천안시 서북구,14661770000,363302,40356.97573919219,-2.8203437001286393,0.25662704869120584,-0.2897618640338465,0.005726124168942546,-2.537935806194766,0.5121207563137434,202605,-4.682437430615099,False,Q4_large
4004,대형할인점,충청남도,홍성군,1395250000,46457,30033.148933422304,-0.5719234876822035,0.05737620480594385,1.7601256144232253,0.3726502019950747,-2.291712090590143,0.4962130200335715,202605,-1.7107522400805846,False,Q1_small
4004,대형할인점,충청북도,음성군,168800000,9131,18486.47464680758,5.1238304892590225,0.2566457374186103,6.909242032957855,0.47422639361621766,-1.6700254437764035,0.3983187870530063,202606,-0.9509107258757724,True,Q1_small
4004,대형할인점,충청북도,제천시,3457970000,77957,44357.4021575997,-2.870554169669352,0.36192468930021954,-0.3533501264979158,0.023198924957416944,-2.526130127171243,0.48457811097521336,202602,-2.222859340060873,False,Q2
4004,대형할인점,충청북도,증평군,264900000,11157,23742.941650981447,0.3846505948968637,0.017413552649798613,2.556885644278671,0.3790485402170613,-2.1180782116534904,0.574781040255235,202605,-1.105217346553345,True,Q1_small
4004,대형할인점,충청북도,진천군,709170000,35034,20242.33601644117,-1.5809900408490591,0.13110447967999464,1.2508400872919898,0.10432616355390487,-2.7968460564866926,0.7887425620829888,202601,1.673018684607794,False,Q1_small
4004,대형할인점,충청북도,청주시 상당구,2523760000,96205,26233.14796528247,-5.312099218159247,0.9227233954381601,-2.8592157962091695,0.5508632995564936,-2.5250809349080487,0.7034389878222055,202601,-4.82961680721165,False,Q2
4004,대형할인점,충청북도,청주시 서원구,3144820000,89495,35139.61673836527,-3.5890364404865323,0.6337024178142896,-2.5658962397411744,0.6267040460675368,-1.050084273636735,0.08862062816280429,202601,-3.3850097278647815,False,Q2
4004,대형할인점,충청북도,청주시 청원구,1617580000,70239,23029.655889178375,-11.23110817383122,0.8396554084925406,-5.572126947683234,0.6957943828745939,-5.992914002216931,0.8831614867925239,202601,-7.203574504723191,False,Q2
4004,대형할인점,충청북도,청주시 흥덕구,11296040000,266665,42360.4147525922,-2.352728961993762,0.49159065719300193,-0.09598742157798465,0.0010712002189181375,-2.2589098096978786,0.48290642931658645,202602,-2.777234349721048,False,Q3
4004,대형할인점,충청북도,충주시,7582650000,207337,36571.62011604296,-2.1231327577549206,0.28889865856681773,0.46713363478672243,0.034970152620581056,-2.578222647376056,0.6448694665625961,202605,-4.296357501973582,False,Q3
4010,편의점,강원특별자치도,강릉시,11125770000,1214052,9164.162655306363,3.3450625888364844,0.588333043958947,4.95823962415464,0.7745400132364603,-1.5369703618265835,0.6268234620395375,202605,2.605881874932107,False,Q3
4010,편의점,강원특별자치도,고성군,1990270000,206381,9643.668748576662,9.14101046150209,0.7260048530679573,10.513609744693225,0.7702608757099427,-1.2420183236816205,0.5305923253457285,202605,8.269886664250103,False,Q1_small
4010,편의점,강원특별자치도,동해시,4478090000,464628,9638.011484456383,3.9803850868426913,0.7472644630013893,4.297554894430338,0.7741035093464322,-0.30410090429124037,0.6727712695711356,202605,3.6099437563575427,False,Q2
4010,편의점,강원특별자치도,삼척시,2372420000,248011,9565.785388551314,7.309169537898015,0.9070101976132102,9.172316230605517,0.8644030603680334,-1.7066109404255458,0.44350051083063446,202605,7.900130718664405,False,Q2
4010,편의점,강원특별자치도,속초시,7173850000,722728,9926.071772506393,2.157600590373969,0.3189479006144525,3.5391513345549193,0.5885366317635413,-1.3343268960326646,0.8555531559673308,202605,1.0164864127212543,False,Q2
4010,편의점,강원특별자치도,양구군,896360000,84083,10660.418871829026,6.503352041752191,0.8383664436728195,7.761097556664523,0.8109917267061716,-1.1671610102624774,0.4896554097647455,202605,6.991361830480336,False,Q1_small
4010,편의점,강원특별자치도,양양군,2158200000,213371,10114.776609754841,8.080647687594556,0.620153794895399,9.063748018747141,0.6911867882822245,-0.9013997309019169,0.7558924720418632,202605,6.806245435845031,False,Q1_small
4010,편의점,강원특별자치도,영월군,1166570000,117255,9949.000042642105,9.87641309948473,0.932215646343809,11.833038344774074,0.8978795116186082,-1.74959499826624,0.6574381739434597,202605,11.568657464869347,False,Q1_small
4010,편의점,강원특별자치도,원주시,17232060000,2034210,8471.131299128409,4.210805899521553,0.7348807112644696,6.040307073498765,0.7481819896209336,-1.7252884534832327,0.6315129494416518,202605,4.5852128948058315,False,Q4_large
4010,편의점,강원특별자치도,인제군,1187380000,114967,10328.007167274087,7.845754756728994,0.843765353003737,8.816889313106538,0.850862167779645,-0.8924483713031454,0.5529800843173155,202605,8.0305862326574,False,Q1_small
4010,편의점,강원특별자치도,정선군,2727090000,263156,10363.01661371962,1.6178016009269687,0.10100079212764936,2.3538760158184626,0.19776881160878376,-0.7191465956577469,0.8603785822113563,202605,-0.059306284510994164,True,Q2
4010,편의점,강원특별자치도,철원군,1564300000,141636,11044.508458301561,5.409258364615742,0.9053868838530279,7.215980568000677,0.9556854828912866,-1.6851239841425236,0.876754324530221,202605,6.029676996715523,False,Q1_small
4010,편의점,강원특별자치도,춘천시,10627740000,1333439,7970.173363760922,4.54140197520161,0.6873902640345098,6.484921040365369,0.6800333257329412,-1.825158948492855,0.5114903527600663,202605,5.047018701994546,False,Q3
4010,편의점,강원특별자치도,태백시,1272940000,123439,10312.300002430351,2.407431992494429,0.3324584880262194,3.82051740771282,0.6114658600778236,-1.3610849285879438,0.7817622730589565,202605,1.4348761558189596,False,Q1_small
4010,편의점,강원특별자치도,평창군,2583550000,250396,10317.856515279796,-5.089613244996944,0.202303960176613,-5.101180272377629,0.21867784114242617,0.012188800043957691,0.0004686868153377816,202601,-0.396274187945095,False,Q2
4010,편의점,강원특별자치도,홍천군,2600410000,263749,9859.411789239011,3.636860255734308,0.583405670079341,4.3781837226916345,0.6383849166778817,-0.7102283643168819,0.8128083559032399,202605,2.8853229965559097,False,Q2
4010,편의점,강원특별자치도,화천군,1181530000,112510,10501.55541729624,4.832112020161299,0.5076877515028008,5.018644928596759,0.4994306250966237,-0.17761884907417302,0.058389741794380653,202605,4.44544443122187,False,Q1_small
4010,편의점,강원특별자치도,횡성군,1547810000,150354,10294.438458571105,3.374260592625341,0.3422925702660459,3.099352613325716,0.3719110182650148,0.26664374928781437,0.09652403543107366,202605,1.8233555694121668,False,Q1_small
4010,편의점,경기도,가평군,3691740000,365995,10086.859110097132,8.526412888730064,0.9080758504916007,9.085745030753719,0.8676545025313108,-0.5127454021292965,0.10731248865204199,202605,8.927917175924302,False,Q2
4010,편의점,경기도,고양시 덕양구,15986700000,2012138,7945.130999961235,2.4003794749862797,0.4929550592306795,3.8297017626918657,0.6695619516570802,-1.3766025168524532,0.5418245050838232,202605,2.5035938855998507,False,Q4_large
4010,편의점,경기도,고양시 일산동구,14933370000,1685600,8859.3794494542,2.063414676051775,0.38292125854140446,3.4358247381484928,0.6328758228092374,-1.326822757561021,0.5833982683813016,202605,1.805013499080882,False,Q3
4010,편의점,경기도,고양시 일산서구,8262110000,1061742,7781.6550536759405,3.444047009853288,0.583518934523529,4.701884406606104,0.6832220270836014,-1.2013512496757899,0.5624227189281169,202605,3.741245310626466,False,Q3
4010,편의점,경기도,과천시,2913900000,467109,6238.158545435862,6.144739512131888,0.6729068131901422,8.123198326083237,0.6399824766318936,-1.8298189885066554,0.5191333204473975,202605,7.070023023794766,False,Q2
4010,편의점,경기도,광명시,10254290000,1335568,7677.849424364765,1.6609353527993154,0.4319848600366459,2.636751334424768,0.6396397206458244,-0.9507471436287647,0.4336658242656865,202605,1.596276156711833,False,Q3
4010,편의점,경기도,광주시,19113350000,2062169,9268.566252329465,3.112400894417848,0.6472840270804455,4.3358530968532545,0.7288248462924948,-1.1726095739109994,0.6765352555227446,202605,3.2344481887435155,False,Q4_large
4010,편의점,경기도,구리시,6968100000,888593,7841.722813481538,3.0391789586231015,0.6047794498888517,4.004634474567557,0.6915306511692201,-0.9282812451791106,0.5550085928481511,202605,3.0477909861933363,False,Q2
4010,편의점,경기도,군포시,9445790000,1240044,7617.302289273606,2.9041212186657086,0.6622310998420567,3.713702566112427,0.6857832006488328,-0.780592465041604,0.41461105291059763,202605,3.279321340642998,False,Q3
4010,편의점,경기도,김포시,23913760000,2652744,9014.725883839526,3.610785389318553,0.6951272608372843,4.653577677977575,0.7634890945988931,-0.9964229716710609,0.6179059254514839,202605,3.962869444026249,False,Q4_large
4010,편의점,경기도,남양주시,22897550000,2689040,8515.139231844822,3.1684968468771175,0.6505498926037673,4.146866242124496,0.7189201223883154,-0.9394131869248059,0.4821799530087265,202605,3.374855190336142,False,Q4_large
4010,편의점,경기도,동두천시,4045480000,457150,8849.349228918298,3.0755614122530264,0.6682517986750095,4.667201188519673,0.760247223323625,-1.5206671795875149,0.7246231528371646,202605,3.3265821708894014,False,Q2
4010,편의점,경기도,부천시 소사구,8461830000,1119153,7560.92330539256,2.588139875851921,0.5827734229075142,3.7906555403388977,0.6503556104333578,-1.1585972342371524,0.45518762277101,202605,2.7640690385283815,False,Q3
4010,편의점,경기도,부천시 오정구,6870230000,862512,7965.37323538687,2.8544659831101944,0.6207025446099117,3.913496448611984,0.7157796527825443,-1.0191462145877148,0.6711803913492068,202606,3.215384163724496,False,Q2
4010,편의점,경기도,부천시 원미구,17499030000,2295358,7623.660448609759,2.845016506382197,0.5977942225828926,4.000084689470733,0.6751229997818788,-1.11064157931929,0.485272617527038,202605,3.145296088848059,False,Q4_large
4010,편의점,경기도,성남시 분당구,18438560000,2596413,7101.551255520597,2.605418695747418,0.44746105103586814,3.2028662836834405,0.49320090743345774,-0.5789060027594575,0.215751044237914,202603,3.4680267280888453,False,Q4_large
4010,편의점,경기도,성남시 수정구,10800480000,1442069,7489.572274280912,2.6242694558303743,0.4610853316470343,4.266895944041997,0.5225275962755138,-1.575405571767607,0.5050242801149597,202603,3.445741072455194,False,Q3
4010,편의점,경기도,성남시 중원구,9726760000,1225315,7938.171000926292,1.4828649625510357,0.2873922879534942,2.7837698402548177,0.4659252104986762,-1.2656714963126765,0.6940246368910262,202603,1.9344815198793226,False,Q3
4010,편의점,경기도,수원시 권선구,15616980000,1884711,8286.140421528818,2.2235198520681396,0.5290691659326763,3.433319179129234,0.666661957579831,-1.169641791119474,0.6525608432247891,202605,2.271527878279755,False,Q3
4010,편의점,경기도,수원시 영통구,12331140000,1708785,7216.320367980758,3.5293230425707027,0.581543032779881,4.776825252882132,0.6196506616355331,-1.190627991734413,0.44245001224767355,202605,3.9875583507598975,False,Q3
4010,편의점,경기도,수원시 장안구,11123370000,1415134,7860.294502146086,4.165098380165814,0.749864715226415,5.73862779393221,0.7317451313355343,-1.488131108371247,0.5300393107696658,202605,4.839849320406861,False,Q3
4010,편의점,경기도,수원시 팔달구,15645600000,1912483,8180.778600384944,2.4668534025394044,0.5630540479654316,3.427478751162815,0.675777372232791,-0.9287912266860706,0.38685520173236515,202605,2.3738540583004677,False,Q4_large
4010,편의점,경기도,시흥시,34205310000,3987475,8578.187951021637,2.8237726752775885,0.6088569881613869,4.136382455313735,0.7196959394237017,-1.2604718438336426,0.7455916129752341,202605,2.931245157634369,False,Q4_large
4010,편의점,경기도,안산시 단원구,26494400000,3143190,8429.143640696235,3.111833992484332,0.6802777398861463,4.451918462113113,0.7446826364935273,-1.2829677897346061,0.6969408623052543,202605,3.243588264600092,False,Q4_large
4010,편의점,경기도,안산시 상록구,18129090000,2218306,8172.492884209843,3.2785589981189585,0.7002989933973389,4.769742152791004,0.7486406752980548,-1.4232956233656042,0.6715961937829643,202605,3.4885778163355465,False,Q4_large
4010,편의점,경기도,안성시,14905320000,1600216,9314.567533382993,5.306630075073197,0.7635859497835316,6.95205277053296,0.7785645171609004,-1.5384676150069359,0.6769630680823177,202605,6.118319766539356,False,Q3
4010,편의점,경기도,안양시 동안구,12257440000,1678587,7302.236940950931,3.0463143018386143,0.5583214492280065,3.7263588575816278,0.6058062267022305,-0.6556140244706053,0.2796697065024463,202605,3.5762732235328514,False,Q3
4010,편의점,경기도,안양시 만안구,9866700000,1316265,7495.982951761233,2.980705213228408,0.6043671725186708,4.507379548006176,0.6457736972801542,-1.460829217401332,0.5722263616878732,202605,3.495856261142548,False,Q3
4010,편의점,경기도,양주시,11644520000,1300600,8953.190834999232,3.7316343801555614,0.6932917477730675,4.778471069533409,0.7436946189211008,-0.9990952136370759,0.5702076515871787,202605,4.0278828860743445,False,Q3
4010,편의점,경기도,양평군,3948470000,428275,9219.473469149496,7.617837787630415,0.9019310712585511,8.668094130541776,0.9113868229613756,-0.966480871238711,0.6806585639952214,202605,8.336811049819335,False,Q2
4010,편의점,경기도,여주시,7063990000,748470,9437.906662925701,3.7383592035740145,0.7571145194576427,4.582912555627882,0.8039304481395871,-0.8075443028082425,0.6975936313720533,202605,3.480979466046813,False,Q2
4010,편의점,경기도,연천군,1556770000,149645,10403.08730662568,3.9343056857467285,0.844675550959243,5.281386617248732,0.9414885967849201,-1.279505309328219,0.7136040172602917,202605,3.8975837705118326,False,Q1_small
4010,편의점,경기도,오산시,14082670000,1684228,8361.49856195242,3.079769859104975,0.6401904770181746,4.20834772872424,0.689756150538174,-1.0830014046064322,0.5345214411634354,202605,3.2142111256358437,False,Q3
4010,편의점,경기도,용인시 기흥구,12346090000,1620101,7620.568100383865,3.6426134877823304,0.6252853849710002,5.069301595156107,0.6322606612163418,-1.357854373935964,0.4232217857528382,202605,4.257353973197576,False,Q3
4010,편의점,경기도,용인시 수지구,8183740000,1080922,7571.073583477809,3.0789300090674865,0.5156751443782039,4.290530050044532,0.6010626830964692,-1.161754610313745,0.3133225432457686,202603,4.218974778477675,False,Q3
4010,편의점,경기도,용인시 처인구,17114900000,1966322,8704.016941274114,5.544750857863498,0.7508525131163966,7.420520584156129,0.7702943703419425,-1.7461931073245067,0.6749985486943701,202605,6.43639931107412,False,Q4_large
4010,편의점,경기도,의왕시,4510180000,593001,7605.687005586837,3.890337349991879,0.6472244627145496,5.131736231691055,0.7329431326901379,-1.180803177228373,0.6428609730835739,202605,4.192828882862744,False,Q2
4010,편의점,경기도,의정부시,19041950000,2378720,8005.124604829488,2.3338960448627124,0.553998190895154,3.360720422180847,0.6445060560481576,-0.9934377132086493,0.49353792611085706,202605,2.3532942578661262,False,Q4_large
4010,편의점,경기도,이천시,13620130000,1495972,9104.53537900442,3.0328361139326074,0.6522689469945775,3.7193574527696796,0.66526697575601,-0.6619028074385409,0.47028433348771287,202605,3.453338742747939,False,Q3
4010,편의점,경기도,파주시,21962670000,2403169,9139.045152463268,3.1277995088317114,0.6849155288256948,4.2213274683910225,0.7304181143578068,-1.049236261062761,0.6625734196954425,202605,3.6486287188669593,False,Q4_large
4010,편의점,경기도,평택시,43179790000,4988090,8656.577968721494,4.522800491569913,0.7488630537345878,5.755919965005107,0.7882167281147737,-1.1660051502017104,0.74536948417942,202605,5.202161614639719,False,Q4_large
4010,편의점,경기도,포천시,9524520000,993535,9586.496701173084,5.418455564365911,0.8022094103986009,7.127773653425168,0.798990568402236,-1.595588175470882,0.6638267470958612,202605,6.121797206712606,False,Q2
4010,편의점,경기도,하남시,10969130000,1346501,8146.395732346281,2.545696534633055,0.5754683592578884,3.6365301965979384,0.6586382825885982,-1.052557105004941,0.4997086372523199,202605,2.7376394543907088,False,Q3
4010,편의점,경기도,화성시 동탄구,13346420000,1659594,8041.978941837582,3.4788592554795708,0.5986948414250061,4.627242831209153,0.7035985489876845,-1.0975951813832894,0.4542907155383827,202606,3.851807195182217,False,Q3
4010,편의점,경기도,화성시 만세구,25861210000,2586457,9998.700925629153,4.557895735829315,0.745870499398649,5.954997350942853,0.8027407362706869,-1.3185801991821873,0.8551501349226027,202606,4.941168941148975,False,Q4_large
4010,편의점,경기도,화성시 병점구,6869300000,836947,8207.568699093252,3.2794340019988253,0.6832637324336341,4.133261262733634,0.7079786854212042,-0.8199371174792638,0.3644348445579572,202605,3.6941425667039036,False,Q2
4010,편의점,경기도,화성시 효행구,8334440000,931394,8948.350536937107,4.375642484091789,0.6983155699701057,6.185821483131622,0.6861023179295462,-1.7047275933420047,0.5193032592571414,202605,4.985913791848247,False,Q2
4010,편의점,경상남도,거제시,13506510000,1448955,9321.552429164467,5.204762512151065,0.5915732424500262,5.792253104440684,0.6765535879031997,-0.5553247757277869,0.2629902674831268,202605,3.926278443571713,False,Q3
4010,편의점,경상남도,거창군,1505720000,163077,9233.184323969659,8.305876603432427,0.7866020721868611,9.247741706414832,0.8144903925842761,-0.862136908526253,0.40761681986471904,202605,7.641162343946148,False,Q1_small
4010,편의점,경상남도,고성군,2195980000,215400,10194.89322191272,11.502857535251312,0.8639408944302965,10.06756803704962,0.9078675634975146,1.3040076416683488,0.4460751473397561,202606,8.166992407755359,False,Q1_small
4010,편의점,경상남도,김해시,29313060000,3203683,9149.800401600283,5.925568835396299,0.6851974103861066,6.599969741524155,0.7653020389143116,-0.6326464329803123,0.32993942917295416,202605,5.089374232914878,False,Q4_large
4010,편의점,경상남도,남해군,2056290000,205835,9989.991983870575,10.492026781433255,0.8672386422593581,11.358584040384669,0.8973155454650938,-0.7781683526410285,0.4344681602997332,202605,11.8115216280154,False,Q1_small
4010,편의점,경상남도,밀양시,3054760000,334147,9141.964464741566,2.527306066151657,0.5559719960829239,3.855064308845102,0.6909039957664627,-1.278472312861851,0.8694734909308518,202605,3.0774645480557825,False,Q2
4010,편의점,경상남도,사천시,5148490000,528589,9740.062695213104,5.1305315848813065,0.6499966200684633,5.4044575926397425,0.7457020755841828,-0.25988085704790903,0.06199216349262727,202605,4.123166963740235,False,Q2
4010,편의점,경상남도,산청군,632430000,63889,9898.887132370204,6.955580833720948,0.7641495862477399,7.351050566192006,0.807190590024954,-0.36838925225717317,0.12703320425230238,202605,6.269271213894069,False,Q1_small
4010,편의점,경상남도,양산시,15143040000,1765848,8575.505932560447,1.0425743778506147,0.24281056151184513,1.8163017273926754,0.37377563221613835,-0.7599248218754816,0.4695649329629288,202603,1.3810788551862452,False,Q3
4010,편의점,경상남도,의령군,573330000,57995,9885.8522286404,4.510732905627115,0.7237500590701226,4.755197218571321,0.8294937685814976,-0.23336724041872148,0.058600546001171774,202605,4.2144223463769395,False,Q1_small
4010,편의점,경상남도,진주시,12173680000,1503762,8095.483194814073,4.76481080725747,0.6912534394002076,6.011565300324774,0.7518611321338109,-1.1760551686368639,0.40174176108218657,202605,4.544413694175784,False,Q3
4010,편의점,경상남도,창녕군,2216830000,231853,9561.359999654955,3.106152526418181,0.6598728693959102,4.85949559251169,0.8184311786429741,-1.6720880223447847,0.9134248132528889,202605,3.135132081568341,False,Q1_small
4010,편의점,경상남도,창원시 마산합포구,8677510000,1036014,8375.861716154415,6.670205158649731,0.6412082063539598,7.804703541528863,0.7456016203925437,-1.0523644568459292,0.49283261364872066,202605,5.5344757921717465,False,Q2
4010,편의점,경상남도,창원시 마산회원구,8760200000,1102988,7942.2441585946535,8.339784382469688,0.6748777367564008,8.69598295211146,0.7543478784646936,-0.3277016868219794,0.06823804357013714,202605,6.927728925345626,False,Q3
4010,편의점,경상남도,창원시 성산구,14088320000,1677504,8398.382358551753,5.903015319577193,0.646240238942759,6.350283459190563,0.7210485985549887,-0.4205613046484887,0.13706236728117224,202605,4.925713011632168,False,Q3
4010,편의점,경상남도,창원시 의창구,10681520000,1304138,8190.482909017297,7.239580176472729,0.636709885468972,7.638360359376145,0.73352447923037,-0.37048147293582984,0.08173509773422877,202605,5.823759426806717,False,Q3
4010,편의점,경상남도,창원시 진해구,11842090000,1337693,8852.621640391331,7.961769676651767,0.6535332576342393,8.287159375720645,0.7563840741679804,-0.3004877964707399,0.04151585383740885,202605,6.583973996462846,False,Q3
4010,편의점,경상남도,통영시,6243240000,660945,9445.929691577969,5.286279696133783,0.5109230722797355,5.48667876963372,0.6357571692558881,-0.18997571621108686,0.020949623514368434,202605,3.4495451691095873,False,Q2
4010,편의점,경상남도,하동군,1109450000,104510,10615.730552100278,9.880682998907433,0.8067502018750385,9.20593795136358,0.903349297217543,0.6178647976489554,0.07204944758031838,202605,9.161322584771655,False,Q1_small
4010,편의점,경상남도,함안군,3292800000,334042,9857.443076020381,4.7806568380084915,0.7250587290320849,5.227742400121951,0.7459042825617612,-0.42487423175297473,0.532762891849046,202605,5.493990953855878,False,Q2
4010,편의점,경상남도,함양군,1227750000,130082,9438.277394259007,6.616957017296336,0.6890352218311547,6.215052572003954,0.7384660945593698,0.37838746539234214,0.1526209297784623,202605,5.562167287222113,False,Q1_small
4010,편의점,경상남도,합천군,902980000,89148,10128.998968008256,10.867260387181535,0.8102222626400326,10.364456826499502,0.8372275643710728,0.4555846829133587,0.17779804804997848,202605,10.195963969928941,False,Q1_small
4010,편의점,경상북도,경산시,14636460000,1914036,7646.909462517946,6.228608206753267,0.6679440555353663,8.261844397469984,0.6076838443062745,-1.8780727430173152,0.3586608528841236,202605,7.422919671967083,False,Q4_large
4010,편의점,경상북도,경주시,14183420000,1563302,9072.731948145656,3.50291724685892,0.7207762032118196,4.790617818456426,0.7673656364757441,-1.2288319301909036,0.7709074975339252,202605,3.49439851816356,False,Q3
4010,편의점,경상북도,고령군,1412190000,145093,9732.998835229819,6.538385915197255,0.8910466467144292,7.163106804521961,0.9161442352732028,-0.5829626519360476,0.5144019677852771,202605,7.199094366602403,False,Q1_small
4010,편의점,경상북도,구미시,21050950000,2496835,8431.053714001926,3.177820054998705,0.6798655627426586,4.494297991447801,0.7310889101724066,-1.2598562426409996,0.5925810063952475,202605,3.390200306138226,False,Q4_large
4010,편의점,경상북도,김천시,4626940000,549205,8424.795841261459,4.916434378524702,0.8650627398176954,6.1413207473826805,0.8556693675606168,-1.1540146290183149,0.46138091766274364,202606,5.430420362231303,False,Q2
4010,편의점,경상북도,문경시,2434430000,257861,9440.861549439427,5.133028614687367,0.8582478589359477,5.815912861090256,0.8673067852714693,-0.645351183899281,0.30183748608724204,202605,5.065877707739183,False,Q2
4010,편의점,경상북도,봉화군,493350000,44400,11111.486486486487,6.632563194523487,0.825550342386373,7.613103823588106,0.8652158851300618,-0.9111721474663856,0.24835582376535506,202605,6.612040473559495,False,Q1_small
4010,편의점,경상북도,상주시,4582010000,455531,10058.612915476664,6.345573139178325,0.8633037035404721,7.975839348755895,0.8661161442065748,-1.5098435162998847,0.3930488521310014,202605,7.107863822187174,False,Q2
4010,편의점,경상북도,성주군,1664150000,155654,10691.341051306103,4.912063697771003,0.807515252359653,6.343651540465858,0.8626008047336639,-1.3461902257043503,0.8896182021191602,202605,5.541302128562816,False,Q1_small
4010,편의점,경상북도,안동시,5682410000,651495,8722.1083814918,3.869468851129825,0.8041021418192085,4.960915940460749,0.7711138941552691,-1.0398604847827329,0.4429590356920713,202605,4.071794487610349,False,Q2
4010,편의점,경상북도,영덕군,1487060000,137992,10776.421821554874,2.259456636612678,0.29593611373938156,2.7943916955006793,0.43769112115405534,-0.5203932335847359,0.6133205752088401,202605,0.8799779088685813,False,Q1_small
4010,편의점,경상북도,영양군,360620000,34136,10564.213733302086,16.015817325185843,0.7914997310710549,15.99599575955202,0.8069712312357251,0.017088146451963066,0.00018250589376302232,202606,20.437429431896625,False,Q1_small
4010,편의점,경상북도,영주시,2806800000,285972,9814.946917880072,4.215329720187037,0.8307847829252892,5.734408723693356,0.8431680725905535,-1.4366931463871522,0.66413218707728,202605,4.653464304713966,False,Q2
4010,편의점,경상북도,영천시,3504460000,372419,9409.992508438076,4.223749324252886,0.8346586420227196,5.2451373413288565,0.872367029310139,-0.970484758610152,0.7262828742753928,202605,4.553243191660411,False,Q2
4010,편의점,경상북도,예천군,1216530000,121597,10004.605376777388,4.597981453363118,0.891513600842374,5.928400315345983,0.9262550901097257,-1.255960495978631,0.7650913779350597,202606,5.068627187063026,False,Q1_small
4010,편의점,경상북도,울릉군,795570000,65870,12077.880674054957,14.779304504591032,0.8648389318833516,18.855189274646413,0.8950242292184745,-3.429286339897998,0.9374129703984975,202605,16.661610505863138,False,Q1_small
4010,편의점,경상북도,울진군,1909850000,184188,10369.025126501183,2.7026632340594903,0.40395152743350643,2.9242011547018416,0.4833890023326173,-0.21524376012341428,0.37005951017254357,202605,1.9254281059392224,False,Q1_small
4010,편의점,경상북도,의성군,736000000,80712,9118.842303498861,6.594940170267249,0.7701460002696117,6.548252981125321,0.8444719874991605,0.04381788329293312,0.0011705798003046168,202605,7.835730810026228,False,Q1_small
4010,편의점,경상북도,청도군,919440000,101858,9026.684207426024,5.342656767807589,0.7925240003505042,5.330332895897438,0.8201392154797047,0.011700211678194326,0.00013712927587830755,202605,5.025139190212754,False,Q1_small
4010,편의점,경상북도,청송군,573430000,56201,10203.199231330404,4.75564333754298,0.870004913181646,6.228166740792425,0.8989105425123218,-1.3861892268578708,0.500412050252506,202606,4.399768064849628,False,Q1_small
4010,편의점,경상북도,칠곡군,7170620000,777370,9224.204690173277,4.313079057336313,0.8099944058415945,4.853052059109644,0.8374441948066884,-0.5149807193680793,0.5594506446060794,202605,4.7189601858712775,False,Q2
4010,편의점,경상북도,포항시 남구,14144650000,1606998,8801.908900944494,4.499867328690394,0.7118610596886634,5.211491851622549,0.7594632581435404,-0.6763752803123113,0.1964694961792397,202605,4.325823032564757,False,Q3
4010,편의점,경상북도,포항시 북구,13634080000,1549449,8799.308657464686,3.8954880599510253,0.6158751299794742,4.610669740020944,0.8064480655656313,-0.6836603587830078,0.24287237678026075,202605,3.2378579401820256,False,Q3
4010,편의점,광주광역시,광산구,23579710000,2735500,8619.890330835313,5.5152476120708265,0.7609781436231638,5.902713123048696,0.7993439654587233,-0.36586929602801305,0.13530847237934995,202605,5.39874662874723,False,Q4_large
4010,편의점,광주광역시,남구,8233840000,1035940,7948.182327161805,5.2156165998671264,0.7410958345767266,6.148629903171742,0.8250152662430174,-0.8789687668655378,0.30261429098799747,202605,4.814138425414885,False,Q2
4010,편의점,광주광역시,동구,7543800000,1005847,7499.947805183095,5.619557776331774,0.6906702823528695,7.139374044831424,0.7002533630113205,-1.418541299171439,0.28284714757989304,202605,5.316139012513277,False,Q2
4010,편의점,광주광역시,북구,21261240000,2636228,8065.023207400877,6.291895223276919,0.7462058198793551,7.267129807219395,0.8122339974703676,-0.9091644250155582,0.33280935606570344,202605,5.94302430396815,False,Q4_large
4010,편의점,광주광역시,서구,17086660000,2065194,8273.634341374225,4.205839598554535,0.6866823439999415,4.837174373139294,0.7798777508744227,-0.6022050654834564,0.31256831370026356,202605,3.68457860993767,False,Q4_large
4010,편의점,대구광역시,군위군,974130000,102903,9466.487857496866,8.519804577504049,0.8143189692169838,8.324272438086739,0.7969915802694545,0.18050630298861897,0.01685865772674264,202605,8.282745173630298,False,Q1_small
4010,편의점,대구광역시,남구,7815520000,1060606,7368.919278223959,6.226208544029261,0.7337958134469978,6.743962586276606,0.8143538272281624,-0.48504292861419157,0.08807979814251773,202605,6.0271374283508266,False,Q3
4010,편의점,대구광역시,달서구,28734250000,3745549,7671.572311562337,4.758705055657852,0.6907623084895007,5.479975768006109,0.7615650181418279,-0.6837987088038465,0.21692008003170687,202605,4.91945573117326,False,Q4_large
4010,편의점,대구광역시,달성군,13107830000,1539648,8513.523870391155,5.569840467241097,0.7780947109614338,6.101816990681357,0.8263635987518909,-0.5013830474618375,0.18966775297310756,202605,5.820656326048003,False,Q3
4010,편의점,대구광역시,동구,19340680000,2540895,7611.7588487521125,3.864182891269078,0.5911404423210598,4.103425892938533,0.7196087083927378,-0.2298128035819952,0.04914950931936746,202605,3.454724010074645,False,Q4_large
4010,편의점,대구광역시,북구,22245700000,2980479,7463.80028176679,5.2820048089279386,0.721248490865581,6.460529528867292,0.7512163418492713,-1.107006254012471,0.25969203712070194,202605,5.768693980029747,False,Q4_large
4010,편의점,대구광역시,서구,8833320000,1123688,7861.00768184763,5.762425697667487,0.6840818162921773,6.373886529581909,0.8287423025171795,-0.5748223101205773,0.11643369734558805,202605,5.097082588387936,False,Q3
4010,편의점,대구광역시,수성구,17571200000,2362295,7438.190403823401,4.843826539688894,0.7091032128974496,5.166368368775565,0.7833012495809656,-0.30669674544207104,0.046787032448971526,202605,5.284446596335126,False,Q4_large
4010,편의점,대구광역시,중구,10538360000,1353490,7786.0641748369035,4.127010053391468,0.590086236124298,3.8514536407560516,0.645733602696871,0.265337078081381,0.023823514823106146,202605,3.841535868007453,False,Q3
4010,편의점,대전광역시,대덕구,6013820000,765581,7855.23674176867,3.756699420849298,0.7002519684280746,4.990836928174698,0.7207720524686692,-1.175471634891099,0.5301650808574239,202605,3.986404341831336,False,Q2
4010,편의점,대전광역시,동구,9768970000,1290200,7571.671058750581,4.234967621906604,0.7298329911766854,5.337859667048577,0.7719906574322212,-1.047004418570898,0.3978918423333979,202605,4.230176874413817,False,Q3
4010,편의점,대전광역시,서구,15976070000,2034721,7851.7251259509285,2.880439235461032,0.5704496307560467,3.971058239326512,0.6585564242745604,-1.0489640312740023,0.43959620440884356,202605,3.033645193225805,False,Q4_large
4010,편의점,대전광역시,유성구,12884990000,1681257,7663.902663304896,3.9499629474285953,0.5939489059648076,5.44300335118963,0.6598456795312755,-1.4159691551921412,0.5574490511986258,202605,4.280436946776522,False,Q3
4010,편의점,대전광역시,중구,8075970000,1028894,7849.175911221176,3.817012677364093,0.6825807675196371,4.917148329351808,0.7550528392538848,-1.0485756327785696,0.6158817773619893,202605,3.784751572966612,False,Q2
4010,편의점,부산광역시,강서구,12147950000,1483194,8190.3985587859715,4.539708955746932,0.7399741090208284,4.8226891807166545,0.7904171724279515,-0.269960852160391,0.09919563781490222,202605,4.423571335599592,False,Q3
4010,편의점,부산광역시,금정구,12282900000,1814567,6769.05289250824,7.447952428607168,0.7696417532870584,8.565765395974402,0.765317395581146,-1.029618280947189,0.2560722312939995,202605,7.84655924666588,False,Q3
4010,편의점,부산광역시,기장군,10317920000,1206968,8548.62763552969,5.746714910819731,0.6946689398124276,5.876369811344146,0.7548642780051601,-0.1224587703143521,0.015651944468426056,202605,4.977701706008735,False,Q3
4010,편의점,부산광역시,남구,14686930000,2121514,6922.853207662075,7.015010573177707,0.7974019878655537,7.932132295140663,0.7701051929933106,-0.8497207480856319,0.14742110012994522,202605,7.410092428006143,False,Q4_large
4010,편의점,부산광역시,동구,12006600000,1489467,8061.004372705135,2.953484008550407,0.44801490245490566,3.454334748420049,0.6062541297579254,-0.48412736023836084,0.19543691470094124,202605,1.7336372929159203,False,Q3
4010,편의점,부산광역시,동래구,13795700000,1927695,7156.578193127025,6.586516843657401,0.8028124111111128,6.274417898808678,0.8103916718384546,0.29367269284489544,0.07590145181284068,202605,6.458351575652155,False,Q4_large
4010,편의점,부산광역시,부산진구,29726480000,4165115,7137.013023650007,5.315278567661527,0.7139310137630742,5.499438613747822,0.747817545078219,-0.17456021425907867,0.020573412484868207,202605,4.863995357877893,False,Q4_large
4010,편의점,부산광역시,북구,11572100000,1539871,7514.980150934721,6.5625218098191915,0.7187877030774025,6.694009495546125,0.8117398856142389,-0.12323811463136733,0.008672964569525397,202605,5.817692071582119,False,Q3
4010,편의점,부산광역시,사상구,13914860000,1885973,7378.08017400037,6.913289971869951,0.7890490456447976,6.783203719391917,0.7785052423364539,0.12182276607836838,0.008089684780792718,202605,7.0692640060108305,False,Q3
4010,편의점,부산광역시,사하구,17405090000,2268843,7671.3505518010725,6.278861309635832,0.7466639582764283,6.929084969898549,0.8050865236642846,-0.6080886790022775,0.13646502836135688,202605,5.890105145865901,False,Q4_large
4010,편의점,부산광역시,서구,6371050000,910022,7000.984591581302,6.944189203948516,0.7636932065367922,7.868934014496595,0.8234127764815962,-0.8572855743840091,0.1713790811797858,202605,6.682040222379665,False,Q2
4010,편의점,부산광역시,수영구,11762070000,1566292,7509.500144289826,4.767535994007419,0.6641823818157385,5.040997665804408,0.728452469331455,-0.26033803740805805,0.08069407231823157,202605,3.983281503310017,False,Q3
4010,편의점,부산광역시,연제구,10929450000,1518584,7197.1323285376375,4.969757859301796,0.7278420508961471,5.210039901942669,0.7842772174846384,-0.22838318744560726,0.03459903700042951,202605,4.584214758182845,False,Q3
4010,편의점,부산광역시,영도구,6100690000,793205,7691.189541165272,8.376164207407639,0.7859646648840548,8.894575215583584,0.8220536653797614,-0.476066881338793,0.04973787573763185,202605,8.157651640803259,False,Q2
4010,편의점,부산광역시,중구,6665350000,849841,7843.055348000391,5.344967800357067,0.7305667637571603,5.290616505791029,0.7428909961454717,0.05162026434052197,0.0020871286992268346,202605,4.864946773695771,False,Q2
4010,편의점,부산광역시,해운대구,21092250000,2817727,7485.554846157914,5.459111510259067,0.6992357959192976,5.556444079689322,0.7815483085392984,-0.0922090264396652,0.006176757037352292,202605,4.73499971176526,False,Q4_large
4010,편의점,서울특별시,강남구,37366440000,5369935,6958.452942167829,2.3080234145662013,0.3687959944273335,2.606990250653146,0.37355281131837087,-0.29137082703296335,0.08806300229981522,202606,2.034187003748626,False,Q4_large
4010,편의점,서울특별시,강동구,16118170000,2156877,7472.920338062857,2.2935004428926304,0.46314422143963957,2.8510423080381218,0.5689321388220246,-0.542086742763046,0.21617549267138644,202605,2.4959541071482643,False,Q4_large
4010,편의점,서울특별시,강북구,11084450000,1407264,7876.596004729745,1.8906021391282117,0.42958607241943625,2.9473388914916923,0.6290571554442654,-1.0264828248521813,0.4281338572010576,202605,1.8141830242154309,False,Q3
4010,편의점,서울특별시,강서구,23648330000,3201196,7387.342105887924,1.9098612495527398,0.3867684136189717,2.6181592677892307,0.5199806855804048,-0.6902267817805001,0.3782541113092747,202603,2.5972280753719543,False,Q4_large
4010,편의점,서울특별시,관악구,22749960000,3139993,7245.226342861274,2.5439817646307468,0.45777460655297225,3.529043318376939,0.5446695351740114,-0.9514832960610503,0.4003006472349991,202605,2.748056655965557,False,Q4_large
4010,편의점,서울특별시,광진구,15385970000,2123799,7244.550920308372,4.128991775404805,0.628755495137034,5.4739543125711085,0.6574528835666097,-1.2751608166510335,0.4628224487342887,202605,4.575420665937194,False,Q4_large
4010,편의점,서울특별시,구로구,17785680000,2429172,7321.704679619228,2.5866523113818976,0.5509641564301319,3.629610048555635,0.6131869049603691,-1.00642831395876,0.5046408682038124,202605,2.839548342932076,False,Q4_large
4010,편의점,서울특별시,금천구,13545180000,1936409,6994.999506819066,1.865571180148829,0.35105122380621556,2.6230159066065526,0.4094546212339748,-0.7380846487176036,0.3865431277048611,202603,2.447021627243285,False,Q4_large
4010,편의점,서울특별시,노원구,14278850000,2067665,6905.785028038875,3.0834248217255023,0.5391903827071408,4.57900086037949,0.596500040647987,-1.4300921086927483,0.44742590557190326,202605,3.613067447400787,False,Q4_large
4010,편의점,서울특별시,도봉구,8631220000,1166815,7397.248064174698,2.281406906075566,0.5579903566672961,3.1281938017657622,0.6252735445596724,-0.8211012570605745,0.31172372215733263,202606,2.2819426725028666,False,Q3
4010,편의점,서울특별시,동대문구,16637670000,2323465,7160.714708420398,3.1927050021760084,0.5339300143613317,4.679090006226723,0.6143435301833436,-1.4199445218355038,0.4987061427084615,202603,4.305300590858633,False,Q4_large
4010,편의점,서울특별시,동작구,14377550000,2159937,6656.467295110922,3.726114727502748,0.5521330195635195,4.856675920074439,0.5366422930254096,-1.0781966743189766,0.3079884362776828,202605,4.335823575331048,False,Q4_large
4010,편의점,서울특별시,마포구,21348170000,3004589,7105.18809727387,3.128481528860739,0.6510539642664398,4.181616244601232,0.640770710708571,-1.0108642519692634,0.34228995257981987,202605,3.5605392181386413,False,Q4_large
4010,편의점,서울특별시,서대문구,14339270000,2078061,6900.312358491882,3.6246837243968524,0.4791912924648606,5.272382705997589,0.5203019071433164,-1.5651768671393784,0.418156081925902,202603,4.849418324062493,False,Q4_large
4010,편의점,서울특별시,서초구,21498850000,3162725,6797.571714265388,3.794720694753379,0.5970215753859645,4.064765811660014,0.6210142210285603,-0.2594971648669034,0.05927064645303106,202605,4.535706786087427,False,Q4_large
4010,편의점,서울특별시,성동구,13534020000,1876514,7212.320291775068,3.510912810099294,0.5206037805327023,5.305859901766233,0.6226092243110082,-1.7045082708040777,0.6582448565772304,202605,4.106380604071743,False,Q3
4010,편의점,서울특별시,성북구,14685890000,2135177,6878.066783222187,4.629158744741424,0.5989086890546375,6.64602175091977,0.5797591578414335,-1.8911750978286586,0.4616381234704893,202605,5.676417974000326,False,Q4_large
4010,편의점,서울특별시,송파구,25562030000,3625739,7050.157223120583,4.097287313748617,0.6916003867496956,5.040573849888989,0.7177943755962636,-0.8980211184759198,0.45207684345051097,202605,4.840754333653183,False,Q4_large
4010,편의점,서울특별시,양천구,12032980000,1660246,7247.709074438367,2.210193869846662,0.49044268542320013,3.074846581492231,0.6279439916188222,-0.8388590818439379,0.3513944205323498,202605,2.3530004360456807,False,Q3
4010,편의점,서울특별시,영등포구,23517520000,3357275,7004.942996924589,3.490463546949559,0.5886917906190037,4.078088536838332,0.6032221152613141,-0.5646000980127418,0.3422245488624921,202605,4.098940873003215,False,Q4_large
4010,편의점,서울특별시,용산구,16843010000,2429956,6931.405342318955,2.1394743312052107,0.5420541283708021,3.317687825792849,0.7020112792612068,-1.140379270366813,0.6895974561722612,202605,2.044624121591763,False,Q4_large
4010,편의점,서울특별시,은평구,15317680000,2000099,7658.460906185144,2.1182474860109433,0.45194267668777993,3.130402544659471,0.6073902126902722,-0.9814322776546803,0.5646794740107263,202605,2.27463552463368,False,Q4_large
4010,편의점,서울특별시,종로구,14506460000,2123704,6830.735356716378,4.596202311606017,0.709307087144726,5.696443148856225,0.7114257178925595,-1.0409440511642447,0.39493314741472857,202605,5.44401435377179,False,Q4_large
4010,편의점,서울특별시,중구,17943780000,2491841,7201.013226766876,3.4499872123545257,0.6570095330649154,4.0297980614460975,0.5595869115074006,-0.5573507397843348,0.10815442913109949,202606,3.4913217286759486,False,Q4_large
4010,편의점,서울특별시,중랑구,14052240000,1829210,7682.13600406733,1.9201482172441497,0.4221064871223307,2.820906440586106,0.5751349322616298,-0.8760457911956654,0.48236704939830466,202605,1.943420654970738,False,Q3
4010,편의점,세종특별자치시,세종특별자치시,10590530000,1290011,8209.643173585342,5.147609028439044,0.7218609546905433,6.58118030233712,0.7094580770080828,-1.3450510398097502,0.412526350781259,202605,5.9131585113379135,False,Q3
4010,편의점,울산광역시,남구,17373450000,2126546,8169.797408567696,2.2861718403421305,0.5487092655100386,3.649648622092731,0.6913940231891235,-1.3154668634930704,0.6443872358637011,202605,2.0997088230667726,False,Q4_large
4010,편의점,울산광역시,동구,8867390000,1021627,8679.67467578676,4.9489882655385244,0.6388845759336619,5.896965491543915,0.7497604615366088,-0.8951882819353042,0.45370867980976526,202605,4.063482408006255,False,Q2
4010,편의점,울산광역시,북구,8968280000,997420,8991.478013274247,4.225395422063836,0.6483347391835926,4.869984695526329,0.7460074523191484,-0.614655637963452,0.28573439893890157,202605,3.5546560732722434,False,Q2
4010,편의점,울산광역시,울주군,13397860000,1488239,9002.492207232845,5.82921548102542,0.7285377033868818,6.846584272176514,0.7941531159680326,-0.9521771782235585,0.34687219309640005,202605,5.498665677531682,False,Q3
4010,편의점,울산광역시,중구,7392280000,869281,8503.901500205342,2.692100851011618,0.7132755842006685,3.519717803611712,0.7452159015031553,-0.799477597272979,0.5079370491062511,202605,2.6064879808763197,False,Q2
4010,편의점,인천광역시,강화군,2650110000,260076,10189.75222627232,6.483867876890772,0.7693114709986103,8.081610511800141,0.8286357051369295,-1.4782742664025599,0.8725114494206574,202605,6.545555377742803,False,Q2
4010,편의점,인천광역시,계양구,10883310000,1373073,7926.2428144752685,1.1895337449435672,0.21784561985436454,2.111420541631889,0.37898775714978594,-0.902824377330485,0.5439871142152285,202603,1.4987668906155973,False,Q3
4010,편의점,인천광역시,남동구,21451970000,2582871,8305.474799167283,0.7725434719703019,0.1037145605918491,1.7918296865360408,0.31807992853365785,-1.0013438384048352,0.644322088918812,202603,0.9709313320117281,False,Q4_large
4010,편의점,인천광역시,동구,1932720000,238624,8099.436770819364,1.4143493723333194,0.18597210023523483,3.0588412350762506,0.36589035748552706,-1.5956824693883807,0.6015701951733399,202604,1.5794318018950746,False,Q2
4010,편의점,인천광역시,미추홀구,19849000000,2467801,8043.193109979289,1.3867079360979837,0.23175348436192322,2.7919638444865784,0.389943112005769,-1.367087324564163,0.5705414927081961,202603,1.7042204165684072,False,Q4_large
4010,편의점,인천광역시,부평구,20665580000,2597288,7956.599345163108,1.0910503288311426,0.20437322281347975,2.111506710831077,0.4036219683376909,-0.9993549354723925,0.5331990582389848,202603,1.4100114914096489,False,Q4_large
4010,편의점,인천광역시,서구,26156300000,3130116,8356.335675738535,1.3222581022502167,0.21940236638783867,2.3109549870242736,0.3950875936218934,-0.966364633092761,0.6459630744173407,202603,1.6483168187041473,False,Q4_large
4010,편의점,인천광역시,연수구,16028470000,2059699,7781.94775061793,2.098510062143794,0.4087720114892372,3.859082805438649,0.4986510567943568,-1.6951552967138466,0.5119914676297593,202605,2.4569057647782135,False,Q4_large
4010,편의점,인천광역시,옹진군,1880480000,145897,12889.092990260253,8.690662764343124,0.84923598877883,9.502812884887026,0.8572762663793546,-0.7416705554383398,0.5430362070816492,202605,9.295062792920897,False,Q1_small
4010,편의점,인천광역시,중구,14953470000,1959411,7631.614806694461,0.32781353442777345,0.03371453283287996,0.8328312579272525,0.2039446168473096,-0.5008465171503902,0.47844094302561674,202605,-0.4239452993214472,True,Q4_large
4010,편의점,전라남도,강진군,865370000,84722,10214.23007011166,3.359018001539576,0.9486946149183879,3.6090026682766,0.8670899886026641,-0.24127697429675354,0.08986111954773605,202605,3.804669217945173,False,Q1_small
4010,편의점,전라남도,고흥군,1739340000,162893,10677.806903918523,2.3967945010141545,0.7803524608202738,3.878074529728744,0.8249912937863519,-1.4259794816380822,0.7875128646746916,202605,2.364046766003459,False,Q1_small
4010,편의점,전라남도,곡성군,736190000,75215,9787.80828292229,9.792524190270612,0.8370632899989527,11.891102634657924,0.8446238530027131,-1.8755543514836441,0.7380999086062512,202605,11.128742692986737,False,Q1_small
4010,편의점,전라남도,광양시,6422220000,651534,9857.0757627384,2.156820188115325,0.511132636124606,2.757804628228573,0.6041949737794517,-0.5848552742904325,0.2851592231788463,202605,2.340661119862907,False,Q2
4010,편의점,전라남도,구례군,508310000,48292,10525.759960241861,2.300396442063377,0.09180348048779544,3.881499425628275,0.2601435818699595,-1.5220255698146374,0.648251103734694,202603,2.9732018607582718,False,Q1_small
4010,편의점,전라남도,나주시,4371830000,473106,9240.69870177085,3.7553681123519733,0.6662055695537733,5.072534552294318,0.7185224413981897,-1.2535782500675983,0.6373470748426306,202605,4.314684265876128,False,Q2
4010,편의점,전라남도,담양군,966280000,97005,9961.136023916293,4.586776673659746,0.7971848922697246,6.087380779210201,0.83019583352398,-1.414498213197935,0.7876723078220347,202605,4.395526846942299,False,Q1_small
4010,편의점,전라남도,목포시,12136920000,1287087,9429.758827491847,5.027744990239359,0.5590521283121822,6.056146634882615,0.695400798159441,-0.969676607414123,0.6308532977599776,202605,3.670982333576868,False,Q3
4010,편의점,전라남도,무안군,3340740000,337130,9909.352475306261,3.841574079479985,0.7371162048250121,5.13323832733188,0.7296751525984643,-1.2285974144830691,0.4209495508511205,202605,4.114532229812543,False,Q2
4010,편의점,전라남도,보성군,761060000,76456,9954.22203620383,6.269973673917917,0.845499489991097,7.670295406006493,0.8978925946858107,-1.3005645863682607,0.9872597661439075,202605,6.795460280538033,False,Q1_small
4010,편의점,전라남도,순천시,9098120000,1024167,8883.434049329846,2.73773312466205,0.647157948440386,4.12811048316575,0.7358709577855544,-1.335256495150225,0.6018160919307027,202605,3.154401707126555,False,Q2
4010,편의점,전라남도,신안군,668020000,51300,13021.832358674465,6.745340050157375,0.9100678948910892,6.956476351684097,0.9792815483783344,-0.19740394292022279,0.013049812099699574,202606,6.192172603268072,False,Q1_small
4010,편의점,전라남도,여수시,13840300000,1452345,9529.622782465598,2.665669381043993,0.6659816053356055,3.6050499702600374,0.7962162283597369,-0.9066938237911233,0.5477250681820814,202605,2.238794584731018,False,Q3
4010,편의점,전라남도,영광군,1462820000,138553,10557.837073177772,6.623593299618589,0.7955533745121065,6.37008031195438,0.8238973464536975,0.23833110487529782,0.05808827816508214,202606,8.463678173872816,False,Q1_small
4010,편의점,전라남도,영암군,3025020000,322318,9385.203432634851,3.3254246170813953,0.6423997923890363,4.456249066197807,0.7175188668073424,-1.082581903165802,0.8773896963488671,202605,3.6017256138594433,False,Q2
4010,편의점,전라남도,완도군,2659790000,233195,11405.86204678488,1.0323187962887632,0.20955625262250452,3.1340055772491535,0.6714073338618827,-2.0378213463125303,0.9435011547874689,202605,0.47869852616674324,False,Q2
4010,편의점,전라남도,장성군,1216980000,123222,9876.320786872475,3.2827099947318508,0.7565410881959919,4.238070163524768,0.7892795057819809,-0.9165175135094372,0.6704706721577056,202605,3.708115304373391,False,Q1_small
4010,편의점,전라남도,장흥군,1015480000,100979,10056.348349656859,3.00567468067003,0.8215020719047844,3.5473665561830305,0.8572606438709851,-0.5231343814225184,0.3680029268329239,202605,3.2911314042643705,False,Q1_small
4010,편의점,전라남도,진도군,1422420000,105433,13491.22191344266,-0.15364083315460172,0.0024284741628626022,1.4380221011515122,0.3484960747689694,-1.5690989446924657,0.6268585948368374,202604,-0.6323860097049396,False,Q1_small
4010,편의점,전라남도,함평군,564070000,52687,10706.056522481827,5.469323649445132,0.9796180923222024,5.2145748337009525,0.9424472714557628,0.2421231242409256,0.03979851715048511,202606,5.696791279470354,False,Q1_small
4010,편의점,전라남도,해남군,2565300000,221567,11577.98769672379,0.9153959399278522,0.3270867782992508,2.296123936035939,0.6676188253627799,-1.349736376103017,0.6944133213268531,202605,0.6948211113867133,False,Q1_small
4010,편의점,전라남도,화순군,1801320000,202495,8895.627052519816,1.525792046117846,0.7000859602726931,2.9049468412463173,0.6573693901143904,-1.3402220568231171,0.5023031358450106,202605,1.7454737055660214,False,Q1_small
4010,편의점,전북특별자치도,고창군,1482570000,138743,10685.72828899476,8.420359175618298,0.9317565080331877,10.889262383350967,0.9529327547353247,-2.226458319469701,0.7388785539308885,202606,8.82962874719154,False,Q1_small
4010,편의점,전북특별자치도,군산시,10949280000,1192449,9182.178860479567,3.0469165835592573,0.7080637547127344,4.464052493511836,0.7961734098035523,-1.3565775748940314,0.7458887797834984,202605,3.3226561801136136,False,Q3
4010,편의점,전북특별자치도,김제시,2379440000,238807,9963.862030844992,3.970343661027156,0.9102167626729488,4.756007549249975,0.933105510839014,-0.7499941116537128,0.8128688403653388,202606,4.124058462212683,False,Q2
4010,편의점,전북특별자치도,남원시,2533520000,269841,9388.936447759977,4.127130767987626,0.6363487847158896,4.748720252260356,0.6449950014980778,-0.5934100987351215,0.40445798001964056,202605,3.8931691550896224,False,Q2
4010,편의점,전북특별자치도,무주군,816530000,81810,9980.809192030314,-10.533759961690617,0.33421524931382135,-9.769195854797992,0.32701595800874617,-0.8473426720903893,0.36547052216112225,202601,-4.455320927402134,False,Q1_small
4010,편의점,전북특별자치도,부안군,1918250000,199502,9615.191827650851,5.709818560931886,0.7892569974316456,5.908433375301398,0.7608378845043439,-0.1875344654241848,0.11143856797713271,202605,5.453371743998823,False,Q1_small
4010,편의점,전북특별자치도,순창군,848290000,97713,8681.444638891448,7.987259062250413,0.6248872300407227,9.61202251768946,0.6723516204877834,-1.4822858096399811,0.8796193307545114,202605,9.544070517730939,False,Q1_small
4010,편의점,전북특별자치도,완주군,3215610000,356931,9009.052169747094,4.428644194286178,0.7702633984400828,6.54198390980054,0.8109026183858462,-1.983574585304768,0.7872886440702492,202605,5.130106602770089,False,Q2
4010,편의점,전북특별자치도,익산시,10259630000,1175523,8727.71523823864,3.2682945428996915,0.6721274395236004,4.9103318823227315,0.8026659374954317,-1.5651817222967563,0.6772802171282784,202605,3.0952866835211337,False,Q3
4010,편의점,전북특별자치도,임실군,508090000,58550,8677.882152006832,7.2129171946099095,0.8364994288165974,7.1436718550831095,0.8081490508896735,0.06462849212454437,0.007955343099078447,202605,8.599258608741106,False,Q1_small
4010,편의점,전북특별자치도,장수군,573830000,54937,10445.237271784044,12.646797664154462,0.8219569799701941,13.779194545246199,0.7978507590183146,-0.9952583032581558,0.3687863579253128,202605,15.748009122457157,False,Q1_small
4010,편의점,전북특별자치도,전주시 덕진구,10515560000,1344512,7821.097915079969,4.1036834658490156,0.715717463154258,5.562719052627782,0.717969544759069,-1.38215044086857,0.454958618152031,202605,4.567807485355009,False,Q3
4010,편의점,전북특별자치도,전주시 완산구,10167830000,1216425,8358.780853731221,2.9822455963869334,0.714258512052026,4.360480732837131,0.7640549616616499,-1.3206485125135696,0.5902270127766986,202605,3.2112471840661496,False,Q3
4010,편의점,전북특별자치도,정읍시,3177320000,345605,9193.501251428654,4.876633662440555,0.7996437405734413,5.527882109119559,0.8113516179044533,-0.6171340063525335,0.7569375324404023,202606,5.816448202531047,False,Q2
4010,편의점,전북특별자치도,진안군,338930000,36417,9306.917099156986,6.304406333181276,0.8838518889109844,7.316298319072283,0.8377650256178792,-0.9429061584685533,0.38497015447205635,202605,7.24723754699075,False,Q1_small
4010,편의점,제주특별자치도,서귀포시,19229970000,2035778,9446.005409234209,4.041316478153621,0.6729406727933215,5.237804362228657,0.7802287171022013,-1.136937330958257,0.5683603942280102,202605,3.3152302960585063,False,Q4_large
4010,편의점,제주특별자치도,제주시,50370850000,5951730,8463.228338651115,5.3503160708392485,0.8804207649598448,6.473821601811849,0.8908465826901991,-1.055194144504537,0.3603774306015339,202605,5.452003007666815,False,Q4_large
4010,편의점,충청남도,계룡시,1061630000,114711,9254.822989948654,4.42044890660668,0.8268017554027591,5.441845813346573,0.8091657098491563,-0.9686826884156939,0.3350083164533931,202605,4.628011162221498,False,Q1_small
4010,편의점,충청남도,공주시,3570630000,414609,8612.041706764687,6.4398386060582995,0.9095681897025083,8.169232757204806,0.890667576731542,-1.5987856316114741,0.6601338352540718,202605,7.302235273459388,False,Q2
4010,편의점,충청남도,금산군,1329290000,147948,8984.846026982454,4.276921875944558,0.6047882252487303,6.369878172151644,0.7423733639798493,-1.9676212215076463,0.5134252036407813,202605,4.240517588624973,False,Q1_small
4010,편의점,충청남도,논산시,4362170000,477892,9127.941041072041,4.60576351844452,0.7682343124208914,5.714001304173917,0.7548391738231959,-1.0483358609618845,0.4816680800667624,202605,5.126569477932233,False,Q2
4010,편의점,충청남도,당진시,10306710000,1031557,9991.411041755327,5.1076190606499265,0.7803872364861999,6.343476518714791,0.824088225836312,-1.1621375363324855,0.7951987092341877,202605,5.538759159889393,False,Q2
4010,편의점,충청남도,보령시,5313930000,522723,10165.862225308625,6.238000013177745,0.7836174548681635,7.180007800742382,0.8597181911488941,-0.8789025181971012,0.6971108609713043,202605,5.916475010721705,False,Q2
4010,편의점,충청남도,부여군,1415230000,142586,9925.448501255383,6.740707534552935,0.8737475950241708,8.43436797236549,0.910839992753356,-1.5619221741987024,0.6516694803684914,202605,7.053524295157334,False,Q1_small
4010,편의점,충청남도,서산시,8513060000,870612,9778.24794512366,4.4821459676055255,0.7514598183071091,5.876519936549033,0.7958350138917044,-1.316981300272334,0.8663380602424162,202605,4.867684061030208,False,Q2
4010,편의점,충청남도,서천군,1534480000,149620,10255.84814864323,7.186402431348972,0.8171525960179133,7.361629068478727,0.7988606247740214,-0.16321160422974,0.09315064885495047,202605,7.107477003382858,False,Q1_small
4010,편의점,충청남도,아산시,23621240000,2689359,8783.22306542191,3.9392604616242446,0.6460552309629277,5.632272130644105,0.6827184176954011,-1.602740937850888,0.6875355257919654,202605,4.61802619871052,False,Q4_large
4010,편의점,충청남도,예산군,4096390000,424886,9641.150802803575,5.044282319556769,0.8393489873090794,6.007658666309449,0.8622252760877595,-0.9087799493668742,0.7321693629401776,202605,5.414721740448881,False,Q2
4010,편의점,충청남도,천안시 동남구,13223020000,1625559,8134.444827902278,5.080513796259375,0.7050361676729473,7.324412751483587,0.6561110836514178,-2.0907628541328043,0.4649683303322136,202605,5.97736165748707,False,Q3
4010,편의점,충청남도,천안시 서북구,21613390000,2546616,8487.102099413496,3.4103286581721943,0.6162615531299879,4.691366027924206,0.6923171061440376,-1.2236322997355125,0.6371265371902204,202605,3.7428798540282004,False,Q4_large
4010,편의점,충청남도,청양군,827400000,83799,9873.626176923352,8.820966020587507,0.8681255017172604,9.658863771203375,0.8214191789442615,-0.7640948682124789,0.32751242769972927,202606,10.685243002714994,False,Q1_small
4010,편의점,충청남도,태안군,3789210000,356595,10626.088419635722,13.116324576541022,0.8954625202284339,14.881603006823802,0.9010040701466746,-1.53660671863875,0.6722860851106411,202605,14.17369809815003,False,Q2
4010,편의점,충청남도,홍성군,3697710000,387355,9546.049489486388,4.349669101774159,0.7581589705942559,5.826930019362037,0.7624731885178407,-1.3959215459785588,0.5171771858680285,202605,4.938936550882607,False,Q2
4010,편의점,충청북도,괴산군,993480000,102406,9701.384684491142,4.967287229525392,0.3730677382273545,10.105426104218692,0.7197398895404611,-4.666562817557978,0.49896053374377997,202605,5.333840488915399,False,Q1_small
4010,편의점,충청북도,단양군,1394280000,138962,10033.534347519466,6.006106137607263,0.7215028659597172,6.853762111431365,0.7419479796082655,-0.7932860360500289,0.8388246334004663,202605,5.527969749699157,False,Q1_small
4010,편의점,충청북도,보은군,839780000,85804,9787.189408419188,5.204634640087526,0.578480663569438,6.650062697481897,0.6573634027640758,-1.3552997727665645,0.6501172051551513,202606,5.335180408125724,False,Q1_small
4010,편의점,충청북도,영동군,1076020000,105982,10152.856145383179,7.933501115229662,0.656980143056469,8.975961865296076,0.6884860487200496,-0.9565969707658684,0.45191116903925105,202605,8.642127353302527,False,Q1_small
4010,편의점,충청북도,옥천군,1339780000,151180,8862.151078184945,5.893803870228588,0.9171606027333259,6.669921225406393,0.9101349677551736,-0.7275878206920212,0.3157719511224072,202605,6.5059533462053825,False,Q1_small
4010,편의점,충청북도,음성군,9053450000,911016,9937.750818865969,4.819763572177574,0.8120797405118692,6.468775280932619,0.8691696721627096,-1.548821900509284,0.9106426417770914,202605,5.261779513111246,False,Q2
4010,편의점,충청북도,제천시,5011410000,534537,9375.2350164722,4.5510354003268665,0.7960718163095053,6.569703615739855,0.8158984778091408,-1.8942233551589522,0.6261029372899722,202605,4.937015539202787,False,Q2
4010,편의점,충청북도,증평군,1815930000,199016,9124.542750331631,4.827382106177105,0.7301026162885597,5.979847763887398,0.7952301570499798,-1.0874384913987298,0.5418096538757804,202605,5.055137129520075,False,Q1_small
4010,편의점,충청북도,진천군,6390410000,676981,9439.57068219049,4.002871572603405,0.7439230883787953,5.311749994879314,0.7859699757300707,-1.242860765621628,0.789687425884101,202606,4.3898375806404255,False,Q2
4010,편의점,충청북도,청주시 상당구,7095900000,794913,8926.637254642961,4.380885261735055,0.768773330971556,5.277777285981466,0.809081888797006,-0.8519291035277567,0.42111396260640277,202605,4.730896536338207,False,Q2
4010,편의점,충청북도,청주시 서원구,7470620000,934101,7997.657640876094,5.21443522371103,0.7486872837629792,6.8478705074903665,0.7160570264196611,-1.528748561876876,0.44378461963139104,202605,5.890226740112544,False,Q2
4010,편의점,충청북도,청주시 청원구,9939460000,1153479,8616.940577158319,3.2462578238122854,0.5472428174552229,4.497331425797852,0.6372839061040219,-1.1972301923077795,0.5869879335387925,202605,3.528857271684177,False,Q3
4010,편의점,충청북도,청주시 흥덕구,16803090000,2069415,8119.729488768565,1.8550386714970706,0.3545881522659933,2.6006058445778177,0.45183341433639235,-0.7266693670504308,0.3752115294065544,202605,1.8886207602572302,False,Q4_large
4010,편의점,충청북도,충주시,9513450000,1048849,9070.371426201484,4.464154582131733,0.7219576879252362,6.233171076613816,0.7840939939197243,-1.6652204547356542,0.6570231227466136,202605,4.636697384814747,False,Q3
4020,슈퍼마켓,강원특별자치도,강릉시,10557250000,332683,31733.6623752942,-0.35590794626107836,0.028348029063129214,1.1445186295577727,0.29205991448543767,-1.4834482344161026,0.38119782871963526,202605,-1.4862049580451147,False,Q2
4020,슈퍼마켓,강원특별자치도,고성군,140000000,10443,13406.109355549172,11.9701982156871,0.8491261358511013,13.357120348104567,0.8453732943605393,-1.2234980283183332,0.21984933775489707,202605,12.212059852625991,False,Q1_small
4020,슈퍼마켓,강원특별자치도,동해시,7104340000,236095,30091.02268154768,-0.9493977815222616,0.27158311233397997,0.7624329726479656,0.1996435372307714,-1.6988779485255776,0.5641585459539387,202601,-0.14481549568455765,False,Q2
4020,슈퍼마켓,강원특별자치도,삼척시,1189900000,52326,22740.12919007759,4.348537651297651,0.8015881529407893,7.034074662322933,0.7890795917464479,-2.509048655297596,0.5713456489780521,202605,4.558908824388021,False,Q1_small
4020,슈퍼마켓,강원특별자치도,속초시,5505640000,206651,26642.213200032907,-1.2297171033849217,0.15618409666083,0.4360493474581031,0.06586608000835431,-1.6585344223171483,0.42934952778589375,202601,0.29511055658058083,False,Q2
4020,슈퍼마켓,강원특별자치도,양구군,1114840000,36982,30145.476177599914,2.8290352713638702,0.750917780667757,3.849545370077836,0.8380794948979646,-0.9826813348843132,0.237767506945667,202605,2.711987194314094,False,Q1_small
4020,슈퍼마켓,강원특별자치도,양양군,1786600000,54177,32977.093600605425,4.547305217799265,0.6167849703554633,5.536996062577736,0.8282840609530775,-0.9377667374497014,0.197283458764447,202606,3.548212241384573,False,Q1_small
4020,슈퍼마켓,강원특별자치도,영월군,455540000,23585,19314.818740725037,6.206302405341587,0.6502579314490692,9.317048188103222,0.891217636647053,-2.845618166901954,0.5192288215301133,202605,5.823262717015584,False,Q1_small
4020,슈퍼마켓,강원특별자치도,원주시,19838870000,714206,27777.517971005564,-1.8062871766461854,0.5703680554003281,0.09463006626549766,0.0020371112607494597,-1.8991201042984591,0.39355389499524646,202602,-1.922344294155462,False,Q3
4020,슈퍼마켓,강원특별자치도,인제군,564380000,20584,27418.383210260396,-22.479341726552438,0.8724238898192936,-12.014211653904255,0.8279565033579273,-11.894114117024419,0.8561627042859375,202601,-26.534605585144433,False,Q1_small
4020,슈퍼마켓,강원특별자치도,정선군,1957780000,82314,23784.289428286804,23.811909118243616,0.710378501254868,23.185511784635622,0.766394681410837,0.5084991932356022,0.026704308027111275,202604,30.72012546427197,False,Q1_small
4020,슈퍼마켓,강원특별자치도,철원군,1589990000,63849,24902.347726667605,0.4233147107350262,0.020840071787088386,2.5962212043296304,0.6232139005969275,-2.1179205901425022,0.4226098044999942,202605,-0.7199449057204877,True,Q1_small
4020,슈퍼마켓,강원특별자치도,춘천시,13025780000,487941,26695.399648728024,-0.4730591225352664,0.05371053857995481,2.2042629078005507,0.4098383854892389,-2.6195796086814163,0.48029776241521044,202605,-1.6563270410974416,False,Q3
4020,슈퍼마켓,강원특별자치도,태백시,885520000,33651,26314.819767614634,-0.8000809258906437,0.053292648616210775,2.3501500835800146,0.7622441793938262,-3.077895837864568,0.5609927341045561,202602,0.64080654117095,False,Q1_small
4020,슈퍼마켓,강원특별자치도,평창군,1542730000,75895,20327.162527175704,-0.6680948678787393,0.005036736682534104,4.192347520730106,0.2284997540152332,-4.6648746326037,0.7939296382203026,202602,2.8408996081661853,False,Q1_small
4020,슈퍼마켓,강원특별자치도,홍천군,5020350000,239287,20980.454433379164,-3.1487346374253455,0.09635200694122328,-3.6542747775071334,0.10451106277290453,0.5247146553875173,0.16363498701527923,202601,0.32346074242357037,False,Q2
4020,슈퍼마켓,강원특별자치도,화천군,957120000,47875,19992.062663185377,-0.05098184941517267,0.0001463238487900814,2.255774464356598,0.42104509923136224,-2.2558689969883843,0.21835795762989224,202602,1.7252500184823698,False,Q1_small
4020,슈퍼마켓,강원특별자치도,횡성군,3548430000,162675,21813.001383125866,-0.334475335782704,0.004493472713004165,0.7174921838244119,0.01638248568298801,-1.0444735038548203,0.4799980472808847,202605,-2.5137158392791337,False,Q2
4020,슈퍼마켓,경기도,가평군,5212690000,162896,32000.11049995089,6.162449291982611,0.7080853074959838,5.9345430178364875,0.7962390071195682,0.21513877121996566,0.0051724449262299434,202605,5.545551644740709,False,Q2
4020,슈퍼마켓,경기도,고양시 덕양구,13110980000,684308,19159.472050597098,-1.2366060060489807,0.5711441529684838,0.5354176626263675,0.06381438132748989,-1.7625864693991034,0.4319958052114511,202601,-0.9767728523352306,False,Q3
4020,슈퍼마켓,경기도,고양시 일산동구,11631820000,432122,26917.907442805503,-0.510855975843454,0.1090055496319449,2.9088122709981463,0.6047149647468665,-3.3230081772164652,0.5643643625447177,202601,-0.15103006432128374,False,Q2
4020,슈퍼마켓,경기도,고양시 일산서구,10153180000,476693,21299.200953234053,-2.2390783056317365,0.7901603038351998,0.25992541240935896,0.018715751599566673,-2.492525012123931,0.5778567646486115,202601,-2.2855140096892947,False,Q3
4020,슈퍼마켓,경기도,과천시,1381580000,69163,19975.70955568729,0.11613592051260242,0.005239067393183151,1.657507019468359,0.2256449691154601,-1.5162393257004039,0.4530198393344467,202603,0.478896029298277,False,Q1_small
4020,슈퍼마켓,경기도,광명시,5756290000,399587,14405.598780741115,-0.9507290931333463,0.3727274848957985,1.224571348863343,0.3053036827311513,-2.1489845923868076,0.5429571680906398,202601,-0.33496131622835473,False,Q2
4020,슈퍼마켓,경기도,광주시,30367260000,1247280,24346.786607658265,-1.3681426818342008,0.5644085998046631,0.41685500254468094,0.05225268958261491,-1.7775877210390856,0.3659456154772604,202601,-1.1676237234920415,False,Q4_large
4020,슈퍼마켓,경기도,구리시,8443860000,403918,20904.886635406197,-2.116930299399222,0.7868698978004669,-0.24548456073039182,0.013625661507598094,-1.8760511546048089,0.4492826948659811,202601,-1.4415607898691507,False,Q2
4020,슈퍼마켓,경기도,군포시,6687970000,465640,14362.962803882829,-0.5434510608288092,0.11206791857799857,1.421919216404527,0.4873395968808868,-1.9378160977607215,0.3724815356177105,202602,0.0065244290370841534,False,Q3
4020,슈퍼마켓,경기도,김포시,27974640000,1116078,25065.129856515407,-1.0494198582091907,0.30310551901615407,1.6275420995227083,0.42029846410590543,-2.6340910174826133,0.6230138937784568,202605,-2.0949747357917534,False,Q4_large
4020,슈퍼마켓,경기도,남양주시,25768850000,1109760,23220.200764129182,-0.4728697112136369,0.17923733661102156,1.4414729387909098,0.24806406743107373,-1.8871400370532894,0.4064229975119638,202601,-0.26244539328993055,False,Q4_large
4020,슈퍼마켓,경기도,동두천시,3971550000,205091,19364.81854396341,-3.284446008885427,0.939821607944219,0.235037291690234,0.01916838619391059,-3.511230599270138,0.7961565285071122,202601,-3.692300703182913,False,Q2
4020,슈퍼마켓,경기도,부천시 소사구,9786560000,593681,16484.543045844486,-1.6915760380813507,0.6981300388167739,0.006421815702769304,1.4177982063917482e-05,-1.6978888184934082,0.42788869684510866,202601,-1.4171891911803756,False,Q3
4020,슈퍼마켓,경기도,부천시 오정구,10411620000,682376,15257.893009132795,0.007640141880496728,4.702867024040859e-05,1.8016571490449218,0.5240692316627829,-1.7622669978130865,0.44550219689264464,202605,-0.47580337843015325,False,Q3
4020,슈퍼마켓,경기도,부천시 원미구,16569360000,1083690,15289.759986712068,-0.13007565061833082,0.012974316765988174,1.728413693294029,0.5280412418091525,-1.8269127340524351,0.4061273653715649,202605,-0.670221581083456,False,Q4_large
4020,슈퍼마켓,경기도,성남시 분당구,8600590000,393172,21874.87918773463,-1.3548583723978003,0.7098028766661343,0.8982228866008998,0.1343943850591035,-2.2330237288033796,0.48660419419917866,202601,-0.8772927859135496,False,Q2
4020,슈퍼마켓,경기도,성남시 수정구,9616190000,567265,16951.847901774305,-2.360101633706451,0.8625723888314878,-0.6483472622939861,0.09191336275788899,-1.722924907884083,0.34154684245183947,202601,-2.446825570943927,False,Q3
4020,슈퍼마켓,경기도,성남시 중원구,8968040000,542211,16539.76035159744,-1.9745571331502656,0.8765158047420254,-0.18348473285197062,0.007677777903705937,-1.7943647857317244,0.3980052653713946,202601,-2.181551594959551,False,Q3
4020,슈퍼마켓,경기도,수원시 권선구,19049240000,863463,22061.443281298678,2.08856401289367,0.4212288477488239,2.6071211627241793,0.4016970746624977,-0.5053812483522321,0.10352782773480015,202605,2.1911382265207577,False,Q4_large
4020,슈퍼마켓,경기도,수원시 영통구,6584940000,414704,15878.650796712836,-0.7786111082989299,0.42162544455162126,1.3283951552767501,0.2571558052349171,-2.079383829524686,0.45233179205032414,202601,-0.5785470390383516,False,Q2
4020,슈퍼마켓,경기도,수원시 장안구,11160490000,614536,18160.84004842678,-3.4656876376624153,0.8926392961534115,-0.8180852266213491,0.12073042865328895,-2.6694407111322747,0.5136276188440807,202602,-3.8253007003218973,False,Q3
4020,슈퍼마켓,경기도,수원시 팔달구,7586850000,527208,14390.620020940501,-1.1558141658581216,0.33046621967030076,1.0050979037093666,0.1839004529100716,-2.1394089154069666,0.5007411914160522,202605,-2.2200823003053727,False,Q3
4020,슈퍼마켓,경기도,시흥시,43750640000,2050755,21333.9184836804,-1.4500779604338192,0.4919490197689068,0.9880300535840528,0.194360410177525,-2.4142544544380624,0.5324518918371622,202601,-1.250753934367665,False,Q4_large
4020,슈퍼마켓,경기도,안산시 단원구,32237710000,1675885,19236.23040960448,-1.0701293319373275,0.3461234928062458,1.6881642575402607,0.49718014063876687,-2.7125020985646207,0.5815916807659073,202602,-0.7951917342984378,False,Q4_large
4020,슈퍼마켓,경기도,안산시 상록구,26862200000,1404409,19127.04917157324,-1.7986692524065182,0.7519014167605912,1.026009539843677,0.24095776148698686,-2.7959916511759175,0.6232789366453543,202601,-1.7800732230851577,False,Q4_large
4020,슈퍼마켓,경기도,안성시,12394720000,599317,20681.409003916124,-1.1247274816322368,0.17387039067782756,1.259906251921155,0.22629841099295686,-2.354963402415904,0.8065734501335722,202605,-2.536650108243452,False,Q3
4020,슈퍼마켓,경기도,안양시 동안구,6890600000,433842,15882.74072127641,-1.3792151162927426,0.37862839064807713,0.13180205979113893,0.004384337393647042,-1.5090282457731574,0.24800812443988227,202601,-1.2246042163117703,False,Q2
4020,슈퍼마켓,경기도,안양시 만안구,11578860000,757920,15277.153261557947,-0.7421590393048882,0.4000511893721418,1.278129378537987,0.3009905044109617,-1.9947923902621203,0.4403834494206975,202601,-0.6082890206684596,False,Q3
4020,슈퍼마켓,경기도,양주시,18908960000,558149,33877.97881927586,-1.8708476693159553,0.4570751491061464,1.389755170830814,0.5262370516789975,-3.215909570600072,0.6193588339702929,202602,-1.3965018626302694,False,Q3
4020,슈퍼마켓,경기도,양평군,6805530000,237593,28643.6469087894,1.4231663725329675,0.14215059788898218,3.298734172192188,0.6731649643824703,-1.8156735556243822,0.32268866915139843,202605,0.02029675572858644,True,Q2
4020,슈퍼마켓,경기도,여주시,3505800000,144130,24323.87428016374,3.305897000938397,0.6572742398129787,5.2667683874810205,0.8463614065647224,-1.8627639250069519,0.5756127726618352,202605,2.8133942065923474,False,Q2
4020,슈퍼마켓,경기도,연천군,1727220000,54596,31636.383617847463,-0.04661965915093203,0.00026300064483678515,1.6945328093802725,0.3480511501515822,-1.7121396995793865,0.41239377884077416,202605,-1.1854396713951096,False,Q1_small
4020,슈퍼마켓,경기도,오산시,14488860000,627312,23096.7365521463,-1.465937331838693,0.43636105766748057,0.9335724680248508,0.1797453110914721,-2.3773158337615605,0.5945272790185495,202601,-1.0441068687867516,False,Q3
4020,슈퍼마켓,경기도,용인시 기흥구,10263360000,448843,22866.25835759943,-1.8729107468391022,0.6333645378419219,0.6281656419123793,0.08544397490181999,-2.485463560621425,0.4989502931161637,202601,-1.667417523086919,False,Q3
4020,슈퍼마켓,경기도,용인시 수지구,9109060000,346806,26265.577873508533,0.6074754640238778,0.011483198489489291,0.7889051784246811,0.018544993380285854,-0.1800096092716128,0.009429614378553355,202603,1.3697142268473088,False,Q2
4020,슈퍼마켓,경기도,용인시 처인구,11031160000,475939,23177.676130764656,1.4211383012906955,0.3759405062107675,2.4368472354717694,0.6322163343194666,-0.9915464616421196,0.7033479219647922,202605,0.9809722177686199,False,Q3
4020,슈퍼마켓,경기도,의왕시,3478940000,210121,16556.84105824739,-0.13392778009069553,0.008000501063485405,1.070282108609303,0.19977259630148986,-1.1914579276685597,0.301437065542562,202605,-0.8595811813941274,False,Q2
4020,슈퍼마켓,경기도,의정부시,21354790000,970572,22002.27288650404,-0.19379107175163837,0.005469356944340206,0.33718487845881545,0.04627765359525187,-0.5291915961700935,0.03328603265088398,202605,-1.5785484062284059,False,Q4_large
4020,슈퍼마켓,경기도,이천시,11846240000,406315,29155.310534929795,-0.5058482757216287,0.08551768757654282,1.467751195746728,0.35814341134646566,-1.9450509627053656,0.613864078090274,202605,-1.5034805965591727,False,Q2
4020,슈퍼마켓,경기도,파주시,26721870000,904496,29543.38106525623,0.3653101112813316,0.038903345189794554,2.518449880745086,0.5963977944382203,-2.10024612347186,0.4948085222943011,202605,-0.15243204970485644,True,Q4_large
4020,슈퍼마켓,경기도,평택시,35884150000,1510691,23753.467783947875,-0.34141108451984054,0.042597731668057776,1.6424476213890014,0.3993799632882804,-1.9518013903980473,0.5842924180588123,202605,-1.2786773353746759,False,Q4_large
4020,슈퍼마켓,경기도,포천시,8778970000,304717,28810.240321347348,-0.24580520193912916,0.02247822024937654,1.4350200556228436,0.42319282946874404,-1.6570463106728293,0.5730738265988723,202605,-1.1903970857110595,False,Q2
4020,슈퍼마켓,경기도,하남시,10246060000,585316,17505.176690881508,1.5215128337420256,0.4123534911205955,2.712293075148955,0.5910234457924318,-1.159335660567626,0.7822137646453712,202605,1.6067545181333667,False,Q3
4020,슈퍼마켓,경기도,화성시 동탄구,5228580000,205690,25419.70927123341,-2.105543715421654,0.7184082226950883,0.6240166515567879,0.05284820059483675,-2.7126330848334272,0.5954206773577331,202601,-1.3417963749463448,False,Q2
4020,슈퍼마켓,경기도,화성시 만세구,30349530000,1128789,26886.805239951842,-0.45182597717748674,0.03512326193377534,2.1643481263921993,0.40783269417751905,-2.5607505470823173,0.6817611506244687,202605,-1.838364498467216,False,Q4_large
4020,슈퍼마켓,경기도,화성시 병점구,9370140000,351975,26621.606648199446,-1.1896660115640192,0.3760267367185231,1.4799295379233983,0.35868323193263923,-2.6306635820926254,0.5268500951482168,202601,-0.9671977510033786,False,Q2
4020,슈퍼마켓,경기도,화성시 효행구,9037350000,326128,27711.052102242065,-1.7920795401474214,0.3988370273454606,1.2968392923249181,0.24443628629826883,-3.049373360562837,0.5046979787723298,202601,-1.3893848751486344,False,Q2
4020,슈퍼마켓,경상남도,거제시,10557530000,560778,18826.576648869963,2.015873655852352,0.20838084230049686,4.754686224953219,0.5011668431921371,-2.614501238846176,0.7814371564536745,202605,0.43701623487788055,False,Q3
4020,슈퍼마켓,경상남도,거창군,2836780000,119275,23783.525466359253,7.344164391535149,0.45783334947715487,10.492020706847669,0.6457646611632242,-2.8489444714422114,0.7667738335713262,202605,4.504294978028348,False,Q1_small
4020,슈퍼마켓,경상남도,고성군,2596650000,94345,27522.92119349197,8.638283366549473,0.8731659335919507,9.450740839084013,0.9291927486783796,-0.7423042240792297,0.13092539106478174,202606,9.231404298426641,False,Q1_small
4020,슈퍼마켓,경상남도,김해시,26246600000,1335614,19651.336389106433,2.0708448508586685,0.15184627083705296,5.286947179681827,0.516574339515435,-3.0546068767048,0.9204494777321349,202605,-0.19738778364313422,True,Q4_large
4020,슈퍼마켓,경상남도,남해군,3407160000,116104,29345.758974712327,10.260979192375355,0.6822371598055161,8.828231659365969,0.7060548224217696,1.316521927411204,0.22263504922802232,202605,12.154106709745236,False,Q1_small
4020,슈퍼마켓,경상남도,밀양시,6075260000,241743,25131.068945119405,0.40405583439236625,0.03159876136212304,1.9227302963633401,0.5736418471373862,-1.4900252942156282,0.4659712886746095,202605,-0.46131400517160237,True,Q2
4020,슈퍼마켓,경상남도,사천시,4222210000,199105,21205.946611084604,5.63007749054408,0.27810614661292327,8.747548089914853,0.5389547505271295,-2.86670426517865,0.6071043592588894,202605,1.7836202244575976,False,Q2
4020,슈퍼마켓,경상남도,산청군,1951250000,72216,27019.635537830953,3.5033086084334046,0.23575069439583432,5.590627829940704,0.48784008494702336,-1.9768034951634312,0.4379771281179703,202605,1.0943987486772295,False,Q1_small
4020,슈퍼마켓,경상남도,양산시,18904870000,847601,22303.97321381169,-7.280949679618565,0.8553225825272516,-3.7885384505590256,0.7142024355538212,-3.6299326221802133,0.7474598052830971,202601,-7.677666558617332,False,Q4_large
4020,슈퍼마켓,경상남도,의령군,1552420000,58310,26623.563711198763,1.723627252996362,0.19178183936154056,3.0659706859274367,0.7077028027371783,-1.3024118668824394,0.21269568550512066,202605,0.6647718326787275,False,Q1_small
4020,슈퍼마켓,경상남도,진주시,8064430000,477692,16882.070455439905,4.666127376664642,0.42680532151985,6.06596488154138,0.6758689816794188,-1.319780107068398,0.38657950483906856,202605,2.6218803962030557,False,Q3
4020,슈퍼마켓,경상남도,창녕군,4572790000,177553,25754.507104920784,1.2953771882520058,0.17560357320439907,2.666647439250535,0.6106627519318416,-1.3356530920228165,0.50411085638101,202605,0.2762561139248394,False,Q2
4020,슈퍼마켓,경상남도,창원시 마산합포구,12835240000,660439,19434.406508398202,3.3257658906561183,0.2548035027466685,6.701752030200775,0.5477390787656686,-3.163946303889251,0.8848761991201883,202605,0.8519034876675203,False,Q3
4020,슈퍼마켓,경상남도,창원시 마산회원구,11999200000,765883,15667.144981674746,9.819149607994634,0.49586984795625466,12.066553705019887,0.6253746105441542,-2.0054191216951383,0.5450911114892624,202605,6.175085034185399,False,Q3
4020,슈퍼마켓,경상남도,창원시 성산구,8839380000,630019,14030.338767560977,6.790547148136097,0.44420711535098906,8.113378887766425,0.5686804528771194,-1.2235597048572477,0.3933945505570611,202605,3.9182911876048157,False,Q3
4020,슈퍼마켓,경상남도,창원시 의창구,12397290000,720362,17209.805625504956,7.061670566137947,0.37426689335577235,10.24879724012183,0.5805274081657371,-2.8908493822769734,0.8347087197996463,202605,3.398843501663119,False,Q3
4020,슈퍼마켓,경상남도,창원시 진해구,9644690000,536804,17966.874315392583,5.042458968184867,0.3115848159194254,7.772195218914289,0.5718717990678402,-2.5328761701332327,0.7042465180284521,202605,1.8762882614772498,False,Q3
4020,슈퍼마켓,경상남도,통영시,7585570000,308278,24606.26447557075,3.1374838433515175,0.30725980804812614,4.681044931133429,0.5696891324466017,-1.4745373327114006,0.5719005963792231,202605,1.2805681863714757,False,Q2
4020,슈퍼마켓,경상남도,하동군,1525160000,58700,25982.28279386712,6.517409768043274,0.4436230789406765,7.836742311404084,0.6750593868840006,-1.2234536347091662,0.21801984555126652,202605,3.8902104277873906,False,Q1_small
4020,슈퍼마켓,경상남도,함안군,7017260000,264319,26548.450924829467,-0.2932620906461568,0.02853716929594409,2.1882780476421764,0.5799120314357751,-2.4283999943040344,0.7132013191271248,202605,-1.2641631744151414,False,Q2
4020,슈퍼마켓,경상남도,함양군,1031020000,45839,22492.20096424442,4.0774960198781525,0.4161243320607106,4.636389908509822,0.7838067575994527,-0.5341295596305546,0.04020323819975471,202605,2.438042318140254,False,Q1_small
4020,슈퍼마켓,경상남도,합천군,1379230000,61875,22290.58585858586,12.060527258259983,0.6420206835425696,12.367077782278695,0.7513919273731925,-0.27281169010438366,0.007749534340410851,202605,9.68518215712684,False,Q1_small
4020,슈퍼마켓,경상북도,경산시,28221880000,1563159,18054.388581072046,-0.6500831732490636,0.1432486615270231,1.7558987930669345,0.3275152909860893,-2.3644643650672794,0.6328157564149909,202605,-1.5506629364468492,False,Q4_large
4020,슈퍼마켓,경상북도,경주시,17370370000,823801,21085.638400536052,-0.12878094161556175,0.00582853133203508,1.6826862018360427,0.48191269880038906,-1.781490252781039,0.6767120345150409,202605,-0.9799603038913746,False,Q4_large
4020,슈퍼마켓,경상북도,고령군,3070720000,146883,20905.891083379287,1.4331141690998304,0.341224711000086,2.921347016149972,0.825527850338853,-1.4459904482367634,0.4095327037309802,202605,0.7109637056696952,False,Q2
4020,슈퍼마켓,경상북도,구미시,30220890000,1525600,19809.183272155216,-1.4004158704807435,0.3624410209633821,1.2686263229638757,0.2491177649065751,-2.6356061994290054,0.5720285457183814,202601,-0.30597653960443966,False,Q4_large
4020,슈퍼마켓,경상북도,김천시,4738740000,252553,18763.348683246684,2.752351660279518,0.6273240577659334,4.3561030636124345,0.9397812267866115,-1.536806527123061,0.355642631119869,202606,1.8802102924625683,False,Q2
4020,슈퍼마켓,경상북도,문경시,2351970000,113704,20685.024273552383,0.46504933523496983,0.047599632429186474,2.4687870388430446,0.6371378297994795,-1.9554615229791918,0.6826956974030024,202605,0.09948259965634487,True,Q1_small
4020,슈퍼마켓,경상북도,봉화군,1299170000,56078,23167.19569171511,4.285054838407987,0.5947681632870722,6.9554032457089425,0.9063369056650705,-2.4966933191456473,0.6350809520890365,202605,3.6141925137534834,False,Q1_small
4020,슈퍼마켓,경상북도,상주시,6684390000,294208,22719.94643245595,3.0171350393946907,0.39978952625702163,6.213162469954035,0.8481003411035208,-3.0090690797983144,0.5738573703056775,202605,2.545605600923216,False,Q2
4020,슈퍼마켓,경상북도,성주군,1113920000,58521,19034.53461150698,0.8039018299218736,0.08863430439323979,3.1173648155173357,0.8073718608420712,-2.2435241530215646,0.6255988516110883,202603,1.4290554613392825,False,Q1_small
4020,슈퍼마켓,경상북도,안동시,6886490000,331195,20792.856172345597,-0.015865760136206625,0.00012658917025850999,2.08308885135732,0.8573592047545011,-2.0561237273588526,0.65397290735187,202605,-0.584313510176453,False,Q2
4020,슈퍼마켓,경상북도,영덕군,2869470000,137877,20811.810526773865,-2.1446743383798035,0.25081241398550097,-0.7002709388216616,0.028604317849099628,-1.4545894668738657,0.6105945074176677,202602,-1.391597999190001,False,Q2
4020,슈퍼마켓,경상북도,영양군,986530000,41369,23847.083564988276,22.55928683925025,0.7578768464501524,20.082871319604127,0.8079297211264881,2.0622554178065204,0.3069427014689702,202604,28.922443869220494,False,Q1_small
4020,슈퍼마켓,경상북도,영주시,4452760000,224034,19875.376058991045,1.2286166031539176,0.142424557320727,2.8601810596443014,0.7603828567676203,-1.586196368392811,0.3388971840736165,202605,0.19777689426315184,True,Q2
4020,슈퍼마켓,경상북도,영천시,7885250000,370012,21310.79532555701,0.9404471851802345,0.1781514523939494,2.816026962268764,0.7659817953364699,-1.8242095444680446,0.6500310764337331,202605,0.1739213118919208,True,Q2
4020,슈퍼마켓,경상북도,예천군,1603600000,71190,22525.635622980757,0.3203784908886011,0.023447104188219284,2.4338856673594513,0.7328251934446454,-2.063289079293723,0.6153935680961298,202602,1.3803867662426645,False,Q1_small
4020,슈퍼마켓,경상북도,울릉군,197300000,9252,21325.11889321228,1.5008007008383129,0.2866430315056218,5.898057948905194,0.7225785319365496,-4.15234928121961,0.827118224333808,202605,1.5771881841642434,False,Q1_small
4020,슈퍼마켓,경상북도,울진군,2166250000,89436,24221.23082427658,-0.4309032626800738,0.010241763413387882,1.088136197269344,0.07885643406156405,-1.5026881660821596,0.49209409736612003,202605,-2.386195933425473,False,Q1_small
4020,슈퍼마켓,경상북도,의성군,1027960000,51898,19807.314347373696,6.1387264997729645,0.4410952343504868,7.744067627110404,0.6306323259911437,-1.4899577885748139,0.2695039095530238,202605,7.402937989075134,False,Q1_small
4020,슈퍼마켓,경상북도,청도군,1833750000,77535,23650.609402205457,2.3861807056726447,0.18809425159783516,4.298535585416252,0.6457528691666413,-1.833539530550266,0.3591523816012382,202605,0.6375955501984406,False,Q1_small
4020,슈퍼마켓,경상북도,청송군,1288330000,46989,27417.69350273468,3.3026992555884767,0.5274102466404554,4.363455270508741,0.8019934548606723,-1.0164056107291612,0.15546201537307244,202605,2.7438487425513785,False,Q1_small
4020,슈퍼마켓,경상북도,칠곡군,9517010000,469360,20276.568092722006,-0.058697202294565855,0.001210241190762713,1.556533538122705,0.38843549519622017,-1.590474471847742,0.6348649599341072,202605,-0.9250735641727144,False,Q3
4020,슈퍼마켓,경상북도,포항시 남구,21343630000,1126915,18939.875678289845,6.0078422215232825,0.5600453857350564,7.346008292557007,0.7955907640335251,-1.2465913659189842,0.31554641437534475,202605,4.257391852736341,False,Q4_large
4020,슈퍼마켓,경상북도,포항시 북구,22096120000,1252662,17639.331280105886,2.875544141226762,0.3045520722982709,4.262130437634324,0.6794480658907942,-1.3299040510561357,0.38846412020187876,202605,1.165531733635271,False,Q4_large
4020,슈퍼마켓,광주광역시,광산구,46045460000,2504981,18381.560578702993,1.3562657534163498,0.14300260604293166,3.9460838744964333,0.646740393218211,-2.491501386629468,0.5219345817351703,202605,-0.16628618504537104,True,Q4_large
4020,슈퍼마켓,광주광역시,남구,23686220000,1403013,16882.39524509039,1.1217675103116898,0.09472529419127224,3.0624038065929535,0.6077138636342015,-1.8829720873996834,0.3345914797510252,202605,-0.4645629563093163,True,Q4_large
4020,슈퍼마켓,광주광역시,동구,12626090000,734727,17184.736643678538,2.8635866554146197,0.3622249207971261,5.432150857150096,0.7658750899565647,-2.4362247956182093,0.4826192721838384,202605,1.4006131507370956,False,Q3
4020,슈퍼마켓,광주광역시,북구,44501150000,2719610,16363.063086251337,2.7181143018376623,0.41400891935132184,4.726304054944628,0.7171810450926495,-1.917560035397941,0.3918946879416244,202605,1.4669759327102354,False,Q4_large
4020,슈퍼마켓,광주광역시,서구,28047270000,1548868,18108.23775815628,0.7308556197670479,0.06555248619953334,3.184023389692799,0.6253531462140521,-2.3774686131989133,0.562882302119784,202605,-0.5951877937066831,True,Q4_large
4020,슈퍼마켓,대구광역시,군위군,867510000,42921,20211.784441182637,24.689052905072,0.8202548523969825,23.51619989010937,0.8669306534725398,0.9495539985897614,0.07835373785210312,202606,23.170873037456534,False,Q1_small
4020,슈퍼마켓,대구광역시,남구,11493120000,861839,13335.576598413392,7.626478924335424,0.6021113354688948,8.568705547844084,0.8124226084212849,-0.8678620775242283,0.09722295115750705,202605,5.721691552825801,False,Q4_large
4020,슈퍼마켓,대구광역시,달서구,52772770000,3303584,15974.399319042592,2.532692428575051,0.34595159024861416,4.5416841361989615,0.749564938373919,-1.921713548259396,0.4984009315872903,202605,1.1161806739117015,False,Q4_large
4020,슈퍼마켓,대구광역시,달성군,28198040000,1440288,19578.056610900043,1.064759970683994,0.14256358201234026,2.7547747435279426,0.6605464658641357,-1.6447068051700042,0.4444414548900322,202605,-0.10803229546350918,True,Q4_large
4020,슈퍼마켓,대구광역시,동구,31532480000,2016890,15634.209104115742,4.042393254109836,0.48045633959787953,5.032812713649768,0.7608022647544402,-0.9429619506050192,0.14812782962528,202605,2.686228037884587,False,Q4_large
4020,슈퍼마켓,대구광역시,북구,39007580000,2369286,16463.854511443533,2.2547925853002613,0.2952520343488051,4.194062933944743,0.7214383317492057,-1.8612100287075484,0.43608150047686495,202605,0.983228474408631,False,Q4_large
4020,슈퍼마켓,대구광역시,서구,28302130000,1604377,17640.57325678441,5.068145376625051,0.30040765462708074,6.747020764910733,0.76377116391445,-1.5727608848055032,0.10230594323565417,202605,4.369681341537424,False,Q4_large
4020,슈퍼마켓,대구광역시,수성구,28850120000,1827228,15789.009362816245,1.702384301597129,0.2906595672720951,3.7942799345545777,0.722213782978034,-2.0154247751190693,0.4976154122347676,202605,0.8848762614694687,False,Q4_large
4020,슈퍼마켓,대구광역시,중구,4043960000,336041,12034.126788100262,4.694816324489636,0.5543052139373162,4.833909716661291,0.6763043736314214,-0.13267977179104679,0.001981675476180703,202605,3.669244019817191,False,Q2
4020,슈퍼마켓,대전광역시,대덕구,8153340000,489830,16645.244268419658,1.8113974624836295,0.4534818073647249,3.1394215293309555,0.7215127085480725,-1.2876008485947608,0.34947501309529866,202605,1.0958850247672565,False,Q3
4020,슈퍼마켓,대전광역시,동구,10265280000,650802,15773.276664792056,1.2309739891703102,0.15535176897686886,3.214195875491419,0.6688304415255849,-1.9214623235678339,0.419280503140388,202605,-0.07544504175892512,True,Q3
4020,슈퍼마켓,대전광역시,서구,11642170000,775271,15016.903766553889,0.8854862316797565,0.158180243653464,2.592235748636853,0.5896258711449425,-1.6636244492603123,0.40653794613872585,202605,-0.007362179754890897,True,Q3
4020,슈퍼마켓,대전광역시,유성구,8622240000,469571,18361.951653743523,-0.4632109802188233,0.10362593517343566,1.6198031915199338,0.32167485714490246,-2.0498112634729133,0.5795530559048342,202601,0.3694958765042584,False,Q3
4020,슈퍼마켓,대전광역시,중구,8431380000,550709,15310.045777352467,1.9817621629869016,0.3732637743285033,3.6206785962501424,0.7117601458856833,-1.581649971285317,0.32800003883613477,202605,0.970707914947979,False,Q3
4020,슈퍼마켓,부산광역시,강서구,9892870000,499508,19805.228344691175,-2.498817149849078,0.5067974059493107,-0.4192163545229362,0.026694525935451793,-2.0883555232200632,0.7063683136735514,202601,-1.430071764173342,False,Q3
4020,슈퍼마켓,부산광역시,금정구,10720450000,842125,12730.236010093513,6.688361407861705,0.44339205167315404,7.033204023131299,0.6307554909506551,-0.32218283888341304,0.012735265881740551,202605,3.951061901570417,False,Q4_large
4020,슈퍼마켓,부산광역시,기장군,8378740000,550628,15216.698024800773,7.025948439465542,0.6225575188487638,6.662345020496245,0.7274678516450129,0.34089201667132424,0.027666036321486003,202605,5.642499820235066,False,Q3
4020,슈퍼마켓,부산광역시,남구,19431580000,1267229,15333.913602040357,3.5636335987485883,0.5129700798468639,5.154986535872299,0.7768752982997856,-1.5133404411410125,0.28256028197519806,202605,2.435430879190563,False,Q4_large
4020,슈퍼마켓,부산광역시,동구,5626640000,445445,12631.503328132541,8.338816808305193,0.5568647560702127,7.416817260502261,0.6945549015965281,0.8583381739629725,0.07383326635537021,202605,5.892531598932331,False,Q3
4020,슈퍼마켓,부산광역시,동래구,13991970000,1043909,13403.438422314588,5.004469964350425,0.5634870878445012,5.865848725594005,0.7375209607774755,-0.8136512119940572,0.1795681517089134,202605,3.577174038374267,False,Q4_large
4020,슈퍼마켓,부산광역시,부산진구,22061670000,1609198,13709.729940007383,5.647826903751666,0.5822427319223759,5.848945250140149,0.7510293028445791,-0.19000505476295326,0.006732787377782003,202605,4.112657649229639,False,Q4_large
4020,슈퍼마켓,부산광역시,북구,13873950000,1002809,13835.087239943,6.205895102792041,0.4541775254671694,6.632527215916177,0.6616226961706436,-0.40009565961074317,0.021060540721598783,202605,3.643807545968784,False,Q4_large
4020,슈퍼마켓,부산광역시,사상구,16936560000,1174736,14417.332915650835,6.539063183324788,0.536520368566502,7.428882536819029,0.7413811913795216,-0.8282868931353589,0.07258456665018581,202605,4.44073724651493,False,Q4_large
4020,슈퍼마켓,부산광역시,사하구,17976530000,1192423,15075.63171793902,5.96413920283569,0.5229205075710631,6.169497162696816,0.6771322779570983,-0.19342463263852513,0.008988280427828878,202605,3.990365293517121,False,Q4_large
4020,슈퍼마켓,부산광역시,서구,5309720000,408346,13002.992560230785,10.985380702345857,0.6611854606753821,9.988514928306286,0.7607797784583228,0.9063362430971704,0.09092244251180322,202605,8.855258954462641,False,Q2
4020,슈퍼마켓,부산광역시,수영구,14804090000,1095712,13510.931704681521,3.678348706844059,0.4269618568221408,4.162523047812149,0.6434831832527564,-0.46482585751678984,0.04353831587037859,202605,2.0580823671892707,False,Q4_large
4020,슈퍼마켓,부산광역시,연제구,11895070000,994897,11956.081885863561,5.919990218966975,0.6061014577285957,6.174326374326001,0.7551421570402901,-0.23954581492925983,0.012859365719001972,202605,4.48300968566466,False,Q4_large
4020,슈퍼마켓,부산광역시,영도구,7180840000,481209,14922.497293275896,10.442656473941842,0.6201935898027743,9.218120696635793,0.7363578815957399,1.1211837097136108,0.10893928986323072,202605,7.95802924464389,False,Q3
4020,슈퍼마켓,부산광역시,중구,3357650000,269991,12436.15527925005,6.238834598761897,0.4898836254542561,5.891475637885778,0.6555474728486977,0.32803297789892527,0.011950414235893091,202605,3.9689499869996823,False,Q2
4020,슈퍼마켓,부산광역시,해운대구,17302900000,1258791,13745.649595524595,7.18593032275701,0.5794589723923327,7.198058371761,0.721343249427262,-0.011313683464222528,2.703721435203256e-05,202605,5.23666874553265,False,Q4_large
4020,슈퍼마켓,서울특별시,강남구,18508810000,724050,25562.889303224914,-1.1557087582925414,0.13713257402582424,-0.2955092193290089,0.009363863381363947,-0.8627490419221,0.4643884833942301,202601,0.8975562996193401,False,Q3
4020,슈퍼마켓,서울특별시,강동구,14310940000,869831,16452.552277396415,-1.629701037035529,0.8412696943401891,0.5715041979127697,0.06801144574061176,-2.188696741192801,0.6613925107401006,202601,-1.359583926059856,False,Q4_large
4020,슈퍼마켓,서울특별시,강북구,13725320000,875608,15675.187983663922,-1.7039092300194487,0.8314196611827094,0.7774319861397826,0.1615606655835927,-2.462199291306145,0.5834575497520219,202601,-1.3002642576213153,False,Q4_large
4020,슈퍼마켓,서울특별시,강서구,16363770000,1129707,14484.968226274601,-1.0696288579848428,0.6011112154310381,0.6841262725311177,0.08829193229506027,-1.7418387539748847,0.46135276686434773,202601,-0.3865595501692967,False,Q4_large
4020,슈퍼마켓,서울특별시,관악구,20699510000,1504518,13758.233533929139,-1.1802828588964076,0.5800718209711718,0.8953648824260715,0.15223791346843124,-2.0572280438663144,0.5725455344487336,202601,-0.7035887378685841,False,Q4_large
4020,슈퍼마켓,서울특별시,광진구,11934560000,749315,15927.2935948166,-1.3143792391931821,0.6484367134404468,0.935159606772315,0.13842950757337236,-2.228696972124843,0.5636618051790879,202601,-0.7170816987034309,False,Q3
4020,슈퍼마켓,서울특별시,구로구,20317710000,1278545,15891.274847580647,-0.9341584718533021,0.1719176253804926,0.387987436959152,0.053857771400878336,-1.3170359746904026,0.23458806844149266,202601,-0.08316959766211743,False,Q4_large
4020,슈퍼마켓,서울특별시,금천구,12909450000,898558,14366.852223228772,-1.6272302994463497,0.7749631686316386,0.7246333608626122,0.1524679113280967,-2.334943878011466,0.5600891286790739,202601,-1.4675022061265208,False,Q4_large
4020,슈퍼마켓,서울특별시,노원구,16880970000,994180,16979.79239171981,-1.7359498349471598,0.8318247217101432,0.8653937605024689,0.19804975322752963,-2.5790248750986975,0.5405469121739572,202602,-1.714563087301672,False,Q4_large
4020,슈퍼마켓,서울특별시,도봉구,9513260000,579578,16414.115097536484,-1.5683895334236964,0.6303069478667608,0.4247592387798066,0.0723811093003657,-1.9847184970236382,0.46995354548195584,202601,-1.2008498871073776,False,Q3
4020,슈퍼마켓,서울특별시,동대문구,11879700000,796441,14915.982477044752,-4.068590169343513,0.9022321508678991,-0.707623359353514,0.1252834030847024,-3.3849192895783182,0.671250380070971,202601,-3.469261521185838,False,Q3
4020,슈퍼마켓,서울특별시,동작구,10553640000,722369,14609.763154288183,-0.47910115010175297,0.20445414131655587,1.5715900193862635,0.26837280427373855,-2.018961374038351,0.5350753590383224,202601,0.0055584884096395205,False,Q3
4020,슈퍼마켓,서울특별시,마포구,9782230000,560115,17464.68136007784,-0.04961977967517414,0.001444174010344303,1.8001928557385434,0.31286431955010335,-1.817101307494682,0.5311585196985594,202605,-0.44972084525650635,False,Q3
4020,슈퍼마켓,서울특별시,서대문구,12375070000,717399,17249.91253124133,-3.685589168995097,0.9471528923919228,-1.4637262201097552,0.2959099176280525,-2.2548680436694166,0.5159067028665385,202601,-3.0084434879023805,False,Q3
4020,슈퍼마켓,서울특별시,서초구,4519170000,246677,18320.191991957094,-2.3577358031896427,0.6284150183745565,-0.25923033709894333,0.008502422509626888,-2.1039595675700675,0.6443658987651092,202601,-1.1186567651376176,False,Q2
4020,슈퍼마켓,서울특별시,성동구,9185200000,521704,17606.152147577937,-1.957973859530953,0.8479154510177591,0.06459300889727247,0.0007193120496926195,-2.0212612749531127,0.5108131244572841,202601,-1.3067420158550433,False,Q3
4020,슈퍼마켓,서울특별시,성북구,17764310000,1019546,17423.745471023376,-1.6079290028272402,0.7163421139871385,0.7772134187597156,0.08115281073695256,-2.3667477405591426,0.5086302490225962,202601,-0.9722281264227013,False,Q4_large
4020,슈퍼마켓,서울특별시,송파구,19693650000,1213356,16230.727008396547,-1.1540866148907667,0.5774498049433583,0.7915975669360203,0.15487388427700507,-1.9304031574007767,0.4814077960865666,202601,-0.775397142324355,False,Q4_large
4020,슈퍼마켓,서울특별시,양천구,17767010000,1038362,17110.612676503955,-1.602341178078875,0.628868018726315,0.13883437600803544,0.00730202373033758,-1.7387615553312987,0.33206560591562906,202602,-1.4320117883710888,False,Q4_large
4020,슈퍼마켓,서울특별시,영등포구,13912760000,959254,14503.728939363296,-1.5652664107925385,0.35042724393881036,1.1732733763377263,0.3476066970582003,-2.7067818364872442,0.5069877616606738,202601,-1.030924533204558,False,Q4_large
4020,슈퍼마켓,서울특별시,용산구,5858690000,435408,13455.632418329475,-2.1959838872293287,0.8234911632520227,0.22359147155264922,0.006411512501662209,-2.414177463864666,0.5653456341356405,202601,-2.2365328298113196,False,Q3
4020,슈퍼마켓,서울특별시,은평구,16799890000,1031006,16294.657839042644,-1.4293406353773752,0.5870848966109631,0.6020946241260531,0.08352049425096922,-2.0192772994373787,0.4275720226434925,202601,-1.287404835709468,False,Q4_large
4020,슈퍼마켓,서울특별시,종로구,4890580000,350512,13952.6749440818,-0.5494040343574811,0.42101433625662277,1.839991076079953,0.3420585992290443,-2.34622478379092,0.6041964739384459,202603,-0.6997811002912565,False,Q2
4020,슈퍼마켓,서울특별시,중구,11118300000,648996,17131.53856110053,-0.4603234616990834,0.011735855252910947,0.8139117332026793,0.1643090885110641,-1.2639477756541841,0.12824519985109503,202605,-2.33253166027159,False,Q3
4020,슈퍼마켓,서울특별시,중랑구,13263950000,928963,14278.232825204017,-1.3601814076687933,0.6630001227841635,0.6011936527195185,0.11087662930199227,-1.9496538651013071,0.4883832337727866,202601,-1.1647614326176967,False,Q4_large
4020,슈퍼마켓,세종특별자치시,세종특별자치시,8287300000,445730,18592.645772104188,0.9145187611685318,0.12854814993795094,2.7023952614874944,0.5549576054893534,-1.7408323299246315,0.3953062225254214,202605,-0.19534350555039773,True,Q3
4020,슈퍼마켓,울산광역시,남구,14349780000,935170,15344.568367248736,-0.5463511970189845,0.11702314896431776,1.0662787026963825,0.23672104555535536,-1.5956161841668144,0.47266802120669077,202605,-1.381202862780499,False,Q4_large
4020,슈퍼마켓,울산광역시,동구,12968620000,777346,16683.20156018041,4.42370649394472,0.5186523248127346,6.088186559038131,0.7532068800745034,-1.5689589190660342,0.5263127287438737,202605,3.043749704143604,False,Q3
4020,슈퍼마켓,울산광역시,북구,8416290000,486893,17285.70753738501,2.6505198830310754,0.3451273813608165,4.630321284736478,0.6851565611808359,-1.8921870614519836,0.6210913478960178,202605,1.3340594345194914,False,Q3
4020,슈퍼마켓,울산광역시,울주군,9969180000,534134,18664.19288043824,5.515045842096602,0.4037567350057728,5.758158536075346,0.5629975258614254,-0.22987606568042096,0.009917630693036781,202606,3.525788504444443,False,Q3
4020,슈퍼마켓,울산광역시,중구,9163530000,636173,14404.147928315097,-1.434528775697179,0.6693554758315705,-0.2148533152930756,0.017622190929512664,-1.22230161594881,0.4680465807479436,202601,-0.9763081281186824,False,Q3
4020,슈퍼마켓,인천광역시,강화군,3264590000,115516,28260.93355033069,0.3539863112896799,0.01116922772711191,1.6689542200647962,0.35234578927032717,-1.293381956038259,0.24641041661508378,202605,-0.9955682430846226,True,Q1_small
4020,슈퍼마켓,인천광역시,계양구,15372390000,813424,18898.372804343122,-2.5589440539868713,0.9100008654264046,-1.3012437658596472,0.22075802178089785,-1.2742818006172199,0.24631062125736602,202601,-2.863129664632238,False,Q3
4020,슈퍼마켓,인천광역시,남동구,24132610000,1304791,18495.383551848532,-2.0816684990044267,0.8243439856071294,0.2311933481542591,0.012347218671874202,-2.307526998231905,0.5552331421526813,202601,-1.940857521076382,False,Q4_large
4020,슈퍼마켓,인천광역시,동구,3396740000,173826,19541.035288161725,-2.058398099672342,0.9035289656918376,0.3872904632460953,0.02999974524091276,-2.4362531866659407,0.5766838205056706,202601,-2.1925238737302433,False,Q2
4020,슈퍼마켓,인천광역시,미추홀구,16620060000,1098433,15130.699824204115,-2.1978605065337833,0.8613778948609047,-0.45265217248527895,0.03616217014722663,-1.7531439783533305,0.4389922774888833,202601,-2.3995912352208144,False,Q4_large
4020,슈퍼마켓,인천광역시,부평구,29565700000,1439345,20541.079449332858,-1.9403482137650343,0.805955351297404,-0.4285198196665097,0.041951207543376286,-1.5183347594717966,0.273951222101744,202601,-1.9809886303369488,False,Q4_large
4020,슈퍼마켓,인천광역시,서구,27763790000,1369436,20273.886475892265,-0.35233288218701136,0.02425995156936025,0.18209194367268125,0.005441798948044512,-0.5334534501037894,0.033460928571142474,202605,-1.6357896332465278,False,Q4_large
4020,슈퍼마켓,인천광역시,연수구,14502020000,822910,17622.850615498657,-3.187209881539548,0.9141518928666753,-0.5469280194382697,0.05014524804958159,-2.6548017165496316,0.7342525097285777,202601,-3.0472788765812022,False,Q3
4020,슈퍼마켓,인천광역시,옹진군,636330000,28851,22055.734636581055,11.162177235375365,0.8663690366760126,11.810871217734164,0.8780877860701157,-0.5801707609411308,0.6060582877485173,202605,11.426616435874783,False,Q1_small
4020,슈퍼마켓,인천광역시,중구,6599910000,307188,21484.921285987733,-1.5153602949891758,0.48495758029683245,0.9937297794640693,0.14494270336170295,-2.4844018335912716,0.5957516306390481,202601,-1.2891199914933755,False,Q2
4020,슈퍼마켓,전라남도,강진군,1324800000,58135,22788.337490324244,1.1376983584276794,0.11811251699601495,3.16377914197552,0.6026900687514409,-1.963945873638008,0.38186104653965436,202602,2.5125791426277897,False,Q1_small
4020,슈퍼마켓,전라남도,고흥군,3408720000,120906,28193.14177956429,-3.0736064181996814,0.5471824236083039,0.345342687116705,0.07291368889599623,-3.4071826492006676,0.7794420013077064,202602,-2.571861069435153,False,Q1_small
4020,슈퍼마켓,전라남도,곡성군,286080000,13626,20995.15631880229,23.771829272922044,0.586750206384855,24.38225038928572,0.6090011076308145,-0.4907622385455328,0.013693614899346349,202605,21.799815358058904,False,Q1_small
4020,슈퍼마켓,전라남도,광양시,9142570000,377053,24247.440015064196,0.1276438945186032,0.005093808266613079,1.485786181914563,0.4689136967496558,-1.3382586256576485,0.346215663330096,202605,-0.6936172076797231,False,Q2
4020,슈퍼마켓,전라남도,구례군,742160000,23723,31284.40753698942,2.6757467534762225,0.30712669115849395,3.7654549711154934,0.40948531843585945,-1.050164737332483,0.22416346922943448,202605,2.121211944633555,False,Q1_small
4020,슈퍼마켓,전라남도,나주시,5641680000,239461,23559.91163488,-0.1491464447192051,0.008182608736111005,1.6404641974157166,0.3618503038198964,-1.760726553411769,0.2836386624146507,202605,-1.008767533441194,False,Q2
4020,슈퍼마켓,전라남도,담양군,3106380000,102587,30280.444890678154,0.17602926293194568,0.003631840768374548,2.4078067278889814,0.662785360346236,-2.179304035762823,0.3426897726226014,202602,1.6083321172945322,False,Q1_small
4020,슈퍼마켓,전라남도,목포시,19642360000,904848,21707.91116297986,5.530676067272819,0.4495032016390283,8.196223184366957,0.6212068905808228,-2.4636230717148626,0.6616978264056221,202605,3.305170835920685,False,Q4_large
4020,슈퍼마켓,전라남도,무안군,3320970000,148734,22328.25043366009,7.046020098682987,0.6227239557639619,5.864336818553138,0.7734355144386936,1.1162241370814232,0.12027265268490701,202606,4.070531907117149,False,Q2
4020,슈퍼마켓,전라남도,보성군,2269930000,91695,24755.221113474017,0.5075740028199072,0.03842679442076249,2.3868064609085136,0.440240944891234,-1.8354244292267345,0.5061543059264646,202605,-0.41943276397713497,True,Q1_small
4020,슈퍼마켓,전라남도,순천시,16379610000,776739,21087.662651160816,-0.1799966400919566,0.03615438614110984,1.8377334863632209,0.5549079221697196,-1.9813187679843252,0.5135942137955903,202602,0.09556142569026804,False,Q3
4020,슈퍼마켓,전라남도,신안군,1082790000,40289,26875.573978008884,-0.1826819528679098,0.009385949943514209,0.780187142577713,0.27517796692716573,-0.9554150699119304,0.22974724022117352,202602,0.7674491694499839,False,Q1_small
4020,슈퍼마켓,전라남도,여수시,14891310000,697592,21346.732760696796,-0.8456387992588927,0.16557235729923606,1.0315432817118224,0.38807731624804365,-1.8580158433653338,0.4083691592426286,202602,-0.25205479844228673,False,Q3
4020,슈퍼마켓,전라남도,영광군,2513180000,72434,34696.13717315073,5.981188941396566,0.8372835783716394,6.463807112907729,0.9346030615015376,-0.4533166571803394,0.11710531348808706,202605,6.30902092727937,False,Q1_small
4020,슈퍼마켓,전라남도,영암군,4672470000,240956,19391.382659074687,-0.10923161958368444,0.002674128040653639,3.0409583874415698,0.5658232580974148,-3.057221183037049,0.8527087831395279,202605,-1.1231333692311591,False,Q2
4020,슈퍼마켓,전라남도,완도군,1919890000,69391,27667.709068899425,-0.9061362829301453,0.06761316450815663,2.0723675791254115,0.41214616430644985,-2.9180315228278233,0.738122831657839,202605,-2.854491171039823,False,Q1_small
4020,슈퍼마켓,전라남도,장성군,909830000,49306,18452.723806433292,2.1438145501750663,0.31855202613386796,4.285419930457623,0.8425699187843014,-2.053599996730739,0.351444684790056,202605,1.2184878745126337,False,Q1_small
4020,슈퍼마켓,전라남도,장흥군,2382640000,78288,30434.293889229513,-1.60460612920042,0.22439102261918487,1.30316893843178,0.60906487525771,-2.87036930641274,0.6257168992279875,202602,-0.35704394065028494,False,Q1_small
4020,슈퍼마켓,전라남도,진도군,2312100000,64992,35575.14771048744,-5.389270913546276,0.7032884029159044,-1.7046579575355294,0.520378635094517,-3.74851226868813,0.658466785832433,202602,-5.60362156415307,False,Q1_small
4020,슈퍼마켓,전라남도,함평군,331990000,15161,21897.63208231647,0.1061007010716405,0.0011502688179681145,2.5211479909237466,0.7958731864043467,-2.355657673737609,0.3778056055600664,202602,1.4442214829238762,False,Q1_small
4020,슈퍼마켓,전라남도,해남군,3124150000,111236,28085.78158150239,2.6686577956229742,0.10177159931306788,2.2719891938924692,0.3033746055342898,0.3878565429860872,0.006167624686929133,202606,-3.73439854773245,True,Q1_small
4020,슈퍼마켓,전라남도,화순군,2718740000,116309,23375.14723710117,0.3995828060992033,0.07777285828135126,1.8000175442645403,0.6992707865968018,-1.3756723937267032,0.3543179787088391,202605,0.17545115327700422,True,Q1_small
4020,슈퍼마켓,전북특별자치도,고창군,1872210000,73143,25596.57110044707,3.99709476538111,0.5678433473457721,4.914044444323353,0.8452752925671185,-0.8740008869154421,0.12386961968874315,202606,3.6499546240684038,False,Q1_small
4020,슈퍼마켓,전북특별자치도,군산시,19769070000,938904,21055.475320160527,-1.2000500688773996,0.3253820582601687,1.0365065220967453,0.41015564101613405,-2.2136123545453033,0.5097411235653306,202602,-0.7169542702790856,False,Q4_large
4020,슈퍼마켓,전북특별자치도,김제시,4703620000,172305,27298.221177563042,0.8564835206042497,0.13355484140467716,2.7648793439652413,0.9197019030190461,-1.8570506145133379,0.41633067853884487,202605,0.2617649586098068,False,Q2
4020,슈퍼마켓,전북특별자치도,남원시,3764700000,180679,20836.400467126783,2.112253635731325,0.4588947773081455,3.100566587682689,0.3994608279282152,-0.9585911936874029,0.1437281833827012,202605,1.495345217891212,False,Q2
4020,슈퍼마켓,전북특별자치도,무주군,267150000,13605,19636.163175303198,9.232193334747087,0.5464412592150848,9.180990319594647,0.7681628017429571,0.04689737197153158,0.000180627110167549,202606,6.301813266028677,False,Q1_small
4020,슈퍼마켓,전북특별자치도,부안군,3492320000,121459,28753.07717007385,2.346209278406067,0.29317070179018223,4.337225312783013,0.7741971904176191,-1.9082508935887987,0.4086029527733727,202605,1.4571842407545892,False,Q1_small
4020,슈퍼마켓,전북특별자치도,순창군,1759500000,70496,24958.862914207897,9.435902739564336,0.5029292876374951,18.455805751202973,0.8104874141917757,-7.6145723330636255,0.8177337660952906,202604,11.725269424415938,False,Q1_small
4020,슈퍼마켓,전북특별자치도,완주군,4775370000,257084,18575.1349753388,0.6242020479000828,0.09724115359554399,3.1709527214560973,0.7486504337886756,-2.468476452312891,0.547474926084489,202605,-0.27554538428502884,True,Q2
4020,슈퍼마켓,전북특별자치도,익산시,16846570000,758255,22217.552142748813,-1.095981683130503,0.3168934197670837,1.4842662949208874,0.7047151521435108,-2.5425103538247265,0.5661845702059365,202602,-0.5641559767747918,False,Q3
4020,슈퍼마켓,전북특별자치도,임실군,732300000,33338,21965.924770532125,9.472083158896076,0.7487987538417695,11.903065483256787,0.8785317711990975,-2.1724001159953894,0.2935823414336056,202605,10.455860817765108,False,Q1_small
4020,슈퍼마켓,전북특별자치도,장수군,955040000,41044,23268.687262450054,17.93967759777314,0.778945316537663,25.09540835162311,0.7918585498116772,-5.720218550097641,0.7147782701863713,202605,22.65107378801362,False,Q1_small
4020,슈퍼마켓,전북특별자치도,전주시 덕진구,14819660000,844933,17539.44987354027,-0.7790072579347417,0.26630603763782873,1.8345380654949788,0.4188892419474905,-2.5664625902744524,0.4964311327652828,202601,-0.48436588499547806,False,Q4_large
4020,슈퍼마켓,전북특별자치도,전주시 완산구,13524180000,776114,17425.5070775685,-0.2600687864746627,0.025830765395754032,1.806969530230524,0.5829497826176937,-2.0303505017811094,0.45710855576665915,202605,-1.0732455251110407,False,Q3
4020,슈퍼마켓,전북특별자치도,정읍시,5158070000,235429,21909.238029299704,4.501618997617097,0.8224024384476001,5.991990536233078,0.7313949667438536,-1.406117133073845,0.3541083268145505,202605,4.951817922685851,False,Q2
4020,슈퍼마켓,전북특별자치도,진안군,564550000,27220,20740.264511388687,4.756207752995444,0.5074597323076225,6.398508522778236,0.8849543258344404,-1.5435373978303377,0.20366683594729265,202605,4.57553030341578,False,Q1_small
4020,슈퍼마켓,제주특별자치도,서귀포시,21951590000,718743,30541.640057711866,2.207287959501433,0.2733425205080045,3.750593126549667,0.6300469406014579,-1.4875145486308794,0.5039356125372684,202605,0.7102945533148117,False,Q3
4020,슈퍼마켓,제주특별자치도,제주시,63953060000,2657680,24063.491466241234,0.880193286239844,0.13294637543333773,3.3044898871962958,0.646934251160409,-2.346748533005382,0.7107153760471517,202605,-0.14047150266574407,True,Q4_large
4020,슈퍼마켓,충청남도,계룡시,477390000,29399,16238.307425422634,0.6993996900217415,0.0485803241741796,2.2232055352100746,0.523665142563864,-1.4906652919072272,0.2639246916833896,202605,-0.5352758716979923,True,Q1_small
4020,슈퍼마켓,충청남도,공주시,5041520000,201327,25041.44997938677,3.150536950769593,0.5882091837158894,5.271200484049718,0.8846033679387625,-2.0144764413524756,0.43844210120404337,202605,2.603691231491311,False,Q2
4020,슈퍼마켓,충청남도,금산군,4206580000,160556,26200.079722962706,0.6602686132615678,0.03685009714437402,3.3739721860914265,0.7957537153179324,-2.625132337900963,0.45286874404450433,202602,2.4128387822094073,False,Q2
4020,슈퍼마켓,충청남도,논산시,5836540000,277834,21007.292124074087,2.2762710742621746,0.40657931066572145,3.9553107658054234,0.7903580583289402,-1.6151552808358574,0.3739886306593691,202605,1.400958198450005,False,Q2
4020,슈퍼마켓,충청남도,당진시,7461860000,295426,25257.96646199048,1.2054518003042853,0.3589341529544091,3.1016159161408297,0.6406301201583707,-1.8391216267442314,0.6381243152613341,202605,0.6454449053387386,False,Q2
4020,슈퍼마켓,충청남도,보령시,4351210000,159408,27296.057914282846,2.820754761826723,0.4029788031374517,3.338717938012466,0.5213734189110896,-0.5012285680729736,0.06753664899030395,202605,1.6073790627397118,False,Q2
4020,슈퍼마켓,충청남도,부여군,2166630000,80758,26828.67332029025,0.43805866163733953,0.015339971361664347,2.8994649338869367,0.6185324246216026,-2.392049631969511,0.738141186107118,202602,2.119005075009695,False,Q1_small
4020,슈퍼마켓,충청남도,서산시,6106180000,257379,23724.46858523811,1.4623547590629484,0.33395224499427323,2.8488424719423473,0.6668028780581385,-1.3480829531529677,0.24175282618840024,202605,0.7441375971907108,False,Q2
4020,슈퍼마켓,충청남도,서천군,3617090000,131255,27557.731134052035,-2.2410525729829476,0.2846179310998583,-0.43762029295554217,0.04140975551107581,-1.8113591552691963,0.3523731132790827,202602,-1.5712006047767075,False,Q2
4020,슈퍼마켓,충청남도,아산시,26300560000,1076590,24429.50426810578,1.4678098312107748,0.19176181019504326,2.9538321947765214,0.7351274679242752,-1.4433871298295395,0.21379255156461813,202605,1.2030733068127715,False,Q4_large
4020,슈퍼마켓,충청남도,예산군,3898770000,152369,25587.685159054665,1.181493937135583,0.1811158772858326,3.8578898749508013,0.8085595690985278,-2.5769789286473275,0.7182078347451986,202605,0.08428262393676061,True,Q2
4020,슈퍼마켓,충청남도,천안시 동남구,14271320000,602270,23695.883905889386,-1.5315666951357196,0.541007022454065,1.48483462295075,0.3488505585389501,-2.972268052949378,0.6922009513360039,202601,-1.3911482130445896,False,Q3
4020,슈퍼마켓,충청남도,천안시 서북구,19826210000,887103,22349.38896610653,-2.077534129152831,0.5315578554619738,0.42164863293254917,0.04260776727261256,-2.488689237935705,0.7189578152556968,202601,-1.3449258056759352,False,Q4_large
4020,슈퍼마켓,충청남도,청양군,1026520000,45412,22604.597903637805,19.62270099700755,0.7496426772098701,18.060437642344638,0.7898794509761002,1.3232742363666543,0.22825681450378904,202605,24.813743356265483,False,Q1_small
4020,슈퍼마켓,충청남도,태안군,4369540000,164854,26505.513969937034,6.945017333681816,0.7402399227458095,8.93764386076454,0.8729275294388881,-1.8291441383013431,0.44220766732119254,202605,6.658615899857005,False,Q2
4020,슈퍼마켓,충청남도,홍성군,3178250000,135219,23504.463130181408,0.3464963326187458,0.024850212716807592,2.817683405666542,0.7394154260047051,-2.4034650375244175,0.6990358270229406,202605,-0.3768312494948067,True,Q2
4020,슈퍼마켓,충청북도,괴산군,2541820000,88023,28876.77084398396,-4.541168424522941,0.07817522281882998,1.7373304017995788,0.025831905222593987,-6.171283246303385,0.5354596844759232,202602,0.6039466128434897,False,Q1_small
4020,슈퍼마켓,충청북도,단양군,846630000,45033,18800.21317700353,6.907517924544406,0.7588762737639823,7.7524416759966215,0.7977608200954495,-0.7841342045805878,0.1872972705280147,202605,6.8187298585070915,False,Q1_small
4020,슈퍼마켓,충청북도,보은군,1300930000,59640,21813.044936284372,1.6741843886363759,0.0910627941692556,2.8332054725830735,0.22682462037619536,-1.1270883549922013,0.46503243123244453,202601,5.6492660196963165,False,Q1_small
4020,슈퍼마켓,충청북도,영동군,2811190000,84463,33283.094372683896,2.481327142129152,0.45876161426730455,4.085346488008574,0.5724205654887933,-1.5410616383587479,0.18221537442044028,202605,1.5012010907630688,False,Q1_small
4020,슈퍼마켓,충청북도,옥천군,3009500000,125156,24045.99060372655,-0.604674972424064,0.02546483121047682,2.6528119729026582,0.565672105024386,-3.1733051269814396,0.6123016728778349,202605,-2.4723773776160862,False,Q2
4020,슈퍼마켓,충청북도,음성군,10938550000,385111,28403.629083562922,-1.1832141852527713,0.20073316274158645,1.545885908314176,0.4544868636970313,-2.6875535814725255,0.6797351692792701,202602,-0.8282887950886761,False,Q2
4020,슈퍼마켓,충청북도,제천시,8696020000,362687,23976.65204432472,-1.7675875795666078,0.30137582231778726,0.9979423708513377,0.47588611037961664,-2.738204250006622,0.49197149800518164,202602,-0.955832196621317,False,Q2
4020,슈퍼마켓,충청북도,증평군,2429820000,96760,25111.823067383215,-0.608440811167709,0.09570159892441585,2.7636561472556807,0.7151610648832221,-3.2814100673795776,0.7221226348190497,202605,-1.6557123813914953,False,Q1_small
4020,슈퍼마켓,충청북도,진천군,8438440000,288956,29203.200487271417,-1.2377551086295135,0.13776118057909512,1.8346938260828356,0.5081384398667712,-3.0170944884064648,0.5945795706634791,202602,-0.28547895213558744,False,Q2
4020,슈퍼마켓,충청북도,청주시 상당구,8320760000,399755,20814.648972495652,1.0895315957525435,0.19915014567024314,3.1192449623673673,0.728287238690237,-1.9683167456817137,0.4461366469048568,202605,0.1323663573771357,True,Q2
4020,슈퍼마켓,충청북도,청주시 서원구,9443120000,445505,21196.439995061784,0.6973499031123714,0.05809055757604784,2.835203986237857,0.8122670630176825,-2.078912668283912,0.35502972920697934,202602,2.114811654359672,False,Q3
4020,슈퍼마켓,충청북도,청주시 청원구,14665260000,588331,24926.88639558344,-0.21378139412881453,0.014555703520242155,2.220040852156469,0.6161444209024444,-2.380963875572486,0.4873378701798115,202605,-1.1140192146028913,False,Q3
4020,슈퍼마켓,충청북도,청주시 흥덕구,16302360000,809733,20133.006805947145,-0.33129825241136,0.024590143829050396,2.3428973509398463,0.5069964862080117,-2.6129762519632314,0.6287744626929012,202605,-1.5223455520833808,False,Q3
4020,슈퍼마켓,충청북도,충주시,13718750000,499326,27474.53567408867,-1.0117941544948887,0.10669922023656127,1.2407643634215209,0.1939811632032102,-2.2249521050931715,0.4983751899937103,202605,-2.7186409695340124,False,Q3
8001,일반한식,강원특별자치도,강릉시,33668980000,809386,41598.17441863338,0.9846415634713288,0.036356690061025994,1.337913720056352,0.08999411464531741,-0.348608081236919,0.12860359162036905,202605,-1.3251316003520455,True,Q3
8001,일반한식,강원특별자치도,고성군,3566010000,72163,49416.0442331943,9.542514465167798,0.5538722708120388,9.95251670264767,0.6598499850604538,-0.3728902709782227,0.0327087369495323,202605,7.355231070340691,False,Q1_small
8001,일반한식,강원특별자치도,동해시,10091530000,234114,43105.19661361559,3.3889523264868124,0.3861946495930684,2.9112907711515037,0.3680747738502971,0.464148833190219,0.26932350595399224,202605,1.9431150153640435,False,Q2
8001,일반한식,강원특별자치도,삼척시,6616590000,130836,50571.63166101073,7.652370673517394,0.6910117056038046,7.113430210102326,0.7184945073516307,0.5031492898303622,0.10568543583298433,202605,6.933338537920508,False,Q1_small
8001,일반한식,강원특별자치도,속초시,28923970000,629237,45966.734314733556,1.431169045871277,0.04446170283555619,1.6133074441073818,0.06760767766010585,-0.17924659950304883,0.06582320166258139,202605,-1.5484066999248414,True,Q2
8001,일반한식,강원특별자치도,양구군,2062640000,46829,44046.21068141536,6.487434878397977,0.5956203296853851,7.0246613140601735,0.5755523171729257,-0.5019650882946344,0.10543686934860595,202605,6.19606908121172,False,Q1_small
8001,일반한식,강원특별자치도,양양군,6618420000,135155,48969.10954089749,7.802728795469065,0.46942624516322157,7.970421084999166,0.5864213623456643,-0.1553131754465227,0.006623558263553397,202605,5.3088083105266985,False,Q1_small
8001,일반한식,강원특별자치도,영월군,4021130000,112668,35690.08059076224,13.961077629654417,0.789758239391078,12.016658890426697,0.7413790228475982,1.7358299725130206,0.647931330073847,202605,15.44342468065908,False,Q1_small
8001,일반한식,강원특별자치도,원주시,40306250000,1085457,37132.977169984624,3.3728539721527997,0.42134158925533055,3.8479400422284185,0.5560020375693784,-0.45748242081882184,0.18900710064940124,202605,2.4864424213494316,False,Q4_large
8001,일반한식,강원특별자치도,인제군,2769490000,65916,42015.4438982948,6.796427907635391,0.5639101425915569,7.335493067988469,0.6198931877958916,-0.50222451581008,0.20361565258513284,202605,5.255061573443636,False,Q1_small
8001,일반한식,강원특별자치도,정선군,6488900000,146093,44416.22801913849,3.766734976455489,0.27594981588908146,5.422622906129966,0.5550988469563116,-1.5707140308479306,0.4453825367439376,202605,1.5257144589069942,False,Q1_small
8001,일반한식,강원특별자치도,철원군,4279470000,91797,46618.843753063826,4.224595061661391,0.3734703024164001,3.90923189835908,0.41778854459403525,0.303498695487206,0.048634006964610385,202605,2.471360717863115,False,Q1_small
8001,일반한식,강원특별자치도,춘천시,31568510000,729053,43300.706532995544,3.6127398064710734,0.35782716262506004,4.273219502382314,0.46295690054809757,-0.6334125857657136,0.1223615444462989,202605,2.432882794495804,False,Q3
8001,일반한식,강원특별자치도,태백시,3464240000,72137,48023.06721931879,-0.7918927844097303,0.008653489093286927,-1.8185685846184982,0.07459899497494418,1.045692434310863,0.20032280137739597,202601,3.4569986133765176,False,Q1_small
8001,일반한식,강원특별자치도,평창군,7940860000,157410,50446.98557906105,-1.5892558945113398,0.019954274869642134,-0.5716938940254463,0.004167676028527087,-1.0234127889107618,0.1417738757356087,202601,3.3962833972040625,False,Q1_small
8001,일반한식,강원특별자치도,홍천군,10228700000,396305,25810.17145885114,3.051241194665072,0.21710937184637735,4.335599396353767,0.38062812431854404,-1.230987514443301,0.6781746460557844,202605,0.735793655472419,False,Q2
8001,일반한식,강원특별자치도,화천군,2543100000,75797,33551.45982030951,-1.1319759336210231,0.010315485721917126,-7.753804358109482,0.19301601051078748,7.178429829447971,0.5984923866634582,202601,8.356886034238595,False,Q1_small
8001,일반한식,강원특별자치도,횡성군,4985270000,107510,46370.29113570831,7.219832495321092,0.6748602888622353,7.19993843079144,0.7498987111057153,0.018557906675028487,9.73420884665162e-05,202605,6.204536711943875,False,Q1_small
8001,일반한식,경기도,가평군,11384930000,252060,45167.53947472824,11.937835945510825,0.7817918143678271,10.327417576701516,0.783417437042862,1.4596719511626985,0.6111120908611296,202605,12.059601597891854,False,Q2
8001,일반한식,경기도,고양시 덕양구,45735220000,1206339,37912.411022109045,2.199327212135868,0.22851136972784417,2.760696593818709,0.38748213362152173,-0.5462880267362676,0.07889660361712231,202605,0.9776942221198092,False,Q4_large
8001,일반한식,경기도,고양시 일산동구,32019520000,858948,37277.60004098036,0.7729565083929584,0.03416406292873912,1.1999135825283007,0.11943089856433993,-0.4218947022985105,0.044837442585826684,202605,-0.75990315084514,True,Q3
8001,일반한식,경기도,고양시 일산서구,19105760000,591436,32304.019369805017,1.1734231406239388,0.09015830041569745,1.3134791616829007,0.13050486621963553,-0.138240263998294,0.011270169784325832,202605,0.14815432718495566,True,Q2
8001,일반한식,경기도,과천시,9946310000,478606,20781.833073551104,7.1486432716797905,0.3342676418166646,11.142400265717791,0.3984708754563427,-3.593369393219665,0.5029744486712684,202605,6.651661369681349,False,Q2
8001,일반한식,경기도,광명시,28295160000,757517,37352.508260540686,1.1822294960255424,0.09064027781083285,1.5609424956181732,0.19009715219348047,-0.3728923642166424,0.043397760812038846,202605,0.01985415394933242,True,Q3
8001,일반한식,경기도,광주시,40384380000,1155109,34961.53176886337,3.7357473172542477,0.44237477122953095,3.153734322278378,0.49505160024113587,0.564219025903128,0.2209768298273647,202605,2.833702952052138,False,Q4_large
8001,일반한식,경기도,구리시,21640670000,561146,38565.13278184287,2.141125854510411,0.262561356812429,2.16459372802114,0.37228972289164064,-0.02297065221362235,0.00017152289528064616,202605,0.9542420080415327,False,Q2
8001,일반한식,경기도,군포시,21861980000,649551,33657.06464927311,1.5895494221504456,0.1815262362940951,2.185095538068419,0.3032006932476946,-0.5828111357944055,0.1687964301688763,202605,1.0278431262005026,False,Q3
8001,일반한식,경기도,김포시,42680590000,1159799,36799.98861871755,1.8600994304939926,0.19954470197573246,2.4183715772287835,0.33982308085840307,-0.5450898487620072,0.11354333074557225,202605,0.737996122934504,False,Q4_large
8001,일반한식,경기도,남양주시,58302830000,1527599,38166.3185168359,2.8873229034588004,0.29094965528616507,2.7045382763468835,0.37820895708476254,0.17797132451934322,0.011444518214332745,202605,1.5516065691497003,False,Q4_large
8001,일반한식,경기도,동두천시,8183950000,215126,38042.588994356796,2.6700445234191332,0.3025615394721616,3.216616285029889,0.4369197619786299,-0.5295385387382048,0.08219515067696287,202605,1.4349690236248622,False,Q2
8001,일반한식,경기도,부천시 소사구,13319070000,399414,33346.52766302633,0.7278144061421319,0.05140724599062006,1.0154376803005736,0.10604834140585269,-0.2847319981612347,0.03570972271830723,202605,-0.2214786489674877,True,Q2
8001,일반한식,경기도,부천시 오정구,15258940000,397922,38346.56038118023,1.5197380114867427,0.13824723246895496,1.6985557703952079,0.2203090056979892,-0.1758311684506089,0.008766445266339438,202605,0.31537082648412107,False,Q2
8001,일반한식,경기도,부천시 원미구,44752730000,1274797,35105.7697813848,1.1284056626503207,0.09352590638461716,1.8149411354184588,0.24130517845411079,-0.6742973723817309,0.17498081872766078,202605,0.09520205815370124,True,Q4_large
8001,일반한식,경기도,성남시 분당구,46847950000,1307407,35832.720797731694,0.3580447746854173,0.010640243125271133,0.7784877278711297,0.04827262369631912,-0.4171951402178822,0.0525067059315888,202605,-0.5707152586964844,True,Q4_large
8001,일반한식,경기도,성남시 수정구,22681680000,663717,34173.72163135794,2.4775438544676733,0.24282197613227588,2.320577000027451,0.23792214864914185,0.1534069285400324,0.004416806843089885,202605,1.5748904361595457,False,Q3
8001,일반한식,경기도,성남시 중원구,19253910000,565389,34054.270599534124,-0.290646507076098,0.006372578511566369,1.236935111930617,0.07590108427962051,-1.5089172912215676,0.5164551772010564,202605,-0.9463212932918053,False,Q2
8001,일반한식,경기도,수원시 권선구,30356570000,791068,38374.159996359354,1.120490524787226,0.08680465642494929,1.6975356923425147,0.20001193593923752,-0.567413127198059,0.1593400170203805,202605,0.1588640457058757,True,Q3
8001,일반한식,경기도,수원시 영통구,27058840000,719343,37616.04686498652,0.47529423373692564,0.016384809518239042,1.3806640771387995,0.10859053735916598,-0.8930399614595184,0.22729885593466156,202605,-0.280657619419176,True,Q3
8001,일반한식,경기도,수원시 장안구,21581840000,646877,33363.12776617502,2.284303712090981,0.20100758983947997,3.3057321227278598,0.33634711319329147,-0.9887432087731993,0.2885154529381435,202605,1.6421951755576898,False,Q3
8001,일반한식,경기도,수원시 팔달구,36838750000,957165,38487.35588952793,0.7076308215894086,0.04475974828209166,1.6101679912519717,0.20575482234479625,-0.8882350925158267,0.3643407739912613,202605,-0.4014106660513376,True,Q3
8001,일반한식,경기도,시흥시,63813220000,1698767,37564.43349794292,1.7728765432158498,0.1641625485284717,1.9418869724758432,0.265573296349917,-0.1657909562785139,0.015000358705249166,202605,0.45395766915147595,False,Q4_large
8001,일반한식,경기도,안산시 단원구,46509900000,1180489,39398.84234414721,2.142009186976567,0.2221744924915605,2.907106167643251,0.40701954537322477,-0.7434831365486791,0.21144764656502912,202605,0.9254820996464675,False,Q4_large
8001,일반한식,경기도,안산시 상록구,30301310000,830415,36489.35773077317,2.90357698444282,0.3646748658410943,3.516819817449606,0.446287734568813,-0.5924088801107308,0.13742265012596172,202605,2.1164488122767615,False,Q3
8001,일반한식,경기도,안성시,26782730000,990540,27038.51434571042,4.683254017099622,0.574938943961323,4.296169394638888,0.6426493669570006,0.37113982681002156,0.07738195237461738,202605,4.468037296721359,False,Q4_large
8001,일반한식,경기도,안양시 동안구,31416620000,874252,35935.428228931705,0.5925424086972944,0.03362773256033293,1.8013402898043638,0.24037630359968398,-1.1874086113855344,0.36561882417645714,202605,-0.25757153845657854,True,Q3
8001,일반한식,경기도,안양시 만안구,22298950000,661486,33710.3884284777,2.889974440384809,0.4376078560857834,2.414923964399275,0.3547538826681566,0.46384887826575416,0.14060492890819917,202605,2.5042420507661,False,Q3
8001,일반한식,경기도,양주시,24572890000,627144,39182.213335374334,3.2582356815650195,0.40965292473682824,3.3170738357094645,0.44878539693257025,-0.0569491101132001,0.0006862410655546861,202605,2.047004962927806,False,Q2
8001,일반한식,경기도,양평군,17171930000,580667,29572.76717981218,6.495969463997696,0.6648130091354081,5.221453138858835,0.6398206201926732,1.2112704083804084,0.2979056448518334,202605,6.063934412150253,False,Q2
8001,일반한식,경기도,여주시,12367290000,301241,41054.471336903014,9.330663372850081,0.7080495221595575,8.46814549385612,0.723480453714819,0.7951808109809013,0.39331067558875077,202605,10.245730872837266,False,Q2
8001,일반한식,경기도,연천군,3602030000,93378,38574.71781361777,5.8628053167359,0.6802418212588943,6.106908778825891,0.7117184535749596,-0.23005425838840565,0.09272612485208043,202605,4.9909337901884125,False,Q1_small
8001,일반한식,경기도,오산시,25210850000,704322,35794.4945635661,1.318188459620312,0.11472599893793073,2.217520955108785,0.3400348773397209,-0.8798222526678686,0.4347616608120381,202605,0.12093472536141919,True,Q3
8001,일반한식,경기도,용인시 기흥구,30502260000,948594,32155.231848398787,3.0708371003231822,0.2970886847366873,3.94408313973202,0.4110923041597719,-0.8401113493251698,0.46351903868308797,202605,2.0230765085846056,False,Q3
8001,일반한식,경기도,용인시 수지구,21504020000,646639,33255.0619433718,2.6673240411572507,0.27148754563364724,2.0070701802249102,0.2813491605271764,0.6472628414538287,0.05691510434727886,202605,1.348806578583879,False,Q3
8001,일반한식,경기도,용인시 처인구,34509120000,1077049,32040.43641468494,3.6232150805846652,0.4403244104392523,4.13527353732927,0.5944272646262821,-0.49172431141792383,0.24234898622167309,202605,3.4131265471557484,False,Q4_large
8001,일반한식,경기도,의왕시,16693170000,354927,47032.68559450253,4.525198541299457,0.4223524853504903,3.9322662577066234,0.44656336973607624,0.5704987536042396,0.06514606435037744,202605,3.660602098924963,False,Q2
8001,일반한식,경기도,의정부시,43600560000,1198265,36386.40868255353,1.482487139389214,0.14880226988469777,2.0341203632494227,0.28879233744303273,-0.5406360361576861,0.10056540652304609,202605,0.3426212751146105,False,Q4_large
8001,일반한식,경기도,이천시,25967680000,764230,33978.88070345315,1.1312499034392065,0.12050987918500897,1.6393670765152448,0.2495485785208316,-0.4999216225869517,0.28287438571956236,202605,0.3858462357471362,False,Q3
8001,일반한식,경기도,파주시,45167030000,1120774,40299.85527858426,1.6549089899161638,0.15237984637325835,1.6887024921916418,0.21698444017156254,-0.03323230747099738,0.0003448131043971598,202605,0.33590189965230854,False,Q4_large
8001,일반한식,경기도,평택시,62785650000,1816907,34556.33667546,2.978671252715447,0.4001123624643602,3.9091729988519606,0.558427481334084,-0.8954952862022512,0.3770290954200936,202605,2.504375309729707,False,Q4_large
8001,일반한식,경기도,포천시,22017680000,522286,42156.36643524812,5.535538385422113,0.554822047001598,4.696178589704907,0.5750250805399018,0.8017100595491331,0.16223936779228068,202605,4.555550304489528,False,Q2
8001,일반한식,경기도,하남시,30461930000,755318,40329.94050188133,1.4451329388722214,0.10866822161603298,1.7573277021766642,0.22487511166914956,-0.306803225236231,0.019513391193136352,202605,0.20631064441462652,True,Q3
8001,일반한식,경기도,화성시 동탄구,23875670000,608212,39255.50630372304,2.227118297216792,0.3213578616546171,2.6723782498688653,0.37042719663616935,-0.4336706329802707,0.08225505787580278,202605,1.745802391094911,False,Q2
8001,일반한식,경기도,화성시 만세구,35191150000,1169764,30083.97420334358,2.9273948873597955,0.39916453203461844,3.283544938670966,0.5859947235866574,-0.3448274858522693,0.08539267865416741,202605,2.1672715452404887,False,Q4_large
8001,일반한식,경기도,화성시 병점구,13805990000,351994,39222.23106075672,2.030591303686387,0.22688235255515926,2.5973988962707195,0.35826367035803225,-0.552458053207931,0.13662337216698725,202605,1.091188022679479,False,Q2
8001,일반한식,경기도,화성시 효행구,13468130000,472510,28503.375589934603,2.374159795535893,0.2956408127095758,3.6942952557377176,0.5968117486993211,-1.273103266622323,0.408450046181783,202605,1.3863541827496153,False,Q2
8001,일반한식,경상남도,거제시,30779560000,718627,42831.06535100963,3.168652579957905,0.27934501361781044,4.626446919309568,0.41318921212803256,-1.3933325485820314,0.6703750645824502,202605,1.144492264560259,False,Q3
8001,일반한식,경상남도,거창군,5584550000,183782,30386.81698969431,8.4138251156329,0.5488373963174533,7.244404164965847,0.48701059338005437,1.0904260784257351,0.3801044647561699,202605,6.298106590030951,False,Q2
8001,일반한식,경상남도,고성군,4800670000,107167,44796.159265445516,12.447605514899761,0.7631295271961415,11.047274447347979,0.7424973094266355,1.2610224559953136,0.3364293608946944,202606,8.812046002316244,False,Q1_small
8001,일반한식,경상남도,김해시,67484650000,1912846,35279.708873584175,4.284100165219895,0.33395548379492257,5.838684242545448,0.5065976647033342,-1.4688240773694627,0.8622118671223719,202605,1.9812852403138843,False,Q4_large
8001,일반한식,경상남도,남해군,7991730000,164198,48671.29928500956,11.774389696814126,0.6997574995037845,12.795881877918506,0.780346661992494,-0.905611236950981,0.30024901563913947,202605,12.751858803943275,False,Q1_small
8001,일반한식,경상남도,밀양시,9700370000,248129,39094.05994462558,2.1217426877336196,0.159403019866753,2.3279707369928,0.19449987542567662,-0.20153634218863897,0.03270887495494431,202605,0.8603263919817719,False,Q2
8001,일반한식,경상남도,사천시,16967650000,446315,38017.20757760774,3.817295642853248,0.32199496896933394,4.944911062292349,0.47504556065620146,-1.0744831817235612,0.6411417816980362,202605,1.7135468812910342,False,Q2
8001,일반한식,경상남도,산청군,4231770000,150785,28064.92688264748,5.806668884327201,0.3175632357419106,3.409048473195521,0.20574554920801522,2.3185789314686014,0.3302851677238059,202605,3.54728092014036,False,Q1_small
8001,일반한식,경상남도,양산시,38188580000,1056418,36149.1190040306,-0.9882830779460281,0.10419080093183994,-0.33569516147760625,0.020390236654881745,-0.6547860013931515,0.21470291761192808,202605,-2.1643619216249332,False,Q4_large
8001,일반한식,경상남도,의령군,2797400000,70326,39777.60714387282,5.912816828794671,0.539018173307518,5.3776026460900965,0.5330705058843808,0.5079012705404718,0.24285991722848083,202605,5.2964836371878645,False,Q1_small
8001,일반한식,경상남도,진주시,36166100000,915931,39485.61627458837,3.5632996612836956,0.3967049857772476,5.295944684632274,0.6131981743709617,-1.6455002408097819,0.8922030173831861,202605,2.0829418439578458,False,Q3
8001,일반한식,경상남도,창녕군,6284710000,151613,41452.31609426632,1.0552832160917909,0.05812867258900218,2.0767950719925077,0.21273722540840898,-1.000728770118892,0.42835919965968117,202605,0.40807720800507274,False,Q1_small
8001,일반한식,경상남도,창원시 마산합포구,33511030000,762571,43944.799894042655,4.504098099981341,0.27576937624237907,6.980549062061621,0.4430670170095344,-2.3148609572415553,0.909770808732579,202605,1.4886124883485856,False,Q3
8001,일반한식,경상남도,창원시 마산회원구,22407280000,606024,36974.24524441276,5.471834900434504,0.33120707218278334,8.906391729682062,0.5385891676048853,-3.1536779198162357,0.9190183783257722,202605,2.3068677940478346,False,Q2
8001,일반한식,경상남도,창원시 성산구,38349140000,928914,41283.84328366243,2.173707363250025,0.1360838146907123,4.568474171085903,0.35390651817652474,-2.2901422506344806,0.9072961940481681,202605,-0.15142827060725142,True,Q3
8001,일반한식,경상남도,창원시 의창구,33718300000,866009,38935.27665416872,5.026994988681864,0.33525227461526036,7.199311674553416,0.4816843303277676,-2.0264278304943697,0.8937019765546671,202605,2.26218010200347,False,Q3
8001,일반한식,경상남도,창원시 진해구,26991320000,688349,39211.67895936509,6.216164797816149,0.4143215432749468,9.050269649694703,0.5661011487484167,-2.5988976102330428,0.9132147223616532,202605,3.7026591126953194,False,Q3
8001,일반한식,경상남도,통영시,20124780000,439606,45779.12949322803,3.886048720598782,0.25441793419655834,5.03494597270888,0.35447343386818203,-1.0938238140367202,0.6646311512496809,202605,1.138589513659268,False,Q2
8001,일반한식,경상남도,하동군,4690440000,100489,46676.153608852714,10.18861935002007,0.40758073382133825,10.904894256954234,0.4796996355777947,-0.6458460753541119,0.15323492173268258,202605,11.882296371068417,False,Q1_small
8001,일반한식,경상남도,함안군,10327400000,510356,20235.678624332817,4.2719914042317075,0.39166835761771607,3.5514018298152448,0.34238196573631785,0.695876213825396,0.11732418056034426,202605,2.543941439534622,False,Q2
8001,일반한식,경상남도,함양군,3432230000,116227,29530.40171388748,9.09827753689496,0.6267751260073892,6.785733970909325,0.5775675709358192,2.165592237831714,0.4747784549700593,202605,7.8147173503157505,False,Q1_small
8001,일반한식,경상남도,합천군,3892540000,76760,50710.52631578947,11.066035234105827,0.47617131984310895,12.966038624155976,0.5860389318784894,-1.6819244201095607,0.6428946464328111,202605,7.985861958481117,False,Q1_small
8001,일반한식,경상북도,경산시,32352270000,1011429,31986.694073434715,2.650875245043977,0.30021051700657025,3.44860872732215,0.40207151217899606,-0.7711398849074341,0.2326080832903693,202605,1.8483361403455616,False,Q4_large
8001,일반한식,경상북도,경주시,43617580000,1132239,38523.2976429888,2.0945396049791687,0.13693249002315833,2.1253900927785443,0.19046467892089017,-0.030208440595805845,0.0010781323087473284,202605,1.3793800813534205,False,Q4_large
8001,일반한식,경상북도,고령군,3360270000,92293,36408.72005460869,4.071009843002912,0.4810876051204503,3.3632612005512956,0.33027029196427643,0.6847197294582177,0.1767087567713717,202605,4.191477765323117,False,Q1_small
8001,일반한식,경상북도,구미시,45248960000,1176529,38459.70647557349,0.47408332702267625,0.02458260883428054,1.316794079747418,0.18844492265773888,-0.8317582098594888,0.5075234729190684,202605,-0.7368261685791818,True,Q4_large
8001,일반한식,경상북도,김천시,9696840000,255965,37883.46062938292,3.014161820342615,0.36233428160893133,3.1569592567952243,0.5117312274437099,-0.13842734167565499,0.009857558181004913,202605,2.479084019548587,False,Q2
8001,일반한식,경상북도,문경시,9210650000,334247,27556.41785864944,4.140501113640608,0.333450523157686,1.9808481547588745,0.14175749983795655,2.11770444937309,0.59109033236474,202605,2.396215686024658,False,Q2
8001,일반한식,경상북도,봉화군,1705950000,38648,44140.705858000416,7.990432419041468,0.6064424018046549,8.601946208608974,0.678098932830927,-0.5630781131609867,0.20252343130597308,202605,7.231901510580216,False,Q1_small
8001,일반한식,경상북도,상주시,18286120000,445879,41011.39546827727,5.1451534894514666,0.6964923034240764,5.786357486498952,0.8120629400813357,-0.6061310855980541,0.18827832441240713,202605,5.0865662196709005,False,Q2
8001,일반한식,경상북도,성주군,3798200000,123283,30808.78953302564,4.259651166004205,0.4004943376924049,4.351797435545034,0.5563890160768472,-0.08830348092249897,0.003289639246567536,202605,3.2506297008872407,False,Q1_small
8001,일반한식,경상북도,안동시,17450820000,452188,38591.95732748326,2.1838847537632513,0.21060501640628448,2.097490363661486,0.27554817146275246,0.08461950415629887,0.008684750038692091,202605,0.9600880533946026,False,Q2
8001,일반한식,경상북도,영덕군,7445380000,128254,58051.83464063499,-6.099953223185092,0.5085649904104285,-0.6511118909993949,0.017258271661536744,-5.484551901786299,0.9503069954991654,202601,-2.9622399217716664,False,Q1_small
8001,일반한식,경상북도,영양군,1109180000,26132,42445.27782029696,15.006075451926588,0.6517910513664797,9.557027580974944,0.3234330692700564,4.973709118681796,0.3791491942397754,202605,17.337384657465645,False,Q1_small
8001,일반한식,경상북도,영주시,9149700000,206520,44304.183614177804,2.4303469580436934,0.21572153495882232,2.9947369306597524,0.37430113677866783,-0.5479794302461324,0.13170017178582916,202605,0.7498607333548852,False,Q2
8001,일반한식,경상북도,영천시,10187260000,264921,38453.95419766648,3.409013418050635,0.40822017486515283,3.687045079635958,0.5520866086919328,-0.26814503332771034,0.034386781198361464,202605,2.240780062769396,False,Q2
8001,일반한식,경상북도,예천군,4258980000,95553,44571.91296976547,4.211416247463301,0.541949150077638,4.311029646786853,0.5983827439382127,-0.09549651619857184,0.011217495035667168,202605,3.90333007199775,False,Q1_small
8001,일반한식,경상북도,울릉군,1584100000,23224,68209.61074750258,32.48722699976591,0.8008334204249752,38.95996885361658,0.8702357604164129,-4.657990288317583,0.5174957049260055,202605,35.13834446852436,False,Q1_small
8001,일반한식,경상북도,울진군,5904700000,119833,49274.40688291205,-1.1620478511920502,0.05872024814818874,0.3535973329925326,0.006203291298773752,-1.5103047867386117,0.7531212853671778,202601,1.5121243139567118,False,Q1_small
8001,일반한식,경상북도,의성군,2937300000,117919,24909.471756035924,4.110435062407025,0.26915835412929406,0.24591570793882378,0.0007191479012293568,3.85503920750975,0.5129617945008978,202605,3.37507820355297,False,Q1_small
8001,일반한식,경상북도,청도군,7502170000,386433,19413.895811175546,-1.6266429373692282,0.08680162236083369,0.3498509410629128,0.006260607945185832,-1.969603203090962,0.22499062306592255,202603,-1.5020689964219076,False,Q2
8001,일반한식,경상북도,청송군,3073040000,84377,36420.351517593655,1.6884128640242857,0.09018511333631717,0.9973141949079043,0.04091689631699114,0.6842743043470312,0.20790274389812408,202605,-0.7969838942758249,True,Q1_small
8001,일반한식,경상북도,칠곡군,18944270000,834404,22703.953959952254,2.5096581624215095,0.3343095654633926,2.231416580136769,0.3177127480302517,0.272168372103719,0.030572319298087257,202605,1.2698370557792507,False,Q3
8001,일반한식,경상북도,포항시 남구,47093320000,1094415,43030.587117318384,0.6335782912863541,0.03242443585015766,2.171575560087655,0.3724140111609879,-1.5053083603441522,0.6224301531719794,202605,-0.9620563695293473,True,Q4_large
8001,일반한식,경상북도,포항시 북구,55958140000,1302855,42950.397396486944,1.5141441401116473,0.13308198652807435,3.0548658495894543,0.4786308669072381,-1.4950499394433763,0.5992389506573705,202605,-0.14585551629855212,True,Q4_large
8001,일반한식,광주광역시,광산구,69174240000,1675054,41296.72237432346,2.019941942153967,0.1666737043652638,3.46640298380946,0.4140302905343493,-1.3980007035538211,0.6308933743536899,202605,0.25769774072083285,False,Q4_large
8001,일반한식,광주광역시,남구,26418890000,684450,38598.714296150196,2.838348774396165,0.27381816946043547,3.7944581856862754,0.46494579754655085,-0.9211565125949579,0.4395376383806137,202605,1.24170332029901,False,Q3
8001,일반한식,광주광역시,동구,27369530000,780232,35078.70735883686,2.26828859772434,0.23940154215493387,3.5999260060941327,0.4096412375935813,-1.2853652118356145,0.3888080768969052,202605,0.9305701392340238,False,Q3
8001,일반한식,광주광역시,북구,65344550000,1774997,36813.89320658007,3.2202856653792717,0.3173109947646449,4.756398738708971,0.49691200347885756,-1.466366820380256,0.5990194735157787,202605,1.796589051918394,False,Q4_large
8001,일반한식,광주광역시,서구,60671760000,1368740,44326.723848210764,0.8545568250144183,0.048700665983295574,2.14145308653138,0.27618747676105987,-1.259915756658332,0.5766956105776838,202605,-0.7461886424469638,True,Q4_large
8001,일반한식,대구광역시,군위군,3424920000,149516,22906.71232510233,9.233240578735291,0.7351080393695466,5.825067067235698,0.5319356161442016,3.220572975714895,0.6384017040000163,202605,8.407343458995324,False,Q1_small
8001,일반한식,대구광역시,남구,21851310000,699953,31218.253225573717,2.932186225810605,0.26483367772542193,5.185137665209145,0.5606009386116649,-2.1418914206011297,0.7815235395676535,202605,1.6791191606003655,False,Q3
8001,일반한식,대구광역시,달서구,86295330000,2295087,37600.02561994382,1.412197841016785,0.08270410960101365,3.31347360816003,0.34872789927768527,-1.8402979792880334,0.5439016311844275,202605,0.23863547112340466,True,Q4_large
8001,일반한식,대구광역시,달성군,37089630000,1165622,31819.60361077605,2.350148236213078,0.19725058028066209,3.1381201192343195,0.36621146736530885,-0.7639967473813607,0.3479242879045543,202605,1.4078862753930044,False,Q4_large
8001,일반한식,대구광역시,동구,56818250000,1584656,35855.25817590695,1.8663399749244858,0.13144017370199657,2.9989981474249006,0.32284883495451866,-1.0996788249136409,0.4345682429783727,202605,0.9627806806429325,False,Q4_large
8001,일반한식,대구광역시,북구,62256560000,1740038,35778.85080670652,2.2555568218949644,0.20565653804058776,3.9037972749226553,0.46411101834785096,-1.5863139714389098,0.5401298243312666,202605,1.3883818423464533,False,Q4_large
8001,일반한식,대구광역시,서구,26935200000,737069,36543.66144824975,3.0455890237741023,0.27782668644389097,4.71575766105011,0.5380356027725659,-1.5949544505824385,0.7546654644972962,202605,1.3725131212160944,False,Q3
8001,일반한식,대구광역시,수성구,70203250000,1652191,42491.00134306506,0.15660054214824135,0.00133387999494792,1.8077250408003176,0.15420551544004746,-1.6218066929502295,0.4416805033922891,202605,-0.9564858197689107,False,Q4_large
8001,일반한식,대구광역시,중구,38814040000,1184160,32777.69895960006,-0.17560323297284225,0.0018593451965493266,1.2911417199593287,0.08947716632606327,-1.4480485934172413,0.7264851625691126,202605,-1.2780896250179308,False,Q4_large
8001,일반한식,대전광역시,대덕구,14153490000,392671,36044.14382523792,2.687578641570843,0.34056418443468334,3.2883000780355305,0.45014433133486825,-0.5815967888045542,0.27917386278503387,202605,1.7786776909892288,False,Q2
8001,일반한식,대전광역시,동구,18669780000,580178,32179.40011513708,3.540101805680846,0.38958589414352296,4.6670020468044,0.5585183696174661,-1.0766528314431958,0.586171508663581,202605,2.624893739361579,False,Q2
8001,일반한식,대전광역시,서구,37946700000,991199,38283.63426516774,1.6850369660957951,0.16271703264013607,2.4446065039100215,0.3379491360964898,-0.741444145998272,0.29843178717157265,202605,0.3985627386503961,False,Q4_large
8001,일반한식,대전광역시,유성구,35339610000,955371,36990.45711037911,2.445863614263559,0.2515021171759127,3.8810343289251725,0.4136622950271333,-1.3815521995259883,0.4678514489886458,202605,1.6994365952836563,False,Q3
8001,일반한식,대전광역시,중구,23464610000,644925,36383.47094623406,2.1395925670482803,0.24653185993896118,3.215260596703171,0.4517511274495752,-1.0421598738755253,0.5481180090292642,202605,0.9397100934015048,False,Q3
8001,일반한식,부산광역시,강서구,28402190000,808485,35130.13846886461,1.781013337430197,0.1522170692182727,2.707792770781493,0.4117048478281394,-0.902345779564794,0.1859236490836287,202605,0.21079681919289575,True,Q3
8001,일반한식,부산광역시,금정구,38577140000,1115905,34570.272559044,5.02807844539249,0.47766501363190755,6.39310733677455,0.6414169632464544,-1.283005004319766,0.42363494319849104,202605,3.5675204557103526,False,Q4_large
8001,일반한식,부산광역시,기장군,44913160000,982663,45705.55724597344,3.036800680793694,0.17533610755615972,5.07115306822208,0.4880025202142248,-1.9361664243919583,0.4641198189552527,202605,0.042933496486776274,True,Q4_large
8001,일반한식,부산광역시,남구,42573730000,1250407,34047.89800440976,3.3936143324221177,0.33261454302478777,5.555587577457029,0.6073176468409162,-2.04818455815847,0.5372888674360652,202605,1.8140216030699323,False,Q4_large
8001,일반한식,부산광역시,동구,22340280000,742387,30092.49892576244,4.959277544485523,0.515482655857638,5.9386098254752735,0.6434719054915509,-0.9244337665021933,0.5225945993947343,202605,3.643588090790611,False,Q3
8001,일반한식,부산광역시,동래구,58365510000,1559674,37421.60861821124,3.243550511874134,0.33643359317956356,5.253729319512557,0.6061207295157739,-1.9098409345061715,0.683446053702324,202605,1.5512664125673084,False,Q4_large
8001,일반한식,부산광역시,부산진구,92002820000,2691241,34186.02050132262,3.2189535675107175,0.30675676549847025,4.676840610174518,0.5235813851358316,-1.3927503296484862,0.6071495351967828,202605,1.352924751455104,False,Q4_large
8001,일반한식,부산광역시,북구,39277060000,1088289,36090.65239104686,4.9971883113877515,0.4219668819796356,6.897928673282401,0.6143669341817901,-1.7780890476409117,0.6565072966851693,202605,2.88174357441486,False,Q4_large
8001,일반한식,부산광역시,사상구,38295270000,1115582,34327.61554058778,4.027458618268218,0.4071680254502947,5.487602583709449,0.6013626717911926,-1.384185373141395,0.6341265919397435,202605,2.6022948066772966,False,Q4_large
8001,일반한식,부산광역시,사하구,45218700000,1268306,35652.83141450091,5.638032947630696,0.5037422276616519,7.002495809750016,0.6490720496083676,-1.2751691928245334,0.44494285027847874,202605,3.8092199382850143,False,Q4_large
8001,일반한식,부산광역시,서구,16878030000,477699,35331.934963229985,7.536709926171362,0.595553904204174,8.779574018133577,0.7108297359619188,-1.1425528213183613,0.27686889707669315,202605,5.961435944792344,False,Q2
8001,일반한식,부산광역시,수영구,44978530000,1116590,40282.046230039676,2.407316641452829,0.21095818090822804,4.40251598911939,0.5249765337589248,-1.9110644305493314,0.7587230658153652,202605,0.3719158147401686,False,Q4_large
8001,일반한식,부산광역시,연제구,40046890000,1054109,37991.22291907194,3.003976862542629,0.3275626081137002,4.639470037974946,0.5508976910297146,-1.5629792226955614,0.6301336015723201,202605,1.539836678828929,False,Q4_large
8001,일반한식,부산광역시,영도구,17552400000,456741,38429.65707041846,6.657799513805225,0.5400709459313299,8.376248078172425,0.6824523637002111,-1.585632087141119,0.5615056118309532,202605,4.783289287917223,False,Q2
8001,일반한식,부산광역시,중구,31044770000,825334,37614.7959492763,3.8093712001402484,0.3453360769219814,5.51737485482875,0.5381559313733179,-1.6186942264611932,0.8142905256763482,202605,1.8503596316749276,False,Q3
8001,일반한식,부산광역시,해운대구,68273330000,1762793,38730.20258192539,2.93157022864639,0.22580946708941116,4.242768830375984,0.45165733936530333,-1.2578317099991083,0.38613176745931344,202605,0.5527650373442942,False,Q4_large
8001,일반한식,서울특별시,강남구,108268040000,3078554,35168.47195144214,-0.30720014682668717,0.009120893867362456,-0.02655869772111663,4.7205545143997136e-05,-0.2807160036204117,0.037842398574372646,202601,1.4840667930719116,False,Q4_large
8001,일반한식,서울특별시,강동구,36790440000,1116562,32949.751110999656,0.8126759100905888,0.054099249240455866,1.2372368753644576,0.1341594234223664,-0.4193723360867062,0.07589431893871537,202605,-0.23728082391398395,True,Q4_large
8001,일반한식,서울특별시,강북구,27118660000,752766,36025.35183576304,1.2955296544836243,0.11595207058113917,2.0900816716038464,0.3129045968146604,-0.7782852203763146,0.1994693916648611,202605,0.08385433352003563,True,Q3
8001,일반한식,서울특별시,강서구,50297370000,1529093,32893.59770792228,0.3769265515510468,0.011632262059069394,0.5717959418681476,0.03261629886321315,-0.19376147009423864,0.018497779898692307,202605,-0.48916864074191047,True,Q4_large
8001,일반한식,서울특별시,관악구,41270360000,1374148,30033.417070068142,0.9712280128326185,0.06333807916229657,1.6880303748929584,0.1322063007648927,-0.7049033789106962,0.1363582210598082,202605,0.32683437172109375,False,Q4_large
8001,일반한식,서울특별시,광진구,37497630000,1123124,33386.90117921084,1.0788035196085202,0.07393119965760475,2.044258141674997,0.19334698955679783,-0.9461136174130058,0.33573076264948226,202605,0.47416814552305997,False,Q4_large
8001,일반한식,서울특별시,구로구,36744400000,1140799,32209.35502222565,0.6103895793297425,0.02377629826965749,1.26597834058917,0.10370134575529395,-0.6473929072748128,0.10006120155895165,202605,-0.3038841052460256,True,Q4_large
8001,일반한식,서울특별시,금천구,24127880000,901622,26760.527138867506,-0.15903502157868094,0.003384109641163985,0.723791490852952,0.03683384735523155,-0.876482605911211,0.19823069249593825,202601,0.759766174695914,False,Q3
8001,일반한식,서울특별시,노원구,33174660000,994047,33373.33144207467,0.959199596962087,0.06682253082139321,1.678950430858718,0.16912830921399938,-0.7078661127467866,0.12625526790880132,202605,-0.08502750103795458,True,Q4_large
8001,일반한식,서울특별시,도봉구,19373720000,557034,34780.13909384346,3.3056776344570085,0.4738156178693884,2.964567857804362,0.4433758429849865,0.3312885041422142,0.05669324407955859,202605,2.7197131612853513,False,Q2
8001,일반한식,서울특별시,동대문구,35526070000,1101274,32259.06540969822,2.0310885264338006,0.18854650689733896,2.9182779376479533,0.32255774478614524,-0.862032895412064,0.23048331995615678,202605,1.593478289820388,False,Q4_large
8001,일반한식,서울특별시,동작구,31080580000,980474,31699.545321956524,0.8580358716053023,0.04963869869555494,1.6449636832967633,0.13137775949185676,-0.7741926241848478,0.19188012197718374,202605,0.20868190300201542,True,Q3
8001,일반한식,서울특별시,마포구,57633280000,1681859,34267.60507272013,-0.2582377059146975,0.00641667014521848,0.5769493724360477,0.028193226628022563,-0.8303961131869545,0.3113638592089184,202605,-1.0506913357630066,False,Q4_large
8001,일반한식,서울특별시,서대문구,26630610000,883069,30156.884682850377,1.475805191405148,0.10534270192202212,2.321173422436323,0.16467207973267192,-0.8261909072729794,0.16410574955479032,202605,1.1243448738043238,False,Q3
8001,일반한식,서울특별시,서초구,67486720000,2036078,33145.44924113909,0.716752331069403,0.03947606787663704,0.4056421185725444,0.014936574857996168,0.3098533169376166,0.12138266975317161,202603,0.7794251677916184,False,Q4_large
8001,일반한식,서울특별시,성동구,30243830000,927300,32614.935835220534,1.372555915450154,0.12711291603911337,2.040461440860177,0.21552347606906486,-0.6545496913467965,0.13355258046668417,202605,0.702145538216909,False,Q3
8001,일반한식,서울특별시,성북구,29453850000,876551,33601.98094577497,3.0403597361140813,0.33699731035052877,3.4308360147559025,0.31542223071816494,-0.37752404765065306,0.035009716894244515,202605,2.87961149104836,False,Q3
8001,일반한식,서울특별시,송파구,63887300000,1762331,36251.58951411511,1.594475795579765,0.15419137465385147,1.9077480066224322,0.20864721733862748,-0.30740764777008744,0.04511770348149695,202605,1.155513526923532,False,Q4_large
8001,일반한식,서울특별시,양천구,27178180000,826557,32881.192706613096,1.0231310563875253,0.07795226869805365,1.0502363199089764,0.09424352470492914,-0.026823552827378087,0.00047463074266645424,202605,0.15698876532051054,True,Q3
8001,일반한식,서울특별시,영등포구,67016040000,1854063,36145.50314633321,0.9299568158896937,0.06556064153578137,1.4537976246994977,0.13562036586664183,-0.51633435226119,0.10922267949629745,202605,0.5569602286989346,False,Q4_large
8001,일반한식,서울특별시,용산구,33910100000,874458,38778.42046158878,0.6689009417964049,0.039225071818579475,0.8115379440626841,0.06250941534092083,-0.14148876723363774,0.019131793106490356,202605,-0.08780209595513352,True,Q3
8001,일반한식,서울특별시,은평구,30347670000,908106,33418.642757563546,1.2595059729169633,0.10240297603046498,1.3372225289651647,0.13690187930647027,-0.07669102636595153,0.003070802241956339,202605,0.32198503959073826,False,Q3
8001,일반한식,서울특별시,종로구,67489800000,1979603,34092.59331290163,1.90669902780311,0.20919697622487615,2.2693398438527015,0.24665880244200672,-0.3545938759390403,0.08434777064136292,202605,1.4880976223726776,False,Q4_large
8001,일반한식,서울특별시,중구,64368220000,1875957,34312.20438421563,1.3581358533778893,0.16902364795991578,1.5593902450665194,0.17302443038636459,-0.1981642378936649,0.04080415647880626,202605,1.3609251876438835,False,Q4_large
8001,일반한식,서울특별시,중랑구,30398270000,870894,34904.67266969344,1.614312408913459,0.12964862848643008,2.0906093094977427,0.24059896407608178,-0.4665433028618566,0.08860908259242672,202605,0.41414647232774227,False,Q3
8001,일반한식,세종특별자치시,세종특별자치시,25048230000,692566,36167.28225179983,2.4776425210098516,0.23435127431793049,3.299463460840378,0.36762323318398193,-0.7955713537099179,0.43213167529968993,202605,1.5342400749715872,False,Q3
8001,일반한식,울산광역시,남구,46454650000,1134791,40936.74518039005,0.9033632898730045,0.0665735692666685,2.2120278147423003,0.335894401741848,-1.2803429819836853,0.7048260211307309,202605,-0.317056883494827,True,Q4_large
8001,일반한식,울산광역시,동구,22531960000,522722,43105.053929239635,2.9693002151955006,0.29595034690813915,4.574232045428534,0.49349248838918613,-1.5347297310639754,0.8741950080343884,202605,1.2549247603485338,False,Q2
8001,일반한식,울산광역시,북구,28322420000,632775,44759.069179408165,1.0434661837892636,0.057827842748431266,2.5298435989491592,0.27821511986090086,-1.4497022164336304,0.8852554715048635,202605,-0.7440776235835362,True,Q3
8001,일반한식,울산광역시,울주군,31954260000,850481,37571.985735131064,4.059541773498486,0.3960990582033775,4.752873520846275,0.5605212802884956,-0.6618737262703972,0.26617818737054316,202605,2.406008841161018,False,Q3
8001,일반한식,울산광역시,중구,20395950000,537152,37970.537203622065,0.9651139538226297,0.06551090568931241,1.3801515881139157,0.14253896334403854,-0.4093874666685312,0.2934757581567196,202605,-0.40866412588926543,True,Q2
8001,일반한식,인천광역시,강화군,10903850000,224248,48624.067996147125,4.659193761794919,0.3333139040486759,4.506812895739825,0.366538652581457,0.1458095045029617,0.029823402979936638,202605,3.078684432521234,False,Q2
8001,일반한식,인천광역시,계양구,26060210000,683094,38150.25457696891,-1.6715741568567053,0.14985272337271735,-1.1832281741906319,0.10992594785321755,-0.494193418427893,0.15780971229572752,202605,-2.9898523685544967,False,Q3
8001,일반한식,인천광역시,남동구,44252980000,1189118,37214.961004711055,-1.1845982081412614,0.08189029766675644,-0.27999970552515224,0.004781397444402979,-0.9071384877103787,0.3112522362478896,202605,-2.0831037914749087,False,Q4_large
8001,일반한식,인천광역시,동구,3854200000,107306,35917.84243192366,-0.33804890822924744,0.0036589752335569312,1.2894988369298883,0.06451059797360757,-1.6068277203932086,0.569117410724783,202604,-1.1071330353080753,False,Q1_small
8001,일반한식,인천광역시,미추홀구,32598410000,944675,34507.53963003149,-0.9872088324343445,0.05905313053376567,0.6161126583792977,0.017934986756198718,-1.593503712727732,0.5657204655526443,202603,-1.5588707746064077,False,Q3
8001,일반한식,인천광역시,부평구,42716050000,1194335,35765.55154123424,-1.962002233310312,0.2384016920342151,-0.8956169741388439,0.06475505793051625,-1.076022297513543,0.42754579248184366,202601,-1.5832995876976186,False,Q4_large
8001,일반한식,인천광역시,서구,44085670000,1182143,37293.009390572886,-1.6255460353464684,0.14659220766444478,-0.8535833996986097,0.04788178348051698,-0.7786087103480119,0.244431768222544,202603,-2.3904385435525874,False,Q4_large
8001,일반한식,인천광역시,연수구,39083720000,890411,43894.021974122064,-1.4764440588602545,0.11613540527916522,-0.8389522614915237,0.044535486717012254,-0.6428852981160822,0.05826450757720254,202605,-3.254591555282139,False,Q3
8001,일반한식,인천광역시,옹진군,3182330000,56467,56357.341456071685,11.651569192486514,0.7286215765671072,11.121499221210259,0.749046648004369,0.4770183762739099,0.1710169527741869,202605,11.5945852720338,False,Q1_small
8001,일반한식,인천광역시,중구,31861500000,927719,34343.91232690071,-0.3258960577252386,0.0074078233174575325,-0.2188217383021943,0.0068221572475369785,-0.10730913513793547,0.0038166858742347564,202605,-2.150787686495688,False,Q3
8001,일반한식,전라남도,강진군,4147970000,76903,53937.687736499225,4.09646387936611,0.26826156849731114,3.3701089610371535,0.30883614737944837,0.7026740376201892,0.12001044080855709,202604,4.189274336900865,False,Q1_small
8001,일반한식,전라남도,고흥군,6030970000,121433,49665.00045292466,3.002740281776394,0.38127785981025697,2.8886672945295464,0.37577275476533695,0.11087031278218182,0.03577338382373345,202605,2.3699260836788567,False,Q1_small
8001,일반한식,전라남도,곡성군,2890480000,99101,29167.0114327807,15.786233793931373,0.6020143769793433,11.336186415855282,0.5116848105894665,3.996946115483525,0.7101875355490797,202605,13.699705512711343,False,Q1_small
8001,일반한식,전라남도,광양시,19008180000,528796,35946.14936572894,1.2925968392377314,0.10087074690181563,1.8163987951918716,0.23629120019271618,-0.5144573586891548,0.3138161394054932,202605,0.48321307833135735,False,Q2
8001,일반한식,전라남도,구례군,3227700000,69580,46388.32997987927,6.474795489100998,0.1118719266489741,6.595685717909716,0.10462645357115306,-0.11341005782225105,0.003969440254922315,202603,10.017652826643085,False,Q1_small
8001,일반한식,전라남도,나주시,13069270000,311345,41976.810290834925,4.087114732737184,0.5173988509439421,3.0077927404218987,0.3708837007835514,1.0478061548558493,0.4800127335475023,202605,3.7021122015560506,False,Q2
8001,일반한식,전라남도,담양군,13882440000,283997,48882.3473487396,3.297972601804001,0.21878490922343058,3.412650604493351,0.2746679100807695,-0.11089359185650963,0.00398343503475386,202605,0.8369338872391641,False,Q2
8001,일반한식,전라남도,목포시,38620320000,806681,47875.57907028925,2.4725374398533706,0.15081402403285527,4.072125630157187,0.32988867070656297,-1.5369996342616468,0.7466539203599837,202605,0.003960812235637785,True,Q3
8001,일반한식,전라남도,무안군,8742430000,186769,46808.78518383672,3.7767255394449943,0.5001564488037512,3.0843709821694776,0.45882612574564696,0.671638727266691,0.25412441655289547,202605,3.4694458233652554,False,Q2
8001,일반한식,전라남도,보성군,4656180000,120921,38505.96670553502,6.216974494632045,0.5488912789269507,4.861733261080729,0.5581322444234122,1.2924078130361585,0.411698478389044,202605,4.878653670240149,False,Q1_small
8001,일반한식,전라남도,순천시,31109000000,722791,43040.104262504654,2.453276907855918,0.2567072950201971,2.150018291174445,0.27761126720656576,0.2968757340963784,0.045772574574874436,202605,1.8621204742190514,False,Q3
8001,일반한식,전라남도,신안군,2141430000,45316,47255.49474799188,10.097375919355764,0.7205066695378235,10.018210636911194,0.596609530575699,0.07195652609346764,0.00039251684601878815,202605,11.519981876859681,False,Q1_small
8001,일반한식,전라남도,여수시,44811290000,958276,46762.40456820373,1.141174661772899,0.0868076655694949,1.5569870685842555,0.20181095244449315,-0.4094375176082581,0.1266448208913531,202605,-0.5517330560039984,True,Q3
8001,일반한식,전라남도,영광군,4969930000,90774,54750.58937581246,6.019375243628514,0.6606905484203303,5.67147217720042,0.730038378470995,0.32923083142507664,0.04541419366327147,202605,6.126644401802018,False,Q1_small
8001,일반한식,전라남도,영암군,5603020000,128300,43671.23928293063,4.103618771498456,0.4004270283052907,3.29269522857304,0.30100576008086083,0.7850734663578431,0.18829324791207033,202605,4.70597639994711,False,Q1_small
8001,일반한식,전라남도,완도군,5562640000,103287,53856.14840202542,2.1265216620444978,0.11129882757259682,2.286265941786296,0.19013288755017652,-0.15617373287705538,0.009690826344155244,202605,0.9421172653919093,False,Q1_small
8001,일반한식,전라남도,장성군,5121290000,175124,29243.792969553004,5.690879747651161,0.5806367025014632,4.30747658708692,0.5914478844413071,1.3262742095090607,0.41598156071426456,202605,5.78312192266533,False,Q1_small
8001,일반한식,전라남도,장흥군,3829300000,94111,40689.18617377352,1.7408785102787663,0.15129672567494468,2.4423566596835977,0.4678356259283727,-0.6847540141380694,0.12445798791344127,202605,0.7911503330663412,False,Q1_small
8001,일반한식,전라남도,진도군,3275520000,57126,57338.51486188426,2.438081427409071,0.21236066586974284,2.362833409430136,0.2784641851239137,0.07351107376829624,0.0053925922408308135,202605,1.8827701903846579,False,Q1_small
8001,일반한식,전라남도,함평군,3409970000,128004,26639.558138808163,5.393399795638013,0.40215407539946646,3.891583907651154,0.37071951759363553,1.4455606811441681,0.2558440873681853,202605,4.108922145571087,False,Q1_small
8001,일반한식,전라남도,해남군,7335960000,140943,52049.12624252358,2.9417133521832253,0.38073919956273006,2.6107666826659717,0.38093475816647454,0.322526261343276,0.15110697112622629,202605,2.5347276876387643,False,Q1_small
8001,일반한식,전라남도,화순군,9127080000,212644,42921.87882094016,5.360723814071446,0.5342179493360931,5.257636837483911,0.520794525989911,0.09793776459827634,0.005786727706361385,202605,5.7881827409679145,False,Q2
8001,일반한식,전북특별자치도,고창군,6203240000,192406,32240.36672453042,10.302582342819047,0.6618075323394339,7.5972875801423045,0.6261041111831067,2.5142778442827822,0.3499518812358114,202605,10.578630359868749,False,Q2
8001,일반한식,전북특별자치도,군산시,29239740000,688929,42442.31263308701,1.9183961236577518,0.21940250373938705,2.4731962711547606,0.3816950660030629,-0.5414100151896639,0.11810583643718997,202605,0.8913908886040434,False,Q3
8001,일반한식,전북특별자치도,김제시,5733160000,142827,40140.58966441919,2.4015813837317115,0.26395735644968227,3.221236421568461,0.4899952219888379,-0.7940759733676495,0.3280534034392254,202605,1.8019832937866762,False,Q1_small
8001,일반한식,전북특별자치도,남원시,8573390000,206000,41618.398058252424,6.24716757232642,0.43882693251753235,5.456953734838707,0.38259760001081206,0.7493235955541072,0.8331608788073468,202605,4.899145454428584,False,Q2
8001,일반한식,전북특별자치도,무주군,2728220000,87203,31285.850257445272,-6.690387724686106,0.2066420349764038,-5.097617162437917,0.18610623932829337,-1.6783251533045804,0.17046879882543908,202601,0.5757969746288154,False,Q1_small
8001,일반한식,전북특별자치도,부안군,5783430000,111883,51691.767292618184,6.347055901567643,0.5386692241605605,6.001648314482977,0.5959404420807477,0.32585114720100183,0.07278654932535983,202605,5.132288559994267,False,Q1_small
8001,일반한식,전북특별자치도,순창군,3046090000,67724,44977.998936861375,11.369839638620968,0.7061884572553098,13.009646780016112,0.7414965704367718,-1.4510328880040118,0.5041212828099274,202605,13.365152780115027,False,Q1_small
8001,일반한식,전북특별자치도,완주군,9887010000,308771,32020.5265390856,3.95764465065312,0.4275311959428334,4.018133357678382,0.5588617165406347,-0.05815207894308258,0.0020796474838454065,202605,3.3820869572715773,False,Q2
8001,일반한식,전북특별자치도,익산시,19211500000,478360,40161.175683585585,2.7200137870833383,0.3217258060498026,3.46952332078354,0.4506294471319049,-0.7243771012422341,0.16636697666105513,202605,1.6900619078987762,False,Q2
8001,일반한식,전북특별자치도,임실군,3338880000,151195,22083.26994940309,8.421289045715822,0.5311084651888852,5.347503608263221,0.31386860602530725,2.917758211796438,0.3401492146789606,202605,7.422167131671453,False,Q1_small
8001,일반한식,전북특별자치도,장수군,2561480000,85167,30075.968391513146,13.988957481771221,0.705738562008696,9.51717070214092,0.7011427400155951,4.083183258808244,0.5366096710272784,202605,16.377352434989163,False,Q1_small
8001,일반한식,전북특별자치도,전주시 덕진구,25041640000,633431,39533.335122531105,1.8155423897164686,0.20864537761255544,2.853144907297488,0.40256652967460216,-1.0088194371851893,0.41852283593129747,202605,0.7352315538531539,False,Q3
8001,일반한식,전북특별자치도,전주시 완산구,34782100000,866552,40138.50294038904,1.1720549389669561,0.07016377614733552,2.0525464342950066,0.2101284919521141,-0.8627824842126276,0.5472757364304109,202605,-0.7491935514711908,True,Q3
8001,일반한식,전북특별자치도,정읍시,8066730000,215791,37382.14290679408,3.7268883594500166,0.4286938449881212,3.3343824479574646,0.478593410542377,0.37984057406082034,0.12740456914865306,202605,3.6390824938941204,False,Q2
8001,일반한식,전북특별자치도,진안군,2475490000,103956,23812.86313440302,9.613690460986685,0.5528277965160453,6.929097727397463,0.5006643135722822,2.510628809786936,0.3583442113065336,202605,10.661273855011409,False,Q1_small
8001,일반한식,제주특별자치도,서귀포시,60175530000,1349412,44593.88978310553,2.6964950407004653,0.403045392499447,4.023494726548948,0.6508530173604895,-1.2756730480328686,0.5576468327520977,202605,1.6708739865087356,False,Q4_large
8001,일반한식,제주특별자치도,제주시,150076730000,3774487,39760.82842516082,3.7799014526664747,0.6582869963279582,4.82375193006829,0.7645436529606835,-0.9958148398448906,0.4909417701396968,202605,3.397053334218519,False,Q4_large
8001,일반한식,충청남도,계룡시,2417340000,67806,35650.827360410585,3.19088525793732,0.4090672572198995,3.729596382481358,0.5422274187748422,-0.5193417725811574,0.21931293205807229,202605,2.7857933757101705,False,Q1_small
8001,일반한식,충청남도,공주시,17143810000,888486,19295.53194985627,5.6813996674969305,0.6568091890623207,4.024601548548446,0.3718417472795178,1.5926983562395611,0.28280205148050924,202605,5.329996152639895,False,Q3
8001,일반한식,충청남도,금산군,5081970000,173061,29365.19493126701,3.423920443467437,0.3836059569406479,3.1065587720077796,0.38806828649150854,0.3077996930936739,0.03429161739798126,202605,2.1796258093030962,False,Q1_small
8001,일반한식,충청남도,논산시,11876900000,354580,33495.68503581702,3.143929686560242,0.40489143673153544,3.0346534244514927,0.46201314754780953,0.10605777617227169,0.0033673470511532814,202605,2.4764774763773976,False,Q2
8001,일반한식,충청남도,당진시,19766630000,480089,41172.8450349831,4.601792198960755,0.4655671200083135,5.068688236845734,0.5914745072115607,-0.4443721966267352,0.22790706769029176,202605,4.615993299652671,False,Q2
8001,일반한식,충청남도,보령시,14436520000,278442,51847.49427169752,2.203084705711663,0.13275819773278455,3.5201731081452734,0.3618578547612016,-1.2723011978135372,0.5182508820872531,202605,0.18168524894405744,True,Q2
8001,일반한식,충청남도,부여군,4522880000,132173,34219.394278710475,7.936021000650424,0.7086865885958253,6.2846971589910705,0.6587012920986518,1.5536797730995415,0.48244066372788535,202605,7.782513666317907,False,Q1_small
8001,일반한식,충청남도,서산시,16841610000,395995,42529.855174939075,4.116927392427622,0.425235364254061,4.524980985437241,0.47172743039183357,-0.3903885838223414,0.15205313815026003,202605,4.2935634622022985,False,Q2
8001,일반한식,충청남도,서천군,5968650000,145772,40945.10605603271,5.365669202687705,0.5073450738536525,5.520910616734389,0.6629058073216372,-0.1471191000336884,0.0062207505735459015,202605,5.209711824324988,False,Q1_small
8001,일반한식,충청남도,아산시,33697880000,866271,38899.928544300805,2.769230115664076,0.27976804692891327,3.5833985961906816,0.3573554575998112,-0.7860028648997482,0.1606732487700894,202605,1.9181365976006286,False,Q3
8001,일반한식,충청남도,예산군,12455360000,357019,34887.106848655116,3.5993012300501155,0.443104884482906,2.4566222212392828,0.2417948993867836,1.1152807734998627,0.2544719425355943,202605,2.558667565196272,False,Q2
8001,일반한식,충청남도,천안시 동남구,26004170000,868015,29958.203487266925,3.774547918918257,0.4698947777700791,3.699780536519637,0.49747560497509624,0.07209984631768264,0.00655841755408732,202605,3.596449772024231,False,Q3
8001,일반한식,충청남도,천안시 서북구,37174030000,985335,37727.300867217746,1.33491534511569,0.11184776542236978,2.3300327761610036,0.301423861086476,-0.9724588217635735,0.5720504103599997,202605,0.4429078809477124,False,Q4_large
8001,일반한식,충청남도,청양군,3151250000,68377,46086.403322754726,10.237433085542095,0.5599224121314746,10.139512762628398,0.6238844882560832,0.08890571644775422,0.005033660966421545,202605,11.93313130346242,False,Q1_small
8001,일반한식,충청남도,태안군,10294420000,194285,52986.180096250355,13.876741306851395,0.682050949525785,12.877508532347786,0.7419654107242373,0.8852363836656312,0.12076664534732334,202605,14.390257502957631,False,Q2
8001,일반한식,충청남도,홍성군,9198130000,224841,40909.48714869619,1.2532162669387774,0.1275251760530051,2.7159935644661104,0.40432385763135326,-1.4240988640287189,0.8602552150131403,202605,0.17895975806401465,True,Q2
8001,일반한식,충청북도,괴산군,3826990000,101466,37716.96923107248,5.763722772517705,0.42505218635123804,5.5861162343727075,0.4198648212013776,0.16821012504214272,0.006601256215466128,202605,5.329115297801907,False,Q1_small
8001,일반한식,충청북도,단양군,4178230000,86128,48511.86605981795,13.161122815276052,0.7208869213010944,10.830794172037095,0.6811859503971534,2.102600329310738,0.3807592046500941,202605,12.915373359537213,False,Q1_small
8001,일반한식,충청북도,보은군,4157520000,181938,22851.300992645847,6.489619354457796,0.5980515450776515,6.668291483780559,0.7412659981658901,-0.1675025697302303,0.002931758494327433,202605,7.2035677008160794,False,Q2
8001,일반한식,충청북도,영동군,3311330000,100571,32925.296556661466,6.38360670434784,0.5118318260793064,5.676607468903673,0.6152074794791619,0.6690215104153516,0.10853320467606559,202605,6.257410473339902,False,Q1_small
8001,일반한식,충청북도,옥천군,5743770000,239696,23962.727788532142,5.881068912818666,0.6061091451805304,7.640430676583112,0.7032755721442429,-1.634480420327078,0.3008541714951134,202605,5.548194670884008,False,Q2
8001,일반한식,충청북도,음성군,10750360000,358874,29955.806216109275,4.26405926459142,0.7035976430665456,2.909729530087133,0.6339586948814333,1.3160366281094602,0.32182297738293014,202605,4.410041022418267,False,Q2
8001,일반한식,충청북도,제천시,14744120000,341268,43203.933565409,4.4082065298274005,0.493600983922175,4.694012139277629,0.5666458678616197,-0.2729913617886728,0.028234681110993313,202605,3.800987586246901,False,Q2
8001,일반한식,충청북도,증평군,3423860000,82800,41350.96618357488,3.961815636127694,0.6014779751659818,4.844965453996252,0.6684911207140928,-0.8423387942801359,0.75184824654262,202605,3.9606393714123964,False,Q1_small
8001,일반한식,충청북도,진천군,9054440000,234653,38586.50858927864,3.386221822055023,0.40856926250300574,3.3004158396787235,0.4027627072580342,0.08306450819078255,0.006325462429198095,202605,2.971464560607408,False,Q2
8001,일반한식,충청북도,청주시 상당구,21940670000,632060,34712.95446634813,3.2527376598483917,0.4855537666233437,3.4607464093103677,0.5403935823879767,-0.2010508880721127,0.12176921878139679,202605,2.7422206796984026,False,Q2
8001,일반한식,충청북도,청주시 서원구,17239540000,552372,31210.017886496782,2.3177931716198996,0.2645705784906667,2.4964117722167374,0.4319048270579174,-0.17426814998537363,0.011096843118322158,202605,1.3524784971159978,False,Q2
8001,일반한식,충청북도,청주시 청원구,22599990000,644170,35083.89089836534,1.4143828633380289,0.1634537460862155,2.2768197837151987,0.40356405138283813,-0.8432379127557346,0.46659899497644836,202605,0.4126212794327054,False,Q3
8001,일반한식,충청북도,청주시 흥덕구,32844800000,843524,38937.599878604524,0.9522885587570158,0.11396654400385936,1.1268786391165269,0.1373172745644269,-0.17264458540499106,0.0320865714703559,202605,0.15310523118914138,True,Q3
8001,일반한식,충청북도,충주시,25974380000,792643,32769.32995055782,2.722614563865288,0.24660574800317345,2.7144878838565516,0.3497068839204334,0.007911912113051155,3.121536675225518e-05,202605,1.228324216007278,False,Q3
8002,갈비전문점,강원특별자치도,강릉시,157530000,1749,90068.61063464837,-2.27352112283059,0.24694711194720168,0.231671001917801,0.010214953458707005,-2.499401735705322,0.39160708796534693,202602,-0.6427888093226695,False,Q4_large
8002,갈비전문점,강원특별자치도,동해시,9540000,133,71729.32330827067,14.081470563081735,0.44769286154425947,8.380879936725899,0.16594699852085418,5.259775183301638,0.3034818256340084,202606,13.135826594867975,False,Q1_small
8002,갈비전문점,강원특별자치도,삼척시,24740000,281,88042.70462633453,-0.5168953937273404,0.0006825163846729433,2.5375874481824425,0.026117954181421994,-2.9788908808229584,0.1351570072297265,202605,-9.49399720904067,False,Q1_small
8002,갈비전문점,강원특별자치도,속초시,25060000,330,75939.39393939394,22.381930703552534,0.8884560924155934,19.39023115542456,0.8086777868558067,2.505816027974073,0.16324969529846178,202606,27.168316054563256,False,Q1_small
8002,갈비전문점,강원특별자치도,원주시,80320000,1049,76568.16015252621,-4.963679317242022,0.22761883144421532,-2.9070048013675347,0.08854194812769375,-2.118252209304059,0.2127294083305045,202601,-3.5108119059404497,False,Q3
8002,갈비전문점,강원특별자치도,춘천시,113920000,1983,57448.31064044377,1.9702270761726828,0.0669445442881261,3.5252055894010867,0.19945349781117763,-1.5020289062701193,0.5322981109815061,202605,-1.1306614964436938,True,Q4_large
8002,갈비전문점,강원특별자치도,태백시,15410000,266,57932.33082706767,-5.081077452031935,0.13076147286194165,-3.2831587825758004,0.060086620440576916,-1.8589509818815357,0.17903902914247902,202603,-4.996762611733791,False,Q1_small
8002,갈비전문점,경기도,광명시,32670000,696,46939.65517241379,-9.12648697367892,0.6296155975737159,-8.016459840968885,0.5105905035321318,-1.2067671355014988,0.06857845819554573,202603,-10.288481710735166,False,Q2
8002,갈비전문점,경기도,수원시 영통구,388370000,2492,155846.70947030498,0.7441085908677378,0.0039976193328589565,1.210250942522547,0.023435361065790875,-0.46056831923035585,0.011031610087520273,202605,-4.810744461323905,True,Q4_large
8002,갈비전문점,경기도,안산시 단원구,61080000,1244,49099.67845659164,9.618812049486964,0.5410621238071367,1.6810574488968146,0.04996669578734206,7.806522473057018,0.7964134455413561,202605,7.528049820911395,False,Q3
8002,갈비전문점,경기도,안산시 상록구,31550000,497,63480.88531187123,4.771126100894152,0.13156253356779543,5.686182143580291,0.12560686667849452,-0.8658237284444487,0.08019295701176332,202605,3.044469270691327,False,Q2
8002,갈비전문점,경기도,안양시 만안구,16840000,397,42418.136020151134,6.364046883090421,0.18791463050266446,8.096564587907444,0.3511904983770561,-1.6027500146945637,0.06691638473777545,202606,4.895781522434097,False,Q2
8002,갈비전문점,경기도,여주시,20110000,265,75886.7924528302,17.79633454818216,0.9359133049497629,16.825969302968193,0.7781196967613622,0.8306074847942864,0.02831176302311124,202606,15.002047892126042,False,Q1_small
8002,갈비전문점,경기도,용인시 처인구,43780000,615,71186.9918699187,-5.282374414402819,0.5487262239436472,-0.268091297864593,0.0013260061690996735,-5.027762109230411,0.3638738661560663,202602,-4.135297129070804,False,Q2
8002,갈비전문점,경기도,이천시,8930000,216,41342.59259259259,13.851457835171585,0.4313618103760847,3.4735576855398396,0.07353137066449021,10.029519020859976,0.8615735183253547,202605,13.01340659705937,False,Q1_small
8002,갈비전문점,경기도,포천시,332270000,1920,173057.29166666666,12.961664367432245,0.3896407939094604,10.023998713663755,0.3657645213043534,2.6700226206227495,0.34544262799888314,202605,8.091101653803152,False,Q4_large
8002,갈비전문점,경상남도,거제시,265440000,3777,70277.99841143764,4.51872838521206,0.4073968740481176,4.137749333831333,0.35845882712030863,0.3658414492514413,0.04875630382572444,202605,2.6310780303085304,False,Q4_large
8002,갈비전문점,경상남도,거창군,46730000,621,75249.59742351047,10.088975729383261,0.5767753162104136,11.726966630925853,0.585713037573686,-1.466065848680451,0.12083590508343726,202605,9.224135828267354,False,Q2
8002,갈비전문점,경상남도,고성군,69030000,884,78088.23529411765,9.530654050490396,0.2503153215627503,10.783960486155776,0.30448400625694194,-1.1313067615252494,0.07824373409020105,202606,-1.7978938672252993,True,Q3
8002,갈비전문점,경상남도,김해시,412880000,4374,94394.1472336534,6.219006719465176,0.3852947187679625,9.068216847063344,0.4338807514021271,-2.6123193446844226,0.47739965453118244,202605,3.615702868591955,False,Q4_large
8002,갈비전문점,경상남도,남해군,22160000,422,52511.848341232224,31.682890918217606,0.44161746666109636,35.73137656899027,0.5850116929366705,-2.982719068435052,0.19319245574599017,202604,36.04400420371458,False,Q2
8002,갈비전문점,경상남도,밀양시,80130000,923,86814.73456121344,1.6308901976862116,0.05371799268319877,-0.5194527402426147,0.006054770974114767,2.1615712791707815,0.39919282034054426,202603,2.847613575741233,False,Q3
8002,갈비전문점,경상남도,산청군,51940000,652,79662.57668711657,-4.782719119162902,0.5630502565564938,-1.3157063983323405,0.0427174776709879,-3.5132365995595034,0.6998527324135938,202601,-3.9287045768399995,False,Q2
8002,갈비전문점,경상남도,양산시,20150000,406,49630.54187192118,-2.20550035366196,0.015611244986634363,-2.007270965712479,0.019934200034612302,-0.20228989426360958,0.0011562839451645926,202603,-2.7146522090041243,False,Q2
8002,갈비전문점,경상남도,진주시,116390000,1409,82604.68417317246,4.986206063841604,0.5395463583227805,5.837043090180012,0.7283262780464205,-0.8039123179333489,0.04634416528491955,202605,5.626213585347361,False,Q3
8002,갈비전문점,경상남도,창원시 마산합포구,300320000,3792,79198.31223628692,4.855050900006807,0.16538886930241464,7.931233065374071,0.4215161557960921,-2.8501315865668246,0.7150561798298256,202605,0.4138100327588723,False,Q4_large
8002,갈비전문점,경상남도,창원시 마산회원구,130640000,1585,82422.71293375394,4.497201149299196,0.18497526272399636,11.860465304220359,0.4818696053151751,-6.582543828059073,0.6197172317549381,202605,1.1371590684133615,False,Q3
8002,갈비전문점,경상남도,창원시 성산구,119910000,1497,80100.20040080161,2.7816207961509414,0.0654563774430379,4.037577700663214,0.12309048168167552,-1.2072146740342984,0.18078659231321031,202605,-1.1912340625017068,True,Q3
8002,갈비전문점,경상남도,창원시 의창구,323000000,3399,95027.94939688143,2.738752104744366,0.061382311666795315,6.893090224279906,0.31702534576017816,-3.8864421552590436,0.6915309393326816,202605,-1.4739953926164717,True,Q4_large
8002,갈비전문점,경상남도,창원시 진해구,42020000,808,52004.9504950495,6.163060650663887,0.12915937429644375,12.346791166164198,0.44003109508614713,-5.50414520193501,0.3558691349154239,202605,0.2465418703756715,True,Q3
8002,갈비전문점,경상남도,통영시,442900000,5064,87460.5055292259,-2.4142843443799618,0.05496163254426366,-2.8358815689134156,0.07484191824527292,0.43390217638050504,0.0432490050488154,202601,3.1258071633212556,False,Q4_large
8002,갈비전문점,경상북도,김천시,91880000,1170,78529.91452991453,0.5158822567280116,0.002330564674449674,0.8915863920055408,0.00756804902102803,-0.37238401011731115,0.050770447019555444,202605,-2.714688480540138,True,Q3
8002,갈비전문점,경상북도,문경시,34950000,529,66068.05293005671,4.8643612900468165,0.1417900453026024,4.614521261527242,0.2557803535047684,0.23881964521446805,0.0012989010476865352,202605,1.3593606551639805,False,Q2
8002,갈비전문점,경상북도,칠곡군,2880000,193,14922.279792746114,15.042687364383237,0.08369239119169106,5.686691946854904,0.02665102753382762,8.852576653863888,0.2788333049377554,202606,-16.33244782826423,True,Q1_small
8002,갈비전문점,광주광역시,서구,15600000,374,41711.229946524065,11.313363615590797,0.38636764841271093,8.610533021715824,0.403561137641605,2.4885529227027527,0.11110052624332273,202604,13.235334936519937,False,Q2
8002,갈비전문점,대구광역시,달성군,4410000,124,35564.51612903226,21.21951840751274,0.4636457502874147,14.644461090540029,0.6442402488989596,5.735172248557302,0.15621668354029444,202605,19.862910208371726,False,Q1_small
8002,갈비전문점,대구광역시,동구,10680000,197,54213.197969543144,10.981436701819845,0.17001162836633216,-3.3174122760743487,0.020674537384504737,14.789476900146822,0.782198622904154,202603,17.760305118746512,False,Q1_small
8002,갈비전문점,대구광역시,서구,6600000,296,22297.297297297297,28.848956217389084,0.6669323567577023,43.65217897917761,0.9025270902721146,-10.304906522813178,0.2926076111916946,202605,32.06529021121455,False,Q1_small
8002,갈비전문점,대전광역시,대덕구,17640000,208,84807.69230769231,-6.525278996126651,0.14119278248114658,-8.05328494260272,0.17670139261265558,1.6618385393347166,0.3051180189299492,202604,-8.860788310585498,False,Q1_small
8002,갈비전문점,대전광역시,동구,21080000,343,61457.72594752187,11.896379117623889,0.19241917066877925,12.743446589058763,0.2332756480629575,-0.7513230232550225,0.028276294018801135,202606,6.253249795952523,False,Q1_small
8002,갈비전문점,대전광역시,유성구,125980000,3332,37809.12364945978,43.823689911977745,0.9462930346548273,44.86489237994087,0.9613492519568944,-0.7187403730866394,0.08905471128702007,202605,50.09441092513826,False,Q4_large
8002,갈비전문점,대전광역시,중구,18510000,189,97936.50793650794,7.727406861209153,0.44714048368959114,5.482314792297706,0.4018356833314261,2.128406144036757,0.2101576108857048,202606,6.460866749915459,False,Q1_small
8002,갈비전문점,부산광역시,강서구,101010000,1207,83686.82684341342,2.535655010189318,0.05952061664280519,1.1114692722002768,0.01260370562906429,1.4085303558936875,0.21449824540366585,202605,-1.5726299189142163,True,Q3
8002,갈비전문점,부산광역시,금정구,95350000,1177,81011.04502973662,2.4347152710718123,0.20614528158985077,4.336838438738277,0.20925985732876273,-1.8230600007909197,0.16074941877845053,202605,0.7070106574196955,False,Q3
8002,갈비전문점,부산광역시,기장군,178260000,3986,44721.5253386854,5.135941930644869,0.23089695225706347,6.336817211065111,0.37075307417918996,-1.12931279298745,0.2636987264908932,202605,1.7922198992318488,False,Q4_large
8002,갈비전문점,부산광역시,남구,110350000,1677,65802.0274299344,6.381229872983068,0.32841422468030385,7.003308483960204,0.36693194888593383,-0.5813639034071323,0.03540348296870059,202605,2.9617552385107206,False,Q3
8002,갈비전문점,부산광역시,동구,349150000,4544,76837.58802816902,2.2125485655240396,0.05657356268635772,3.4776600574917325,0.17012146095298314,-1.2225938345193055,0.3763711800303608,202605,-1.1971003866708279,True,Q4_large
8002,갈비전문점,부산광역시,동래구,125210000,2062,60722.599418040736,7.221896601017945,0.48385354041177325,7.388345625335055,0.5213499187012328,-0.1549972889030965,0.025100825974949156,202605,5.418300782633705,False,Q4_large
8002,갈비전문점,부산광역시,부산진구,585970000,7937,73827.64268615346,4.188353802013225,0.6277457982919753,3.6263413506035658,0.5492411340895497,0.5423451644482572,0.1695720860161855,202606,3.4391980339406345,False,Q4_large
8002,갈비전문점,부산광역시,북구,639690000,7201,88833.49534786835,5.524641960302383,0.2461457497876851,5.544387517794536,0.2788133060932119,-0.01870829700799048,0.00022183976486245916,202605,2.016320674872999,False,Q4_large
8002,갈비전문점,부산광역시,사상구,120290000,2920,41195.20547945205,7.942587039970405,0.5503025631331843,13.563458968837319,0.7570139100095071,-4.949542731354599,0.9448670687965026,202605,5.769391283131354,False,Q4_large
8002,갈비전문점,부산광역시,사하구,167560000,3374,49662.12211025489,1.6800265750231493,0.1404460057737076,2.600387793923895,0.23430473002189578,-0.8970348345557257,0.05546215861790438,202605,0.2009529746009892,True,Q4_large
8002,갈비전문점,부산광역시,서구,41710000,739,56441.136671177264,2.36752945302273,0.20761279028763072,2.944815819893394,0.38233531859459574,-0.5607726452982543,0.00990209937547383,202605,2.12537161260786,False,Q3
8002,갈비전문점,부산광역시,수영구,38120000,683,55812.59150805271,5.126241650569787,0.10358853943078614,9.577932963019844,0.20381857661077452,-4.062580112687864,0.33598047085501487,202605,-0.12010564617603785,True,Q2
8002,갈비전문점,부산광역시,연제구,57950000,736,78736.41304347826,3.4674920086216954,0.4298398921583913,4.658513039392513,0.19467478694128298,-1.1380068340188938,0.015142412750083501,202606,1.3324730007522965,False,Q3
8002,갈비전문점,부산광역시,영도구,575550000,8630,66691.77288528389,6.3414093400556055,0.25316976275719577,6.790126675039499,0.30881521206625706,-0.4201861622931641,0.055295190610145456,202605,2.186381957160806,False,Q4_large
8002,갈비전문점,부산광역시,중구,79940000,983,81322.48219735504,7.786552068933538,0.45906698163040804,7.263952207503076,0.3953179738750216,0.4872092167734549,0.10227860501568263,202605,7.048376515674283,False,Q3
8002,갈비전문점,부산광역시,해운대구,445810000,4747,93914.05097956605,4.081409622150285,0.14830447164662508,5.833528032470834,0.31448884239201563,-1.6555419089713814,0.19736079712314392,202605,-0.332707251028572,True,Q4_large
8002,갈비전문점,서울특별시,강동구,13530000,518,26119.69111969112,-2.369703477011415,0.12038090983392798,-3.0151573847743314,0.1286698177447817,0.6655203951030553,0.08824815011694238,202605,-5.6561613817401994,False,Q2
8002,갈비전문점,서울특별시,강북구,14840000,401,37007.4812967581,11.578847893998567,0.12052594161296393,0.06180259280672275,1.5021626847630847e-05,11.509931864869062,0.35888627070555434,202601,37.4675936561968,False,Q2
8002,갈비전문점,서울특별시,관악구,20320000,834,24364.50839328537,2.6680456773884376,0.19936684222321743,6.985250478884157,0.6712951914992071,-4.035327096184923,0.5066363210033906,202606,-0.7615865970952143,True,Q3
8002,갈비전문점,서울특별시,서대문구,15560000,296,52567.56756756757,-4.554391095435795,0.09808231566022574,-5.114530361388999,0.07307212273124823,0.5903319739962359,0.01303003067548517,202605,-8.99631077982314,False,Q1_small
8002,갈비전문점,서울특별시,양천구,44720000,561,79714.79500891265,38.944938158060666,0.6467970876539081,41.44835366930618,0.6421709336295177,-1.7698442196777322,0.07472352334325685,202605,48.77811572974501,False,Q2
8002,갈비전문점,서울특별시,종로구,233600000,3110,75112.54019292604,3.7072099358241086,0.3270246891866229,2.546574217814905,0.16664646968487534,1.1318132535017043,0.2863457109836272,202605,3.7241519226148037,False,Q4_large
8002,갈비전문점,세종특별자치시,세종특별자치시,28450000,341,83431.08504398826,5.008287120099402,0.09021674704548005,6.18857797790454,0.18430482507373386,-1.111504533049442,0.02885883533694449,202603,6.57773594887186,False,Q1_small
8002,갈비전문점,울산광역시,남구,33740000,252,133888.88888888888,0.6883173284403238,0.0009501720633800519,3.4937767805724738,0.04412342615388389,-2.7107518339776897,0.10531949575711323,202602,11.131137459707466,False,Q1_small
8002,갈비전문점,울산광역시,동구,31460000,483,65134.57556935818,10.289304018079088,0.3162355751692382,7.333515166291758,0.28595206252485916,2.753835879881436,0.3683934889656535,202606,8.735036131078813,False,Q2
8002,갈비전문점,울산광역시,울주군,170060000,1473,115451.45960624576,4.251361000093098,0.12109254994088035,4.919531223572985,0.24221278028935525,-0.636840648912275,0.03989563540361616,202605,-0.4641143548219049,True,Q3
8002,갈비전문점,울산광역시,중구,36100000,419,86157.51789976134,-11.485126289637186,0.5090114498011596,-7.360543884586056,0.1714255811602254,-4.452295574698288,0.18943937598960855,202601,-10.357311745103335,False,Q2
8002,갈비전문점,인천광역시,강화군,25000000,826,30266.34382566586,47.82727691802631,0.9748362341124848,44.63153964296912,0.9777062612460101,2.2095714966085866,0.1928892557716514,202606,55.27807758057956,False,Q3
8002,갈비전문점,인천광역시,남동구,15620000,331,47190.33232628399,-17.241861221479272,0.6897032608950892,-12.186101500551569,0.6418139427659763,-5.757357101005439,0.19156162919310527,202603,-20.020196224267533,False,Q1_small
8002,갈비전문점,인천광역시,부평구,7340000,172,42674.41860465116,-10.74798119221931,0.19329475416248706,-5.112210659651514,0.022326498152049783,-5.939405451162019,0.20220621411449755,202604,-14.716058167827681,False,Q1_small
8002,갈비전문점,전라남도,광양시,76710000,914,83927.78993435449,8.771783439711621,0.5058007413568194,6.611148568723121,0.5230378054448376,2.0266500267518563,0.16878959617684217,202605,7.690742415111005,False,Q3
8002,갈비전문점,전라남도,순천시,17720000,196,90408.16326530612,5.505913335893915,0.09782862312026257,-1.533122465421161,0.01718232012806523,7.14863310136261,0.6334483310325908,202606,-0.8912655297067957,True,Q1_small
8002,갈비전문점,전라남도,여수시,73370000,588,124778.91156462584,-12.008893709739787,0.4158135988901074,-7.383958669004081,0.19903359878101418,-4.993665216381745,0.8052629775120455,202601,-9.080505609242229,False,Q2
8002,갈비전문점,제주특별자치도,서귀포시,23030000,212,108632.07547169812,15.91923301976811,0.25428562837919666,18.745680927183958,0.4276672392196565,-2.380253231398838,0.10988358345806037,202605,9.135973901347331,False,Q1_small
8002,갈비전문점,제주특별자치도,제주시,198720000,2374,83706.82392586351,11.582249446069254,0.8600622308561534,10.86474989035382,0.8763183599864233,0.6471845707720956,0.2061974840514225,202605,12.542164182576315,False,Q4_large
8002,갈비전문점,충청남도,당진시,26460000,620,42677.41935483871,13.600036112347317,0.13521515101984238,17.1427157662359,0.5038035929143384,-3.0242423788075534,0.029214046560978823,202606,4.419020934093341,False,Q2
8002,갈비전문점,충청남도,서산시,41020000,421,97434.67933491686,10.073463522996065,0.19095560094449765,16.070241388819433,0.3987697783833258,-5.1665076199290265,0.6997784730879347,202604,10.644245660606556,False,Q2
8002,갈비전문점,충청남도,천안시 동남구,50360000,686,73411.07871720116,7.148383119989692,0.41149189898761207,6.506859707736906,0.33353090223200915,0.602330604820364,0.09199930674531834,202605,5.831285867009969,False,Q2
8002,갈비전문점,충청남도,홍성군,20510000,255,80431.37254901961,22.969788113838945,0.5171242663043017,22.60920579461443,0.521337133761092,0.29409073885411013,0.12358871164827774,202603,34.870089348657814,False,Q1_small
8002,갈비전문점,충청북도,청주시 흥덕구,76720000,1307,58699.31140015302,-1.9992181185684668,0.10299884196556366,0.07130626710441187,0.0003743668997436274,-2.069049024049234,0.30463094333801577,202601,1.8057015495778934,False,Q3
8003,한정식,강원특별자치도,춘천시,18030000,218,82706.42201834862,-7.7409645358503125,0.13719089124242892,-4.417645105955801,0.049988112313079626,-3.4769172966898556,0.033117327728390135,202603,-7.7345711494583576,False,Q1_small
8003,한정식,경기도,시흥시,52000000,427,121779.85948477752,26.82090689404422,0.568921015265337,18.377913411242517,0.46063867548800036,7.132237120509882,0.6977252492322663,202604,34.98026991527954,False,Q3
8003,한정식,경기도,양주시,9160000,294,31156.462585034013,1.6712480203051563,0.03627947654609191,2.4316052308392253,0.24251248702113457,-0.7423072291218257,0.015041122400146812,202603,3.5569577376245816,False,Q2
8003,한정식,경기도,용인시 처인구,24510000,261,93908.0459770115,19.74325418782622,0.5173484611715142,17.647748027416995,0.6082653917905335,1.7811698018400595,0.07292204833925976,202605,14.233190767154657,False,Q2
8003,한정식,경상남도,밀양시,23530000,220,106954.54545454546,13.408263245026278,0.14524382197418512,7.659089253398545,0.06952099686042815,5.340165917710717,0.2766563546453305,202606,2.929520323215561,False,Q2
8003,한정식,경상남도,사천시,17590000,166,105963.85542168675,-10.533086269164164,0.09432988601188187,-9.937223895374556,0.11853587798738448,-0.6616078246326658,0.005582422231980347,202601,0.8217110528953294,False,Q1_small
8003,한정식,경상남도,산청군,22410000,216,103750.0,24.494235208915725,0.246721892602468,16.432599528118992,0.40854548260085793,6.923864719562347,0.08033504709205629,202604,22.663892967794848,False,Q1_small
8003,한정식,경상북도,포항시 북구,298770000,3825,78109.80392156863,13.286114583945114,0.6110657613603327,17.286304561485235,0.7902656211272395,-3.4106198438907054,0.6600876140391482,202605,10.459344597037767,False,Q4_large
8003,한정식,대구광역시,달서구,12600000,214,58878.504672897194,8.944194171141305,0.04067525786760178,7.3243090719913635,0.06267074199263763,1.5093366201531373,0.004514512909631818,202601,35.892155756969146,False,Q1_small
8003,한정식,대구광역시,중구,30940000,1014,30512.82051282051,6.2382352529507585,0.4843021733696438,9.645405942506411,0.8313129663801793,-3.1074450044374644,0.39307643501118444,202605,6.30605526355032,False,Q4_large
8003,한정식,부산광역시,기장군,206940000,2254,91810.11535048802,-1.4254663717540224,0.013954680833875842,0.2999836619659095,0.0006510411778302125,-1.7202894464420693,0.5867368062254237,202605,-8.031305523434806,False,Q4_large
8003,한정식,부산광역시,사상구,79450000,2602,30534.204458109147,0.845383312193421,0.11152305602279292,0.35027989427153683,0.01929907820292499,0.49337522370994413,0.2870729916884967,202605,0.26359434644132884,False,Q4_large
8003,한정식,서울특별시,금천구,17450000,347,50288.18443804035,13.975651374728077,0.40279475813094057,13.938516280018826,0.5118411516045618,0.03259222247370939,1.1373978040820801e-05,202606,9.694848385743429,False,Q2
8003,한정식,서울특별시,마포구,188760000,488,386803.2786885246,-5.068356036155063,0.03881193115387429,4.385645801262498,0.12466468333357192,-9.056802556375231,0.10091067918245814,202606,-21.093311544411833,False,Q3
8003,한정식,서울특별시,송파구,18890000,477,39601.67714884696,16.15189777826617,0.6652214843103849,10.623382646551303,0.49666210924907633,4.997600868325294,0.8405140748018208,202606,11.950660856744278,False,Q3
8003,한정식,서울특별시,영등포구,13460000,490,27469.38775510204,6.643020466051558,0.06215932545564987,5.476775533087174,0.05009197987041819,1.1056888372536096,0.02003476907869377,202604,5.893694615464824,False,Q3
8003,한정식,서울특별시,용산구,52440000,524,100076.3358778626,-1.1937581879796841,0.0015064215849203127,-0.17620881306898298,3.644393668886797e-05,-1.019345551608284,0.10519823889067875,202604,-4.183612912666799,False,Q4_large
8003,한정식,제주특별자치도,제주시,4580000,178,25730.337078651686,38.302174015811794,0.8349132314726346,41.66344553944924,0.9154387884181711,-2.3727162013022345,0.05724730903489675,202604,48.345996031982395,False,Q1_small
8004,일식회집,강원특별자치도,강릉시,5749280000,64549,89068.4596198237,3.382902600874117,0.17156932772802191,4.131912681863535,0.38498163211083136,-0.7192896602962815,0.09215277708759871,202605,0.8066735345293291,False,Q4_large
8004,일식회집,강원특별자치도,고성군,680410000,7222,94213.5142619773,17.81364284909336,0.7093597734630033,24.3202088695511,0.8371351876696588,-5.233715483284787,0.9281358724385259,202605,16.114924879456,False,Q2
8004,일식회집,강원특별자치도,동해시,924870000,13504,68488.59597156398,4.576186248924705,0.24934607022371877,3.2648233059810594,0.1689992391063377,1.269902858457406,0.19690082848652357,202605,1.7040745766730636,False,Q2
8004,일식회집,강원특별자치도,삼척시,1148040000,12012,95574.42557442558,13.074037396374097,0.5827375515981951,12.799256976743528,0.6526464616572951,0.24360126741549717,0.008517366215515725,202605,11.58652364879499,False,Q2
8004,일식회집,강원특별자치도,속초시,4754360000,48159,98722.14954629456,1.7330386977369776,0.04256094530422887,3.388400889980313,0.15965776501052117,-1.6011101612886298,0.5631290422334677,202605,-1.4531899416444811,True,Q3
8004,일식회집,강원특별자치도,양구군,48330000,1198,40342.237061769614,15.579724024389435,0.5980731617345773,26.213937922020637,0.7258578201168665,-8.425546395835736,0.5622424537911045,202606,14.521685297817367,False,Q1_small
8004,일식회집,강원특별자치도,양양군,978730000,8957,109269.84481411187,8.72703038868887,0.42301179080075973,11.04075824848584,0.5301858507294875,-2.0836744059504255,0.49771249271204254,202605,5.315252741596998,False,Q2
8004,일식회집,강원특별자치도,영월군,50840000,468,108632.47863247863,10.828811808148224,0.35107262157792685,7.171366749152612,0.29093479952125784,3.412707302274421,0.3590991369301373,202605,7.273681961016641,False,Q1_small
8004,일식회집,강원특별자치도,원주시,2804500000,46828,59889.382420773894,-0.31041843596230767,0.00763752411881835,2.3994382978531403,0.3863652655974209,-2.646358982881557,0.8802827323348364,202605,-1.6999767073814633,False,Q3
8004,일식회집,강원특별자치도,인제군,40950000,447,91610.73825503356,-3.891982490456621,0.26679239279450245,0.8458370004989098,0.013969115011660859,-4.698081380327137,0.26474923688856805,202604,-6.173750496939752,False,Q1_small
8004,일식회집,강원특별자치도,정선군,121140000,1774,68286.35851183765,0.8567231832088523,0.007568158926089519,3.323583886710255,0.24416105817969255,-2.3875098120930494,0.20761455619088176,202605,-4.079174688735741,True,Q1_small
8004,일식회집,강원특별자치도,철원군,123850000,1916,64639.87473903967,-4.03659296563372,0.3925961535285608,-1.3800758626640786,0.1401381939145364,-2.693692097420629,0.3618293765397039,202601,-0.7775592701396333,False,Q1_small
8004,일식회집,강원특별자치도,춘천시,2044350000,36097,56634.900407236055,2.224035097373721,0.2671163078749431,3.2309974345794807,0.504070571283545,-0.9754457112980008,0.10895427398324659,202605,0.8015646068970603,False,Q3
8004,일식회집,강원특별자치도,태백시,85470000,1289,66307.21489526765,0.6027883527730726,0.024130520809702728,3.468650782214041,0.6944495937753808,-2.769788151073095,0.7032615199170206,202605,-0.7657970777906672,True,Q1_small
8004,일식회집,강원특별자치도,평창군,119650000,1557,76846.49967886962,-12.542433289436266,0.416436805802854,-11.001402315632351,0.5237598421410925,-1.7315227586722122,0.10792415597949828,202601,-4.524260160460634,False,Q1_small
8004,일식회집,강원특별자치도,홍천군,411530000,6798,60536.92262430127,-5.726895858683215,0.1671103527396031,-10.069486699928122,0.24294937485546295,4.828829150296244,0.21904211084291184,202601,0.7618833458103116,False,Q2
8004,일식회집,강원특별자치도,화천군,86550000,1308,66169.7247706422,-2.310774514720938,0.05679127561240839,-3.131642826951165,0.08134493780813142,0.8474060427842345,0.05859789113112089,202601,5.60218983612512,False,Q1_small
8004,일식회집,강원특별자치도,횡성군,176070000,2481,70967.35187424425,15.65361483513367,0.6206692534784339,15.296871637103191,0.7081085252669567,0.30941272990763036,0.004555534519896329,202605,13.28811698544127,False,Q1_small
8004,일식회집,경기도,가평군,123660000,2237,55279.39204291462,-0.2414842996757224,0.001062213095220939,4.113682798714146,0.3876397513876308,-4.183088121865606,0.6586905842721469,202601,4.255187150897576,False,Q1_small
8004,일식회집,경기도,고양시 덕양구,2713390000,59772,45395.67021347788,0.4583843906960255,0.02592744132572517,2.7709202112721316,0.6360806445448658,-2.250184989899922,0.7652892882660806,202605,-0.8235282295685403,True,Q4_large
8004,일식회집,경기도,고양시 일산동구,3522760000,67854,51916.76246057712,1.8290280600540503,0.23707001519258053,3.294363569583459,0.6379678724610062,-1.4186016147360576,0.4085998520175807,202605,0.8789406293361388,False,Q4_large
8004,일식회집,경기도,고양시 일산서구,962930000,20548,46862.468366751025,-0.4644641114278426,0.008742355207638507,1.9763979688992177,0.12984508120811442,-2.3935558903261565,0.5678606551004001,202605,-1.9631389613192576,False,Q2
8004,일식회집,경기도,과천시,326480000,12405,26318.419991938736,10.488350735503953,0.8261201482592293,9.88056322970108,0.8061269413855721,0.5531346836403753,0.2068520103310826,202606,9.23469949547164,False,Q2
8004,일식회집,경기도,광명시,1958690000,47044,41635.27761244792,0.7525747901032576,0.07791420931984375,3.059304743933578,0.6411646332197473,-2.2382549150333877,0.7483410420115626,202605,0.08226041836143778,True,Q3
8004,일식회집,경기도,광주시,2346100000,46589,50357.38049754234,1.4760006705962743,0.13342833147318894,2.6455908963381356,0.33397594263726177,-1.1394451681056876,0.46444588381069296,202605,0.2858430866582792,False,Q3
8004,일식회집,경기도,구리시,1421270000,29942,47467.43704495358,0.46921149427519354,0.015678556969574372,2.916467369662387,0.4337183342777309,-2.3779050505076156,0.8657086153254804,202605,-0.7816390061309313,True,Q3
8004,일식회집,경기도,군포시,1832570000,41054,44638.037706435425,2.885358735766428,0.45137007987737926,3.0689110577674645,0.651313887067695,-0.17808699065251377,0.01040370667043225,202605,2.453568363994081,False,Q3
8004,일식회집,경기도,김포시,3058510000,61946,49373.80944693765,1.1122587385268201,0.06311130943507891,2.6098471273006574,0.4084396194682629,-1.459497729214869,0.45313797079614326,202605,-0.3680251531764425,True,Q4_large
8004,일식회집,경기도,남양주시,2660220000,61094,43543.064785412644,1.3153077267804685,0.09833145931607977,4.0768627117679355,0.6039018470549816,-2.6533803124286806,0.6310426961685675,202605,-0.312937519459193,True,Q4_large
8004,일식회집,경기도,동두천시,438330000,10078,43493.74875967454,0.12786389884090027,0.0008292227675443056,-0.49836212817878445,0.0066414468645343205,0.6293625315257998,0.0735171933573222,202605,-1.1783133701961241,False,Q2
8004,일식회집,경기도,부천시 소사구,913230000,18278,49963.343910712334,-0.28534329811554227,0.007204634342125616,3.0684406837779963,0.6633454999152756,-3.253938799931175,0.7216242436444613,202601,2.0112350500338256,False,Q2
8004,일식회집,경기도,부천시 오정구,606600000,10126,59905.19454868655,-0.4676828668398825,0.007879233634878956,1.8000745696239413,0.09209085991527627,-2.2276579325222725,0.6025473777684388,202605,-2.381692074405597,False,Q2
8004,일식회집,경기도,부천시 원미구,4535690000,95369,47559.37463955793,0.674882123856093,0.050984949734005074,2.850532901249547,0.39277921225045437,-2.115351973413985,0.45386759428060647,202605,-0.21295323780164704,True,Q4_large
8004,일식회집,경기도,성남시 분당구,10321620000,208903,49408.67292475455,-0.5224933851297505,0.02390713511524324,0.49943513580940674,0.0331207648860564,-1.0168500146872805,0.2006060688725141,202605,-1.8142871999414742,False,Q4_large
8004,일식회집,경기도,성남시 수정구,1636040000,41183,39726.10057548017,0.8869827364387376,0.05531177730672631,3.4491569490283718,0.451429928945427,-2.4767473106156555,0.7971571852550724,202605,-0.08026657433243756,True,Q3
8004,일식회집,경기도,성남시 중원구,1381820000,26757,51643.30829315693,-0.8276452771543692,0.08262231102860998,1.3319768949141848,0.14953453763266572,-2.131234619362217,0.8188886002972813,202605,-2.0761141028445294,False,Q3
8004,일식회집,경기도,수원시 권선구,1714720000,30272,56643.763213530656,9.377585157582148,0.9086675144163155,10.55182580296668,0.9092343218502901,-1.0621630505473179,0.2214276483370671,202606,8.366185999953748,False,Q3
8004,일식회집,경기도,수원시 영통구,3344720000,77831,42974.13626960979,0.7010410809493657,0.029798794060566534,2.580670342489437,0.3068485528054156,-1.8323425410114034,0.564297362177684,202605,-0.3256861888589962,True,Q4_large
8004,일식회집,경기도,수원시 장안구,1974950000,46632,42351.8184937382,0.3855709211820424,0.01609574827654186,2.9418228150759247,0.26599690559974887,-2.4832005340394727,0.42938237227085657,202605,-0.10584616095378882,True,Q3
8004,일식회집,경기도,수원시 팔달구,3899990000,84524,46140.62278169514,0.6592119434210599,0.055207885907130515,2.9697040831899932,0.40649526474802483,-2.2438562491180076,0.6577943249360707,202605,-0.28269889372675244,True,Q4_large
8004,일식회집,경기도,시흥시,3690210000,60255,61243.21633059497,4.436376443048388,0.44516658155881517,5.132873143460217,0.6144046558281206,-0.6624918349386504,0.1533463187565311,202605,2.986859360818296,False,Q4_large
8004,일식회집,경기도,안산시 단원구,3360240000,63135,53223.09337134712,0.026694980397110154,4.198532790715809e-05,1.9094395135901614,0.20820329946034852,-1.847468244530957,0.6950275754854718,202605,-1.6746088321068504,False,Q4_large
8004,일식회집,경기도,안산시 상록구,1276190000,26894,47452.59165613148,2.8512190008454126,0.3575073739252801,6.11108896280562,0.6778350227161384,-3.072129401200366,0.793446927706519,202605,2.8031437284763445,False,Q3
8004,일식회집,경기도,안성시,833550000,16110,51741.154562383614,3.128244569066337,0.42887663763362793,10.26058143916171,0.8163593889635861,-6.468618954300323,0.854667014983925,202605,2.547173059090282,False,Q2
8004,일식회집,경기도,안양시 동안구,3304800000,71617,46145.46825474399,1.1157172143158784,0.11245540437745857,2.6119476021399928,0.5078343580437114,-1.458144419620114,0.6784736011871623,202605,0.319803919160811,False,Q4_large
8004,일식회집,경기도,안양시 만안구,1253150000,27567,45458.33786774041,1.6843072664014425,0.19288239427837922,3.91343387791881,0.48846250958841686,-2.145176545831619,0.6255636801816276,202605,0.932451201426484,False,Q3
8004,일식회집,경기도,양주시,1397230000,27497,50813.90697166964,0.27442007388728196,0.0023656982256466006,3.1820711574980023,0.3213032391907814,-2.817980925361017,0.6671828470936718,202605,-2.122143059112848,True,Q3
8004,일식회집,경기도,양평군,455280000,7624,59716.68415529906,4.1015110456877535,0.3348149430483507,8.610990687892352,0.7304912635169721,-4.151955169217776,0.6840271173968308,202605,2.987770492240634,False,Q2
8004,일식회집,경기도,여주시,423460000,8475,49965.78171091445,9.590058664965031,0.7553138844407963,12.237646655604454,0.9209937846209905,-2.3589126015475106,0.4685967117450929,202605,8.548258468984164,False,Q2
8004,일식회집,경기도,연천군,78630000,1541,51025.30824140169,-4.8206504226370805,0.2602495772300625,-3.4161848607348224,0.22890632291712648,-1.4541417315904912,0.30021673433830093,202601,-2.372461989571143,False,Q1_small
8004,일식회집,경기도,오산시,1391620000,25166,55297.623778113324,0.6435010639711638,0.023150311350241388,4.629452264585015,0.4435874447645596,-3.8095881363636135,0.9300178654009089,202604,0.16385391289966678,True,Q3
8004,일식회집,경기도,용인시 기흥구,1801120000,42322,42557.53508813383,1.3811001863404873,0.19123709135777253,4.453075776254309,0.6666166093686957,-2.941010178095842,0.6868443483817926,202605,0.5742974288144835,False,Q3
8004,일식회집,경기도,용인시 수지구,1837860000,46240,39746.10726643599,1.4682299171471134,0.11655409825024438,5.067957161728938,0.6477047095864289,-3.4260942553978366,0.9279455996205158,202605,0.6330476835327303,False,Q3
8004,일식회집,경기도,용인시 처인구,1307600000,25573,51132.053337504396,1.261548549924857,0.13773782626488293,4.84486634913747,0.6823473438110568,-3.4177331938027558,0.7893497141301742,202605,0.20616617952945487,True,Q3
8004,일식회집,경기도,의왕시,716900000,17098,41928.880570826994,1.7112107218794779,0.30093554034001335,4.1060364305643136,0.6319849914995539,-2.300371612247563,0.607724645339487,202605,1.01166023841128,False,Q2
8004,일식회집,경기도,의정부시,3610270000,62033,58199.184305127914,0.4253622954345065,0.0024284174878266476,2.140765812688917,0.1443526025651367,-1.679450416888623,0.1509145122634291,202605,-3.797730140734605,True,Q4_large
8004,일식회집,경기도,이천시,1269360000,24535,51736.70266965559,0.4894768297021617,0.012401017605438073,2.518168321212887,0.2922945155532309,-1.9788604544263073,0.874550525075421,202605,-0.2941521129280723,True,Q2
8004,일식회집,경기도,파주시,2687900000,52707,50997.02126852221,-0.7113044443964536,0.0327955299019573,1.159464229147893,0.0951135120574555,-1.8493263955082586,0.752422640363003,202605,-2.418392920138341,False,Q3
8004,일식회집,경기도,평택시,4034380000,73832,54642.702351283995,2.741088472140614,0.3078749407214446,4.8675912813827775,0.621207525606733,-2.027797895668543,0.7835713905787356,202605,1.7223461474890547,False,Q4_large
8004,일식회집,경기도,포천시,412100000,7588,54309.435951502375,1.385180074483391,0.09987425697954862,3.895450745734303,0.4032347564754568,-2.4161507103851827,0.6744812869793009,202605,-0.17300874214281198,True,Q2
8004,일식회집,경기도,하남시,2572100000,52985,48543.92752665849,-0.003373656901602201,4.215232761974034e-07,0.7341726102865888,0.051080749697789925,-0.7321708692059834,0.07134300184924758,202605,-1.9434853324291141,False,Q3
8004,일식회집,경기도,화성시 동탄구,3320460000,69782,47583.33094494282,3.953880143687285,0.4468352350768796,4.81169957113007,0.5679182254645521,-0.8184386198800538,0.2594939851939387,202605,3.515018484505942,False,Q4_large
8004,일식회집,경기도,화성시 만세구,2240830000,36852,60806.197764029086,3.3204863162097613,0.3057191425676509,5.9731234035341085,0.6437214831730433,-2.503122491939167,0.8544555733892081,202605,1.7673660859854678,False,Q3
8004,일식회집,경기도,화성시 병점구,401620000,10641,37742.693355887604,10.7107316613123,0.8188971132759572,11.650949003056457,0.8753974962416194,-0.842104209717416,0.33229287432454513,202605,11.758356324828865,False,Q2
8004,일식회집,경기도,화성시 효행구,593180000,13329,44502.96346312552,0.9849304321636251,0.06954099578818095,2.584803200212238,0.2829510828035665,-1.5595611807395557,0.5258994445145243,202605,0.03536368572023778,True,Q2
8004,일식회집,경상남도,거제시,1760510000,20962,83985.78379925579,4.040539020181988,0.27768634256679775,5.409458979803324,0.377339666174239,-1.2986689931532838,0.12353642547268734,202605,2.0757061771086076,False,Q2
8004,일식회집,경상남도,거창군,200650000,3051,65765.32284496886,0.29420650869499454,0.1365144340899344,3.779523341403858,0.7860127819556507,-3.3583858554092765,0.7302734471501559,202604,0.38754096821204015,False,Q1_small
8004,일식회집,경상남도,고성군,495280000,4894,101201.47118921128,25.896725296360017,0.9037971368114345,22.637400156153628,0.8302070709858548,2.6576926256234334,0.5179748639333148,202606,19.890328268009807,False,Q2
8004,일식회집,경상남도,김해시,3571480000,69035,51734.33765481278,1.6127515803413948,0.06491885430126776,3.81980995814458,0.2687738260369344,-2.1258547657647697,0.732295632771654,202605,-1.0286454254863056,True,Q4_large
8004,일식회집,경상남도,남해군,591000000,6916,85454.01966454598,8.745989452276229,0.46071816680740596,9.84590615347926,0.6541255570607905,-1.001326985883506,0.10645271496172858,202605,9.826352777079407,False,Q2
8004,일식회집,경상남도,밀양시,282890000,4593,61591.552362290444,-8.489834524826207,0.7292549922298731,-4.882616798858538,0.5284760855176266,-3.7923853711782494,0.7597796590383673,202601,-10.078522347136648,False,Q2
8004,일식회집,경상남도,사천시,821660000,9926,82778.56135401975,2.939355215898985,0.1147355309186132,4.821581963691774,0.28214861366544297,-1.7956481027396953,0.12108814283275339,202605,0.7925723337925104,False,Q2
8004,일식회집,경상남도,산청군,115020000,1666,69039.61584633854,7.750620776835143,0.41323072315636555,12.8191776450868,0.5674325541805029,-4.492637665022348,0.5776650748646741,202605,6.061834392042033,False,Q1_small
8004,일식회집,경상남도,양산시,2038950000,35676,57151.8668012109,-0.9487739314756549,0.09245734452936608,0.7248172771719501,0.07725939311240126,-1.6615480215192004,0.7636415942572861,202601,0.49527316074915856,False,Q3
8004,일식회집,경상남도,의령군,43830000,444,98716.21621621621,-16.061786142403477,0.8550140545170719,-17.688606402837006,0.6870669631048409,1.9764217192036657,0.07656297137784464,202601,-14.902185362620521,False,Q1_small
8004,일식회집,경상남도,진주시,3881910000,61652,62964.867319794976,4.269521859406617,0.39563273320983566,5.139330819789716,0.5783831164318007,-0.8272917029250914,0.25178737433966697,202605,2.8062266913932885,False,Q4_large
8004,일식회집,경상남도,창녕군,126780000,1853,68418.78035617917,-8.181691802039344,0.45754969896089714,-7.15831751036782,0.6261397744986504,-1.1022789163540114,0.07264243387344994,202601,-7.336263948036703,False,Q1_small
8004,일식회집,경상남도,창원시 마산합포구,3486440000,48944,71233.24615887545,3.748254035251425,0.2230059819179501,6.7623145408053045,0.48002157003488455,-2.823150208495961,0.5836816235738235,202605,1.7946183397395015,False,Q3
8004,일식회집,경상남도,창원시 마산회원구,1240790000,20235,61319.0017296763,-1.6399954761182076,0.06240134436453428,1.9666474462780945,0.06285842351072604,-3.5370810090588636,0.778550797714477,202605,-5.201048099729035,False,Q2
8004,일식회집,경상남도,창원시 성산구,3400260000,55034,61784.71490351419,0.0300495105450732,6.10493932449493e-05,3.6693600990201234,0.37007989072644615,-3.5104977835292477,0.8713310267165171,202605,-1.8434796904058632,False,Q3
8004,일식회집,경상남도,창원시 의창구,1438510000,25412,56607.50826381237,2.855407486305424,0.26577460816062715,6.977825431963683,0.5824977997518288,-3.8535256526410198,0.6541779640037247,202605,1.4566626011058526,False,Q3
8004,일식회집,경상남도,창원시 진해구,1261120000,20345,61986.72892602605,-1.2981040661238417,0.04125307832654612,2.9389836711952593,0.1774680035571639,-4.1161157670383695,0.7872297015993979,202605,-3.632720214887101,False,Q2
8004,일식회집,경상남도,통영시,888440000,11075,80220.31602708803,10.490720545897467,0.5014593133129692,6.561877472834615,0.45016775272199683,3.6869123989153056,0.3885981789788053,202605,8.982724869713406,False,Q2
8004,일식회집,경상남도,하동군,354760000,4055,87487.05302096177,9.531240396809867,0.2915170880654144,9.07250419376553,0.3292403636705776,0.42057914268606256,0.020920766637038228,202603,13.695158992696172,False,Q1_small
8004,일식회집,경상남도,함안군,210100000,3989,52669.84206568062,-7.514380457637049,0.42058932875008764,-4.1090737831202295,0.23313291616127987,-3.551229306947036,0.5825617730425955,202601,-6.727813019824396,False,Q1_small
8004,일식회집,경상남도,함양군,75990000,1468,51764.30517711172,15.143415559167176,0.47249984050970223,27.646459404147635,0.7935643173075114,-9.795057303856709,0.8294882877870939,202606,9.174549811029276,False,Q1_small
8004,일식회집,경상남도,합천군,86980000,1108,78501.80505415163,-13.912550637840749,0.8220094906082567,-7.326909011128752,0.4387671831315878,-7.106314849801261,0.8856044232254169,202601,-15.10263230279016,False,Q1_small
8004,일식회집,경상북도,경산시,1364680000,31691,43062.068095042756,4.583757805575692,0.46893138342222934,10.601617071217017,0.6276797520071673,-5.441022857528752,0.6664014656533278,202605,4.484934608540836,False,Q3
8004,일식회집,경상북도,경주시,1670570000,36492,45779.074865724,2.6525633607715924,0.32637822040349235,2.9735819335810154,0.4917570349454689,-0.31174847643586523,0.07589458340025108,202605,1.7904864458019445,False,Q3
8004,일식회집,경상북도,고령군,45620000,693,65829.72582972582,-2.7525917143734286,0.2005043482908105,-0.7736093595590523,0.01191880146359583,-1.9944113073561702,0.2501959596268589,202601,0.7811518872456011,False,Q1_small
8004,일식회집,경상북도,구미시,2585270000,45497,56822.86744180935,1.3007329027055987,0.09040345872896033,2.967317159890892,0.4205820322366174,-1.6185565509077122,0.6593123450248964,202605,-0.28641531085673316,True,Q3
8004,일식회집,경상북도,김천시,787060000,10715,73454.0363975735,0.2669651121550446,0.002252949512576666,1.2281353214902055,0.0828031738431105,-0.9495089544843877,0.13406396906749674,202605,-2.3720086817415864,True,Q2
8004,일식회집,경상북도,문경시,178400000,2373,75179.09818794775,2.9310368224801984,0.1562374936768551,4.9064638155785625,0.3937228589435341,-1.8830364891252929,0.739744324192309,202605,1.9838571809126742,False,Q1_small
8004,일식회집,경상북도,상주시,713090000,14461,49311.25095083327,3.0047075185642957,0.48110912915851567,3.246946738027211,0.5607129641118956,-0.23462119424951994,0.021087269417812617,202605,2.551507348501593,False,Q2
8004,일식회집,경상북도,성주군,43050000,734,58651.226158038146,17.47510715291641,0.6432681067909486,20.662544627235146,0.828568486199094,-2.6416130077198066,0.3133379367745545,202605,18.69094237371179,False,Q1_small
8004,일식회집,경상북도,안동시,900930000,14765,61017.94784964443,-0.39808357494258056,0.013632191071605852,1.7258031962752995,0.4259343716737387,-2.0878545113278175,0.6510898587291344,202605,-1.5805006009650366,False,Q2
8004,일식회집,경상북도,영덕군,457310000,3932,116304.67955239065,-4.858218890498975,0.21979154857216648,2.0785985862416383,0.04799393680279355,-6.795564959564023,0.8796239604325385,202601,0.3671396073158409,False,Q1_small
8004,일식회집,경상북도,영양군,23150000,562,41192.170818505336,44.187555830511464,0.90143727693585,45.4199357384193,0.8735842895271575,-0.8474628335173318,0.015300006464405349,202606,53.82843619032336,False,Q1_small
8004,일식회집,경상북도,영주시,295420000,5413,54576.02069092925,-0.7312325222355066,0.028186123692634676,-0.25207184996608384,0.00459681079778612,-0.4803715537316073,0.0762191485114338,202602,1.1575125244511528,False,Q2
8004,일식회집,경상북도,영천시,213340000,4589,46489.431248638044,8.73801931423645,0.7913502679367977,10.949895923775156,0.8138642504495994,-1.9935815091330138,0.6261373732292805,202605,8.680087301046237,False,Q2
8004,일식회집,경상북도,예천군,187850000,2943,63829.42575603126,4.601376589490062,0.5923029116781775,4.79604494476619,0.6441713728529018,-0.18575925778372646,0.07255053015146967,202605,4.766135189929472,False,Q1_small
8004,일식회집,경상북도,울진군,346680000,3055,113479.54173486089,-4.5956317586924085,0.19215150293857303,1.3020295070556642,0.028520784994631194,-5.8218589444324,0.7414532620163751,202601,0.10669070659516035,False,Q1_small
8004,일식회집,경상북도,의성군,31590000,613,51533.44208809135,34.27353282571198,0.6911830240172532,28.309634777991725,0.5110028756269689,4.648051612054935,0.09840150741079925,202605,43.589495805341535,False,Q1_small
8004,일식회집,경상북도,청도군,37290000,734,50803.814713896456,37.228306319991255,0.6009250594127257,70.2108942751465,0.7565790625782887,-19.37748350104948,0.9287272299048296,202605,38.091093560504916,False,Q1_small
8004,일식회집,경상북도,칠곡군,134050000,3132,42800.12771392082,-3.4513751464355846,0.3889425835433954,-2.0954066597740577,0.19856099396802154,-1.384989652068172,0.27482481545605086,202601,-1.3443176181842218,False,Q1_small
8004,일식회집,경상북도,포항시 남구,2669420000,51077,52262.66225502673,2.2604074139280095,0.2951622295222625,4.263008299767533,0.840348442190292,-1.9207204151273114,0.4243501822399872,202605,1.0460054798195315,False,Q3
8004,일식회집,경상북도,포항시 북구,4022010000,63761,63079.468640705134,-1.2965296145984335,0.05057100236230091,1.4880080596563132,0.10417819597361078,-2.7437110329507006,0.7537389909623525,202605,-4.499890064730566,False,Q4_large
8004,일식회집,광주광역시,광산구,2651780000,49619,53442.83439811363,2.391539245038769,0.31797211977290796,3.002467102649502,0.4573425003085465,-0.593119635670355,0.32366472523512824,202605,1.174841183252294,False,Q3
8004,일식회집,광주광역시,남구,1734230000,33292,52091.493451880335,-1.4864409232082605,0.1303625017231951,1.2712742834810944,0.10160963213455272,-2.723097172619646,0.8187185824981373,202605,-3.7271801922654126,False,Q3
8004,일식회집,광주광역시,동구,2283970000,56595,40356.39190741232,2.5274976683141843,0.3541804469058527,4.908556855762771,0.6033857986576564,-2.269652027262412,0.82120574387879,202605,1.1341185422024638,False,Q3
8004,일식회집,광주광역시,북구,2482900000,52388,47394.44147514698,2.5034165476419097,0.1884062321163293,2.3531774601365307,0.1883544963869982,0.14678497652300923,0.08383447377025344,202605,1.4766996362807099,False,Q3
8004,일식회집,광주광역시,서구,2684230000,47048,57053.009692229214,1.0758884851150228,0.06803091156460318,2.504364458678028,0.4115341374800692,-1.3935757575852712,0.5756550297352685,202605,-0.49823580174817506,True,Q3
8004,일식회집,대구광역시,남구,781080000,19935,39181.33935289692,5.262914758433798,0.41610931435509146,7.850256232673279,0.5681787060271336,-2.3990128207555452,0.7276204299692379,202605,4.960395958465838,False,Q2
8004,일식회집,대구광역시,달서구,5386850000,107518,50101.84341226585,2.2303509194306756,0.18680743858579682,5.372674906580575,0.5763343112744309,-2.982105170942799,0.7070639543754006,202605,1.0087985126847752,False,Q4_large
8004,일식회집,대구광역시,달성군,1754470000,35116,49962.12552682538,1.9926736132491518,0.19236083171272558,3.862466290509399,0.4282473870866379,-1.8002583070099096,0.3887177387676955,202605,0.9592518080587988,False,Q3
8004,일식회집,대구광역시,동구,2718780000,58776,46256.63536137199,3.248644890185378,0.21274867045406548,4.222169584266979,0.31909759658578346,-0.9340859991352377,0.6752399970476969,202603,4.8701929296163256,False,Q4_large
8004,일식회집,대구광역시,북구,3295610000,68250,48287.32600732601,2.0712812040839754,0.12305175513628244,3.6229039342279474,0.2691118404245302,-1.4973742977989024,0.3198671139177524,202605,0.7273303769204786,False,Q4_large
8004,일식회집,대구광역시,서구,687190000,12450,55195.983935742974,6.725440453806223,0.5943426672125427,8.209178729567007,0.7014911226364636,-1.371175988193111,0.9053396537206039,202605,5.120916277153598,False,Q2
8004,일식회집,대구광역시,수성구,5906370000,100990,58484.70145558966,2.724697249823238,0.3387816670478675,4.3899306672050455,0.5658063732147853,-1.5952050228776937,0.5234266123056819,202605,1.8821984331071202,False,Q4_large
8004,일식회집,대구광역시,중구,6360540000,158491,40131.86868655003,-1.0700584145811272,0.07462485359413697,0.3004219533158328,0.006385843448932711,-1.3663754760023252,0.8497969647821395,202603,-0.8875448708067567,False,Q4_large
8004,일식회집,대전광역시,대덕구,753420000,14537,51827.74987961753,-0.4179396803790202,0.006266054828042061,1.8727641113626663,0.08398975057196467,-2.248592949964142,0.6607330249904667,202605,-2.376497578899067,False,Q2
8004,일식회집,대전광역시,동구,690750000,16578,41666.666666666664,1.8884082590049878,0.22254478899030916,4.567042492828012,0.606598834541619,-2.56164291345117,0.8264612842596633,202605,0.5421194307709379,False,Q2
8004,일식회집,대전광역시,서구,3223790000,65377,49310.766783425366,-0.9902143853119753,0.05269644599672723,1.0985171978790846,0.09572855450530073,-2.066035824346283,0.7421037948819756,202605,-2.809371119114431,False,Q4_large
8004,일식회집,대전광역시,유성구,2782490000,74007,37597.659680841,2.1925239684744935,0.18363492695250505,4.6294506862756775,0.3503447131791177,-2.3291020853279445,0.26948382130522913,202605,1.449461753543087,False,Q4_large
8004,일식회집,대전광역시,중구,1035760000,25510,40602.11681693453,0.6656672756334049,0.025823789687425137,2.0444550789013123,0.16733852588602605,-1.3511638650055329,0.48579199689535124,202605,-1.1280840113984998,True,Q3
8004,일식회집,부산광역시,강서구,2227250000,34035,65439.98824739239,0.3989997696041748,0.006221127768418432,2.304500851916597,0.28436388893596515,-1.8625779574162056,0.5365415009508285,202605,-1.4262118078242692,True,Q3
8004,일식회집,부산광역시,금정구,2733190000,70488,38775.25252525252,3.967735330600406,0.3602961989127049,5.634143305558299,0.4706372288502567,-1.577527798126401,0.4787401381310282,202605,3.363888149106701,False,Q4_large
8004,일식회집,부산광역시,기장군,4314270000,62684,68825.69714759747,7.602870665682052,0.37963069986886194,8.098854428321676,0.4826504273813105,-0.4588242542094367,0.08003471056922791,202605,6.195722413300224,False,Q4_large
8004,일식회집,부산광역시,남구,2785310000,67336,41364.351906855176,5.365061145400819,0.5330721961568337,8.042450436936594,0.7153614748120342,-2.4780901217142457,0.6995195574823494,202605,4.8098115520406886,False,Q4_large
8004,일식회집,부산광역시,동구,1167070000,25984,44914.94766009852,4.727368941789806,0.49907629824193317,6.635301769039279,0.6426028259091313,-1.7892131363606665,0.9567024676585614,202605,3.581499469212521,False,Q3
8004,일식회집,부산광역시,동래구,4895900000,78173,62629.04071738324,4.251609544605758,0.3706043459257034,5.221693810784236,0.5220374636881703,-0.9219432144125982,0.40110327716197725,202605,2.168342177676722,False,Q4_large
8004,일식회집,부산광역시,부산진구,8861380000,204275,43379.65977236568,1.1085595928203669,0.0698547846967194,1.8688731468697004,0.1729684517507451,-0.7463649401060468,0.9179426133773001,202605,-0.7951364438542191,True,Q4_large
8004,일식회집,부산광역시,북구,2957070000,69814,42356.404159624144,7.257252220278968,0.6219337572016048,8.486029273472312,0.7440615606507763,-1.1326592570697243,0.3253923504163209,202605,6.068715540768522,False,Q4_large
8004,일식회집,부산광역시,사상구,1453010000,28677,50668.131255012726,4.3825162372619095,0.6075667069564904,4.838599826625173,0.7025411635282836,-0.43503403337845253,0.3603517921480828,202605,4.110158747809266,False,Q3
8004,일식회집,부산광역시,사하구,2570390000,50696,50702.02777339435,4.3378810773758,0.36099911344673313,7.770305297421383,0.622114142450652,-3.184944322624745,0.8706483003996556,202605,2.3694597154742767,False,Q3
8004,일식회집,부산광역시,서구,1348610000,26074,51722.40546137915,10.54821413889923,0.7080288626813466,9.993095499666769,0.7190284153060674,0.5046849865537132,0.023727437641121518,202605,9.452630880327451,False,Q3
8004,일식회집,부산광역시,수영구,5728030000,97460,58773.13769751693,1.3843041564532599,0.0832774090747597,2.0877876659541763,0.20792174152892381,-0.6890966349499217,0.49670340060477497,202605,-0.812763601219406,True,Q4_large
8004,일식회집,부산광역시,연제구,2665800000,50917,52355.79472474812,1.6581470482521798,0.12537691404555282,4.104558353153932,0.491280184812247,-2.349955990018065,0.7260700888940875,202605,-0.20437227309729422,True,Q3
8004,일식회집,부산광역시,영도구,1123390000,26280,42746.95585996956,10.717434758251166,0.7035510268794669,13.23242558853277,0.7926117740134891,-2.221087128717527,0.8571283263630847,202605,9.314645650120934,False,Q3
8004,일식회집,부산광역시,중구,3663680000,67067,54627.16388089523,1.7405427144337264,0.08721000398412652,3.4668058821811787,0.34772984916051614,-1.6684222084840832,0.689086638588397,202605,-0.8195470268348601,True,Q4_large
8004,일식회집,부산광역시,해운대구,5142460000,94018,54696.54746963347,0.6009219010030655,0.017458245688158697,3.262776878324008,0.4202230651239647,-2.5777487859516395,0.7432499071460533,202605,-1.760978912828904,True,Q4_large
8004,일식회집,서울특별시,강남구,18743390000,407509,45995.0332385297,-1.5536570053051422,0.2132439893441982,-0.3271323562083436,0.01283177852921905,-1.2305501768848075,0.4941600637983156,202601,0.6231346623725159,False,Q4_large
8004,일식회집,서울특별시,강동구,4651250000,107135,43414.8504223643,-0.6738533295982981,0.06609644539446703,1.373405032510786,0.2746155183775133,-2.0195221433594455,0.752871341081368,202605,-1.82600683274903,False,Q4_large
8004,일식회집,서울특별시,강북구,2233840000,45502,49093.22667135511,0.8605155826418373,0.035560445882840054,2.8578570351871297,0.3632693756741144,-1.9418462625193742,0.6396999087674281,202605,-0.9244465610341386,True,Q3
8004,일식회집,서울특별시,강서구,5599620000,130885,42782.74821408106,-0.1275566527867064,0.001703477725798961,1.9410362302550455,0.3354818219710346,-2.02920527349697,0.6584545434666946,202605,-1.2210262254612798,False,Q4_large
8004,일식회집,서울특별시,관악구,5271690000,135408,38931.89471818504,-0.14316565281893665,0.0011894635025034648,1.486272279358559,0.11287428806662378,-1.6055747201869384,0.7143109989398652,202603,-0.25778050384242235,False,Q4_large
8004,일식회집,서울특별시,광진구,4763540000,118975,40038.159277159066,1.457397173276124,0.12983514996424658,3.682720606142962,0.3706249670044754,-2.1462818682393294,0.6643098682346655,202605,1.0747225674818799,False,Q4_large
8004,일식회집,서울특별시,구로구,2966130000,80432,36877.48657250845,0.9086620532049462,0.07456993881528463,3.753831211451057,0.5378564512453797,-2.7422304555169723,0.6939407623141004,202605,0.28394916068360776,False,Q4_large
8004,일식회집,서울특별시,금천구,1512590000,49379,30632.25257700642,2.5810050554787054,0.4233014529434306,2.951956805345259,0.40653063391245076,-0.3603153950418815,0.035018293550047305,202605,2.555542952534249,False,Q3
8004,일식회집,서울특별시,노원구,3690400000,91390,40380.78564394354,1.8725074169390343,0.2528552728578897,3.091052450169022,0.447322660061891,-1.1820085296141027,0.21559308240853572,202605,0.9666306613615882,False,Q4_large
8004,일식회집,서울특별시,도봉구,1780980000,38426,46348.30583459116,0.9618949454098309,0.0623841683136115,3.4391090634094463,0.517421375008101,-2.39485252766539,0.42275478487913437,202605,-0.2637526986435037,True,Q3
8004,일식회집,서울특별시,동대문구,2778000000,68882,40329.83943555646,2.5652263637052695,0.2778876847965948,6.132281216426563,0.508263259275289,-3.3609518346706904,0.7058442392018837,202603,3.3295397084018,False,Q4_large
8004,일식회집,서울특별시,동작구,4633060000,110266,42017.122231694266,0.5696247473987833,0.015468564876942585,3.5564697822043754,0.3975856094510415,-2.884266952212078,0.7252580356801325,202605,-0.2543738390224584,True,Q4_large
8004,일식회집,서울특별시,마포구,12948640000,351860,36800.54567157392,-0.8991578886523003,0.08839113473382508,0.7285255253879275,0.06538306291392176,-1.6159110892872162,0.6635847176111568,202601,0.63929667411471,False,Q4_large
8004,일식회집,서울특별시,서대문구,3022860000,108240,27927.383592017737,3.0807969455035105,0.26714697004824406,4.870534848701743,0.3584190234625898,-1.7066165494247676,0.5078966987533904,202605,3.701284624378407,False,Q4_large
8004,일식회집,서울특별시,서초구,8144050000,182402,44648.907358471944,-1.0646466346294423,0.09044442717824205,0.3157712144395516,0.008926652563205437,-1.376072607883535,0.7652582577467468,202601,0.7766090144018096,False,Q4_large
8004,일식회집,서울특별시,성동구,4520810000,124771,36232.85859694961,2.4911298396912374,0.3177257276932586,4.275762196728077,0.5830275938968437,-1.7114546270780167,0.7146132488757094,202605,1.5795370745328552,False,Q4_large
8004,일식회집,서울특별시,성북구,2930010000,76089,38507.668651184795,2.17911718075099,0.1720646923234119,5.728043673689138,0.4364287453775599,-3.3566557836739044,0.6813871642646738,202605,1.9015554634766167,False,Q4_large
8004,일식회집,서울특별시,송파구,8444030000,199969,42226.69513774635,1.0113693200220775,0.0701187621004935,2.8279583933605146,0.39431819621380054,-1.766629525395422,0.7185373387216679,202605,0.3923736855416993,False,Q4_large
8004,일식회집,서울특별시,양천구,2224660000,55469,40106.365717788314,0.5284314397963225,0.030816111034464685,2.0030505207876614,0.4084164391071791,-1.445661745862017,0.30948333509949866,202605,-0.6834082800123079,True,Q3
8004,일식회집,서울특별시,영등포구,8668980000,196700,44072.089476359935,0.3589016363568524,0.012675659897588471,1.8383280923089989,0.2575875419628406,-1.4527206835241537,0.659488394578726,202601,2.248878561876351,False,Q4_large
8004,일식회집,서울특별시,용산구,5098640000,100568,50698.43290112163,0.6430882800210205,0.03373647832065503,2.405468394422803,0.28416988519082553,-1.720982426069109,0.5838617131651945,202605,-0.5825270042885757,True,Q4_large
8004,일식회집,서울특별시,은평구,3143080000,67892,46295.29252341955,2.2469281158834473,0.2855870372215548,3.8728103499547486,0.5754555912592589,-1.5652625827621705,0.7504799668459494,202605,1.5440141035596042,False,Q4_large
8004,일식회집,서울특별시,종로구,6551090000,163227,40134.84288751248,-0.5561643463261396,0.04545186056746581,0.9695201531017429,0.09164920527557499,-1.5110347133615045,0.7036411863009976,202601,0.39985874432219126,False,Q4_large
8004,일식회집,서울특별시,중구,6015670000,156164,38521.49022822161,-0.6926707173548894,0.05338333043449342,0.12128559468110219,0.0012123163055040307,-0.812970296177722,0.30342915812312027,202601,0.6538388248679263,False,Q4_large
8004,일식회집,서울특별시,중랑구,3060690000,57802,52951.28196256185,-0.6582478961023117,0.031265758426655625,1.4181363978223025,0.21457121807124246,-2.047350077287729,0.5031575744549689,202605,-2.593811032926168,False,Q3
8004,일식회집,세종특별자치시,세종특별자치시,1662210000,38264,43440.57077148234,2.229259076242679,0.20012345143195648,3.8218175393159233,0.4815110055210466,-1.5339342932136635,0.615030399711089,202605,1.411923095633708,False,Q3
8004,일식회집,울산광역시,남구,4532980000,82421,54997.876754710574,-1.4601240658098642,0.08924719759590949,0.78203519109919,0.05717538630249913,-2.2247608441897153,0.499157443197233,202601,1.6388355423889995,False,Q4_large
8004,일식회집,울산광역시,동구,783000000,14041,55765.25888469482,-0.7743952000284642,0.014416565166146504,1.7955534044280421,0.10742096628861554,-2.524617744594636,0.5379465532385576,202601,3.5338398292139965,False,Q2
8004,일식회집,울산광역시,북구,862910000,16928,50975.30718336484,6.269798279363446,0.6274146120910871,6.6852080808198515,0.6842451590915125,-0.389379004764868,0.12462630891442297,202605,4.946975347192985,False,Q2
8004,일식회집,울산광역시,울주군,1121320000,20434,54875.20798668885,5.160812958769309,0.43110558697678386,5.05402929107193,0.5054942434190052,0.1016464274792829,0.004415565684427022,202605,3.1475232097110193,False,Q2
8004,일식회집,울산광역시,중구,939530000,20786,45200.13470605215,2.273460340882855,0.24572862757972408,3.180615965979398,0.5048038342583507,-0.8791919069330575,0.44037905038492675,202605,0.6951433795557845,False,Q2
8004,일식회집,인천광역시,강화군,903910000,9650,93669.43005181347,9.521828760960672,0.6430382595134805,7.517877370583298,0.6016644923043738,1.863830871093487,0.7415545154014987,202605,9.143146215003595,False,Q2
8004,일식회집,인천광역시,계양구,1210410000,23101,52396.43305484611,0.1517074204757438,0.0008333886010096907,2.96021281569722,0.34330072673448647,-2.727757954666319,0.716182096428016,202605,-1.4562162646227805,False,Q2
8004,일식회집,인천광역시,남동구,4440750000,78061,56888.20281574666,-3.964692871704625,0.4212864281306379,-2.471897680205317,0.2827224230847348,-1.5306308192118545,0.5902535925031396,202601,-3.454290131231484,False,Q4_large
8004,일식회집,인천광역시,동구,68520000,1227,55843.52078239609,-10.049857653523773,0.5912675210844257,-9.093848101703719,0.5081106019065009,-1.0516445057421764,0.01619642371612136,202601,-7.350318893889125,False,Q1_small
8004,일식회집,인천광역시,미추홀구,2261650000,50665,44639.29734530741,-2.804112422591615,0.28498653204667596,2.1156591478305176,0.09521047500414281,-4.8178424459855815,0.7618243857341063,202601,-1.9009713144637155,False,Q3
8004,일식회집,인천광역시,부평구,3333310000,66507,50119.68664952561,-1.8941575232512848,0.1724179236903,-0.14209603444680138,0.0016860904135932997,-1.75455464137206,0.7182150504674166,202605,-3.1463722313268563,False,Q4_large
8004,일식회집,인천광역시,서구,3352900000,66285,50583.08817982952,-2.581313362142328,0.3067927793559172,-0.7335263954672027,0.03164395245849768,-1.86144112869021,0.7152973425965102,202601,-2.0053524845040247,False,Q4_large
8004,일식회집,인천광역시,연수구,3492130000,68407,51049.30781937521,-2.1685977195511743,0.27911106904644745,-0.9384789346424344,0.06809819329969959,-1.2417725587891062,0.48066585375035903,202603,-3.0203397371372405,False,Q4_large
8004,일식회집,인천광역시,옹진군,213940000,2190,97689.49771689497,21.202918539488607,0.8410813374244368,12.714184590760338,0.5791454380775977,7.531202908976277,0.7218983956443682,202605,22.36742201682284,False,Q1_small
8004,일식회집,인천광역시,중구,3314170000,52242,63438.80402741089,0.5728021512609294,0.017786922864812885,0.9015673471073169,0.05860218427573786,-0.32582764023422106,0.11827263325349056,202605,-1.0086060404818904,True,Q3
8004,일식회집,전라남도,강진군,185100000,2461,75213.32791548151,7.409426207609783,0.27585958208804806,3.801988043114967,0.07761248687962953,3.475307392953271,0.37401832786806843,202604,8.105848429119792,False,Q1_small
8004,일식회집,전라남도,고흥군,105200000,1110,94774.77477477478,4.62617656667696,0.33200948333245683,4.298610666376208,0.46676419076587583,0.31406544939370956,0.01278153832143282,202605,3.9200026340740393,False,Q1_small
8004,일식회집,전라남도,곡성군,55320000,691,80057.88712011577,21.76091733670408,0.42925564354180146,22.988700053473025,0.44920793844397106,-0.9982890430056827,0.033033152356032526,202605,24.929363738017223,False,Q1_small
8004,일식회집,전라남도,광양시,1050730000,15145,69378.01254539452,5.333197938265261,0.6616865314348691,6.272119242122953,0.8038329182198839,-0.8835067095241513,0.11740472242812869,202605,6.8232082951837985,False,Q2
8004,일식회집,전라남도,구례군,25570000,591,43265.65143824027,24.826553087322296,0.34935072858323574,25.49482264857204,0.2926205994866104,-0.5325076741381661,0.0028951619989809707,202603,38.22503351635811,False,Q1_small
8004,일식회집,전라남도,나주시,394430000,6579,59952.880376956986,5.124690596264166,0.4082440601858401,6.985393008548344,0.5471732972036326,-1.739211643719887,0.5934320339901987,202605,4.67310815800231,False,Q2
8004,일식회집,전라남도,담양군,19890000,390,51000.0,17.053673903117662,0.2008273979925514,22.282951831215833,0.416735664154229,-4.276375283544037,0.04855991292695889,202606,13.789116481996668,False,Q1_small
8004,일식회집,전라남도,목포시,2561040000,36341,70472.46911202223,2.2416596294456315,0.11536376587757502,2.444660196740844,0.191501434621213,-0.19815631864596298,0.022427938435915677,202605,-0.29670155786219327,True,Q3
8004,일식회집,전라남도,무안군,645630000,10240,63049.8046875,0.8252367500402462,0.07196100076511999,0.5778331977054965,0.05437352736640747,0.2459821856058775,0.04980215348247174,202605,-0.614514263862073,True,Q2
8004,일식회집,전라남도,보성군,23140000,298,77651.0067114094,19.576132344205607,0.20744336732445903,15.727024287958821,0.06228854503252936,3.326023528151229,0.012394937639176127,202605,7.267243625262604,False,Q1_small
8004,일식회집,전라남도,순천시,2467480000,37238,66262.42010849132,0.6341110682233501,0.0426990083190373,1.474721347558684,0.24030505425760695,-0.8283937794282974,0.5766184432029756,202605,-0.3434827949293604,True,Q3
8004,일식회집,전라남도,신안군,190730000,2146,88876.98042870457,17.07639593570284,0.5120522271749202,11.73544992925301,0.4516158203129726,4.77999239259481,0.42006478152093096,202605,17.674817984645223,False,Q1_small
8004,일식회집,전라남도,여수시,3388780000,38529,87954.00866879494,1.1970386761396,0.11616788548240148,1.0014556290703684,0.07254817749825652,0.1936437904296187,0.007386754714759223,202605,0.08297828695253291,True,Q3
8004,일식회집,전라남도,완도군,304300000,3167,96084.62267129775,7.2883516171316955,0.3351770892587374,6.906802727895396,0.3686171180766081,0.35689860654374245,0.014119627371694718,202605,3.5878460296633023,False,Q1_small
8004,일식회집,전라남도,장성군,45960000,760,60473.68421052631,1.6755948553115998,0.018164807460041163,5.09601610332636,0.24383241417367923,-3.254567941616303,0.34618615480127274,202603,2.652357431944609,False,Q1_small
8004,일식회집,전라남도,장흥군,28810000,317,90883.28075709779,8.512167571702767,0.15759176825963903,10.00441040989365,0.24797240387033628,-1.3565300087792083,0.08492221026453485,202602,13.790896302727223,False,Q1_small
8004,일식회집,전라남도,진도군,31420000,254,123700.78740157481,3.721832356258033,0.023507033602465654,2.7709561349524807,0.01523873859961082,0.925238274573358,0.03723440247066507,202605,-5.283711089455937,True,Q1_small
8004,일식회집,전라남도,함평군,17250000,223,77354.2600896861,-8.953565987841957,0.1102722503985374,-7.016949312334917,0.15695063116093588,-2.0827631070228234,0.03395550927612592,202605,-17.8815353400306,False,Q1_small
8004,일식회집,전라남도,해남군,101210000,1507,67159.9203715992,1.2293790529743487,0.02309538936174359,1.7097789804178711,0.03009782603352373,-0.47232422708931787,0.01701532644670132,202605,-1.8560650254726048,True,Q1_small
8004,일식회집,전라남도,화순군,136160000,2278,59771.72958735733,1.748040795017514,0.2096051462970315,-2.1379550240565854,0.3393859314043622,3.9708916976232973,0.7916945488289788,202603,2.2263805336141895,False,Q1_small
8004,일식회집,전북특별자치도,고창군,103750000,1758,59015.92718998862,1.7495932382507837,0.13831393933060568,7.004096103072912,0.9179073259164143,-4.910562358062142,0.7245401618535673,202605,0.8605621189886439,False,Q1_small
8004,일식회집,전북특별자치도,군산시,1626240000,26687,60937.53512946378,-1.1513436002689812,0.050061424274748606,-0.16113615513476534,0.0030977973323530706,-0.9918056025485487,0.11909856615263668,202605,-3.599939332723348,False,Q3
8004,일식회집,전북특별자치도,김제시,156810000,2421,64770.755885997525,-0.41766983869960544,0.010107845654543085,2.733441379276079,0.2667810140544664,-3.0672692121178815,0.33977719316455585,202601,3.0119522507214262,False,Q1_small
8004,일식회집,전북특별자치도,남원시,297590000,3426,86862.23000583771,-9.829674521519326,0.7023711021397101,-4.353550690338541,0.38980931429845134,-5.725381204117129,0.762520513981265,202601,-9.051300716643322,False,Q1_small
8004,일식회집,전북특별자치도,부안군,364980000,4874,74883.05293393516,7.900105761553955,0.3110026691879585,5.890361664791974,0.23337924383235445,1.8979480900481147,0.09990776110429601,202605,7.006704306883325,False,Q2
8004,일식회집,전북특별자치도,완주군,241750000,5746,42072.74625826662,0.30589679714626256,0.014121011981789123,1.7664807641536682,0.20842431715541507,-1.435230889424482,0.2885337852976289,202601,1.8616666231366596,False,Q2
8004,일식회집,전북특별자치도,익산시,1189250000,18443,64482.459469717505,-2.21445242695281,0.25558387129804483,0.15884590299790322,0.0020350819952184474,-2.3695344216018785,0.8453082508637644,202601,-1.3774205709953908,False,Q2
8004,일식회집,전북특별자치도,장수군,18630000,335,55611.94029850746,16.02597018348302,0.4094347263836704,23.79913097725142,0.7010179592240722,-6.278849239415678,0.5033240672893032,202606,9.456802165519052,False,Q1_small
8004,일식회집,전북특별자치도,전주시 덕진구,1740720000,29878,58260.9277729433,-3.073213344815405,0.29856486232732116,1.3622512422951185,0.08477491870509767,-4.37585445543045,0.8526708270953436,202601,-0.9427383019797348,False,Q3
8004,일식회집,전북특별자치도,전주시 완산구,2652980000,47907,55377.7109816937,-4.1814089030793795,0.6816263636115294,-1.8502149924120026,0.2540328550214506,-2.3751390902049576,0.8630825944149331,202601,-2.811581069420464,False,Q3
8004,일식회집,전북특별자치도,정읍시,400780000,7176,55850.05574136009,7.414699918785522,0.7918380729336028,11.458566330317192,0.9395283445416799,-3.628134242770828,0.7598953101340398,202605,8.835851358053397,False,Q2
8004,일식회집,전북특별자치도,진안군,20890000,260,80346.15384615384,-22.047596066203713,0.42339264396998055,-10.990715723669437,0.16447663539598445,-12.422165207180036,0.8414627726235743,202601,-20.63704015840119,False,Q1_small
8004,일식회집,제주특별자치도,서귀포시,4655100000,65871,70669.94580316072,6.586680205643866,0.67763466113342,8.844060495194274,0.7804497588341354,-2.0739581739970987,0.8197229391243682,202605,5.68989868091178,False,Q4_large
8004,일식회집,제주특별자치도,제주시,12306830000,192156,64046.03551281251,4.518257077947582,0.7179696930593006,5.245720564022703,0.8019466505955635,-0.6912048130570414,0.4910780274969587,202605,3.9136668211130217,False,Q4_large
8004,일식회집,충청남도,계룡시,76100000,1760,43238.63636363636,-3.4609761469932074,0.4262254227058057,-1.192550999107882,0.08698760610672494,-2.295803778786816,0.6862520096729511,202601,-0.18863040230787242,False,Q1_small
8004,일식회집,충청남도,공주시,307050000,7005,43832.97644539615,5.083953287092487,0.46071141860288234,7.124831078004679,0.7084322715935848,-1.9051397984712808,0.2777111497478919,202605,4.130807310546865,False,Q2
8004,일식회집,충청남도,금산군,67590000,1434,47133.89121338912,-2.6279873417874513,0.11122244106946468,3.6334543662977365,0.45567897296212706,-6.041911606993084,0.7028631042594455,202601,3.4263815470806924,False,Q1_small
8004,일식회집,충청남도,논산시,535830000,9618,55711.16656269495,-2.3978487240144895,0.43155463960535967,-0.48461631281893613,0.020332407309460104,-1.9225493992060887,0.2798280991722568,202601,-1.763762655135501,False,Q2
8004,일식회집,충청남도,당진시,1126480000,15293,73659.84437324265,3.397417220433009,0.2773720559555048,3.1019185126963817,0.3782263430988062,0.28660835026099096,0.014781600046526832,202605,3.4038803554243304,False,Q2
8004,일식회집,충청남도,보령시,1806270000,18467,97810.68933773758,7.089388609199874,0.5108216198730003,6.358004015205984,0.5640785847929749,0.6876629556617941,0.11430830725778984,202605,5.833902065763062,False,Q2
8004,일식회집,충청남도,부여군,26100000,1988,13128.77263581489,7.383658331545624,0.19079451903617214,13.266894031776205,0.27731861747232994,-5.1941352771446985,0.26486085117041236,202605,3.577318447804243,False,Q1_small
8004,일식회집,충청남도,서산시,805130000,12713,63331.2357429403,4.201364678022712,0.2924044444197698,4.331154645021728,0.41393372681380414,-0.1244019271526385,0.0038836535059781213,202605,3.881430772347775,False,Q2
8004,일식회집,충청남도,서천군,205750000,1475,139491.5254237288,11.026088646544324,0.17638950567633183,11.97869168464503,0.2971449475328399,-0.8507002749982309,0.018690684659195263,202605,12.332238469968367,False,Q1_small
8004,일식회집,충청남도,아산시,2267290000,42833,52933.25239885135,1.2833309966412692,0.09113090909996852,3.8463140276866854,0.3869396614497746,-2.468053926653714,0.5386671916350791,202605,0.6210423851706471,False,Q3
8004,일식회집,충청남도,예산군,304680000,4080,74676.4705882353,-5.610306225071544,0.4303864332408788,-1.790844566883693,0.11357620881860606,-3.8891095655425305,0.8421105111015714,202601,-3.2514112570134235,False,Q1_small
8004,일식회집,충청남도,천안시 동남구,1111010000,26625,41728.07511737089,1.0245451613470768,0.06432080439816272,2.9976985883874594,0.3191981093126087,-1.9157257434709534,0.41435615783196084,202605,0.08086394364421556,True,Q3
8004,일식회집,충청남도,천안시 서북구,3257250000,58914,55288.21672268052,0.08737174379049625,0.0005138480516303843,1.6821276943508046,0.19129791193810974,-1.5683738988567355,0.7126964795128619,202601,2.6178217601785714,False,Q4_large
8004,일식회집,충청남도,청양군,10850000,259,41891.89189189189,14.230094703996196,0.2842794862107519,16.09307241536296,0.3670206304876827,-1.6047277176895993,0.1842598041497096,202604,13.595062940692312,False,Q1_small
8004,일식회집,충청남도,태안군,671520000,5584,120257.87965616045,20.90144769509909,0.42951116426752783,19.9728276712029,0.5208954166370218,0.7740252871601356,0.025096232508303288,202605,20.776563078140427,False,Q2
8004,일식회집,충청남도,홍성군,2530140000,23167,109213.10484741227,-25.533992283794333,0.9492072820761754,-14.473484877363955,0.9782368746385022,-12.932255442152416,0.8775431040601444,202602,-28.69664710153702,False,Q2
8004,일식회집,충청북도,괴산군,119800000,1527,78454.48592010478,-9.470707417500773,0.3789583566945883,-5.6133018053489305,0.15298365361534616,-4.086810626849969,0.9073484278127193,202602,-9.337881268048374,False,Q1_small
8004,일식회집,충청북도,단양군,179800000,2368,75929.05405405405,3.8133201709712785,0.23001321539876035,6.474434223626465,0.7864964700760272,-2.499298608214317,0.3173228760946487,202605,3.117620604655263,False,Q1_small
8004,일식회집,충청북도,보은군,23670000,241,98215.76763485477,9.227821161881193,0.1222135996705736,14.608996846778863,0.2933821534846,-4.6952471733888075,0.7492561488960793,202603,17.18817670750517,False,Q1_small
8004,일식회집,충청북도,영동군,51330000,586,87593.8566552901,5.665163076544448,0.3960237594277246,11.490633649770702,0.8213218718562968,-5.22507620821852,0.48399847696014137,202605,6.5783347328595045,False,Q1_small
8004,일식회집,충청북도,옥천군,39540000,661,59818.45688350983,-1.5347589586924022,0.017460934862413045,-1.7398738303805819,0.028472805448713626,0.2087468026797587,0.00429823085512599,202605,-6.357142829971791,False,Q1_small
8004,일식회집,충청북도,음성군,435010000,6936,62717.704728950404,1.2546848439067064,0.07291069442775044,3.1362234188438274,0.4445510120940396,-1.824323707584351,0.54275583384114,202601,4.303932641222256,False,Q2
8004,일식회집,충청북도,제천시,525320000,6742,77917.53188964698,0.9037708245621503,0.04066033478934272,2.8745711502725224,0.3628209701757196,-1.9157312673814844,0.4924847945517208,202604,0.4648978089216549,False,Q2
8004,일식회집,충청북도,증평군,85900000,1132,75883.39222614841,8.534084019530596,0.5107481634549476,7.162180836400562,0.501447532460981,1.2802120789464115,0.10679529288908383,202606,5.309656556096,False,Q1_small
8004,일식회집,충청북도,진천군,361380000,6384,56607.142857142855,5.08354020707901,0.3700954170186077,6.731295428206506,0.6770767030397788,-1.543835118384639,0.1898761700267954,202605,3.780976086934244,False,Q2
8004,일식회집,충청북도,청주시 상당구,1085060000,21060,51522.317188983856,-2.8716279706060175,0.4101281706139118,-0.5788261836407622,0.022239346738595372,-2.306150389252352,0.8167465304503441,202601,-1.8564388018233637,False,Q2
8004,일식회집,충청북도,청주시 서원구,942180000,15860,59406.05296343001,-3.869395181264309,0.4637045438553588,1.536908732865052,0.06962754854693293,-5.324471644446928,0.6504546061726422,202601,-1.279911770121035,False,Q2
8004,일식회집,충청북도,청주시 청원구,1520030000,25227,60254.09283703968,-2.061388156033609,0.20290977428771645,1.0768835299789257,0.06623686862594629,-3.104836216167832,0.8363376345334711,202601,-0.7290016303279124,False,Q3
8004,일식회집,충청북도,청주시 흥덕구,2497100000,40445,61740.63543083199,-1.1771683413904956,0.2014051585728503,0.9880859513717487,0.13660164080113066,-2.1440690477140416,0.8205122936183249,202601,-0.4505418101265168,False,Q3
8004,일식회집,충청북도,충주시,948840000,15084,62903.73906125696,1.8937199176821258,0.100820731750822,4.824380903933786,0.4607674783484975,-2.7957818219193054,0.7754656872650575,202605,0.19880636095432688,True,Q2
8005,중국음식,강원특별자치도,강릉시,1830490000,64489,28384.530695157315,-1.6861556321247553,0.2950464492746438,-0.16067474731495546,0.003225026785451691,-1.5279358919433446,0.3508441623339037,202601,-1.1944359355876855,False,Q3
8005,중국음식,강원특별자치도,고성군,227190000,8231,27601.749483659336,1.6437913351177484,0.11901889111074022,4.076235395505926,0.6502541078433477,-2.337175293806977,0.4452652719434413,202605,-0.4261922528295705,True,Q1_small
8005,중국음식,강원특별자치도,동해시,974850000,31474,30973.184215542988,-1.9644157469562828,0.19710357121045397,-1.695557517008813,0.25299426167452727,-0.2734955035160064,0.0375113477179142,202605,-4.400039874745842,False,Q2
8005,중국음식,강원특별자치도,삼척시,357980000,13235,27047.97884397431,3.0247949386687574,0.3450741228651576,4.931521783653882,0.6780938463646558,-1.817115403049649,0.32747011674553334,202605,1.7329222255925976,False,Q1_small
8005,중국음식,강원특별자치도,속초시,842170000,29321,28722.41738003479,-1.3723786188703595,0.18146239849285117,0.045052372956723485,0.00043350299097329957,-1.4167926930989945,0.3219462496235729,202601,-0.3318234033027908,False,Q2
8005,중국음식,강원특별자치도,양구군,198870000,6339,31372.456223379082,5.420402972390879,0.3635678201931981,3.7304949685789053,0.3931366004712711,1.629133269173972,0.158996834400156,202605,3.153477667622556,False,Q1_small
8005,중국음식,강원특별자치도,양양군,262070000,8587,30519.389775241645,3.003391100128086,0.28231572214312095,4.375759886276881,0.5594767945145602,-1.3148347735566894,0.2706212278945744,202605,1.9624387235203131,False,Q1_small
8005,중국음식,강원특별자치도,영월군,222560000,7737,28765.671448881996,6.592321772301808,0.7159650689369174,4.737804845501962,0.5203285845833919,1.7706280263706118,0.3401564381179575,202605,6.773119383146923,False,Q1_small
8005,중국음식,강원특별자치도,원주시,2899490000,98675,29384.241195844945,-1.3442238043303962,0.1701754317196927,0.5193411731799232,0.02317201239495457,-1.853936720794527,0.4904509704500962,202605,-2.738898477468988,False,Q3
8005,중국음식,강원특별자치도,인제군,263060000,8711,30198.59947193204,-0.47643730887663827,0.012654892530192445,1.5348846098288869,0.10614202225595049,-1.9809171265958998,0.4366628399164387,202601,2.9639891711634285,False,Q1_small
8005,중국음식,강원특별자치도,정선군,530510000,17469,30368.653042532485,6.370868225053111,0.6117852986128535,8.693250932611203,0.7189021610112217,-2.136639292349368,0.49053384913077125,202605,6.296484758393163,False,Q2
8005,중국음식,강원특별자치도,철원군,375890000,12531,29996.80791636741,1.5130848631414922,0.11008026136706597,1.3592510008449559,0.07723704584275357,0.15177091462060507,0.006330446389844481,202605,0.8092696531211412,False,Q1_small
8005,중국음식,강원특별자치도,춘천시,2320870000,78733,29477.72852552297,0.12066170282687633,0.0017450833173325343,1.3319111974382678,0.11525708285178654,-1.1953287767871266,0.3089539618272231,202605,-0.8473400484172642,False,Q3
8005,중국음식,강원특별자치도,태백시,223730000,8321,26887.393342146377,2.33473531668454,0.1991076686546696,2.235933638625308,0.23969568968506702,0.096640852724528,0.002394069769400791,202605,0.6588208703282634,False,Q1_small
8005,중국음식,강원특별자치도,평창군,334420000,11000,30401.81818181818,-2.014496010147626,0.10184803224971632,0.13876829593064732,0.0018782319929588364,-2.150280398611422,0.31183511892623705,202602,-0.23942211771128996,False,Q1_small
8005,중국음식,강원특별자치도,홍천군,583270000,20612,28297.593634775858,-1.4211356524668977,0.07753158487048228,0.6456103389055512,0.03547658044686139,-2.053488457582037,0.4389277077181462,202605,-4.290556294521405,False,Q2
8005,중국음식,강원특별자치도,화천군,337080000,11591,29081.183676990768,1.5151138024365622,0.06172368806573201,2.5173044045280353,0.1569397201739887,-0.9775818901137809,0.2739902372302606,202605,0.39025729411811666,False,Q1_small
8005,중국음식,강원특별자치도,횡성군,326080000,11348,28734.578780401833,-0.002002946240087356,2.7527165166523586e-07,1.8601665915075922,0.22603534063461658,-1.8281626665854578,0.44126087941184833,202605,-1.9774661553111856,False,Q1_small
8005,중국음식,경기도,가평군,620980000,21623,28718.494195995005,5.287256310949917,0.6298340073918348,5.199300607577371,0.6228816974630788,0.08360863890215635,0.0023529875373207855,202605,4.7334694032298685,False,Q2
8005,중국음식,경기도,고양시 덕양구,3035250000,111116,27316.04809388387,-0.47209051571182314,0.02393221708046358,0.6832565844010687,0.057374060860809706,-1.1475066851302766,0.2608374043395903,202605,-1.742469821261287,False,Q4_large
8005,중국음식,경기도,고양시 일산동구,2527800000,78732,32106.38622161256,-1.8975561566197099,0.1966400954115382,-0.8355582865660226,0.10295376330689843,-1.0709462501918279,0.21699546579927187,202605,-4.014858686367244,False,Q3
8005,중국음식,경기도,고양시 일산서구,1522250000,55081,27636.571594560737,-0.543169484874553,0.022302742204362177,0.02399033994996934,8.382688968515314e-05,-0.5670237938887711,0.07266594244472557,202605,-2.3371084420395327,False,Q2
8005,중국음식,경기도,과천시,459820000,18446,24927.897647186383,0.7460452516419646,0.0224658932473734,1.0812837810261413,0.04594049158635041,-0.33165242549790125,0.0195801686020498,202605,-0.4312323678499521,True,Q2
8005,중국음식,경기도,광명시,1972540000,72831,27083.79673490684,-0.3292486591895632,0.012855291320868434,0.04109837057569038,0.0002170131496695939,-0.37019488569934234,0.10692720686590677,202605,-1.339614675428703,False,Q3
8005,중국음식,경기도,광주시,2926230000,103695,28219.586286706206,-0.438224856152423,0.0224610759910109,0.7568528704609129,0.0623605014163609,-1.1861006894983062,0.46080513562479647,202605,-1.6998744251782147,False,Q4_large
8005,중국음식,경기도,구리시,1284060000,49132,26134.901896930718,0.11339630875684427,0.0010875595639490202,1.0976348753883824,0.14736954896503993,-0.9735525147000111,0.2912661620913829,202605,-1.3197378590450681,False,Q2
8005,중국음식,경기도,군포시,1843840000,74596,24717.67923213041,-0.7642500030081189,0.07622192440767929,-0.03644081729018845,0.00016946979323435372,-0.7280745020169116,0.3418710763799007,202605,-1.531305148230045,False,Q3
8005,중국음식,경기도,김포시,3868440000,139326,27765.384781017183,-1.2636751906309207,0.14620587965540524,-0.10795797262138816,0.001464069124582676,-1.1569662553227174,0.3755677356089149,202605,-2.6942251745405748,False,Q4_large
8005,중국음식,경기도,남양주시,3646930000,136407,26735.651396189343,-0.2271994920821882,0.00480702911423631,0.27692716894540603,0.007419075069699574,-0.5027344527403528,0.10785290722866235,202605,-1.3876105634006315,False,Q4_large
8005,중국음식,경기도,동두천시,504890000,18689,27015.356626892826,0.09096608840020694,0.0004583975182417214,2.4882146122842266,0.2568342979765129,-2.3390479900082983,0.6542761327914511,202605,-1.1382846422803465,False,Q2
8005,중국음식,경기도,부천시 소사구,2188130000,69004,31710.190713581822,0.5454175296681617,0.027285565030570724,2.756145575693888,0.445742898416953,-2.151431462945688,0.613526020215468,202605,-0.7635201879654557,True,Q3
8005,중국음식,경기도,부천시 오정구,936560000,40158,23321.878579610537,-0.08622909397489394,0.0006187405509317893,0.5699949940139913,0.031562191036244275,-0.6525048430478189,0.2741865435714704,202605,-1.331804489030579,False,Q2
8005,중국음식,경기도,부천시 원미구,3793780000,136412,27811.189631410725,4.023332347227792,0.7226602661218375,2.664494436302205,0.399861465737124,1.3235714239733063,0.24921610519285498,202606,3.628005618155191,False,Q4_large
8005,중국음식,경기도,성남시 분당구,5666710000,151094,37504.533601599,-1.8078832974532584,0.26185066442912,-0.928748695070058,0.11121530704215367,-0.8873760962979562,0.13963169435279593,202601,-0.8173069323398482,False,Q4_large
8005,중국음식,경기도,성남시 수정구,2454390000,89615,27388.160464208002,0.4496369051489744,0.028511272090415683,1.9057705901641477,0.21358176887258806,-1.4289020892362725,0.30202038747759596,202605,-0.43381088008249363,True,Q3
8005,중국음식,경기도,성남시 중원구,1819350000,70925,25651.744800845965,-0.6980958964880524,0.05086991769451133,0.8513233137221468,0.0579126666068508,-1.5363399896998027,0.4565419805968913,202601,0.7205695730469377,False,Q3
8005,중국음식,경기도,수원시 권선구,2414300000,90148,26781.514842259396,-0.14575298670367262,0.002413846481983049,1.006306966940681,0.10931275244131741,-1.1405821955468651,0.6141215351257485,202605,-1.2028616338862297,False,Q3
8005,중국음식,경기도,수원시 영통구,2904910000,98112,29608.100945857794,-1.4467178436848123,0.172148646412567,0.29364973100689545,0.00861447093141909,-1.7352719532687564,0.5452828129266029,202601,-0.5085749421109272,False,Q3
8005,중국음식,경기도,수원시 장안구,2500000000,86638,28855.698423324637,0.28899031720120716,0.007617384946080574,2.1422329570400693,0.26340608411208816,-1.8143745110980265,0.2889105918413106,202605,-1.2207637962485478,True,Q3
8005,중국음식,경기도,수원시 팔달구,5015260000,136949,36621.369999050745,-0.3182455167904176,0.007598617651724255,1.3840417129950666,0.18358129288778585,-1.6790484981891345,0.49646030338146135,202605,-2.011425006600083,False,Q4_large
8005,중국음식,경기도,시흥시,8985500000,285560,31466.241770556102,0.2384185754722059,0.004391810718968637,1.444310969128346,0.17234486543580121,-1.1887235293294458,0.3425621831837859,202605,-1.4033182393070343,False,Q4_large
8005,중국음식,경기도,안산시 단원구,8650430000,265997,32520.780309552363,0.14837008975274868,0.0018007862322637022,1.159529836985252,0.11450506329426871,-0.9995694413190325,0.31454294359928214,202605,-1.364564070033932,False,Q4_large
8005,중국음식,경기도,안산시 상록구,2644030000,108517,24365.122515366256,0.8297756401729481,0.04139300833733009,2.1142291840020158,0.20629312558320936,-1.2578595109547577,0.32210265069863037,202605,-0.43528840410902436,True,Q4_large
8005,중국음식,경기도,안성시,2276240000,82545,27575.746562481072,2.1724177874419084,0.191786305242976,3.828890861350706,0.3735397759477097,-1.595387430383783,0.5395376915154769,202605,2.0489497908097087,False,Q3
8005,중국음식,경기도,안양시 동안구,2842790000,98814,28769.10154431558,-0.22608827612878024,0.005567570040047629,0.6067539379503631,0.044657088123773205,-0.8278193873473325,0.15474990373313208,202605,-1.447613583742866,False,Q3
8005,중국음식,경기도,안양시 만안구,2010450000,80431,24995.959269435913,0.8728200300917471,0.10227121104675016,2.024771654433475,0.4350547784300743,-1.1290901274873821,0.3439864638799305,202605,-0.11920890355911709,True,Q3
8005,중국음식,경기도,양주시,2300050000,86230,26673.431520352544,1.126837479946741,0.08678206322639234,1.7023831127156588,0.2183044327020574,-0.5659116484331569,0.23048835339028373,202605,0.0010721105575752829,True,Q3
8005,중국음식,경기도,양평군,674690000,22004,30662.15233593892,3.7097191931117255,0.44225713526858806,3.790902100121242,0.479569429945131,-0.0782177487302598,0.004067888540858349,202605,3.2443453014042216,False,Q2
8005,중국음식,경기도,여주시,1064660000,36072,29514.859170547792,-0.31165531434188676,0.004805291706780111,0.8572882292608753,0.04198254335838761,-1.1590075086548095,0.4452313849630779,202605,-1.7281188360991473,False,Q2
8005,중국음식,경기도,연천군,271370000,9633,28170.87096439323,1.8572830114637204,0.2093421142073145,1.416778741932584,0.17151092637144064,0.43435048420543043,0.05261566662356569,202605,0.4046414796187304,False,Q1_small
8005,중국음식,경기도,오산시,3581850000,117640,30447.55185311119,-0.1075373732716767,0.0014149654406564217,0.790052883740438,0.09754541303992534,-0.8905544062443642,0.18957952667730346,202605,-1.5448051169700467,False,Q4_large
8005,중국음식,경기도,용인시 기흥구,2287290000,87668,26090.363644659396,-0.09329617145835586,0.0010128091738835678,0.7993796309960496,0.05449860953969307,-0.8855965242269164,0.2059448855983921,202605,-0.8465121025300458,False,Q3
8005,중국음식,경기도,용인시 수지구,2415420000,70981,34029.10638058072,-1.5065977229164362,0.15332060989299262,-0.29350837543553165,0.016257769041524334,-1.2166603475014444,0.11482940728220999,202605,-3.604186219478192,False,Q3
8005,중국음식,경기도,용인시 처인구,2748910000,92330,29772.663273042348,1.2225356120133848,0.14359012848046435,1.6473708916189422,0.19697240339481048,-0.41795009145735834,0.06343967065940888,202605,0.4397831300816975,False,Q3
8005,중국음식,경기도,의왕시,898560000,32709,27471.338163808126,-0.802186699527331,0.10524932457985568,0.15032408449497942,0.0036318147331658246,-0.9510810800958412,0.281772961611073,202605,-1.792611545392049,False,Q2
8005,중국음식,경기도,의정부시,2831000000,108287,26143.489061475524,-0.9245562222966854,0.07414072866305972,0.371841876488688,0.013875042973600718,-1.2915954061903232,0.5496525442253549,202605,-2.338904526670177,False,Q4_large
8005,중국음식,경기도,이천시,2252380000,82077,27442.279810421922,-0.3229105677928938,0.01331380608235109,0.8266917634972332,0.06451287017496113,-1.140176585369573,0.48988980561288015,202605,-1.275420048288302,False,Q3
8005,중국음식,경기도,파주시,3695620000,131892,28020.04670487975,-1.3219798125897897,0.1864167364943557,-0.33783968425949046,0.014663349924481806,-0.9874762148566986,0.2869937298284435,202605,-2.559452824029335,False,Q4_large
8005,중국음식,경기도,평택시,6578480000,225898,29121.461898733058,0.2729676462309259,0.008993286810189897,1.6943483492500646,0.21239950539065802,-1.3976988161993567,0.6723640181557233,202605,-0.5476957412846203,True,Q4_large
8005,중국음식,경기도,포천시,1669540000,57474,29048.613286007585,2.9412712191776746,0.34904360982123933,3.36600351268571,0.4232438319529332,-0.41090133997091016,0.0997203250444924,202605,2.3524726873181847,False,Q2
8005,중국음식,경기도,하남시,2505010000,86123,29086.42290677287,-2.297853122431748,0.33111146650306506,0.16476232205105665,0.004147369153314823,-2.4585646562660193,0.5071979219848028,202601,-1.6149829124233426,False,Q3
8005,중국음식,경기도,화성시 동탄구,2624810000,87903,29860.30055857024,-0.6129901905047702,0.040380085053428216,1.4986532274051945,0.2505549022926475,-2.0804644699854737,0.8603629328640723,202601,0.7084435505234078,False,Q3
8005,중국음식,경기도,화성시 만세구,3520540000,127204,27676.330932989527,1.8279608432018188,0.24810138381208444,1.901628537098807,0.29048414281091356,-0.07229295051961715,0.010699803501576663,202605,1.4543370276582526,False,Q4_large
8005,중국음식,경기도,화성시 병점구,1091500000,40181,27164.580274258977,-1.174059845778191,0.09100010133034137,-0.3211368184792622,0.010058056305080703,-0.8556709016090288,0.28232205966395973,202603,-1.403731290197861,False,Q2
8005,중국음식,경기도,화성시 효행구,1282280000,48024,26700.816258537398,-0.39520700146663934,0.019686653199806295,1.526951394762147,0.18782951928716482,-1.8932493981375684,0.5741180719070808,202605,-1.6399978992933502,False,Q2
8005,중국음식,경상남도,거제시,1664660000,54035,30807.069491995928,1.1380175927705987,0.04604650300481909,2.161586323105629,0.137236607215372,-1.0019115473577194,0.5153066247376071,202605,-1.454950460828241,True,Q2
8005,중국음식,경상남도,거창군,395920000,12816,30892.63420724095,1.9657611021434054,0.08427875132617718,6.134709399931433,0.49029975907545564,-3.9279782470396234,0.7704123417977731,202605,-0.9046012604092935,True,Q1_small
8005,중국음식,경상남도,고성군,388880000,14570,26690.459849004805,7.421572432557914,0.7881409923823002,8.71800564738307,0.825964984671743,-1.1924733231678468,0.41249500785416976,202606,5.013513569146939,False,Q1_small
8005,중국음식,경상남도,김해시,4458850000,173107,25757.768316705853,3.5304281288944126,0.21266319239355566,5.06685709728264,0.382419903084227,-1.4623345656620175,0.47658182220899425,202605,0.5188591914722003,False,Q4_large
8005,중국음식,경상남도,남해군,516090000,18517,27871.145433925583,10.323878815446417,0.707610240223763,12.003778354641614,0.7430408123244846,-1.4998597046217879,0.6120945642961476,202605,11.690459193090804,False,Q2
8005,중국음식,경상남도,밀양시,695390000,24617,28248.364951050087,-3.890802073659515,0.5249287196553782,-2.7961492684966425,0.38333047080535637,-1.1261413996721008,0.22150928307369414,202601,-3.8885407926195583,False,Q2
8005,중국음식,경상남도,사천시,1106850000,37826,29261.61899222757,1.009398198678515,0.048816805159177176,3.33604365991566,0.33512253792014707,-2.2515333264492314,0.7804976507858112,202605,-1.2157400810324304,True,Q2
8005,중국음식,경상남도,산청군,229800000,8225,27939.20972644377,0.38598168892641993,0.004888506987774978,1.6836796120038273,0.09382562450565284,-1.2762106249784566,0.7040321770572304,202605,-2.200304192913781,True,Q1_small
8005,중국음식,경상남도,양산시,2205410000,83962,26266.763535885282,-3.735181887605911,0.7605809723955056,-3.0856605072194507,0.6526393099743322,-0.6702015241354924,0.11261950567418562,202602,-4.785639426267658,False,Q3
8005,중국음식,경상남도,의령군,122250000,4728,25856.598984771572,0.3457482013696664,0.00326574827897004,0.019020544863208373,1.2723304606172246e-05,0.3266655229441138,0.036819018762912534,202605,-2.068276100420867,True,Q1_small
8005,중국음식,경상남도,진주시,2079020000,75220,27639.191704333953,0.7884802542894382,0.030152906307925113,2.7601575052910228,0.29793271762921114,-1.9187176225377172,0.43898532796868184,202605,-1.3816999766657325,True,Q3
8005,중국음식,경상남도,창녕군,516310000,20367,25350.321598664505,-3.810943052333202,0.5110360933783525,-2.999738575751465,0.49738137865295456,-0.836291020942545,0.2954154023048675,202601,-4.06226460383632,False,Q2
8005,중국음식,경상남도,창원시 마산합포구,1808260000,71265,25373.74587806076,3.930554823296084,0.23960608967677716,5.649433017714889,0.4122288415639335,-1.6269639555288282,0.4865126283190445,202605,1.1015226674108423,False,Q3
8005,중국음식,경상남도,창원시 마산회원구,1268950000,54882,23121.424146350353,6.836523110690798,0.3417124810391622,8.80115415466121,0.4597910628477167,-1.805707907452617,0.7428747809207303,202605,2.9086815009233384,False,Q2
8005,중국음식,경상남도,창원시 성산구,2602630000,88305,29473.189513617577,1.3964365720498504,0.05045270389464375,3.7828177344656524,0.2737006940793145,-2.299399086004306,0.957124288395804,202605,-1.5552025930093756,True,Q3
8005,중국음식,경상남도,창원시 의창구,1679270000,68346,24570.12846399204,5.270617977388783,0.3069071645258389,6.319493018225324,0.3771834380582519,-0.9865312663377248,0.3531416901535537,202605,1.8986355797934305,False,Q3
8005,중국음식,경상남도,창원시 진해구,1820040000,68775,26463.685932388224,6.793755126766024,0.4473520510657164,8.27759610383185,0.5408530430941769,-1.3704044331044396,0.6722840313668019,202605,4.01463521497349,False,Q3
8005,중국음식,경상남도,통영시,977030000,36589,26702.83418513761,2.0516656624350698,0.06531582184289103,3.226885437704559,0.1580251243074505,-1.1384822571041298,0.4717774732484305,202605,-1.7538587132923862,True,Q2
8005,중국음식,경상남도,하동군,334100000,12203,27378.51348029173,10.167369494314944,0.6057332222940041,10.689804440185268,0.7330278042838191,-0.47198109032033375,0.04417681305344192,202605,7.773215218799033,False,Q1_small
8005,중국음식,경상남도,함안군,694800000,30968,22436.06303280806,0.35069478997523157,0.007275640271918245,1.3254073159492343,0.1223945960407197,-0.9619626032537816,0.16674433937395244,202605,-1.4656155812341138,True,Q2
8005,중국음식,경상남도,함양군,183320000,7307,25088.27152045983,3.172369138460328,0.1454925716291712,4.176794354500365,0.30157840056092167,-0.9641544667059406,0.18089642280994062,202605,-0.2676876031490717,True,Q1_small
8005,중국음식,경상남도,합천군,336200000,12235,27478.545157335513,7.749949438023792,0.48195521188063867,9.565488216930754,0.6329211438320826,-1.6570352658058827,0.48142941886816915,202605,5.599949381708957,False,Q1_small
8005,중국음식,경상북도,경산시,1711940000,75231,22755.778867753983,4.569543618420172,0.34830736029281817,7.484020469237025,0.36484453463414257,-2.711544318953899,0.27877359278457575,202605,4.4873239822673385,False,Q3
8005,중국음식,경상북도,경주시,2305150000,83390,27643.002758124476,-2.2030835622354252,0.3524328270284937,-0.8986686492461544,0.13125885671386647,-1.3162435814030995,0.4625826516176473,202605,-3.6764505336833153,False,Q3
8005,중국음식,경상북도,고령군,329360000,14837,22198.557659904294,0.2671189122840781,0.004329314901256205,0.7376514934354094,0.023276472829018586,-0.46708710613726545,0.04016093978912566,202605,-0.10676484470212481,True,Q1_small
8005,중국음식,경상북도,구미시,2596090000,99178,26176.067272983928,-0.32807818331542277,0.007492582978616509,0.6350909893844604,0.038959774602406474,-0.9570907754249245,0.27542994854059005,202605,-2.233351756100942,False,Q3
8005,중국음식,경상북도,김천시,834400000,34144,24437.67572633552,-0.06200116797610096,0.0005653896541093545,0.42533419465751743,0.01499638600842733,-0.4852713376975794,0.09332883005979883,202605,-0.7956240697651199,False,Q2
8005,중국음식,경상북도,문경시,418320000,15611,26796.489654730638,1.1036196286464661,0.06057788636731262,0.8164620185358252,0.04614272427290664,0.2848320644875197,0.015494343112473533,202605,-0.5285957639537588,True,Q1_small
8005,중국음식,경상북도,봉화군,142080000,5233,27150.77393464552,4.4099708686206185,0.4864496626275896,4.555335475602288,0.5553092745553939,-0.13903126638197172,0.014460170841865268,202605,4.381749421341414,False,Q1_small
8005,중국음식,경상북도,상주시,1532760000,55863,27437.838998979645,2.0890773155848636,0.13920043644750488,3.716602914514538,0.429905200214555,-1.5692044987928908,0.3740050594710691,202605,2.1502917979668292,False,Q2
8005,중국음식,경상북도,성주군,339310000,13894,24421.332949474592,0.8788416468854645,0.0735063795888707,0.7225886212200883,0.03627672714764894,0.15513205905875307,0.013932544904995025,202605,0.3455960962593197,False,Q1_small
8005,중국음식,경상북도,안동시,1076220000,54079,19900.88574123042,-0.28600693158228774,0.008964790342244823,2.0017227422539876,0.3066065189777312,-2.2428343486090285,0.772520209294462,202605,-1.6123337427404434,False,Q2
8005,중국음식,경상북도,영덕군,411030000,15129,27168.35217132659,0.23638789621941844,0.00319293716441914,1.3286770549273927,0.1531948468115357,-1.077966465619489,0.3299904908699328,202605,-1.8143626767179053,False,Q1_small
8005,중국음식,경상북도,영양군,136160000,5253,25920.426422996385,17.139209970568317,0.6740400516933293,20.052729778244753,0.7466264263711707,-2.4268667718410897,0.7851494442298257,202604,21.416862689921683,False,Q1_small
8005,중국음식,경상북도,영주시,622840000,25589,24340.146156551644,-0.15066466866594544,0.0022200061273839763,1.5483719906052518,0.21730928302921904,-1.6731303771451735,0.4987355224191586,202605,-1.3958670929324923,False,Q2
8005,중국음식,경상북도,영천시,814650000,35926,22675.777988086622,1.2424165295570724,0.1194915615352768,2.2228062364294585,0.2981700797308635,-0.9590714078078371,0.40703567678954744,202605,1.0143790574411722,False,Q2
8005,중국음식,경상북도,예천군,264020000,9523,27724.4565788092,0.930052319511207,0.13452320806138646,2.5156071030305176,0.4404182480894295,-1.5466472162875844,0.32819911364313203,202605,-0.06767097136759562,True,Q1_small
8005,중국음식,경상북도,울릉군,112300000,2764,40629.52243125904,23.783187171147933,0.8739538850467937,20.27727559346001,0.8556424589839643,2.9148578236324036,0.7093589524811703,202605,29.38337079017856,False,Q1_small
8005,중국음식,경상북도,울진군,323390000,12141,26636.191417510912,-1.70811504777244,0.07113548257308033,-1.0037702031967706,0.06667382676628815,-0.71148653440782,0.06838317577713518,202605,-5.233116103885059,False,Q1_small
8005,중국음식,경상북도,의성군,253100000,9938,25467.900986113906,0.7331047853983431,0.014590339432093032,2.297021729419717,0.13328587350683133,-1.5288000741194951,0.5740811939024507,202603,0.8488494519917055,False,Q1_small
8005,중국음식,경상북도,청도군,384970000,14344,26838.39933073062,-0.945382354243398,0.03848937838000418,0.07369835306133472,0.0002837281723886589,-1.018330214707767,0.2849905067317007,202605,-2.355385317221642,False,Q1_small
8005,중국음식,경상북도,청송군,169310000,6565,25789.79436405179,1.0681225223304505,0.09328228010946368,1.8956889899511302,0.13764607459726183,-0.8121702456934107,0.11970398895482563,202605,0.7725092001622798,False,Q1_small
8005,중국음식,경상북도,칠곡군,1043320000,45698,22830.758457700555,-1.2281521241647322,0.16101820470878758,-0.11168751915047836,0.0014881720879657545,-1.1177129508803305,0.4284858760078021,202605,-2.4424559036997735,False,Q2
8005,중국음식,경상북도,포항시 남구,3256110000,111585,29180.5350181476,-1.5143742916497578,0.15175634732486734,0.3375104957785323,0.013481255584697692,-1.8456555063783737,0.5904173620167764,202605,-3.334303682092389,False,Q4_large
8005,중국음식,경상북도,포항시 북구,3243270000,116395,27864.341251771984,-1.031899620587415,0.04955681113830208,0.33875373120670615,0.01118974706908826,-1.36602588812883,0.40089413052726813,202605,-3.3830726111279548,False,Q4_large
8005,중국음식,광주광역시,광산구,4559160000,156266,29175.636414831122,0.6925697481546544,0.020162037541730675,3.472546627013843,0.3671509229149604,-2.6866806408854904,0.8396661223370862,202605,-1.586132087548168,True,Q4_large
8005,중국음식,광주광역시,남구,2071440000,72839,28438.611183569243,1.8836995563007306,0.1294665393563409,3.8032776797631738,0.42410034728914037,-1.8492461571246084,0.7856866646583942,202605,-0.3431761038530736,True,Q3
8005,중국음식,광주광역시,동구,1961990000,67402,29108.780154891545,0.33238900828530094,0.004020979349001996,2.757536551548078,0.23618464256943186,-2.3600678107402837,0.483759262810987,202605,-2.4487312534883188,True,Q3
8005,중국음식,광주광역시,북구,4326690000,169484,25528.60447003847,1.4935852903686606,0.10971728510342077,3.3929067724622626,0.39631665672303196,-1.8369939886431916,0.626576322374512,202605,-0.46961102874348165,True,Q4_large
8005,중국음식,광주광역시,서구,3434450000,115525,29729.062973382384,0.8639819637550906,0.04289278456029469,2.1074355759933225,0.21239051635488868,-1.217789483423857,0.48430060511593315,202605,-1.1546186312631639,True,Q4_large
8005,중국음식,대구광역시,군위군,205830000,8637,23831.19138589788,13.263538773686884,0.8191472135992189,13.910692455350368,0.8875526704818437,-0.5681237359847753,0.07330905700234626,202605,13.804336932795266,False,Q1_small
8005,중국음식,대구광역시,남구,1476880000,71949,20526.762011980707,2.404490406492933,0.1874987628652863,5.411119733418386,0.5699865137370042,-2.852288576887438,0.7904370173256865,202605,1.1055958755508883,False,Q3
8005,중국음식,대구광역시,달서구,5854140000,242049,24185.764039512662,0.8349882013969417,0.026289931684856407,1.518363399212022,0.09704244510046832,-0.6731542697627592,0.10270436676201286,202605,-0.45571829332520075,True,Q4_large
8005,중국음식,대구광역시,달성군,2788670000,111697,24966.38226630975,0.5721789223522254,0.009854479908217226,1.6357165482688487,0.13102723793531312,-1.0464211421301806,0.20826271733360172,202605,-1.1601822938607866,True,Q4_large
8005,중국음식,대구광역시,동구,3035940000,127337,23841.774189748463,0.6046747498992449,0.010898978440308228,2.6357726551798493,0.19218766640929869,-1.97893760892154,0.7292741593046808,202603,1.389126366839514,False,Q4_large
8005,중국음식,대구광역시,북구,4197760000,183693,22852.04117739925,-0.051010540777437476,8.649375737177948e-05,2.370684372933872,0.2091267054772282,-2.3656136798783858,0.5206053536517347,202603,0.6270811157395026,False,Q4_large
8005,중국음식,대구광역시,서구,1505750000,65786,22888.608518529778,1.673999815143417,0.09911214480612819,4.3235209558007,0.39735064674226117,-2.539715987710797,0.8695151570851993,202605,-0.08629340851030255,True,Q3
8005,중국음식,대구광역시,수성구,5474080000,170235,32156.019619937146,-2.394823040666333,0.1952847021273211,-0.7691866132846088,0.029157131827592324,-1.638237531165222,0.32052935689150003,202603,-2.6328947014528863,False,Q4_large
8005,중국음식,대구광역시,중구,3990640000,134736,29618.216363852272,-1.0632376067332485,0.0342326431330773,1.277747644445865,0.045263873597289,-2.3114507437483827,0.8674348216297525,202603,-0.7556605214060733,False,Q4_large
8005,중국음식,대전광역시,대덕구,964060000,40992,23518.247462919593,1.2572949526758515,0.175650564087996,1.8565241744124525,0.3346280677608955,-0.5883071571444213,0.258920045118749,202605,0.16427962004869265,True,Q2
8005,중국음식,대전광역시,동구,1665980000,62637,26597.37854622667,0.2562219620485893,0.005858781631821544,2.7670370490314227,0.271047749981697,-2.443210545989497,0.5639554315943711,202605,-1.0916445872316685,True,Q3
8005,중국음식,대전광역시,서구,3040930000,110249,27582.381699607253,-1.1718861202919997,0.15138477234065317,0.3662508012323057,0.021244089991831847,-1.5325240399488997,0.5793732580452672,202605,-2.8356649058438266,False,Q4_large
8005,중국음식,대전광역시,유성구,2942200000,104312,28205.76731344428,0.17780477183213508,0.0031181536167953572,1.9587563644112775,0.20611241813324335,-1.7467372652269213,0.5376074156365109,202605,-0.8811187895882452,False,Q4_large
8005,중국음식,대전광역시,중구,1919850000,73839,26000.48754723114,2.456872916553087,0.34457621625239776,2.268389344484577,0.4013322289090844,0.1843028655057971,0.007721173018992277,202605,1.3903704097530594,False,Q3
8005,중국음식,부산광역시,강서구,2134970000,85273,25036.881545154974,1.0268820837179202,0.09293312345768433,2.8428732544422473,0.5960146488451287,-1.7657919438242564,0.5403294757122794,202605,-0.27742875685012236,True,Q3
8005,중국음식,부산광역시,금정구,2429810000,101155,24020.66136127725,2.760433643317298,0.25619181899063453,5.248669123754157,0.5326687492348342,-2.36414911575851,0.6355901311650611,202605,1.2569341888990113,False,Q3
8005,중국음식,부산광역시,기장군,2360700000,83646,28222.509145685388,1.7308289533211192,0.09438537438394227,3.081574373339934,0.3038158425380189,-1.3103655315999714,0.43114010186685203,202605,-0.8839412235535116,True,Q3
8005,중국음식,부산광역시,남구,3327110000,125672,26474.552804125025,2.177580522373391,0.20704503575517627,4.365443632392522,0.4856314004190056,-2.096348210548943,0.4862692700245437,202605,0.7751713875876912,False,Q4_large
8005,중국음식,부산광역시,동구,3109900000,83558,37218.45903444314,-0.44359857806611375,0.012610960389936745,2.554720991020271,0.28615278277091893,-2.9236290051911733,0.810199723214635,202605,-2.631301483978262,False,Q3
8005,중국음식,부산광역시,동래구,3959850000,141349,28014.701200574465,2.0012060842106916,0.19210171170351292,3.468072951888937,0.4366683194042842,-1.4176999975252156,0.4256715168780445,202605,0.13677752923130315,True,Q4_large
8005,중국음식,부산광역시,부산진구,6235190000,239745,26007.59139919498,3.451703591191628,0.35303420146201253,4.7575539507961455,0.5545516198738588,-1.246545294688652,0.4786148822573216,202605,1.6942767082773813,False,Q4_large
8005,중국음식,부산광역시,북구,2291240000,88030,26027.94501874361,3.509203645794147,0.19521718595257684,5.59540999318948,0.454288866411659,-1.975660066597503,0.5525446712066764,202605,0.2845242346441093,False,Q3
8005,중국음식,부산광역시,사상구,2281800000,89480,25500.670540902996,3.983270843752465,0.48424206110924906,6.550575311134252,0.6433392058050562,-2.409470300732847,0.48586443668344137,202605,2.802794115195188,False,Q3
8005,중국음식,부산광역시,사하구,2898710000,119014,24356.042146302116,3.0472379736051685,0.19127977674663707,4.83984768695834,0.4497443368283425,-1.7098553201886701,0.5201250155221889,202605,0.20820521288619454,True,Q4_large
8005,중국음식,부산광역시,서구,1144780000,50077,22860.39499171276,5.244050763568956,0.5008950708244877,6.923692899350319,0.7102871979881743,-1.5708792787043493,0.46035830573488057,202605,3.727445038964452,False,Q2
8005,중국음식,부산광역시,수영구,2823400000,94116,29999.14998512474,1.9339973728240236,0.1165885349071287,2.8219161644332202,0.316603831844053,-0.8635501308779677,0.230388979761249,202605,-0.6023003935167481,True,Q3
8005,중국음식,부산광역시,연제구,2806660000,96878,28971.077024711492,1.8625721135475362,0.15149364279087524,3.57350621097179,0.5138943862887679,-1.6519032328009065,0.39585614524962576,202605,-0.17287772853231467,True,Q3
8005,중국음식,부산광역시,영도구,1191830000,47864,24900.34263747284,5.747322626607154,0.4333071054891742,7.366678320864686,0.597469101691187,-1.5082479215926714,0.5454768241670359,202605,3.245833255708185,False,Q2
8005,중국음식,부산광역시,중구,1927330000,68809,28009.853362205526,2.1953495451184626,0.17656319177628313,4.842762254820088,0.5442174113623811,-2.5251268211220204,0.7959532776876197,202605,0.10152985798652377,True,Q3
8005,중국음식,부산광역시,해운대구,3722030000,140258,26537.024626046285,1.1270342369126232,0.044876821051012476,2.921294468686252,0.32552800484927275,-1.7433323599709345,0.49526961138101927,202605,-1.451628877362284,True,Q4_large
8005,중국음식,서울특별시,강남구,13618130000,359172,37915.34418050405,-3.3767731823984737,0.5814879040742391,-1.9889362333804093,0.348262563867043,-1.416000291888211,0.48679085504139763,202601,-1.444384484693222,False,Q4_large
8005,중국음식,서울특별시,강동구,3025870000,126500,23919.9209486166,-0.5807914081294687,0.051434791312739134,-0.5787750330821563,0.03900332830491771,-0.002028113260511825,1.2167309923554594e-06,202605,-1.4885305409758862,False,Q4_large
8005,중국음식,서울특별시,강북구,1774340000,77301,22953.64872381987,-1.265641183639815,0.12446829453991935,-1.2497651494386046,0.17667253987691256,-0.016076958424630684,5.6351169910272805e-05,202605,-3.055003518733422,False,Q3
8005,중국음식,서울특별시,강서구,4636130000,166174,27899.25018354255,-1.5629785720474692,0.17731007552862213,-1.2443278884576305,0.17994222619416836,-0.3226657029176963,0.025755943885911247,202605,-3.209783451170279,False,Q4_large
8005,중국음식,서울특별시,관악구,4332270000,159438,27172.1296052384,0.18977978043222934,0.0033628878678957715,0.5356037098133656,0.027604088674650067,-0.34398155143064585,0.04529428697985914,202605,-0.7685503227066228,False,Q4_large
8005,중국음식,서울특별시,광진구,6192120000,177919,34803.02834435895,-0.7140298612932476,0.0409119644742049,1.051114562293295,0.0635949836980737,-1.7467837254762821,0.44910318956426115,202605,-1.9475940537119478,False,Q4_large
8005,중국음식,서울특별시,구로구,5727410000,197365,29019.380335925824,0.7971796324392417,0.10466300339488012,1.7181481749621172,0.19293537069319436,-0.9054122190061478,0.17915485378793794,202605,0.22879912068765876,True,Q4_large
8005,중국음식,서울특별시,금천구,3197580000,114755,27864.406779661018,-0.676464086743869,0.10445417746134703,-0.24061829329871465,0.004977677996344015,-0.43689704766473786,0.037111242114011955,202601,0.031964338436470056,False,Q4_large
8005,중국음식,서울특별시,노원구,2669450000,107176,24907.162051205494,-2.479158328693603,0.32454352323558633,-1.3248929397770415,0.11159016536152472,-1.1697635029796019,0.20035392925209114,202601,-2.3320358260983687,False,Q4_large
8005,중국음식,서울특별시,도봉구,1232330000,52357,23537.062856924575,-0.006566833163004838,3.4843054519572516e-06,1.1383192854198658,0.09116611207587878,-1.1320003403971621,0.40658333487610804,202605,-1.2232556846800622,False,Q2
8005,중국음식,서울특별시,동대문구,3116050000,127497,24440.18290626446,1.18709944823554,0.09382713914454534,3.0130491126216583,0.25717555017434,-1.7725421003603696,0.4588885511547206,202605,0.7206794743091751,False,Q4_large
8005,중국음식,서울특별시,동작구,2639820000,111516,23672.118799096093,0.8500307394167615,0.047040631104162546,1.6170592835667483,0.08799855601438224,-0.7548226149800471,0.10016608479352368,202603,1.1930928505049605,False,Q4_large
8005,중국음식,서울특별시,마포구,7272780000,234677,30990.59558456943,-2.1142187728751356,0.33492729346197847,-0.8061683481154227,0.06143614411240322,-1.318681215330274,0.4317538594451477,202601,-1.620589333687168,False,Q4_large
8005,중국음식,서울특별시,서대문구,3956250000,134967,29312.720887328014,0.8501934766356433,0.05843043124211368,2.6875246962949415,0.20041229915820455,-1.7892448231597073,0.3580537338407341,202603,1.1802766556905842,False,Q4_large
8005,중국음식,서울특별시,서초구,9012680000,221070,40768.444384131726,-2.1285546049363653,0.33979177820676787,-1.0221341081295092,0.13759755237282945,-1.1178463859946302,0.2962996564808912,202601,0.020072594296560796,False,Q4_large
8005,중국음식,서울특별시,성동구,2711540000,103896,26098.598598598597,1.118784346994166,0.09582197190461314,0.6606846362191695,0.03139577353072358,0.45509298136659043,0.037775859200770825,202605,0.10707881016728549,True,Q4_large
8005,중국음식,서울특별시,성북구,2911070000,115658,25169.6380708641,0.5237161840369832,0.01631970442577761,2.635535300578984,0.2204618543569054,-2.057590590195994,0.5898963565520715,202603,0.686699168103029,False,Q4_large
8005,중국음식,서울특별시,송파구,6488720000,207941,31204.620541403572,-2.0302581913956628,0.37536294769484013,-0.9344171426763991,0.1059108816899141,-1.106177359595731,0.26807157084237493,202601,-1.6434493914414945,False,Q4_large
8005,중국음식,서울특별시,양천구,2515530000,101382,24812.39273243771,-1.4843859528599788,0.18591954070488212,-0.8500683636576047,0.07560178145285551,-0.6397559521562608,0.1416246319964108,202601,-0.12566117942285737,False,Q3
8005,중국음식,서울특별시,영등포구,13247710000,353623,37462.80643510179,-1.0280192743500778,0.14642987579013667,-0.18988766196857046,0.0076843645791470966,-0.8397261487322888,0.2695123130474816,202605,-2.37205905771284,False,Q4_large
8005,중국음식,서울특별시,용산구,12116370000,466310,25983.50882460166,-3.0432315344650367,0.41531493753990534,-2.525554458762342,0.415766330337684,-0.5310900439887342,0.2874396778205457,202601,-1.8093845178808066,False,Q4_large
8005,중국음식,서울특별시,은평구,2531550000,101315,24986.921976015397,-0.5626336708162151,0.035150520007107916,0.5489724896592784,0.028572480693795817,-1.1055370661194759,0.6463566613802489,202603,-0.7049461912193998,False,Q3
8005,중국음식,서울특별시,종로구,5623880000,161916,34733.318510832774,-0.9662443295374329,0.10020059927266581,-0.2874244871032995,0.008317441385946185,-0.6807765609728139,0.10731957994481031,202601,0.22947805685094866,False,Q4_large
8005,중국음식,서울특별시,중구,7277650000,228264,31882.600848140748,-2.0135816478006534,0.481405252833178,-0.8533773452328163,0.07290704786252657,-1.1701904427019147,0.511946568581335,202601,-1.0647890203374215,False,Q4_large
8005,중국음식,서울특별시,중랑구,1676100000,83073,20176.230544220143,-1.2548956211239022,0.11225182590560581,-0.4510231231820631,0.01644657209219096,-0.8075145753999785,0.32896531090898795,202603,-1.6331793520893378,False,Q3
8005,중국음식,세종특별자치시,세종특별자치시,2870880000,96156,29856.483214775988,-1.559755968730731,0.12215351895927505,-0.22500385036877255,0.003441860014708904,-1.3377621346738149,0.41623079976666416,202601,0.47841363692717787,False,Q3
8005,중국음식,울산광역시,남구,3201140000,108820,29416.835140599156,-2.837823658267921,0.515965491914427,-1.8769550304601825,0.44648291798562495,-0.9792486852665242,0.42798583044480126,202601,-1.9064965189628351,False,Q4_large
8005,중국음식,울산광역시,동구,1632630000,69642,23443.18083914879,1.9727633419694306,0.10969502165370797,2.968914556230588,0.2832906749377069,-0.9674290717294032,0.2658590507361806,202605,-0.4047498255750428,True,Q3
8005,중국음식,울산광역시,북구,1076000000,41587,25873.470074782985,-0.164821918400053,0.0011520448393610321,-0.26077896417489554,0.002608633580877066,0.09620793583337299,0.023727798107485668,202605,-2.684426073268034,False,Q2
8005,중국음식,울산광역시,울주군,1991830000,73135,27234.976413481916,2.0399035126438423,0.17754464228058983,2.6947296187603156,0.30382111407488815,-0.6376433421144216,0.5193009898271537,202605,0.19437532096501622,True,Q3
8005,중국음식,울산광역시,중구,1425120000,47126,30240.63149853584,-2.108776428823802,0.17759328987909753,-2.0271047723531583,0.32548658560368926,-0.08336148103088029,0.002514669791409396,202601,0.3002353221430971,False,Q2
8005,중국음식,인천광역시,강화군,665330000,20786,32008.563456172426,2.930065142556368,0.1469482332470489,1.585666863554986,0.07316038863195412,1.3234133520107014,0.2559345020242267,202605,1.0083863833258606,False,Q2
8005,중국음식,인천광역시,계양구,1489000000,57168,26046.039742513294,-2.6967411865421527,0.3129393228317164,-2.3478156375158257,0.2615985374266544,-0.35731463797177593,0.06313604106831687,202603,-3.6760817988065164,False,Q2
8005,중국음식,인천광역시,남동구,3384600000,125817,26900.975225923365,-2.99136728009036,0.41677650973813635,-2.5161982237511618,0.3222726537383559,-0.487433858426857,0.12323737465686253,202601,-2.8889725024843695,False,Q4_large
8005,중국음식,인천광역시,동구,339040000,17863,18980.014555225887,-1.7349206764497644,0.18925965264875572,-1.4059934308824564,0.10110436430825025,-0.33361789120184476,0.04732508742858852,202603,-2.466533002807534,False,Q2
8005,중국음식,인천광역시,미추홀구,2745270000,101526,27040.068553867975,-1.574827169540935,0.1303351539832596,-0.021976276367391245,2.4043807955171605e-05,-1.553192226989874,0.5495012865418251,202603,-2.2481773140306562,False,Q4_large
8005,중국음식,인천광역시,부평구,4149340000,146445,28333.777185974257,-2.0223033369237986,0.29969010596664597,-1.0126788883052444,0.08785839804863166,-1.0199533003619112,0.4677364926919944,202603,-2.72682703278758,False,Q4_large
8005,중국음식,인천광역시,서구,4088410000,156666,26096.345090830175,-3.012747382268284,0.4494025137194214,-2.0135428514680753,0.25841794405966373,-1.0197373799172063,0.4575665457513941,202603,-4.065637332188989,False,Q4_large
8005,중국음식,인천광역시,연수구,2961340000,96759,30605.31836831716,-3.341860621326296,0.326631920371642,-1.326722793781861,0.07863030232605432,-2.042232592855941,0.5966400571927662,202603,-4.4549341586893245,False,Q3
8005,중국음식,인천광역시,옹진군,219180000,6777,32341.74413457282,8.11334026854577,0.5372219591955706,9.71747768218548,0.6162614456727062,-1.4620618770387672,0.386283341277532,202605,7.05615161686836,False,Q1_small
8005,중국음식,인천광역시,중구,4052380000,113962,35559.04599778874,-0.8043365215812392,0.016788482662721795,0.19316728636242206,0.001250706495806695,-0.995580671776442,0.28006449321691546,202605,-2.8999168085344156,False,Q4_large
8005,중국음식,전라남도,강진군,213100000,7108,29980.30388294879,4.57154440217827,0.528488106758388,4.670977122202117,0.7035288896742475,-0.09499550186459776,0.0017465933268949654,202605,4.30948525885559,False,Q1_small
8005,중국음식,전라남도,고흥군,475780000,16372,29060.591253359395,0.8213093883536453,0.4053056809207205,1.9334112961446128,0.6050461830847809,-1.091008231403141,0.4248473281543594,202605,0.5215875004864491,False,Q1_small
8005,중국음식,전라남도,곡성군,377290000,12997,29029.00669385243,14.202522919131969,0.7719057665082042,13.615769793791507,0.7805116953474984,0.516436341896383,0.16783792606460368,202605,14.822317775200569,False,Q1_small
8005,중국음식,전라남도,광양시,1150920000,40617,28335.91845778861,-1.8776108162174787,0.4791624955164238,-1.1051476017814141,0.21593921882724415,-0.781095472315968,0.20028848978211494,202601,-1.1223312957156613,False,Q2
8005,중국음식,전라남도,구례군,152150000,5001,30423.915216956608,1.3871944979910886,0.04043540297658649,2.1669118569701356,0.054505660953775556,-0.7631799227431035,0.0775587654380347,202603,2.277222348760791,False,Q1_small
8005,중국음식,전라남도,나주시,1072860000,36401,29473.366116315487,0.40936874157409553,0.014327444669171508,2.024960084784123,0.26357125576543694,-1.5835255822373602,0.36285195140676946,202605,-0.8707181360212908,True,Q2
8005,중국음식,전라남도,담양군,530300000,19047,27841.654853782748,-1.6287968311986107,0.19630700963160772,-0.17441102487487892,0.008495552667422248,-1.4569268473698969,0.23836503636714693,202605,-3.5111440102720826,False,Q2
8005,중국음식,전라남도,목포시,2372750000,85333,27805.772678799527,2.638240513870024,0.10891668541869513,4.89251116759272,0.3323255742671404,-2.1491244976687858,0.565119279396381,202605,-1.0149483909036554,True,Q3
8005,중국음식,전라남도,무안군,861000000,28247,30481.113038552765,1.505228013636637,0.18491021454938242,1.8599758705707021,0.2961889687691153,-0.34827011679718267,0.14023123177793356,202605,1.5067206782483098,False,Q2
8005,중국음식,전라남도,보성군,302570000,10394,29110.06349817202,2.88522844274658,0.16536616023142398,3.2142663119334314,0.23469943319538478,-0.31879107505590754,0.011901143969757019,202605,0.8035234919707699,False,Q1_small
8005,중국음식,전라남도,순천시,1645880000,53384,30830.96058744193,-0.8322294411431018,0.08481613286162608,-0.6601542106400718,0.07370614203350909,-0.1732187413174196,0.012473863841685405,202603,-0.8331444883504315,False,Q2
8005,중국음식,전라남도,신안군,166070000,4972,33401.04585679807,6.041845478083248,0.8334012968736803,5.923511685118754,0.933735269352742,0.11171626684383122,0.00151469466414365,202605,6.754540360446461,False,Q1_small
8005,중국음식,전라남도,여수시,2338360000,76540,30550.823099033187,-0.5085536399971353,0.0192170513041583,0.7136054665869236,0.06013856772723488,-1.2134995077596953,0.42701170417390655,202605,-2.5168295785466372,False,Q3
8005,중국음식,전라남도,영광군,388940000,12318,31574.930995291445,3.7744613358862353,0.3229771069138684,4.827711872711568,0.5268258691986564,-1.0047443734193704,0.36132976367269043,202603,5.339539467078539,False,Q1_small
8005,중국음식,전라남도,영암군,748260000,20654,36228.333494722574,0.3798716369687325,0.03395533831030099,1.595142926488869,0.22441887963691434,-1.1961903438626984,0.30412485127536903,202605,-0.18082440468498134,True,Q2
8005,중국음식,전라남도,완도군,588070000,16293,36093.41434972074,0.5892820407042489,0.037745851962490695,1.768969399847735,0.2766038954802725,-1.159181788024678,0.44671723527175233,202605,-0.1851178090190335,True,Q1_small
8005,중국음식,전라남도,장성군,500950000,17167,29180.986776955786,2.873224443453529,0.4317688420447423,3.8619717642535236,0.5036880780295361,-0.9519820430948802,0.4119949080468125,202605,3.102192188502894,False,Q1_small
8005,중국음식,전라남도,장흥군,232930000,7418,31400.647074683202,1.5298347124898741,0.08441409992649557,1.3665122628144617,0.06016288907467333,0.16112071534228686,0.00494210705304787,202605,0.3725945532873342,False,Q1_small
8005,중국음식,전라남도,진도군,175370000,5371,32651.27536771551,1.6047918721022667,0.15702891724299628,2.1705765011252134,0.4774505262825825,-0.5537647416687401,0.07587926734889862,202605,0.18382539516631644,True,Q1_small
8005,중국음식,전라남도,함평군,203790000,6825,29859.340659340658,2.4347568671753286,0.1597875372543697,4.008161776286829,0.5065075502565066,-1.5127706155366611,0.19458315998459924,202605,0.022745821788023406,True,Q1_small
8005,중국음식,전라남도,해남군,482420000,16096,29971.421471172962,0.5481090765389324,0.09839320323284635,1.0835870982215348,0.19763080191062166,-0.5297378506783376,0.2709662994431701,202603,0.7997157626696634,False,Q1_small
8005,중국음식,전라남도,화순군,507240000,17396,29158.427224649346,-0.7828962733071145,0.09075914934566445,-0.16532242355418078,0.003122489810796369,-0.6185965285259528,0.13632995038902737,202605,-1.690145939339766,False,Q1_small
8005,중국음식,전북특별자치도,고창군,383140000,12818,29890.77859260415,9.143244061128385,0.8987877194926327,9.239965037604152,0.8687494023689104,-0.08853991892294585,0.0011890904029691616,202605,9.699667619263161,False,Q1_small
8005,중국음식,전북특별자치도,군산시,3109620000,102129,30447.962870487325,-0.29430521001783144,0.0071612273094758296,0.6269182658315916,0.039642204142984916,-0.9154841385639644,0.2686074970917211,202605,-1.7015325177881206,False,Q4_large
8005,중국음식,전북특별자치도,김제시,599820000,22447,26721.610905688955,0.8342028281448974,0.07810862749891682,2.1010617860421656,0.46876112023019906,-1.2407892099614488,0.45246524478164213,202605,-0.08837550299407479,True,Q2
8005,중국음식,전북특별자치도,남원시,886510000,28401,31214.04175909299,0.42592927326380375,0.004829544411338978,0.9981853422888352,0.027064166194061236,-0.5666003474079192,0.08865053490491306,202605,-2.176228261722833,True,Q2
8005,중국음식,전북특별자치도,무주군,311540000,9339,33359.03201627583,-6.161690826023357,0.16404625344775023,-4.341246305290236,0.13492911761742066,-1.9030610899897278,0.26591619352379964,202601,-0.31646799397064085,False,Q1_small
8005,중국음식,전북특별자치도,부안군,394280000,13830,28509.038322487348,2.6855456379995934,0.2311492943691397,2.4687805781820717,0.3207125664347148,0.21154253870733017,0.00834003319855402,202605,0.7904365091143778,False,Q1_small
8005,중국음식,전북특별자치도,순창군,308310000,11069,27853.464630951305,11.222891058015637,0.6946931977023979,12.509610762829878,0.672817426059177,-1.1436531475756704,0.259367285251911,202604,14.140187746235199,False,Q1_small
8005,중국음식,전북특별자치도,완주군,622890000,22783,27340.122020804985,1.2709884163515743,0.09479045189916298,2.2181203167578114,0.2138790107873967,-0.9265792576416196,0.4884824476595687,202605,0.9600739908069216,False,Q2
8005,중국음식,전북특별자치도,익산시,1654330000,58930,28072.7982351943,-1.2575000032965866,0.1514509731856297,0.5505476550450091,0.031204435691082773,-1.7981479967114922,0.4446970626642558,202605,-2.7962666081628207,False,Q2
8005,중국음식,전북특별자치도,임실군,257120000,9573,26858.87391622271,6.846684820396807,0.6650468551407477,7.155769324974622,0.6510097848045339,-0.2884441094724802,0.02153503081219764,202605,7.7097878715689845,False,Q1_small
8005,중국음식,전북특별자치도,장수군,257330000,9737,26428.057923385026,23.613969101672012,0.789423918193944,22.937001785041435,0.7636496171472033,0.55066197060364,0.055564511696576335,202605,28.326320708235365,False,Q1_small
8005,중국음식,전북특별자치도,전주시 덕진구,2219300000,78204,28378.3438187305,-1.3830487217744944,0.2873340390073466,1.0165989505639703,0.17655031559289022,-2.375498380729336,0.7392062596661023,202605,-2.7087193431133483,False,Q3
8005,중국음식,전북특별자치도,전주시 완산구,2213100000,73389,30155.74541143768,-2.1609398361516945,0.323961867710905,-0.19529346456996527,0.007717966608866786,-1.9694926620359203,0.5981098766349892,202605,-4.00973857673297,False,Q3
8005,중국음식,전북특별자치도,정읍시,808100000,30532,26467.3129830997,3.4645643140184146,0.45591056948595154,4.370279462521303,0.5395236064540381,-0.8677902877783968,0.22466768747688157,202605,2.841359022875822,False,Q2
8005,중국음식,전북특별자치도,진안군,185980000,6332,29371.446620341125,5.743410419457993,0.46371216227832224,5.846183007416527,0.5163312222652877,-0.09709616826835563,0.0016531137304042953,202604,6.169644565692564,False,Q1_small
8005,중국음식,제주특별자치도,서귀포시,3844180000,133140,28873.216163436984,2.592510411110686,0.3351748551487462,3.6888601250133943,0.6066986031133647,-1.0573457096363716,0.40597905719072425,202605,1.1841117961525771,False,Q4_large
8005,중국음식,제주특별자치도,제주시,9127930000,316785,28814.274665782785,2.6859114488152143,0.5580757806843354,4.27623394809475,0.7483469921301569,-1.525105423419041,0.6620308667900091,202605,2.0767713858460057,False,Q4_large
8005,중국음식,충청남도,계룡시,248670000,8740,28451.945080091533,-3.227262501766045,0.6650547962091979,-2.089619804288924,0.5425289580419157,-1.1619224592970638,0.616649667016533,202601,-2.1233070571281805,False,Q1_small
8005,중국음식,충청남도,공주시,1161660000,40611,28604.565265568443,3.1675721258994933,0.434575654337255,3.878897906197677,0.5494569820464297,-0.6847644657729175,0.2696307788381612,202605,2.354668922431487,False,Q2
8005,중국음식,충청남도,금산군,543310000,20523,26473.22516201335,1.1165224934845819,0.05912003630489181,1.9956634533808162,0.21843158220923803,-0.8619395473593731,0.10413361313814021,202605,-0.5611174549894313,True,Q2
8005,중국음식,충청남도,논산시,915530000,36770,24898.83056839815,0.4251769402859816,0.015362899670520146,1.0810959301440417,0.08762460502005871,-0.6489037181703468,0.14057635479887506,202605,-0.6848229171227945,True,Q2
8005,중국음식,충청남도,당진시,1740500000,57282,30384.763101847002,1.8766111959196103,0.23372898171154258,1.9815455610225206,0.2582620787322598,-0.10289544498041196,0.009163687520616812,202605,1.2248525796478715,False,Q2
8005,중국음식,충청남도,보령시,1118690000,38699,28907.465309181116,1.5147134041418149,0.2040465137503277,1.238798693825328,0.19009090016410812,0.2725385068533753,0.039258281754642674,202605,0.38672159501293,False,Q2
8005,중국음식,충청남도,부여군,255610000,9655,26474.365613671675,-1.6368257576620384,0.08445690618480556,-0.15953615799243495,0.0013513689403196172,-1.4796501767132324,0.5060808911485508,202605,-3.5032960799652555,False,Q1_small
8005,중국음식,충청남도,서산시,1585810000,54351,29177.200051516993,0.32281460745248086,0.004985202525698387,1.096134338101334,0.056673066515113876,-0.7649350152821895,0.20477216876107546,202605,-0.3300913982752615,True,Q2
8005,중국음식,충청남도,서천군,480020000,16697,28748.87704378032,1.6111744379981627,0.06818674427894846,2.7093499174925046,0.2635005383947286,-1.069206922618522,0.19262764620417144,202605,0.3065261821268552,False,Q1_small
8005,중국음식,충청남도,아산시,3970840000,135468,29312.01464552514,0.7977887027883853,0.045286411767855486,2.0247585759683613,0.1861426691367018,-1.20261972711886,0.4061137647766299,202605,-0.0011193861416474821,True,Q4_large
8005,중국음식,충청남도,예산군,763200000,27111,28150.935044815757,0.9080093202136773,0.12598182567761787,1.8417210913187203,0.3259687038804067,-0.9168263861799962,0.29452227068381714,202605,0.26957880223621644,False,Q2
8005,중국음식,충청남도,천안시 동남구,2189760000,77573,28228.37843063953,0.8952303389510318,0.08377138520439788,2.5887906938606378,0.2109230364792487,-1.650823977410421,0.22939660075012785,202605,0.30243183932736784,False,Q3
8005,중국음식,충청남도,천안시 서북구,3082910000,99804,30889.643701655245,-1.5191463219055128,0.19726981383889275,-0.06313124036043634,0.0003452105777661108,-1.4569348625950662,0.39843875278138086,202605,-3.060867860033414,False,Q3
8005,중국음식,충청남도,청양군,421140000,14640,28766.39344262295,7.4502302578471,0.545616866161587,8.906568245852574,0.5869149499288806,-1.3372361387036575,0.23228201556208294,202605,7.897378896511081,False,Q1_small
8005,중국음식,충청남도,태안군,887510000,25380,34968.873128447594,7.645132756887546,0.7393712680111101,6.254098755220597,0.7149979220941438,1.3091579693988968,0.23105389026596973,202605,6.961474650164498,False,Q2
8005,중국음식,충청남도,홍성군,787980000,29183,27001.336394476235,0.18166595422418932,0.0024046028477389013,0.780118420838419,0.0327642613664803,-0.5938199676598677,0.09351674635035945,202603,0.4412079316443352,False,Q2
8005,중국음식,충청북도,괴산군,378620000,13552,27938.31168831169,0.7304571630979165,0.007798288869846463,2.012254791026121,0.05232072224480217,-1.25651337729377,0.34327150333145295,202602,2.093387705698364,False,Q1_small
8005,중국음식,충청북도,단양군,194010000,7042,27550.411814825333,2.5242184884543963,0.15966643206362593,2.7879715867392703,0.26409261662673955,-0.25659918589048436,0.017282520911511706,202605,0.9441582556218208,False,Q1_small
8005,중국음식,충청북도,보은군,311470000,10226,30458.634852337178,1.92521842835169,0.20711438430496712,2.135690222139929,0.1425985201311857,-0.20607076070126773,0.01258651477040265,202604,2.2509001943050366,False,Q1_small
8005,중국음식,충청북도,영동군,224950000,8208,27406.189083820664,3.878317752336238,0.1958192869487145,4.235991905803966,0.23228864354596893,-0.3431388207932971,0.021317875701130078,202605,2.6743354700283617,False,Q1_small
8005,중국음식,충청북도,옥천군,228880000,9530,24016.789087093388,2.4498536320168007,0.17174167683027552,2.1590101620132427,0.17427763012063913,0.2846968363752726,0.10479104171718938,202605,2.667874770759586,False,Q1_small
8005,중국음식,충청북도,음성군,1296270000,46330,27979.06324195985,1.5362008892510721,0.15707025816376927,2.899082753247832,0.3966727386103084,-1.324483977437323,0.3821040338867153,202605,1.1249339427607696,False,Q2
8005,중국음식,충청북도,제천시,1053220000,35450,29710.014104372356,-1.409384542538199,0.15976747668898067,-0.366406768164485,0.012373737360391806,-1.0468133694093102,0.23347812546335578,202605,-2.7524560488454646,False,Q2
8005,중국음식,충청북도,증평군,232340000,8747,26562.249914256317,-2.1061034925658055,0.14001163229007366,-0.5096359966916107,0.012313319820241198,-1.60464534617758,0.20370487148073588,202605,-4.386424910530322,False,Q1_small
8005,중국음식,충청북도,진천군,926400000,33086,27999.758205887687,0.9157630375747903,0.059695915570451515,1.0125809685869291,0.13339381852530444,-0.09584739849609193,0.002354149331154351,202605,-0.3736248423493744,True,Q2
8005,중국음식,충청북도,청주시 상당구,1655330000,57072,29004.24025791982,0.0369412835379763,0.0001363390616686434,1.4007033682078869,0.17937448580945045,-1.3449236931994253,0.4734489638853717,202605,-1.2251314372270405,False,Q2
8005,중국음식,충청북도,청주시 서원구,1156330000,44149,26191.53321706041,-0.7480107918593117,0.03311185107563752,2.1034299841089106,0.1916437728918406,-2.792698322095558,0.504808374929697,202605,-2.3378276916796383,False,Q2
8005,중국음식,충청북도,청주시 청원구,1791390000,64545,27754.1250290495,-1.661006322767767,0.20567853237533074,-0.1572460488594858,0.0016370543466587536,-1.5061286016251043,0.6273800404322617,202601,-0.6308751930334858,False,Q3
8005,중국음식,충청북도,청주시 흥덕구,2481640000,88807,27944.19358834326,-0.9038583293125634,0.11400213497784938,0.04694638343201725,0.00030970918431930827,-0.9503585537739321,0.42867855733598753,202605,-2.1241453239820065,False,Q3
8005,중국음식,충청북도,충주시,1877320000,66592,28191.37433925997,0.6640031394213988,0.027072842877027797,1.6165446357465678,0.1456166254647964,-0.937388197699147,0.2917162610368757,202605,-0.6990881486052105,True,Q3
8006,서양음식,강원특별자치도,강릉시,10397840000,712923,14584.800883124826,0.24004410007267923,0.0016982370492970777,2.8388192700603203,0.293326532479678,-2.527037152345299,0.6826262594271857,202605,-2.6276049021213286,False,Q3
8006,서양음식,강원특별자치도,고성군,1657540000,93209,17783.04670149878,10.207378326943472,0.520049374834755,11.462387668512092,0.695067824237249,-1.1259487328595588,0.19546101299438082,202605,7.428553921783266,False,Q1_small
8006,서양음식,강원특별자치도,동해시,2913790000,230845,12622.279018388963,3.9818225227582644,0.4684318415481253,3.9997319861102936,0.5493563768975229,-0.017220682217116947,0.00038889631381085145,202605,2.6829066359693,False,Q2
8006,서양음식,강원특별자치도,삼척시,1323080000,97098,13626.233290078066,4.523300776180629,0.395777060546622,6.263902740613602,0.6268886798158485,-1.6379992824860716,0.5810342849471676,202605,2.7322139194124397,False,Q1_small
8006,서양음식,강원특별자치도,속초시,4874360000,352328,13834.722190685952,0.06038156634467834,9.705724456143235e-05,2.39235213230573,0.16831596940918764,-2.277485102547271,0.8621474835461157,202605,-2.9851741685550994,False,Q2
8006,서양음식,강원특별자치도,양구군,497380000,38641,12871.820087471857,2.7698098113680585,0.4242455085043915,5.532603043187094,0.6487205716705579,-2.617952321983794,0.8041432762941049,202605,1.8683141499634885,False,Q1_small
8006,서양음식,강원특별자치도,양양군,1271260000,73070,17397.83768988641,6.912805284909592,0.49059663509718626,7.240206173515975,0.5892763581210073,-0.3052967728135616,0.029707484510280373,202605,4.550347502857748,False,Q1_small
8006,서양음식,강원특별자치도,영월군,580470000,40461,14346.407651812857,13.673874578081744,0.734356015593396,13.321647063470257,0.7130517655327109,0.31082103352614043,0.018574216619726497,202605,14.400447228258187,False,Q1_small
8006,서양음식,강원특별자치도,원주시,10218570000,930877,10977.357910873296,2.9344457220690603,0.4935130271357854,5.129236061032599,0.7709807040188199,-2.087706922638907,0.6495945779853004,202605,2.2117246509705883,False,Q3
8006,서양음식,강원특별자치도,인제군,1399360000,139151,10056.413536374155,3.2213430348183634,0.15083842057839617,3.3500872359683758,0.16536607515374527,-0.12457096514689257,0.07213985550029522,202605,0.27191227899109316,False,Q2
8006,서양음식,강원특별자치도,정선군,986330000,75907,12993.926778821453,-4.692347369347718,0.1991834245247473,-2.3709988678388654,0.07886885150135838,-2.3777243181730454,0.7237187891255347,202601,-0.8570340083217474,False,Q1_small
8006,서양음식,강원특별자치도,철원군,937510000,75702,12384.217061636416,0.8929134927207656,0.04537060029196226,2.272009022903184,0.31688725695165104,-1.3484584329164577,0.4826550367148797,202605,-1.1189212138173619,True,Q1_small
8006,서양음식,강원특별자치도,춘천시,8176700000,636552,12845.29779185361,3.4956675784863367,0.4676703260494015,6.391894841205348,0.7232927119937805,-2.7222254731356803,0.6336601335893018,202605,2.550220890443724,False,Q3
8006,서양음식,강원특별자치도,태백시,598830000,37017,16177.161844557906,-2.607643751716475,0.18565626364653778,-1.6048426331229537,0.07411272553897412,-1.0191569843772728,0.6185206700035236,202601,-0.01860527396753108,False,Q1_small
8006,서양음식,강원특별자치도,평창군,1364670000,90742,15039.011703511052,-9.787798402714612,0.374094144638634,-6.347124379650404,0.27507081596790234,-3.673858384244386,0.6236410973350588,202601,-5.713312258046997,False,Q1_small
8006,서양음식,강원특별자치도,홍천군,1632690000,110067,14833.60135190384,-6.478756430974954,0.39762587557738643,-5.253336638526456,0.29186370077645657,-1.2933645882318354,0.558595114821016,202601,-3.0026612406673903,False,Q2
8006,서양음식,강원특별자치도,화천군,618750000,55941,11060.760444039255,-0.4957653032434156,0.008631354216233315,-0.5272467192126385,0.006967218624397137,0.0316482804897571,0.00062560091341843,202601,3.727967879673752,False,Q1_small
8006,서양음식,강원특별자치도,횡성군,877230000,68916,12728.9744036218,4.60120127100695,0.4525005793512008,6.040239989401766,0.6278427243706333,-1.3570685227971944,0.5468419516216503,202605,2.8880235681793502,False,Q1_small
8006,서양음식,경기도,가평군,2463460000,151570,16252.9524312199,7.731763569202554,0.594245879786077,8.389792037039056,0.6190754407542739,-0.607094501677437,0.06890748877050669,202605,7.11030434299443,False,Q2
8006,서양음식,경기도,고양시 덕양구,12673810000,1204215,10524.54088348011,1.3035630381351941,0.20595617007971367,4.38114229730991,0.788670286332852,-2.9484054221296105,0.7076932744626173,202605,0.2649386223753705,False,Q4_large
8006,서양음식,경기도,고양시 일산동구,11213510000,896858,12503.1052853406,2.1170302497449236,0.4758991409169899,4.256559310924982,0.7121986141513966,-2.052176932867484,0.6918806448770741,202605,1.820381823673216,False,Q3
8006,서양음식,경기도,고양시 일산서구,5455700000,575110,9486.359131296622,2.2051226287151424,0.35110010502166333,4.470751690429266,0.7289560684515433,-2.168673073615556,0.6819382368721874,202605,1.3395259641017103,False,Q3
8006,서양음식,경기도,과천시,3321380000,299238,11099.459293271577,6.185601545309775,0.6350118159066689,6.780714185001417,0.5981211018525016,-0.5573222133170709,0.04590405191892024,202605,6.58764032632887,False,Q2
8006,서양음식,경기도,광명시,8692320000,855213,10163.924075054987,0.9852838668449196,0.11846750986339359,3.64156700705139,0.7474520672504618,-2.562951542430602,0.6887469670815802,202605,-0.02732197961492467,True,Q3
8006,서양음식,경기도,광주시,8554590000,741856,11531.334922141225,4.143755168887988,0.6452891864339666,5.591709060534159,0.7715572387645878,-1.37127612056747,0.49461204518942076,202605,3.7690716811818175,False,Q3
8006,서양음식,경기도,구리시,4447710000,469635,9470.567568430803,2.8520892851754005,0.49012780955668184,5.152704917691595,0.7770247340748423,-2.1878806011856984,0.7048892647075127,202605,2.200646562322623,False,Q2
8006,서양음식,경기도,군포시,5985800000,633887,9443.007980917735,2.6766250154818723,0.5133998504492626,5.384965001032231,0.7510397556515934,-2.5699491246439434,0.8738354612047015,202605,2.676670828844294,False,Q3
8006,서양음식,경기도,김포시,13455070000,1166779,11531.80679460292,3.06137567678237,0.6541041176456434,4.483688027472083,0.8134622217588384,-1.361276939531203,0.29481194977232517,202605,2.467963828738674,False,Q4_large
8006,서양음식,경기도,남양주시,17779580000,1335892,13309.144751222404,2.884435269535341,0.5750033191808892,4.623268182245628,0.8097470722345946,-1.6619944520194028,0.3493880825985547,202605,2.0764742528796845,False,Q4_large
8006,서양음식,경기도,동두천시,1957650000,167071,11717.473409508531,2.9984414997419133,0.5901181957060574,5.529012498034868,0.8422571832728345,-2.39798604989322,0.76374695980705,202605,2.6218855626508573,False,Q2
8006,서양음식,경기도,부천시 소사구,3876270000,444871,8713.24496314662,3.1464789084713187,0.7296580224741049,4.981678696903967,0.8634275026851344,-1.748114348343699,0.7813380135774243,202605,3.220269382866434,False,Q2
8006,서양음식,경기도,부천시 오정구,3063430000,363508,8427.407374803306,3.2766477377861265,0.5648205800273534,5.493200224662074,0.7992573195704048,-2.1011330418979544,0.7987143193486487,202605,3.221188142952726,False,Q2
8006,서양음식,경기도,부천시 원미구,11672500000,1253385,9312.780989081568,3.301118334491332,0.7204347531764016,5.4910879039059335,0.7855201659821883,-2.0759759074714306,0.5905798915329177,202605,3.4472961601606733,False,Q4_large
8006,서양음식,경기도,성남시 분당구,23993320000,2105478,11395.664072481402,2.700966732356341,0.47985879685719474,4.945449201229786,0.5697122638382527,-2.1387134801526457,0.5373713672066913,202605,2.906048767393622,False,Q4_large
8006,서양음식,경기도,성남시 수정구,6705230000,735581,9115.556274563916,3.889129690209315,0.5971502265406387,5.903225340905946,0.6948197042575416,-1.9018265441994076,0.7396029603146342,202605,4.447008707956564,False,Q3
8006,서양음식,경기도,성남시 중원구,3661730000,463026,7908.260011316859,3.0744389218417205,0.5414640459889672,5.345309686984297,0.7351167962031546,-2.155644871034215,0.8448761267754207,202605,3.3520007674520227,False,Q2
8006,서양음식,경기도,수원시 권선구,7007990000,768028,9124.654309478301,2.230651935650906,0.4110073755662981,4.752951950480392,0.7532544264615821,-2.4078557862711705,0.8128912114064494,202605,1.7814001016174978,False,Q3
8006,서양음식,경기도,수원시 영통구,13847930000,1283432,10789.765254411608,1.7203250321778742,0.21951123859478494,4.908794549555514,0.6250644739512322,-3.039277623070476,0.8069184666650226,202605,1.4638814934078441,False,Q4_large
8006,서양음식,경기도,수원시 장안구,7089220000,706545,10033.64258469029,2.934039796984975,0.5168359938452345,6.868829387082415,0.8011719439309046,-3.681887050381639,0.8318167689113662,202605,2.544132942281211,False,Q3
8006,서양음식,경기도,수원시 팔달구,14040320000,1088605,12897.533999935698,3.6214713918440813,0.8843447271862853,4.808840804136296,0.7435098283458984,-1.132890511126929,0.19036216246819687,202605,3.6953873176761154,False,Q4_large
8006,서양음식,경기도,시흥시,13544270000,1370660,9881.568003735427,2.942375667200631,0.4656129096702951,5.77753216223466,0.7714451335891573,-2.680301229457375,0.7149359991570645,202605,2.145370989026208,False,Q4_large
8006,서양음식,경기도,안산시 단원구,15570120000,1447097,10759.555164581227,1.5774725235298885,0.24094161729733266,4.2448510366176695,0.7513599745386661,-2.558762842061967,0.6335496092388329,202605,0.40375646570178225,False,Q4_large
8006,서양음식,경기도,안산시 상록구,6418270000,703891,9118.272573452423,4.236083179761314,0.6245809903230853,6.945110396736444,0.7927367567402647,-2.5331005848938344,0.7707262404823297,202605,4.14205507480051,False,Q3
8006,서양음식,경기도,안성시,5749130000,468855,12262.063964338655,3.368425037973614,0.4763750872093882,6.434418064210291,0.7096580881228374,-2.8806405690939423,0.6110722446910931,202605,2.6864205712309723,False,Q2
8006,서양음식,경기도,안양시 동안구,11012460000,1094400,10062.554824561403,2.0733309289892548,0.5118130771164233,4.097088030974882,0.666378528694096,-1.9441053926344685,0.5335098584531843,202606,1.9917931633190906,False,Q4_large
8006,서양음식,경기도,안양시 만안구,5644590000,603518,9352.811349454367,2.777246028512104,0.5010010866470911,5.9722797600216415,0.7141696091837298,-3.0149712158168303,0.779577657496468,202605,2.641017515081713,False,Q3
8006,서양음식,경기도,양주시,7411480000,554408,13368.277514032987,1.814319523438875,0.24424196687101998,5.140380650003414,0.7708570851681644,-3.1634478646567965,0.6813233550884985,202605,0.5862149006593536,False,Q3
8006,서양음식,경기도,양평군,3651420000,220393,16567.7675788251,4.685539431279731,0.6065209388701245,6.175562273493415,0.7640268531826795,-1.4033576185597039,0.5686520183333962,202605,4.087601116931126,False,Q2
8006,서양음식,경기도,여주시,2571720000,180176,14273.377142349702,3.849450508406882,0.3121280340419223,5.367613388181813,0.6329566480999197,-1.4408249659996628,0.2967654421281872,202605,2.1229360804937873,False,Q2
8006,서양음식,경기도,연천군,668390000,54744,12209.37454332895,2.7543053794979238,0.2340923485221127,4.247497879101323,0.5290617816339432,-1.43235332260459,0.5121630213367366,202605,0.6562090422076753,False,Q1_small
8006,서양음식,경기도,오산시,5727550000,537249,10660.885362280804,1.5754168092078045,0.20815769871894996,4.944685784207293,0.7043810140563765,-3.2105189031939276,0.8122554180114213,202605,0.6523402259171301,False,Q3
8006,서양음식,경기도,용인시 기흥구,10169410000,974862,10431.64058092325,2.5624993871851354,0.5021940540350537,4.978608061342351,0.7123995709936181,-2.301524776119552,0.6364162595552886,202605,2.2491530265669613,False,Q3
8006,서양음식,경기도,용인시 수지구,7214420000,712127,10130.805319837613,3.6462028859979956,0.6627333580992907,5.24278040335588,0.738005690132654,-1.51704231989957,0.4526332380466422,202605,3.6498160071372174,False,Q3
8006,서양음식,경기도,용인시 처인구,9290570000,719557,12911.51361184729,5.102568757440689,0.5646888994746725,7.89173515571803,0.6872941655765182,-2.5851529723308304,0.5669913388881133,202605,5.014524754039531,False,Q3
8006,서양음식,경기도,의왕시,4399290000,357130,12318.455464396719,3.6886500008165006,0.49308546494754263,5.398093578077927,0.7568102328024279,-1.6218923124972222,0.3835340383522797,202605,2.8687972429086916,False,Q2
8006,서양음식,경기도,의정부시,10976180000,1106566,9919.137222723271,2.155137009690958,0.4185770526900823,4.664680627027344,0.7419417219473151,-2.3976986336767614,0.6804889184480328,202605,1.5250009858550224,False,Q4_large
8006,서양음식,경기도,이천시,6261240000,501048,12496.287780811419,-0.1971378728803003,0.005315860470581462,3.1789639520712063,0.6202230031295829,-3.2720834709290427,0.7941705423495168,202605,-1.145094052107726,False,Q3
8006,서양음식,경기도,파주시,16045140000,1172724,13681.940507740952,2.8254579805451647,0.41484766454066735,4.5944829068539494,0.7816106183865464,-1.6913176270341002,0.2988535730528377,202605,1.5385572554268405,False,Q4_large
8006,서양음식,경기도,평택시,17632590000,1483461,11886.116318528091,2.8536532273190196,0.5394440623116892,5.689374700325427,0.8056983417613387,-2.683071482868434,0.7729564814698184,202605,2.3374686677653815,False,Q4_large
8006,서양음식,경기도,포천시,4888420000,351444,13909.527549197028,3.239973683671077,0.3892108655083924,5.3430006451003695,0.6675670572253521,-1.996361361030874,0.4741987606750967,202605,1.9191022151443204,False,Q2
8006,서양음식,경기도,하남시,8731940000,766726,11388.605577481396,1.6763062435633576,0.304332585870942,4.185846280828795,0.7159839543879724,-2.4087149328337008,0.721841587739279,202605,0.9823326224233236,False,Q3
8006,서양음식,경기도,화성시 동탄구,12391780000,1074687,11530.594489372255,2.5695992388174087,0.5889147693794488,5.4156376601800265,0.8060605466274859,-2.6998256468714135,0.708158256414493,202605,2.1741442437922776,False,Q4_large
8006,서양음식,경기도,화성시 만세구,8680550000,665658,13040.555360260074,2.4360678459842857,0.38801910765743697,5.1136120755158885,0.7855494652719685,-2.5472859096574845,0.7301227633439172,202605,1.4219362533871154,False,Q3
8006,서양음식,경기도,화성시 병점구,4086050000,413702,9876.795374448275,1.9879180441772595,0.3629021608273168,4.109746174927722,0.6292418142258869,-2.0380686810870174,0.6251504819634034,202605,1.9167773221977464,False,Q2
8006,서양음식,경기도,화성시 효행구,3597130000,320361,11228.364251578687,3.925967113304638,0.5376875339811517,7.039793935706808,0.7395072964511827,-2.9090366376008165,0.5635594943896511,202605,3.3401681276664705,False,Q2
8006,서양음식,경상남도,거제시,6196620000,502681,12327.141865318164,4.085894476808789,0.3564755507952663,5.541943155210046,0.5868716169288071,-1.3795924490986111,0.5038937790696338,202605,1.8387580911132226,False,Q3
8006,서양음식,경상남도,거창군,1018760000,80265,12692.456238709276,3.2073614646135686,0.19225084585799362,5.996966564782942,0.5752760354078112,-2.6317782391106284,0.6249923855194311,202605,0.3631861792176348,False,Q1_small
8006,서양음식,경상남도,고성군,1080070000,73271,14740.756916105964,11.439333623648983,0.7134070180543833,12.211310586360133,0.7975749356314139,-0.687967156498938,0.09348587529166116,202606,6.566358057443507,False,Q1_small
8006,서양음식,경상남도,김해시,16852330000,1612355,10451.997233859789,4.331542730902116,0.4548317575709339,6.741347718614782,0.7442873162164446,-2.257611543434171,0.6788055437684227,202605,2.660952442298064,False,Q4_large
8006,서양음식,경상남도,남해군,2014210000,111301,18096.96229144392,8.882069227937086,0.6254301379204864,9.292938360743461,0.7209643417150533,-0.37593383339206293,0.054034977317196,202605,7.579613848903291,False,Q2
8006,서양음식,경상남도,밀양시,2283950000,174987,13052.112442638596,2.6834625561596135,0.30378780309941467,3.258773492024526,0.45974517105076035,-0.5571545316770234,0.16046536709060213,202605,1.4578211527721638,False,Q2
8006,서양음식,경상남도,사천시,2899700000,238533,12156.389262701598,2.15642922842155,0.16281371492214483,4.042736140905552,0.5377150193749518,-1.8130116358429513,0.5985429275010281,202605,-0.08074085801826965,True,Q2
8006,서양음식,경상남도,산청군,685610000,53212,12884.49973690145,8.007067758618437,0.5287024393829676,6.942733407792748,0.49440929767800973,0.9952376537517182,0.551358498981831,202605,6.341378336386501,False,Q1_small
8006,서양음식,경상남도,양산시,9959580000,983595,10125.691976880727,0.4423043591070572,0.027959137799788817,2.081909278598215,0.468038463742138,-1.6061660004971339,0.3944669753795418,202605,-0.6529154731254774,True,Q3
8006,서양음식,경상남도,의령군,451600000,35136,12852.914389799636,4.815702623266422,0.515693459216249,5.714746987672075,0.5880265978436721,-0.8504436609117892,0.5615728823707226,202605,4.5646724473295714,False,Q1_small
8006,서양음식,경상남도,진주시,9869310000,797121,12381.194323070149,2.418863210709956,0.3756190631897827,5.527465017088608,0.7882648130039451,-2.9457751172884765,0.7995937682075522,202605,1.3354745541332687,False,Q3
8006,서양음식,경상남도,창녕군,1000800000,87704,11411.110097601022,3.283343035813753,0.5357222777320806,4.403922058132912,0.6051275294306457,-1.0733112322113636,0.2715889671082177,202605,3.5063879464302823,False,Q1_small
8006,서양음식,경상남도,창원시 마산합포구,6476470000,597898,10832.065001053692,4.590647245808353,0.31833147706012427,7.169632668825679,0.6438867654337534,-2.4064516773953057,0.5473227347838326,202605,1.7785859001390594,False,Q3
8006,서양음식,경상남도,창원시 마산회원구,5123310000,554993,9231.305620070883,6.7578955212031415,0.5408498432718768,8.400839036965033,0.7372659747685762,-1.5156188184131107,0.5085077966672941,202605,4.614627463318655,False,Q3
8006,서양음식,경상남도,창원시 성산구,11159860000,1044345,10685.989783069772,5.096273799567495,0.5606225304202075,6.613657484236186,0.6994071641876466,-1.4232545064810573,0.36236558730290164,202605,3.6905376566684858,False,Q4_large
8006,서양음식,경상남도,창원시 의창구,6965650000,708976,9824.944708988738,4.684405883396949,0.4215139102497366,7.578253271965895,0.7230411245659885,-2.6899929126504176,0.7530214459088604,202605,2.5908860480436413,False,Q3
8006,서양음식,경상남도,창원시 진해구,6055540000,586971,10316.591450003492,6.011856993707795,0.5441766144938294,7.8583397032382045,0.7277292639578552,-1.7119517272478013,0.6062470320064759,202605,4.490346544691608,False,Q3
8006,서양음식,경상남도,통영시,3603940000,294652,12231.174402345818,3.4452624350006595,0.1849319750977359,6.123013797249715,0.5307597364105283,-2.5232522771780777,0.6950340074214678,202605,0.18975228618923645,True,Q2
8006,서양음식,경상남도,하동군,691690000,51844,13341.756037342797,10.202550361264077,0.6485082571353258,8.302951712147506,0.6149670297622598,1.7539675688298746,0.39029216494586494,202605,9.682505813534068,False,Q1_small
8006,서양음식,경상남도,함안군,1500960000,124241,12081.036050901072,7.733727677524252,0.44311764685209015,8.07905819201293,0.6101467374724441,-0.31951658375407577,0.01654079503881158,202605,4.636212789715294,False,Q2
8006,서양음식,경상남도,함양군,584520000,42786,13661.478053568924,6.938326521472924,0.46524925587475213,6.254495335095535,0.5879415876807922,0.6435785932828367,0.053271456726801114,202605,4.562582753663097,False,Q1_small
8006,서양음식,경상남도,합천군,670560000,47009,14264.502542066413,10.979497135222093,0.5900114695352436,11.909088348835867,0.6721736575846925,-0.8306664162217771,0.25231317763318467,202605,9.256289870932005,False,Q1_small
8006,서양음식,경상북도,경산시,8936310000,883743,10111.887732066902,5.210347974513446,0.6067768769687469,8.585223298927204,0.6308856410057478,-3.1080429011256143,0.5836307693307566,202605,5.794133384474347,False,Q3
8006,서양음식,경상북도,경주시,11522200000,814920,14139.056594512345,1.4719977773763468,0.07842474231804623,3.1199771471362827,0.31239433903180736,-1.5981184396584174,0.46893478400476374,202605,0.23308759559063932,True,Q3
8006,서양음식,경상북도,고령군,531240000,46521,11419.358999161668,4.022245247946434,0.5635872250290253,5.518750708274282,0.6629166248328022,-1.418236522213216,0.5095942035203438,202605,3.434417592697795,False,Q1_small
8006,서양음식,경상북도,구미시,10936110000,1007361,10856.197529981804,1.5211150211699118,0.2560318050701475,4.531488469473756,0.7640166221070268,-2.879872364185215,0.7998461596076343,202605,0.49088549925604824,False,Q3
8006,서양음식,경상북도,김천시,2350920000,202459,11611.832519176722,2.502443053676848,0.5215124744331637,4.62593128861601,0.760063067910769,-2.0296003187597824,0.6721287316199801,202605,2.622333224620223,False,Q2
8006,서양음식,경상북도,문경시,1215230000,95269,12755.775750768875,4.434281173379853,0.44109954650393657,5.409158001812049,0.6376353836115786,-0.9248502188163273,0.16825431481948877,202605,3.07038882061138,False,Q1_small
8006,서양음식,경상북도,봉화군,414380000,28293,14646.025518679531,4.25558676711267,0.33143384598752706,4.9810110160282335,0.5306358655490349,-0.691005203602725,0.1578865595075741,202605,1.9700078526956692,False,Q1_small
8006,서양음식,경상북도,상주시,2868990000,258042,11118.306322226614,3.3994850999379085,0.3754994945075748,6.095615599421788,0.6875714896921867,-2.541227066030218,0.661908395553568,202605,3.322344915500855,False,Q2
8006,서양음식,경상북도,성주군,753300000,55211,13644.02021336328,3.4206752539704155,0.37846778153226573,4.0893462107511676,0.7504599750597002,-0.6424009575647681,0.0734908891261332,202605,1.7743541097356486,False,Q1_small
8006,서양음식,경상북도,안동시,3520660000,268928,13091.45942408377,1.6037310934099145,0.2517774882860183,4.212504869813894,0.7467907049553895,-2.5033212469683463,0.7371640873512706,202605,0.5890393133795343,False,Q2
8006,서양음식,경상북도,영덕군,1039680000,74630,13931.126892670507,-1.585239334018337,0.04994105544588802,0.35523451298398306,0.005485156078885635,-1.9336050146454957,0.44128607372046735,202605,-5.533718350550327,False,Q1_small
8006,서양음식,경상북도,영양군,215700000,15021,14359.896145396446,17.427745752168864,0.8410733841634583,14.839918574797034,0.8016836769550351,2.2534212924283192,0.4630548719198057,202605,20.902875227682344,False,Q1_small
8006,서양음식,경상북도,영주시,1462410000,117691,12425.843947285688,2.073788732564164,0.203648475690789,4.382252628057546,0.6746459697303727,-2.2115482635913724,0.6144205623499429,202605,0.6915438988176356,False,Q2
8006,서양음식,경상북도,영천시,1864420000,166160,11220.630717380838,2.985696018756844,0.33767592141313574,4.482004502116892,0.596647460930629,-1.4321207661456592,0.6109982613092806,202605,1.538398902351001,False,Q2
8006,서양음식,경상북도,예천군,707740000,64315,11004.275829899712,2.254899548945458,0.46754456132565725,5.349210214051756,0.8484487359205011,-2.9371939844818553,0.9082442129277151,202605,1.655388262700899,False,Q1_small
8006,서양음식,경상북도,울릉군,312760000,15591,20060.291193637357,42.294862827128036,0.8715354065668574,39.896435326027486,0.8591130811865276,1.714430746938624,0.9413250184262925,202605,47.60112181970183,False,Q1_small
8006,서양음식,경상북도,울진군,830790000,73622,11284.534514139796,0.9569683321948158,0.019363904285070795,1.7672479318637961,0.06264278554094628,-0.7962086193108673,0.9174055622305293,202605,-2.1273555425184436,True,Q1_small
8006,서양음식,경상북도,의성군,327160000,29750,10996.974789915967,5.712239302446414,0.601647217212142,7.450330609307806,0.7065586800881853,-1.6175765090766858,0.28141312246549405,202605,5.694818108122799,False,Q1_small
8006,서양음식,경상북도,청도군,1456500000,84127,17313.10994092265,2.281251277673533,0.17465448212752913,4.043525386869858,0.5565062576818686,-1.6937854639618881,0.4971992928120569,202605,0.5877425501754651,False,Q1_small
8006,서양음식,경상북도,청송군,275090000,19239,14298.560216227455,1.8394292189839991,0.14288496807804213,4.562826445744673,0.46040427406759915,-2.6045558630473566,0.5609930702984806,202605,0.23976844764295205,True,Q1_small
8006,서양음식,경상북도,칠곡군,3539080000,265190,13345.450431765903,2.7765447731046256,0.3531075653128296,3.9538693343114497,0.6861307622115979,-1.1325452037004646,0.4012561529211732,202605,1.2444392279282672,False,Q2
8006,서양음식,경상북도,포항시 남구,10866040000,943426,11517.638903316212,-0.3067028474569597,0.012600714744939217,2.4674708712251845,0.5537450404104581,-2.7073701488822044,0.8101691978872819,202605,-1.4687516322620973,False,Q3
8006,서양음식,경상북도,포항시 북구,13241180000,1101275,12023.50003405144,0.26961942279239337,0.004066934123206854,2.6692346098252315,0.4586206233529742,-2.3372290600510426,0.5958678869627961,202605,-1.5366575595107408,True,Q4_large
8006,서양음식,광주광역시,광산구,15081130000,1765680,8541.258891758416,3.03381229561408,0.4538289089269989,5.843141780947273,0.8039605937944468,-2.6542385628985077,0.7746910466716561,202605,1.9176717459161958,False,Q4_large
8006,서양음식,광주광역시,남구,7125240000,825395,8632.521398845402,1.0821709825944248,0.12093977977943642,4.1977328909176705,0.785061650787387,-2.990047692865693,0.7812209901099476,202605,-0.19437795421067136,True,Q3
8006,서양음식,광주광역시,동구,9877540000,949232,10405.822812547407,1.338575945008063,0.17087007803766877,4.693624787474473,0.711638182757612,-3.2046352863195473,0.7531607924893319,202605,0.07146010753533971,True,Q3
8006,서양음식,광주광역시,북구,15447310000,2001293,7718.664883153042,3.9635913557707174,0.5759375243957425,6.143334359396525,0.785575222993809,-2.053584444827513,0.712609393010997,202605,3.3872498204112365,False,Q4_large
8006,서양음식,광주광역시,서구,15015480000,1555656,9652.18531603388,1.6949430320885683,0.33562386204409167,4.068653684062018,0.7857929540187027,-2.28090838878317,0.7603177811980626,202605,1.126121580925587,False,Q4_large
8006,서양음식,대구광역시,군위군,1373560000,139174,9869.37215284464,3.9265697835536724,0.27967061848705654,4.50115310216772,0.3541439508266652,-0.5498344291495736,0.730805051858869,202605,1.946860408810959,False,Q2
8006,서양음식,대구광역시,남구,6042550000,569615,10608.13005275493,3.07643684794426,0.2650587056083506,7.475573137011161,0.6794210180301161,-4.093149876445642,0.9104568952022835,202605,3.248809502575568,False,Q3
8006,서양음식,대구광역시,달서구,20152210000,2158036,9338.217712772168,2.3195106217768253,0.3158897961443615,5.11321190473967,0.6485838381310225,-2.657802223277725,0.7048081343002999,202605,2.215097550460133,False,Q4_large
8006,서양음식,대구광역시,달성군,10506860000,906631,11588.9044164605,1.3726724169720117,0.11168632867043926,3.7269022078444984,0.496054601342163,-2.269642436785728,0.6458324035948279,202605,0.8444390362939894,False,Q3
8006,서양음식,대구광역시,동구,12746300000,1281949,9942.907245140017,1.8011285646069692,0.17895788120585707,4.290153658408793,0.527803691652132,-2.3866347938793764,0.7613952632017711,202605,1.525790229722692,False,Q4_large
8006,서양음식,대구광역시,북구,15586560000,1739837,8958.63233164946,2.497573779792615,0.3215436977035611,5.344994424180747,0.6129993567429876,-2.7029482131089315,0.6824376582932521,202603,3.763843178585205,False,Q4_large
8006,서양음식,대구광역시,서구,4109030000,466724,8803.982653559706,4.2707105148349,0.5791177100934373,6.46863902552577,0.7891196964187097,-2.064390538667365,0.5185124970686017,202605,3.4091466059718765,False,Q2
8006,서양음식,대구광역시,수성구,22513970000,1924734,11697.18516948316,0.2576322451873153,0.004641071382790111,3.0785570593995963,0.41195188701694935,-2.736674721384281,0.7705235090591124,202603,0.7516254534067675,False,Q4_large
8006,서양음식,대구광역시,중구,19213030000,1579308,12165.473739131316,0.2184693346264685,0.0038545490831506544,2.734657920794245,0.35112268318982764,-2.4492110423997926,0.5323247517495473,202605,-0.7992790438152337,False,Q4_large
8006,서양음식,대전광역시,대덕구,2742450000,292192,9385.7805826306,3.5220933901637546,0.6226494149554886,5.743120016277238,0.8151381111114652,-2.100398234676237,0.7354606901772149,202605,3.2529048680281205,False,Q2
8006,서양음식,대전광역시,동구,4868870000,493608,9863.839321891055,4.983620934086403,0.7042068763810031,7.124725070036342,0.7837115136727565,-1.998702105933163,0.558729599375934,202605,4.903759733388859,False,Q2
8006,서양음식,대전광역시,서구,11283160000,1118597,10086.885625475485,2.741877736340766,0.4865551593232922,5.901582382611461,0.7817679296615498,-2.983623639215337,0.7478932476046409,202605,1.9858812368494831,False,Q4_large
8006,서양음식,대전광역시,유성구,12865910000,1150610,11181.816601628701,3.8260953208021737,0.6595069045697696,5.495382541343352,0.6005383944693521,-1.5823320228134101,0.3161424847031305,202606,4.280329705518121,False,Q4_large
8006,서양음식,대전광역시,중구,5648710000,556296,10154.144556135583,1.9015994676302599,0.2577592468048381,4.236760812630454,0.6991462152726535,-2.240247420195376,0.7290655735859157,202605,0.5832154338188973,False,Q3
8006,서양음식,부산광역시,강서구,11572450000,1101265,10508.32451771372,1.7595176015632847,0.17985481810839543,3.8075420754134504,0.6814929794371885,-1.9729052753819771,0.42571630487330253,202605,0.0888339502339913,True,Q4_large
8006,서양음식,부산광역시,금정구,11053160000,1372843,8051.292099679279,6.124353693729097,0.6987542657975391,8.677816274065824,0.7648773527620853,-2.3495711156886894,0.5800491303955303,202605,6.054454677193948,False,Q4_large
8006,서양음식,부산광역시,기장군,13742690000,993511,13832.448760003665,1.8456448247780082,0.09854901785651518,4.6666942895932175,0.5950301211929507,-2.6952694779964124,0.5776526836603987,202605,-0.84356887371146,True,Q3
8006,서양음식,부산광역시,남구,11854580000,1395001,8497.90071835074,6.603982948714101,0.8805153051332234,7.904871991268781,0.8040270502877401,-1.2055887918202173,0.3286150757172182,202606,7.207941211513382,False,Q4_large
8006,서양음식,부산광역시,동구,5905980000,758943,7781.849229784055,4.9401359979018,0.7973170571544375,6.156338230613453,0.8409768714341078,-1.1456708595859688,0.376614009950437,202605,4.766410664147738,False,Q3
8006,서양음식,부산광역시,동래구,13118590000,1460510,8982.197999329002,4.5449234701447825,0.6725811292166902,6.510820582817507,0.8217690334390847,-1.8457252529982446,0.7712948476491845,202605,3.9769910697952175,False,Q4_large
8006,서양음식,부산광역시,부산진구,29696780000,2845347,10436.962521618629,1.1540658215753126,0.11091218691028255,4.303850367695363,0.6546940256280143,-3.019816176503825,0.6837059830147117,202605,-0.39225091835289233,True,Q4_large
8006,서양음식,부산광역시,북구,9306580000,1109725,8386.384014057538,4.639712907485547,0.5620882792327808,6.837983014534325,0.8081773640598977,-2.057573575448097,0.6425832692220149,202605,3.3300774014578463,False,Q4_large
8006,서양음식,부산광역시,사상구,7682380000,962491,7981.768141208593,3.9228544134437002,0.5839534845606893,6.582516238406977,0.7871681225493813,-2.495401608847427,0.7337423633367763,202605,3.3526014360492415,False,Q3
8006,서양음식,부산광역시,사하구,9985540000,1263715,7901.7341726576005,5.1736546903373535,0.6592347243831089,6.888458200051496,0.8269725243195658,-1.6042924919964108,0.4923769084925447,202605,4.22113015876584,False,Q4_large
8006,서양음식,부산광역시,서구,4917250000,617411,7964.305786583005,6.520538624487241,0.7965330305549567,8.094008801232471,0.8370123108187107,-1.4556497572762068,0.45730767375391906,202605,6.496834111281126,False,Q3
8006,서양음식,부산광역시,수영구,14428340000,1243511,11602.905000438275,3.0588351015548474,0.37345265074465944,5.325505579362985,0.7673800356749143,-2.152062280963996,0.5920080600772548,202605,1.4579810541187093,False,Q4_large
8006,서양음식,부산광역시,연제구,9393770000,1232329,7622.7776835569075,4.862927645619354,0.8284744051963207,6.465703088043194,0.8547457639589735,-1.5054382734864027,0.7991897392045335,202605,5.1516299798977485,False,Q4_large
8006,서양음식,부산광역시,영도구,4668660000,464633,10048.059436157138,6.2492313145392036,0.6143800487446673,7.750169436363255,0.8083819770502048,-1.3929798251597907,0.22321820398485515,202605,4.76148495118577,False,Q2
8006,서양음식,부산광역시,중구,9430390000,730012,12918.13011292965,2.973360740486075,0.565104979360891,5.5795057067390115,0.8238230718042208,-2.46841936681525,0.5964353904187498,202605,2.170933945270656,False,Q3
8006,서양음식,부산광역시,해운대구,20803700000,2027554,10260.491212564499,2.8284843117035527,0.3532433047421107,5.378804811266949,0.77627473962769,-2.420145592020152,0.645148362620867,202605,1.3189623187911241,False,Q4_large
8006,서양음식,서울특별시,강남구,103755930000,8839654,11737.555564957633,-1.3577336865847545,0.24690194201263602,-0.11410455789865676,0.0016772854515822683,-1.2450497872414528,0.7414983864087417,202603,-1.8785872788195008,False,Q4_large
8006,서양음식,서울특별시,강동구,13644610000,1323165,10312.100153797901,3.4583631037728915,0.7435597237442948,4.7478727597647294,0.7648206072595518,-1.231060471222458,0.3878112616685795,202605,3.454182070433142,False,Q4_large
8006,서양음식,서울특별시,강북구,6690990000,750472,8915.709047106355,2.7733400309816805,0.5701678539533637,5.222103276391653,0.7944817166825905,-2.327232747835996,0.740699235757826,202605,2.44595578705154,False,Q3
8006,서양음식,서울특별시,강서구,18973180000,1960884,9675.82988080886,1.8956364739600946,0.5250325958848845,3.594158849862112,0.6841377615974152,-1.639592805964784,0.4484427178616609,202605,1.630040935487525,False,Q4_large
8006,서양음식,서울특별시,관악구,13621110000,1589134,8571.40429944863,3.271131555205787,0.46503372915701624,5.601639291959298,0.689890174426398,-2.2068859464484936,0.8786760750600711,202605,3.4334092037535187,False,Q4_large
8006,서양음식,서울특별시,광진구,15252440000,1442581,10573.021549569834,3.283822833393932,0.5901617424656661,5.649476711516285,0.5266745255475554,-2.239153426743368,0.3522919083133175,202605,3.4150131971953193,False,Q4_large
8006,서양음식,서울특별시,구로구,10722120000,1345570,7968.459463275786,3.059517484144977,0.5593382881135153,5.229499912386501,0.7484730119527142,-2.0621426786673216,0.9146896258343189,202605,3.3980733215442718,False,Q4_large
8006,서양음식,서울특별시,금천구,7569990000,1001974,7555.0762794244165,1.5057842483957469,0.2573893942794732,3.8947929080966692,0.5612224330616735,-2.299449850017237,0.8059924329722681,202604,1.7606220899092782,False,Q3
8006,서양음식,서울특별시,노원구,12164250000,1340939,9071.441728520089,2.87534108472368,0.546795047822519,5.654767257097585,0.7216147310722005,-2.630668018614372,0.7277160521257372,202605,2.837985795389812,False,Q4_large
8006,서양음식,서울특별시,도봉구,5287450000,578715,9136.535254831826,4.633567022041998,0.9051630520006309,5.470082778701553,0.7924238064005742,-0.7931308430037963,0.08308804538720971,202606,3.947926748500511,False,Q3
8006,서양음식,서울특별시,동대문구,10691710000,1249020,8560.079102015981,4.672100050861753,0.6057850114147819,7.711627219880122,0.71200008409731,-2.8219118469109414,0.7546796738178968,202605,5.365716662206001,False,Q4_large
8006,서양음식,서울특별시,동작구,10983070000,1262336,8700.59160160211,4.977120095811721,0.7453996575880267,5.854477749533869,0.6418041106948691,-0.828833765349158,0.0970702298668853,202606,4.61477672120321,False,Q4_large
8006,서양음식,서울특별시,마포구,36438730000,2791761,13052.238354214418,1.3513204893441322,0.30606902052419244,3.6886467790143653,0.6096517437542129,-2.2541776388033,0.6397036834630734,202605,0.8642910837603334,False,Q4_large
8006,서양음식,서울특별시,서대문구,13558640000,1383795,9798.15651884853,4.92047329784919,0.6138319753352126,7.280970527936587,0.674618002790405,-2.200294440357159,0.6701997793155379,202605,5.803405921678063,False,Q4_large
8006,서양음식,서울특별시,서초구,35557140000,2742995,12962.88910479239,2.2338510117286976,0.36490775611103193,3.3525239775234907,0.49821290934218604,-1.082385724840237,0.3968253543721409,202606,2.414172859372378,False,Q4_large
8006,서양음식,서울특별시,성동구,19604700000,1534342,12777.26869237758,2.9932348755328815,0.36004767045635033,5.3553465153002096,0.6556679273594844,-2.2420424951326856,0.6363910760339712,202605,2.2786700233016397,False,Q4_large
8006,서양음식,서울특별시,성북구,12305050000,1333887,9224.956836673571,6.732622827421553,0.8075604075246409,8.189365307359143,0.6098079883004721,-1.3464747443513791,0.12404834043459498,202606,7.307459267597663,False,Q4_large
8006,서양음식,서울특별시,송파구,30129140000,2614282,11524.824024340143,6.104294778813999,0.6897589966964585,6.608855146398858,0.713040764128162,-0.4732818553318161,0.20592724586723532,202604,7.2138142421534335,False,Q4_large
8006,서양음식,서울특별시,양천구,10069290000,1043897,9645.865444579302,3.5941684551575426,0.842038264627426,4.928607722892624,0.7923012587158884,-1.2717592434459821,0.2300781307714216,202606,3.0009725665513596,False,Q3
8006,서양음식,서울특별시,영등포구,26016420000,2402650,10828.218841695627,1.4209139848775503,0.18719459855657974,4.283630570065446,0.5711935234518571,-2.745125548025934,0.8249731760384156,202605,1.4953666656429818,False,Q4_large
8006,서양음식,서울특별시,용산구,32588820000,1781964,18288.14723529768,2.594267989209695,0.333100324903753,4.507545318737298,0.6584098366219411,-1.830755208815164,0.5721370187232664,202605,1.7452420220674034,False,Q4_large
8006,서양음식,서울특별시,은평구,9914620000,999968,9914.937277992896,5.653224657180025,0.8801624709742024,5.9538693954519255,0.8246091006233827,-0.28375059824369564,0.01790818455076253,202606,5.682430926549839,False,Q3
8006,서양음식,서울특별시,종로구,33885230000,2441545,13878.601459321864,2.8003125419592054,0.5041414000623625,4.63869657832119,0.6809126027951127,-1.7568873623975252,0.4432874673002631,202605,2.3717495446872587,False,Q4_large
8006,서양음식,서울특별시,중구,27915360000,2221138,12568.043948642542,3.7537753740333213,0.6129093480828867,5.477235825819446,0.6823831643356015,-1.6339643699349042,0.513461724225218,202605,4.0052861406657145,False,Q4_large
8006,서양음식,서울특별시,중랑구,7285140000,860818,8463.04329138099,3.4150775613039275,0.5974071448043956,5.781121339720846,0.7725744042876068,-2.2367353913920587,0.7310942990834831,202605,2.901731702966855,False,Q3
8006,서양음식,세종특별자치시,세종특별자치시,9644100000,838188,11505.891279760626,1.5024576804360377,0.21345788096560223,4.7776077685448035,0.6577346067777753,-3.125811094431162,0.810134325870672,202605,0.8463416429251219,False,Q3
8006,서양음식,울산광역시,남구,12544010000,1175904,10667.545990148856,2.2576404021613357,0.47523253835668455,3.9550059647248337,0.6929894818892683,-1.6327886731491346,0.39175458802397023,202605,1.54908660902555,False,Q4_large
8006,서양음식,울산광역시,동구,4399730000,383857,11461.898571603488,3.4797987150805976,0.4633943764209968,5.173339865053823,0.7278369999112193,-1.6102380623703647,0.6793761955721126,202605,2.214722465017117,False,Q2
8006,서양음식,울산광역시,북구,5876690000,533275,11019.99906239745,0.984810867069359,0.07868921963392049,3.557570892828936,0.6311565626485806,-2.4843765681044316,0.7375756779758453,202605,-0.6610371461951952,True,Q3
8006,서양음식,울산광역시,울주군,7549000000,662192,11400.01691352357,2.975763404223847,0.38231072144655953,5.665737509952337,0.7454903356319676,-2.5457392047020853,0.5380709703951514,202605,1.5216591024471111,False,Q3
8006,서양음식,울산광역시,중구,5750600000,484449,11870.392961901047,0.4010974790941996,0.012742670668253844,3.5094472426938355,0.5631836619954972,-3.002962383048623,0.790555922802836,202605,-1.3412038891549218,True,Q2
8006,서양음식,인천광역시,강화군,2699030000,152802,17663.57770186254,3.0335029428915568,0.2205652632350615,3.733944266634954,0.3310654243614068,-0.6752286618380404,0.21947570110277353,202605,1.03242708407835,False,Q2
8006,서양음식,인천광역시,계양구,5360800000,614156,8728.726903262363,-0.10660625102035488,0.0018609902346374502,2.734252615319794,0.42420906502453737,-2.7652499473350174,0.7649236412505912,202605,-0.7180486742529837,False,Q3
8006,서양음식,인천광역시,남동구,10300430000,1180573,8724.941193810124,0.6676606542563339,0.04598960671121022,3.0119791295645952,0.488133755865716,-2.275772677233645,0.8259395086179516,202605,0.37034065427840207,False,Q4_large
8006,서양음식,인천광역시,동구,726550000,98895,7346.680823095202,2.884168839552011,0.6020581767468148,3.0326633126221325,0.3371432014684157,-0.1441236868929421,0.004548814110720081,202605,3.5334597533588687,False,Q1_small
8006,서양음식,인천광역시,미추홀구,8345310000,972605,8580.369214634924,1.3653193445221237,0.1355598954945017,4.283067274306519,0.5056812084227917,-2.79791149804745,0.8123208962188714,202605,1.35174695900264,False,Q3
8006,서양음식,인천광역시,부평구,11194810000,1286195,8703.820182787213,-0.09046203802838723,0.001947893088831402,2.629251393901885,0.5260086550873997,-2.6500372895557334,0.8205230147425859,202605,-0.7634917371807372,False,Q4_large
8006,서양음식,인천광역시,서구,12994910000,1387735,9364.114906664458,-0.48551836350577665,0.03284792949296954,2.7369287401537763,0.4613868202790147,-3.136600580897119,0.885407164876723,202605,-1.0611243731663969,False,Q4_large
8006,서양음식,인천광역시,연수구,16035470000,1271862,12607.869407215563,1.238286933114841,0.46685727882745126,2.895293349161192,0.47311728890434634,-1.6103811574971796,0.32045507721999517,202605,1.0064835047798244,False,Q4_large
8006,서양음식,인천광역시,옹진군,653680000,40617,16093.753846911392,14.04519032183692,0.7926119713610758,15.239448769061903,0.8272940286392283,-1.0363278026592209,0.22342387308171271,202605,13.415716685037271,False,Q1_small
8006,서양음식,인천광역시,중구,14451720000,1181499,12231.681956565346,-3.4956994692290606,0.5146132157710962,-1.1599623685904454,0.24985759008873176,-2.363148736698144,0.677658040542504,202601,-3.3819201397203282,False,Q4_large
8006,서양음식,전라남도,강진군,677370000,54569,12413.091682090564,0.7924704271971648,0.04237308452005733,2.0195289594079253,0.254405593132456,-1.2027682785116405,0.7012538253685839,202605,0.519059280098034,False,Q1_small
8006,서양음식,전라남도,고흥군,1140150000,81981,13907.49076005416,0.5423793187790196,0.015104311352968303,3.1288708413715756,0.40830339789076736,-2.508018852035112,0.8733315624828061,202605,-1.3663401649007503,True,Q1_small
8006,서양음식,전라남도,곡성군,599310000,53800,11139.591078066915,19.309587802493393,0.5622084369331203,21.21330934383274,0.5783070639137403,-1.5705548768900284,0.33851506641908513,202605,15.0659800697693,False,Q1_small
8006,서양음식,전라남도,광양시,3666310000,341041,10750.349664703072,1.3072905821918668,0.334450697710803,3.5147337683535134,0.7802804759101287,-2.1324917775488177,0.7971134705376189,202605,0.7010369740987421,False,Q2
8006,서양음식,전라남도,구례군,578630000,35700,16208.12324929972,6.909831799887703,0.2982242527669252,7.154103228372823,0.339520823275633,-0.2279627388272119,0.023994690426369987,202603,9.67476910240203,False,Q1_small
8006,서양음식,전라남도,나주시,3505030000,340136,10304.789848766375,2.771927977559862,0.5311597995589287,4.578332952025236,0.6942845469903554,-1.7273224036704116,0.5903278523946331,202605,2.574935743370976,False,Q2
8006,서양음식,전라남도,담양군,2810340000,180935,15532.318235830548,0.9198086956310376,0.022203593156798325,3.6249847042808607,0.27850704117395886,-2.610544181376419,0.731966064748236,202605,-2.009236308775059,True,Q2
8006,서양음식,전라남도,목포시,7428340000,686324,10823.372051684044,2.5635719878465895,0.2344489357185062,5.116863987138565,0.630759170361631,-2.429003208851858,0.7591831046147813,202605,0.51313550692843,False,Q3
8006,서양음식,전라남도,무안군,2844280000,240324,11835.189161298913,1.754157482241181,0.41535323974924454,4.704479598866382,0.7960978813971388,-2.817761119608444,0.722489610303347,202605,1.0779987625080276,False,Q2
8006,서양음식,전라남도,보성군,762940000,55367,13779.688261961095,3.692388124513829,0.26027223537781186,4.0260689020938205,0.38259929671064385,-0.3207664973805693,0.04843382743685575,202605,1.166018863604825,False,Q1_small
8006,서양음식,전라남도,순천시,8323890000,721408,11538.394362136267,1.8188318950303053,0.3746501108928571,4.30834437091911,0.7297236240975533,-2.3866858312275516,0.7726084373299511,202605,1.1073881033287059,False,Q3
8006,서양음식,전라남도,신안군,330920000,22191,14912.35185435537,5.212913876781993,0.4163224859959292,4.1146896925659275,0.42125247721391096,1.054821550598636,0.16952564490143054,202605,4.108677660304007,False,Q1_small
8006,서양음식,전라남도,여수시,10057350000,755218,13317.148161193192,-0.14655691657958,0.0009260621892991633,2.709883548312883,0.3787835553515454,-2.7810765295521485,0.745900845783173,202605,-2.719047515462248,False,Q3
8006,서양음식,전라남도,영광군,964710000,83135,11604.137848078426,6.379578943994953,0.8213584445817868,6.217743047875008,0.8049623679049093,0.15236239396175663,0.00949127665882933,202605,7.172933206228392,False,Q1_small
8006,서양음식,전라남도,영암군,1283540000,112638,11395.266251176336,6.291965221317827,0.8366906457985632,6.662989473814592,0.8101286789462904,-0.3478472282907825,0.033599142789239235,202605,6.205225044535592,False,Q2
8006,서양음식,전라남도,완도군,800170000,68263,11721.86982699266,1.6387193137698122,0.1408614676122746,2.713388196448386,0.34363812130406163,-1.0462792646107741,0.8433164719010626,202605,0.023955964854117773,True,Q1_small
8006,서양음식,전라남도,장성군,1393020000,108107,12885.56707706254,5.969655433370568,0.6730169820312597,6.603286086296476,0.741997420709849,-0.594381914656005,0.1026073814869842,202605,5.3430624723419005,False,Q2
8006,서양음식,전라남도,장흥군,576330000,50519,11408.183059838873,0.902460549497798,0.09588113886900501,2.7345478347570547,0.5567950772528458,-1.7833215056400256,0.5915524366008152,202605,-0.21893383494600172,True,Q1_small
8006,서양음식,전라남도,진도군,627980000,47496,13221.74498905171,0.23225343337943913,0.0033365499204329103,2.857646078330794,0.43048468535891066,-2.552452583789453,0.7603603909964531,202605,-1.0445757813374674,False,Q1_small
8006,서양음식,전라남도,함평군,665330000,46853,14200.371374298338,-2.1260744595531187,0.10452765638244671,1.8776052543907196,0.15517304270220975,-3.929891857927572,0.6928174413851966,202605,-5.600736990223845,False,Q1_small
8006,서양음식,전라남도,해남군,1145350000,88190,12987.300147409003,2.5399352344659163,0.5497671818845832,3.515896225249246,0.7119651891146569,-0.9428126755137239,0.4992022416158824,202605,1.7653272431950595,False,Q1_small
8006,서양음식,전라남도,화순군,2245880000,187934,11950.365553864654,5.0590846714480096,0.6966693943490266,5.254817974741925,0.7193113607560991,-0.18596137170730917,0.08802667456040615,202605,5.696326527131917,False,Q2
8006,서양음식,전북특별자치도,고창군,1101290000,75048,14674.475002664962,9.170810007932701,0.5293820701439712,10.395029533920185,0.530538360993135,-1.1089444254474643,0.23351320958570274,202605,8.999040065025746,False,Q1_small
8006,서양음식,전북특별자치도,군산시,6929600000,589137,11762.289586293171,1.0002471613679165,0.1232225761238392,3.5842822217341572,0.7562052197679754,-2.4946208101677088,0.761496364618253,202605,-0.25811926104175864,True,Q3
8006,서양음식,전북특별자치도,김제시,1491970000,107423,13888.73891066159,2.4056512376009396,0.2229709931319209,4.4798375670424635,0.7373036094409728,-1.9852503389570668,0.4473877841525441,202605,0.9594803623631758,False,Q1_small
8006,서양음식,전북특별자치도,남원시,1621990000,128748,12598.176282350018,2.9046012908940755,0.27625354065718605,5.101206092067356,0.4886959339529804,-2.089990098923396,0.6914726030540729,202605,1.2239599261881209,False,Q2
8006,서양음식,전북특별자치도,무주군,447010000,31407,14232.814340752062,-10.95230740585969,0.29970817359744595,-8.632778856667237,0.24986717283718826,-2.5386878578189958,0.5033753880044805,202601,-5.074707706814639,False,Q1_small
8006,서양음식,전북특별자치도,부안군,1096480000,79325,13822.628427355814,3.782105705623161,0.29582588439827845,5.271740674640476,0.5058920236823676,-1.4150378434620094,0.6822141145532202,202605,1.6703026959719751,False,Q1_small
8006,서양음식,전북특별자치도,순창군,599580000,45468,13186.856690419636,12.995524118093826,0.7255388101506598,12.946598681492343,0.7860329544633697,0.043317317362897144,0.0004569187667215698,202605,14.736093436770775,False,Q1_small
8006,서양음식,전북특별자치도,완주군,2327140000,228098,10202.369157116678,4.502507882300882,0.6950656421719091,6.11519478342406,0.7623030388751498,-1.5197511576119052,0.46923209296139273,202605,4.4522849913080105,False,Q2
8006,서양음식,전북특별자치도,익산시,4770260000,421583,11315.114698647716,2.343945337739673,0.483569686368474,5.285929081978551,0.7742540228180502,-2.7942800808151675,0.7315295618285822,202605,1.6552953898748568,False,Q2
8006,서양음식,전북특별자치도,임실군,653230000,37559,17392.10309113661,12.416076387481818,0.5253106744760763,9.919619303273619,0.5507032889308107,2.2711660575537387,0.4010000687582289,202605,9.402514623042906,False,Q1_small
8006,서양음식,전북특별자치도,장수군,430910000,35996,11971.052339148795,15.36188054830018,0.7685583476208183,17.265593927569455,0.7889272649034608,-1.623420233939294,0.8768105231512067,202605,19.103935446979342,False,Q1_small
8006,서양음식,전북특별자치도,전주시 덕진구,8009360000,759857,10540.614878852206,2.300429402327111,0.3942550004002237,5.5092136002348235,0.7555805104052596,-3.0412360100280402,0.7887000930108744,202605,1.5453376756258352,False,Q3
8006,서양음식,전북특별자치도,전주시 완산구,10192030000,869860,11716.862483618053,1.9979625344481298,0.3652765052781913,3.9382110063078954,0.6734051799810888,-1.8667326030289422,0.48436578375970457,202605,0.972448520790979,False,Q3
8006,서양음식,전북특별자치도,정읍시,2126970000,168243,12642.249603252438,1.7715950003627685,0.4919849605231029,3.691501206615765,0.7419831018384786,-1.8515559943792677,0.685626689948324,202605,1.2842442443929443,False,Q2
8006,서양음식,전북특별자치도,진안군,331730000,28076,11815.429548368713,7.0209691734208715,0.6368178295500057,7.123122878261204,0.7229296033766442,-0.09536102206093298,0.0033930320584873233,202605,7.040686443025374,False,Q1_small
8006,서양음식,제주특별자치도,서귀포시,16048480000,1084620,14796.407958547694,3.6130998340913436,0.5540378608133798,5.396964004673168,0.8188199603722363,-1.6925195022721546,0.5379635386100122,202605,2.721457328664482,False,Q4_large
8006,서양음식,제주특별자치도,제주시,39123450000,2988412,13091.718946383564,3.5483437465955885,0.7392360983928136,6.059259243947845,0.8815945857739038,-2.367464675174518,0.6743130768563942,202605,3.208593775316432,False,Q4_large
8006,서양음식,충청남도,계룡시,593780000,54600,10875.091575091576,5.2269731692061265,0.7394409597199118,5.08276710220873,0.8629162671813047,0.13723093802538985,0.013811395641567595,202606,5.259717546344604,False,Q1_small
8006,서양음식,충청남도,공주시,2866670000,214362,13373.032533751319,6.936546141471174,0.8019102840047738,8.823302605824363,0.8768950457969372,-1.7337798239659494,0.3808520055343094,202605,6.801896207489627,False,Q2
8006,서양음식,충청남도,금산군,982620000,74046,13270.399481403452,2.134034138059654,0.2459240125283349,2.592866802023412,0.5197380170429489,-0.44723641932061964,0.03710176605093658,202605,0.606714962100405,False,Q1_small
8006,서양음식,충청남도,논산시,2564390000,207739,12344.28778419074,3.4996353363675667,0.4464836259898034,5.099062117495459,0.6049729321282156,-1.521827834524128,0.678554898271274,202605,3.3382654819107196,False,Q2
8006,서양음식,충청남도,당진시,4587280000,363043,12635.638202637154,4.500863317856686,0.574088609430192,6.362229472870114,0.769157739082502,-1.7500255158606328,0.62132943318698,202605,3.9829760148067805,False,Q2
8006,서양음식,충청남도,보령시,2529910000,179464,14097.033388311862,2.6027206006482992,0.19260458784232104,3.9861843313768146,0.5355414829919714,-1.3304303255515662,0.3005053192597737,202605,0.17500996815706127,True,Q2
8006,서양음식,충청남도,부여군,1359420000,115837,11735.628512478741,5.369759298121805,0.45811647458976795,4.792900608183247,0.44528843411950936,0.5504749716733041,0.21139763373468712,202605,4.180113044500536,False,Q2
8006,서양음식,충청남도,서산시,3669270000,302776,12118.761064285149,3.1085833288711475,0.39595100212370693,5.025646584714385,0.592610279204788,-1.8253286870239787,0.6630610379803952,202605,2.95739879305159,False,Q2
8006,서양음식,충청남도,서천군,799310000,67324,11872.586299090963,4.0462814745332025,0.4821690516977736,5.195104355751406,0.7060005300647856,-1.0920877813221295,0.60294648897903,202605,2.8390609107177855,False,Q1_small
8006,서양음식,충청남도,아산시,10823570000,953180,11355.221469187352,4.346534704597969,0.6248352693795464,6.36346307197441,0.7361634827557382,-1.89626052887319,0.5529290455702146,202605,4.19569413056826,False,Q3
8006,서양음식,충청남도,예산군,2291190000,157426,14554.076200881684,1.1403457371246604,0.075499998282236,2.5526309282924653,0.368014735199721,-1.3771320914773544,0.5272731916543949,202605,-0.6020542376675883,True,Q2
8006,서양음식,충청남도,천안시 동남구,7773470000,667604,11643.833769719775,3.4941924112130547,0.47620924744746823,6.7005046271968265,0.6406446009329207,-3.0049644349727953,0.7231473956372892,202605,3.6571779802139806,False,Q3
8006,서양음식,충청남도,천안시 서북구,9680150000,834794,11595.85478573157,3.110956674443445,0.6435272385186167,5.154240621886188,0.715395571091041,-1.943130334410376,0.43896488799733346,202606,2.9812213784756825,False,Q3
8006,서양음식,충청남도,청양군,601580000,39821,15107.104291705382,8.419527897969429,0.669134531202651,9.784212417269682,0.8161884456193294,-1.243060809247652,0.3307320437746336,202605,8.89243958497591,False,Q1_small
8006,서양음식,충청남도,태안군,1894540000,129898,14584.828095890622,8.822847636915148,0.7102229411407577,8.706157122240493,0.7820748731272975,0.10734489909654331,0.004142377976006477,202605,7.903940791436466,False,Q2
8006,서양음식,충청남도,홍성군,2199350000,166438,13214.229923454981,0.7296737600954917,0.1290152471447319,3.355667287237559,0.6042924417577396,-2.540734916687327,0.7801797943267187,202605,0.09683475644570874,True,Q2
8006,서양음식,충청북도,괴산군,697850000,58687,11891.04912501917,6.231155004198358,0.5081298110629664,10.575602683854976,0.6100738984407887,-3.9289387298912195,0.4815117923817408,202605,6.657323662508305,False,Q1_small
8006,서양음식,충청북도,단양군,794860000,48805,16286.446060854421,13.37587085639459,0.7501885145594575,11.216345799540669,0.695247253358405,1.9417335116784784,0.78076464456345,202605,12.337556206594225,False,Q1_small
8006,서양음식,충청북도,보은군,535980000,40063,13378.428974365375,5.958858783592165,0.68383551742938,7.590061322944323,0.7334177345524807,-1.5161275300847001,0.6220864319917947,202605,6.478143974059936,False,Q1_small
8006,서양음식,충청북도,영동군,617540000,45998,13425.366320274794,4.5308291029007135,0.3971074720106813,6.138070968971062,0.5797716607487893,-1.5142934588855315,0.6426709026576392,202605,3.8628285852738116,False,Q1_small
8006,서양음식,충청북도,옥천군,661100000,46756,14139.361793138849,10.738479201241887,0.8764889446696177,9.231014401845856,0.8790309760749317,1.3800703102969216,0.4280932423053651,202605,11.469482902653144,False,Q1_small
8006,서양음식,충청북도,음성군,2645280000,180663,14642.068381461617,4.87090240703229,0.7047187445933015,5.7656508796144275,0.8100788239653446,-0.8459726434252252,0.6296061121051338,202605,4.361824967346979,False,Q2
8006,서양음식,충청북도,제천시,3321030000,253290,13111.571716214616,3.9192158059504183,0.48572150219807847,6.590571066447562,0.7478213189168889,-2.5061834586023632,0.7165739350334411,202605,3.3691990060516224,False,Q2
8006,서양음식,충청북도,증평군,682990000,54767,12470.830974857123,8.600043831176128,0.7772471919675803,8.517595786241577,0.8114364282998864,0.07597666013259567,0.004016167214497621,202605,7.949947456617043,False,Q1_small
8006,서양음식,충청북도,진천군,2026990000,172194,11771.5483698619,2.583230822026244,0.49056393674127863,5.259552982917351,0.7320528655453943,-2.5425931281746927,0.7396869547842074,202605,1.9737065702746595,False,Q2
8006,서양음식,충청북도,청주시 상당구,5161800000,406146,12709.222791803933,2.878848499341614,0.47648360557072034,5.253099303495185,0.8106934341836648,-2.2557538161488693,0.7527415553123551,202605,2.0110473823408053,False,Q2
8006,서양음식,충청북도,청주시 서원구,4318630000,363008,11896.790153385049,2.7777081751874517,0.4699176863396724,6.585588871125629,0.7417795137357344,-3.5726037039982916,0.7403799760282125,202605,2.4930950807944745,False,Q2
8006,서양음식,충청북도,청주시 청원구,4602500000,407335,11299.053604526986,1.6297395340803635,0.22616570316610546,4.420251374812886,0.5965051211363886,-2.6723856761425155,0.7375344336655871,202605,0.8409246827068171,False,Q2
8006,서양음식,충청북도,청주시 흥덕구,7909110000,694791,11383.437609295457,0.394417795072306,0.028899954262886798,3.404180793957635,0.6039082740020669,-2.91067824896027,0.8690363690061185,202605,-0.34461340043998856,True,Q3
8006,서양음식,충청북도,충주시,4288940000,382538,11211.801180536313,2.674639564117837,0.351128563803979,5.536287823693723,0.7800219576187659,-2.7115301462530756,0.7155192643302926,202605,1.310268636486178,False,Q2
8021,스넥,강원특별자치도,강릉시,2796610000,156085,17917.22458916616,0.5014342255043344,0.007344701986777749,0.2997385294662241,0.003017334418270533,0.2010929430078782,0.1035430839364783,202605,-2.1952537879328258,True,Q3
8021,스넥,강원특별자치도,고성군,325840000,14807,22005.80806375363,6.237693170450564,0.21604549381920177,5.22488708705183,0.17183861549375037,0.9625157236432446,0.1998712872012455,202606,2.5851007759432147,False,Q1_small
8021,스넥,강원특별자치도,동해시,723330000,40392,17907.754010695186,1.9845596770765095,0.3125390004133858,1.1027341666457249,0.13477805339166954,0.8722073816295235,0.4955109392758657,202605,0.9108370021523673,False,Q2
8021,스넥,강원특별자치도,삼척시,517020000,21616,23918.39378238342,6.093588132512181,0.6593594248443333,7.230086825874047,0.7886193947170325,-1.0598692279410018,0.1462935337595682,202605,5.424958491901277,False,Q1_small
8021,스넥,강원특별자치도,속초시,2464400000,129812,18984.37740732752,0.9167911145721805,0.02316058745954153,1.160697401946537,0.031645638263181286,-0.24110775591555791,0.2132565933242325,202605,-1.8353783162891686,True,Q3
8021,스넥,강원특별자치도,양구군,243650000,9880,24660.93117408907,4.269418887348967,0.425572400348268,3.957464880016733,0.2646437430590703,0.3000785058507123,0.012989481183864978,202605,2.8844507363341014,False,Q1_small
8021,스넥,강원특별자치도,양양군,323330000,10121,31946.447979448672,5.552824440721545,0.37595294444214505,5.7326042933825585,0.34659700122024273,-0.17003255889000002,0.012188659220233987,202606,3.9063929291152615,False,Q1_small
8021,스넥,강원특별자치도,영월군,176380000,8717,20234.025467477342,7.330417700698175,0.67351738705519,3.8795872024681834,0.4312534387688159,3.3219524558796114,0.5631381555335666,202605,6.614078285435741,False,Q1_small
8021,스넥,강원특별자치도,원주시,3306660000,194168,17029.89164022908,1.6056269185713739,0.2173411856731599,0.6799449265674049,0.05534611967621152,0.9194303718373049,0.6727070472333478,202605,0.6620527505371948,False,Q3
8021,스넥,강원특별자치도,인제군,227930000,9631,23666.285951614576,4.417473398934471,0.5492713260390627,4.250982653781301,0.3997681267831474,0.15970184732561551,0.01167870955047566,202605,3.514942302543812,False,Q1_small
8021,스넥,강원특별자치도,정선군,445840000,18507,24090.344194088724,5.073927233072773,0.4218860316753781,3.1963358333770913,0.21636407755063256,1.819436111304633,0.5220699285404845,202605,3.3950674695071723,False,Q1_small
8021,스넥,강원특별자치도,철원군,323560000,13700,23617.518248175184,1.5659868829018608,0.11391069569438386,0.5601755812952911,0.011175164920934812,1.000208378508131,0.3637648297685036,202605,0.36400185682682806,False,Q1_small
8021,스넥,강원특별자치도,춘천시,2337730000,130566,17904.584654504237,4.462338024999089,0.6544506119015117,3.6792080636073017,0.4852912035237221,0.7553394513886976,0.41719414064738414,202605,4.739120377089927,False,Q3
8021,스넥,강원특별자치도,태백시,264810000,10573,25045.871559633026,2.191889401450063,0.10940762892649207,0.8840258069122118,0.03677894287869093,1.2964030569528053,0.32434182234517417,202605,0.12606703212891074,True,Q1_small
8021,스넥,강원특별자치도,평창군,550930000,19171,28737.676699181055,-4.115281452758199,0.12944146788776054,-5.439117333720482,0.23324363614800936,1.399982575918099,0.47573940086091693,202601,1.0635163416212423,False,Q1_small
8021,스넥,강원특별자치도,홍천군,636180000,38816,16389.633140972794,-1.852891345186055,0.078154732399114,-5.682679415744609,0.3202948625154425,4.06053527266744,0.7752995351339851,202601,2.2849360050271916,False,Q2
8021,스넥,강원특별자치도,화천군,435150000,19244,22612.242776969444,-2.003791875043539,0.052108787125676376,-7.692679817567777,0.20840463046798866,6.162986782934396,0.39299974039504953,202601,5.209148305698068,False,Q1_small
8021,스넥,강원특별자치도,횡성군,267280000,12411,21535.734429135446,-1.8381809504048088,0.08667962916702461,-4.715683234801419,0.2934544083836773,3.0199117568186806,0.6945376692751135,202601,2.1522917443084904,False,Q1_small
8021,스넥,경기도,가평군,462460000,19908,23229.857343781394,4.9499567427935665,0.6477043124121401,5.3507718719658675,0.6959098782565339,-0.3804577052928519,0.04667673027405527,202605,4.013069248578387,False,Q1_small
8021,스넥,경기도,고양시 덕양구,3903130000,235760,16555.522565320665,2.7205222415297823,0.41602373967991585,2.1108451656881573,0.23361436354070567,0.5970737729693055,0.37293086227939104,202605,2.4596853536037533,False,Q4_large
8021,스넥,경기도,고양시 일산동구,2382430000,148577,16034.985226515544,5.060985006744159,0.8234362879686976,3.5533937732554497,0.5738260213727291,1.4558588362538747,0.5240799511529585,202605,5.464653608720638,False,Q3
8021,스넥,경기도,고양시 일산서구,1932160000,131268,14719.200414419356,3.773218492080587,0.5802117742529265,1.6902717801444391,0.19087272282987391,2.048324461596042,0.7368948837783352,202605,3.576273551330818,False,Q3
8021,스넥,경기도,과천시,851300000,44814,18996.295800419513,10.653905946369715,0.8121489913505375,8.91724496431653,0.7193945030373632,1.5944775160463907,0.5570064423562041,202605,12.379519411114135,False,Q2
8021,스넥,경기도,광명시,2300540000,146723,15679.477655173354,3.1223885151965836,0.4597116332979068,2.182584820956223,0.20769115415288486,0.9197298109918586,0.4241237834225874,202605,3.3229215770520923,False,Q3
8021,스넥,경기도,광주시,3168240000,175247,18078.71176111431,3.2315547062470187,0.42622828635046284,2.171657519247389,0.24979919356371147,1.0373690832997655,0.405013481598256,202605,2.948303231339192,False,Q3
8021,스넥,경기도,구리시,1696820000,98217,17276.2352749524,5.204430621881745,0.6899845870688814,1.6292430745647488,0.1408523669719883,3.517872847575861,0.9576079285850423,202605,5.624407579866826,False,Q2
8021,스넥,경기도,군포시,2288540000,156797,14595.559864028011,4.192442453780742,0.6389247712291061,2.4908502316959837,0.3270880260964633,1.6602381756401048,0.7197303984550981,202605,4.678521369672293,False,Q3
8021,스넥,경기도,김포시,4204560000,240452,17486.067905444746,5.08666234791202,0.665663139032265,3.913966137582404,0.5391276446608939,1.1285260816404246,0.5130097340108727,202605,4.814373105820526,False,Q4_large
8021,스넥,경기도,남양주시,4417990000,262772,16813.016607553316,4.8122358324255075,0.6567659190509392,3.595000032296565,0.5214606433426646,1.1749947388865156,0.6131679785795447,202605,4.835616243818158,False,Q4_large
8021,스넥,경기도,동두천시,613320000,31125,19705.060240963856,6.350922732082051,0.627079245682136,6.137782708339531,0.6300302818913577,0.20081446804689454,0.05704643422222866,202605,5.777120260882549,False,Q2
8021,스넥,경기도,부천시 소사구,1682920000,118948,14148.367353801661,4.729582233158925,0.5272515145685384,4.231889170311378,0.4881420772014956,0.47748636891189417,0.07901042750265172,202605,4.443994982066838,False,Q2
8021,스넥,경기도,부천시 오정구,1183010000,69645,16986.287601407137,3.8315009690248742,0.5738697353664721,3.629574617589415,0.4969666927836396,0.19485398080673133,0.11884186411124846,202605,3.858616175727919,False,Q2
8021,스넥,경기도,부천시 원미구,4119120000,259030,15902.096282283905,4.425799018294442,0.6941651123882819,3.0157796955737988,0.4428189237183217,1.3687411063503676,0.634798095645647,202605,4.410806953665805,False,Q4_large
8021,스넥,경기도,성남시 분당구,4796840000,312194,15364.9333427292,2.1342636422971237,0.29620502143119337,1.0837262208987424,0.07799946132573865,1.039274530800943,0.7946458447724573,202604,2.4022565228566504,False,Q4_large
8021,스넥,경기도,성남시 수정구,2263300000,167591,13504.90181453658,2.5358008528863305,0.2615880863487631,1.9557753810597,0.14394298941710862,0.5688990836063876,0.24553374211168105,202605,2.85280715862307,False,Q3
8021,스넥,경기도,성남시 중원구,2301860000,144314,15950.358246601161,3.9935248500700125,0.4034204118785663,2.3990392800555904,0.17261664835917956,1.5571294235032542,0.7475781866577378,202605,4.2402495811836545,False,Q3
8021,스넥,경기도,수원시 권선구,2620590000,146818,17849.241918565844,3.332062467783565,0.39981367518338096,2.9535773493895254,0.28974958421265284,0.3676269714354644,0.11618107872162699,202605,3.177229068103228,False,Q3
8021,스넥,경기도,수원시 영통구,4098710000,374572,10942.382238928698,11.703389988008,0.41758368253286426,17.149733723194018,0.39786348196008825,-4.649044912090732,0.3518391689055582,202604,15.150182536339276,False,Q4_large
8021,스넥,경기도,수원시 장안구,2285630000,141863,16111.530138231956,5.404610349889602,0.6136326394205875,3.4852157499333467,0.36965772102978833,1.8547524745895698,0.9296792012868051,202605,5.774756448701833,False,Q3
8021,스넥,경기도,수원시 팔달구,3315880000,188868,17556.600376982868,4.192501137427908,0.47387019914342,2.8237489387871566,0.26518125221860167,1.331163483890852,0.689916829733329,202605,3.776561489866682,False,Q3
8021,스넥,경기도,시흥시,4914130000,312211,15739.772141276253,5.367663145159048,0.570263305920332,4.474787980070923,0.4957063247530435,0.8546321867228328,0.5383539274911598,202605,5.202227064406586,False,Q4_large
8021,스넥,경기도,안산시 단원구,4131590000,248575,16621.100271547824,5.173615942954612,0.6600279730744595,5.3117762607682435,0.6747660283487046,-0.1311917078215248,0.04420267198033541,202605,4.571949487634312,False,Q4_large
8021,스넥,경기도,안산시 상록구,3113380000,184137,16907.954403514774,5.521169989431436,0.6745504205977761,4.962684058967305,0.596349056932132,0.532080458375411,0.16793397505324326,202605,5.579185913821376,False,Q3
8021,스넥,경기도,안성시,1427630000,63620,22439.955988682803,4.50079033925367,0.5315296479934517,3.13244604304601,0.2816665640387642,1.326783518386149,0.3634350550001607,202605,4.186295857105621,False,Q2
8021,스넥,경기도,안양시 동안구,3194030000,198378,16100.726895119418,3.3654826534222235,0.5455779958587199,1.6259268704378926,0.18938154530788603,1.7117243960805797,0.7145996434819942,202605,3.3655118530532984,False,Q3
8021,스넥,경기도,안양시 만안구,1993920000,129655,15378.658748216421,4.644163084364416,0.6293884247190851,4.217312166387538,0.48892825152083896,0.4095777458695232,0.096815597334599,202605,5.026975938119079,False,Q3
8021,스넥,경기도,양주시,1989040000,103009,19309.380733722297,5.255349947564994,0.6150731152026355,3.989198808844142,0.45799769167144594,1.217579472891477,0.43859190013365507,202605,4.656136097551453,False,Q2
8021,스넥,경기도,양평군,858980000,35537,24171.42696344655,5.115479255424976,0.745110973774241,4.159223077498386,0.5616679879707707,0.9180715347838833,0.2047390930425142,202605,4.889905329071544,False,Q2
8021,스넥,경기도,여주시,1033860000,48920,21133.68765331153,3.6525910686119776,0.620787528155448,2.9748547741657334,0.4098196922811273,0.6581570772132554,0.42107049982701245,202605,3.714456386057906,False,Q2
8021,스넥,경기도,연천군,197310000,7406,26641.91196327302,1.396954342668491,0.03397861809142782,3.0211246158762117,0.2323476702996926,-1.576541004831393,0.2005462795086077,202606,-2.8205222387680524,True,Q1_small
8021,스넥,경기도,오산시,2319130000,139611,16611.37016424207,5.030518422795673,0.743968362877091,3.361248007323181,0.5139934884523698,1.614986706966041,0.6092428897103371,202605,5.187863706452859,False,Q3
8021,스넥,경기도,용인시 기흥구,2349150000,147102,15969.531345596934,4.548010031143365,0.6623908898156797,3.7751328888142774,0.4591938819066991,0.744761409418907,0.3248189663547768,202605,5.217971313466521,False,Q3
8021,스넥,경기도,용인시 수지구,2268200000,148497,15274.382647460892,2.605597898338835,0.3567176244794018,1.0202864255786566,0.06563782315660244,1.5693001166930163,0.8559483922334806,202605,2.9599886960860906,False,Q3
8021,스넥,경기도,용인시 처인구,2862590000,152196,18808.575783857657,3.57769452365403,0.5465006144656176,3.1489870338700126,0.34471036503228963,0.415619679952118,0.08078555549263224,202605,3.7879752736453907,False,Q3
8021,스넥,경기도,의왕시,1269930000,98750,12860.050632911392,5.116403446084726,0.8304474824873076,3.552236067412896,0.7033224355862593,1.5105104805786629,0.6945150148691639,202605,5.326726835066122,False,Q2
8021,스넥,경기도,의정부시,3154080000,182713,17262.482691434107,5.181520231900259,0.7055974785883536,3.395912020867917,0.47856013310943607,1.7269620975653464,0.7020678197082458,202605,5.435521907007296,False,Q3
8021,스넥,경기도,이천시,1748530000,83978,20821.28652742385,2.159251865052042,0.33416061238273786,1.0561493549172085,0.08581093109214333,1.0915738598555345,0.7843252657486944,202605,2.091293549530289,False,Q2
8021,스넥,경기도,파주시,3276970000,181051,18099.706712473282,3.937812216288731,0.6016420191182803,2.831957594490365,0.34220906158710673,1.075399756716927,0.5004269993013701,202605,4.08763337889322,False,Q3
8021,스넥,경기도,평택시,7157590000,409329,17486.15416938453,4.612809310873182,0.6816721867927312,2.487043208241966,0.34967669613514,2.0741803413256044,0.8793638115031013,202605,4.470529621627606,False,Q4_large
8021,스넥,경기도,포천시,1242650000,65717,18909.11027587991,5.869568505369658,0.7130753418841264,6.149121632987218,0.6552385683784605,-0.2633588703485613,0.04413025267920347,202605,5.81017740291659,False,Q2
8021,스넥,경기도,하남시,2192720000,136739,16035.805439560037,5.238892822707309,0.6379056141556244,2.6189607303084843,0.34203558327539113,2.5530682378320355,0.6904240107690083,202605,5.164805230933063,False,Q3
8021,스넥,경기도,화성시 동탄구,2821200000,180976,15588.80735567147,6.503409706205063,0.7198078300700985,4.1941187429794,0.5881517960418505,2.2163352318589764,0.917815873944299,202605,7.293151741187516,False,Q3
8021,스넥,경기도,화성시 만세구,2986630000,152839,19541.02028932406,3.910507995325329,0.5232561787539176,2.094265812914542,0.2562792131196326,1.7789854973236405,0.9860295230319698,202605,3.8262597250513632,False,Q3
8021,스넥,경기도,화성시 병점구,1160190000,69019,16809.71906286675,5.430062261957297,0.8298331729475391,5.04767787680569,0.7171084026960644,0.3640103169153945,0.0656997699236659,202606,5.8454503566055225,False,Q2
8021,스넥,경기도,화성시 효행구,1187220000,70945,16734.37169638452,5.101690666851809,0.5532135661341778,4.954968627663617,0.5156027711500611,0.1397952294271081,0.010949469045680992,202605,5.043801751998118,False,Q2
8021,스넥,경상남도,거제시,1835940000,84823,21644.36532544239,7.575565793827829,0.5893843922480084,8.43508979191416,0.6135133933155893,-0.7926622274539731,0.38677221379845256,202605,5.615177091365918,False,Q2
8021,스넥,경상남도,거창군,351620000,20889,16832.782804346785,7.074749393900263,0.4452528543003927,4.934864280977463,0.22313896826496113,2.039250851073628,0.2350062701022955,202605,4.113967797772053,False,Q1_small
8021,스넥,경상남도,고성군,432300000,20266,21331.293792558965,12.947554443893718,0.6624729488923436,11.561554231872375,0.6973671824359778,1.2423636633285307,0.27159084223324415,202606,5.402821516144505,False,Q1_small
8021,스넥,경상남도,김해시,5797790000,324646,17858.80620737665,7.485334307369791,0.5510118509958124,7.964847721191807,0.5719653755235934,-0.4441384616781224,0.1564936352954245,202605,5.415478852534851,False,Q4_large
8021,스넥,경상남도,남해군,383800000,16323,23512.83465049317,18.936210140898176,0.7863373814343335,19.081069175020517,0.8255722730256301,-0.12164740804387261,0.005981266748597402,202605,21.922828623277713,False,Q1_small
8021,스넥,경상남도,밀양시,691670000,38773,17838.960101101282,2.77400782435065,0.2737627084550054,2.5642325289877723,0.18804028319152205,0.20453065380623708,0.03254295392592721,202605,1.8245869971947932,False,Q2
8021,스넥,경상남도,사천시,837990000,37320,22454.180064308683,6.073967356935075,0.4541693147976445,7.318853809672904,0.5165918536788179,-1.1599885840615496,0.462900560459202,202605,3.6807097617842803,False,Q2
8021,스넥,경상남도,산청군,218270000,10255,21284.251584592883,2.97435625436076,0.16261454945826528,4.890039433354508,0.3765890706777151,-1.8263728275275892,0.6604374275895925,202605,-0.036044445122841905,True,Q1_small
8021,스넥,경상남도,양산시,3573870000,220638,16197.88975607103,-0.1254505736867485,0.0036311499865777294,-1.2676439690522048,0.19597133774302508,1.1568582390634632,0.7109972161240454,202601,0.831517662276127,False,Q4_large
8021,스넥,경상남도,의령군,111110000,3770,29472.148541114057,-5.799666316583504,0.098391672750746,-4.233968928663867,0.07392554730069341,-1.634919365879679,0.1754020889518742,202604,-8.118287391290052,False,Q1_small
8021,스넥,경상남도,진주시,3154520000,179883,17536.50984250874,5.34182893272474,0.5801662307647008,5.159951428178271,0.5989711938704245,0.17295320326456987,0.07188325780468471,202605,4.256322078809039,False,Q3
8021,스넥,경상남도,창녕군,439920000,21776,20202.057310800883,2.4108842517084423,0.5437376448317833,2.7039848231972607,0.4466417905550874,-0.2853838358787869,0.020111886313356125,202605,2.161558304111189,False,Q1_small
8021,스넥,경상남도,창원시 마산합포구,1980780000,121170,16347.11562267888,7.096410586506023,0.41143073553155013,7.41298257288692,0.43766148914820097,-0.2947241374347925,0.09359738856219203,202605,3.92359848445907,False,Q3
8021,스넥,경상남도,창원시 마산회원구,2360550000,139521,16918.958436364417,14.441940321710891,0.6968086387669761,14.435920548549452,0.7321538022924752,0.005260387763401062,1.0709579693896635e-05,202605,12.641733689426934,False,Q3
8021,스넥,경상남도,창원시 성산구,3081680000,177161,17394.799081061858,6.972027831113417,0.5174071619469538,6.243439582327451,0.5017166743338731,0.6857724595986525,0.4264716767459442,202605,4.644371990562276,False,Q3
8021,스넥,경상남도,창원시 의창구,2704850000,161067,16793.322033687844,8.734991154781804,0.4963919494428618,9.889599542122413,0.6051940675812323,-1.0506985120990018,0.3327950237093421,202605,5.7016865259114855,False,Q3
8021,스넥,경상남도,창원시 진해구,2202930000,118018,18666.05094138182,9.420730262105275,0.45519924409833573,9.537963573132254,0.5108630423343435,-0.10702527891051115,0.005935117857622984,202605,5.644850217697181,False,Q2
8021,스넥,경상남도,통영시,1548870000,74499,20790.480409133008,6.107172899864491,0.4357379640578952,5.82425341364309,0.4267687329885936,0.26734843582174744,0.0568243852481714,202605,3.5036283707169105,False,Q2
8021,스넥,경상남도,하동군,302900000,13529,22388.94227215611,8.930093279859113,0.6439586670268678,11.096426902430645,0.7897617580406734,-1.9499579626211387,0.31288748144844986,202605,7.514327387416146,False,Q1_small
8021,스넥,경상남도,함안군,673720000,31587,21329.027764586695,3.9708426955897296,0.49887021264699943,3.357713998549484,0.4382514248850251,0.5932103887754964,0.31002262159614713,202605,3.3852062422836156,False,Q2
8021,스넥,경상남도,함양군,246000000,9971,24671.54748771437,8.426343300422577,0.6328804995462909,9.269039490200129,0.7365938647878183,-0.7712122241662931,0.09635427914486984,202605,7.144921909012105,False,Q1_small
8021,스넥,경상남도,합천군,218240000,10680,20434.45692883895,12.791097250208235,0.593257532040978,16.305674597252757,0.49163487090884833,-3.02184511565313,0.18564879120586028,202605,9.74736624114631,False,Q1_small
8021,스넥,경상북도,경산시,2835740000,224249,12645.496746919718,6.727886091928625,0.6116778084590787,7.220493021468255,0.6124202989149113,-0.4594335613071827,0.21324611619830555,202605,7.166501553866126,False,Q4_large
8021,스넥,경상북도,경주시,3566300000,258281,13807.829457064205,1.343204226889615,0.10207665849700397,1.4839833010195924,0.11907048244301639,-0.13872048529314432,0.041467748556209987,202605,0.15528164420719115,True,Q4_large
8021,스넥,경상북도,고령군,340330000,18688,18211.15154109589,3.253662310625581,0.3875830926289684,3.227873529916577,0.5224364961368912,0.024982381044162356,0.0002837691951566538,202605,2.8762248355250146,False,Q1_small
8021,스넥,경상북도,구미시,3113520000,186995,16650.284766972378,2.6525600280384656,0.40262659451928456,2.0448285198821017,0.30470399731415604,0.5955534611320067,0.22057230584703424,202605,1.7756425860372342,False,Q3
8021,스넥,경상북도,김천시,1595740000,108425,14717.454461609408,3.9101914984828277,0.5662464076255805,3.328025254478575,0.3400512089760026,0.5634156295646607,0.07613934562237978,202605,3.2305098313519256,False,Q2
8021,스넥,경상북도,문경시,394630000,18331,21528.01265615624,6.3122477589752135,0.6246578869289712,6.062035363767944,0.39901981612981846,0.2359113648433445,0.008376098074157621,202605,5.102053116790204,False,Q1_small
8021,스넥,경상북도,봉화군,114380000,5829,19622.576771315835,5.450190495959803,0.617323116510487,6.834650766517561,0.7514659984476337,-1.2958906690147731,0.3505717712600549,202605,5.519491382806244,False,Q1_small
8021,스넥,경상북도,상주시,871990000,44415,19632.7817178881,5.355537953012171,0.9302271157711783,5.104158406318731,0.9206704469322416,0.23917183725658853,0.031777235125670156,202606,5.754784652445129,False,Q2
8021,스넥,경상북도,성주군,572790000,49250,11630.2538071066,2.4514255516656354,0.24245598329149465,2.6661038058156787,0.20742572628979308,-0.2091033419911045,0.026702172888178177,202605,1.6933573334790106,False,Q2
8021,스넥,경상북도,안동시,983590000,49432,19897.83945622269,4.87093071637117,0.671936272400109,4.3986252772528625,0.65193127445451,0.45240580310709644,0.10341472582189898,202605,4.441152400243223,False,Q2
8021,스넥,경상북도,영덕군,303230000,13164,23034.791856578548,-0.31078883088611614,0.004201814676585532,-0.4802809625639855,0.007947223876834565,0.1703100986590578,0.0038756853540754216,202605,-2.457969596310607,False,Q1_small
8021,스넥,경상북도,영양군,151060000,7734,19531.93690199121,18.125225301445504,0.61558179755058,18.31372996120899,0.6256620455402864,-0.1593261068054793,0.01599798036700344,202604,22.679999612559797,False,Q1_small
8021,스넥,경상북도,영주시,529280000,24541,21567.17330182144,3.117014461540756,0.5282436597299294,4.6591095032149665,0.6412886653873083,-1.4734455978023153,0.28331500047411107,202605,2.2431939098177414,False,Q2
8021,스넥,경상북도,영천시,816940000,54434,15007.899474593085,3.90133145146927,0.47483611871769565,3.8419982373016066,0.5115760099795686,0.057137974205819474,0.002916038094752409,202605,2.6379858034885104,False,Q2
8021,스넥,경상북도,예천군,343650000,15755,21812.123135512535,3.7151654075540117,0.7476192060843511,1.5463404433153058,0.32553522311725025,2.135798252079177,0.8276978546456171,202605,3.4832879146656346,False,Q1_small
8021,스넥,경상북도,울릉군,116930000,3942,29662.607813292743,29.498393970718034,0.8670423350052645,37.43832043335507,0.8300275718409073,-5.7770834492169145,0.5777469554764327,202605,35.55372395765619,False,Q1_small
8021,스넥,경상북도,울진군,441520000,19620,22503.567787971457,-0.36051744616765,0.017745198666519302,-1.2242375037163558,0.13468590950917733,0.8744250975346481,0.484437971792632,202601,0.7197210881143734,False,Q1_small
8021,스넥,경상북도,의성군,342580000,26172,13089.56136328901,3.304234789679584,0.41379325977042497,2.611838705461176,0.24012466455381376,0.6747721246920697,0.09691609326904764,202605,2.4061827963786286,False,Q2
8021,스넥,경상북도,청도군,227070000,10685,21251.286850725315,8.69635280554738,0.650647964182331,10.722136170781166,0.7211931709825535,-1.8296100809590286,0.5163915988433169,202605,7.675950517901703,False,Q1_small
8021,스넥,경상북도,청송군,163630000,7897,20720.526782322402,-0.3232767615353239,0.008590576718353171,0.012512009604166095,1.5656770496827436e-05,-0.3357467624722909,0.012289938779330727,202601,1.9115695288676724,False,Q1_small
8021,스넥,경상북도,칠곡군,1023640000,54224,18877.987606963707,1.5403517095173185,0.10588993882172366,1.2701981496643528,0.08544846967115144,0.26676511430706623,0.03317403385297185,202605,-0.08920031272636765,True,Q2
8021,스넥,경상북도,포항시 남구,2998400000,155307,19306.277244425557,5.859911148749175,0.7173832247661046,3.77649345812284,0.662482303932008,2.007600778558833,0.6693601433809517,202605,5.118167012573174,False,Q3
8021,스넥,경상북도,포항시 북구,3908690000,224629,17400.647289530738,3.072161581877782,0.41307454779670133,2.272677186629407,0.3843484366129507,0.7817184581855674,0.16767247728041584,202605,1.8592741677391766,False,Q4_large
8021,스넥,광주광역시,광산구,6821210000,422977,16126.668825964533,5.475313172967405,0.4954096258866024,4.319295871604399,0.4679087793123282,1.1081528989476521,0.36076131911319875,202605,4.1106724819019345,False,Q4_large
8021,스넥,광주광역시,남구,2923510000,170044,17192.667780103973,5.539171863967889,0.6342784412503509,4.599501070138897,0.5851547888093017,0.898351124255229,0.4766005606871973,202605,5.102183691987627,False,Q3
8021,스넥,광주광역시,동구,2531680000,163208,15511.984706632027,4.676144536739271,0.5054650207077154,3.8213990321289693,0.4520707285465134,0.8232845180074904,0.4369181505444756,202605,3.5539918202171914,False,Q3
8021,스넥,광주광역시,북구,6799450000,433897,15670.654556265657,5.896576440519645,0.5646475020241645,5.135603601231348,0.5011906378823776,0.7238012749464334,0.251271848450995,202605,5.171104928868917,False,Q4_large
8021,스넥,광주광역시,서구,4841530000,292501,16552.182727580417,5.919899487802699,0.6408879095817875,4.571430013157047,0.5751933021866386,1.2895199716366579,0.6353553957445176,202605,4.995107217534756,False,Q4_large
8021,스넥,대구광역시,군위군,94310000,4041,23338.282603316013,21.102004182755667,0.7180921850687688,18.684235311759206,0.6780406262422027,2.037144077851195,0.33623859597465333,202605,19.326185168959125,False,Q1_small
8021,스넥,대구광역시,남구,1994430000,129499,15401.122788592962,11.151180047314478,0.7768939671949479,10.707858082551398,0.7977513952233158,0.4004430872761807,0.1418870444284564,202605,11.01115989070911,False,Q3
8021,스넥,대구광역시,달서구,7274370000,504074,14431.154949471704,6.19171991134637,0.6331451743029346,5.394004593122531,0.5526412830007412,0.7568887066237553,0.21177829756325808,202605,6.216098313654701,False,Q4_large
8021,스넥,대구광역시,달성군,2915840000,198970,14654.671558526412,4.035620712534484,0.47485233716973213,3.294265176793791,0.3706836246523582,0.7177121929003571,0.13959962359846476,202605,3.3716246243928114,False,Q3
8021,스넥,대구광역시,동구,4186440000,275769,15180.966678633204,5.170410932367256,0.43164092019632894,5.569405511299806,0.4748302548167956,-0.37794527401204714,0.07461112602155652,202605,5.043487438299751,False,Q4_large
8021,스넥,대구광역시,북구,5428000000,360052,15075.60019108351,6.399348889342564,0.6613900671088468,4.9882033189055415,0.5411715679251575,1.3440991709807462,0.39565895808716856,202605,6.604833885365601,False,Q4_large
8021,스넥,대구광역시,서구,1923730000,119846,16051.682993174574,8.753329709373803,0.7152406186858654,6.884402305899067,0.6867894880338621,1.748550174913225,0.58612311284628,202605,7.682181969627347,False,Q3
8021,스넥,대구광역시,수성구,6214770000,436118,14250.202926730839,11.731325887394966,0.7906825727263501,11.033295224986793,0.7513518058330948,0.6286678793003265,0.30904556983830994,202605,14.008390094168826,False,Q4_large
8021,스넥,대구광역시,중구,4304210000,321442,13390.316137903572,1.3010385757257954,0.07399569895367067,1.5883826630580893,0.11551899822672806,-0.28285132590935064,0.0681147100200039,202603,2.1871585197263754,False,Q4_large
8021,스넥,대전광역시,대덕구,1352510000,83083,16279.02218263664,3.75439860716769,0.470897651819233,3.6657436187394246,0.4358901441595609,0.08552004291241248,0.003320455021534536,202605,3.003780970886708,False,Q2
8021,스넥,대전광역시,동구,2140170000,127554,16778.540853285667,5.8073173748814275,0.6571648514899934,4.177032822709652,0.5142668710877899,1.5649174371728043,0.8523465064101493,202605,5.242695968949851,False,Q3
8021,스넥,대전광역시,서구,3463360000,214634,16136.120092809155,3.81434498518936,0.4837569462817064,3.3898016478778175,0.4381120994855588,0.41062399825216217,0.09551665541945155,202605,3.1638408288623987,False,Q4_large
8021,스넥,대전광역시,유성구,3205620000,212340,15096.637468211358,4.544655944959489,0.6086563630216445,4.400573338948475,0.5370161283952162,0.13800940110098547,0.016236597485385584,202605,4.671903331075388,False,Q4_large
8021,스넥,대전광역시,중구,2650930000,149129,17776.08647546755,7.518263636978603,0.7445230971119774,7.9027218666703964,0.7446888547709725,-0.3563007707690613,0.11767195903205194,202605,7.920663181620256,False,Q3
8021,스넥,부산광역시,강서구,2825620000,218409,12937.287382845945,3.5176995399935387,0.5170361805085302,2.265200952969952,0.3646670778931903,1.224755415676196,0.5824128218844679,202605,2.8396369781841284,False,Q4_large
8021,스넥,부산광역시,금정구,5135460000,351284,14619.111602008632,6.899356709499729,0.6308711102546806,6.761054584049776,0.6672360880016517,0.1295436111874532,0.01308707232307153,202605,6.071427071887485,False,Q4_large
8021,스넥,부산광역시,기장군,4277320000,289500,14774.853195164076,7.844688250538147,0.6512941317432002,5.96912529955012,0.646959551545561,1.769914534715835,0.6245600947477808,202605,6.308967730982686,False,Q4_large
8021,스넥,부산광역시,남구,4015260000,265042,15149.523471751647,9.179667042889468,0.7720836870687718,8.807657155360745,0.7232412267644076,0.34189679040464827,0.04701362022839104,202605,9.299065073613665,False,Q4_large
8021,스넥,부산광역시,동구,2133780000,129408,16488.779673590503,7.144489910077832,0.653138644936101,5.094058020759197,0.5624942086163768,1.9510445480310266,0.8134562368098509,202605,6.1253888437267285,False,Q3
8021,스넥,부산광역시,동래구,4997810000,331947,15056.048104064805,9.349148316491432,0.7918830086985184,8.641175269687704,0.7787335763394188,0.6516618078240533,0.20682414235496113,202605,9.225784104331632,False,Q4_large
8021,스넥,부산광역시,부산진구,9440800000,668242,14127.815970860856,5.426057726844706,0.544565433089755,5.101467375764448,0.5734521514101677,0.30883522293724414,0.07432548459940336,202605,3.969634474389612,False,Q4_large
8021,스넥,부산광역시,북구,4499750000,314912,14288.912458083529,7.5577756859631595,0.6249710625941377,6.6374111448751165,0.6295188826430909,0.8630784742492136,0.28153129180229075,202605,6.051758152467055,False,Q4_large
8021,스넥,부산광역시,사상구,2835930000,169658,16715.568968159474,10.55887275990042,0.7319618547811685,11.249676537101166,0.7493935366259661,-0.6209490208903024,0.07985488176525408,202605,10.180695183596109,False,Q3
8021,스넥,부산광역시,사하구,4703540000,304679,15437.690159151107,10.078795597734194,0.707622924963675,10.331010336131056,0.7530217361960823,-0.2285982314749809,0.032426631377273724,202605,8.893097580195942,False,Q4_large
8021,스넥,부산광역시,서구,2060110000,139252,14794.114267658633,9.604686905063987,0.7619498539122859,8.651805776489454,0.7380873115026646,0.877004410340638,0.3933684745742055,202605,9.412569132695008,False,Q3
8021,스넥,부산광역시,수영구,3565410000,234740,15188.762034591462,8.248728286497828,0.675075668659953,7.695647481185891,0.7003687978080106,0.513559106841851,0.14407771915693865,202605,7.074213908554378,False,Q4_large
8021,스넥,부산광역시,연제구,4009940000,287402,13952.373330735347,7.4191412230558695,0.7018436542774783,7.598835594834837,0.6987836140131742,-0.16700401150768998,0.008774525224345032,202605,7.179702954077953,False,Q4_large
8021,스넥,부산광역시,영도구,1739280000,97150,17903.036541430778,7.98661261639574,0.5816783344465817,5.364942670017801,0.4530239256278043,2.4881804895851642,0.8516215685076054,202605,5.957440514422356,False,Q2
8021,스넥,부산광역시,중구,2223450000,150417,14781.906300484652,4.479905390886375,0.4235642408288317,5.018069872222412,0.5027135839020646,-0.5124494117924916,0.26784215427337776,202605,2.5470146407253966,False,Q3
8021,스넥,부산광역시,해운대구,8072770000,565962,14263.802163396129,5.560620206915262,0.5038993531684987,5.043805010165365,0.5360919205201419,0.4919996916523373,0.13695539977236937,202605,3.742354950822,False,Q4_large
8021,스넥,서울특별시,강남구,10079340000,715677,14083.643878453548,0.9888167929757158,0.07675068495216177,-0.6144667219282424,0.02377564381468285,1.6131960679006214,0.8197490848262293,202601,2.9047397180098247,False,Q4_large
8021,스넥,서울특별시,강동구,4945500000,358919,13778.87489935055,2.7812351960116204,0.41877847125940554,2.418453630402036,0.26764635863716785,0.35421503913613545,0.11041145529325835,202605,2.771857895512986,False,Q4_large
8021,스넥,서울특별시,강북구,2539540000,160274,15844.990453847786,4.554395888686293,0.6177303139782375,2.917431044500169,0.3639784695078781,1.5905613146118027,0.719408990136865,202605,4.558620373952525,False,Q3
8021,스넥,서울특별시,강서구,4704380000,325729,14442.619478155153,2.5088666018437693,0.40603299033570606,1.149595980336909,0.12812339002708822,1.343822096700361,0.7283111998530302,202605,2.4814994159407266,False,Q4_large
8021,스넥,서울특별시,관악구,4670500000,350615,13320.879026852816,3.1622233611306534,0.41995195939668994,2.5175840904266304,0.24425620789402228,0.6288084882447421,0.1998079451853021,202605,3.243090666239634,False,Q4_large
8021,스넥,서울특별시,광진구,4282060000,301732,14191.600493152864,4.459675075611139,0.3875341563530423,3.17299273829949,0.23985108120366988,1.2471115775185366,0.8419559328553063,202605,5.1438344428790925,False,Q4_large
8021,스넥,서울특별시,구로구,4215990000,294357,14322.710178456771,3.9653799810689767,0.5480997879352273,2.148701805380433,0.22563715182855573,1.7784642815625424,0.7055080426376775,202605,4.104874944280253,False,Q4_large
8021,스넥,서울특별시,금천구,2718120000,181701,14959.301269668302,3.7538446894395636,0.6074817363555205,2.6422506599760105,0.3835954951344815,1.0829790094392322,0.4773095132398424,202605,4.2238126826798466,False,Q3
8021,스넥,서울특별시,노원구,4278550000,313748,13636.899677448144,3.9626803625222538,0.5942590307917932,2.201893851167122,0.24868467061631358,1.7228511576501344,0.6269200106202605,202605,4.178847871191988,False,Q4_large
8021,스넥,서울특별시,도봉구,2218630000,143377,15474.09975100609,5.389669422878085,0.6945731417894516,3.895144979175432,0.5001160864778113,1.4384930537439573,0.6944685424784015,202605,5.58268078233213,False,Q3
8021,스넥,서울특별시,동대문구,4363830000,280169,15575.706091680378,5.0627258392231385,0.5570389254196617,5.3123568464104025,0.47989448802748,-0.2370386673154592,0.027623128252012772,202605,5.7442986241209475,False,Q4_large
8021,스넥,서울특별시,동작구,3895920000,293422,13277.532018730702,2.607297811317007,0.2308839735524859,0.9728669443474716,0.037163495068085826,1.6186832328633178,0.703031470524359,202605,2.9769827492127345,False,Q4_large
8021,스넥,서울특별시,마포구,6470700000,442110,14635.950329103616,2.98893514298764,0.5281579415035718,1.383385965897428,0.13560687763159715,1.583641305519505,0.75133242686386,202605,3.214414745546911,False,Q4_large
8021,스넥,서울특별시,서대문구,3817850000,276963,13784.69326227691,2.685848901399364,0.17634903507236754,1.3913648650470996,0.05651339916355948,1.2767202000635944,0.5761121618730055,202605,3.177118440484635,False,Q4_large
8021,스넥,서울특별시,서초구,7685090000,550203,13967.735544880708,2.0895540793156293,0.3147728826103391,1.3747807187978356,0.13605286705381445,0.7050800558577467,0.6751624863863412,202605,2.4242294890942166,False,Q4_large
8021,스넥,서울특별시,성동구,3105510000,236027,13157.43537815589,4.346188082335474,0.47440266296322664,1.0740820018900465,0.052071621365585054,3.2373344537367976,0.9020351594717518,202605,4.46922471102049,False,Q4_large
8021,스넥,서울특별시,성북구,3580780000,256597,13954.87866187056,6.150161075397973,0.5478025508932031,6.6295799886734645,0.4080442263203245,-0.44961155556121496,0.03180450907139925,202605,7.5983059250847615,False,Q4_large
8021,스넥,서울특별시,송파구,6893930000,476313,14473.528960998336,3.11957534323496,0.3676677416952519,-0.015569829470473383,1.459822655716821e-05,3.1356333854763765,0.9476445565450531,202604,3.4907566446701033,False,Q4_large
8021,스넥,서울특별시,양천구,3641200000,246675,14761.122935035979,3.642425617632352,0.565433353234193,2.166910008372749,0.27914504521518035,1.4442206475058237,0.6228200701385868,202605,3.657756388488869,False,Q4_large
8021,스넥,서울특별시,영등포구,5885310000,411195,14312.69835479517,4.169390279332127,0.5060182045894628,2.831777579663004,0.29558081050561946,1.3007775720232067,0.6880324992508113,202605,4.887920701338064,False,Q4_large
8021,스넥,서울특별시,용산구,3373770000,204850,16469.46546253356,2.8044524733729967,0.37238830532100103,2.6967772504835934,0.32971978276665936,0.10484771360131434,0.01055458353404909,202605,2.7404143729761326,False,Q4_large
8021,스넥,서울특별시,은평구,3700420000,259650,14251.56942037358,3.8950613087490904,0.5928427103994818,2.7357721031960374,0.3613284723350266,1.1284182537593233,0.6145075856500493,202605,4.145106289275562,False,Q4_large
8021,스넥,서울특별시,종로구,5430300000,352410,15409.0406061122,4.511748015576966,0.630607646851709,4.520905582691729,0.49021510888038655,-0.008761469357480664,2.459713718801608e-05,202605,4.826341214642033,False,Q4_large
8021,스넥,서울특별시,중구,5878130000,374003,15716.79906310912,2.1429923212911715,0.419847544275144,1.9539277054208746,0.22731666663890882,0.1854412283326324,0.023977283300086884,202605,2.5578473566739706,False,Q4_large
8021,스넥,서울특별시,중랑구,3108170000,208545,14904.073461363256,3.962080312739813,0.5620072443474061,2.854564615940169,0.35387939916676703,1.0767783626668659,0.43607077620986157,202605,3.660158111494739,False,Q4_large
8021,스넥,세종특별자치시,세종특별자치시,2530590000,146271,17300.69528477962,3.8790284836176094,0.5151916549259284,2.753053484078959,0.2981327313785203,1.0958068508524395,0.4141443652799062,202605,3.484315281134002,False,Q3
8021,스넥,울산광역시,남구,3848590000,219258,17552.791688330643,2.008470349822315,0.28394374840277736,1.570471008298756,0.20045746304071715,0.4312270457894966,0.16970114295319752,202605,1.457443594344949,False,Q4_large
8021,스넥,울산광역시,동구,1586890000,83850,18925.34287418008,5.092573228727888,0.48754976720513876,5.888924348113786,0.57530436585322,-0.7520627150464585,0.3896570780042193,202605,3.4374248330073165,False,Q2
8021,스넥,울산광역시,북구,1643760000,88780,18514.98085154314,4.327179651878535,0.4098473464863107,3.5075999730449006,0.3841982204925272,0.7918062819030908,0.39676244207230715,202605,2.6017304346262553,False,Q2
8021,스넥,울산광역시,울주군,2503130000,155998,16045.910845010834,7.443318164034619,0.6951432483304986,7.5040098836569715,0.7151732493855321,-0.056455307749021064,0.0013232400244937964,202605,6.857889277351779,False,Q3
8021,스넥,울산광역시,중구,1936390000,106804,18130.313471405567,1.171025516825894,0.1223132790076825,0.759184646931604,0.06007131681131186,0.4087377953061449,0.11061201749677206,202605,-0.13968737833372824,True,Q2
8021,스넥,인천광역시,강화군,416410000,19433,21427.9833273298,0.6967530643954253,0.02637535350083488,2.025325780254219,0.19517990714331182,-1.30219894491719,0.3534039568865987,202605,-0.746639155849389,True,Q1_small
8021,스넥,인천광역시,계양구,2407290000,156120,15419.485011529592,1.2746651883980655,0.09772834598986334,0.8468904553654394,0.02248636961480462,0.4241823730024032,0.03736703649454142,202605,0.9137707067448656,False,Q3
8021,스넥,인천광역시,남동구,4250100000,280464,15153.816532603114,-0.22861868344770808,0.0036138550662927183,-1.2152479757838466,0.07526284120043024,0.9987667854794485,0.561894686825822,202604,-0.7848893438378558,False,Q4_large
8021,스넥,인천광역시,동구,359330000,22301,16112.730370835388,2.4773026583542355,0.11637327250908312,1.5374033119424324,0.04758612107481733,0.9256680944698479,0.2172541033605543,202604,2.3140967553610285,False,Q2
8021,스넥,인천광역시,미추홀구,3812360000,251221,15175.323718956615,4.469570636509629,0.502153797919902,3.9488136109170813,0.35177088697285935,0.5009744772476961,0.14915368961709427,202605,4.763977307896355,False,Q4_large
8021,스넥,인천광역시,부평구,4241460000,273329,15517.782598992422,1.382535830199464,0.14379074989552976,-0.013800177157179572,1.5215086489516716e-05,1.3965287307954977,0.6528613788110906,202605,1.1035976277565271,False,Q4_large
8021,스넥,인천광역시,서구,4672880000,304106,15365.957922566473,0.11347467891055962,0.0012308572194563423,-0.8432392889313141,0.04112468181975547,0.9648499617989708,0.36663188546581155,202604,-0.17597173983413045,False,Q4_large
8021,스넥,인천광역시,연수구,2752130000,170879,16105.723933309535,2.31616934360103,0.17572737386232248,0.9779375291723099,0.04259670089167657,1.3252714871920699,0.8538812683447636,202605,2.2328515811938283,False,Q3
8021,스넥,인천광역시,옹진군,151860000,4600,33013.04347826087,4.1695027754771745,0.43937370553010174,4.398525710759873,0.3699940146652232,-0.21937372556120777,0.006880125969061204,202605,4.256313837669535,False,Q1_small
8021,스넥,인천광역시,중구,2730510000,144252,18928.74968804592,1.2488838764759465,0.0852840873515513,1.5915931996498804,0.11490533031394154,-0.3373402388724148,0.28491883411886065,202605,0.13112144758412947,True,Q3
8021,스넥,전라남도,강진군,246560000,11356,21711.870376893272,0.8489720966118549,0.06337371400541728,3.6431346770269815,0.7121742732534009,-2.695945649581436,0.7451178552494024,202605,-0.3934361296810342,True,Q1_small
8021,스넥,전라남도,고흥군,432420000,17492,24721.01532128973,0.8394098886368541,0.09698442534741117,0.692944676538819,0.062318378490321145,0.145457273663588,0.0020374745209038,202606,-0.6991258902475118,True,Q1_small
8021,스넥,전라남도,곡성군,629120000,63050,9978.112609040443,9.038800172926884,0.577717594993614,6.408485041661148,0.44315606375912486,2.4719035612958113,0.6448898022999409,202605,7.756775516714157,False,Q2
8021,스넥,전라남도,광양시,1760240000,91608,19214.91572788403,2.5958677002795087,0.6532247512045334,2.371915395526949,0.4215294184108354,0.21876342147873987,0.027838762046334994,202605,2.6693471795228874,False,Q2
8021,스넥,전라남도,구례군,235450000,12088,19477.994705493053,4.49918327276868,0.285971986594464,6.888965585294125,0.36759984001659607,-2.235761474011544,0.4747216037647521,202603,6.346572990676518,False,Q1_small
8021,스넥,전라남도,나주시,1069450000,48753,21936.08598445224,3.333373401741213,0.42969087429678177,2.956016871973304,0.36507792252033394,0.3665220753802005,0.152169040516837,202605,3.106747427643221,False,Q2
8021,스넥,전라남도,담양군,323960000,16405,19747.637915269734,5.052514975645487,0.555908608907194,5.674791654948522,0.45540124470320104,-0.588860095731135,0.04976396317731601,202605,3.6942697828049194,False,Q1_small
8021,스넥,전라남도,목포시,3410060000,189514,17993.710227212767,5.354885063901252,0.3607596874472682,5.235262571602402,0.4017159729179158,0.11367149126218111,0.012674474628437543,202605,2.7785966947380407,False,Q3
8021,스넥,전라남도,무안군,654950000,32987,19854.79128141389,2.0706068789845253,0.36656484105032316,2.183254346525932,0.2926248294893028,-0.11024063410560668,0.007071353746351326,202605,1.7419265508027475,False,Q2
8021,스넥,전라남도,보성군,229020000,9858,23231.8928788801,2.190571019383417,0.15257803454256652,3.0621249804315003,0.2277717331980394,-0.8456588307427623,0.2573513595956105,202605,0.3815049115768694,False,Q1_small
8021,스넥,전라남도,순천시,2608840000,148507,17567.118048307486,3.9666604858401,0.5915673104113196,4.018727969842978,0.4618600905618153,-0.050055874570946055,0.0016945584472677117,202605,3.816000319279225,False,Q3
8021,스넥,전라남도,신안군,114860000,3689,31135.809162374626,2.0930717665411693,0.5731124403445329,1.2084951380612121,0.0654096691763277,0.8740142092551852,0.05930587223035767,202605,2.193049500766349,False,Q1_small
8021,스넥,전라남도,여수시,2997020000,140829,21281.270192929012,1.846657096587049,0.3256617006279548,1.2949459138936057,0.25940835554361114,0.5446581541811906,0.24428216766784813,202605,0.8647389016983377,False,Q3
8021,스넥,전라남도,영광군,524330000,21184,24751.227341389727,5.83925243507134,0.7016431268615226,7.4639605279218175,0.7532398811865129,-1.5118632189517354,0.2965866281896877,202605,6.550711212875093,False,Q1_small
8021,스넥,전라남도,영암군,549350000,25833,21265.435683041072,4.674538656412993,0.5618028655397923,3.4086211708062746,0.3222129254694605,1.2241895030355099,0.670887661288521,202605,5.036918306206621,False,Q2
8021,스넥,전라남도,완도군,587290000,21279,27599.51125522816,0.9788666665216486,0.07101988849075976,2.2925208470981753,0.2776962833157935,-1.284213322438419,0.5482306638641485,202605,-0.15777636535880898,True,Q1_small
8021,스넥,전라남도,장성군,343710000,16130,21308.74147551147,0.6708929765269126,0.018356241760596647,2.750502217859976,0.16676265287511138,-2.0239407072908597,0.5771838755263703,202605,-0.6146049077165937,True,Q1_small
8021,스넥,전라남도,장흥군,287490000,10929,26305.24293164974,1.658468757211415,0.4012742777372774,1.977051245003552,0.2207018726378074,-0.31240605989549924,0.00987549262112628,202606,0.9938945735706475,False,Q1_small
8021,스넥,전라남도,진도군,273180000,12284,22238.68446760013,-1.4003170890041363,0.2781808263446568,1.484789461231963,0.13515834112562028,-2.842895536910188,0.5923637186749035,202603,-1.6340541288498405,False,Q1_small
8021,스넥,전라남도,함평군,331600000,19987,16590.784009606243,4.3991485793372265,0.35907459314604223,4.261715095207796,0.19952148088475757,0.13181586741017037,0.0013403957478743365,202605,3.60252809424483,False,Q1_small
8021,스넥,전라남도,해남군,501320000,19877,25221.10982542637,0.7418863481181626,0.126361621329545,0.4081562205870614,0.033230762681357454,0.3323735243160056,0.08312231717742928,202605,0.229074604738527,True,Q1_small
8021,스넥,전라남도,화순군,560260000,28006,20004.99892880097,2.1803004721434682,0.26002124744535343,2.8326687338215644,0.24322635911521,-0.6343978715233978,0.1068182479327246,202604,2.117842351039168,False,Q2
8021,스넥,전북특별자치도,고창군,433020000,20418,21207.757860711135,6.199509792784815,0.7208209195247776,8.067413414504596,0.555827682519496,-1.7284614877893414,0.18898097868525696,202605,6.0376333107433355,False,Q1_small
8021,스넥,전북특별자치도,군산시,3821450000,219040,17446.356829802775,2.364393285384203,0.39789978020531624,2.6708134281927824,0.4638457616887919,-0.29844912354074016,0.04396841375979734,202605,1.3817784163324829,False,Q4_large
8021,스넥,전북특별자치도,김제시,514490000,23077,22294.492351692163,3.1893615452165784,0.4258249526378288,4.682224793621708,0.5497083788241725,-1.426090486086135,0.5463258532959466,202605,3.309431644457842,False,Q2
8021,스넥,전북특별자치도,남원시,1049820000,64251,16339.356585889715,3.27469109578806,0.2908233894771126,4.130763497203213,0.32571185980337614,-0.8221128633500756,0.15577266907817935,202605,1.7311958574552928,False,Q2
8021,스넥,전북특별자치도,무주군,377220000,19145,19703.31679289632,-25.88555338843244,0.5373651453676839,-31.35109841231048,0.5682914015989727,7.961591369231977,0.6718481679277123,202601,-17.473722686777556,False,Q1_small
8021,스넥,전북특별자치도,부안군,467320000,19973,23397.586742101837,4.868719859018288,0.4894630087377908,4.373550205990342,0.3261771382043651,0.47442062864646456,0.047027122213488745,202605,3.083670108248345,False,Q1_small
8021,스넥,전북특별자치도,순창군,280360000,13182,21268.396297982097,14.908689015439721,0.8011158729042447,12.837244810612338,0.7515995581975167,1.835780560136954,0.7094469914186179,202605,18.407442669581094,False,Q1_small
8021,스넥,전북특별자치도,완주군,1205020000,80906,14894.074605097274,4.61203869326914,0.6645378195756803,3.0640302662922654,0.4095446726904147,1.5019870880046062,0.6296903777049039,202605,4.316926694915258,False,Q2
8021,스넥,전북특별자치도,익산시,2200800000,111794,19686.20856217686,4.46960381679684,0.5987833906703476,4.845310457918885,0.5144175123032673,-0.35834377282220975,0.028642166521900148,202605,3.8258814723295123,False,Q2
8021,스넥,전북특별자치도,임실군,198550000,9489,20924.228053535673,15.120237274090409,0.7163138284936288,13.700265315182278,0.7109665441689221,1.2488730391014478,0.2632890418831283,202605,15.056057526940053,False,Q1_small
8021,스넥,전북특별자치도,장수군,224740000,10249,21927.992974924382,23.55616919805757,0.7044512247471185,24.0342440987503,0.6853887390474959,-0.3854378314363684,0.03234209748012758,202604,30.634103071820835,False,Q1_small
8021,스넥,전북특별자치도,전주시 덕진구,2674340000,148531,18005.26489419717,3.9492517165019123,0.5574441408837431,3.40314888155722,0.46640165750097984,0.5281297918405071,0.11205604345975523,202605,3.290262997102737,False,Q3
8021,스넥,전북특별자치도,전주시 완산구,3184730000,193645,16446.228924062074,3.4960963460177332,0.4694046535987733,3.0208894878163632,0.3953366494933841,0.4612723308485756,0.1374228808408155,202605,2.3853792171831265,False,Q3
8021,스넥,전북특별자치도,정읍시,849980000,43019,19758.24635626119,2.8359342362914313,0.34810782984045974,2.126027232953159,0.16532746271473783,0.6951283845781276,0.22960364703972383,202605,2.784504740139297,False,Q2
8021,스넥,전북특별자치도,진안군,125270000,6703,18688.64687453379,10.282075093276267,0.8799098006653292,11.463951599472463,0.6839368700916896,-1.060321735625425,0.07255503877571924,202605,11.98751560968233,False,Q1_small
8021,스넥,제주특별자치도,서귀포시,3708150000,176758,20978.682718745404,4.565121246497542,0.6912495176908338,4.47455004407193,0.7017342751930735,0.08669212012628401,0.004849225131103857,202605,3.8370785748680984,False,Q3
8021,스넥,제주특별자치도,제주시,9706410000,550314,17637.94851666503,5.828450995574906,0.8416737549402689,6.286835096049355,0.8688178791891418,-0.4312708154873406,0.07867372296824954,202605,5.661871190493283,False,Q4_large
8021,스넥,충청남도,계룡시,248550000,11198,22195.9278442579,6.38184112395158,0.7520461382853585,5.985208876031548,0.711074443609244,0.3742335861072416,0.014176859063495976,202606,6.279612023583003,False,Q1_small
8021,스넥,충청남도,공주시,1490410000,99604,14963.35488534597,6.5408167730982125,0.724233139273147,5.883009252345791,0.6395320628758644,0.6212588076192231,0.2219140417524007,202605,6.069338347884894,False,Q2
8021,스넥,충청남도,금산군,426480000,20651,20651.784417219504,1.699265839556405,0.17109029434252018,1.864394854051063,0.20197873252661175,-0.16210670542070704,0.009966934835316264,202605,0.5239342529405995,False,Q1_small
8021,스넥,충청남도,논산시,1494770000,65550,22803.508771929824,7.176579753355449,0.7558349855477272,6.446821203325302,0.6056845083251389,0.6855616182622135,0.09582990453965465,202605,7.41448460108501,False,Q2
8021,스넥,충청남도,당진시,1566460000,80728,19404.172034486175,5.630634733987728,0.7197988115512478,4.594335983685921,0.6286571562482471,0.9907790326843589,0.5670071692194849,202605,5.91764204607348,False,Q2
8021,스넥,충청남도,보령시,857360000,31675,27067.403314917126,1.9628176400040425,0.24046267823587586,1.7314530577407363,0.24723652900352705,0.22742679408302396,0.016977897795321113,202605,0.47395831921383097,False,Q2
8021,스넥,충청남도,부여군,368750000,15732,23439.4863971523,0.9294297249915164,0.1433735412556501,0.19705396065456188,0.0037945374683218992,0.7309354271279921,0.052776136895878976,202605,0.12286860483072035,True,Q1_small
8021,스넥,충청남도,서산시,1266670000,59130,21421.782513106715,5.050888220503437,0.7606406508955281,4.250567819419284,0.5307992154591279,0.7676892489165907,0.1528475692867613,202605,5.28562808632236,False,Q2
8021,스넥,충청남도,서천군,340020000,14728,23086.637696903857,5.382449781888714,0.6526508849169849,7.680945224038843,0.716030144935645,-2.1345424089358667,0.48163783835090657,202605,4.670863195512895,False,Q1_small
8021,스넥,충청남도,아산시,3561740000,183312,19429.93366500829,4.386304875653899,0.5537265600701746,4.336911752333656,0.48311208933692784,0.04734002807892553,0.0017479035620461317,202605,4.436253913304753,False,Q3
8021,스넥,충청남도,예산군,643760000,33037,19486.03081393589,4.151021396492606,0.6086972979545813,4.492702567824605,0.5400159343047107,-0.32699046242995183,0.11399542259283311,202605,3.221931861624635,False,Q2
8021,스넥,충청남도,천안시 동남구,2057040000,110826,18560.98749390937,4.355234790597246,0.4894448227193984,3.978626317403717,0.3815845963263461,0.36219796945948995,0.09743975536502648,202605,4.416260069517657,False,Q2
8021,스넥,충청남도,천안시 서북구,2808260000,159499,17606.756155211006,4.601025095654995,0.5377828351723096,4.233553972048354,0.39659992333515626,0.3525459025461566,0.05318076502555819,202605,4.715995811412849,False,Q3
8021,스넥,충청남도,청양군,283370000,11675,24271.52034261242,10.23939985585259,0.7591927626369045,8.929332825702625,0.6713663415820539,1.2026760801392078,0.29834004241010087,202605,12.115356828884517,False,Q1_small
8021,스넥,충청남도,태안군,805960000,34448,23396.423594983742,9.07254917322122,0.7630520878832875,9.304021265850093,0.7574702132543537,-0.2117690547412061,0.09805147558852824,202605,8.87757895527368,False,Q2
8021,스넥,충청남도,홍성군,854370000,40828,20926.080141079652,3.9933251917134758,0.5980805332197962,2.889825209676065,0.30899465023294465,1.0725064211049673,0.24799008179786894,202605,3.847107017599448,False,Q2
8021,스넥,충청북도,괴산군,1520000000,156733,9698.021476013348,0.3009995801340829,0.0019875346374210495,1.0363230168335353,0.024526827937826144,-0.7277812718669172,0.8046328359830858,202602,2.9433360588935598,False,Q3
8021,스넥,충청북도,단양군,672260000,40539,16583.043488985913,12.14281670853855,0.5843398849990188,8.020826657383099,0.3640626960253419,3.8159215946656375,0.7767651626768732,202605,9.74239012217791,False,Q2
8021,스넥,충청북도,보은군,163640000,6707,24398.389742060535,4.314981726422032,0.4416072193350237,5.814535170578712,0.3257226402654763,-1.4171526073797704,0.14129112543273034,202604,5.122497358886188,False,Q1_small
8021,스넥,충청북도,영동군,190920000,8658,22051.28205128205,5.3078047818259915,0.32953167791723537,6.132911604504013,0.34346666584187163,-0.777427859279625,0.09082833831592124,202605,5.766629126014483,False,Q1_small
8021,스넥,충청북도,옥천군,254130000,19438,13073.87591315979,-17.74341307330632,0.544573221855866,-27.720269913176864,0.567115982130876,13.803118561574976,0.5773257252938744,202601,-14.232540274662627,False,Q1_small
8021,스넥,충청북도,음성군,1977140000,161898,12212.257100149476,2.7292459968908487,0.3686355660680083,2.8673997853628523,0.3102473290419757,-0.13430279054416727,0.021676296241594006,202605,1.7684500181283405,False,Q3
8021,스넥,충청북도,제천시,1423000000,72977,19499.294298203542,2.757776240911237,0.5239809360986274,3.3171370760129784,0.5879570227869024,-0.5414017954157885,0.3201714908058495,202605,2.1756673079031104,False,Q2
8021,스넥,충청북도,증평군,457200000,24375,18756.923076923078,5.398444953633179,0.5934121034618424,4.210576897428444,0.5004677801993186,1.1398728339964546,0.37024947784798296,202605,5.084431685119145,False,Q2
8021,스넥,충청북도,진천군,845650000,41349,20451.52240682967,2.2424719154904356,0.3683269948530333,1.7019765639736346,0.18951693231759173,0.5314501937696542,0.1136648954735985,202605,2.095781288404863,False,Q2
8021,스넥,충청북도,청주시 상당구,1714170000,99782,17179.150548195066,3.2290168323081665,0.4882200917405495,3.2154434285221836,0.3707097996363837,0.013150555125389067,7.049080720617825e-05,202605,2.983376154373144,False,Q2
8021,스넥,충청북도,청주시 서원구,1443980000,82402,17523.603796024367,4.11922559349913,0.568253273466024,3.023749717138433,0.3951896848776189,1.0633236310738512,0.3601750865639523,202605,3.9915698527486305,False,Q2
8021,스넥,충청북도,청주시 청원구,1638470000,86317,18982.008179153585,3.1907045724727663,0.4810654367263634,3.314490042399261,0.3949523339737302,-0.1198142389085008,0.013944809815826976,202605,3.2533205070041484,False,Q2
8021,스넥,충청북도,청주시 흥덕구,2689590000,162228,16579.073895998226,2.991646677039928,0.49132191031500755,2.6062610106021946,0.3476376862295447,0.3755966377118793,0.10151066365097249,202605,2.765845257377449,False,Q3
8021,스넥,충청북도,충주시,1809540000,91227,19835.574994245126,2.7968866853423417,0.27724402375801566,3.205534266362706,0.3067910016769929,-0.3959551044672699,0.05233121622397693,202605,1.6635906301935046,False,Q2
8301,제과점,강원특별자치도,강릉시,2113000000,135709,15570.080097856442,-4.685042461388549,0.31795520087109835,-0.668342964765899,0.03038362466091942,-4.0437254511900536,0.42499280621265506,202602,-2.5293807762543397,False,Q3
8301,제과점,강원특별자치도,고성군,135620000,7719,17569.63337219847,-0.48458241675794334,0.0042033658063888295,-5.2811776774805255,0.475266016301844,5.064035999508196,0.8641126727347013,202602,2.4367632194802655,False,Q1_small
8301,제과점,강원특별자치도,동해시,614820000,41413,14846.062830512157,-1.649459119890495,0.2857330663718569,-0.44126651057498173,0.1035989584696833,-1.2135475884130702,0.32392213344310217,202602,-1.2584419338071509,False,Q2
8301,제과점,강원특별자치도,삼척시,267840000,17467,15334.058510333773,0.5269705010108905,0.03428911668462921,1.4035457335433807,0.34374145985945187,-0.8644423882729146,0.25985313621941186,202605,-0.406053836760797,True,Q1_small
8301,제과점,강원특별자치도,속초시,1184470000,78453,15097.82927357781,-0.9002752931186601,0.04068034063660057,0.16166931075759214,0.002350077465236731,-1.060230536475511,0.36508926418792986,202605,-3.1584547575853694,False,Q2
8301,제과점,강원특별자치도,양구군,106960000,6516,16414.978514426028,-0.79680685431266,0.010462390865354415,1.8180992107728149,0.15212629440191522,-2.568213397573262,0.2758846192965523,202605,-4.314411042684095,False,Q1_small
8301,제과점,강원특별자치도,양양군,352400000,19282,18276.112436469244,1.40848267152451,0.047534882979839085,4.124723094194016,0.4017710085622989,-2.6086411967812237,0.618424026661548,202605,-1.610976926607199,True,Q1_small
8301,제과점,강원특별자치도,영월군,152550000,8874,17190.669371196753,6.282005413515012,0.3855435823043279,5.862943898455592,0.42606454949700745,0.39585288263040125,0.01276882878217128,202605,5.440024034543046,False,Q1_small
8301,제과점,강원특별자치도,원주시,2763030000,218482,12646.488040204686,1.575729911354275,0.14713883695572,3.8483779778072957,0.48566813568402584,-2.1884290450243995,0.5835357328131591,202605,1.3478185951083517,False,Q3
8301,제과점,강원특별자치도,인제군,84320000,5371,15699.1249301806,0.09509689831423067,0.0011606216645565761,2.0321687359307465,0.21425052890754248,-1.8984912911435694,0.4947823867715701,202605,-0.4885467929810006,False,Q1_small
8301,제과점,강원특별자치도,정선군,345620000,20621,16760.583870811308,10.445602566765782,0.7447627040023433,8.943062709778244,0.7357232003073219,1.3791973711903918,0.42521273597185455,202605,11.481616140251596,False,Q1_small
8301,제과점,강원특별자치도,철원군,204640000,13261,15431.717065078048,-2.338034503193816,0.2597574381689026,-0.9812721930158329,0.11568536933377621,-1.3702077780909099,0.4813264300957453,202605,-4.693768323245575,False,Q1_small
8301,제과점,강원특별자치도,춘천시,1605560000,123891,12959.456296260423,1.4842700499133512,0.14125633503811305,4.3868775404129146,0.4474903745374421,-2.7806248820651396,0.41213611859079363,202605,1.147747298112551,False,Q3
8301,제과점,강원특별자치도,태백시,159630000,9472,16852.829391891893,-0.7001061889052294,0.017219146990717894,-1.799956762816142,0.12789753532050496,1.1200102745926817,0.33404904538297486,202602,1.3612439438384578,False,Q1_small
8301,제과점,강원특별자치도,평창군,280930000,20672,13589.880030959752,-2.6719706514648256,0.110730932033393,-2.008725719375303,0.06632656876662377,-0.6768408074683322,0.6134700448208709,202602,-0.1215438325261277,False,Q1_small
8301,제과점,강원특별자치도,홍천군,411680000,22623,18197.40971577598,-5.186044276540598,0.34248447681498656,-1.5960396949883742,0.0972445864253255,-3.6482318093953565,0.5651356414004465,202602,-3.2523433759706712,False,Q2
8301,제과점,강원특별자치도,화천군,133510000,8922,14964.133602331316,-0.9904271924219995,0.053271008361569755,0.45100894624729976,0.010063845412199955,-1.4349643212051872,0.08693167346560822,202605,-2.8817517465407785,False,Q1_small
8301,제과점,강원특별자치도,횡성군,271930000,14755,18429.68485259234,3.765575661928576,0.28390403431843947,5.571761095049836,0.4827987732153116,-1.710860380073672,0.3045018310147186,202605,1.7011525670998309,False,Q1_small
8301,제과점,경기도,가평군,565570000,33886,16690.37360561884,3.7159385758079893,0.38236879006664914,4.669173676551151,0.5550822917593421,-0.9107123590073263,0.4417837004590776,202605,2.6433408584300127,False,Q2
8301,제과점,경기도,고양시 덕양구,3584370000,308514,11618.176160563216,-1.9961866919608175,0.22981161481386223,-1.0494564562995476,0.13043069815713465,-0.9567711320788622,0.20922513271279994,202603,-2.2580625795139193,False,Q4_large
8301,제과점,경기도,고양시 일산동구,2261120000,186030,12154.598720636457,-0.6396474271459711,0.05086888747108971,1.447994007136304,0.1893985903439586,-2.057843976821672,0.6397930583305512,202603,-0.704414781595449,False,Q3
8301,제과점,경기도,고양시 일산서구,2225900000,180652,12321.479972543897,-1.4971826690772314,0.17138293940516436,0.6725707927936064,0.04985297570683144,-2.155257827215578,0.5192937019696089,202603,-1.9403233214657156,False,Q3
8301,제과점,경기도,과천시,694670000,54177,12822.2308359636,1.677306625945219,0.17069122541301895,3.961788933366993,0.5082794239525421,-2.197424968212113,0.37649505562371477,202603,2.269430967508567,False,Q2
8301,제과점,경기도,광명시,2163820000,190237,11374.33832535206,-1.4588286273673277,0.14704729449312315,0.16997004570178975,0.0020546318400069554,-1.6260349008051167,0.4828953246818731,202604,-2.116255625442169,False,Q3
8301,제과점,경기도,광주시,1968100000,149948,13125.216741803826,-0.5607038007681652,0.028909409196444937,1.3680843997924863,0.1679541356697257,-1.9027568805124235,0.5544913878744276,202603,-0.6617031748747293,False,Q3
8301,제과점,경기도,구리시,1030810000,93018,11081.833623599734,0.4367945432749381,0.006563699554155134,1.9997628224667112,0.1802835158680587,-1.5323254054150302,0.2923738216917922,202603,0.7706730087359126,False,Q2
8301,제과점,경기도,군포시,2038080000,200104,10185.103746052053,-1.3808244715523874,0.176081208790944,0.16601807316750786,0.0036281132289568345,-1.5442787628734227,0.48453509632824426,202603,-1.7783926764854736,False,Q3
8301,제과점,경기도,김포시,3532400000,287679,12278.963706075174,-1.8811903602042237,0.314621311894147,0.3661256159455479,0.013411030214160598,-2.239117991611252,0.6403044267558616,202603,-2.4680388796464943,False,Q4_large
8301,제과점,경기도,남양주시,3947430000,319406,12358.659511718628,0.424496828879491,0.012992561387655638,2.057577351456677,0.26845860194081256,-1.600156073618484,0.4459707134473478,202603,0.5346137838928245,False,Q4_large
8301,제과점,경기도,동두천시,525380000,42375,12398.34808259587,-0.5591712077982272,0.020163794444296463,1.5461584856655093,0.15173417306489909,-2.073273597800275,0.5378384893935391,202605,-1.4046998836306248,False,Q2
8301,제과점,경기도,부천시 소사구,1429700000,131824,10845.521301128778,-0.8415190090055467,0.09777841701688039,0.6286981339633956,0.07250173860092869,-1.4610316641597156,0.4303389613744628,202603,-0.9880239729469982,False,Q3
8301,제과점,경기도,부천시 오정구,883900000,78110,11316.09268979644,-2.0045800174527297,0.49851285442599946,-0.9172228467910609,0.21828638384311908,-1.097422985006106,0.29262332163674765,202602,-2.2658352629436447,False,Q2
8301,제과점,경기도,부천시 원미구,3464300000,305127,11353.63307737434,-1.0227913944681128,0.19510140717687663,0.1398157555773016,0.0022700077374800693,-1.1609839116172158,0.20653931518041063,202605,-1.899594915258581,False,Q4_large
8301,제과점,경기도,성남시 분당구,5685630000,488634,11635.764191603532,-0.06540615510676767,0.0004241567929328033,1.6945157774159287,0.1716862685521575,-1.7305966984244352,0.47490091103679805,202603,-0.16804545311956445,False,Q4_large
8301,제과점,경기도,성남시 수정구,2216650000,182528,12144.164183029454,-1.6132089985741809,0.18938897216904135,0.5848923931706509,0.019001476116354343,-2.185319623500527,0.5160620525043984,202603,-2.019452632592603,False,Q3
8301,제과점,경기도,성남시 중원구,1337620000,122657,10905.370260156371,0.3617696128873355,0.007572593643207835,1.5999274668462848,0.13653298959940655,-1.2186601750901798,0.27300284922797613,202603,0.4849772139675643,False,Q3
8301,제과점,경기도,수원시 권선구,2452240000,185353,13230.106877147928,-3.2377653097106665,0.744246955880605,0.7316163126587273,0.07467089604411466,-3.940551901846704,0.8090179580616915,202601,-2.481001353970197,False,Q3
8301,제과점,경기도,수원시 영통구,3589690000,288049,12462.081104256567,0.19485474469189634,0.004033262560061495,2.3693344221849655,0.29211123274854084,-2.1241514265641817,0.6396995849330058,202603,0.21301355860877383,False,Q4_large
8301,제과점,경기도,수원시 장안구,1844940000,166404,11087.1132905459,-1.2323242197605537,0.10631358553717449,0.7661294208200377,0.04903048047945599,-1.9832593075344185,0.5579558264358924,202603,-1.4458489388284297,False,Q3
8301,제과점,경기도,수원시 팔달구,1741770000,165433,10528.552344453647,-1.1106335537854415,0.10238389399660779,0.7510758148903502,0.04345448219287986,-1.8478307587467304,0.6301248453609806,202604,-1.7409907047530897,False,Q3
8301,제과점,경기도,시흥시,4206950000,349441,12039.085281921698,-0.4465996212043975,0.0164256762308092,1.308038379261618,0.14984237770811146,-1.7319829981282224,0.4849825014644316,202605,-1.369228288214298,False,Q4_large
8301,제과점,경기도,안산시 단원구,3116210000,266574,11689.849722778665,-0.7844034220535544,0.059389777320150036,1.2343535162432462,0.16057933769270016,-1.994142174250001,0.6624455761505533,202603,-0.9521856195774616,False,Q4_large
8301,제과점,경기도,안산시 상록구,2384690000,201282,11847.50747707197,-1.1344414300025796,0.11117773678615744,0.8251415683965421,0.06443594458762447,-1.9435459925139886,0.5752673911967565,202605,-1.9827959236527255,False,Q3
8301,제과점,경기도,안성시,1085270000,80294,13516.202954143522,1.8096795179984895,0.21636818068640573,3.286270782778854,0.4552757221094984,-1.429610396028129,0.5647822049370596,202605,1.804888911751449,False,Q2
8301,제과점,경기도,안양시 동안구,3039810000,277152,10968.02476619328,-0.9075187204137719,0.04275688221891479,1.371575713998093,0.12084185200393446,-2.2482578754047684,0.5523153432382741,202603,-1.044978621112265,False,Q4_large
8301,제과점,경기도,안양시 만안구,1626110000,159158,10216.954221591122,-1.1901242593868036,0.10488890180973608,0.6399207129385968,0.03164900070584633,-1.818408599054196,0.3852754097199346,202603,-1.558553440962569,False,Q3
8301,제과점,경기도,양주시,1745900000,139806,12488.019112198332,0.055960964360503435,0.00023556325820259051,2.166641571000565,0.32194350344685596,-2.0659195351676667,0.5303413870234581,202605,-0.65327781867251,False,Q3
8301,제과점,경기도,양평군,637350000,44410,14351.497410493132,3.467189825655348,0.45030699182547,4.3595842383592975,0.5918278729943327,-0.8551149558680764,0.13368365004928007,202605,2.7655508114908125,False,Q2
8301,제과점,경기도,여주시,592580000,40579,14603.11984031149,2.6527789963590998,0.2402269369681212,3.23613150096475,0.42996123015563825,-0.5650662187009875,0.05543120466223125,202605,1.319778713355817,False,Q2
8301,제과점,경기도,연천군,172950000,12122,14267.447615904966,-4.13293923034019,0.4237203933670684,-2.329860035221731,0.2830704408247462,-1.8460905203665043,0.5283025934026754,202602,-3.7487379634645643,False,Q1_small
8301,제과점,경기도,오산시,1740900000,150030,11603.679264147171,0.14107633140248516,0.0016547503123745366,1.8912325916818615,0.17866067923287166,-1.7176711045325248,0.5295725935939976,202605,-0.2711166363348275,False,Q3
8301,제과점,경기도,용인시 기흥구,2776410000,255402,10870.74494326591,-0.11499760491773692,0.0013439572009793798,1.4382683853794682,0.16695409687766688,-1.5312426119066325,0.4631438213859928,202603,-0.10012722168590067,False,Q4_large
8301,제과점,경기도,용인시 수지구,2486360000,206962,12013.606362520655,1.41886403750761,0.17803122860885734,2.774966785737205,0.4269841596512462,-1.3194874108369377,0.34038370024380366,202605,1.0850112296861008,False,Q3
8301,제과점,경기도,용인시 처인구,1544540000,130103,11871.670906896843,0.027911216334669118,8.842762197665663e-05,3.098215268254852,0.33194156242940687,-2.9780380231912225,0.6182545110889305,202605,-0.5401457571193888,False,Q3
8301,제과점,경기도,의왕시,891230000,75527,11800.150939399155,2.258034068191732,0.1890737493065876,2.899553991961754,0.391634792425395,-0.6234428613948519,0.058740967177739536,202605,1.9155783961019326,False,Q2
8301,제과점,경기도,의정부시,3085780000,278380,11084.776205187154,-1.8022775157053985,0.2061361744608091,0.37216504418263574,0.01197236399381753,-2.1663800506154822,0.5743663492946927,202603,-2.4427636312931633,False,Q4_large
8301,제과점,경기도,이천시,1514440000,107037,14148.752300606333,-2.5913786965589045,0.4952310361784002,-0.28335480409809144,0.011413396590568182,-2.31458237280897,0.7387758195399534,202603,-3.4259637030743377,False,Q2
8301,제과점,경기도,파주시,3384130000,252566,13398.99273853171,-1.3681075635469724,0.11782953877701831,0.32582695001968376,0.009147522486868998,-1.6884331433525541,0.47005174428221086,202603,-1.8281448852590674,False,Q4_large
8301,제과점,경기도,평택시,3918970000,298129,13145.215661676657,-0.6950035163563199,0.05450779118381341,2.029221659057757,0.31965842266496103,-2.6700440629816624,0.7097931267598153,202605,-1.606631458964548,False,Q4_large
8301,제과점,경기도,포천시,610250000,45053,13545.157925110425,-2.7698768257189776,0.49355642149042817,0.693842283660901,0.06906401766509142,-3.439851961972414,0.6965540106748018,202602,-3.094705827157257,False,Q2
8301,제과점,경기도,하남시,2197340000,182950,12010.603990161246,0.828943023016821,0.04820777360434215,2.5518287243789115,0.3565889854246097,-1.6800146060705945,0.39921003869654514,202605,0.21355183945612616,True,Q3
8301,제과점,경기도,화성시 동탄구,2693030000,221322,12167.927273384481,1.596026079036511,0.12040687563798846,3.5805913348956517,0.439989448802666,-1.9159624696895825,0.5358910717398986,202603,2.201139681592094,False,Q3
8301,제과점,경기도,화성시 만세구,1626200000,124525,13059.225055209798,-0.06882936732205164,0.0005067343864266065,2.3566801771364663,0.27129130210987745,-2.3696641394201285,0.6668404706017369,202604,-0.3587541278120166,False,Q3
8301,제과점,경기도,화성시 병점구,914910000,83706,10930.040857286216,3.600746728812036,0.2360497299669694,3.1300869514565823,0.26159655076698435,0.4563748477948702,0.01938134843433189,202605,3.674374019870848,False,Q2
8301,제과점,경기도,화성시 효행구,853760000,64366,13264.145666967032,0.2662476718151205,0.006239009089606462,3.501968265755896,0.4850738381163103,-3.126240638856839,0.4835217380360578,202605,-0.3125453901924479,True,Q2
8301,제과점,경상남도,거제시,1476890000,107208,13775.930900679054,4.435834840116124,0.34029084051678726,6.300424810002149,0.6153265005896751,-1.7540757463751289,0.39926404272091287,202605,2.4137866150022913,False,Q2
8301,제과점,경상남도,거창군,320700000,21482,14928.777581230797,9.082058868260804,0.6451347685586366,9.364973367983994,0.7127243522680301,-0.2586883999607612,0.06157871955145623,202605,7.537989416684685,False,Q2
8301,제과점,경상남도,고성군,216150000,11132,19416.996047430832,10.831668253466358,0.6461840152096187,13.275547210135189,0.7441451149157627,-2.157463827683126,0.7964541903350806,202606,4.3818290243331965,False,Q1_small
8301,제과점,경상남도,김해시,5035840000,344597,14613.708186664422,0.8896984158609211,0.03691533836490754,4.0356411561416685,0.4776404233390745,-3.0239086387319625,0.8722569217310582,202605,-1.1148137266369533,True,Q4_large
8301,제과점,경상남도,남해군,423650000,21739,19488.01692810157,6.73394732952588,0.4695917816326858,8.714033244844508,0.6513612748852292,-1.8213710375909773,0.6493097311660609,202605,5.910371889188044,False,Q2
8301,제과점,경상남도,밀양시,452450000,28373,15946.498431607513,-1.9443976736687736,0.1785068370421594,-1.6398059920771182,0.18037059070562836,-0.3096696632858872,0.013976514039104247,202603,-2.3272447465829673,False,Q2
8301,제과점,경상남도,사천시,791500000,48132,16444.3613396493,2.935187284518378,0.1943882057142304,5.268500413729777,0.5576352492872512,-2.216534974888882,0.6477303127434954,202605,0.7886599226450315,False,Q2
8301,제과점,경상남도,산청군,162720000,10205,15945.124938755513,4.105534784709121,0.16406379200664511,6.868431982657226,0.6322145546361191,-2.5853258503844,0.19877719076807437,202605,1.5521304529388655,False,Q1_small
8301,제과점,경상남도,양산시,2798410000,200761,13939.012059115068,-3.2623759818980123,0.37727507740705496,-1.4777456330562018,0.1377994989452402,-1.8113982067391965,0.505345464119936,202603,-4.2998419774318215,False,Q3
8301,제과점,경상남도,의령군,381120000,17307,22021.147512567168,1.060300424666044,0.012103395580785289,3.2457994296992143,0.12540330497471572,-2.1167921766360265,0.5492670577420269,202605,-0.9674403934684643,True,Q1_small
8301,제과점,경상남도,진주시,2599030000,184574,14081.2357103384,0.5052704604893139,0.012002742365823405,3.4007398414576304,0.49051487044228537,-2.800240487067954,0.7102020824821758,202605,-1.4648407653039142,True,Q3
8301,제과점,경상남도,창녕군,190060000,11443,16609.280783011447,-1.676336370210121,0.09022348511305595,-1.5141505366134063,0.20964457693873914,-0.16467932650265624,0.003177475125177369,202605,-3.527179320071013,False,Q1_small
8301,제과점,경상남도,창원시 마산합포구,2047460000,147771,13855.627964891622,5.316348172951314,0.36618376936362246,7.992308091985382,0.5970834913112433,-2.477917146427424,0.7866083195293623,202605,2.897449352110679,False,Q3
8301,제과점,경상남도,창원시 마산회원구,2056860000,153906,13364.391251803048,6.592260277980749,0.4421411229182002,8.716328696113774,0.6439339149330742,-1.953771290484125,0.47970485136165986,202605,4.021682352081409,False,Q3
8301,제과점,경상남도,창원시 성산구,3298480000,241128,13679.373610696393,1.9054912216006976,0.11318414546352605,4.999578655248812,0.5123446600736049,-2.9467617615944066,0.8785904580903844,202605,-0.5567673490886341,True,Q3
8301,제과점,경상남도,창원시 의창구,2998180000,202929,14774.527051333225,3.9081335104345354,0.33316779451885653,6.799665293496579,0.6620473606994867,-2.7074352481497184,0.8160931436498805,202605,1.7626536714871497,False,Q3
8301,제과점,경상남도,창원시 진해구,1716520000,119374,14379.345586141037,8.001895839611228,0.5215790157397925,11.420731012953814,0.7175871838040266,-3.068401312988326,0.7025911267184437,202605,5.491521459649622,False,Q2
8301,제과점,경상남도,통영시,942150000,56864,16568.479178390546,6.172456535151325,0.43104248168755266,8.576613000255975,0.6276786422872183,-2.214248905608244,0.7985910605885472,202605,3.5894504868870922,False,Q2
8301,제과점,경상남도,하동군,243430000,11794,20640.156011531286,12.880082636201221,0.5211234533314192,16.080040630165776,0.6425945827518061,-2.7566823517573162,0.8633220385748988,202605,14.38086374782773,False,Q1_small
8301,제과점,경상남도,함안군,300580000,19761,15210.768685795254,-0.36030825081220275,0.004380785861175105,1.883781866518516,0.2914370606860519,-2.2025979760652468,0.29940889727224856,202605,-1.9369817740207265,False,Q1_small
8301,제과점,경상남도,함양군,150820000,9278,16255.658547100667,6.348517433327816,0.4918791698086282,6.069273213167371,0.6883962324844931,0.2632658937893046,0.012266005490097986,202605,4.629734772089724,False,Q1_small
8301,제과점,경상남도,합천군,161090000,9137,17630.513297581263,11.616189524638578,0.5662616740711429,15.032347549504188,0.6998233274200996,-2.969736858926094,0.43082652362377266,202605,8.471371903775099,False,Q1_small
8301,제과점,경상북도,경산시,2199480000,196519,11192.200245268905,2.0100021965986343,0.21629777818832094,4.572771546342212,0.5243123974061238,-2.450704243415679,0.5973859873461292,202605,1.6579504829337872,False,Q3
8301,제과점,경상북도,경주시,4779330000,219469,21776.788521385708,0.5068126951484869,0.006714687798461681,0.5138042662153012,0.012135239684577009,-0.006955831706728836,1.5031930279425732e-05,202604,-0.42875447439319353,True,Q3
8301,제과점,경상북도,고령군,221370000,15501,14281.014128120767,0.75694284549387,0.03469869155073702,2.016155745916933,0.2365078791258172,-1.2343269467625049,0.6266059293623114,202604,0.6363193799659156,False,Q1_small
8301,제과점,경상북도,구미시,3169020000,242001,13095.069855083244,0.025098709772191512,5.656956453628637e-05,1.7075734078156994,0.25449057985367085,-1.654227548323578,0.6214906768250893,202603,-0.020117209835802053,False,Q3
8301,제과점,경상북도,김천시,537510000,39488,13611.983387358185,1.0017544918711085,0.07449600870293914,3.181288927134592,0.41599669289430125,-2.1123349571671373,0.507138498848386,202605,0.9366077634648908,False,Q2
8301,제과점,경상북도,문경시,441600000,31541,14000.824323895882,2.978292703949332,0.2384449316321131,3.1811720891411985,0.2466987967030791,-0.1966244238984277,0.012332467090271828,202605,1.4899926648994204,False,Q2
8301,제과점,경상북도,봉화군,108020000,6110,17679.214402618658,2.400515691524925,0.1518823480962131,3.695083916465726,0.4218248374125213,-1.2484374148187198,0.17728867789516525,202605,1.4776548368821911,False,Q1_small
8301,제과점,경상북도,상주시,916970000,60644,15120.539542246554,2.6553235371796524,0.09738973740992342,5.238919034419968,0.3932170489997584,-2.454981028829585,0.3758776043080935,202602,4.700013391628901,False,Q2
8301,제과점,경상북도,성주군,143860000,9583,15012.000417405823,3.922393407664513,0.5223485010837972,4.228617212511245,0.5712569738624419,-0.2938001223045765,0.034181843380140076,202605,4.171014086063439,False,Q1_small
8301,제과점,경상북도,안동시,1280800000,86824,14751.681562701557,1.1279321099066728,0.08524477320811734,2.7824346447592316,0.4747755949112004,-1.6097133139246136,0.3332455184764514,202605,0.1171007245774782,True,Q2
8301,제과점,경상북도,영덕군,189080000,12265,15416.225030574806,-3.038647428247182,0.43907223265847606,-0.9127824304859231,0.1780586556229909,-2.145448272649157,0.4758756493078805,202602,-2.1687692794419364,False,Q1_small
8301,제과점,경상북도,영양군,158470000,10414,15217.01555598233,17.404875754758933,0.666255973894493,16.05903319233147,0.6894752528327859,1.1596189675276656,0.1996444013160381,202605,21.2546424202683,False,Q1_small
8301,제과점,경상북도,영주시,538130000,37587,14316.918083379893,-0.6538309352250852,0.019207832558984318,1.8801822265122656,0.20768910363622609,-2.4872483601407516,0.676731384486912,202605,-2.1085168403216907,False,Q2
8301,제과점,경상북도,영천시,489130000,34541,14160.852320430793,2.301775255345034,0.2543083740158615,5.062973307108097,0.6872676470930051,-2.6281362166401463,0.6410412962291495,202605,1.9776815626834605,False,Q2
8301,제과점,경상북도,예천군,265320000,17941,14788.473329245862,-0.37116843886965345,0.008582381423682912,1.7660589901339705,0.1751645429470833,-2.1001377573350113,0.7102782390062102,202603,-0.30688901702989413,False,Q1_small
8301,제과점,경상북도,울진군,223140000,15969,13973.323313920722,-2.413563453383519,0.21987297368331882,-1.6887665395866405,0.20527478959435844,-0.737247299504876,0.1725483088462608,202602,-1.852517418076166,False,Q1_small
8301,제과점,경상북도,의성군,102850000,7139,14406.77966101695,4.531733517119957,0.2897249315986571,6.976546245130066,0.5324291513129984,-2.2853726483261263,0.7254966087385852,202605,4.581214037763019,False,Q1_small
8301,제과점,경상북도,청도군,249310000,20463,12183.453061623419,3.4206006396512625,0.3123036737608251,3.724349121180824,0.4279850040793283,-0.29284202224754213,0.05380047458140107,202605,2.2255701726076365,False,Q1_small
8301,제과점,경상북도,청송군,60130000,3803,15811.201682881936,1.7640460894247332,0.3464526583028052,2.675589979846766,0.7032145787859405,-0.8877902631004594,0.08952307679276844,202606,0.9774587109682906,False,Q1_small
8301,제과점,경상북도,칠곡군,788200000,56899,13852.616038946202,-3.5138438172437927,0.5773307475601257,-0.372363902290301,0.019961381601599913,-3.1532213731062666,0.8264840364795474,202601,-2.817592552002666,False,Q2
8301,제과점,경상북도,포항시 남구,3036650000,231078,13141.233695981444,0.2967693987565936,0.008612566907835729,1.9606369118101492,0.32864233724094866,-1.6318724200327488,0.5938099271869777,202603,0.6554161256920046,False,Q3
8301,제과점,경상북도,포항시 북구,4054460000,298097,13601.143252028702,-0.20404699347012772,0.0031010392361566956,2.3108014879940177,0.47751681860233586,-2.4580478746022765,0.6456182079597226,202605,-0.9222846175981773,False,Q4_large
8301,제과점,광주광역시,광산구,4940380000,376051,13137.526558897596,1.4756582375205547,0.18943788698916936,3.749671053078226,0.5925800122823499,-2.19182653060585,0.6607962253242252,202605,0.680431528845652,False,Q4_large
8301,제과점,광주광역시,남구,2865230000,216796,13216.249377294784,-0.324313214728073,0.01092900722777782,2.162717385707614,0.556115542795101,-2.43438180196996,0.49314199254202123,202602,0.2441946086954333,False,Q3
8301,제과점,광주광역시,동구,2972590000,203621,14598.641593941686,3.0910936395053166,0.27138438815450994,4.524403134737173,0.5719343811956596,-1.3712678113877905,0.2137777661257018,202605,2.5299560294570624,False,Q3
8301,제과점,광주광역시,북구,6222150000,470804,13216.009209777318,1.9832961111053728,0.200752777079411,4.151909184852106,0.5845089442534503,-2.0821635347056278,0.4082162406549794,202605,1.0802133981435578,False,Q4_large
8301,제과점,광주광역시,서구,4590270000,356528,12874.92146479379,-0.7536090595790012,0.05050200744059531,1.9081223764221358,0.4551847941162134,-2.611893315205438,0.5824279090632506,202605,-2.080504873768634,False,Q4_large
8301,제과점,대구광역시,군위군,153310000,7786,19690.470074492678,7.483747534518854,0.37740384953006373,9.743760592510954,0.7767239729342209,-2.0593544870252694,0.15363803527251113,202605,5.605470821394388,False,Q1_small
8301,제과점,대구광역시,남구,1935000000,174348,11098.492669832749,4.685957152142728,0.4384509410558961,6.301555218478249,0.7207297645288301,-1.5198254277795327,0.360094516233353,202605,3.9794542090840004,False,Q3
8301,제과점,대구광역시,달서구,7189280000,618308,11627.344300898581,1.398566631398212,0.05575623954266415,3.614578671180954,0.2741731493460369,-2.1387067999525846,0.536242981809671,202603,2.334972366049613,False,Q4_large
8301,제과점,대구광역시,달성군,2580620000,201194,12826.525641917751,1.4154260687958657,0.0658390614068545,3.126665784129637,0.3189575726611311,-1.6593571626913752,0.40925285221465774,202603,2.340929157031101,False,Q3
8301,제과점,대구광역시,동구,3725120000,329089,11319.49107992063,1.5466755067367404,0.060224586495447506,2.8882363935627637,0.2411007557016145,-1.303901139576725,0.23545894106193052,202605,1.1372695835777447,False,Q4_large
8301,제과점,대구광역시,북구,5344360000,444580,12021.14355121688,0.9318981025334855,0.022248082547386135,4.1373340114806645,0.30504943078034275,-3.078085241354204,0.7272647604500598,202603,1.6402502248738022,False,Q4_large
8301,제과점,대구광역시,서구,1494120000,125326,11921.867768858816,4.020134867065615,0.3171485061960509,5.54929988544945,0.6635398485511084,-1.4487685091643343,0.21770329230340663,202605,3.008253481864725,False,Q3
8301,제과점,대구광역시,수성구,6285530000,509634,12333.41966980225,-0.47157732698850974,0.007194529500965241,1.459429186531777,0.07689317410704129,-1.9032302162573254,0.5448740521417489,202603,-0.05253977668642422,False,Q4_large
8301,제과점,대구광역시,중구,3029440000,255775,11844.15990616753,1.596426232536859,0.08305086707166628,3.28911052847283,0.3127981523041614,-1.638782914554578,0.46465541141966105,202605,0.053334298063160666,True,Q4_large
8301,제과점,대전광역시,대덕구,1035370000,87805,11791.697511531234,3.1108785376261916,0.47631059062448783,4.233985038066625,0.7039786299425317,-1.0774859082959285,0.31699144871717866,202605,3.285356315286857,False,Q2
8301,제과점,대전광역시,동구,1453140000,120291,12080.205501658478,3.5751783034944253,0.6438516509743253,3.8770607200470617,0.5844607744352461,-0.2906150929378368,0.038013113119910374,202604,4.4623677726057895,False,Q2
8301,제과점,대전광역시,서구,3519400000,277048,12703.21388351477,0.12497029804832459,0.002098558279199948,2.6430224025314404,0.46676706528389394,-2.453213131827093,0.5629891152611247,202605,-0.7449541818571037,False,Q4_large
8301,제과점,대전광역시,유성구,2976750000,243257,12237.057926390607,1.4288986420615797,0.2077159793549349,3.4806210572225793,0.4607210932539716,-1.982711733075544,0.4907887667957111,202605,1.3213284343040645,False,Q3
8301,제과점,대전광역시,중구,13703020000,523638,26168.88002780547,-3.6650250992658244,0.5494174153897218,0.026574696488960887,0.0002311455648971187,-3.6906190249503847,0.7408024567665376,202601,-2.4944322320151104,False,Q4_large
8301,제과점,부산광역시,강서구,1598180000,141741,11275.354343485653,2.538574851477438,0.33980194564766714,4.798778109588035,0.7187134978935729,-2.156707643811542,0.6612475541473835,202605,2.084989977590293,False,Q3
8301,제과점,부산광역시,금정구,3983080000,332226,11989.067682842402,1.5656336022910156,0.16697910580581452,4.37296082010844,0.6306239830570743,-2.6897073684207973,0.5539983487127165,202605,0.33014577579593635,False,Q4_large
8301,제과점,부산광역시,기장군,1639230000,126005,13009.245664854569,4.549046971028411,0.5121008483416524,6.016040927550427,0.7950732098827327,-1.383747160983435,0.24428883690411493,202605,3.5848108264611414,False,Q3
8301,제과점,부산광역시,남구,3996940000,339026,11789.479272976114,3.68522513728678,0.5563908454387263,6.020809929814083,0.774628799870886,-2.202949396513259,0.5145448506588286,202605,2.9843407833972613,False,Q4_large
8301,제과점,부산광역시,동구,1934680000,169398,11420.914060378516,3.9607270458895316,0.48416503720268567,6.7366676495406965,0.7515271351564772,-2.600737557936254,0.6471615993357002,202605,2.6755699871395913,False,Q3
8301,제과점,부산광역시,동래구,4822880000,400286,12048.585261538,2.175058291235217,0.28095219817959965,4.34316341341088,0.6618345815181288,-2.0778602557655015,0.4700336566406245,202605,1.0868431098676798,False,Q4_large
8301,제과점,부산광역시,부산진구,7073300000,652004,10848.553076361495,4.607784181758079,0.5938369962027664,6.663240848366109,0.7822344236712178,-1.927052516180493,0.5804366491701518,202605,3.8396012231227408,False,Q4_large
8301,제과점,부산광역시,북구,3609060000,320164,11272.535325645607,3.0203450320883034,0.3886018758640262,5.394320405413523,0.720779289591062,-2.2524699283541856,0.6129610320426162,202605,1.7369002805579694,False,Q4_large
8301,제과점,부산광역시,사상구,2094040000,179237,11683.07882859008,6.993473690455955,0.688234369597451,8.274537948237786,0.7923555554399858,-1.18316298739987,0.29420534281623545,202605,6.806001574952633,False,Q3
8301,제과점,부산광역시,사하구,4258370000,347317,12260.758903249769,4.219562060129741,0.5098993095465388,6.241791909684624,0.753296565171136,-1.9034221968639065,0.5550330607850449,202605,3.0384797783555513,False,Q4_large
8301,제과점,부산광역시,서구,1438510000,122998,11695.393421031236,11.922765195740114,0.8413726462913359,12.537653432878756,0.8660395215737,-0.5463844485662644,0.07467905791993065,202605,12.686849129340336,False,Q3
8301,제과점,부산광역시,수영구,4095720000,323534,12659.318649662786,1.892318832025337,0.23058595026150797,3.9598167988406514,0.6967047991992703,-1.9887472202994507,0.5203495251834208,202605,0.586538687862146,False,Q4_large
8301,제과점,부산광역시,연제구,3290080000,292648,11242.448265493016,2.1693768265234668,0.2796851714538715,4.57779808246392,0.6950334452685827,-2.3029948039653116,0.6012134294498812,202605,1.1014500857692016,False,Q4_large
8301,제과점,부산광역시,영도구,1325810000,105297,12591.146946256778,9.539657161165989,0.6883766505430132,11.03152546589678,0.7777587218770017,-1.34364388714899,0.29557191788727516,202605,7.903996885223107,False,Q2
8301,제과점,부산광역시,중구,1754940000,155249,11304.034164471268,3.121947688813437,0.34382290160802953,6.112555696532407,0.699746503417834,-2.8183356701649154,0.7284316301590632,202605,1.586964117710817,False,Q3
8301,제과점,부산광역시,해운대구,5312070000,461043,11521.853709957639,3.9436654125358204,0.5255942532335883,5.446223113183126,0.7675111072909397,-1.4249516542991536,0.37363439215683475,202605,2.87387549288462,False,Q4_large
8301,제과점,서울특별시,강남구,9031450000,745163,12120.099897606295,-1.057448481396584,0.12798995142939484,0.5375654816160983,0.02611774620136953,-1.5864855642484303,0.23615869091224073,202603,-1.378369912111045,False,Q4_large
8301,제과점,서울특별시,강동구,4611880000,419332,10998.158976658113,-0.7173168865516609,0.029154052284362093,0.7192844343123238,0.03991543939473296,-1.4263418658428668,0.23380662640491046,202603,-0.6675882643165175,False,Q4_large
8301,제과점,서울특별시,강북구,1862680000,189439,9832.611025184888,-2.4879698196467768,0.41631575290763656,-0.7186622437884048,0.041498474971729336,-1.7821149632400966,0.41711073721456765,202603,-3.33596863736046,False,Q3
8301,제과점,서울특별시,강서구,5070360000,508138,9978.31297797055,-0.6926695709597384,0.037609925413378285,0.6509908740178625,0.035299193471882324,-1.3349699126751762,0.3176677588387017,202603,-0.7628919552254909,False,Q4_large
8301,제과점,서울특별시,관악구,4141150000,409073,10123.254284687575,-0.28839892953777285,0.0070413444169885285,0.8243116203822438,0.05033371172246438,-1.1036133369395307,0.29780858084063844,202603,-0.385147303377474,False,Q4_large
8301,제과점,서울특별시,광진구,2890130000,290252,9957.312955638548,0.05459418677592327,0.00016802090998685196,1.5417551738232598,0.12771400020754975,-1.4645807377483084,0.45086443949401994,202603,0.12321682841507679,False,Q4_large
8301,제과점,서울특별시,구로구,3451430000,377688,9138.30992777107,-1.2718735651238169,0.15461522138546827,0.15995532544344226,0.0023104469827826836,-1.4295422615903957,0.3342262048972186,202603,-1.6960925669605345,False,Q4_large
8301,제과점,서울특별시,금천구,2033980000,207677,9793.95888808101,-1.1946047853616113,0.12900839760925684,0.6343681448804618,0.04250066454388073,-1.817443646696298,0.6447873025801953,202603,-1.5176716708194617,False,Q3
8301,제과점,서울특별시,노원구,3371110000,347164,9710.42504407139,-0.3246086898336417,0.005496148130534945,1.7725152961982689,0.12488526798493468,-2.0605995439224536,0.49721176152473545,202603,-0.40816623770287386,False,Q4_large
8301,제과점,서울특별시,도봉구,1801070000,171796,10483.771449859136,-1.2013967985182559,0.10412628337515414,0.18160882173072532,0.003182009439923532,-1.3804985131651615,0.37601148021575215,202603,-1.608654642832609,False,Q3
8301,제과점,서울특별시,동대문구,3101610000,323448,9589.207538769755,0.6626351819597758,0.022869576295431276,3.4842470088640027,0.25980516007902704,-2.7266099995514828,0.5629651761693355,202603,0.7808739188999345,False,Q4_large
8301,제과점,서울특별시,동작구,3124040000,340420,9177.01662652018,0.7990951063867953,0.035617513433753176,3.0591212268199235,0.21539663731690206,-2.1929413850319186,0.5158650333618615,202603,0.9498036954781316,False,Q4_large
8301,제과점,서울특별시,마포구,4978610000,461331,10791.839265082988,-1.850859493825698,0.2158073431429687,-0.04774585187026123,0.0001536567582668854,-1.8039749651700834,0.4670625379574082,202603,-2.368319309866209,False,Q4_large
8301,제과점,서울특별시,서대문구,3567500000,352301,10126.284058234294,1.2549899955785615,0.07357431465904857,3.451740180952149,0.274632670200299,-2.123454068081528,0.5200161329573414,202603,1.6217586211695043,False,Q4_large
8301,제과점,서울특별시,서초구,6309900000,573818,10996.343788448603,-1.024962384637654,0.1435658010826163,0.8480282838604911,0.05953214180785812,-1.8572407417090768,0.5005456053732086,202603,-1.4129279648656061,False,Q4_large
8301,제과점,서울특별시,성동구,3444400000,311863,11044.593298980642,-1.3065824133979758,0.2401939026852764,0.8254916714519575,0.08091682213719975,-2.1146180886451162,0.493813611557516,202605,-2.576187658970089,False,Q4_large
8301,제과점,서울특별시,성북구,3199900000,291712,10969.38075910487,0.6904357403854603,0.03680830077945332,1.8815877918341928,0.1734629738711674,-1.169153403736178,0.21670802185160798,202605,0.3729230080825903,False,Q4_large
8301,제과점,서울특별시,송파구,5579530000,508134,10980.430358921072,1.3847071486782252,0.1397346571201109,1.5347546399254055,0.1373237638158758,-0.14777943944347588,0.005029877717722913,202605,1.2959541952055682,False,Q4_large
8301,제과점,서울특별시,양천구,4001140000,398936,10029.52854593218,-0.49692495973010065,0.03352678757451132,1.0583745745410478,0.1072521337880248,-1.5390110328006301,0.38095288151408435,202603,-0.6444723282363582,False,Q4_large
8301,제과점,서울특별시,영등포구,4317480000,399695,10801.93647656338,-0.46752047562683446,0.03604885169244154,1.2289992326508343,0.14107995307952703,-1.6759226319906666,0.5764477823664006,202603,-0.7031220275174042,False,Q4_large
8301,제과점,서울특별시,용산구,3129500000,245500,12747.45417515275,-1.7257468000758176,0.36452502478893506,0.28309971222990477,0.013900928064342094,-2.0031755281500545,0.5736289875346152,202603,-2.17100248873985,False,Q4_large
8301,제과점,서울특별시,은평구,3292200000,338283,9732.088221991646,-0.4673773676884722,0.01713050593611211,0.887792198363889,0.052305303839492785,-1.3432443475300155,0.39945184656638244,202603,-0.7217479787681014,False,Q4_large
8301,제과점,서울특별시,종로구,3822380000,311689,12263.442084898728,-0.17602435554811652,0.0028752833536247373,1.1190434399028184,0.08644109487503869,-1.2807358054376827,0.25920789423790747,202605,-0.7662588142960138,False,Q4_large
8301,제과점,서울특별시,중구,4141980000,392163,10561.883706519993,-2.5826738136630922,0.36314197306703677,-1.5610290126644455,0.18562304500347476,-1.0378458762334315,0.1732144544265687,202603,-3.1841266719517765,False,Q4_large
8301,제과점,서울특별시,중랑구,2411980000,236742,10188.221777293425,-0.341029114824597,0.009188189701970438,1.0142104891404702,0.09221868033734046,-1.3416326251550443,0.30627742244657663,202605,-1.115848339747327,False,Q3
8301,제과점,세종특별자치시,세종특별자치시,2816830000,235339,11969.244366637064,0.753678756070843,0.03649345829048967,2.696529975616176,0.3762806348085897,-1.891837260720114,0.48213210580688043,202603,1.0410263778739313,False,Q3
8301,제과점,울산광역시,남구,2833490000,214372,13217.63103390368,-1.3840783064069673,0.1639943265344394,1.365373921026123,0.2134927400007257,-2.712417585096881,0.6802251322511231,202604,-1.99954456681063,False,Q3
8301,제과점,울산광역시,동구,1521710000,122186,12454.045471657964,3.440398092970478,0.3945698839301339,4.681996103943897,0.702115675632793,-1.1860664270679124,0.2278497898606956,202605,2.564122819328559,False,Q3
8301,제과점,울산광역시,북구,1371090000,106303,12897.942673301788,2.6396971465420114,0.34236701544606013,4.652607512675529,0.7544471572888508,-1.9234211301325903,0.6474354242166407,202605,1.6767186610184899,False,Q2
8301,제과점,울산광역시,울주군,1943770000,146586,13260.270421459076,2.4933061849805602,0.257665542432089,4.298957668470724,0.6681412931957843,-1.7312267771933343,0.29074889274164706,202605,1.2378936888821304,False,Q3
8301,제과점,울산광역시,중구,1528100000,118500,12895.35864978903,-0.015350405945577504,1.5775835675968916e-05,1.4733953905539294,0.2420098097172146,-1.4671291827473747,0.4176324793540168,202605,-0.5384581431390892,False,Q2
8301,제과점,인천광역시,강화군,427930000,25097,17051.041957206042,-0.3491829029976729,0.004791238700075226,0.7217789560900422,0.019266741681711993,-1.0632872752918903,0.4010655691197386,202604,-1.1078935299413233,False,Q2
8301,제과점,인천광역시,계양구,2477150000,195586,12665.272565521049,-12.439946732067476,0.9749604831128387,-4.272639720188268,0.5753238689003443,-8.53184187676979,0.8010690531610413,202601,-13.817607488953284,False,Q3
8301,제과점,인천광역시,남동구,3442300000,282552,12182.890229055183,-3.658067002856259,0.44414926616870604,-1.667061211348726,0.1329041421332835,-2.0247597763622456,0.5786124533169208,202603,-4.87440944714115,False,Q4_large
8301,제과점,인천광역시,동구,296210000,23522,12592.891760904686,-4.053305892225917,0.4006796916061727,-1.381532589886129,0.07417940204634373,-2.7092018082464624,0.5790850821952811,202603,-5.192845455607423,False,Q2
8301,제과점,인천광역시,미추홀구,2611650000,216087,12086.104208027322,-2.0864484478478675,0.17286536929057347,-0.15270791368955564,0.0012101663441975075,-1.9366980253072401,0.4863593663615843,202603,-2.463199739673716,False,Q3
8301,제과점,인천광역시,부평구,3382510000,293724,11515.946943389032,-3.7351465823305277,0.4976088810265829,-1.4792640490001312,0.12359831498620896,-2.2897540416795077,0.6699998778028479,202603,-4.9160872074977044,False,Q4_large
8301,제과점,인천광역시,서구,4030380000,337810,11930.90790681152,-3.4650821837136143,0.36594484534321725,-1.2341286798214093,0.06146126269475072,-2.2588303774083194,0.7425605013120937,202603,-4.667941145047372,False,Q4_large
8301,제과점,인천광역시,연수구,3754050000,313887,11959.877280677441,-2.2113066475346286,0.2519887564452399,-0.5312244438465434,0.021419856501355847,-1.6890548760596917,0.5520565097064664,202603,-2.8916033120831504,False,Q4_large
8301,제과점,인천광역시,옹진군,24870000,1703,14603.640634174986,11.225845472323085,0.776297996221731,7.956556095393975,0.7328050053008116,3.028337967765708,0.36624209288283444,202605,11.627568131042047,False,Q1_small
8301,제과점,인천광역시,중구,3469390000,305131,11370.165601004159,-4.171268920603292,0.7634726032284793,-3.566321912693646,0.7579229759937394,-0.6273192311112993,0.40330158438542973,202601,-3.9413578103390043,False,Q4_large
8301,제과점,전라남도,강진군,201870000,11903,16959.59001932286,-2.1588169856642603,0.18336801738119385,0.16422200226781206,0.0018671261413880254,-2.319230301493799,0.6175949967460208,202604,-3.3170932816636403,False,Q1_small
8301,제과점,전라남도,고흥군,325280000,18645,17445.96406543309,-0.3773464304712407,0.008505423150112842,0.6293174537904727,0.042856066000087324,-1.0003683913725852,0.21783890083788057,202605,-1.755114806324543,False,Q1_small
8301,제과점,전라남도,곡성군,116270000,6872,16919.383003492432,22.81125117372632,0.6798208668972487,21.69956571247712,0.7183078082936646,0.9134670733958572,0.07152345795848371,202605,21.18843803608869,False,Q1_small
8301,제과점,전라남도,광양시,1079870000,71671,15067.042457897895,0.43712826584929154,0.012226936046908566,0.8681633962780133,0.06621774832896564,-0.4273252490335433,0.048124951043309765,202605,0.35566593708010036,False,Q2
8301,제과점,전라남도,구례군,338480000,18331,18464.89553215864,7.1187074299630115,0.2854641285260536,8.024103812706427,0.4078178689859843,-0.8381429243913993,0.18301473766332932,202603,9.69666146083394,False,Q1_small
8301,제과점,전라남도,나주시,716970000,45766,15665.996591356028,0.521340486358694,0.015691118358249163,2.7782717796417176,0.26082122956042225,-2.1959225955091997,0.611583944892625,202604,0.2817941595686458,False,Q2
8301,제과점,전라남도,담양군,1198420000,50374,23790.447453051176,-2.548940222896438,0.2003592972380511,-0.7618022497089338,0.04008148366301088,-1.8008569418847633,0.45069096997820485,202602,-1.4474488025804249,False,Q2
8301,제과점,전라남도,목포시,3048210000,193480,15754.651643580732,1.3253067877513078,0.054610147956992636,3.5031908609369973,0.3490277302620999,-2.1041709488086116,0.7523045673124418,202605,-1.1403825784317014,True,Q3
8301,제과점,전라남도,무안군,653490000,44947,14539.123856987118,-1.2890237455634816,0.1048263618333451,1.3891631032912652,0.11800894755655092,-2.6414922136464436,0.7595136312170309,202603,-1.9061385926046996,False,Q2
8301,제과점,전라남도,보성군,325100000,18743,17345.142186416262,0.6177876189966766,0.019795137451038912,0.2692438024055264,0.007713737910066412,0.3476079038533075,0.061374941548437124,202605,-0.4658801240060106,True,Q1_small
8301,제과점,전라남도,순천시,2377880000,148153,16050.164357117304,3.018452328207794,0.3544151027047541,3.0078868318326157,0.3470551496040111,0.010256978082087299,6.664469109856543e-05,202605,3.4033926617368473,False,Q3
8301,제과점,전라남도,신안군,24450000,1350,18111.11111111111,3.543928478216609,0.10282395170741852,12.340606871714705,0.6377781667976352,-7.83036396050744,0.850404385562461,202606,-1.0141345097911822,True,Q1_small
8301,제과점,전라남도,여수시,2004930000,143228,13998.17074873628,0.11919773579617778,0.002038177512770116,1.1006501948919534,0.19949679513255783,-0.9707677024864358,0.2646565326073882,202605,-0.6460297949219604,False,Q3
8301,제과점,전라남도,영광군,411860000,18275,22536.798905608754,5.685056813576712,0.22272567910475963,6.368967746386269,0.46802801421319135,-0.6429609568461417,0.01869708343341988,202602,10.668238066214505,False,Q1_small
8301,제과점,전라남도,영암군,217400000,14813,14676.297846486195,-0.5301578531257363,0.012294226052940806,-0.2528115221296737,0.004387351518007381,-0.27804927159185966,0.00810816576133743,202604,-1.3610730129882316,False,Q1_small
8301,제과점,전라남도,완도군,239080000,14885,16061.807188444744,-0.5434737505980217,0.013287641856020367,1.5491289493435634,0.13958623642591467,-2.060680107837677,0.5651677270581654,202605,-1.7233390699223885,False,Q1_small
8301,제과점,전라남도,장성군,201770000,13078,15428.200030585716,4.004855502326461,0.43520075534783276,4.682212074814253,0.5836668123237898,-0.6470598576993232,0.06940610622115534,202605,3.395485543643494,False,Q1_small
8301,제과점,전라남도,장흥군,177230000,10884,16283.535464902609,-2.5316377727239323,0.2257743856326942,-1.814823000940825,0.16698045601277262,-0.7300641437861403,0.17800982389184858,202602,-1.5550303242524928,False,Q1_small
8301,제과점,전라남도,진도군,131040000,8254,15875.93893869639,2.532792595146905,0.2483977026483572,5.761902168620454,0.629966033025106,-3.0531878750868207,0.6112242803008199,202605,1.1762078744545497,False,Q1_small
8301,제과점,전라남도,함평군,104170000,5832,17861.796982167354,0.2689564195577715,0.0021001387856923893,3.777165177886822,0.30660150126284436,-3.380520900060771,0.33835840767987446,202605,-0.6580543148408591,True,Q1_small
8301,제과점,전라남도,해남군,466110000,24995,18648.129625925187,-0.2543693002597805,0.00493712616214649,0.3105953563192823,0.018513664203493943,-0.5632153358997006,0.13313342318585658,202605,-1.351116873252787,False,Q2
8301,제과점,전라남도,화순군,551710000,30705,17968.083374043315,1.6217566168883115,0.09852293344763978,2.548113481218355,0.4024656176373426,-0.9033387674164186,0.13223342158113105,202605,1.014852722446018,False,Q2
8301,제과점,전북특별자치도,고창군,241470000,16014,15078.68115399026,2.2277844060732312,0.16270360943113474,3.7972465845494243,0.7036070336681532,-1.5120460610655584,0.1881503956695872,202605,1.3550584220250341,False,Q1_small
8301,제과점,전북특별자치도,군산시,3216990000,170990,18813.90724603778,0.31221214633441347,0.004947184557194618,1.7483960299847099,0.2656990691893567,-1.4115051830665277,0.3410865588005827,202605,-1.285398181532109,True,Q3
8301,제과점,전북특별자치도,김제시,341810000,19673,17374.57428963554,-2.344752028001828,0.21957786861070533,-0.7961446408571046,0.06322452425630262,-1.5610354875204608,0.4972790553400444,202602,-2.252479337512329,False,Q1_small
8301,제과점,전북특별자치도,남원시,487990000,27601,17680.15651606826,2.241842213741611,0.19393704616903193,3.7045762066000583,0.3934798514506695,-1.4104816261380955,0.769852714672059,202605,1.4357957867741091,False,Q2
8301,제과점,전북특별자치도,무주군,63360000,3389,18695.780466214223,8.223237538217768,0.3208336870902305,8.894546650537812,0.4098858081361916,-0.6164763369412524,0.018936098846348014,202605,4.01310480690213,False,Q1_small
8301,제과점,전북특별자치도,부안군,142970000,7927,18035.82692065094,-2.8460751069200603,0.2606493427362693,-0.5515823754412162,0.02137689380181485,-2.3072189445397564,0.6334083971918476,202602,-2.575595496430335,False,Q1_small
8301,제과점,전북특별자치도,순창군,227730000,11923,19100.058710056193,14.710974662384277,0.7793843155519533,17.225916819528816,0.8704568936733182,-2.1453806678401603,0.4277661995854403,202605,17.243655545484103,False,Q1_small
8301,제과점,전북특별자치도,완주군,471400000,27763,16979.43305838706,-0.8029344872155191,0.011266815179304512,4.387986331767413,0.533382232645478,-4.972718606224554,0.3928192617477853,202602,1.1308327837740333,False,Q2
8301,제과점,전북특별자치도,익산시,1254680000,86676,14475.518021136186,0.4408952593921267,0.017986408832029444,2.608506449437839,0.41423337465358656,-2.112506326279918,0.5923971387232428,202603,0.6734546391383984,False,Q2
8301,제과점,전북특별자치도,임실군,79680000,4412,18059.836808703534,4.604030929417462,0.2690952340239044,6.704311661580991,0.8727735916923158,-1.9683185238331278,0.11282050197391114,202605,4.0713519909967255,False,Q1_small
8301,제과점,전북특별자치도,장수군,80090000,4431,18074.926653125705,27.041266155814007,0.6567435393623737,26.017958851733802,0.635935058405313,0.8120329145183356,0.0238174670695381,202605,33.922961042907474,False,Q1_small
8301,제과점,전북특별자치도,전주시 덕진구,2017820000,162130,12445.691728859558,0.707678324989811,0.0464138901425324,2.498412405738802,0.40186560381492764,-1.747084699868702,0.4551458403362899,202605,0.47028913425001156,False,Q3
8301,제과점,전북특별자치도,전주시 완산구,3023770000,199308,15171.342846248019,0.47313647318266505,0.007687359692956846,1.6915420197798514,0.18125333174440425,-1.1981385299086096,0.20370389708864073,202605,-1.0729700364464783,True,Q3
8301,제과점,전북특별자치도,정읍시,449990000,30426,14789.65358574903,0.7447509315486848,0.029744198475987332,2.3573009332994785,0.17331056932433866,-1.5754127815480528,0.31884441697157107,202603,1.0113332416444398,False,Q2
8301,제과점,전북특별자치도,진안군,66040000,3652,18083.242059145672,-0.5993867754776427,0.0034363807822855932,1.2101949440323427,0.02391569069128536,-1.7879441102851379,0.1231893795032702,202602,2.9842646059418425,False,Q1_small
8301,제과점,제주특별자치도,서귀포시,4041430000,288210,14022.518302626557,2.060648995981652,0.2721052914758088,4.154012789146842,0.7415551624225133,-2.0098733952796146,0.456904018548668,202605,1.4695367208878725,False,Q4_large
8301,제과점,제주특별자치도,제주시,14520820000,894961,16225.086903228186,1.6074024343571869,0.18228448251064885,4.0501526435880475,0.7659009181090067,-2.3476661467266116,0.4675462184012679,202605,1.2299975309173263,False,Q4_large
8301,제과점,충청남도,계룡시,229210000,17657,12981.253893639916,-0.6363217774920417,0.032880823146051466,1.7348505187085645,0.32282820363546877,-2.330737484854859,0.6007413115497034,202605,-1.8816952989482612,False,Q1_small
8301,제과점,충청남도,공주시,913350000,49062,18616.240675064204,6.862264297111058,0.6062342959029839,6.73865009688779,0.7986147577486031,0.11581015884228434,0.0018002472650245594,202605,6.498727238541857,False,Q2
8301,제과점,충청남도,금산군,315890000,22762,13877.954485546086,0.5173004514620518,0.007081849561570802,2.4359528040875906,0.18062026912825696,-1.8730263155701303,0.5028726324707434,202605,-1.8513705534280622,True,Q2
8301,제과점,충청남도,논산시,865340000,57387,15079.02486625891,2.9589731471519674,0.371514075286277,4.493050835116655,0.5506570610098137,-1.4681145547040915,0.3903767916611681,202605,3.0713732113178587,False,Q2
8301,제과점,충청남도,당진시,1297480000,89688,14466.595308179467,2.442754781360839,0.22545107250793325,4.342351880877828,0.534500949496287,-1.8205427281202442,0.56580198721136,202605,1.6665746472041325,False,Q2
8301,제과점,충청남도,보령시,668380000,42378,15771.862758978716,0.052352774301901404,0.0001863704234861539,1.4004599960241508,0.2522866765369181,-1.3294882703441946,0.37665452967548263,202605,-1.555562944330332,False,Q2
8301,제과점,충청남도,부여군,209760000,12428,16878.01738010943,1.7096671887208414,0.05113007433997337,3.0870947412233103,0.24132565270453718,-1.3361784576043514,0.2981311011484033,202605,0.2782141649888481,False,Q1_small
8301,제과점,충청남도,서산시,983350000,69478,14153.401076599786,0.3020035971922782,0.004864939100909427,3.706537551910162,0.46519571124419146,-3.282853747782091,0.4977500586912472,202605,-0.6681008373994362,True,Q2
8301,제과점,충청남도,서천군,300880000,16454,18286.13103196791,-1.4010404755104389,0.04351713528987619,0.5317186797003193,0.03459845764387142,-1.9225366686195993,0.15432804969090824,202602,0.7223824734314273,False,Q1_small
8301,제과점,충청남도,아산시,2661660000,212357,12533.893396497408,0.5729796602609287,0.017899225328155927,2.9942970178265584,0.3694751262343198,-2.3509237187633274,0.5771952087088749,202605,0.19051638025472808,True,Q3
8301,제과점,충청남도,예산군,515500000,37988,13570.074760450669,-3.5807029421417975,0.6166582655954653,-1.5437907275120422,0.241729463849391,-2.0688509436641014,0.6203204127194678,202601,-3.536516277095183,False,Q2
8301,제과점,충청남도,천안시 동남구,4554540000,277586,16407.67185664983,1.163557548825667,0.10785834981675285,2.3840357006660438,0.407881855347804,-1.192059038782764,0.2908218168539883,202605,0.027542088475768618,True,Q4_large
8301,제과점,충청남도,천안시 서북구,3681840000,248014,14845.290991637568,0.639886819865135,0.051322126136572103,2.8724288492131116,0.41890775851853834,-2.1702044506213998,0.6115497993989023,202605,-0.16930942321063497,True,Q4_large
8301,제과점,충청남도,청양군,222140000,12461,17826.81967739347,8.862921078101433,0.34740394802715996,9.295054232379268,0.5017971355680901,-0.395382167393475,0.004524545401187499,202605,9.736610746050394,False,Q1_small
8301,제과점,충청남도,태안군,448710000,25369,17687.334936339626,6.473698023065151,0.48851688617481337,6.964222264456725,0.7517672750419964,-0.458587208888219,0.025553247327960354,202605,5.390442212041378,False,Q2
8301,제과점,충청남도,홍성군,672270000,45413,14803.470371919935,1.4899647544788384,0.12169174494493226,3.8903097945289034,0.496821808752779,-2.310460951360525,0.5260829810377617,202605,1.1822537868769916,False,Q2
8301,제과점,충청북도,괴산군,172420000,9389,18364.04302907658,2.8202058395395344,0.03158695813293177,6.580920653232345,0.20980052210917946,-3.528506594466861,0.3591817662570658,202602,8.727884311370628,False,Q1_small
8301,제과점,충청북도,단양군,209940000,12268,17112.813824584286,5.248689687871287,0.4713917134347133,4.419442437323256,0.42720061671248083,0.7941502379173946,0.2137148809085271,202605,4.854412800944264,False,Q1_small
8301,제과점,충청북도,보은군,151640000,8313,18241.30879345603,4.641299108334969,0.46032274133917306,4.197714922518226,0.3360136560407856,0.4257139287042639,0.021410233081168413,202604,6.211546642156185,False,Q1_small
8301,제과점,충청북도,영동군,121780000,7421,16410.18730629295,4.588740695259511,0.33441044247019364,6.7108463408023855,0.5686008901004238,-1.9886503746446182,0.4064684024123793,202605,4.175895820225138,False,Q1_small
8301,제과점,충청북도,옥천군,163280000,10916,14957.860021986076,0.9786801675408586,0.05011929994453738,0.3833184682552079,0.034932654262078706,0.5930882823662551,0.04136211519116833,202605,0.05541482283284176,True,Q1_small
8301,제과점,충청북도,음성군,626910000,43807,14310.726596206086,2.3276549815608956,0.32551311951347256,2.805906440180812,0.4597217191663629,-0.4651984260244912,0.10449224483450559,202605,1.965904989851279,False,Q2
8301,제과점,충청북도,제천시,680180000,48397,14054.176911792054,0.5497141704485554,0.01767473766926971,2.3016616717556655,0.26027753960487204,-1.7125308354505124,0.5076840292888014,202605,0.03221088684377442,True,Q2
8301,제과점,충청북도,증평군,230940000,18360,12578.43137254902,-3.8130251503667307,0.40970682371388006,-2.3690743721368683,0.24269608890364944,-1.4789891306917762,0.4293809274221955,202603,-4.43183667899631,False,Q1_small
8301,제과점,충청북도,진천군,612980000,43797,13995.935794689134,0.6620819869167601,0.024593181962976145,1.410194176057953,0.1505289030940806,-0.7377090589555347,0.19910817431114824,202605,-0.07568913559910437,True,Q2
8301,제과점,충청북도,청주시 상당구,1490000000,111866,13319.507267623763,1.1502239675622545,0.07123983211221543,2.9933520745722575,0.32839821254236495,-1.7895602676136286,0.5289889014742212,202605,0.6056720320852805,False,Q2
8301,제과점,충청북도,청주시 서원구,1301010000,105045,12385.263458517778,-0.49562690371849616,0.014413762209924318,1.8683272535305007,0.24057128638088893,-2.3205977961782014,0.48249278364889703,202605,-1.5828872536195915,False,Q2
8301,제과점,충청북도,청주시 청원구,1574500000,122110,12894.111866350013,1.1873955249789483,0.12339561951181811,2.758285106324039,0.5025541098099351,-1.528723041377842,0.4707427224996703,202605,0.6762528498008273,False,Q2
8301,제과점,충청북도,청주시 흥덕구,2305110000,186313,12372.244556203808,0.41309710293728147,0.011583001781055709,2.0864135648219726,0.28147946554571285,-1.6391176880968577,0.5091903962125898,202605,-0.17933671259488473,True,Q3
8301,제과점,충청북도,충주시,1758170000,117179,15004.138966879731,-0.7548062551887513,0.031161549900700403,-0.5834505010500738,0.01254930967458137,-0.17236139757643407,0.003667961064241497,202605,-2.7878769837731228,False,Q2
