SIDO_NM,CCG_NM,연결업종,confidence,amt_growth_pct_m,amt_robust_signs,real_amt_growth_pct_m,real_amt_robust_signs,cnt_growth_pct_m,cnt_robust_signs,ticket_growth_pct_m,ticket_robust_signs,amt_pc_growth_pct_m,amt_pc_robust_signs,real_amt_pc_growth_pct_m,real_amt_pc_robust_signs,cnt_pc_growth_pct_m,cnt_pc_robust_signs,가동_당월말_growth_pct_m,가동_당월말_robust_signs,amt_per_store_growth_pct_m,amt_per_store_robust_signs,real_amt_per_store_growth_pct_m,real_amt_per_store_robust_signs,cnt_per_store_growth_pct_m,cnt_per_store_robust_signs,initial_stores,openings_6m,closures_6m,total_cnt_6m,total_amt_6m,mean_amt_per_initial_store,mean_cnt_per_initial_store,opening_rate_6m_pct,closure_rate_6m_pct,net_store_change_pct,demand_supply_gap_cnt,demand_supply_type,market_store_type,market_store_type_robust,demand_supply_type_robust,population_growth_pct_m,commercial_aging_gap_pp_m,bc_age_hhi_slope,foreign_share_slope,corp_share_slope,industry_hhi_slope,entropy_slope,portfolio_js,cnt_weakened_fraction,closure_rate_6m_pct_pctile,opening_rate_6m_pct_pctile,amt_growth_pct_m_pctile,cnt_growth_pct_m_pctile,initial_stores_pctile,high_closure,high_entry,weak_amt,weak_cnt,dense_market,closure_mechanism_candidate
강원특별자치도,강릉시,제과점,HIGH,-4.685042461388549,1,-4.593108064174172,1,-0.668342964765899,0,-4.0437254511900536,1,-4.660468805888918,1.0,-4.568510706579309,1.0,-0.6427337426330927,0.0,0.5934644530969102,1,-5.247365664542358,1,-5.155973646468244,1,-1.2543632180509592,1,142,21,16,135709,2113000000,2480046.9483568077,159.28286384976528,14.788732394366196,11.267605633802818,3.5211267605633805,-1.2618074178628094,수요-/공급+,C 총시장 감소/점포 증가,C 총시장 감소/점포 증가,부호 강건성 미충족,-0.0257748860224075,0.2767166539413114,5.2702391129634734e-05,0.0825669104439513,0.0788313171867647,0.0032895959758815,-0.00502396070815,0.0189575144290149,0.8,0.8307086614173228,0.8700787401574803,0.011811023622047244,0.1062992125984252,0.8248031496062992,True,True,True,True,True,고회전+수요취약 후보
강원특별자치도,강릉시,중국음식,HIGH,-1.6861556321247553,1,-1.944227747968752,1,-0.1606747473149554,0,-1.5279358919433446,1,-1.6608088176821707,1.0,-1.918947468469165,1.0,-0.1349346405423574,0.0,-0.4013141058830082,1,-1.290018552662103,1,-1.5491305213866022,1,0.2416089694434978,1,160,1,6,64489,1830490000,1906760.4166666667,67.17604166666666,0.625,3.75,-3.125,0.2406393585680527,수요-/공급-,D 기타·동반감소,D 기타·동반감소,부호 강건성 미충족,-0.0257748860224075,0.2767166539413114,5.2702391129634734e-05,0.0825669104439513,0.0788313171867647,0.0032895959758815,-0.00502396070815,0.0189575144290149,0.8,0.5686274509803921,0.23137254901960785,0.12549019607843137,0.1843137254901961,0.803921568627451,False,False,True,True,True,일반 관찰지역
강원특별자치도,고성군,제과점,HIGH,-0.4845824167579433,1,-0.3885965383050017,1,-5.2811776774805255,1,5.064035999508196,1,-0.7588513889730087,1.0,-0.6631300519235104,1.0,-5.542227017157888,1.0,-0.4015309578319205,0,-0.0833862806573949,0,0.01298656460419,0,-4.899319002165243,1,17,1,3,7719,135620000,1329607.843137255,75.67647058823529,5.88235294117647,17.647058823529413,-11.76470588235294,-4.879646719648605,수요-/공급-,D 기타·동반감소,부호 강건성 미충족,부호 강건성 미충족,0.2763661808168711,0.2935480652305992,0.0001117085508199,0.2243813326385605,0.0949533207741559,0.003148737230039,-0.0065628305830386,0.029135857667482,0.125,0.9488188976377953,0.4547244094488189,0.3228346456692913,0.003937007874015748,0.20669291338582677,True,False,False,True,False,관측변수로 미설명
강원특별자치도,고성군,중국음식,HIGH,1.6437913351177484,1,1.3769781669325687,0,4.076235395505926,1,-2.337175293806977,1,1.3636564689980375,0.0,1.0975786499194462,0.0,3.7893966040185094,1.0,0.0,0,1.6437913351177431,1,1.3769781669325636,0,4.076235395505917,1,26,0,0,8231,227190000,1456346.1538461538,52.76282051282051,0.0,0.0,0.0,4.076235395505926,수요+/공급+,A 총시장·점포·점포당 증가,부호 강건성 미충족,부호 강건성 미충족,0.2763661808168711,0.2935480652305992,0.0001117085508199,0.2243813326385605,0.0949533207741559,0.003148737230039,-0.0065628305830386,0.029135857667482,0.125,0.09411764705882353,0.11568627450980393,0.6980392156862745,0.8117647058823529,0.13725490196078433,False,False,False,False,False,일반 관찰지역
강원특별자치도,동해시,제과점,HIGH,-1.649459119890495,1,-1.5545968031564903,1,-0.4412665105749817,1,-1.2135475884130702,1,-1.4969031846189802,1.0,-1.4018937226906292,1.0,-0.2868364935561502,1.0,-0.1655059554337098,0,-1.4864132669358985,1,-1.3913936871385006,1,-0.2762177119044136,0,34,2,2,41413,614820000,3013823.529411765,203.0049019607843,5.88235294117647,5.88235294117647,0.0,-0.2757605551412718,수요-/공급-,D 기타·동반감소,부호 강건성 미충족,부호 강건성 미충족,-0.1548742528952512,0.3611206998970542,0.0013645308968821,0.0187962567941348,0.1071642777261987,0.0025501032963552,-0.0042802248854016,0.018451430888081,0.8,0.5196850393700787,0.4547244094488189,0.15354330708661418,0.1220472440944882,0.3562992125984252,False,False,True,True,False,일반 관찰지역
강원특별자치도,동해시,중국음식,HIGH,-1.9644157469562828,1,-2.221757434882916,1,-1.695557517008813,1,-0.2734955035160064,1,-1.8123483550357575,1.0,-2.0700892171970664,1.0,-1.543073087028734,1.0,0.0,0,-1.9644157469562775,1,-2.2217574348829117,1,-1.6955575170088104,1,72,0,0,31474,974850000,2256597.222222222,72.85648148148148,0.0,0.0,0.0,-1.695557517008813,수요-/공급+,C 총시장 감소/점포 증가,부호 강건성 미충족,부호 강건성 미충족,-0.1548742528952512,0.3611206998970542,0.0013645308968821,0.0187962567941348,0.1071642777261987,0.0025501032963552,-0.0042802248854016,0.018451430888081,0.8,0.09411764705882353,0.11568627450980393,0.10196078431372549,0.050980392156862744,0.4196078431372549,False,False,True,True,False,일반 관찰지역
강원특별자치도,삼척시,제과점,HIGH,0.5269705010108905,0,0.6239320553718534,0,1.4035457335433807,1,-0.8644423882729146,1,0.4905215716757944,0.0,0.5874479698510569,1.0,1.3667789767779948,1.0,0.0,0,0.5269705010109211,0,0.6239320553718688,0,1.403545733543378,1,24,0,0,17467,267840000,1860000.0,121.2986111111111,0.0,0.0,0.0,1.4035457335433807,수요+/공급+,A 총시장·점포·점포당 증가,부호 강건성 미충족,부호 강건성 미충족,0.0362710121960423,0.1793294420718593,-0.0018784309489218,0.0764984780484155,0.0730600331004606,0.0037436455767576,-0.0051423808287596,0.0161404896423782,0.3,0.1141732283464567,0.10236220472440945,0.5039370078740157,0.3464566929133858,0.29133858267716534,False,False,False,False,False,일반 관찰지역
강원특별자치도,삼척시,중국음식,HIGH,3.024794938668758,1,2.754356660263809,1,4.931521783653882,1,-1.817115403049649,1,2.98744035161841,1.0,2.7171001283488634,1.0,4.893475858232524,1.0,0.3289615838352454,0,2.686994176233768,1,2.417442618901126,1,4.587469188518134,1,43,3,2,13235,357980000,1387519.3798449612,51.298449612403104,6.976744186046512,4.651162790697675,2.3255813953488373,4.602560199818637,수요+/공급+,A 총시장·점포·점포당 증가,부호 강건성 미충족,부호 강건성 미충족,0.0362710121960423,0.1793294420718593,-0.0018784309489218,0.0764984780484155,0.0730600331004606,0.0037436455767576,-0.0051423808287596,0.0161404896423782,0.3,0.7313725490196078,0.8784313725490196,0.8352941176470589,0.8745098039215686,0.27058823529411763,False,True,False,False,False,일반 관찰지역
강원특별자치도,속초시,제과점,HIGH,-0.9002752931186601,1,-0.8046903640550104,1,0.1616693107575921,0,-1.060230536475511,1,-0.7232350760985173,0.0,-0.6274793859491548,0.0,0.3406066763691323,0.0,-0.8589260389299883,1,-0.0417074906863613,0,0.0547055551327339,0,1.0294374560521231,0,54,1,3,78453,1184470000,3655771.604938271,242.13888888888889,1.8518518518518516,5.555555555555555,-3.7037037037037033,1.0205953496875804,수요+/공급-,D 기타·동반감소,부호 강건성 미충족,부호 강건성 미충족,-0.1783299618555102,0.3886195982468594,0.0003360769259587,0.1132368691767694,0.0121682800574967,0.0017254849172098,-0.0028391221281284,0.0119112455022803,0.7,0.4921259842519685,0.2204724409448819,0.24015748031496062,0.15748031496062992,0.47244094488188976,False,False,True,True,False,일반 관찰지역
강원특별자치도,속초시,중국음식,HIGH,-1.3723786188703595,1,-1.63127439386668,1,0.0450523729567234,0,-1.4167926930989945,1,-1.1961818075760695,1.0,-1.455540096109381,1.0,0.223781404104778,1.0,-1.2483066071377469,1,-0.125640389009878,1,-0.3878088299766113,1,1.3097081535089328,1,54,0,3,29321,842170000,2599290.12345679,90.49691358024693,0.0,5.555555555555555,-5.555555555555555,1.29335898009447,수요+/공급-,D 기타·동반감소,D 기타·동반감소,부호 강건성 미충족,-0.1783299618555102,0.3886195982468594,0.0003360769259587,0.1132368691767694,0.0121682800574967,0.0017254849172098,-0.0028391221281284,0.0119112455022803,0.7,0.8215686274509804,0.11568627450980393,0.1843137254901961,0.22745098039215686,0.3431372549019608,True,False,True,True,False,수요취약 후보
강원특별자치도,양구군,제과점,HIGH,-0.79680685431266,0,-0.7011221265522039,0,1.8180992107728149,1,-2.568213397573262,1,-0.783446656978237,0.0,-0.6877490428699883,0.0,1.8318115707739535,1.0,0.0,0,-0.796806854312685,0,-0.7011221265522039,0,1.8180992107728025,1,6,0,0,6516,106960000,2971111.1111111115,181.0,0.0,0.0,0.0,1.8180992107728149,수요+/공급+,C 총시장 감소/점포 증가,부호 강건성 미충족,부호 강건성 미충족,-0.0134656938628657,0.3724011137238986,0.0003595890854473,0.0444906972800808,0.1106424688675066,0.0031659822523189,-0.0048174119709181,0.0201251627552384,0.125,0.1141732283464567,0.10236220472440945,0.25196850393700787,0.41732283464566927,0.025590551181102362,False,False,False,False,False,일반 관찰지역
강원특별자치도,양구군,중국음식,HIGH,5.420402972390879,1,5.143676264945526,1,3.7304949685789057,1,1.629133269173972,1,5.434600472916062,1.0,5.157836497281098,1.0,3.7444648806194096,1.0,1.785515185637575,1,3.571124810955564,1,3.2992524262252014,1,1.910861068388809,1,23,4,2,6339,198870000,1441086.956521739,45.93478260869565,17.391304347826086,8.695652173913043,8.695652173913043,1.9449797829413304,수요+/공급+,A 총시장·점포·점포당 증가,A 총시장·점포·점포당 증가,수요+/공급+,-0.0134656938628657,0.3724011137238986,0.0003595890854473,0.0444906972800808,0.1106424688675066,0.0031659822523189,-0.0048174119709181,0.0201251627552384,0.125,0.9647058823529412,1.0,0.9137254901960784,0.7803921568627451,0.09019607843137255,True,True,False,False,False,고회전 교체시장 후보
강원특별자치도,양양군,제과점,HIGH,1.40848267152451,0,1.5062944732351755,1,4.124723094194016,1,-2.6086411967812237,1,1.4076631853103347,0.0,1.505474196599688,1.0,4.123881657926741,1.0,0.0,0,1.4084826715244738,0,1.5062944732351342,1,4.124723094194009,1,13,0,0,19282,352400000,4517948.717948718,247.2051282051282,0.0,0.0,0.0,4.124723094194016,수요+/공급+,A 총시장·점포·점포당 증가,부호 강건성 미충족,부호 강건성 미충족,0.0008081107368285,0.1141793031609505,-0.0010154857579213,-0.0424201464912382,0.616497304357386,0.0034341083510166,-0.0050395630325749,0.0166142085218801,0.0,0.1141732283464567,0.10236220472440945,0.610236220472441,0.7086614173228346,0.14960629921259844,False,False,False,False,False,일반 관찰지역
강원특별자치도,양양군,중국음식,HIGH,3.003391100128086,1,2.7330090064236643,1,4.375759886276881,1,-1.3148347735566894,1,3.002558725391844,1.0,2.732178816656495,1.0,4.374916421370733,1.0,0.0,0,3.0033911001281015,1,2.7330090064236594,1,4.375759886276865,1,21,0,0,8587,262070000,2079920.634920635,68.15079365079366,0.0,0.0,0.0,4.375759886276881,수요+/공급+,A 총시장·점포·점포당 증가,부호 강건성 미충족,부호 강건성 미충족,0.0008081107368285,0.1141793031609505,-0.0010154857579213,-0.0424201464912382,0.616497304357386,0.0034341083510166,-0.0050395630325749,0.0166142085218801,0.0,0.09411764705882353,0.11568627450980393,0.8313725490196079,0.8392156862745098,0.07254901960784314,False,False,False,False,False,일반 관찰지역
강원특별자치도,영월군,제과점,HIGH,6.282005413515012,1,6.384517887472348,1,5.862943898455592,1,0.3958528826304012,0,6.445351800121742,1.0,6.548021827017029,1.0,6.025646223219645,1.0,0.0,0,6.282005413515002,1,6.384517887472363,1,5.8629438984556,1,9,2,2,8874,152550000,2825000.0,164.33333333333334,22.22222222222222,22.22222222222222,0.0,5.862943898455592,수요+/공급+,A 총시장·점포·점포당 증가,부호 강건성 미충족,부호 강건성 미충족,-0.153455631311575,0.584256401726364,0.0012310974410634,0.129784022473902,0.0732255311494289,0.0030619254537336,-0.0064010635655171,0.0219788648071603,0.0,0.968503937007874,0.9665354330708661,0.9094488188976378,0.8385826771653543,0.07874015748031496,True,True,False,False,False,고회전 교체시장 후보
강원특별자치도,영월군,중국음식,HIGH,6.592321772301808,1,6.312518798576497,1,4.737804845501962,1,1.7706280263706118,1,6.75614508871159,1.0,6.475912081656126,1.0,4.8987779274086085,1.0,0.0,0,6.592321772301779,1,6.3125187985764315,1,4.737804845501956,1,30,0,0,7737,222560000,1236444.4444444445,42.983333333333334,0.0,0.0,0.0,4.737804845501962,수요+/공급+,A 총시장·점포·점포당 증가,부호 강건성 미충족,부호 강건성 미충족,-0.153455631311575,0.584256401726364,0.0012310974410634,0.129784022473902,0.0732255311494289,0.0030619254537336,-0.0064010635655171,0.0219788648071603,0.0,0.09411764705882353,0.11568627450980393,0.9333333333333333,0.8509803921568627,0.1980392156862745,False,False,False,False,False,일반 관찰지역
강원특별자치도,원주시,제과점,HIGH,1.575729911354275,1,1.6737030285034789,1,3.848377977807296,1,-2.1884290450243995,1,1.4987381410518203,1.0,1.5966369971178371,1.0,3.769663599180391,1.0,0.4798727282077751,1,1.0906235780281337,1,1.1881287942361958,1,3.352417910312386,1,134,11,7,218482,2763030000,3436604.4776119404,271.7437810945273,8.208955223880597,5.223880597014925,2.9850746268656714,3.3685052495995205,수요+/공급+,A 총시장·점포·점포당 증가,A 총시장·점포·점포당 증가,수요+/공급+,0.0758549039254374,0.1526175542096394,-0.0009680012377915,0.0234489287542802,0.1255247508640974,0.0037739101002278,-0.0052454236031072,0.0226266919137223,0.6,0.4645669291338583,0.6122047244094488,0.6456692913385826,0.6811023622047244,0.7913385826771654,False,False,False,False,True,일반 관찰지역
강원특별자치도,원주시,중국음식,HIGH,-1.3442238043303962,1,-1.6031934852207563,1,0.5193411731799232,1,-1.853936720794527,1,-1.419002325405218,1.0,-1.6777757139902243,1.0,0.4431501181580898,1.0,0.5693731393488528,1,-1.9027631215596703,1,-2.160266646545798,1,-0.0497487103749002,1,188,7,2,98675,2899490000,2570469.858156028,87.47783687943262,3.723404255319149,1.0638297872340423,2.6595744680851063,-0.0500319661689295,수요+/공급+,C 총시장 감소/점포 증가,C 총시장 감소/점포 증가,수요+/공급+,0.0758549039254374,0.1526175542096394,-0.0009680012377915,0.0234489287542802,0.1255247508640974,0.0037739101002278,-0.0052454236031072,0.0226266919137223,0.6,0.21176470588235294,0.5843137254901961,0.18823529411764706,0.2823529411764706,0.8764705882352941,False,False,True,False,True,일반 관찰지역
강원특별자치도,인제군,제과점,HIGH,0.0950968983142306,1,0.1916418964456045,1,2.0321687359307465,1,-1.8984912911435696,1,0.1110675681622943,1.0,0.2076279705276106,1.0,2.0484484752112944,1.0,0.0,0,0.0950968983141951,1,0.191641896445579,1,2.0321687359307288,1,13,1,1,5371,84320000,1081025.641025641,68.85897435897435,7.6923076923076925,7.6923076923076925,0.0,2.0321687359307465,수요+/공급+,A 총시장·점포·점포당 증가,부호 강건성 미충족,부호 강건성 미충족,-0.0159529512930479,0.7589652408812294,0.0003776976610231,0.1575820026154522,0.0806485716687771,0.0033681525875142,-0.00814078980564,0.0587621729985535,0.4444444444444444,0.6141732283464567,0.5826771653543307,0.421259842519685,0.46062992125984253,0.14960629921259844,False,False,False,False,False,일반 관찰지역
강원특별자치도,인제군,중국음식,HIGH,-0.4764373088766382,0,-0.7376849140859345,0,1.5348846098288869,1,-1.9809171265959,1,-0.460557830149908,0.0,-0.7218471187121702,0.0,1.551085004957284,1.0,0.0,0,-0.476437308876618,0,-0.7376849140859547,0,1.534884609828884,1,27,0,0,8711,263060000,1623827.1604938272,53.7716049382716,0.0,0.0,0.0,1.5348846098288869,수요+/공급+,C 총시장 감소/점포 증가,부호 강건성 미충족,부호 강건성 미충족,-0.0159529512930479,0.7589652408812294,0.0003776976610231,0.1575820026154522,0.0806485716687771,0.0033681525875142,-0.00814078980564,0.0587621729985535,0.4444444444444444,0.09411764705882353,0.11568627450980393,0.3058823529411765,0.47058823529411764,0.1588235294117647,False,False,False,False,False,일반 관찰지역
강원특별자치도,정선군,제과점,HIGH,10.445602566765782,1,10.552130966496147,1,8.943062709778244,1,1.3791973711903918,1,10.347888048157015,1.0,10.454322199034891,1.0,8.846677532993876,1.0,0.0,0,10.44560256676582,1,10.552130966496089,1,8.943062709778252,1,8,0,0,20621,345620000,7200416.666666667,429.6041666666667,0.0,0.0,0.0,8.943062709778244,수요+/공급+,A 총시장·점포·점포당 증가,부호 강건성 미충족,부호 강건성 미충족,0.0885513264795317,2.356422579164081,0.0064456319202235,0.090922506847505,2.0205147339748524,-0.0071770030853403,0.0089428497387935,0.0658646836092791,0.375,0.1141732283464567,0.10236220472440945,0.9645669291338582,0.9448818897637795,0.05511811023622047,False,False,False,False,False,일반 관찰지역
강원특별자치도,정선군,중국음식,HIGH,6.370868225053111,1,6.091646563002327,1,8.693250932611203,1,-2.136639292349368,1,6.276758745444623,1.0,5.997784119125955,1.0,8.597086771756707,1.0,0.0,0,6.37086822505315,1,6.091646563002344,1,8.693250932611218,1,24,0,0,17469,530510000,3684097.222222222,121.3125,0.0,0.0,0.0,8.693250932611203,수요+/공급+,A 총시장·점포·점포당 증가,부호 강건성 미충족,부호 강건성 미충족,0.0885513264795317,2.356422579164081,0.0064456319202235,0.090922506847505,2.0205147339748524,-0.0071770030853403,0.0089428497387935,0.0658646836092791,0.375,0.09411764705882353,0.11568627450980393,0.9294117647058824,0.9450980392156862,0.10588235294117647,False,False,False,False,False,일반 관찰지역
강원특별자치도,철원군,제과점,HIGH,-2.338034503193816,1,-2.2438363399613652,1,-0.9812721930158328,1,-1.37020777809091,1,-2.2324474375916936,1.0,-2.1381474321774956,1.0,-0.8742182661814775,1.0,2.2626537243086484,1,-4.49889383851264,1,-4.406779894856952,1,-3.1721511218257956,1,11,1,0,13261,204640000,3100606.0606060605,200.9242424242424,9.090909090909092,0.0,9.090909090909092,-3.243925917324481,수요-/공급+,C 총시장 감소/점포 증가,C 총시장 감소/점포 증가,수요-/공급+,-0.1079980656514013,0.1996694023698396,0.0001148986842992,0.0988893860330453,0.0525073039209592,0.0044564354632327,-0.0066556661976969,0.023743728692598,0.625,0.1141732283464567,0.6712598425196851,0.1062992125984252,0.08267716535433071,0.11614173228346457,False,False,True,True,False,일반 관찰지역
강원특별자치도,철원군,중국음식,HIGH,1.5130848631414922,1,1.2466147971510773,1,1.359251000844956,0,0.151770914620605,0,1.6228355598062103,1.0,1.3560774001633935,1.0,1.4688353802946827,0.0,0.2018935088482969,0,1.3085494778374092,1,1.0426163136433464,1,1.1550255703446028,0,41,4,3,12531,375890000,1528008.1300813009,50.9390243902439,9.75609756097561,7.317073170731707,2.4390243902439024,1.157357491996659,수요+/공급+,A 총시장·점포·점포당 증가,부호 강건성 미충족,부호 강건성 미충족,-0.1079980656514013,0.1996694023698396,0.0001148986842992,0.0988893860330453,0.0525073039209592,0.0044564354632327,-0.0066556661976969,0.023743728692598,0.625,0.9274509803921569,0.9647058823529412,0.6705882352941176,0.43529411764705883,0.25882352941176473,True,True,False,False,False,고회전 교체시장 후보
강원특별자치도,춘천시,제과점,HIGH,1.4842700499133512,1,1.582154951031787,1,4.3868775404129146,1,-2.7806248820651396,1,1.4676770392044074,1.0,1.565545935820744,1.0,4.369809943867689,1.0,1.2301698986514695,1,0.2510122738273298,1,0.3477076574431175,1,3.118346679573744,1,134,21,10,123891,1605560000,1996965.1741293536,154.09328358208955,15.671641791044776,7.462686567164178,8.208955223880597,3.156707641761445,수요+/공급+,A 총시장·점포·점포당 증가,A 총시장·점포·점포당 증가,수요+/공급+,0.0163530014612734,0.0409747730802032,-0.0009575183914676,0.0462163680083833,0.1225209098891372,0.0026525129975023,-0.0037574662082705,0.0170765106692955,0.4545454545454546,0.5866141732283464,0.8858267716535433,0.6299212598425197,0.7559055118110236,0.7913385826771654,False,True,False,False,True,일반 관찰지역
강원특별자치도,춘천시,중국음식,HIGH,0.1206617028268763,1,-0.142153276807766,0,1.3319111974382678,1,-1.1953287767871266,1,0.104291646551159,1.0,-0.1584803619731074,0.0,1.315343097900988,1.0,0.1247990314244954,1,-0.0041321716873257,0,-0.2666195695917974,0,1.2056075794318843,1,161,2,2,78733,2320870000,2402556.9358178056,81.50414078674947,1.2422360248447204,1.2422360248447204,0.0,1.2071121660137722,수요+/공급+,B 총시장·점포 증가/점포당 감소,부호 강건성 미충족,수요+/공급+,0.0163530014612734,0.0409747730802032,-0.0009575183914676,0.0462163680083833,0.1225209098891372,0.0026525129975023,-0.0037574662082705,0.0170765106692955,0.4545454545454546,0.22745098039215686,0.28627450980392155,0.4117647058823529,0.43137254901960786,0.8117647058823529,False,False,False,False,True,일반 관찰지역
강원특별자치도,태백시,제과점,HIGH,-0.7001061889052294,1,-0.6043281901869002,1,-1.799956762816142,1,1.1200102745926817,1,-0.6298617779744125,1.0,-0.5340160262218994,1.0,-1.730490382482445,1.0,0.0,0,-0.7001061889052194,1,-0.6043281901869002,1,-1.7999567628161222,1,11,1,0,9472,159630000,2418636.363636364,143.51515151515153,9.090909090909092,0.0,9.090909090909092,-1.799956762816142,수요-/공급+,C 총시장 감소/점포 증가,부호 강건성 미충족,부호 강건성 미충족,-0.0706896580679652,0.8564699905831068,0.001663672975091,0.1469133968039142,0.0024854248142817,0.0043670478414857,-0.0042729481269982,0.0273863564798689,0.7,0.1141732283464567,0.6712598425196851,0.27165354330708663,0.031496062992125984,0.11614173228346457,False,False,False,True,False,일반 관찰지역
강원특별자치도,태백시,중국음식,HIGH,2.33473531668454,1,2.0661084326753265,1,2.235933638625308,1,0.096640852724528,0,2.407126564290075,1.0,2.1383096545264904,1.0,2.3082549942560577,1.0,0.0,0,2.334735316684551,1,2.0661084326753008,1,2.235933638625304,1,27,1,0,8321,223730000,1381049.3827160494,51.36419753086419,3.7037037037037033,0.0,3.7037037037037033,2.235933638625308,수요+/공급+,A 총시장·점포·점포당 증가,부호 강건성 미충족,부호 강건성 미충족,-0.0706896580679652,0.8564699905831068,0.001663672975091,0.1469133968039142,0.0024854248142817,0.0043670478414857,-0.0042729481269982,0.0273863564798689,0.7,0.09411764705882353,0.5725490196078431,0.7725490196078432,0.6313725490196078,0.1588235294117647,False,False,False,False,False,일반 관찰지역
강원특별자치도,평창군,제과점,HIGH,-2.6719706514648256,1,-2.5780945805806,1,-2.008725719375303,1,-0.6768408074683322,1,-2.6558118692678265,1.0,-2.5619202127092,1.0,-1.9924568226463784,1.0,0.5406035584908253,0,-3.195300302814112,1,-3.101929000512815,1,-2.5356216171738377,1,26,1,0,20672,280930000,1800833.3333333333,132.51282051282053,3.8461538461538463,0.0,3.8461538461538463,-2.5493292778661285,수요-/공급+,C 총시장 감소/점포 증가,부호 강건성 미충족,부호 강건성 미충족,-0.0165996373355527,2.107665718958814,0.003725846117721,0.3557134365097584,-0.1991455973248634,-0.0038991203681758,0.0041345496726118,0.0371033865200561,0.7777777777777778,0.1141732283464567,0.28346456692913385,0.07480314960629922,0.023622047244094488,0.3090551181102362,False,False,True,True,False,일반 관찰지역
강원특별자치도,평창군,중국음식,HIGH,-2.014496010147626,1,-2.2717062382624396,1,0.1387682959306473,1,-2.150280398611422,1,-1.9982280714251115,1.0,-2.2554810025934744,1.0,0.1553937280615069,1.0,-0.8679654266916874,1,-1.1565692042849298,0,-1.4160314752066177,0,1.015548331027001,1,30,0,1,11000,334420000,1857888.8888888888,61.11111111111111,0.0,3.3333333333333335,-3.3333333333333335,1.0067337226223347,수요+/공급-,D 기타·동반감소,부호 강건성 미충족,수요+/공급-,-0.0165996373355527,2.107665718958814,0.003725846117721,0.3557134365097584,-0.1991455973248634,-0.0038991203681758,0.0041345496726118,0.0371033865200561,0.7777777777777778,0.4980392156862745,0.11568627450980393,0.09411764705882353,0.23921568627450981,0.1980392156862745,False,False,True,True,False,일반 관찰지역
강원특별자치도,홍천군,제과점,HIGH,-5.186044276540598,1,-5.094593111980081,1,-1.5960396949883742,1,-3.648231809395357,1,-5.146342422957179,1.0,-5.054852964659029,1.0,-1.554834583417535,1.0,0.0,0,-5.1860442765406125,1,-5.094593111980092,1,-1.5960396949883895,1,27,0,0,22623,411680000,2541234.5679012346,139.64814814814815,0.0,0.0,0.0,-1.5960396949883742,수요-/공급+,C 총시장 감소/점포 증가,부호 강건성 미충족,부호 강건성 미충족,-0.0418559016041812,1.319598580099206,0.003255010463699,0.0137525329843898,-0.0668330317667824,0.0059131906335399,-0.0084094932282172,0.041910493097178,0.7777777777777778,0.1141732283464567,0.10236220472440945,0.007874015748031496,0.047244094488188976,0.3169291338582677,False,False,True,True,False,일반 관찰지역
강원특별자치도,홍천군,중국음식,HIGH,-1.4211356524668977,1,-1.679903441105819,1,0.6456103389055512,0,-2.053488457582037,1,-1.3798573025775265,1.0,-1.63873344616038,1.0,0.6877541061917052,0.0,1.627500924488965,1,-2.999814567142627,1,-3.2544383513397666,1,-0.9661662213980556,1,48,5,2,20612,583270000,2025243.0555555555,71.56944444444444,10.416666666666668,4.166666666666666,6.25,-0.981890585583414,수요+/공급+,C 총시장 감소/점포 증가,C 총시장 감소/점포 증가,부호 강건성 미충족,-0.0418559016041812,1.319598580099206,0.003255010463699,0.0137525329843898,-0.0668330317667824,0.0059131906335399,-0.0084094932282172,0.041910493097178,0.7777777777777778,0.6666666666666666,0.9803921568627451,0.17254901960784313,0.3137254901960784,0.307843137254902,False,True,True,False,False,일반 관찰지역
강원특별자치도,화천군,제과점,HIGH,-0.9904271924219996,0,-0.8949292178168142,0,0.4510089462472997,1,-1.4349643212051872,1,-1.1645012265664794,0.0,-1.0691711520665514,0.0,0.2744006460060548,1.0,0.0,0,-0.9904271924219894,0,-0.8949292178168394,0,0.4510089462473024,1,4,0,0,8922,133510000,5562916.666666667,371.75,0.0,0.0,0.0,0.4510089462472997,수요+/공급+,C 총시장 감소/점포 증가,부호 강건성 미충족,부호 강건성 미충족,0.176125012070347,1.3647776699820415,0.001351312365388,0.2239852367032836,0.0303132124899066,0.0022168191760312,-0.0021771230390977,0.0485589144951878,0.75,0.1141732283464567,0.10236220472440945,0.23228346456692914,0.2047244094488189,0.011811023622047244,False,False,True,True,False,일반 관찰지역
강원특별자치도,화천군,중국음식,HIGH,1.5151138024365622,1,1.2486384105160797,1,2.5173044045280353,1,-0.9775818901137808,1,1.336634642440867,1.0,1.0706277551826888,1.0,2.3370632395449493,1.0,1.239928245460851,1,0.2718152430022334,1,0.0086034879776938,0,1.261731592667794,0,27,2,1,11591,337080000,2080740.740740741,71.54938271604938,7.4074074074074066,3.7037037037037033,3.7037037037037033,1.2773761590671846,수요+/공급+,A 총시장·점포·점포당 증가,A 총시장·점포·점포당 증가,수요+/공급+,0.176125012070347,1.3647776699820415,0.001351312365388,0.2239852367032836,0.0303132124899066,0.0022168191760312,-0.0021771230390977,0.0485589144951878,0.75,0.5509803921568628,0.9,0.6784313725490196,0.6588235294117647,0.1588235294117647,False,True,False,False,False,일반 관찰지역
강원특별자치도,횡성군,제과점,HIGH,3.765575661928576,1,3.865660957001112,1,5.571761095049836,1,-1.710860380073672,1,3.7648617694402207,1.0,3.86494637594008,1.0,5.5710347762610715,1.0,0.0,0,3.765575661928624,1,3.865660957001128,1,5.571761095049814,1,11,0,0,14755,271930000,4120151.515151515,223.56060606060603,0.0,0.0,0.0,5.571761095049836,수요+/공급+,A 총시장·점포·점포당 증가,부호 강건성 미충족,부호 강건성 미충족,0.0006879905935204,1.0371019430541757,0.0028937888484748,0.237422413305104,-0.0448735382505589,-0.0018766794000245,0.0009054082003732,0.0303811703698988,0.375,0.1141732283464567,0.10236220472440945,0.8267716535433071,0.8307086614173228,0.11614173228346457,False,False,False,False,False,일반 관찰지역
강원특별자치도,횡성군,중국음식,HIGH,-0.0020029462400873,0,-0.2644959333239602,0,1.860166591507592,1,-1.8281626665854576,1,-0.0026909183203403,0.0,-0.2651820994896083,0.0,1.8594658079642297,1.0,-0.607705885834747,1,0.6094063377779865,0,0.3453084120550979,0,2.482961581013187,1,38,1,2,11348,326080000,1430175.4385964912,49.77192982456141,2.631578947368421,5.263157894736842,-2.631578947368421,2.4678724773423393,수요+/공급-,D 기타·동반감소,부호 강건성 미충족,수요+/공급-,0.0006879905935204,1.0371019430541757,0.0028937888484748,0.237422413305104,-0.0448735382505589,-0.0018766794000245,0.0009054082003732,0.0303811703698988,0.375,0.788235294117647,0.44509803921568625,0.396078431372549,0.5333333333333333,0.24705882352941178,True,False,False,False,False,관측변수로 미설명
경기도,가평군,제과점,HIGH,3.7159385758079897,1,3.815975994285761,1,4.669173676551151,1,-0.9107123590073264,1,3.7081030759064486,1.0,3.8081329367880494,1.0,4.6612661619367435,1.0,0.0,0,3.715938575807947,1,3.815975994285793,1,4.66917367655117,1,21,1,1,33886,565570000,4488650.793650794,268.93650793650795,4.761904761904762,4.761904761904762,0.0,4.669173676551151,수요+/공급+,A 총시장·점포·점포당 증가,부호 강건성 미충족,부호 강건성 미충족,0.0075553401027739,0.5187202280064209,0.0015495731950112,-0.1394679749172082,0.0625565879140438,0.0022563268161037,-0.004092392874369,0.0208716845224899,0.0,0.4271653543307087,0.36023622047244097,0.8228346456692913,0.7874015748031497,0.2618110236220472,False,False,False,False,False,일반 관찰지역
경기도,가평군,중국음식,HIGH,5.287256310949917,1,5.010879111153897,1,5.199300607577371,1,0.0836086389021563,0,5.279302101618324,1.0,5.002945781482189,1.0,5.191353043096236,1.0,0.321556685778562,0,4.949783266147505,1,4.674291927170728,1,4.8621094836841365,1,44,1,0,21623,620980000,2352196.9696969697,81.90530303030303,2.272727272727273,0.0,2.272727272727273,4.877743921798809,수요+/공급+,A 총시장·점포·점포당 증가,부호 강건성 미충족,부호 강건성 미충족,0.0075553401027739,0.5187202280064209,0.0015495731950112,-0.1394679749172082,0.0625565879140438,0.0022563268161037,-0.004092392874369,0.0208716845224899,0.0,0.09411764705882353,0.39019607843137255,0.9098039215686274,0.8823529411764706,0.2803921568627451,False,False,False,False,False,일반 관찰지역
경기도,고양시 덕양구,제과점,HIGH,-1.9961866919608175,1,-1.9016588053221417,1,-1.0494564562995476,1,-0.9567711320788622,1,-1.9076257554365383,1.0,-1.813012448875057,1.0,-0.9600400090203844,1.0,0.5567850907723084,1,-2.5388359228356037,1,-2.4448314391467543,1,-1.5973477529357312,1,171,18,11,308514,3584370000,3493538.0116959065,300.69590643274853,10.526315789473683,6.432748538011696,4.093567251461988,-1.606241547071856,수요-/공급+,C 총시장 감소/점포 증가,C 총시장 감소/점포 증가,수요-/공급+,-0.0902832021411415,0.1520004962986877,2.8233388420882493e-05,-0.0086913576408048,0.136235943990398,0.0023003549723602,-0.0039007223351369,0.0173816038007748,1.0,0.5511811023622047,0.7263779527559056,0.12598425196850394,0.07874015748031496,0.9133858267716536,False,False,True,True,True,일반 관찰지역
경기도,고양시 덕양구,중국음식,HIGH,-0.4720905157118231,1,-0.733349531176962,1,0.6832565844010687,1,-1.1475066851302766,1,-0.3821523329338987,1.0,-0.6436474345501787,1.0,0.77423879411775,1.0,0.5270162725123386,1,-0.9938689371976972,1,-1.253758293464721,1,0.1554212167853372,0,182,11,7,111116,3035250000,2779532.967032967,101.75457875457874,6.043956043956044,3.8461538461538463,2.197802197802198,0.1562403118887301,수요+/공급+,C 총시장 감소/점포 증가,C 총시장 감소/점포 증가,수요+/공급+,-0.0902832021411415,0.1520004962986877,2.8233388420882493e-05,-0.0086913576408048,0.136235943990398,0.0023003549723602,-0.0039007223351369,0.0173816038007748,1.0,0.5980392156862745,0.8313725490196079,0.30980392156862746,0.3215686274509804,0.8686274509803922,False,True,False,False,True,일반 관찰지역
경기도,고양시 일산동구,제과점,HIGH,-0.6396474271459711,1,-0.543811113972419,1,1.447994007136304,1,-2.057843976821672,1,-0.7105744073394578,1.0,-0.6148065055605567,1.0,1.3755767936774626,1.0,-0.1082505365787732,1,-0.5319727539277675,1,-0.4360325850066242,0,1.557931012395515,1,134,11,11,186030,2261120000,2812338.3084577112,231.38059701492537,8.208955223880597,8.208955223880597,0.0,1.5562445437150774,수요+/공급-,D 기타·동반감소,D 기타·동반감소,수요+/공급-,0.0714345760086001,0.1453072812182147,0.0002955204701951,0.0122623745563841,0.2938381191288431,0.0011756831194723,-0.0018924256420777,0.0122960709844186,0.6666666666666667,0.6653543307086615,0.6122047244094488,0.2874015748031496,0.35826771653543305,0.7913385826771654,False,False,False,False,True,일반 관찰지역
경기도,고양시 일산동구,중국음식,HIGH,-1.89755615661971,1,-2.1550733497974255,1,-0.8355582865660226,1,-1.070946250191828,1,-1.9675851964855795,1.0,-2.2249185646628225,1.0,-0.9063454185676942,1.0,0.3551211237799837,1,-2.24470585573921,1,-2.501311787049969,1,-1.1864660188864613,1,118,11,7,78732,2527800000,3570338.9830508474,111.20338983050848,9.322033898305085,5.932203389830509,3.389830508474576,-1.1906794103460063,수요-/공급+,C 총시장 감소/점포 증가,C 총시장 감소/점포 증가,수요-/공급+,0.0714345760086001,0.1453072812182147,0.0002955204701951,0.0122623745563841,0.2938381191288431,0.0011756831194723,-0.0018924256420777,0.0122960709844186,0.6666666666666667,0.8568627450980392,0.9568627450980393,0.10588235294117647,0.10980392156862745,0.6568627450980392,True,True,True,True,False,고회전+수요취약 후보
경기도,고양시 일산서구,제과점,HIGH,-1.4971826690772314,1,-1.4021734767207856,1,0.6725707927936064,1,-2.155257827215578,1,-1.3842643477307066,1.0,-1.2891462419563249,1.0,0.7879764025780488,1.0,0.7000414878350179,1,-2.1819496044374995,1,-2.0876008922099154,1,-0.0272797256441246,0,84,15,11,180652,2225900000,4416468.253968254,358.43650793650795,17.857142857142858,13.095238095238097,4.761904761904762,-0.0274706950414114,수요+/공급+,C 총시장 감소/점포 증가,C 총시장 감소/점포 증가,수요+/공급+,-0.1145033504030994,-0.0719216165364777,-0.0001480993835599,0.0601927666468332,0.1604644679328631,0.0027671908682484,-0.0039613412809375,0.0205457363096698,1.0,0.8799212598425197,0.9251968503937008,0.16141732283464566,0.2440944881889764,0.639763779527559,True,True,True,True,False,고회전+수요취약 후보
경기도,고양시 일산서구,중국음식,HIGH,-0.543169484874553,1,-0.8042419192931897,1,0.0239903399499693,0,-0.5670237938887711,1,-0.4291575342266377,1.0,-0.6905292480145602,1.0,0.1386524520560992,1.0,0.1014896743540805,0,-0.6440055600828832,1,-0.9048133015739857,1,-0.0774207603265682,0,83,6,5,55081,1522250000,3056726.9076305223,110.60441767068272,7.228915662650602,6.024096385542169,1.2048192771084338,-0.0774993344041112,수요+/공급+,C 총시장 감소/점포 증가,부호 강건성 미충족,부호 강건성 미충족,-0.1145033504030994,-0.0719216165364777,-0.0001480993835599,0.0601927666468332,0.1604644679328631,0.0027671908682484,-0.0039613412809375,0.0205457363096698,1.0,0.8627450980392157,0.8901960784313725,0.2980392156862745,0.2196078431372549,0.47843137254901963,True,True,False,True,False,고회전 교체시장 후보
경기도,과천시,제과점,HIGH,1.677306625945219,1,1.7753777171613794,1,3.961788933366993,1,-2.197424968212113,1,1.4853227808606084,1.0,1.5832086973724917,1.0,3.765491601704509,1.0,0.5406035584908253,0,1.1305910519953215,1,1.2281348181405891,1,3.40278977227926,1,26,1,0,54177,694670000,4453012.82051282,347.28846153846155,3.8461538461538463,0.0,3.8461538461538463,3.421185374876168,수요+/공급+,A 총시장·점포·점포당 증가,부호 강건성 미충족,부호 강건성 미충족,0.1891740005588495,-0.3084067785697515,0.0005716212676389,0.197025265013715,0.0809510169616765,0.0041626072413567,-0.0070052705916177,0.0391509502267097,0.2222222222222222,0.1141732283464567,0.28346456692913385,0.6653543307086615,0.6968503937007874,0.3090551181102362,False,False,False,False,False,일반 관찰지역
경기도,과천시,중국음식,HIGH,0.7460452516419646,1,0.481588651168493,1,1.0812837810261413,0,-0.3316524254979012,1,0.5558197845607562,1.0,0.2918625225995124,1.0,0.8904253272537395,0.0,0.1270857214670303,0,0.618173919389552,1,0.3540529789188281,0,0.952986949219207,0,23,3,3,18446,459820000,3332028.9855072466,133.66666666666669,13.043478260869565,13.043478260869565,0.0,0.954198059559111,수요+/공급+,A 총시장·점포·점포당 증가,부호 강건성 미충족,부호 강건성 미충족,0.1891740005588495,-0.3084067785697515,0.0005716212676389,0.197025265013715,0.0809510169616765,0.0041626072413567,-0.0070052705916177,0.0391509502267097,0.2222222222222222,1.0,0.9921568627450981,0.5333333333333333,0.39215686274509803,0.09019607843137255,True,True,False,False,False,고회전 교체시장 후보
경기도,광명시,제과점,HIGH,-1.4588286273673277,0,-1.3637824412819688,0,0.1699700457017897,0,-1.6260349008051167,1,-1.8291118698986848,1.0,-1.7344228341240102,0.0,-0.2064336523274296,0.0,0.9665173340292588,1,-2.4021289685300253,1,-2.307992626507881,0,-0.788922218335248,0,83,6,1,190237,2163820000,4345020.080321285,382.0020080321285,7.228915662650602,1.2048192771084338,6.024096385542169,-0.7965472883274691,수요+/공급+,C 총시장 감소/점포 증가,부호 강건성 미충족,부호 강건성 미충족,0.3771823292874872,0.1843423771829529,0.0002854030562809,0.0100548588167783,0.0972301243893117,0.0012165555247809,-0.0022123732631162,0.0098423544464921,0.8,0.23818897637795275,0.5511811023622047,0.16535433070866143,0.16929133858267717,0.6299212598425197,False,False,True,True,False,일반 관찰지역
경기도,광명시,중국음식,HIGH,-0.3292486591895632,0,-0.5908826320208477,1,0.0410983705756903,0,-0.3701948856993423,1,-0.7037764680021034,1.0,-0.964427311909032,1.0,-0.3348210727904711,0.0,0.0,0,-0.3292486591896036,0,-0.5908826320208678,1,0.0410983705757284,0,79,3,4,72831,1972540000,4161476.7932489454,153.65189873417722,3.79746835443038,5.063291139240507,-1.2658227848101269,0.0410983705756903,수요+/공급+,C 총시장 감소/점포 증가,부호 강건성 미충족,부호 강건성 미충족,0.3771823292874872,0.1843423771829529,0.0002854030562809,0.0100548588167783,0.0972301243893117,0.0012165555247809,-0.0022123732631162,0.0098423544464921,0.8,0.7764705882352941,0.6,0.3254901960784314,0.2235294117647059,0.45098039215686275,True,False,False,True,False,관측변수로 미설명
경기도,광주시,제과점,HIGH,-0.5607038007681652,1,-0.4647913438824114,1,1.3680843997924863,1,-1.9027568805124235,1,-0.6477308999250394,1.0,-0.5519023835257186,1.0,1.279369267349019,1.0,0.6441597132759888,1,-1.197151943517355,1,-1.101853361702953,1,0.7192913017296289,1,83,4,1,149948,1968100000,3952008.0321285143,301.1004016064257,4.819277108433735,1.2048192771084338,3.614457831325301,0.7239246865164976,수요+/공급+,C 총시장 감소/점포 증가,C 총시장 감소/점포 증가,수요+/공급+,0.0875944756422007,0.252042535581136,0.0002436315720923,-0.0031438722931452,0.076548193559234,0.0011414362657342,-0.0016245785707531,0.0207263541536954,0.6666666666666667,0.23818897637795275,0.36811023622047245,0.2992125984251969,0.33070866141732286,0.6299212598425197,False,False,False,False,False,일반 관찰지역
경기도,광주시,중국음식,HIGH,-0.438224856152423,1,-0.6995727683794288,1,0.7568528704609129,1,-1.1861006894983062,1,-0.5253591462052694,1.0,-0.7864783324502929,1.0,0.6686726744957159,1.0,-0.484865651088988,1,0.0468680419733965,1,-0.2157532305967394,0,1.2477685225206838,1,159,6,8,103695,2926230000,3067327.044025157,108.69496855345912,3.7735849056603774,5.031446540880504,-1.257861635220126,1.241718521549901,수요+/공급-,D 기타·동반감소,D 기타·동반감소,수요+/공급-,0.0875944756422007,0.252042535581136,0.0002436315720923,-0.0031438722931452,0.076548193559234,0.0011414362657342,-0.0016245785707531,0.0207263541536954,0.6666666666666667,0.7686274509803922,0.5941176470588235,0.3176470588235294,0.33725490196078434,0.8,True,False,False,False,True,고밀도 경쟁 후보
경기도,구리시,제과점,HIGH,0.4367945432749381,0,0.5336691199722605,1,1.9997628224667112,1,-1.5323254054150302,1,0.2259189123399125,0.0,0.3225900925869766,0.0,1.7856056060976755,1.0,0.0940533368694518,0,0.3424191497690969,1,0.4392026983094662,1,1.9039187864473008,1,58,5,5,93018,1030810000,2962097.701149425,267.2931034482759,8.620689655172415,8.620689655172415,0.0,1.9057094855972592,수요+/공급+,A 총시장·점포·점포당 증가,부호 강건성 미충족,부호 강건성 미충족,0.2104002968728164,0.1369143261400336,0.0004582158175358,0.0407029104286682,0.1298884691867454,0.0016845073331683,-0.0024731960800635,0.0187433769218748,0.6666666666666667,0.6948818897637795,0.6377952755905512,0.47244094488188976,0.44881889763779526,0.4881889763779528,False,False,False,False,False,일반 관찰지역
경기도,구리시,중국음식,HIGH,0.1133963087568442,1,-0.1493995993459079,1,1.0976348753883824,1,-0.9735525147000113,1,-0.0968003199554273,0.0,-0.3590444655972353,1.0,0.8853717537173246,1.0,-0.3752556968181217,0,0.4904926070252747,1,0.2267068277584428,1,1.4784384968900417,1,76,2,3,49132,1284060000,2815921.052631579,107.74561403508773,2.631578947368421,3.9473684210526314,-1.3157894736842104,1.4728905722065042,수요+/공급-,D 기타·동반감소,부호 강건성 미충족,부호 강건성 미충족,0.2104002968728164,0.1369143261400336,0.0004582158175358,0.0407029104286682,0.1298884691867454,0.0016845073331683,-0.0024731960800635,0.0187433769218748,0.6666666666666667,0.6235294117647059,0.44509803921568625,0.40784313725490196,0.403921568627451,0.4411764705882353,False,False,False,False,False,일반 관찰지역
경기도,군포시,제과점,HIGH,-1.3808244715523874,1,-1.2857030479047524,1,0.1660180731675078,0,-1.5442787628734227,1,-1.2572720021432418,1.0,-1.1620314080937229,0.0,0.2915084640322096,0.0,-0.3293795722069325,0,-1.0549195889747094,1,-0.959483819397554,1,0.4970347763946665,1,79,2,4,200104,2038080000,4299746.835443038,422.1603375527426,2.5316455696202533,5.063291139240507,-2.5316455696202533,0.4953976453744403,수요+/공급-,D 기타·동반감소,부호 강건성 미충족,부호 강건성 미충족,-0.1251256390362158,0.043230516011105,0.0002517471892041,0.0158168257829885,0.1193254415640514,0.0017204573089053,-0.0030034413631115,0.0167886581448036,0.6666666666666667,0.4566929133858268,0.24015748031496062,0.17716535433070865,0.16535433070866143,0.6122047244094488,False,False,True,True,False,일반 관찰지역
경기도,군포시,중국음식,HIGH,-0.7642500030081189,1,-1.0247421049470584,1,-0.0364408172901884,0,-0.7280745020169116,1,-0.6399250743104619,1.0,-0.9007435270050802,1.0,0.0887959282186516,1.0,0.0,0,-0.7642500030081039,1,-1.0247421049470786,1,-0.0364408172901783,0,109,2,3,74596,1843840000,2819327.2171253823,114.0611620795107,1.834862385321101,2.752293577981652,-0.9174311926605504,-0.0364408172901884,수요-/공급+,C 총시장 감소/점포 증가,부호 강건성 미충족,부호 강건성 미충족,-0.1251256390362158,0.043230516011105,0.0002517471892041,0.0158168257829885,0.1193254415640514,0.0017204573089053,-0.0030034413631115,0.0167886581448036,0.6666666666666667,0.43137254901960786,0.34901960784313724,0.26666666666666666,0.20784313725490197,0.5980392156862745,False,False,False,True,False,일반 관찰지역
경기도,김포시,제과점,HIGH,-1.8811903602042237,1,-1.7865515558385097,1,0.3661256159455479,1,-2.239117991611252,1,-1.8518238903137856,1.0,-1.757156761026402,1.0,0.396164696288475,1.0,-0.5189969728622744,1,-1.3693000129586297,1,-1.2741674735933934,1,0.8897403141043696,1,153,8,9,287679,3532400000,3847930.283224401,313.37581699346407,5.228758169934641,5.88235294117647,-0.6535947712418301,0.8851225888078222,수요+/공급-,D 기타·동반감소,D 기타·동반감소,수요+/공급-,-0.0299205457039049,0.1087993263177631,-1.660265618428517e-05,0.0067633292438584,0.2510208163928245,0.0025977504252497,-0.0035929332779194,0.0152749263637111,0.8888888888888888,0.5196850393700787,0.38976377952755903,0.13385826771653545,0.19291338582677164,0.8641732283464567,False,False,True,True,True,일반 관찰지역
경기도,김포시,중국음식,HIGH,-1.2636751906309207,1,-1.5228563102184285,1,-0.1079579726213881,1,-1.1569662553227174,1,-1.2341239015330467,1.0,-1.4933825927357145,1.0,-0.0780607831297598,1.0,-0.3224082847116539,1,-0.944311444249046,1,-1.204330888065238,1,0.2151439540220993,1,206,8,11,139326,3868440000,3129805.825242718,112.72330097087378,3.883495145631067,5.339805825242718,-1.4563106796116505,0.2144503120902657,수요-/공급-,D 기타·동반감소,D 기타·동반감소,수요-/공급-,-0.0299205457039049,0.1087993263177631,-1.660265618428517e-05,0.0067633292438584,0.2510208163928245,0.0025977504252497,-0.0035929332779194,0.0152749263637111,0.8888888888888888,0.8,0.6039215686274509,0.2,0.2,0.8980392156862745,True,False,True,True,True,수요취약 후보
경기도,남양주시,제과점,HIGH,0.424496828879491,1,0.5213595440286036,1,2.057577351456677,1,-1.600156073618484,1,0.4848014108768967,1.0,0.5817222917697792,1.0,2.118862592968388,1.0,-0.8996423286685465,1,1.336159816838948,1,1.4339018607883658,1,2.9840655973542556,1,265,18,25,319406,3947430000,2482660.3773584906,200.88427672955976,6.7924528301886795,9.433962264150944,-2.6415094339622645,2.9572196801252235,수요+/공급-,D 기타·동반감소,D 기타·동반감소,수요+/공급-,-0.0600136350479797,0.1556621237945562,0.0002158860002105,0.0350165812099961,0.2076861095131682,0.0014761215514026,-0.0022038891904493,0.0130189503419145,0.7777777777777778,0.7440944881889764,0.531496062992126,0.468503937007874,0.4645669291338583,0.9881889763779528,False,False,False,False,True,일반 관찰지역
경기도,남양주시,중국음식,HIGH,-0.2271994920821882,0,-0.4891013421859447,0,0.276927168945406,0,-0.5027344527403528,1,-0.1672862515947487,0.0,-0.4293453729031672,0.0,0.3371431358445513,0.0,0.306487454749291,1,-0.5320562611389132,1,-0.7931578675747848,1,-0.0294699640610983,1,249,17,12,136407,3646930000,2441050.8701472557,91.30321285140562,6.827309236947792,4.819277108433735,2.0080321285140563,-0.029560285803885,수요+/공급+,C 총시장 감소/점포 증가,부호 강건성 미충족,부호 강건성 미충족,-0.0600136350479797,0.1556621237945562,0.0002158860002105,0.0350165812099961,0.2076861095131682,0.0014761215514026,-0.0022038891904493,0.0130189503419145,0.7777777777777778,0.7490196078431373,0.8666666666666667,0.35294117647058826,0.2549019607843137,0.9529411764705882,False,True,False,False,True,일반 관찰지역
경기도,동두천시,제과점,HIGH,-0.5591712077982272,0,-0.463257272676285,0,1.5461584856655093,1,-2.073273597800275,1,-0.5416861092838116,0.0,-0.4457553092119479,0.0,1.5640137731409405,1.0,0.2839589460014468,0,-0.8407427894361891,1,-0.745100439323623,0,1.2586255597903937,0,21,3,2,42375,525380000,4169682.539682539,336.3095238095238,14.285714285714285,9.523809523809524,4.761904761904762,1.2621995396640624,수요+/공급+,C 총시장 감소/점포 증가,부호 강건성 미충족,부호 강건성 미충족,-0.0175803287129823,-0.1944181210038974,-0.0006971512445757,0.0129352230266804,0.0881442916223741,0.0016970568652511,-0.0015534307727876,0.0205945665277035,0.5555555555555556,0.7480314960629921,0.8582677165354331,0.3031496062992126,0.3779527559055118,0.2618110236220472,False,True,False,False,False,일반 관찰지역
경기도,동두천시,중국음식,HIGH,0.0909660884002069,0,-0.1717709407678082,0,2.4882146122842266,1,-2.3390479900082983,1,0.108565503285546,1.0,-0.1542177240376326,0.0,2.5062355454444405,1.0,-0.3003111497655349,0,0.3924558267714372,1,0.1289273923319978,0,2.7969252403972957,1,47,3,3,18689,504890000,1790390.0709219857,66.27304964539007,6.382978723404255,6.382978723404255,0.0,2.7885257620497614,수요+/공급-,D 기타·동반감소,부호 강건성 미충족,부호 강건성 미충족,-0.0175803287129823,-0.1944181210038974,-0.0006971512445757,0.0129352230266804,0.0881442916223741,0.0016970568652511,-0.0015534307727876,0.0205945665277035,0.5555555555555556,0.9019607843137255,0.8431372549019608,0.403921568627451,0.6509803921568628,0.2980392156862745,True,True,False,False,False,고회전 교체시장 후보
경기도,부천시 소사구,제과점,HIGH,-0.8415190090055467,1,-0.745877407582154,1,0.6286981339633956,1,-1.4610316641597156,1,-0.7470900247927844,1.0,-0.6513573435224628,1.0,0.7245272113400716,1.0,1.4780319477675414,1,-2.2857665962294034,1,-2.1915180188894077,1,-0.8369632298755361,1,60,8,3,131824,1429700000,3971388.888888889,366.1777777777778,13.333333333333334,5.0,8.333333333333332,-0.8493338138041459,수요+/공급+,C 총시장 감소/점포 증가,C 총시장 감소/점포 증가,수요+/공급+,-0.0951397638984411,-0.0104372761325989,-0.000447956470532,-0.0238171801738899,0.0860983711467938,0.0015623934564279,-0.0014596490759233,0.0196047219437879,0.5555555555555556,0.4507874015748031,0.8110236220472441,0.2440944881889764,0.22440944881889763,0.49606299212598426,False,True,True,True,False,일반 관찰지역
경기도,부천시 소사구,중국음식,HIGH,0.5454175296681617,0,0.281487573443439,0,2.756145575693888,1,-2.151431462945688,1,0.6411672986206994,0.0,0.3769860009330725,0.0,2.854000629052483,1.0,0.0158827375256935,1,0.5294507008773072,0,0.2655626572978977,0,2.73982767852936,1,170,9,9,69004,2188130000,2145225.490196078,67.65098039215685,5.294117647058823,5.294117647058823,0.0,2.740262838168195,수요+/공급+,A 총시장·점포·점포당 증가,부호 강건성 미충족,수요+/공급+,-0.0951397638984411,-0.0104372761325989,-0.000447956470532,-0.0238171801738899,0.0860983711467938,0.0015623934564279,-0.0014596490759233,0.0196047219437879,0.5555555555555556,0.792156862745098,0.7725490196078432,0.4980392156862745,0.6941176470588235,0.8313725490196079,True,True,False,False,True,고회전 교체시장 후보
경기도,부천시 오정구,제과점,HIGH,-2.0045800174527297,1,-1.9100602264512827,1,-0.9172228467910608,1,-1.097422985006106,1,-2.010279280805761,1.0,-1.9157649869304425,1.0,-0.9229853491696756,1.0,0.3921809416656884,0,-2.3873980390077354,1,-2.2932474885217777,1,-1.304288617076235,1,35,3,1,78110,883900000,4209047.6190476185,371.95238095238096,8.571428571428571,2.857142857142857,5.714285714285714,-1.309403788456749,수요-/공급+,C 총시장 감소/점포 증가,부호 강건성 미충족,부호 강건성 미충족,0.0058161849132786,0.0832005667897096,0.0002639128937792,0.0576407998766247,0.0562455358705319,0.0007161228787626,-0.0014960363947673,0.0175726016093166,0.8888888888888888,0.3188976377952756,0.6299212598425197,0.1220472440944882,0.08661417322834646,0.36220472440944884,False,False,True,True,False,일반 관찰지역
경기도,부천시 오정구,중국음식,HIGH,-0.0862290939748939,0,-0.3485009888993351,1,0.5699949940139913,1,-0.6525048430478189,1,-0.0920399256758961,0.0,-0.3542965672691124,1.0,0.5641459973263311,1.0,0.0,0,-0.086229093974899,0,-0.3485009888993452,1,0.5699949940139938,1,58,1,1,40158,936560000,2691264.367816092,115.39655172413794,1.7241379310344829,1.7241379310344829,0.0,0.5699949940139913,수요+/공급+,C 총시장 감소/점포 증가,부호 강건성 미충족,부호 강건성 미충족,0.0058161849132786,0.0832005667897096,0.0002639128937792,0.0576407998766247,0.0562455358705319,0.0007161228787626,-0.0014960363947673,0.0175726016093166,0.8888888888888888,0.26666666666666666,0.3333333333333333,0.3803921568627451,0.2980392156862745,0.3568627450980392,False,False,False,False,False,일반 관찰지역
경기도,부천시 원미구,제과점,HIGH,-1.0227913944681128,1,-0.9273246361954548,1,0.1398157555773016,1,-1.1609839116172158,1,-0.9402645357157752,1.0,-0.8447181775858869,1.0,0.2233119922036272,1.0,-0.2903036577623116,1,-0.7346203665003735,0,-0.6388756578363546,0,0.4313717011666491,1,160,12,15,305127,3464300000,3608645.8333333335,317.840625,7.5,9.375,-1.875,0.4301194133396132,수요+/공급-,D 기타·동반감소,부호 강건성 미충족,수요+/공급-,-0.0833101949702181,0.0483694563514897,-0.0001737575831641,0.1029259763801614,0.2075724283659482,0.0013780412186843,-0.0021592732654389,0.0162349100052148,0.6666666666666667,0.7362204724409449,0.5688976377952756,0.2283464566929134,0.14960629921259844,0.889763779527559,False,False,True,True,True,일반 관찰지역
경기도,부천시 원미구,중국음식,HIGH,4.023332347227792,1,3.7502729256519625,1,2.664494436302205,1,1.3235714239733063,1,4.110066646734835,1.0,3.836779549145133,1.0,2.7500957413964753,1.0,0.7540648283717598,1,3.2447996261243173,1,2.9737838392764107,1,1.896131546836113,1,232,17,9,136412,3793780000,2725416.6666666665,97.9971264367816,7.327586206896551,3.8793103448275863,3.4482758620689653,1.9104296079304453,수요+/공급+,A 총시장·점포·점포당 증가,A 총시장·점포·점포당 증가,수요+/공급+,-0.0833101949702181,0.0483694563514897,-0.0001737575831641,0.1029259763801614,0.2075724283659482,0.0013780412186843,-0.0021592732654389,0.0162349100052148,0.6666666666666667,0.611764705882353,0.8941176470588236,0.8862745098039215,0.6784313725490196,0.9294117647058824,False,True,False,False,True,일반 관찰지역
경기도,성남시 분당구,제과점,HIGH,-0.0654061551067676,0,0.0309840325746162,0,1.6945157774159287,1,-1.7305966984244352,1,0.024405742532851,0.0,0.1208825567300007,0.0,1.78590932883905,1.0,0.2006543915747093,1,-0.2655277535831034,1,-0.1693305897355094,1,1.490869889934375,1,226,21,20,488634,5685630000,4192942.4778761063,360.3495575221239,9.29203539823009,8.849557522123893,0.4424778761061947,1.4938613858412193,수요+/공급+,C 총시장 감소/점포 증가,부호 강건성 미충족,수요+/공급+,-0.0897899837273851,0.0724960239221362,-0.0001020587938318,0.0213128006696532,0.2747456681609637,0.0024953819098212,-0.004197278081552,0.0171956550661441,0.7777777777777778,0.7086614173228346,0.6889763779527559,0.3937007874015748,0.3937007874015748,0.9763779527559056,False,False,False,False,True,일반 관찰지역
경기도,성남시 분당구,중국음식,HIGH,-1.8078832974532584,1,-2.065635880312363,1,-0.928748695070058,1,-0.8873760962979562,1,-1.7196373758458177,1.0,-1.9776216027002236,1.0,-0.8397126892296664,1.0,0.6012945294559303,1,-2.39477815685942,1,-2.650990151013834,1,-1.5208981471684475,1,182,9,2,151094,5666710000,5189294.871794872,138.36446886446885,4.945054945054945,1.098901098901099,3.8461538461538463,-1.5300432245259885,수요-/공급+,C 총시장 감소/점포 증가,C 총시장 감소/점포 증가,수요-/공급+,-0.0897899837273851,0.0724960239221362,-0.0001020587938318,0.0213128006696532,0.2747456681609637,0.0024953819098212,-0.004197278081552,0.0171956550661441,0.7777777777777778,0.21568627450980393,0.7294117647058823,0.11372549019607843,0.09411764705882353,0.8686274509803922,False,False,True,True,True,일반 관찰지역
경기도,성남시 수정구,제과점,HIGH,-1.6132089985741809,1,-1.5183117174113063,0,0.5848923931706509,1,-2.185319623500527,1,-1.7020633438241006,1.0,-1.6072517655863836,0.0,0.4940529149779092,1.0,0.3580810076853019,1,-1.9642563772303536,1,-1.869697692757708,1,0.2260021148351929,0,71,4,3,182528,2216650000,5203403.755868545,428.4694835680751,5.633802816901409,4.225352112676056,1.4084507042253522,0.226811385485349,수요+/공급+,C 총시장 감소/점포 증가,C 총시장 감소/점포 증가,수요+/공급+,0.090392889487342,-0.159566419283468,-0.0012169461307086,0.0049700720579984,0.1040166127448954,0.0025539271018653,-0.0036823730891936,0.0238434689803035,0.5555555555555556,0.3956692913385827,0.41929133858267714,0.15748031496062992,0.2204724409448819,0.5511811023622047,False,False,True,True,False,일반 관찰지역
경기도,성남시 수정구,중국음식,HIGH,0.4496369051489744,1,0.1859583713824462,1,1.9057705901641475,1,-1.4289020892362725,1,0.358919577884252,1.0,0.0954791755095176,1.0,1.8137382103007984,1.0,0.0429198319157762,1,0.4065425858386876,1,0.1429771739039804,1,1.8620515688448465,1,131,6,10,89615,2454390000,3122633.5877862596,114.01399491094148,4.580152671755725,7.633587786259542,-3.0534351145038165,1.8628507582483715,수요+/공급+,A 총시장·점포·점포당 증가,A 총시장·점포·점포당 증가,수요+/공급+,0.090392889487342,-0.159566419283468,-0.0012169461307086,0.0049700720579984,0.1040166127448954,0.0025539271018653,-0.0036823730891936,0.0238434689803035,0.5555555555555556,0.9372549019607843,0.6980392156862745,0.49019607843137253,0.5450980392156862,0.6901960784313725,True,False,False,False,False,관측변수로 미설명
경기도,성남시 중원구,제과점,HIGH,0.3617696128873355,0,0.458571825582877,0,1.5999274668462848,1,-1.2186601750901798,1,0.6468822887204291,0.0,0.7439595019266262,1.0,1.8885575627110205,1.0,-0.867892392803136,1,1.2404275823155897,1,1.3380772893904591,1,2.4894253932620227,1,64,2,5,122657,1337620000,3483385.4166666665,319.4192708333333,3.125,7.8125,-4.6875,2.467819859649421,수요+/공급-,D 기타·동반감소,부호 강건성 미충족,수요+/공급-,-0.2832801864793503,-0.0200729341079112,-0.0002146604825967,0.0111415988763058,0.1173343489634135,0.0007967411482348,-0.0009267250326156,0.0183968022179442,0.8888888888888888,0.6259842519685039,0.25196850393700787,0.46062992125984253,0.3858267716535433,0.5039370078740157,False,False,False,False,False,일반 관찰지역
경기도,성남시 중원구,중국음식,HIGH,-0.6980958964880524,1,-0.9587616517954588,1,0.8513233137221468,0,-1.536339989699803,1,-0.4159941389813009,1.0,-0.6774004064507038,1.0,1.1378267379064564,1.0,0.4855958417028178,1,-1.177971557292182,1,-1.437377647412869,1,0.3639600969232172,0,93,4,2,70925,1819350000,3260483.870967742,127.1057347670251,4.301075268817205,2.1505376344086025,2.1505376344086025,0.3657274720193289,수요+/공급+,C 총시장 감소/점포 증가,C 총시장 감소/점포 증가,부호 강건성 미충족,-0.2832801864793503,-0.0200729341079112,-0.0002146604825967,0.0111415988763058,0.1173343489634135,0.0007967411482348,-0.0009267250326156,0.0183968022179442,0.8888888888888888,0.34509803921568627,0.6431372549019608,0.2784313725490196,0.3607843137254902,0.5372549019607843,False,False,False,False,False,일반 관찰지역
경기도,수원시 권선구,제과점,HIGH,-3.2377653097106665,1,-3.144434966298811,1,0.7316163126587273,1,-3.940551901846704,1,-3.2132695156588933,1.0,-3.119915545251694,1.0,0.7571169734857109,1.0,1.1100528613607856,1,-4.300084954987698,1,-4.207779253654705,1,-0.3742818226205289,0,99,14,9,185353,2452240000,4128350.168350169,312.04208754208753,14.14141414141414,9.090909090909092,5.05050505050505,-0.3784365487020583,수요+/공급+,C 총시장 감소/점포 증가,C 총시장 감소/점포 증가,수요+/공급+,-0.0253090417758947,0.1813531745876717,0.0001663046424805,-0.0386471390935754,0.1148156626404762,0.0010211830202918,-0.0017254668906667,0.0113024478954632,0.7777777777777778,0.7263779527559056,0.8464566929133859,0.05905511811023622,0.25984251968503935,0.687007874015748,False,True,True,False,False,일반 관찰지역
경기도,수원시 권선구,중국음식,HIGH,-0.1457529867036726,0,-0.4078686324544745,1,1.006306966940681,1,-1.1405821955468651,1,-0.1204744358530771,0.0,-0.3826564373561759,1.0,1.0318771669398046,1.0,-1.417408142571419,1,1.2899388542216972,1,1.0240545425879637,1,2.458562981400705,1,127,3,10,90148,2414300000,3168372.703412073,118.30446194225722,2.3622047244094486,7.874015748031496,-5.511811023622047,2.4237151095120995,수요+/공급-,D 기타·동반감소,부호 강건성 미충족,수요+/공급-,-0.0253090417758947,0.1813531745876717,0.0001663046424805,-0.0386471390935754,0.1148156626404762,0.0010211830202918,-0.0017254668906667,0.0113024478954632,0.7777777777777778,0.9490196078431372,0.41568627450980394,0.3686274509803922,0.37254901960784315,0.6764705882352942,True,False,False,False,False,관측변수로 미설명
경기도,수원시 영통구,제과점,HIGH,0.1948547446918963,0,0.2914959625321818,0,2.3693344221849655,1,-2.1241514265641817,1,0.2007273821567992,0.0,0.297374264348216,0.0,2.375334510613835,1.0,1.117829879897979,1,-0.9127718981927972,1,-0.817199022513903,1,1.2376695027706188,1,141,28,16,288049,3589690000,4243132.387706855,340.48345153664303,19.858156028368796,11.347517730496454,8.51063829787234,1.2515045422869864,수요+/공급+,B 총시장·점포 증가/점포당 감소,부호 강건성 미충족,수요+/공급+,-0.0058608730877796,-0.1762665761642016,-0.001007285481578,0.064652738202655,0.2144625478252165,0.0002618815635703,0.0002132172642674,0.0321313321175348,0.7,0.8385826771653543,0.9488188976377953,0.43700787401574803,0.49606299212598426,0.8188976377952756,True,True,False,False,True,고회전 교체시장 후보
경기도,수원시 영통구,중국음식,HIGH,-1.4467178436848125,1,-1.7054184795208,1,0.2936497310068954,1,-1.7352719532687564,1,-1.4409414223451005,1.0,-1.6996572211857237,1.0,0.2995281590599665,1.0,0.5067818160299994,1,-1.9436495969899936,1,-2.2010457956957628,1,-0.212057416596246,0,122,11,6,98112,2904910000,3968456.2841530056,134.0327868852459,9.01639344262295,4.918032786885246,4.098360655737705,-0.2131320850231039,수요+/공급+,C 총시장 감소/점포 증가,C 총시장 감소/점포 증가,수요+/공급+,-0.0058608730877796,-0.1762665761642016,-0.001007285481578,0.064652738202655,0.2144625478252165,0.0002618815635703,0.0002132172642674,0.0321313321175348,0.7,0.7568627450980392,0.9450980392156862,0.16862745098039217,0.25882352941176473,0.6686274509803921,True,True,True,False,False,고회전+수요취약 후보
경기도,수원시 장안구,제과점,HIGH,-1.2323242197605535,1,-1.1370595627581292,1,0.7661294208200377,0,-1.9832593075344185,1,-1.1570499773126262,1.0,-1.0617127158388548,1.0,0.8429267535165992,0.0,0.3915067056388089,0,-1.61749831104799,1,-1.522605167067461,0,0.3731617618606642,1,84,16,11,166404,1844940000,3660595.238095238,330.1666666666667,19.047619047619047,13.095238095238097,5.952380952380952,0.3746227151812287,수요+/공급+,C 총시장 감소/점포 증가,부호 강건성 미충족,부호 강건성 미충족,-0.076155398468649,-0.2511370038774398,-0.0006648764757746,-0.0531087225490954,0.2015237034033553,0.0032727462623615,-0.0044153234168689,0.0311180552493657,0.4444444444444444,0.8799212598425197,0.9409448818897638,0.1968503937007874,0.2677165354330709,0.639763779527559,True,True,True,False,False,고회전+수요취약 후보
경기도,수원시 장안구,중국음식,HIGH,0.2889903172012071,0,0.0257334779083348,0,2.1422329570400693,1,-1.8143745110980265,1,0.3654240057775129,0.0,0.1019665293937204,0.0,2.22007906556741,1.0,0.0350053005643006,0,0.2538961395301428,0,-0.0092685781623169,0,2.106490273224284,1,84,3,2,86638,2500000000,4960317.460317461,171.90079365079364,3.571428571428571,2.380952380952381,1.1904761904761905,2.107227656475769,수요+/공급+,A 총시장·점포·점포당 증가,부호 강건성 미충족,부호 강건성 미충족,-0.076155398468649,-0.2511370038774398,-0.0006648764757746,-0.0531087225490954,0.2015237034033553,0.0032727462623615,-0.0044153234168689,0.0311180552493657,0.4444444444444444,0.3686274509803922,0.5568627450980392,0.45098039215686275,0.6039215686274509,0.48627450980392156,False,False,False,False,False,일반 관찰지역
경기도,수원시 팔달구,제과점,HIGH,-1.1106335537854417,0,-1.015251522151449,0,0.7510758148903502,1,-1.8478307587467304,1,-1.25770444046921,1.0,-1.1624642635206397,0.0,0.6012361446918307,1.0,1.7414898559306655,1,-2.8033041522733613,1,-2.709554756850661,1,-0.9734613110568556,1,92,17,7,165433,1741770000,3155380.434782609,299.69746376811594,18.478260869565215,7.608695652173914,10.869565217391305,-0.9904140410403156,수요+/공급+,C 총시장 감소/점포 증가,부호 강건성 미충족,수요+/공급+,0.1489441640488633,0.0955863955694216,9.85716952607669e-05,-0.0591354406548005,0.432721758948209,0.0016288452153417,-0.0026133833440745,0.0141875026842781,0.6666666666666667,0.6023622047244095,0.9330708661417323,0.21653543307086615,0.2637795275590551,0.6673228346456693,False,True,True,False,False,일반 관찰지역
경기도,수원시 팔달구,중국음식,HIGH,-0.3182455167904176,1,-0.5799083726774111,1,1.3840417129950666,1,-1.6790484981891345,1,-0.4664948639638242,1.0,-0.7277685679165252,1.0,1.2332606791371088,1.0,0.4854825472675992,1,-0.7998449563895504,1,-1.060243622200658,1,0.8942178939179415,1,143,13,6,136949,5015260000,5845291.375291375,159.6142191142191,9.090909090909092,4.195804195804196,4.895104895104895,0.8985591657274674,수요+/공급+,C 총시장 감소/점포 증가,C 총시장 감소/점포 증가,수요+/공급+,0.1489441640488633,0.0955863955694216,9.85716952607669e-05,-0.0591354406548005,0.432721758948209,0.0016288452153417,-0.0026133833440745,0.0141875026842781,0.6666666666666667,0.6745098039215687,0.9509803921568627,0.33725490196078434,0.44313725490196076,0.7509803921568627,False,True,False,False,True,일반 관찰지역
경기도,시흥시,제과점,HIGH,-0.4465996212043975,0,-0.350577107101545,0,1.308038379261618,1,-1.7319829981282224,1,-0.4568019049742218,0.0,-0.360789231308112,0.0,1.297656279285382,1.0,-0.5523834702026014,1,0.1063714271789769,1,0.202927299962545,1,1.870755594134125,1,140,6,9,349441,4206950000,5008273.80952381,416.00119047619046,4.285714285714286,6.428571428571428,-2.142857142857143,1.8604218494642193,수요+/공급-,D 기타·동반감소,부호 강건성 미충족,수요+/공급-,0.0102491018623719,0.0308461508378398,-0.0002266116736813,-0.0533228483073736,0.0669766167563664,0.0013712816749716,-0.0014413838460397,0.0183547679579676,0.4,0.547244094488189,0.32677165354330706,0.33858267716535434,0.3228346456692913,0.812992125984252,False,False,False,False,True,일반 관찰지역
경기도,시흥시,중국음식,HIGH,0.2384185754722059,1,-0.0247055138862615,0,1.444310969128346,1,-1.1887235293294458,1,0.2281460906846224,1.0,-0.0349510335815846,0.0,1.4339149038668662,1.0,-0.1459816543951577,1,0.3849622040616641,1,0.121453440250278,1,1.5926175529755326,1,296,7,11,285560,8985500000,5059403.153153153,160.7882882882883,2.364864864864865,3.716216216216216,-1.351351351351351,1.5902926235235038,수요+/공급-,D 기타·동반감소,D 기타·동반감소,수요+/공급-,0.0102491018623719,0.0308461508378398,-0.0002266116736813,-0.0533228483073736,0.0669766167563664,0.0013712816749716,-0.0014413838460397,0.0183547679579676,0.4,0.5568627450980392,0.4196078431372549,0.43529411764705883,0.4549019607843137,0.984313725490196,False,False,False,False,True,일반 관찰지역
경기도,안산시 단원구,제과점,HIGH,-0.7844034220535544,0,-0.6887067307765585,0,1.2343535162432462,1,-1.994142174250001,1,-0.7113788952365421,0.0,-0.615611769412547,0.0,1.3088638857630066,1.0,-0.550350787790773,1,-0.2353478731365998,0,-0.1391215998062535,0,1.79458079356895,1,103,4,5,266574,3116210000,5042411.003236245,431.3495145631068,3.883495145631067,4.854368932038835,-0.9708737864077668,1.7847043040340191,수요+/공급-,D 기타·동반감소,부호 강건성 미충족,수요+/공급-,-0.0735477298450304,0.0651419473291834,0.0002001370251226,-0.0500280846627843,0.0832662782884543,0.0016540624750339,-0.0020494090251806,0.0142912747430547,0.8,0.4409448818897638,0.29133858267716534,0.2559055118110236,0.3188976377952756,0.6929133858267716,False,False,False,False,False,일반 관찰지역
경기도,안산시 단원구,중국음식,HIGH,0.1483700897527486,0,-0.1145176239112417,1,1.159529836985252,1,-0.9995694413190324,1,0.222081155245866,0.0,-0.0410000486712646,0.0,1.2339851348836048,1.0,0.6657275326390002,1,-0.513936029239473,1,-0.7750852009660261,1,0.4905366666983487,1,261,16,5,265997,8650430000,5523901.66028097,169.85759897828865,6.130268199233716,1.9157088122605364,4.21455938697318,0.4938023043462518,수요+/공급+,B 총시장·점포 증가/점포당 감소,부호 강건성 미충족,수요+/공급+,-0.0735477298450304,0.0651419473291834,0.0002001370251226,-0.0500280846627843,0.0832662782884543,0.0016540624750339,-0.0020494090251806,0.0142912747430547,0.8,0.2901960784313726,0.8352941176470589,0.41568627450980394,0.4117647058823529,0.9764705882352941,False,True,False,False,True,일반 관찰지역
경기도,안산시 상록구,제과점,HIGH,-1.1344414300025796,0,-1.039082361844703,0,0.8251415683965421,1,-1.9435459925139889,1,-1.0322693786739543,0.0,-0.9368117622274,0.0,0.9293387396718006,1.0,0.9688837367519656,1,-2.083141943252882,1,-1.9886979278010637,1,-0.1423628379711426,0,93,5,1,201282,2384690000,4273637.992831541,360.7204301075269,5.376344086021505,1.0752688172043012,4.301075268817205,-0.1437421683554236,수요+/공급+,C 총시장 감소/점포 증가,부호 강건성 미충족,수요+/공급+,-0.1032377429361718,-0.0261149198817308,-0.0003958318095335,-0.0363164148886426,0.0625235171936918,0.0006391670206138,-0.0006092925706044,0.0214688846224258,0.4,0.2283464566929134,0.4015748031496063,0.2125984251968504,0.2755905511811024,0.6732283464566929,False,False,True,False,False,일반 관찰지역
경기도,안산시 상록구,중국음식,HIGH,0.8297756401729481,1,0.5650992488991922,1,2.114229184002016,1,-1.2578595109547577,1,0.9339776005033888,1.0,0.6690276809127923,1.0,2.219758555569598,1.0,-0.4013091970597777,1,1.236045200301323,1,0.9703023585631848,1,2.5256741436881667,1,150,2,4,108517,2644030000,2937811.1111111115,120.57444444444444,1.3333333333333337,2.666666666666667,-1.3333333333333337,2.5155383810617935,수요+/공급-,D 기타·동반감소,D 기타·동반감소,수요+/공급-,-0.1032377429361718,-0.0261149198817308,-0.0003958318095335,-0.0363164148886426,0.0625235171936918,0.0006391670206138,-0.0006092925706044,0.0214688846224258,0.4,0.4137254901960784,0.30196078431372547,0.5529411764705883,0.596078431372549,0.7745098039215687,False,False,False,False,True,일반 관찰지역
경기도,안성시,제과점,HIGH,1.8096795179984897,1,1.9078782872029507,1,3.286270782778854,1,-1.429610396028129,1,1.5652863331195352,1.0,1.6632493770956387,1.0,3.038333054358734,1.0,-0.910239655400054,1,2.744904381582516,1,2.844005205787748,1,4.23505963036431,1,51,2,4,80294,1085270000,3546633.986928105,262.39869281045753,3.92156862745098,7.84313725490196,-3.92156862745098,4.196510438178908,수요+/공급-,D 기타·동반감소,D 기타·동반감소,수요+/공급-,0.2406266882144717,0.0327356978264518,-0.0012805327495723,0.0667645740947357,0.0526915215362471,0.0034384477193053,-0.0038689974426834,0.0220859308862238,0.2222222222222222,0.6299212598425197,0.2992125984251969,0.6771653543307087,0.6141732283464567,0.4507874015748031,False,False,False,False,False,일반 관찰지역
경기도,안성시,중국음식,HIGH,2.1724177874419084,1,1.904216984097849,1,3.828890861350706,1,-1.595387430383783,1,1.9271538527347256,1.0,1.6595968629144242,1.0,3.579650578499539,1.0,0.4308844037078553,1,1.7340615828229509,1,1.467011456821948,1,3.383427794963646,1,113,6,5,82545,2276240000,3357286.1356932153,121.74778761061948,5.3097345132743365,4.424778761061947,0.8849557522123894,3.398006457642851,수요+/공급+,A 총시장·점포·점포당 증가,A 총시장·점포·점포당 증가,수요+/공급+,0.2406266882144717,0.0327356978264518,-0.0012805327495723,0.0667645740947357,0.0526915215362471,0.0034384477193053,-0.0038689974426834,0.0220859308862238,0.2222222222222222,0.7058823529411765,0.7803921568627451,0.7607843137254902,0.796078431372549,0.6235294117647059,False,True,False,False,False,일반 관찰지역
경기도,안양시 동안구,제과점,HIGH,-0.907518720413772,1,-0.8119407778729425,0,1.371575713998093,1,-2.2482578754047684,1,-0.8347043501347665,1.0,-0.7390561757497923,0.0,1.446064790812903,1.0,-0.5786209538251558,1,-0.3308119136387301,0,-0.2346777185010025,0,1.961546587396952,1,135,12,16,277152,3039810000,3752851.851851852,342.162962962963,8.88888888888889,11.851851851851851,-2.9629629629629632,1.9501966678232487,수요+/공급-,D 기타·동반감소,부호 강건성 미충족,수요+/공급-,-0.0734272709034392,0.1232204541871259,0.0003506413107256,0.0098530800488738,0.2898239860345306,0.0023630060437474,-0.0036852049848473,0.0148404886053628,0.8888888888888888,0.8464566929133859,0.65748031496063,0.23622047244094488,0.3346456692913386,0.7992125984251969,True,False,True,False,True,수요취약 후보
경기도,안양시 동안구,중국음식,HIGH,-0.2260882761287802,0,-0.4879930431549202,0,0.6067539379503631,1,-0.8278193873473325,1,-0.1527731824038702,0.0,-0.4148704002641761,0.0,0.6806810143462074,1.0,0.8642567319353823,1,-1.0810023722892887,1,-1.3406630048185784,1,-0.2552963778530395,0,127,10,5,98814,2842790000,3730695.538057742,129.6771653543307,7.874015748031496,3.937007874015748,3.937007874015748,-0.2575027939850192,수요+/공급+,C 총시장 감소/점포 증가,부호 강건성 미충족,수요+/공급+,-0.0734272709034392,0.1232204541871259,0.0003506413107256,0.0098530800488738,0.2898239860345306,0.0023630060437474,-0.0036852049848473,0.0148404886053628,0.8888888888888888,0.6196078431372549,0.9176470588235294,0.3568627450980392,0.30196078431372547,0.6764705882352942,False,True,False,False,False,일반 관찰지역
경기도,안양시 만안구,제과점,HIGH,-1.1901242593868036,1,-1.094818899140947,1,0.6399207129385968,1,-1.818408599054196,1,-1.1881372649343185,1.0,-1.092829988167277,1.0,0.6419445082592219,0.0,0.0777768136657423,0,-1.2669157063842595,1,-1.1716844140032494,1,0.5617070214494573,1,71,4,3,159158,1626110000,3817159.6244131457,373.61032863849766,5.633802816901409,4.225352112676056,1.4084507042253522,0.5621438992728544,수요+/공급+,C 총시장 감소/점포 증가,부호 강건성 미충족,부호 강건성 미충족,-0.0020108865448627,-0.0323596255679046,-0.0002766244026991,-0.0140578177979374,0.0886655984220536,0.0012194990365929,-0.0017066197015935,0.0184799511440457,0.5,0.3956692913385827,0.41929133858267714,0.20866141732283464,0.23622047244094488,0.5511811023622047,False,False,True,True,False,일반 관찰지역
경기도,안양시 만안구,중국음식,HIGH,0.8728200300917471,1,0.6080306480500586,1,2.024771654433475,1,-1.129090127487382,1,0.8748485088475675,1.0,0.6100538020847157,1.0,2.026823298095335,1.0,0.535583587203892,1,0.3354398819352865,1,0.0720611133502933,1,1.4812547101175224,1,115,6,2,80431,2010450000,2913695.652173913,116.56666666666666,5.217391304347826,1.7391304347826086,3.4782608695652173,1.4891880672295827,수요+/공급+,A 총시장·점포·점포당 증가,A 총시장·점포·점포당 증가,수요+/공급+,-0.0020108865448627,-0.0323596255679046,-0.0002766244026991,-0.0140578177979374,0.0886655984220536,0.0012194990365929,-0.0017066197015935,0.0184799511440457,0.5,0.27058823529411763,0.7568627450980392,0.5764705882352941,0.5764705882352941,0.6392156862745098,False,True,False,False,False,일반 관찰지역
경기도,양주시,제과점,HIGH,0.0559609643605034,0,0.1524682146022553,1,2.166641571000565,1,-2.0659195351676667,1,0.0116422446332041,0.0,0.1081067480187476,1.0,2.1213879478318196,1.0,0.6684509123757434,1,-0.6084229393261501,0,-0.5125565091118682,0,1.4882424881345253,1,68,4,2,139806,1745900000,4279166.666666666,342.6617647058824,5.88235294117647,2.941176470588235,2.941176470588235,1.4981906586248217,수요+/공급+,B 총시장·점포 증가/점포당 감소,부호 강건성 미충족,수요+/공급+,0.0443135606341849,0.1184256231075651,-5.138521843535534e-05,-0.0361141982277097,0.1094118734070732,0.0018616891131852,-0.0024276592584273,0.0160921404895941,0.4,0.3228346456692913,0.4547244094488189,0.41732283464566927,0.4763779527559055,0.5393700787401575,False,False,False,False,False,일반 관찰지역
경기도,양주시,중국음식,HIGH,1.126837479946741,1,0.8613813065577112,1,1.7023831127156588,1,-0.5659116484331569,1,1.0820444268993226,1.0,0.8167058344883266,1.0,1.6573351278746813,1.0,0.4044405236701557,1,0.7194870590471975,1,0.4551001733631432,1,1.29271432844601,1,132,7,3,86230,2300050000,2904103.5353535353,108.87626262626262,5.303030303030303,2.272727272727273,3.0303030303030303,1.297942589045503,수요+/공급+,A 총시장·점포·점포당 증가,A 총시장·점포·점포당 증가,수요+/공급+,0.0443135606341849,0.1184256231075651,-5.138521843535534e-05,-0.0361141982277097,0.1094118734070732,0.0018616891131852,-0.0024276592584273,0.0160921404895941,0.4,0.3588235294117647,0.7764705882352941,0.6235294117647059,0.5098039215686274,0.7019607843137254,False,True,False,False,False,일반 관찰지역
경기도,양평군,제과점,HIGH,3.467189825655348,1,3.566987317819416,1,4.3595842383592975,1,-0.8551149558680764,1,3.4908873819622515,1.0,3.5907077311952853,1.0,4.3834861837762205,1.0,1.4580421984500558,1,1.9802743909402785,1,2.0786377044850903,1,2.859844303159202,1,44,6,3,44410,637350000,2414204.5454545454,168.21969696969697,13.636363636363637,6.8181818181818175,6.8181818181818175,2.9015420399092418,수요+/공급+,A 총시장·점포·점포당 증가,A 총시장·점포·점포당 증가,수요+/공급+,-0.0228982057323334,0.8512865844085128,0.0037538470250959,-0.0328351441765869,0.0456774357817145,0.0008765423760726,-0.002020260300162,0.0188617053658138,0.0,0.5669291338582677,0.8149606299212598,0.8031496062992126,0.7480314960629921,0.41338582677165353,False,True,False,False,False,일반 관찰지역
경기도,양평군,중국음식,HIGH,3.7097191931117255,1,3.437483000560826,1,3.790902100121242,1,-0.0782177487302598,0,3.7334722970115592,1.0,3.461173752979838,1.0,3.814673797707773,1.0,-0.7416266595818893,1,4.4846048780461185,1,4.2103346241732105,1,4.566394357641023,1,43,1,2,22004,674690000,2615077.519379845,85.28682170542636,2.3255813953488373,4.651162790697675,-2.3255813953488373,4.532528759703132,수요+/공급-,D 기타·동반감소,D 기타·동반감소,수요+/공급-,-0.0228982057323334,0.8512865844085128,0.0037538470250959,-0.0328351441765869,0.0456774357817145,0.0008765423760726,-0.002020260300162,0.0188617053658138,0.0,0.7313725490196078,0.403921568627451,0.8666666666666667,0.788235294117647,0.27058823529411763,False,False,False,False,False,일반 관찰지역
경기도,여주시,제과점,HIGH,2.6527789963591,1,2.75179096261407,1,3.23613150096475,1,-0.5650662187009875,1,2.717117563570467,1.0,2.8161915864799663,1.0,3.3008356896886912,1.0,-0.1756835449985206,0,2.8334404299503837,1,2.9326266500729843,1,3.41781959258518,1,32,4,3,40579,592580000,3086354.1666666665,211.34895833333337,12.5,9.375,3.125,3.411815045963271,수요+/공급-,D 기타·동반감소,부호 강건성 미충족,부호 강건성 미충족,-0.0626366556397538,0.6778314096832566,0.0004757417928948,0.0533160384358648,-0.0884140315666202,-0.001370892542301,-0.0006412467004242,0.0182021882034648,0.3,0.7362204724409449,0.7952755905511811,0.7519685039370079,0.6062992125984252,0.3425196850393701,False,True,False,False,False,일반 관찰지역
경기도,여주시,중국음식,HIGH,-0.3116553143418867,0,-0.5733354693945546,0,0.8572882292608753,1,-1.1590075086548095,1,-0.2491747334218476,0.0,-0.5110188989027933,0.0,0.9205014562279088,1.0,0.0,0,-0.3116553143418817,0,-0.5733354693945899,0,0.8572882292608472,1,60,0,0,36072,1064660000,2957388.888888889,100.2,0.0,0.0,0.0,0.8572882292608753,수요+/공급+,C 총시장 감소/점포 증가,부호 강건성 미충족,부호 강건성 미충족,-0.0626366556397538,0.6778314096832566,0.0004757417928948,0.0533160384358648,-0.0884140315666202,-0.001370892542301,-0.0006412467004242,0.0182021882034648,0.3,0.09411764705882353,0.11568627450980393,0.3411764705882353,0.36470588235294116,0.3627450980392157,False,False,False,False,False,일반 관찰지역
경기도,연천군,제과점,HIGH,-4.13293923034019,1,-4.0404723114833185,1,-2.329860035221731,1,-1.8460905203665043,1,-4.357694334681575,1.0,-4.265444199481461,1.0,-2.558842360564554,1.0,0.0,0,-4.132939230340204,1,-4.040472311483362,1,-2.329860035221726,1,11,0,0,12122,172950000,2620454.5454545454,183.66666666666663,0.0,0.0,0.0,-2.329860035221731,수요-/공급+,C 총시장 감소/점포 증가,부호 강건성 미충족,부호 강건성 미충족,0.2349954894728695,0.3338924258431043,0.0009881546800956,0.198174538472659,0.0224873641311855,0.003153476049217,-0.005339402483619,0.0201819437639656,0.625,0.1141732283464567,0.10236220472440945,0.01968503937007874,0.01968503937007874,0.11614173228346457,False,False,True,True,False,일반 관찰지역
경기도,연천군,중국음식,HIGH,1.8572830114637204,1,1.5899094313753963,1,1.416778741932584,1,0.4343504842054304,1,1.6184841572235455,1.0,1.3517374199361212,1.0,1.179012625968372,1.0,0.4449942216344905,0,1.406032028547884,1,1.139842974369221,1,0.9674792933471944,1,26,2,2,9633,271370000,1739551.2820512822,61.75,7.6923076923076925,7.6923076923076925,0.0,0.9717845202980936,수요+/공급+,A 총시장·점포·점포당 증가,부호 강건성 미충족,부호 강건성 미충족,0.2349954894728695,0.3338924258431043,0.0009881546800956,0.198174538472659,0.0224873641311855,0.003153476049217,-0.005339402483619,0.0201819437639656,0.625,0.9450980392156862,0.9137254901960784,0.7137254901960784,0.45098039215686275,0.13725490196078433,True,True,False,False,False,고회전 교체시장 후보
경기도,오산시,제과점,HIGH,0.1410763314024851,1,0.2376656782024666,1,1.8912325916818615,1,-1.7176711045325248,1,-0.1269049668357267,0.0,-0.0305740967717781,0.0,1.6185678092638094,1.0,-0.3380400964981789,1,0.4807415270225434,1,0.5776584920244947,1,2.2368340842770267,1,78,3,6,150030,1740900000,3719871.794871795,320.5769230769231,3.8461538461538463,7.6923076923076925,-3.8461538461538463,2.2292726881800404,수요+/공급-,D 기타·동반감소,D 기타·동반감소,수요+/공급-,0.2683218119446834,0.0688574616632186,-0.000326223310986,0.0552134225938851,0.1159561633228546,0.0023200267944243,-0.0027217720205257,0.015786458240534,0.6666666666666667,0.6141732283464567,0.28346456692913385,0.4330708661417323,0.43700787401574803,0.6062992125984252,False,False,False,False,False,일반 관찰지역
경기도,오산시,중국음식,HIGH,-0.1075373732716767,0,-0.3697533343370311,0,0.790052883740438,1,-0.8905544062443642,1,-0.3748533718568935,0.0,-0.6363676331178728,1.0,0.5203348997645436,1.0,0.1143527403968078,0,-0.2216366660671582,0,-0.4835531184915292,1,0.6749283442862444,1,150,6,6,117640,3581850000,3979833.3333333335,130.7111111111111,4.0,4.0,0.0,0.6757001433436302,수요+/공급+,C 총시장 감소/점포 증가,부호 강건성 미충족,부호 강건성 미충족,0.2683218119446834,0.0688574616632186,-0.000326223310986,0.0552134225938851,0.1159561633228546,0.0023200267944243,-0.0027217720205257,0.015786458240534,0.6666666666666667,0.6333333333333333,0.611764705882353,0.37254901960784315,0.34509803921568627,0.7745098039215687,False,False,False,False,True,일반 관찰지역
경기도,용인시 기흥구,제과점,HIGH,-0.1149976049177369,1,-0.0186552498133491,1,1.4382683853794682,1,-1.5312426119066325,1,-0.1189251590896799,1.0,-0.0225865922398966,1.0,1.4342797556087976,1.0,0.4577694291580242,1,-0.5701570294965205,1,-0.4742536905593542,1,0.976030984754104,1,116,14,10,255402,2776410000,3989094.827586207,366.9568965517241,12.06896551724138,8.620689655172415,3.4482758620689653,0.980498956221444,수요+/공급+,C 총시장 감소/점포 증가,C 총시장 감소/점포 증가,수요+/공급+,0.0039322305834581,-0.0854914286961992,-0.000470328082341,0.0272886596931622,0.167875619896239,0.0026215514102267,-0.0041700950510687,0.0172544233402588,0.4444444444444444,0.6948818897637795,0.7834645669291339,0.3858267716535433,0.3543307086614173,0.7362204724409449,False,True,False,False,False,일반 관찰지역
경기도,용인시 기흥구,중국음식,HIGH,-0.0932961714583558,0,-0.3555495154284556,1,0.7993796309960496,0,-0.8855965242269164,1,-0.0972245789471707,0.0,-0.3594676109165645,1.0,0.7954161228165508,0.0,0.1202239404759218,0,-0.2132637178890413,1,-0.4752021491554315,1,0.6783401632460323,0,118,8,7,87668,2287290000,3230635.593220339,123.82485875706216,6.779661016949152,5.932203389830509,0.847457627118644,0.6791556905201277,수요+/공급+,C 총시장 감소/점포 증가,부호 강건성 미충족,부호 강건성 미충족,0.0039322305834581,-0.0854914286961992,-0.000470328082341,0.0272886596931622,0.167875619896239,0.0026215514102267,-0.0041700950510687,0.0172544233402588,0.4444444444444444,0.8568627450980392,0.8627450980392157,0.3764705882352941,0.34901960784313724,0.6568627450980392,True,True,False,False,False,고회전 교체시장 후보
경기도,용인시 수지구,제과점,HIGH,1.41886403750761,1,1.516685852385607,1,2.774966785737205,1,-1.3194874108369377,1,1.6942393081849187,1.0,1.792326731527457,1.0,3.054024183649001,1.0,0.8271722976476419,1,0.5868375819498731,1,0.6838568800704906,1,1.931815049161138,1,110,7,4,206962,2486360000,3767212.121212121,313.57878787878786,6.363636363636363,3.636363636363636,2.727272727272727,1.9477944880895632,수요+/공급+,A 총시장·점포·점포당 증가,A 총시장·점포·점포당 증가,수요+/공급+,-0.2707874827037282,0.0020515164644999,-0.0001972405600682,0.0572363066261628,0.1667208079562919,0.002236015802574,-0.003790383298206,0.0182214857487309,0.6666666666666667,0.3543307086614173,0.49606299212598426,0.6181102362204725,0.5393700787401575,0.7224409448818898,False,False,False,False,False,일반 관찰지역
경기도,용인시 수지구,중국음식,HIGH,-1.5065977229164362,1,-1.7651411751204733,1,-0.2935083754355316,1,-1.2166603475014444,1,-1.2391657459426682,1.0,-1.4984112023922485,1.0,-0.0227825851205334,0.0,0.2338146789777413,1,-1.736352554742388,1,-1.994292904545568,1,-0.5260929718200824,1,96,8,6,70981,2415420000,4193437.5,123.23090277777776,8.333333333333332,6.25,2.083333333333333,-0.527323054413273,수요-/공급+,C 총시장 감소/점포 증가,C 총시장 감소/점포 증가,수요-/공급+,-0.2707874827037282,0.0020515164644999,-0.0001972405600682,0.0572363066261628,0.1667208079562919,0.002236015802574,-0.003790383298206,0.0182214857487309,0.6666666666666667,0.884313725490196,0.9274509803921569,0.1607843137254902,0.14901960784313725,0.5450980392156862,True,True,True,True,False,고회전+수요취약 후보
경기도,용인시 처인구,제과점,HIGH,0.0279112163346691,1,0.1243914116760236,1,3.098215268254852,1,-2.9780380231912225,1,-0.2473379105406766,0.0,-0.1511232019939777,0.0,2.814517514398737,1.0,0.2953703287591545,1,-0.2666714441033305,0,-0.1704753833827593,0,2.794590548205974,1,75,6,3,130103,1544540000,3432311.1111111115,289.11777777777775,8.0,4.0,4.0,2.8028449394956976,수요+/공급+,B 총시장·점포 증가/점포당 감소,부호 강건성 미충족,수요+/공급+,0.275931610354929,-0.0154420128250451,-0.0013651701275331,0.0255426214337781,0.1022710036067063,0.0038764362233809,-0.0053823781503936,0.0216717411460494,0.2727272727272727,0.36811023622047245,0.6023622047244095,0.40551181102362205,0.5866141732283464,0.5826771653543307,False,False,False,False,False,일반 관찰지역
경기도,용인시 처인구,중국음식,HIGH,1.2225356120133848,1,0.95682823270739,1,1.6473708916189422,1,-0.4179500914573583,1,0.9439992094381588,1.0,0.6790229832999972,1.0,1.3676654599361628,1.0,0.4698979439669732,1,0.7491175799404278,1,0.4846529146590886,1,1.1719659039652557,1,132,11,7,92330,2748910000,3470845.9595959596,116.57828282828284,8.333333333333332,5.303030303030303,3.0303030303030303,1.177472947651969,수요+/공급+,A 총시장·점포·점포당 증가,A 총시장·점포·점포당 증가,수요+/공급+,0.275931610354929,-0.0154420128250451,-0.0013651701275331,0.0255426214337781,0.1022710036067063,0.0038764362233809,-0.0053823781503936,0.0216717411460494,0.2727272727272727,0.796078431372549,0.9274509803921569,0.6392156862745098,0.4980392156862745,0.7019607843137254,True,True,False,False,False,고회전 교체시장 후보
경기도,의왕시,제과점,HIGH,2.258034068191732,1,2.356665290039249,1,2.899553991961754,1,-0.6234428613948519,1,1.8393970760828655,1.0,1.9376245088451112,1.0,2.478290663705226,1.0,0.9576083850242546,1,1.2880908174924222,1,1.3857864973181424,1,1.923525762943454,1,50,6,4,75527,891230000,2970766.666666667,251.7566666666667,12.0,8.0,4.0,1.9419456069374992,수요+/공급+,A 총시장·점포·점포당 증가,A 총시장·점포·점포당 증가,수요+/공급+,0.4110756781052768,0.081727711485372,9.439822957152797e-05,-0.0093081672814895,0.0933388912612153,0.0020916164531829,-0.0034222744566389,0.0167043503525981,0.3333333333333333,0.6358267716535433,0.7755905511811023,0.7165354330708661,0.562992125984252,0.44291338582677164,False,True,False,False,False,일반 관찰지역
경기도,의왕시,중국음식,HIGH,-0.802186699527331,1,-1.0625792183037992,1,0.1503240844949794,1,-0.9510810800958412,1,-1.208295369249944,1.0,-1.4676218598965003,1.0,-0.259684095453986,1.0,-0.665715310879853,1,-0.1373859882059561,0,-0.3995235971809706,1,0.8215083019208689,1,39,1,2,32709,898560000,3840000.0,139.78205128205127,2.564102564102564,5.128205128205128,-2.564102564102564,0.8160393953748324,수요+/공급-,D 기타·동반감소,부호 강건성 미충족,수요+/공급-,0.4110756781052768,0.081727711485372,9.439822957152797e-05,-0.0093081672814895,0.0933388912612153,0.0020916164531829,-0.0034222744566389,0.0167043503525981,0.3333333333333333,0.7803921568627451,0.43529411764705883,0.25882352941176473,0.24313725490196078,0.2529411764705882,True,False,False,True,False,관측변수로 미설명
경기도,의정부시,제과점,HIGH,-1.8022775157053983,0,-1.7075625973175423,0,0.3721650441826357,0,-2.1663800506154822,1,-1.8196916874476772,0.0,-1.724993565598579,0.0,0.3543652614992615,0.0,0.8686203160708613,1,-2.6478976547979256,1,-2.5539983647203,1,-0.4921800955862906,0,166,23,20,278380,3085780000,3098172.690763053,279.4979919678715,13.855421686746988,12.048192771084338,1.8072289156626504,-0.4964552718882256,수요+/공급+,C 총시장 감소/점포 증가,부호 강건성 미충족,부호 강건성 미충족,0.0177369291679233,0.104537584110674,0.0002135819042217,0.03891089722007,0.1177629616530131,0.0015088074924701,-0.0021898912256903,0.0154784832541667,1.0,0.8523622047244095,0.8188976377952756,0.14173228346456693,0.1968503937007874,0.9015748031496063,True,True,True,True,True,고회전+수요취약 후보
경기도,의정부시,중국음식,HIGH,-0.9245562222966854,1,-1.184627523223725,1,0.371841876488688,1,-1.2915954061903232,1,-0.942126047234928,1.0,-1.2021512276799011,1.0,0.3540421511151739,1.0,0.7093834237928244,1,-1.6224303938131843,1,-1.8806697872892375,1,-0.3351639498017489,1,177,10,2,108287,2831000000,2665725.047080979,101.96516007532956,5.649717514124294,1.1299435028248588,4.519774011299435,-0.3375415473041364,수요+/공급+,C 총시장 감소/점포 증가,C 총시장 감소/점포 증가,수요+/공급+,0.0177369291679233,0.104537584110674,0.0002135819042217,0.03891089722007,0.1177629616530131,0.0015088074924701,-0.0021898912256903,0.0154784832541667,1.0,0.2196078431372549,0.8117647058823529,0.24313725490196078,0.27450980392156865,0.8588235294117647,False,True,True,False,True,일반 관찰지역
경기도,이천시,제과점,HIGH,-2.5913786965589045,1,-2.497424892095643,1,-0.2833548040980914,0,-2.31458237280897,1,-2.737691078345865,1.0,-2.6438783969651563,1.0,-0.433133947537247,1.0,0.3289615838352581,1,-2.910764981808225,1,-2.817119235873978,1,-0.6103087067453353,1,87,5,4,107037,1514440000,2901226.053639847,205.05172413793105,5.747126436781609,4.597701149425287,1.1494252873563218,-0.6123163879333495,수요-/공급+,C 총시장 감소/점포 증가,C 총시장 감소/점포 증가,부호 강건성 미충족,0.1504307099113192,0.3439270027369269,-0.0003421625004552,0.1334840310964891,0.0472609210039064,0.0028017738685465,-0.0037142037301737,0.0128040293613778,0.9,0.41338582677165353,0.4271653543307087,0.07874015748031496,0.12992125984251968,0.655511811023622,False,False,True,True,False,일반 관찰지역
경기도,이천시,중국음식,HIGH,-0.3229105677928938,0,-0.5845611780028774,0,0.8266917634972332,1,-1.140176585369573,1,-0.472630296593801,0.0,-0.7338878951435562,1.0,0.6752452773215991,1.0,0.2496618596748792,1,-0.5711464925131045,1,-0.8321454877777625,1,0.5755928679640391,1,148,5,4,82077,2252380000,2536463.963963964,92.42905405405403,3.3783783783783785,2.702702702702702,0.6756756756756757,0.577029903822354,수요+/공급+,C 총시장 감소/점포 증가,부호 강건성 미충족,수요+/공급+,0.1504307099113192,0.3439270027369269,-0.0003421625004552,0.1334840310964891,0.0472609210039064,0.0028017738685465,-0.0037142037301737,0.0128040293613778,0.9,0.42745098039215684,0.5176470588235295,0.3333333333333333,0.3568627450980392,0.7647058823529411,False,False,False,False,True,일반 관찰지역
경기도,파주시,제과점,HIGH,-1.3681075635469724,1,-1.2729738740252574,0,0.3258269500196837,0,-1.688433143352554,1,-1.5948948369463656,1.0,-1.4999798911750115,1.0,0.095144762103666,0.0,-0.2097583136910323,1,-1.1607840909908038,0,-1.0654504311919095,0,0.5367110597790791,1,173,30,27,252566,3384130000,3260240.8477842,243.31984585741813,17.341040462427745,15.606936416184972,1.7341040462427744,0.535585263710716,수요+/공급-,D 기타·동반감소,부호 강건성 미충족,부호 강건성 미충족,0.2304629145242462,0.137458444322004,-6.362514154795162e-05,0.0297509670147628,0.1134154804735374,0.0022370620745924,-0.0034459840115589,0.0144191612510077,0.8888888888888888,0.9094488188976378,0.9212598425196851,0.18110236220472442,0.1889763779527559,0.9251968503937008,True,True,True,True,True,고회전+수요취약 후보
경기도,파주시,중국음식,HIGH,-1.3219798125897897,1,-1.5810078835679382,1,-0.3378396842594904,1,-0.9874762148566986,1,-1.5488731489127705,1.0,-1.8073056288655904,1.0,-0.5669958835452996,1.0,0.2005949738206818,1,-1.5195266922399542,1,-1.7780362061264634,1,-0.5373567474533097,1,227,11,10,131892,3695620000,2713377.3861967693,96.83700440528636,4.845814977973569,4.405286343612335,0.4405286343612335,-0.5384346580801722,수요-/공급+,C 총시장 감소/점포 증가,C 총시장 감소/점포 증가,수요-/공급+,0.2304629145242462,0.137458444322004,-6.362514154795162e-05,0.0297509670147628,0.1134154804735374,0.0022370620745924,-0.0034459840115589,0.0144191612510077,0.8888888888888888,0.7019607843137254,0.7254901960784313,0.19215686274509805,0.1411764705882353,0.9254901960784314,False,False,True,True,True,일반 관찰지역
경기도,평택시,제과점,HIGH,-0.6950035163563199,0,-0.5992205959432428,0,2.029221659057757,1,-2.6700440629816624,1,-0.941719160468925,0.0,-0.8461742053722465,0.0,1.7757378865260294,1.0,0.2992125843834144,1,-0.991250155531661,1,-0.8957529747013996,1,1.7248481120615629,1,184,17,18,298129,3918970000,3549791.6666666665,270.044384057971,9.239130434782608,9.782608695652174,-0.5434782608695652,1.7300090746743426,수요+/공급+,C 총시장 감소/점포 증가,부호 강건성 미충족,수요+/공급+,0.2490611002146388,-0.0038567366690725,0.0001182285391154,0.0115924532767052,0.1295762562257738,0.0038972396620132,-0.0048333483438783,0.0171718127949709,0.3333333333333333,0.7559055118110236,0.6811023622047244,0.2755905511811024,0.4566929133858268,0.9409448818897638,True,False,False,False,True,고밀도 경쟁 후보
경기도,평택시,중국음식,HIGH,0.2729676462309259,1,0.009752866168128,1,1.6943483492500646,1,-1.3976988161993569,1,0.0238471520370562,1.0,-0.2387136911010888,0.0,1.4416965437617957,1.0,-0.0444979232856421,1,0.3176068979903552,1,0.0542749406752352,1,1.7396203674722757,1,384,17,16,225898,6578480000,2855243.0555555555,98.04600694444444,4.427083333333334,4.166666666666666,0.2604166666666666,1.7388462725357068,수요+/공급-,D 기타·동반감소,D 기타·동반감소,수요+/공급-,0.2490611002146388,-0.0038567366690725,0.0001182285391154,0.0115924532767052,0.1295762562257738,0.0038972396620132,-0.0048333483438783,0.0171718127949709,0.3333333333333333,0.6666666666666666,0.6705882352941176,0.4470588235294118,0.5058823529411764,0.9921568627450981,False,False,False,False,True,일반 관찰지역
경기도,포천시,제과점,HIGH,-2.7698768257189776,1,-2.676095188545386,1,0.693842283660901,1,-3.439851961972414,1,-2.7771769282455008,1.0,-2.683402332259825,1.0,0.686282122792443,1.0,1.0636301821256438,1,-3.793161794145245,1,-3.7003671488266776,1,-0.3658961169298347,0,34,4,2,45053,610250000,2991421.5686274506,220.84803921568627,11.76470588235294,5.88235294117647,5.88235294117647,-0.3697878984647428,수요+/공급+,C 총시장 감소/점포 증가,C 총시장 감소/점포 증가,수요+/공급+,0.0075086304798464,0.1111056987435538,-0.0001905484061682,-0.167836097569156,0.0835974796953283,0.0042438562705188,-0.0050673455211056,0.0221181013042718,0.3,0.5196850393700787,0.765748031496063,0.07086614173228346,0.24803149606299213,0.3562992125984252,False,True,True,True,False,일반 관찰지역
경기도,포천시,중국음식,HIGH,2.941271219177674,1,2.67105218907041,1,3.36600351268571,1,-0.4109013399709101,1,2.9335423198450847,1.0,2.663343577962909,1.0,3.3582427241691,1.0,0.3310196676400753,1,2.601639612738329,1,2.3323121096366832,1,3.0249705974278083,1,101,5,2,57474,1669540000,2755016.5016501653,94.84158415841584,4.9504950495049505,1.98019801980198,2.9702970297029703,3.034983845045635,수요+/공급+,A 총시장·점포·점포당 증가,A 총시장·점포·점포당 증가,수요+/공급+,0.0075086304798464,0.1111056987435538,-0.0001905484061682,-0.167836097569156,0.0835974796953283,0.0042438562705188,-0.0050673455211056,0.0221181013042718,0.3,0.30980392156862746,0.7333333333333333,0.8274509803921568,0.7529411764705882,0.5764705882352941,False,False,False,False,False,일반 관찰지역
경기도,하남시,제과점,HIGH,0.828943023016821,1,0.9261958397620184,1,2.5518287243789115,1,-1.6800146060705945,1,0.8589640331289037,1.0,0.9562458061212546,1.0,2.582362709907684,1.0,0.4296808292998821,1,0.3975539804767347,1,0.4943907083664483,1,2.1130684450606165,1,106,15,13,182950,2197340000,3454937.106918239,287.65723270440253,14.150943396226417,12.264150943396226,1.8867924528301887,2.1221478950790296,수요+/공급+,A 총시장·점포·점포당 증가,A 총시장·점포·점포당 증가,수요+/공급+,-0.0297653365765249,0.2180602811163945,0.0003160348329164,-0.0165404349774188,0.1326256824194258,0.001003943949639,-0.0016893673589975,0.0097372498439015,0.8888888888888888,0.8582677165354331,0.8503937007874016,0.5551181102362205,0.515748031496063,0.7047244094488189,True,True,False,False,False,고회전 교체시장 후보
경기도,하남시,중국음식,HIGH,-2.297853122431748,1,-2.5543195431002697,1,0.1647623220510566,0,-2.4585646562660193,1,-2.268763090825331,1.0,-2.5253058723162565,1.0,0.1945855776797085,0.0,-0.7520129772354455,1,-1.5575531469890116,1,-1.815962842099211,1,0.923721807149802,1,116,3,8,86123,2505010000,3599152.298850575,123.73994252873564,2.586206896551724,6.896551724137931,-4.310344827586207,0.916775299286502,수요+/공급-,D 기타·동반감소,D 기타·동반감소,부호 강건성 미충족,-0.0297653365765249,0.2180602811163945,0.0003160348329164,-0.0165404349774188,0.1326256824194258,0.001003943949639,-0.0016893673589975,0.0097372498439015,0.8888888888888888,0.9098039215686274,0.4392156862745098,0.058823529411764705,0.24705882352941178,0.6431372549019608,True,False,True,True,False,수요취약 후보
경기도,화성시 동탄구,제과점,HIGH,1.596026079036511,1,1.6940187725040048,1,3.5805913348956517,1,-1.9159624696895825,1,,,,,,,1.0788381905130242,1,0.5116678206655757,0,0.6086146150903319,0,2.4750513452354395,1,147,32,23,221322,2693030000,3053321.9954648525,250.93197278911563,21.768707482993197,15.64625850340136,6.122448979591836,2.5017531443826275,수요+/공급+,A 총시장·점포·점포당 증가,부호 강건성 미충족,수요+/공급+,,,0.0005759973171945,-0.0427794120920193,0.4909358345917045,0.0021954360902407,-0.0035325920896748,0.013508135228366,0.4444444444444444,0.9133858267716536,0.9606299212598425,0.6496062992125984,0.6456692913385826,0.8464566929133859,True,True,False,False,True,고회전 교체시장 후보
경기도,화성시 동탄구,중국음식,HIGH,-0.6129901905047702,1,-0.8738793467966126,1,1.4986532274051945,1,-2.0804644699854737,1,,,,,,,0.4064938076392108,1,-1.01535663629198,1,-1.2751895877260622,1,1.087737832832162,1,153,11,7,87903,2624810000,2859270.1525054467,95.75490196078432,7.18954248366013,4.57516339869281,2.6143790849673203,1.0921594197659836,수요+/공급+,C 총시장 감소/점포 증가,C 총시장 감소/점포 증가,수요+/공급+,,,0.0005759973171945,-0.0427794120920193,0.4909358345917045,0.0021954360902407,-0.0035325920896748,0.013508135228366,0.4444444444444444,0.7176470588235294,0.8862745098039215,0.28627450980392155,0.4588235294117647,0.7843137254901961,False,True,False,False,True,일반 관찰지역
경기도,화성시 만세구,제과점,HIGH,-0.0688293673220516,0,0.0275575185590625,1,2.3566801771364663,1,-2.3696641394201285,1,,,,,,,-0.2907200096278138,0,0.2225376036485197,1,0.3192055225126474,1,2.6551191494110884,1,59,4,4,124525,1626200000,4593785.310734463,351.76553672316385,6.779661016949152,6.779661016949152,0.0,2.64740018676428,수요+/공급-,D 기타·동반감소,부호 강건성 미충족,부호 강건성 미충족,,,-0.0001827525182892,-0.0023502965903744,0.0662641506951995,0.0036244171056134,-0.0041912022709077,0.0170791339699558,0.3333333333333333,0.562992125984252,0.5275590551181102,0.38976377952755903,0.4881889763779528,0.4921259842519685,False,False,False,False,False,일반 관찰지역
경기도,화성시 만세구,중국음식,HIGH,1.8279608432018188,1,1.5606642332904728,1,1.901628537098807,1,-0.0722929505196171,1,,,,,,,-0.1625527172966626,1,1.9937544625535648,1,1.7260226473014644,1,2.0675421002606984,1,139,7,6,127204,3520540000,4221270.983213429,152.52278177458035,5.0359712230215825,4.316546762589928,0.7194244604316548,2.0641812543954696,수요+/공급-,D 기타·동반감소,D 기타·동반감소,수요+/공급-,,,-0.0001827525182892,-0.0023502965903744,0.0662641506951995,0.0036244171056134,-0.0041912022709077,0.0170791339699558,0.3333333333333333,0.6901960784313725,0.7450980392156863,0.7098039215686275,0.5411764705882353,0.7215686274509804,False,False,False,False,False,일반 관찰지역
경기도,화성시 병점구,제과점,HIGH,3.600746728812036,1,3.700673040981984,1,3.1300869514565823,1,0.4563748477948702,0,,,,,,,1.789933085361428,1,1.7789712484947129,1,1.8771403985678776,1,1.3165878250173364,0,28,2,0,83706,914910000,5445892.857142857,498.25,7.142857142857142,0.0,7.142857142857142,1.3401538660951542,수요+/공급+,A 총시장·점포·점포당 증가,A 총시장·점포·점포당 증가,수요+/공급+,,,5.079191073126107e-05,-0.0002497377482025,0.149777494863762,0.0014965061393594,-0.0017911968105725,0.0129248863193627,0.6666666666666667,0.1141732283464567,0.5452755905511811,0.8149606299212598,0.594488188976378,0.3248031496062992,False,False,False,False,False,일반 관찰지역
경기도,화성시 병점구,중국음식,HIGH,-1.174059845778191,1,-1.4334762040729228,1,-0.3211368184792622,1,-0.8556709016090288,1,,,,,,,-1.13251863737025,1,-0.0420170594369821,0,-0.3044050101760579,0,0.8206761290044041,1,54,2,4,40181,1091500000,3368827.160493827,124.01543209876544,3.7037037037037033,7.4074074074074066,-3.7037037037037033,0.8113818188909878,수요-/공급-,D 기타·동반감소,부호 강건성 미충족,수요-/공급-,,,5.079191073126107e-05,-0.0002497377482025,0.149777494863762,0.0014965061393594,-0.0017911968105725,0.0129248863193627,0.6666666666666667,0.9333333333333333,0.5725490196078431,0.21568627450980393,0.1450980392156863,0.3431372549019608,True,False,True,True,False,수요취약 후보
경기도,화성시 효행구,제과점,HIGH,0.2662476718151205,1,0.3629577504710733,1,3.501968265755896,1,-3.126240638856839,1,,,,,,,-0.3521301708726976,0,0.6205630323539872,1,0.7176148597756903,1,3.867717838060632,1,40,1,1,64366,853760000,3557333.3333333335,268.19166666666666,2.5,2.5,0.0,3.8540984366285937,수요+/공급-,D 기타·동반감소,부호 강건성 미충족,부호 강건성 미충족,,,-0.0013865930208368,0.0885223010899046,0.0648031927849548,0.0027902639523146,-0.0032936562010262,0.0207344511085984,0.2222222222222222,0.29133858267716534,0.23622047244094488,0.4409448818897638,0.6377952755905512,0.39960629921259844,False,False,False,False,False,일반 관찰지역
경기도,화성시 효행구,중국음식,HIGH,-0.3952070014666393,1,-0.6566678348070679,1,1.526951394762147,1,-1.8932493981375684,1,,,,,,,0.0,0,-0.3952070014665939,1,-0.6566678348071335,1,1.526951394762134,1,47,1,2,48024,1282280000,4547092.1985815605,170.29787234042553,2.127659574468085,4.25531914893617,-2.127659574468085,1.526951394762147,수요+/공급+,C 총시장 감소/점포 증가,부호 강건성 미충족,부호 강건성 미충족,,,-0.0013865930208368,0.0885223010899046,0.0648031927849548,0.0027902639523146,-0.0032936562010262,0.0207344511085984,0.2222222222222222,0.6862745098039216,0.3784313725490196,0.3215686274509804,0.4666666666666667,0.2980392156862745,False,False,False,False,False,일반 관찰지역
경상남도,거제시,제과점,HIGH,4.435834840116124,1,4.5365666221107155,1,6.300424810002149,1,-1.7540757463751289,1,4.591620255672399,1.0,4.692502297800772,1.0,6.458991607291456,1.0,-0.1613594434733187,0,4.60462427970121,1,4.705518864636534,1,6.472227804240709,1,108,9,9,107208,1476890000,2279151.234567901,165.44444444444446,8.333333333333332,8.333333333333332,0.0,6.461784253475468,수요+/공급-,D 기타·동반감소,부호 강건성 미충족,부호 강건성 미충족,-0.1489463641307284,-0.0601809969353789,-0.0007370216046226,-0.0046705348746375,1.9622620197962404,0.0006188049770901,-0.0003074117029289,0.0079436663831812,0.1999999999999999,0.6791338582677166,0.6220472440944882,0.8622047244094488,0.8622047244094488,0.7165354330708661,False,False,False,False,False,일반 관찰지역
경상남도,거제시,중국음식,HIGH,1.1380175927705989,1,0.8725320717816414,1,2.161586323105629,1,-1.0019115473577194,1,1.2888837023138022,1.0,1.0230021604353294,1.0,2.3139792752335717,1.0,-0.0408005832673925,0,1.179299337045964,1,0.9137054522028376,1,2.2032858598548826,1,143,3,5,54035,1664660000,1940163.17016317,62.977855477855485,2.097902097902098,3.4965034965034967,-1.3986013986013983,2.2023869063730217,수요+/공급-,D 기타·동반감소,부호 강건성 미충족,부호 강건성 미충족,-0.1489463641307284,-0.0601809969353789,-0.0007370216046226,-0.0046705348746375,1.9622620197962404,0.0006188049770901,-0.0003074117029289,0.0079436663831812,0.1999999999999999,0.5294117647058824,0.36666666666666664,0.6313725490196078,0.611764705882353,0.7509803921568627,False,False,False,False,True,일반 관찰지역
경상남도,거창군,제과점,HIGH,9.082058868260804,1,9.187272085450656,1,9.364973367983994,1,-0.2586883999607612,0,9.07509896996048,1.0,9.180305474100546,1.0,9.357995418537856,1.0,0.0,0,9.08205886826083,1,9.187272085450694,1,9.364973367983978,1,19,0,0,21482,320700000,2813157.8947368423,188.43859649122808,0.0,0.0,0.0,9.364973367983994,수요+/공급+,A 총시장·점포·점포당 증가,부호 강건성 미충족,부호 강건성 미충족,0.0063808315243892,0.6705007500012122,-4.234519108214056e-05,-0.0364079242243924,4.520396990700166,0.0005834017816023,-0.0015522201444121,0.0147508206502675,0.0,0.1141732283464567,0.10236220472440945,0.9566929133858267,0.952755905511811,0.23622047244094488,False,False,False,False,False,일반 관찰지역
경상남도,거창군,중국음식,HIGH,1.9657611021434056,1,1.6981027689710424,1,6.134709399931433,1,-3.9279782470396234,1,1.9592552538421175,1.0,1.6916139984073513,1.0,6.1279375550357225,1.0,-0.2881940259516564,0,2.2604696666327517,1,1.9920377286513695,1,6.441467349969322,1,50,0,1,12816,395920000,1319733.3333333333,42.72,0.0,2.0,-2.0,6.4229034258830895,수요+/공급-,D 기타·동반감소,부호 강건성 미충족,부호 강건성 미충족,0.0063808315243892,0.6705007500012122,-4.234519108214056e-05,-0.0364079242243924,4.520396990700166,0.0005834017816023,-0.0015522201444121,0.0147508206502675,0.0,0.3137254901960784,0.11568627450980393,0.7372549019607844,0.9098039215686274,0.3137254901960784,False,False,False,False,False,일반 관찰지역
경상남도,고성군,제과점,HIGH,10.831668253466358,1,10.93856902619149,1,13.275547210135189,1,-2.157463827683126,1,10.913246908854047,1.0,11.020226366863222,1.0,13.358924704810892,1.0,1.3150497433543376,1,9.393094643114736,1,9.498607864492907,1,11.805252523764713,1,17,1,0,11132,216150000,2119117.6470588236,109.13725490196076,5.88235294117647,0.0,5.88235294117647,11.96049746678085,수요+/공급+,A 총시장·점포·점포당 증가,A 총시장·점포·점포당 증가,수요+/공급+,-0.073551769208161,0.0468757265935131,-0.0007952228869095,-0.2508603062436924,5.715209551750626,-0.0010152657612889,0.0013425853421344,0.0101957691932974,0.0,0.1141732283464567,0.4547244094488189,0.968503937007874,0.9763779527559056,0.20669291338582677,False,False,False,False,False,일반 관찰지역
경상남도,고성군,중국음식,HIGH,7.421572432557914,1,7.139592690404552,1,8.71800564738307,1,-1.1924733231678468,1,7.500641055964691,1.0,7.218453760062723,1.0,8.798028522224762,1.0,0.0,0,7.421572432557931,1,7.139592690404589,1,8.718005647383078,1,30,0,0,14570,388880000,2160444.4444444445,80.94444444444444,0.0,0.0,0.0,8.71800564738307,수요+/공급+,A 총시장·점포·점포당 증가,부호 강건성 미충족,부호 강건성 미충족,-0.073551769208161,0.0468757265935131,-0.0007952228869095,-0.2508603062436924,5.715209551750626,-0.0010152657612889,0.0013425853421344,0.0101957691932974,0.0,0.09411764705882353,0.11568627450980393,0.9490196078431372,0.9490196078431372,0.1980392156862745,False,False,False,False,False,일반 관찰지역
경상남도,김해시,제과점,HIGH,0.8896984158609211,0,0.987009833171674,0,4.0356411561416685,1,-3.0239086387319625,1,0.902461068628697,0.0,0.9997847959359016,0.0,4.0488017739688384,1.0,0.1872274882249449,0,0.7011581668117552,0,0.7982877308793702,0,3.841221844739646,1,198,17,16,344597,5035840000,4238922.558922559,290.06481481481484,8.585858585858585,8.080808080808081,0.5050505050505051,3.848413667916723,수요+/공급+,A 총시장·점포·점포당 증가,부호 강건성 미충족,부호 강건성 미충족,-0.0126485049350022,-0.016200507581991,-0.0005836079598601,-0.1762369382090122,2.845452058066296,0.0006683562059739,-0.000931603297584,0.0086863013790056,0.0,0.6496062992125984,0.6338582677165354,0.5590551181102362,0.7007874015748031,0.9566929133858267,False,False,False,False,True,일반 관찰지역
경상남도,김해시,중국음식,HIGH,3.5304281288944126,1,3.2586625722401252,1,5.06685709728264,1,-1.4623345656620177,1,3.543524836743253,1.0,3.2717249014607384,1.0,5.0801481650090095,1.0,-0.335486770801334,1,3.878928190624125,1,3.606247827424798,1,5.42052902587324,1,251,3,10,173107,4458850000,2960723.771580345,114.94488711819388,1.195219123505976,3.98406374501992,-2.788844621513944,5.402343868083975,수요+/공급-,D 기타·동반감소,D 기타·동반감소,수요+/공급-,-0.0126485049350022,-0.016200507581991,-0.0005836079598601,-0.1762369382090122,2.845452058066296,0.0006683562059739,-0.000931603297584,0.0086863013790056,0.0,0.6274509803921569,0.2784313725490196,0.8627450980392157,0.8784313725490196,0.9568627450980393,False,False,False,False,True,일반 관찰지역
경상남도,남해군,제과점,HIGH,6.73394732952588,1,6.836895716258054,1,8.714033244844508,1,-1.8213710375909773,1,6.587604753613499,1.0,6.690411988139844,1.0,8.564975779427646,1.0,0.0,0,6.733947329525902,1,6.836895716258071,1,8.714033244844503,1,21,0,0,21739,423650000,3362301.587301587,172.53174603174602,0.0,0.0,0.0,8.714033244844508,수요+/공급+,A 총시장·점포·점포당 증가,부호 강건성 미충족,부호 강건성 미충족,0.1372979308904213,0.8869339345618543,0.0016144457595201,-0.0464734050464769,3.2072839278382927,0.0005277046006173,0.0002850597323489,0.0202922804295471,0.0,0.1141732283464567,0.10236220472440945,0.9251968503937008,0.9330708661417323,0.2618110236220472,False,False,False,False,False,일반 관찰지역
경상남도,남해군,중국음식,HIGH,10.323878815446417,1,10.03428056997977,1,12.003778354641614,1,-1.499859704621788,1,10.17261409588486,1.0,9.883412917652027,1.0,11.85021033016169,1.0,-0.7718980567954041,1,11.182091217055362,1,10.890240179097976,1,12.875058739659714,1,30,0,1,18517,516090000,2867166.6666666665,102.87222222222222,0.0,3.3333333333333335,-3.3333333333333335,12.775676411437018,수요+/공급-,D 기타·동반감소,D 기타·동반감소,수요+/공급-,0.1372979308904213,0.8869339345618543,0.0016144457595201,-0.0464734050464769,3.2072839278382927,0.0005277046006173,0.0002850597323489,0.0202922804295471,0.0,0.4980392156862745,0.11568627450980393,0.9764705882352941,0.9764705882352941,0.1980392156862745,False,False,False,False,False,일반 관찰지역
경상남도,밀양시,제과점,HIGH,-1.9443976736687736,1,-1.8498198348264012,1,-1.6398059920771182,1,-0.3096696632858872,1,-1.84872291307057,1.0,-1.75405279278912,1.0,-1.5438340354439626,1.0,0.0,0,-1.9443976736687785,1,-1.8498198348263768,1,-1.6398059920771333,1,36,3,3,28373,452450000,2094675.9259259256,131.35648148148147,8.333333333333332,8.333333333333332,0.0,-1.6398059920771182,수요-/공급+,C 총시장 감소/점포 증가,부호 강건성 미충족,부호 강건성 미충족,-0.097476837222892,0.1699673716745775,-0.0002826965519613,0.0534354237802245,0.0166956035356202,0.0014670156683261,-0.0031609052094591,0.0145559950989237,0.9090909090909092,0.6791338582677166,0.6220472440944882,0.12992125984251968,0.04330708661417323,0.3720472440944882,False,False,True,True,False,일반 관찰지역
경상남도,밀양시,중국음식,HIGH,-3.890802073659515,1,-4.14308703129082,1,-2.7961492684966425,1,-1.1261413996721008,1,-3.797026457736192,1.0,-4.04955757471333,1.0,-2.7013055785154085,1.0,-0.1392788100973929,0,-3.7567556280992447,1,-4.0093924552973395,1,-2.6605760771011817,1,63,1,3,24617,695390000,1839656.084656085,65.12433862433862,1.5873015873015872,4.761904761904762,-3.1746031746031744,-2.6568704583992497,수요-/공급-,D 기타·동반감소,부호 강건성 미충족,부호 강건성 미충족,-0.097476837222892,0.1699673716745775,-0.0002826965519613,0.0534354237802245,0.0166956035356202,0.0014670156683261,-0.0031609052094591,0.0145559950989237,0.9090909090909092,0.7431372549019608,0.3137254901960784,0.00784313725490196,0.01568627450980392,0.3843137254901961,False,False,True,True,False,일반 관찰지역
경상남도,사천시,제과점,HIGH,2.935187284518378,1,3.034471642813493,1,5.268500413729777,1,-2.216534974888882,1,2.951080198277334,1.0,3.050379885808107,1.0,5.284753584707992,1.0,0.2808085448476852,0,2.6469458894356763,1,2.7459522294680077,1,4.973725223457386,1,39,3,1,48132,791500000,3382478.6324786325,205.69230769230768,7.6923076923076925,2.564102564102564,5.128205128205128,4.9876918688820915,수요+/공급+,A 총시장·점포·점포당 증가,부호 강건성 미충족,부호 강건성 미충족,-0.0154373453181269,0.2456622399095858,-1.749309227781889e-05,-0.1206981906687337,2.493368978606317,-0.0005774501910334,0.0007140843695447,0.0154673764986064,0.1999999999999999,0.297244094488189,0.5826771653543307,0.7637795275590551,0.8149606299212598,0.39173228346456695,False,False,False,False,False,일반 관찰지역
경상남도,사천시,중국음식,HIGH,1.009398198678515,0,0.7442503013414993,0,3.33604365991566,1,-2.251533326449231,1,1.0249937758253285,0.0,0.7598049403720488,0.0,3.3519984648118712,1.0,1.0521007394829778,1,-0.0422579446562085,0,-0.3046452630758372,0,2.260163721208331,1,73,5,3,37826,1106850000,2527054.794520548,86.3607305936073,6.8493150684931505,4.10958904109589,2.73972602739726,2.283942920432682,수요+/공급+,B 총시장·점포 증가/점포당 감소,부호 강건성 미충족,수요+/공급+,-0.0154373453181269,0.2456622399095858,-1.749309227781889e-05,-0.1206981906687337,2.493368978606317,-0.0005774501910334,0.0007140843695447,0.0154673764986064,0.1999999999999999,0.6529411764705882,0.8705882352941177,0.6,0.7490196078431373,0.4235294117647059,False,True,False,False,False,일반 관찰지역
경상남도,산청군,제과점,HIGH,4.105534784709121,1,4.205947981486,1,6.868431982657226,1,-2.5853258503844,1,4.148129693696799,1.0,4.248583974658017,1.0,6.912157334468456,1.0,-1.2353260923240683,0,5.407663150921526,1,5.50933229314009,1,8.205118039023333,1,12,0,1,10205,162720000,2260000.0,141.73611111111111,0.0,8.333333333333332,-8.333333333333332,8.103758074981295,수요+/공급-,D 기타·동반감소,부호 강건성 미충족,부호 강건성 미충족,-0.0408983906988635,0.8519879068420994,0.0024529097834345,0.1082892964380909,0.7021670994977663,-0.0029394499829797,0.0024975908828279,0.0160349600180823,0.0999999999999999,0.6791338582677166,0.10236220472440945,0.8543307086614174,0.9015748031496063,0.13188976377952755,False,False,False,False,False,일반 관찰지역
경상남도,산청군,중국음식,HIGH,0.3859816889264199,1,0.1224702489851885,1,1.683679612003827,1,-1.2762106249784566,1,0.4270547381405403,1.0,0.1634354821660356,1.0,1.7252836159365963,1.0,-0.9680748789157112,1,1.367292987777955,1,1.101205622901354,1,2.6776764035206693,1,24,0,1,8225,229800000,1595833.3333333333,57.11805555555555,0.0,4.166666666666666,-4.166666666666666,2.6517544909195383,수요+/공급-,D 기타·동반감소,D 기타·동반감소,수요+/공급-,-0.0408983906988635,0.8519879068420994,0.0024529097834345,0.1082892964380909,0.7021670994977663,-0.0029394499829797,0.0024975908828279,0.0160349600180823,0.0999999999999999,0.6666666666666666,0.11568627450980393,0.4745098039215686,0.5019607843137255,0.10588235294117647,False,False,False,False,False,일반 관찰지역
경상남도,양산시,제과점,HIGH,-3.2623759818980123,1,-3.1690693762852606,1,-1.4777456330562018,1,-1.8113982067391965,1,-3.267209824460176,1.0,-3.173907881246846,1.0,-1.4826686510785276,1.0,0.9426608323277744,1,-4.165767753250169,1,-4.073332498578494,1,-2.3978033127187217,1,142,10,3,200761,2798410000,3284518.779342723,235.63497652582157,7.042253521126761,2.112676056338028,4.929577464788732,-2.420406465383976,수요-/공급+,C 총시장 감소/점포 증가,C 총시장 감소/점포 증가,수요-/공급+,0.0049971085847645,-0.0424459829536165,-0.0005145547923389,0.1004298148377736,0.040741430874584,0.0026002034734505,-0.0038253318278197,0.0253858449199469,0.9,0.27165354330708663,0.5393700787401575,0.05511811023622047,0.06692913385826772,0.8248031496062992,False,False,True,True,True,일반 관찰지역
경상남도,양산시,중국음식,HIGH,-3.735181887605911,1,-3.987875345494086,1,-3.0856605072194507,1,-0.6702015241354924,1,-3.7399921047241462,1.0,-3.9926729358768567,1.0,-3.09050318000449,1.0,0.4731686584568435,1,-4.18853172668261,1,-4.440035149200499,1,-3.5420692043405073,1,175,8,5,83962,2205410000,2100390.476190476,79.96380952380952,4.571428571428571,2.857142857142857,1.7142857142857144,-3.5588291656762943,수요-/공급+,C 총시장 감소/점포 증가,C 총시장 감소/점포 증가,수요-/공급+,0.0049971085847645,-0.0424459829536165,-0.0005145547923389,0.1004298148377736,0.040741430874584,0.0026002034734505,-0.0038253318278197,0.0253858449199469,0.9,0.44313725490196076,0.6941176470588235,0.01568627450980392,0.00784313725490196,0.8509803921568627,False,False,True,True,True,일반 관찰지역
경상남도,의령군,제과점,HIGH,1.060300424666044,1,1.1577763931999003,1,3.2457994296992143,1,-2.1167921766360265,1,1.113374642782176,1.0,1.2109018031370873,1.0,3.3000214145486817,1.0,-2.5709667087205985,0,3.727089360037424,1,3.827137533811711,1,5.970259523185133,1,6,0,1,17307,381120000,10586666.666666666,480.75,0.0,16.666666666666664,-16.666666666666664,5.816766138419813,수요+/공급-,D 기타·동반감소,부호 강건성 미충족,부호 강건성 미충족,-0.0524898098828772,0.4265577353820972,0.0015509641329177,-0.0477975060682853,0.0856799826832404,0.0009656228496136,-0.0028860724131472,0.0187932429032798,0.5,0.9350393700787402,0.10236220472440945,0.5748031496062992,0.610236220472441,0.025590551181102362,True,False,False,False,False,관측변수로 미설명
경상남도,의령군,중국음식,HIGH,0.3457482013696664,0,0.0823423736271167,0,0.0190205448632083,0,0.3266655229441138,1,0.3984471554068927,0.0,0.1349029938349359,0.0,0.071547910108079,0.0,0.0,0,0.3457482013696613,0,0.0823423736271015,0,0.0190205448632134,0,20,0,0,4728,122250000,1018750.0,39.4,0.0,0.0,0.0,0.0190205448632083,수요+/공급+,A 총시장·점포·점포당 증가,부호 강건성 미충족,부호 강건성 미충족,-0.0524898098828772,0.4265577353820972,0.0015509641329177,-0.0477975060682853,0.0856799826832404,0.0009656228496136,-0.0028860724131472,0.0187932429032798,0.5,0.09411764705882353,0.11568627450980393,0.4627450980392157,0.21568627450980393,0.060784313725490195,False,False,False,True,False,일반 관찰지역
경상남도,진주시,제과점,HIGH,0.5052704604893139,0,0.6022110844507216,0,3.4007398414576304,1,-2.800240487067954,1,0.5406258191434994,0.0,0.6376005445058667,0.0,3.4371137572279338,1.0,0.3548118242906264,1,0.14992667861522,0,0.2465245618648486,0,3.035158914452518,1,186,21,21,184574,2599030000,2328879.9283154123,165.38888888888889,11.29032258064516,11.29032258064516,0.0,3.045928017167004,수요+/공급+,A 총시장·점포·점포당 증가,부호 강건성 미충족,수요+/공급+,-0.0351652462535429,0.0245503532388211,-0.0012084400097178,-0.0085030843511182,1.877963997176786,0.000913067008579,-0.001737873964624,0.007364702746485,0.0999999999999999,0.8346456692913385,0.7519685039370079,0.4881889763779528,0.6220472440944882,0.9488188976377953,True,True,False,False,True,고회전 교체시장 후보
경상남도,진주시,중국음식,HIGH,0.7884802542894382,0,0.5239122626788436,0,2.7601575052910228,1,-1.9187176225377172,1,0.8239352393989265,0.0,0.5592741790747442,0.0,2.7963060794634123,1.0,0.055629063240872,0,0.7324437394575755,0,0.468022842714872,0,2.7030247746888043,1,207,7,8,75220,2079020000,1673929.146537842,60.56360708534621,3.3816425120772946,3.864734299516908,-0.4830917874396135,2.7045284420501505,수요+/공급+,A 총시장·점포·점포당 증가,부호 강건성 미충족,부호 강건성 미충족,-0.0351652462535429,0.0245503532388211,-0.0012084400097178,-0.0085030843511182,1.877963997176786,0.000913067008579,-0.001737873964624,0.007364702746485,0.0999999999999999,0.6078431372549019,0.5215686274509804,0.5372549019607843,0.7019607843137254,0.9019607843137255,False,False,False,False,True,일반 관찰지역
경상남도,창녕군,제과점,HIGH,-1.676336370210121,1,-1.5814999774640168,1,-1.5141505366134065,1,-0.1646793265026562,0,-1.4943871648730944,0.0,-1.3993752761613374,0.0,-1.3319012043033718,1.0,0.0,0,-1.676336370210121,1,-1.5814999774640417,1,-1.5141505366134065,1,17,0,0,11443,190060000,1863333.3333333335,112.18627450980392,0.0,0.0,0.0,-1.5141505366134065,수요-/공급+,C 총시장 감소/점포 증가,부호 강건성 미충족,부호 강건성 미충족,-0.1847094800999289,-0.1068369590046331,-0.0015995767086685,0.701847162836134,-0.0539572216483529,0.0018969838880512,-0.0036758785840677,0.0171003573123034,0.8888888888888888,0.1141732283464567,0.10236220472440945,0.14960629921259844,0.05905511811023622,0.20669291338582677,False,False,True,True,False,일반 관찰지역
경상남도,창녕군,중국음식,HIGH,-3.810943052333202,1,-4.063437638493838,1,-2.999738575751465,1,-0.836291020942545,1,-3.632943964141771,1.0,-3.885905794784567,1.0,-2.820238343232884,1.0,0.0,0,-3.8109430523332266,1,-4.063437638493814,1,-2.9997385757514676,1,53,0,0,20367,516310000,1623616.352201258,64.04716981132076,0.0,0.0,0.0,-2.999738575751465,수요-/공급+,C 총시장 감소/점포 증가,부호 강건성 미충족,부호 강건성 미충족,-0.1847094800999289,-0.1068369590046331,-0.0015995767086685,0.701847162836134,-0.0539572216483529,0.0018969838880512,-0.0036758785840677,0.0171003573123034,0.8888888888888888,0.09411764705882353,0.11568627450980393,0.011764705882352941,0.011764705882352941,0.3333333333333333,False,False,True,True,False,일반 관찰지역
경상남도,창원시 마산합포구,제과점,HIGH,5.316348172951314,1,5.417929238883954,1,7.992308091985382,1,-2.477917146427424,1,5.449057376563333,1.0,5.550766444867811,1.0,8.128389274553317,1.0,1.484196003237946,1,3.7761073355609738,1,3.876202788777556,1,6.412931614041428,1,56,8,4,147771,2047460000,6093630.952380952,439.7946428571428,14.285714285714285,7.142857142857142,7.142857142857142,6.508112088747437,수요+/공급+,A 총시장·점포·점포당 증가,A 총시장·점포·점포당 증가,수요+/공급+,-0.1258514840375561,-0.206560004912722,-0.0016901162100342,-0.0211733628153913,2.813550130497147,0.0003347491071975,-0.0004167342130111,0.0049105727793064,0.0,0.5787401574803149,0.8582677165354331,0.8976377952755905,0.9173228346456693,0.48031496062992124,False,True,False,False,False,일반 관찰지역
경상남도,창원시 마산합포구,중국음식,HIGH,3.930554823296084,1,3.657738941092075,1,5.649433017714889,1,-1.6269639555288282,1,4.061517787743965,1.0,3.788358130056976,1.0,5.782561941771538,1.0,-0.2365834029529551,1,4.1770203631662195,1,3.903557513246088,1,5.899974781779928,1,97,1,2,71265,1808260000,3106975.9450171823,122.44845360824742,1.0309278350515465,2.061855670103093,-1.0309278350515465,5.886016420667844,수요+/공급-,D 기타·동반감소,D 기타·동반감소,수요+/공급-,-0.1258514840375561,-0.206560004912722,-0.0016901162100342,-0.0211733628153913,2.813550130497147,0.0003347491071975,-0.0004167342130111,0.0049105727793064,0.0,0.3235294117647059,0.2549019607843137,0.8784313725490196,0.8980392156862745,0.5509803921568628,False,False,False,False,False,일반 관찰지역
경상남도,창원시 마산회원구,제과점,HIGH,6.592260277980749,1,6.695072002912801,1,8.716328696113774,1,-1.953771290484125,1,6.810008648427068,1.0,6.913030398791599,1.0,8.938416147423526,1.0,-0.6042641686478193,0,7.2402748331569455,1,7.343711589343836,1,9.377256264369445,1,53,2,4,153906,2056860000,6468113.20754717,483.9811320754717,3.7735849056603774,7.547169811320755,-3.7735849056603774,9.320592864761592,수요+/공급-,D 기타·동반감소,부호 강건성 미충족,부호 강건성 미충족,-0.2038651369864196,-0.282007931015911,-0.0012551949195841,-0.1705454433449872,4.588780332948198,-0.0005546284931822,0.0009779147582337,0.0178030476483494,0.1999999999999999,0.5984251968503937,0.27165354330708663,0.9212598425196851,0.937007874015748,0.4645669291338583,False,False,False,False,False,일반 관찰지역
경상남도,창원시 마산회원구,중국음식,HIGH,6.836523110690798,1,6.55607911273848,1,8.80115415466121,1,-1.805707907452617,1,7.054770465150067,1.0,6.7737535717229775,1.0,9.023414888771478,1.0,0.0,0,6.836523110690809,1,6.556079112738445,1,8.801154154661232,1,84,0,0,54882,1268950000,2517757.936507937,108.89285714285714,0.0,0.0,0.0,8.80115415466121,수요+/공급+,A 총시장·점포·점포당 증가,부호 강건성 미충족,부호 강건성 미충족,-0.2038651369864196,-0.282007931015911,-0.0012551949195841,-0.1705454433449872,4.588780332948198,-0.0005546284931822,0.0009779147582337,0.0178030476483494,0.1999999999999999,0.09411764705882353,0.11568627450980393,0.9411764705882353,0.9529411764705882,0.48627450980392156,False,False,False,False,False,일반 관찰지역
경상남도,창원시 성산구,제과점,HIGH,1.9054912216006976,1,2.003782404330257,1,4.999578655248812,1,-2.9467617615944066,1,2.0604895446130356,1.0,2.1589302282998593,1.0,5.15928308739931,1.0,0.7411103769530205,1,1.1558149798933337,0,1.2533830753428998,0,4.227140501391618,1,99,6,3,241128,3298480000,5552996.632996633,405.93939393939394,6.0606060606060606,3.0303030303030303,3.0303030303030303,4.258468278295791,수요+/공급+,A 총시장·점포·점포당 증가,부호 강건성 미충족,수요+/공급+,-0.1518690765681054,-0.011517401298534,2.9136511614420117e-05,-0.0796956890931004,3.2243360011840485,0.0002507519744919,-0.0006569435244866,0.0106321427356606,0.0999999999999999,0.32677165354330706,0.4704724409448819,0.6850393700787402,0.8031496062992126,0.687007874015748,False,False,False,False,False,일반 관찰지역
경상남도,창원시 성산구,중국음식,HIGH,1.3964365720498504,1,1.1302727057760995,1,3.782817734465653,1,-2.299399086004306,1,1.550660622586198,1.0,1.2840919208867465,1.0,3.9406714724094902,1.0,-0.2317851672663992,1,1.6320044836384768,1,1.3652222557315452,1,4.023929774089626,1,99,0,1,88305,2602630000,4381531.986531987,148.66161616161617,0.0,1.0101010101010102,-1.0101010101010102,4.014602901732052,수요+/공급-,D 기타·동반감소,D 기타·동반감소,수요+/공급-,-0.1518690765681054,-0.011517401298534,2.9136511614420117e-05,-0.0796956890931004,3.2243360011840485,0.0002507519744919,-0.0006569435244866,0.0106321427356606,0.0999999999999999,0.20784313725490197,0.11568627450980393,0.6588235294117647,0.7843137254901961,0.5627450980392157,False,False,False,False,False,일반 관찰지역
경상남도,창원시 의창구,제과점,HIGH,3.9081335104345354,1,4.008356307219374,1,6.799665293496579,1,-2.7074352481497184,1,3.677220794148105,1.0,3.777220868057847,1.0,6.5623267909343586,1.0,0.9695547367534106,1,2.9103612285332177,1,3.009621641284509,1,5.774127232652785,1,67,7,1,202929,2998180000,7458159.203980099,504.7985074626866,10.44776119402985,1.4925373134328357,8.955223880597014,5.830110556743168,수요+/공급+,A 총시장·점포·점포당 증가,A 총시장·점포·점포당 증가,수요+/공급+,0.2227227104639239,0.0102450556712729,-0.0007143661808651,-0.1221710170751019,4.191527901780126,-0.0003479465027477,0.0002596818639299,0.0120178973012759,0.0,0.25,0.7204724409448819,0.8307086614173228,0.8976377952755905,0.5295275590551181,False,False,False,False,False,일반 관찰지역
경상남도,창원시 의창구,중국음식,HIGH,5.270617977388783,1,4.994284452926311,1,6.319493018225324,1,-0.9865312663377248,1,5.036677442407811,1.0,4.760958007743513,1.0,6.08322159174875,1.0,0.3222970075377188,1,4.9324239151734055,1,4.656978144188236,1,5.97792932336571,1,89,5,4,68346,1679270000,3144700.374531835,127.98876404494382,5.617977528089887,4.49438202247191,1.1235955056179776,5.997196010687605,수요+/공급+,A 총시장·점포·점포당 증가,A 총시장·점포·점포당 증가,수요+/공급+,0.2227227104639239,0.0102450556712729,-0.0007143661808651,-0.1221710170751019,4.191527901780126,-0.0003479465027477,0.0002596818639299,0.0120178973012759,0.0,0.7137254901960784,0.807843137254902,0.9058823529411765,0.9176470588235294,0.5078431372549019,False,True,False,False,False,일반 관찰지역
경상남도,창원시 진해구,제과점,HIGH,8.001895839611228,1,8.106067204194712,1,11.420731012953814,1,-3.068401312988326,1,8.17848797575134,1.0,8.28282966923192,1.0,11.602913230653932,1.0,0.6739206514051969,1,7.278921036143918,1,7.382395067858882,1,10.674870206714852,1,72,4,3,119374,1716520000,3973425.9259259263,276.3287037037037,5.555555555555555,4.166666666666666,1.3888888888888888,10.746810361548617,수요+/공급+,A 총시장·점포·점포당 증가,A 총시장·점포·점포당 증가,수요+/공급+,-0.1632414534946879,-0.160312820289335,-0.0005785872773564,-0.4047435675275743,5.027368841833998,-0.0004325342187541,0.0010666016774607,0.0085489390288199,0.0,0.38779527559055116,0.41141732283464566,0.9448818897637795,0.9645669291338582,0.5649606299212598,False,False,False,False,False,일반 관찰지역
경상남도,창원시 진해구,중국음식,HIGH,6.793755126766024,1,6.513423394020817,1,8.27759610383185,1,-1.3704044331044396,1,6.968371851756437,1.0,6.68758175317303,1.0,8.454639032971688,1.0,0.1337584027260382,0,6.651100318490251,1,6.371143052112894,1,8.132959184805856,1,85,2,1,68775,1820040000,3568705.882352941,134.85294117647058,2.3529411764705883,1.1764705882352942,1.1764705882352942,8.143837701105813,수요+/공급+,A 총시장·점포·점포당 증가,부호 강건성 미충족,부호 강건성 미충족,-0.1632414534946879,-0.160312820289335,-0.0005785872773564,-0.4047435675275743,5.027368841833998,-0.0004325342187541,0.0010666016774607,0.0085489390288199,0.0,0.2235294117647059,0.40980392156862744,0.9372549019607843,0.9411764705882353,0.49607843137254903,False,False,False,False,False,일반 관찰지역
경상남도,통영시,제과점,HIGH,6.172456535151325,1,6.274863345628741,1,8.576613000255975,1,-2.214248905608244,1,6.2758938245019005,1.0,6.378400403631524,1.0,8.682392511271589,1.0,0.3680597834492944,0,5.78311144424369,1,5.885142718633557,1,8.178451625464486,1,46,6,5,56864,942150000,3413586.9565217393,206.0289855072464,13.043478260869565,10.869565217391305,2.1739130434782608,8.208553216806681,수요+/공급+,A 총시장·점포·점포당 증가,부호 강건성 미충족,부호 강건성 미충족,-0.0973290231944881,0.2890069225359245,0.0008458350444124,-0.2428894376352883,2.8107679827405736,-0.0001706212770052,0.0004927261091474,0.0091498594966341,0.0999999999999999,0.8110236220472441,0.8070866141732284,0.905511811023622,0.9291338582677166,0.42322834645669294,True,True,False,False,False,고회전 교체시장 후보
경상남도,통영시,중국음식,HIGH,2.0516656624350698,0,1.7837818312997735,0,3.226885437704559,1,-1.1384822571041298,1,2.1510883188784096,0.0,1.882943505015005,0.0,3.3274530384386187,1.0,-0.1232560126057095,0,2.1776057050030713,0,1.9093912834665303,0,3.3542757969093264,1,69,2,1,36589,977030000,2359975.845410628,88.3792270531401,2.898550724637681,1.4492753623188406,1.4492753623188406,3.3501414503102684,수요+/공급-,D 기타·동반감소,부호 강건성 미충족,부호 강건성 미충족,-0.0973290231944881,0.2890069225359245,0.0008458350444124,-0.2428894376352883,2.8107679827405736,-0.0001706212770052,0.0004927261091474,0.0091498594966341,0.0999999999999999,0.23921568627450981,0.4764705882352941,0.7529411764705882,0.7450980392156863,0.40784313725490196,False,False,False,False,False,일반 관찰지역
경상남도,하동군,제과점,HIGH,12.88008263620122,1,12.988959171664897,1,16.080040630165776,1,-2.756682351757316,1,13.054008497519067,1.0,13.16305279017034,1.0,16.258896993280565,1.0,0.0,0,12.880082636201266,1,12.988959171664854,1,16.08004063016579,1,17,0,0,11794,243430000,2386568.62745098,115.62745098039215,0.0,0.0,0.0,16.080040630165776,수요+/공급+,A 총시장·점포·점포당 증가,부호 강건성 미충족,부호 강건성 미충족,-0.1538431618916126,0.4018138808775277,0.0006922218843632,-0.2069981173972472,4.6610257352817115,-0.0004713415125889,0.0018693785959941,0.0120900268690565,0.0,0.1141732283464567,0.10236220472440945,0.984251968503937,0.9881889763779528,0.20669291338582677,False,False,False,False,False,일반 관찰지역
경상남도,하동군,중국음식,HIGH,10.167369494314944,1,9.878182083069218,1,10.689804440185268,1,-0.4719810903203337,1,10.337115601696675,1.0,10.047482609898443,1.0,10.86035551639598,1.0,0.5807370554741221,0,9.53128075960858,1,9.243763070126672,1,10.050699249833098,1,20,2,2,12203,334100000,2784166.666666667,101.69166666666666,10.0,10.0,0.0,10.109067384711146,수요+/공급+,A 총시장·점포·점포당 증가,부호 강건성 미충족,부호 강건성 미충족,-0.1538431618916126,0.4018138808775277,0.0006922218843632,-0.2069981173972472,4.6610257352817115,-0.0004713415125889,0.0018693785959941,0.0120900268690565,0.0,0.9803921568627451,0.9725490196078431,0.9725490196078431,0.9725490196078431,0.060784313725490195,True,True,False,False,False,고회전 교체시장 후보
경상남도,함안군,제과점,HIGH,-0.3603082508122027,0,-0.2642025058573965,0,1.883781866518516,1,-2.2025979760652468,1,-0.1324838410403961,0.0,-0.0361583519832736,0.0,2.116737349033293,1.0,0.0,0,-0.3603082508121774,0,-0.2642025058573863,0,1.8837818665184904,1,15,1,0,19761,300580000,3339777.7777777775,219.56666666666663,6.666666666666667,0.0,6.666666666666667,1.883781866518516,수요+/공급+,C 총시장 감소/점포 증가,부호 강건성 미충족,부호 강건성 미충족,-0.2281266407078123,0.2244713503938076,-0.0003696320537134,0.079993484434993,-0.3600338350936379,-0.0006774800047761,0.0003120967071585,0.0204204034640348,0.625,0.1141732283464567,0.5177165354330708,0.35039370078740156,0.4330708661417323,0.17913385826771652,False,False,False,False,False,일반 관찰지역
경상남도,함안군,중국음식,HIGH,0.3506947899752315,1,0.0872759775243852,0,1.3254073159492343,1,-0.9619626032537816,1,0.5801448957449445,1.0,0.3161237807938136,1.0,1.557086084835323,1.0,-0.764708734390172,1,1.1239988416821545,1,0.8585501196687445,0,2.1062225178994565,1,34,0,1,30968,694800000,3405882.3529411764,151.80392156862743,0.0,2.941176470588235,-2.941176470588235,2.0901160503394065,수요+/공급-,D 기타·동반감소,D 기타·동반감소,수요+/공급-,-0.2281266407078123,0.2244713503938076,-0.0003696320537134,0.079993484434993,-0.3600338350936379,-0.0006774800047761,0.0003120967071585,0.0204204034640348,0.625,0.4647058823529412,0.11568627450980393,0.4666666666666667,0.4235294117647059,0.2235294117647059,False,False,False,False,False,일반 관찰지역
경상남도,함양군,제과점,HIGH,6.348517433327816,1,6.4510940603059135,1,6.069273213167371,1,0.2632658937893046,0,6.516403117089651,1.0,6.6191416753064,1.0,6.236718071725695,1.0,0.0,0,6.348517433327848,1,6.45109406030593,1,6.069273213167362,1,10,0,0,9278,150820000,2513666.666666667,154.63333333333333,0.0,0.0,0.0,6.069273213167371,수요+/공급+,A 총시장·점포·점포당 증가,부호 강건성 미충족,부호 강건성 미충족,-0.1576148638602397,0.9706071569430796,0.0027959560167354,0.0460372009435403,2.5337994008870903,0.0005968817818157,-0.000607675947428,0.01120184557344,0.0,0.1141732283464567,0.10236220472440945,0.9133858267716536,0.8503937007874016,0.10039370078740158,False,False,False,False,False,일반 관찰지역
경상남도,함양군,중국음식,HIGH,3.172369138460328,1,2.9015434803712687,1,4.176794354500365,1,-0.9641544667059406,1,3.335240837626245,1.0,3.063987644185578,1.0,4.341251676280001,1.0,-0.8131160717433654,1,4.018157494580172,1,3.745111656901644,1,5.030816806235204,1,25,2,3,7307,183320000,1222133.3333333333,48.71333333333333,8.0,12.0,-4.0,4.98991042624373,수요+/공급-,D 기타·동반감소,D 기타·동반감소,수요+/공급-,-0.1576148638602397,0.9706071569430796,0.0027959560167354,0.0460372009435403,2.5337994008870903,0.0005968817818157,-0.000607675947428,0.01120184557344,0.0,0.996078431372549,0.9215686274509803,0.8470588235294118,0.8156862745098039,0.11960784313725491,True,True,False,False,False,고회전 교체시장 후보
경상남도,합천군,제과점,HIGH,11.616189524638578,1,11.723846993815403,1,15.032347549504188,1,-2.969736858926094,1,11.76089837711686,1.0,11.868695422719778,1.0,15.181485403812452,1.0,0.0,0,11.616189524638587,1,11.72384699381547,1,15.032347549504188,1,9,0,0,9137,161090000,2983148.148148148,169.2037037037037,0.0,0.0,0.0,15.032347549504188,수요+/공급+,A 총시장·점포·점포당 증가,부호 강건성 미충족,부호 강건성 미충족,-0.1294807527315794,0.6952236694307545,0.0020467433629661,-0.1289514284664231,4.123705813916206,-0.0007979897824763,0.0016192356542311,0.0213816629158032,0.1111111111111111,0.1141732283464567,0.10236220472440945,0.9763779527559056,0.9803149606299213,0.07874015748031496,False,False,False,False,False,일반 관찰지역
경상남도,합천군,중국음식,HIGH,7.749949438023792,1,7.467107711994866,1,9.565488216930754,1,-1.657035265805883,1,7.889645763477791,1.0,7.606437337046469,1.0,9.70753836340696,1.0,0.5208897116237942,0,7.191599424894542,1,6.910223357849768,1,8.997730254133499,1,27,1,0,12235,336200000,2075308.6419753088,75.5246913580247,3.7037037037037033,0.0,3.7037037037037033,9.04459850530696,수요+/공급+,A 총시장·점포·점포당 증가,부호 강건성 미충족,부호 강건성 미충족,-0.1294807527315794,0.6952236694307545,0.0020467433629661,-0.1289514284664231,4.123705813916206,-0.0007979897824763,0.0016192356542311,0.0213816629158032,0.1111111111111111,0.09411764705882353,0.5725490196078431,0.9607843137254902,0.9647058823529412,0.1588235294117647,False,False,False,False,False,일반 관찰지역
경상북도,경산시,제과점,HIGH,2.0100021965986343,1,2.1083941835852884,1,4.572771546342212,1,-2.450704243415679,1,1.9974362146588895,1.0,2.095816081344592,1.0,4.559889872679404,1.0,-0.0512364124236398,0,2.0622952551245826,1,2.160737680478312,1,4.6263783490570605,1,112,2,3,196519,2199480000,3273035.714285714,292.43898809523813,1.7857142857142856,2.6785714285714284,-0.8928571428571428,4.624007958765851,수요+/공급-,D 기타·동반감소,부호 강건성 미충족,부호 강건성 미충족,0.0123198997995389,-0.4762402941515767,-0.0013201333671635,0.6108614804849685,-0.0410015726086056,1.4381091905479078e-05,0.0006768436786835,0.0309029156752387,0.2222222222222222,0.3110236220472441,0.21653543307086615,0.6929133858267716,0.7755905511811023,0.7303149606299213,False,False,False,False,False,일반 관찰지역
경상북도,경산시,중국음식,HIGH,4.569543618420172,1,4.295050401844637,1,7.484020469237025,1,-2.711544318953899,1,4.556662342385861,1.0,4.2822029389338185,1.0,7.470780176805472,1.0,-0.3905603056489048,1,4.979552077884412,1,4.7039825962993005,1,7.905456349366963,1,171,2,7,75231,1711940000,1668557.5048732942,73.32456140350877,1.1695906432748535,4.093567251461988,-2.923976608187134,7.87458077488593,수요+/공급-,D 기타·동반감소,D 기타·동반감소,수요+/공급-,0.0123198997995389,-0.4762402941515767,-0.0013201333671635,0.6108614804849685,-0.0410015726086056,1.4381091905479078e-05,0.0006768436786835,0.0309029156752387,0.2222222222222222,0.6470588235294118,0.27450980392156865,0.8941176470588236,0.9372549019607843,0.8392156862745098,False,False,False,False,True,일반 관찰지역
경상북도,경주시,제과점,HIGH,0.5068126951484869,1,0.6037548066457171,1,0.5138042662153012,1,-0.0069558317067288,0,0.5624226640123372,1.0,0.6594184131452016,1.0,0.5694181034840436,1.0,-1.1581040980382418,1,1.6844241786277716,1,1.782502134956522,1,1.6914976680656475,1,185,3,16,219469,4779330000,4305702.702702703,197.7198198198198,1.6216216216216215,8.64864864864865,-7.027027027027027,1.671908364253543,수요+/공급-,D 기타·동반감소,D 기타·동반감소,수요+/공급-,-0.0552989550078881,0.2260537898179924,-0.0002831078628703,0.0209542482864254,-0.0486825829177652,0.0021990349660654,-0.0035752059819827,0.014973220203611,0.7777777777777778,0.7007874015748031,0.2125984251968504,0.4921259842519685,0.20866141732283464,0.9448818897637795,False,False,False,True,True,일반 관찰지역
경상북도,경주시,중국음식,HIGH,-2.2030835622354252,1,-2.4597987513360597,1,-0.8986686492461544,0,-1.3162435814030995,1,-2.148972966821604,1.0,-2.405830195285466,1.0,-0.8438363269090063,0.0,-0.5306428870062249,1,-1.6813627068378152,1,-1.9394474040265588,1,-0.3699890829915033,0,188,5,7,83390,2305150000,2043572.695035461,73.927304964539,2.6595744680851063,3.723404255319149,-1.0638297872340423,-0.3680257622399295,수요-/공급-,D 기타·동반감소,D 기타·동반감소,부호 강건성 미충족,-0.0552989550078881,0.2260537898179924,-0.0002831078628703,0.0209542482864254,-0.0486825829177652,0.0021990349660654,-0.0035752059819827,0.014973220203611,0.7777777777777778,0.5607843137254902,0.45098039215686275,0.06274509803921569,0.09803921568627451,0.8764705882352941,False,False,True,True,True,일반 관찰지역
경상북도,고령군,제과점,HIGH,0.75694284549387,1,0.854126215710528,1,2.016155745916933,1,-1.2343269467625049,1,0.8159055774305513,1.0,0.9131458191326374,1.0,2.075855366355818,1.0,0.0,0,0.75694284549387,1,0.8541262157104976,1,2.016155745916941,1,9,0,0,15501,221370000,4099444.444444445,287.05555555555554,0.0,0.0,0.0,2.016155745916933,수요+/공급+,A 총시장·점포·점포당 증가,부호 강건성 미충족,부호 강건성 미충족,-0.0584855451121233,0.0967762880935487,-0.0001715550376213,0.1487810149543441,-0.3801657783326925,0.0012229781806788,-0.0024653166799709,0.021142911884944,0.5,0.1141732283464567,0.10236220472440945,0.547244094488189,0.452755905511811,0.07874015748031496,False,False,False,False,False,일반 관찰지역
경상북도,고령군,중국음식,HIGH,0.2671189122840781,1,0.0039194850451718,1,0.7376514934354094,1,-0.4670871061372654,1,0.325795000378113,1.0,0.0624415494379035,1.0,0.7966029361170999,1.0,-0.8924671011990647,1,1.1700281296147186,1,0.9044585815284102,1,1.6447978745460086,1,26,0,1,14837,329360000,2111282.0512820515,95.10897435897436,0.0,3.8461538461538463,-3.8461538461538463,1.630118594634474,수요+/공급-,D 기타·동반감소,D 기타·동반감소,수요+/공급-,-0.0584855451121233,0.0967762880935487,-0.0001715550376213,0.1487810149543441,-0.3801657783326925,0.0012229781806788,-0.0024653166799709,0.021142911884944,0.5,0.5980392156862745,0.11568627450980393,0.44313725490196076,0.3333333333333333,0.13725490196078433,False,False,False,False,False,일반 관찰지역
경상북도,구미시,제과점,HIGH,0.0250987097721915,1,0.1215761923589647,0,1.7075734078156994,1,-1.654227548323578,1,0.0669302695917121,1.0,0.163448100087496,1.0,1.7501085964432364,1.0,1.455452069738156,1,-1.40983390324135,1,-1.3147404601404356,1,0.2485044745591801,0,158,14,3,242001,3169020000,3342848.101265823,255.2753164556962,8.860759493670885,1.89873417721519,6.962025316455696,0.2521213380775433,수요+/공급+,B 총시장·점포 증가/점포당 감소,B 총시장·점포 증가/점포당 감소,수요+/공급+,-0.041803580570351,0.0832715809634903,-0.0011574072198866,0.1034592549174947,-0.00856901703613,0.0018861389762964,-0.0023952979318684,0.0170428551762626,0.7777777777777778,0.25984251968503935,0.6535433070866141,0.4015748031496063,0.39763779527559057,0.8740157480314961,False,False,False,False,True,일반 관찰지역
경상북도,구미시,중국음식,HIGH,-0.3280781833154227,1,-0.5897152286253324,1,0.6350909893844604,1,-0.9570907754249244,1,-0.2863943258278054,1.0,-0.548140790531978,1.0,0.677177654461215,1.0,0.3878976333896871,1,-0.7132092947297657,1,-0.9738353776320606,1,0.2462382038296245,1,190,4,1,99178,2596090000,2277271.9298245613,86.9982456140351,2.1052631578947367,0.5263157894736842,1.5789473684210529,0.2471933559947733,수요+/공급+,C 총시장 감소/점포 증가,C 총시장 감소/점포 증가,수요+/공급+,-0.041803580570351,0.0832715809634903,-0.0011574072198866,0.1034592549174947,-0.00856901703613,0.0018861389762964,-0.0023952979318684,0.0170428551762626,0.7777777777777778,0.18823529411764706,0.37254901960784315,0.32941176470588235,0.30980392156862746,0.8823529411764706,False,False,False,False,True,일반 관찰지역
경상북도,김천시,제과점,HIGH,1.0017544918711083,1,1.099173990935966,1,3.181288927134592,1,-2.1123349571671373,1,1.0958291050340567,1.0,1.1933393421433636,1.0,3.2773935927447,1.0,-0.6359027065957077,1,1.648137751034084,1,1.7461807079153606,1,3.841620603122699,1,54,2,3,39488,537510000,1658981.4814814816,121.87654320987654,3.7037037037037033,5.555555555555555,-1.8518518518518516,3.817191633730299,수요+/공급-,D 기타·동반감소,D 기타·동반감소,수요+/공급-,-0.0930548905882247,0.2146960606733756,-0.0009554514691097,0.19025340749876,-0.2360437102685078,0.0028044062074388,-0.0039228000401182,0.0131482091515103,0.5,0.4921259842519685,0.2677165354330709,0.5708661417322834,0.6023622047244095,0.47244094488188976,False,False,False,False,False,일반 관찰지역
경상북도,김천시,중국음식,HIGH,-0.0620011679761009,0,-0.3243366607810868,0,0.4253341946575174,1,-0.4852713376975794,1,0.0310826465347877,1.0,-0.2314971896494152,0.0,0.5188719209440747,1.0,-0.2390577976015317,1,0.1774809115837703,1,-0.085483217476614,0,0.6659840791310105,1,97,0,2,34144,834400000,1433676.975945017,58.66666666666667,0.0,2.061855670103093,-2.061855670103093,0.6643919922590492,수요+/공급-,D 기타·동반감소,부호 강건성 미충족,수요+/공급-,-0.0930548905882247,0.2146960606733756,-0.0009554514691097,0.19025340749876,-0.2360437102685078,0.0028044062074388,-0.0039228000401182,0.0131482091515103,0.5,0.3235294117647059,0.11568627450980393,0.3843137254901961,0.2784313725490196,0.5509803921568628,False,False,False,False,False,일반 관찰지역
경상북도,문경시,제과점,HIGH,2.978292703949332,1,3.077618638832732,1,3.1811720891411985,1,-0.1966244238984277,0,3.1005654257255775,1.0,3.200009296652436,1.0,3.303685702604151,1.0,0.9005038013713511,1,2.059245320190076,1,2.1576848037817045,1,2.26031407361404,1,25,23,22,31541,441600000,2944000.0,210.2733333333333,92.0,88.0,4.0,2.280668287769847,수요+/공급+,A 총시장·점포·점포당 증가,A 총시장·점포·점포당 증가,수요+/공급+,-0.1185955879789581,0.4006070139978739,2.601669499351446e-05,0.0923582843203079,-0.0716384205053392,-0.0011122744692321,0.0008236040649618,0.0177373980910737,0.5,1.0,1.0,0.7716535433070866,0.5984251968503937,0.30118110236220474,True,True,False,False,False,고회전 교체시장 후보
경상북도,문경시,중국음식,HIGH,1.103619628646466,1,0.8382244017095755,1,0.8164620185358252,1,0.2848320644875197,1,1.22366643102425,1.0,0.9579560833382,1.0,0.9361678602931708,1.0,0.4210824312494708,1,0.6796752045212232,0,0.4153928242565304,0,0.3937216944032097,1,67,3,1,15611,418320000,1040597.0149253733,38.833333333333336,4.477611940298507,1.4925373134328357,2.9850746268656714,0.3953795872863544,수요+/공급+,A 총시장·점포·점포당 증가,부호 강건성 미충족,수요+/공급+,-0.1185955879789581,0.4006070139978739,2.601669499351446e-05,0.0923582843203079,-0.0716384205053392,-0.0011122744692321,0.0008236040649618,0.0177373980910737,0.5,0.24705882352941178,0.6784313725490196,0.611764705882353,0.35294117647058826,0.396078431372549,False,False,False,False,False,일반 관찰지역
경상북도,봉화군,제과점,HIGH,2.400515691524925,1,2.4992843415630692,1,3.695083916465726,1,-1.2484374148187198,1,2.4852810177656393,1.0,2.584131426736257,1.0,3.78092086326607,1.0,0.0,0,2.4005156915249044,1,2.499284341563079,1,3.6950839164657494,1,9,0,0,6110,108020000,2000370.3703703703,113.14814814814817,0.0,0.0,0.0,3.695083916465726,수요+/공급+,A 총시장·점포·점포당 증가,부호 강건성 미충족,부호 강건성 미충족,-0.0827097563659301,0.4886012647914092,0.0017452956949468,0.2118749078069535,-0.4280183759005231,0.0009174975975197,-0.0020972063866361,0.0161245745211773,0.0,0.1141732283464567,0.10236220472440945,0.7283464566929134,0.6535433070866141,0.07874015748031496,False,False,False,False,False,일반 관찰지역
경상북도,봉화군,중국음식,HIGH,4.4099708686206185,1,4.135896527712448,1,4.555335475602288,1,-0.1390312663819717,1,4.4963995861294865,1.0,4.222098371354858,1.0,4.641884523348267,1.0,0.0,0,4.4099708686206185,1,4.135896527712432,1,4.555335475602278,1,29,0,0,5233,142080000,816551.724137931,30.07471264367816,0.0,0.0,0.0,4.555335475602288,수요+/공급+,A 총시장·점포·점포당 증가,부호 강건성 미충족,부호 강건성 미충족,-0.0827097563659301,0.4886012647914092,0.0017452956949468,0.2118749078069535,-0.4280183759005231,0.0009174975975197,-0.0020972063866361,0.0161245745211773,0.0,0.09411764705882353,0.11568627450980393,0.8901960784313725,0.8431372549019608,0.18235294117647058,False,False,False,False,False,일반 관찰지역
경상북도,상주시,제과점,HIGH,2.6553235371796524,1,2.7543379577274907,1,5.238919034419968,1,-2.454981028829585,1,2.7735861708896015,1.0,2.872714659619673,1.0,5.360158063288182,1.0,1.2150897751426792,1,1.4229437184085596,0,1.5207694682724031,0,3.97552308476587,1,27,11,10,60644,916970000,5660308.641975309,374.3456790123457,40.74074074074074,37.03703703703704,3.7037037037037033,4.023829259277289,수요+/공급+,A 총시장·점포·점포당 증가,부호 강건성 미충족,수요+/공급+,-0.1150710392778447,0.3404918242656563,0.0008166044235042,0.0628189984234661,-0.187702794550703,0.0009775381557209,-0.0019821366138951,0.0107283246553382,0.0,0.9921259842519685,0.9921259842519685,0.7559055118110236,0.8110236220472441,0.3169291338582677,True,True,False,False,False,고회전 교체시장 후보
경상북도,상주시,중국음식,HIGH,2.0890773155848636,1,1.8210952795166224,1,3.716602914514538,1,-1.5692044987928908,1,2.2066876132328375,1.0,1.938396852197646,1.0,3.836088180329101,1.0,0.0,0,2.089077315584843,1,1.8210952795166488,1,3.7166029145145463,1,62,0,0,55863,1532760000,4120322.580645161,150.1693548387097,0.0,0.0,0.0,3.716602914514538,수요+/공급+,A 총시장·점포·점포당 증가,부호 강건성 미충족,부호 강건성 미충족,-0.1150710392778447,0.3404918242656563,0.0008166044235042,0.0628189984234661,-0.187702794550703,0.0009775381557209,-0.0019821366138951,0.0107283246553382,0.0,0.09411764705882353,0.11568627450980393,0.7568627450980392,0.7764705882352941,0.3784313725490196,False,False,False,False,False,일반 관찰지역
경상북도,성주군,제과점,HIGH,3.922393407664513,1,4.022629958587106,1,4.228617212511245,1,-0.2938001223045765,1,3.991467390618612,1.0,4.091770565659269,1.0,4.29789473290499,1.0,0.0,0,3.922393407664487,1,4.022629958587064,1,4.228617212511232,1,14,0,0,9583,143860000,1712619.0476190478,114.08333333333334,0.0,0.0,0.0,4.228617212511245,수요+/공급+,A 총시장·점포·점포당 증가,부호 강건성 미충족,부호 강건성 미충족,-0.0664227409106981,0.3353704975437325,-0.0003837892477228,0.0937421807538358,-0.3144541335395044,0.0025705536410911,-0.0037447046971258,0.0165633086198103,0.3333333333333333,0.1141732283464567,0.10236220472440945,0.8346456692913385,0.7283464566929134,0.16338582677165353,False,False,False,False,False,일반 관찰지역
경상북도,성주군,중국음식,HIGH,0.8788416468854645,1,0.6140364582052928,1,0.7225886212200883,1,0.155132059058753,0,0.9458926756373612,1.0,0.6809114791836608,1.0,0.7895357934452677,1.0,0.0,0,0.8788416468854183,1,0.6140364582053235,1,0.7225886212200896,1,39,2,1,13894,339310000,1450042.735042735,59.376068376068375,5.128205128205128,2.564102564102564,2.564102564102564,0.7225886212200883,수요+/공급+,A 총시장·점포·점포당 증가,부호 강건성 미충족,부호 강건성 미충족,-0.0664227409106981,0.3353704975437325,-0.0003837892477228,0.0937421807538358,-0.3144541335395044,0.0025705536410911,-0.0037447046971258,0.0165633086198103,0.3333333333333333,0.39215686274509803,0.7509803921568627,0.5803921568627451,0.32941176470588235,0.2529411764705882,False,True,False,False,False,일반 관찰지역
경상북도,안동시,제과점,HIGH,1.1279321099066728,1,1.2254733114152558,1,2.7824346447592316,1,-1.6097133139246136,1,1.1193895319823792,1.0,1.21692249389486,1.0,2.7737523060731415,1.0,0.4729136107384004,1,0.6519354078911501,1,0.7490174949962091,1,2.2986504033998756,1,72,7,5,86824,1280800000,2964814.814814815,200.98148148148147,9.722222222222223,6.944444444444445,2.7777777777777777,2.309521034020831,수요+/공급+,A 총시장·점포·점포당 증가,A 총시장·점포·점포당 증가,수요+/공급+,0.0084480117649439,0.285601499617028,-0.0008508404829621,0.1303002819077611,-0.2851411495254815,0.0013222496745516,-0.0014578855118765,0.014083406756775,0.5555555555555556,0.5708661417322834,0.7007874015748031,0.5787401574803149,0.547244094488189,0.5649606299212598,False,False,False,False,False,일반 관찰지역
경상북도,안동시,중국음식,HIGH,-0.2860069315822877,0,-0.5477544131895247,1,2.0017227422539876,1,-2.2428343486090285,1,-0.29443006986027,0.0,-0.5561554408773994,1.0,1.9931063526298496,1.0,0.1270857214670303,0,-0.4125683376009081,1,-0.6739835977387941,1,1.8722576486464229,1,114,6,10,54079,1076220000,1573421.0526315789,79.06286549707602,5.263157894736842,8.771929824561402,-3.508771929824561,1.8746370207869576,수요+/공급+,C 총시장 감소/점포 증가,부호 강건성 미충족,부호 강건성 미충족,0.0084480117649439,0.285601499617028,-0.0008508404829621,0.1303002819077611,-0.2851411495254815,0.0013222496745516,-0.0014578855118765,0.014083406756775,0.5555555555555556,0.9686274509803922,0.7647058823529411,0.34901960784313724,0.5647058823529412,0.6333333333333333,True,True,False,False,False,고회전 교체시장 후보
경상북도,영덕군,제과점,HIGH,-3.038647428247182,1,-2.945125029119438,1,-0.9127824304859232,1,-2.145448272649157,1,-2.993399893862269,1.0,-2.8998338520061964,1.0,-0.8665428498162948,1.0,0.0,0,-3.038647428247167,1,-2.9451250291194433,1,-0.9127824304859408,1,12,0,0,12265,189080000,2626111.111111111,170.34722222222223,0.0,0.0,0.0,-0.9127824304859232,수요-/공급+,C 총시장 감소/점포 증가,부호 강건성 미충족,부호 강건성 미충족,-0.0466437689140553,0.3590349108742373,0.000140419852003,0.1307631904363946,-0.2083619068912175,0.0001926306736797,-0.000434457956292,0.0162097286371831,1.0,0.1141732283464567,0.10236220472440945,0.06299212598425197,0.09055118110236221,0.13188976377952755,False,False,True,True,False,일반 관찰지역
경상북도,영덕군,중국음식,HIGH,0.2363878962194184,1,-0.0267308626416634,0,1.3286770549273927,1,-1.077966465619489,1,0.2831637433755645,1.0,0.0199221987367231,0.0,1.375962624668433,1.0,0.0,0,0.2363878962193879,1,-0.0267308626416735,0,1.3286770549273927,1,31,0,0,15129,411030000,2209838.709677419,81.33870967741936,0.0,0.0,0.0,1.3286770549273927,수요+/공급+,A 총시장·점포·점포당 증가,부호 강건성 미충족,부호 강건성 미충족,-0.0466437689140553,0.3590349108742373,0.000140419852003,0.1307631904363946,-0.2083619068912175,0.0001926306736797,-0.000434457956292,0.0162097286371831,1.0,0.09411764705882353,0.11568627450980393,0.43137254901960786,0.42745098039215684,0.20980392156862746,False,False,False,False,False,일반 관찰지역
경상북도,영양군,제과점,HIGH,17.404875754758933,1,17.518116601329787,1,16.05903319233147,1,1.1596189675276656,1,17.444757166755345,1.0,17.558036480253808,1.0,16.098457433351182,1.0,0.0,0,17.404875754758958,1,17.518116601329787,1,16.05903319233147,1,15,1,0,10414,158470000,1760777.7777777778,115.71111111111112,6.666666666666667,0.0,6.666666666666667,16.05903319233147,수요+/공급+,A 총시장·점포·점포당 증가,부호 강건성 미충족,부호 강건성 미충족,-0.0339575924532489,2.224953569562502,0.0019492413608501,0.3012364917357621,7.366325194231396,0.000239779203689,0.000831388638721,0.0284924277808545,0.0,0.1141732283464567,0.5177165354330708,0.9921259842519685,0.984251968503937,0.17913385826771652,False,False,False,False,False,일반 관찰지역
경상북도,영양군,중국음식,HIGH,17.139209970568317,1,16.831721600443387,1,20.052729778244753,1,-2.4268667718410897,1,17.179001138215643,1.0,16.871408316974012,1.0,20.093510643151735,1.0,0.0,0,17.139209970568373,1,16.831721600443387,1,20.052729778244743,1,10,0,0,5253,136160000,2269333.333333333,87.55,0.0,0.0,0.0,20.052729778244753,수요+/공급+,A 총시장·점포·점포당 증가,부호 강건성 미충족,부호 강건성 미충족,-0.0339575924532489,2.224953569562502,0.0019492413608501,0.3012364917357621,7.366325194231396,0.000239779203689,0.000831388638721,0.0284924277808545,0.0,0.09411764705882353,0.11568627450980393,0.9921568627450981,0.9921568627450981,0.00784313725490196,False,False,False,False,False,일반 관찰지역
경상북도,영주시,제과점,HIGH,-0.6538309352250852,1,-0.5580083025095124,1,1.8801822265122656,1,-2.4872483601407516,1,-0.540473606289496,1.0,-0.4445416367187684,1.0,1.9964309499143544,1.0,0.995720817666954,1,-1.6332887567286878,1,-1.538410843149976,1,0.875741468732193,1,47,3,0,37587,538130000,1908262.4113475175,133.2872340425532,6.382978723404255,0.0,6.382978723404255,0.8844614088453118,수요+/공급+,C 총시장 감소/점포 증가,C 총시장 감소/점포 증가,수요+/공급+,-0.1139733246736684,0.2099009934551831,-0.0004154734164167,0.1432700908682628,-0.4708121372378634,0.0011630932450476,-0.0017961729141429,0.0136932124488471,0.5555555555555556,0.1141732283464567,0.5,0.28346456692913385,0.4251968503937008,0.42913385826771655,False,False,False,False,False,일반 관찰지역
경상북도,영주시,중국음식,HIGH,-0.1506646686659454,0,-0.4127674213377867,0,1.5483719906052518,1,-1.6731303771451735,1,-0.0367332100530312,0.0,-0.2991350308040171,0.0,1.6642421073392626,1.0,-0.5962489369824511,1,0.4482569958894409,1,0.1845820843605291,1,2.157484908419711,1,84,4,3,25589,622840000,1235793.650793651,50.77182539682539,4.761904761904762,3.571428571428571,1.1904761904761905,2.144620927587703,수요+/공급-,D 기타·동반감소,부호 강건성 미충족,수요+/공급-,-0.1139733246736684,0.2099009934551831,-0.0004154734164167,0.1432700908682628,-0.4708121372378634,0.0011630932450476,-0.0017961729141429,0.0136932124488471,0.5555555555555556,0.5392156862745098,0.7215686274509804,0.36470588235294116,0.4745098039215686,0.48627450980392156,False,False,False,False,False,일반 관찰지역
경상북도,영천시,제과점,HIGH,2.301775255345034,1,2.4004486669997256,1,5.062973307108097,1,-2.6281362166401463,1,2.475138908508573,1.0,2.5739795350827537,1.0,5.241016169211742,1.0,0.139497676673429,0,2.1592654535306877,1,2.257801409815662,1,4.916617063859657,1,40,3,3,34541,489130000,2038041.6666666667,143.92083333333332,7.5,7.5,0.0,4.923475630434668,수요+/공급+,A 총시장·점포·점포당 증가,부호 강건성 미충족,부호 강건성 미충족,-0.1691763046238403,0.1507103278104932,-2.0844247692870204e-06,0.0232148444301751,-0.1695382129738632,4.078241043483961e-05,-0.0001475798053933,0.0110763698335684,0.2222222222222222,0.59251968503937,0.5688976377952756,0.7204724409448819,0.8070866141732284,0.39960629921259844,False,False,False,False,False,일반 관찰지역
경상북도,영천시,중국음식,HIGH,1.2424165295570724,1,0.9766569631914276,1,2.2228062364294585,1,-0.9590714078078372,1,1.4139849616870084,1.0,1.1477750311984625,1.0,2.396036066327763,1.0,-0.2247236456029024,0,1.470444611898415,1,1.2040864758190482,1,2.453042448450727,1,64,0,1,35926,814650000,2121484.375,93.55729166666669,0.0,1.5625,-1.5625,2.4475298820323608,수요+/공급-,D 기타·동반감소,부호 강건성 미충족,부호 강건성 미충족,-0.1691763046238403,0.1507103278104932,-2.0844247692870204e-06,0.0232148444301751,-0.1695382129738632,4.078241043483961e-05,-0.0001475798053933,0.0110763698335684,0.2222222222222222,0.2549019607843137,0.11568627450980393,0.6431372549019608,0.6274509803921569,0.38823529411764707,False,False,False,False,False,일반 관찰지역
경상북도,예천군,제과점,HIGH,-0.3711684388696534,0,-0.2750731689218078,0,1.7660589901339705,1,-2.1001377573350113,1,-0.1879852301344207,0.0,-0.0917132739842406,0.0,1.9531718261879816,1.0,0.0,0,-0.3711684388696534,0,-0.2750731689217977,0,1.766058990133963,1,13,0,0,17941,265320000,3401538.4615384615,230.0128205128205,0.0,0.0,0.0,1.7660589901339705,수요+/공급+,C 총시장 감소/점포 증가,부호 강건성 미충족,부호 강건성 미충족,-0.1835282146719428,0.3605943777115821,0.0008274592904296,0.0765931380545346,-0.2520885426118925,0.0018884131428019,-0.0032946228712831,0.0159371747049496,0.3333333333333333,0.1141732283464567,0.10236220472440945,0.3464566929133858,0.4094488188976378,0.14960629921259844,False,False,False,False,False,일반 관찰지역
경상북도,예천군,중국음식,HIGH,0.930052319511207,1,0.6651127037143131,1,2.5156071030305176,1,-1.5466472162875844,1,1.1156280263823184,1.0,0.8502012776121295,1.0,2.7040981006695906,1.0,0.235124334928009,0,0.6932978725712258,0,0.4289797330419836,0,2.275133375883751,1,37,2,2,9523,264020000,1189279.2792792793,42.8963963963964,5.405405405405405,5.405405405405405,0.0,2.2804827681025084,수요+/공급+,A 총시장·점포·점포당 증가,부호 강건성 미충족,부호 강건성 미충족,-0.1835282146719428,0.3605943777115821,0.0008274592904296,0.0765931380545346,-0.2520885426118925,0.0018884131428019,-0.0032946228712831,0.0159371747049496,0.3333333333333333,0.807843137254902,0.7901960784313725,0.596078431372549,0.6549019607843137,0.2411764705882353,True,True,False,False,False,고회전 교체시장 후보
경상북도,울릉군,중국음식,HIGH,23.783187171147933,1,23.458258477487636,1,20.27727559346001,1,2.9148578236324036,1,23.6177520859793,1.0,23.293257656513862,1.0,20.11652612669971,1.0,0.0,0,23.783187171147883,1,23.458258477487675,1,20.27727559346001,1,8,0,0,2764,112300000,2339583.3333333335,57.583333333333336,0.0,0.0,0.0,20.27727559346001,수요+/공급+,A 총시장·점포·점포당 증가,부호 강건성 미충족,부호 강건성 미충족,0.1338279352091287,2.0747856044360713,0.008089192664922,0.2105556193845602,-0.0185717884621323,,,,0.0,0.09411764705882353,0.11568627450980393,1.0,0.996078431372549,0.00392156862745098,False,False,False,False,False,일반 관찰지역
경상북도,울진군,제과점,HIGH,-2.413563453383519,1,-2.319438140296438,1,-1.6887665395866405,1,-0.737247299504876,1,-2.544508146314546,1.0,-2.4505091336709564,1.0,-1.8206837888756389,1.0,-1.1090084070252817,1,-1.3191849180031068,1,-1.2240040409879829,0,-0.5862598030643499,0,21,0,1,15969,223140000,1770952.380952381,126.73809523809524,0.0,4.761904761904762,-4.761904761904762,-0.579758132561359,수요-/공급-,D 기타·동반감소,D 기타·동반감소,수요-/공급-,0.1343635853047925,0.3218075556296856,0.0009250430012343,-0.0685503404214542,-0.2025431262125778,0.0022866705374109,-0.0037114292632126,0.014547712723651,1.0,0.4271653543307087,0.10236220472440945,0.0984251968503937,0.03543307086614173,0.2618110236220472,False,False,True,True,False,일반 관찰지역
경상북도,울진군,중국음식,HIGH,-1.70811504777244,1,-1.966129520535797,1,-1.0037702031967706,1,-0.71148653440782,1,-1.8400063345962188,1.0,-2.0976745950466418,1.0,-1.1366066031187916,1.0,-1.3523465056393225,1,-0.3606457219516761,1,-0.6221972780442764,1,0.3533548848807554,0,34,0,4,12141,323390000,1585245.0980392157,59.51470588235294,0.0,11.76470588235294,-11.76470588235294,0.3485763024425519,수요-/공급-,D 기타·동반감소,D 기타·동반감소,수요-/공급-,0.1343635853047925,0.3218075556296856,0.0009250430012343,-0.0685503404214542,-0.2025431262125778,0.0022866705374109,-0.0037114292632126,0.014547712723651,1.0,0.9901960784313726,0.11568627450980393,0.12156862745098039,0.08627450980392157,0.2235294117647059,True,False,True,True,False,수요취약 후보
경상북도,의성군,제과점,HIGH,4.531733517119957,1,4.632557796528236,1,6.976546245130066,1,-2.2853726483261263,1,4.502498876026132,1.0,4.603294957665953,1.0,6.946627857385961,1.0,0.0,0,4.531733517119915,1,4.63255779652822,1,6.976546245130066,1,12,0,0,7139,102850000,1428472.2222222222,99.15277777777776,0.0,0.0,0.0,6.976546245130066,수요+/공급+,A 총시장·점포·점포당 증가,부호 강건성 미충족,부호 강건성 미충족,0.0279750641450801,0.6066839538327978,3.291678859360103e-05,0.2631327842437191,-0.344462740107596,-0.003713115179465,0.0040524731442999,0.0268983862013775,0.25,0.1141732283464567,0.10236220472440945,0.8661417322834646,0.9094488188976378,0.13188976377952755,False,False,False,False,False,일반 관찰지역
경상북도,의성군,중국음식,HIGH,0.7331047853983431,1,0.4686821534216275,0,2.297021729419717,1,-1.5288000741194951,1,0.7049325159297393,1.0,0.4405838356658969,0.0,2.268412075541424,1.0,0.0,0,0.7331047853983226,1,0.4686821534216327,0,2.297021729419714,1,37,1,0,9938,253100000,1140090.0900900902,44.76576576576576,2.702702702702702,0.0,2.702702702702702,2.297021729419717,수요+/공급+,A 총시장·점포·점포당 증가,부호 강건성 미충족,부호 강건성 미충족,0.0279750641450801,0.6066839538327978,3.291678859360103e-05,0.2631327842437191,-0.344462740107596,-0.003713115179465,0.0040524731442999,0.0268983862013775,0.25,0.09411764705882353,0.4549019607843137,0.5294117647058824,0.6392156862745098,0.2411764705882353,False,False,False,False,False,일반 관찰지역
경상북도,청도군,제과점,HIGH,3.4206006396512625,1,3.5203531950201143,1,3.724349121180824,1,-0.2928420222475421,0,3.468024740057632,1.0,3.567823037524018,1.0,3.7719125071685906,1.0,0.0,0,3.4206006396512416,1,3.520353195020072,1,3.724349121180813,1,15,0,0,20463,249310000,2770111.111111111,227.36666666666667,0.0,0.0,0.0,3.724349121180824,수요+/공급+,A 총시장·점포·점포당 증가,부호 강건성 미충족,부호 강건성 미충족,-0.0458345469777272,0.3059583090348477,0.0008082783721454,0.1266011728756612,-0.1951445452231871,-0.0088022678983363,0.0087327391727012,0.0273157716498484,0.3333333333333333,0.1141732283464567,0.10236220472440945,0.7952755905511811,0.6653543307086615,0.17913385826771652,False,False,False,False,False,일반 관찰지역
경상북도,청도군,중국음식,HIGH,-0.945382354243398,0,-1.2053989869396418,0,0.0736983530613347,1,-1.018330214707767,1,-0.8999602999921591,0.0,-1.160096164783564,0.0,0.1195877125253288,1.0,0.0,0,-0.945382354243398,0,-1.2053989869396715,0,0.0736983530613271,1,23,1,0,14344,384970000,2789637.6811594204,103.94202898550724,4.3478260869565215,0.0,4.3478260869565215,0.0736983530613347,수요+/공급+,C 총시장 감소/점포 증가,부호 강건성 미충족,부호 강건성 미충족,-0.0458345469777272,0.3059583090348477,0.0008082783721454,0.1266011728756612,-0.1951445452231871,-0.0088022678983363,0.0087327391727012,0.0273157716498484,0.3333333333333333,0.09411764705882353,0.6568627450980392,0.23921568627450981,0.23529411764705882,0.09019607843137255,False,False,True,True,False,일반 관찰지역
경상북도,청송군,제과점,HIGH,1.7640460894247332,1,1.862200843693316,1,2.675589979846766,1,-0.8877902631004594,1,1.353886353137714,1.0,1.4516454949117772,1.0,2.2617562681620003,1.0,0.0,0,1.7640460894247332,1,1.8622008436932953,1,2.6755899798467846,1,9,0,0,3803,60130000,1113518.5185185184,70.42592592592592,0.0,0.0,0.0,2.675589979846766,수요+/공급+,A 총시장·점포·점포당 증가,부호 강건성 미충족,부호 강건성 미충족,0.404680817919429,0.8283109335489307,0.0007621033012765,0.3397964054972137,-0.2184728241705786,-0.0019560547168625,0.0008472543588894,0.0215563023436573,0.4285714285714286,0.1141732283464567,0.10236220472440945,0.6732283464566929,0.5275590551181102,0.07874015748031496,False,False,False,False,False,일반 관찰지역
경상북도,청송군,중국음식,HIGH,1.0681225223304505,1,0.8028204746745979,1,1.8956889899511304,1,-0.8121702456934107,1,0.6607677042608864,1.0,0.3965349558524838,1.0,1.484998667278858,1.0,0.0,0,1.0681225223304402,1,0.8028204746746034,1,1.895688989951135,1,16,0,0,6565,169310000,1763645.8333333333,68.38541666666667,0.0,0.0,0.0,1.8956889899511304,수요+/공급+,A 총시장·점포·점포당 증가,부호 강건성 미충족,부호 강건성 미충족,0.404680817919429,0.8283109335489307,0.0007621033012765,0.3397964054972137,-0.2184728241705786,-0.0019560547168625,0.0008472543588894,0.0215563023436573,0.4285714285714286,0.09411764705882353,0.11568627450980393,0.6078431372549019,0.5372549019607843,0.027450980392156862,False,False,False,False,False,일반 관찰지역
경상북도,칠곡군,제과점,HIGH,-3.5138438172437927,1,-3.4207797605914867,1,-0.372363902290301,1,-3.1532213731062666,1,-3.3102869854654804,1.0,-3.2170265915843257,1.0,-0.1621794907234862,0.0,0.3432182316184052,0,-3.8438691890060106,1,-3.751123452629973,1,-0.7131345261988289,1,41,2,2,56899,788200000,3204065.040650407,231.2967479674797,4.878048780487805,4.878048780487805,0.0,-0.7155821339087063,수요-/공급+,C 총시장 감소/점포 증가,부호 강건성 미충족,부호 강건성 미충족,-0.2105258413040792,0.3313609977911085,-0.000176438058796,0.0521011580561095,-0.1500031178524528,0.0011057896861968,-0.002359925466084,0.0156711588742949,0.8,0.4448818897637795,0.37401574803149606,0.047244094488188976,0.12598425196850394,0.40551181102362205,False,False,True,True,False,일반 관찰지역
경상북도,칠곡군,중국음식,HIGH,-1.2281521241647322,1,-1.4874264911781463,1,-0.1116875191504783,0,-1.1177129508803303,1,-1.0197731689038936,1.0,-1.2795945270173816,1.0,0.0990468413496436,1.0,-0.2053422758647027,0,-1.0249144309181777,1,-1.2847222933091258,1,0.0938474652351643,1,70,0,1,45698,1043320000,2484095.238095238,108.8047619047619,0.0,1.4285714285714286,-1.4285714285714286,0.0936547567142243,수요-/공급-,D 기타·동반감소,부호 강건성 미충족,부호 강건성 미충족,-0.2105258413040792,0.3313609977911085,-0.000176438058796,0.0521011580561095,-0.1500031178524528,0.0011057896861968,-0.002359925466084,0.0156711588742949,0.8,0.23529411764705882,0.11568627450980393,0.21176470588235294,0.19607843137254902,0.41568627450980394,False,False,True,True,False,일반 관찰지역
경상북도,포항시 남구,제과점,HIGH,0.2967693987565936,0,0.3935089166174706,0,1.9606369118101492,1,-1.6318724200327488,1,0.5209418413410583,0.0,0.6178975808623851,0.0,2.188528250295019,1.0,0.2909825269292566,1,0.0057700818971961,0,0.1022289213895226,0,1.6648100784460445,1,88,2,1,231078,3036650000,5751231.060606061,437.64772727272725,2.272727272727273,1.1363636363636365,1.1363636363636365,1.6696543848808925,수요+/공급+,A 총시장·점포·점포당 증가,부호 강건성 미충족,수요+/공급+,-0.223010686607278,0.0173535538686597,-0.0008508484879665,-0.0661974021123671,0.7340654068846387,0.0015049910697383,-0.0027966370826293,0.0232398673203075,0.6666666666666667,0.23228346456692914,0.23228346456692914,0.44881889763779526,0.4448818897637795,0.6614173228346457,False,False,False,False,False,일반 관찰지역
경상북도,포항시 남구,중국음식,HIGH,-1.5143742916497578,1,-1.7728973304974152,1,0.3375104957785323,1,-1.8456555063783735,1,-1.294249920677051,1.0,-1.5533507821347805,1.0,0.5617739984369058,1.0,-0.0218915255859682,0,-1.4928095648516566,1,-1.751389210728621,1,0.3594807171776883,1,132,1,2,111585,3256110000,4111250.0,140.8901515151515,0.7575757575757576,1.5151515151515151,-0.7575757575757576,0.3594020213645005,수요+/공급-,D 기타·동반감소,부호 강건성 미충족,부호 강건성 미충족,-0.223010686607278,0.0173535538686597,-0.0008508484879665,-0.0661974021123671,0.7340654068846387,0.0015049910697383,-0.0027966370826293,0.0232398673203075,0.6666666666666667,0.25098039215686274,0.23921568627450981,0.1568627450980392,0.2627450980392157,0.7019607843137254,False,False,True,False,False,일반 관찰지역
경상북도,포항시 북구,제과점,HIGH,-0.2040469934701277,0,-0.1077905294165388,0,2.3108014879940177,1,-2.4580478746022765,1,-0.2434405393162326,0.0,-0.1472220716273854,0.0,2.270415228556222,1.0,1.283606946618532,1,-1.4688003171853636,1,-1.3737637491212935,1,1.0141765013531416,1,98,9,3,298097,4054460000,6895340.136054422,506.96768707482994,9.183673469387756,3.061224489795918,6.122448979591836,1.0271945413754855,수요+/공급+,C 총시장 감소/점포 증가,부호 강건성 미충족,수요+/공급+,0.0394896797353686,0.2084766335370835,-5.490015723279721e-05,0.0071512737011739,0.193779066948989,0.0009571565611367,-0.0020191462189193,0.0104733358127273,0.7,0.33070866141732286,0.6771653543307087,0.3779527559055118,0.484251968503937,0.6791338582677166,False,False,False,False,False,일반 관찰지역
경상북도,포항시 북구,중국음식,HIGH,-1.031899620587415,1,-1.2916891469780718,1,0.3387537312067061,0,-1.36602588812883,1,-1.0709663791295845,1.0,-1.3306533559647844,1.0,0.2991459197056915,0.0,-0.4702297506034463,1,-0.5643234869090501,1,-0.825340392443635,1,0.8128055352514515,1,134,3,5,116395,3243270000,4033917.9104477614,144.76990049751245,2.2388059701492535,3.731343283582089,-1.4925373134328357,0.8089834818101524,수요+/공급-,D 기타·동반감소,D 기타·동반감소,부호 강건성 미충족,0.0394896797353686,0.2084766335370835,-5.490015723279721e-05,0.0071512737011739,0.193779066948989,0.0009571565611367,-0.0020191462189193,0.0104733358127273,0.7,0.5647058823529412,0.3843137254901961,0.22745098039215686,0.26666666666666666,0.7098039215686275,False,False,True,False,False,일반 관찰지역
광주광역시,광산구,제과점,HIGH,1.4756582375205547,1,1.5735348322639402,1,3.749671053078226,1,-2.19182653060585,1,1.6767476915059472,1.0,1.77481824361151,1.0,3.955266809396403,1.0,-0.1915736962120869,1,1.6704320421384828,1,1.7684965025934525,1,3.9488096298546127,1,151,5,8,376051,4940380000,5452958.057395143,415.0673289183223,3.3112582781456954,5.298013245033113,-1.9867549668874176,3.941244749290313,수요+/공급-,D 기타·동반감소,D 기타·동반감소,수요+/공급-,-0.1977732948299113,-0.0128100222937004,-0.0008704010882098,-0.0170853866905641,1.719809350947496,0.0005563149313032,-0.0010454993381474,0.0107456699070622,0.0,0.468503937007874,0.2559055118110236,0.6259842519685039,0.6692913385826772,0.8562992125984252,False,False,False,False,True,일반 관찰지역
광주광역시,광산구,중국음식,HIGH,0.6925697481546544,1,0.4282535199392461,1,3.472546627013843,1,-2.6866806408854904,1,0.8921073931694303,1.0,0.6272673821381775,1.0,3.677593219123655,1.0,0.9432132615333928,1,-0.2483015006956188,0,-0.5101479583971462,1,2.505699277599973,1,192,13,5,156266,4559160000,3957604.1666666665,135.64756944444443,6.770833333333333,2.604166666666667,4.166666666666666,2.52933336548045,수요+/공급+,B 총시장·점포 증가/점포당 감소,부호 강건성 미충족,수요+/공급+,-0.1977732948299113,-0.0128100222937004,-0.0008704010882098,-0.0170853866905641,1.719809350947496,0.0005563149313032,-0.0010454993381474,0.0107456699070622,0.0,0.4,0.8588235294117647,0.5215686274509804,0.7647058823529411,0.8862745098039215,False,True,False,False,True,일반 관찰지역
광주광역시,남구,제과점,HIGH,-0.324313214728073,1,-0.2281727513824647,1,2.162717385707614,1,-2.43438180196996,1,-0.1715201013832729,1.0,-0.0752322640773215,0.0,2.319322874574258,1.0,-0.3709792139882005,1,0.0468397650523476,0,0.1433382175987181,0,2.5431310874145816,1,64,1,4,216796,2865230000,7461536.458333333,564.5729166666666,1.5625,6.25,-4.6875,2.5336965996958147,수요+/공급-,D 기타·동반감소,부호 강건성 미충족,수요+/공급-,-0.1530556345242937,0.1551281007099672,-0.0002551562293135,-0.0704935868419779,1.6996731221276966,-0.0002123760104522,-0.0002006109230206,0.0138039181022322,0.3333333333333333,0.5393700787401575,0.20866141732283464,0.3661417322834646,0.47244094488188976,0.5039370078740157,False,False,False,False,False,일반 관찰지역
광주광역시,남구,중국음식,HIGH,1.8836995563007304,1,1.6162566332458668,1,3.8032776797631738,1,-1.8492461571246084,1,2.0398773380283073,1.0,1.7720244510376395,1.0,3.962397987669882,1.0,1.3939820115955155,1,0.4829848231517855,0,0.2192187516858131,0,2.3761722543771,1,42,3,0,72839,2071440000,8220000.0,289.0436507936508,7.142857142857142,0.0,7.142857142857142,2.4092956681676583,수요+/공급+,A 총시장·점포·점포당 증가,부호 강건성 미충족,수요+/공급+,-0.1530556345242937,0.1551281007099672,-0.0002551562293135,-0.0704935868419779,1.6996731221276966,-0.0002123760104522,-0.0002006109230206,0.0138039181022322,0.3333333333333333,0.09411764705882353,0.8823529411764706,0.7254901960784313,0.792156862745098,0.2627450980392157,False,True,False,False,False,일반 관찰지역
광주광역시,동구,제과점,HIGH,3.091093639505317,1,3.19052837458422,1,4.524403134737173,1,-1.3712678113877903,1,3.0166805509823305,1.0,3.116043512201056,1.0,4.448955456487916,1.0,1.3329342259760106,1,1.7350325705643932,1,1.8331593403441204,1,3.1494883012506656,1,57,16,13,203621,2972590000,8691783.625730995,595.3830409356725,28.07017543859649,22.807017543859647,5.263157894736842,3.1914689087611623,수요+/공급+,A 총시장·점포·점포당 증가,A 총시장·점포·점포당 증가,수요+/공급+,0.0722340189229348,0.0360345978045506,-0.0004649693677823,-0.0627319710361555,1.7158239916840363,0.0008094566255448,-0.0015989347187858,0.0139325019961001,0.1111111111111111,0.9803149606299213,0.9803149606299213,0.7834645669291339,0.7716535433070866,0.484251968503937,True,True,False,False,False,고회전 교체시장 후보
광주광역시,동구,중국음식,HIGH,0.3323890082853009,0,0.0690182481901148,0,2.757536551548078,1,-2.3600678107402837,1,0.2599672046025974,0.0,-0.0032134495291018,0.0,2.6833642307988828,1.0,0.3012102765607781,1,0.0310851002082342,0,-0.2314947424168185,0,2.448949786562364,1,69,3,5,67402,1961990000,4739106.280193237,162.80676328502415,4.3478260869565215,7.246376811594203,-2.898550724637681,2.4563262749873,수요+/공급+,A 총시장·점포·점포당 증가,부호 강건성 미충족,수요+/공급+,0.0722340189229348,0.0360345978045506,-0.0004649693677823,-0.0627319710361555,1.7158239916840363,0.0008094566255448,-0.0015989347187858,0.0139325019961001,0.1111111111111111,0.9215686274509803,0.6568627450980392,0.4588235294117647,0.6980392156862745,0.40784313725490196,True,False,False,False,False,관측변수로 미설명
광주광역시,북구,제과점,HIGH,1.9832961111053728,1,2.081662339198248,1,4.151909184852106,1,-2.082163534705628,1,1.9416435446849705,1.0,2.0399695975137724,1.0,4.109370901813969,1.0,-0.1467220151525573,1,2.133147923878054,1,2.2316586889505703,1,4.304947505736347,1,136,6,6,470804,6222150000,7625183.823529412,576.9656862745097,4.411764705882353,4.411764705882353,0.0,4.298631200004663,수요+/공급-,D 기타·동반감소,D 기타·동반감소,수요+/공급-,0.0408592258983665,-0.0570791354228714,-0.0011167780764199,-0.066266047502015,2.135057799010983,0.0006006765206683,-0.0013606889375364,0.0122176656576051,0.2222222222222222,0.4015748031496063,0.33858267716535434,0.6889763779527559,0.7165354330708661,0.8051181102362205,False,False,False,False,True,일반 관찰지역
광주광역시,북구,중국음식,HIGH,1.4935852903686606,1,1.2271664104144324,0,3.3929067724622626,1,-1.8369939886431916,1,1.4521327342760415,0.0,1.1858226665540257,0.0,3.3506784852724736,1.0,0.1865164685781913,0,1.3046354617992617,0,1.038712571828625,0,3.2004209916707764,1,92,5,5,169484,4326690000,7838206.521739131,307.03623188405794,5.434782608695652,5.434782608695652,0.0,3.206390303884071,수요+/공급+,A 총시장·점포·점포당 증가,부호 강건성 미충족,부호 강건성 미충족,0.0408592258983665,-0.0570791354228714,-0.0011167780764199,-0.066266047502015,2.135057799010983,0.0006006765206683,-0.0013606889375364,0.0122176656576051,0.2222222222222222,0.8117647058823529,0.8,0.6627450980392157,0.7568627450980392,0.5294117647058824,True,True,False,False,False,고회전 교체시장 후보
광주광역시,서구,제과점,HIGH,-0.7536090595790012,1,-0.6578826661311629,1,1.908122376422136,1,-2.611893315205438,1,-0.6870332479401097,1.0,-0.5912426399422065,1.0,1.9764837132477624,1.0,0.2862491383474396,1,-1.036890108924041,1,-0.9414369493230909,1,1.6172438913706737,1,107,45,41,356528,4590270000,7149953.271028037,555.3395638629283,42.05607476635514,38.31775700934579,3.7383177570093458,1.621873238074696,수요+/공급+,C 총시장 감소/점포 증가,C 총시장 감소/점포 증가,수요+/공급+,-0.0670363738152052,0.1266919754493443,3.814082564158923e-05,-0.0771433134837609,1.7819031583714753,0.000814806165642,-0.0012493074614163,0.0102740635974452,0.5,0.9960629921259843,0.9960629921259843,0.2637795275590551,0.4409448818897638,0.7106299212598425,True,True,False,False,False,고회전 교체시장 후보
광주광역시,서구,중국음식,HIGH,0.8639819637550906,0,0.599215781482378,0,2.1074355759933225,1,-1.217789483423857,1,0.9316428771720932,0.0,0.6666990861892466,0.0,2.1759306147894617,1.0,0.6016897280545495,1,0.2607234892471058,0,-0.002459150118526,0,1.4967401164027294,1,90,6,4,115525,3434450000,6360092.592592593,213.9351851851852,6.666666666666667,4.444444444444445,2.2222222222222223,1.505745847938773,수요+/공급+,A 총시장·점포·점포당 증가,부호 강건성 미충족,수요+/공급+,-0.0670363738152052,0.1266919754493443,3.814082564158923e-05,-0.0771433134837609,1.7819031583714753,0.000814806165642,-0.0012493074614163,0.0102740635974452,0.5,0.7098039215686275,0.8529411764705882,0.5725490196078431,0.592156862745098,0.515686274509804,False,True,False,False,False,일반 관찰지역
대구광역시,군위군,제과점,HIGH,7.483747534518854,1,7.587419128097604,1,9.743760592510954,1,-2.05935448702527,1,7.370885742316567,1.0,7.4744484770016095,1.0,9.628525705492285,1.0,0.0,0,7.483747534518809,1,7.587419128097587,1,9.743760592510958,1,8,0,0,7786,153310000,3193958.3333333335,162.20833333333334,0.0,0.0,0.0,9.743760592510954,수요+/공급+,A 총시장·점포·점포당 증가,부호 강건성 미충족,부호 강건성 미충족,0.1051139621527267,0.886227532834388,0.0021921687962072,-0.2081437433626806,3.466583489261614,-0.0069949984200727,0.0112938989793594,0.0488438679601644,0.1428571428571429,0.1141732283464567,0.10236220472440945,0.9409448818897638,0.9566929133858267,0.05511811023622047,False,False,False,False,False,일반 관찰지역
대구광역시,군위군,중국음식,HIGH,13.263538773686884,1,12.96622397242731,1,13.910692455350368,1,-0.5681237359847753,1,13.14460799326299,1.0,12.847605383214514,1.0,13.791082140336178,1.0,0.0,0,13.2635387736869,1,12.966223972427317,1,13.910692455350372,1,14,0,0,8637,205830000,2450357.1428571427,102.82142857142856,0.0,0.0,0.0,13.910692455350368,수요+/공급+,A 총시장·점포·점포당 증가,부호 강건성 미충족,부호 강건성 미충족,0.1051139621527267,0.886227532834388,0.0021921687962072,-0.2081437433626806,3.466583489261614,-0.0069949984200727,0.0112938989793594,0.0488438679601644,0.1428571428571429,0.09411764705882353,0.11568627450980393,0.984313725490196,0.9882352941176471,0.01568627450980392,False,False,False,False,False,일반 관찰지역
대구광역시,남구,제과점,HIGH,4.685957152142728,1,4.786930185296381,1,6.301555218478249,1,-1.519825427779533,1,3.968899452927346,1.0,4.069180860453215,1.0,5.57343130690912,1.0,1.2048498502891547,1,3.4396645091644427,1,3.539435452259586,1,5.036028782937373,1,68,11,4,174348,1935000000,4742647.05882353,427.3235294117647,16.176470588235293,5.88235294117647,10.294117647058822,5.096705368189094,수요+/공급+,A 총시장·점포·점포당 증가,A 총시장·점포·점포당 증가,수요+/공급+,0.6896848028481959,0.3377713095848106,-0.0002033193780178,-0.091299691400332,2.214727254581694,-3.985825536097419e-05,0.0002617225571428,0.0143225885676005,0.1111111111111111,0.5196850393700787,0.889763779527559,0.889763779527559,0.8661417322834646,0.5393700787401575,False,True,False,False,False,일반 관찰지역
대구광역시,남구,중국음식,HIGH,2.404490406492933,1,2.135680416597295,1,5.411119733418386,1,-2.852288576887438,1,1.703059858616459,1.0,1.4360911115973891,1.0,4.689094955272552,1.0,-0.2561433025055583,1,2.6674662451320295,1,2.397965948275746,1,5.6818166286789635,1,92,1,4,71949,1476880000,2675507.2463768115,130.3423913043478,1.0869565217391304,4.3478260869565215,-3.260869565217391,5.667263035923944,수요+/공급-,D 기타·동반감소,D 기타·동반감소,수요+/공급-,0.6896848028481959,0.3377713095848106,-0.0002033193780178,-0.091299691400332,2.214727254581694,-3.985825536097419e-05,0.0002617225571428,0.0143225885676005,0.1111111111111111,0.696078431372549,0.25882352941176473,0.7764705882352941,0.8901960784313725,0.5294117647058824,False,False,False,False,False,일반 관찰지역
대구광역시,달서구,제과점,HIGH,1.398566631398212,1,1.4963688687635186,1,3.614578671180954,1,-2.1387067999525846,1,1.5212087811806905,1.0,1.6191293109148237,1.0,3.739901100276387,1.0,-1.061531250379683,1,2.486492779672556,1,2.585344357427232,1,4.726280869976179,1,175,11,19,618308,7189280000,6846933.333333333,588.8647619047618,6.2857142857142865,10.857142857142858,-4.571428571428571,4.676109921560637,수요+/공급-,D 기타·동반감소,D 기타·동반감소,수요+/공급-,-0.1208044617029897,0.0099597090690381,-0.0006710400155979,0.0306243589742029,0.6446553429322913,0.0007064151989548,-0.001274097758038,0.0109000963534135,0.1999999999999999,0.8070866141732284,0.4921259842519685,0.6062992125984252,0.6496062992125984,0.9330708661417323,True,False,False,False,True,고밀도 경쟁 후보
대구광역시,달서구,중국음식,HIGH,0.8349882013969417,1,0.5702981272415155,0,1.518363399212022,1,-0.6731542697627592,1,0.9569486998255652,1.0,0.6919384815024384,0.0,1.6411504438744884,1.0,0.0475314085805232,1,0.7870826813313345,0,0.5225183583252192,0,1.470133215606116,1,244,4,6,242049,5854140000,3998729.508196722,165.33401639344262,1.639344262295082,2.459016393442623,-0.819672131147541,1.4708319906314988,수요+/공급+,A 총시장·점포·점포당 증가,부호 강건성 미충족,수요+/공급+,-0.1208044617029897,0.0099597090690381,-0.0006710400155979,0.0306243589742029,0.6446553429322913,0.0007064151989548,-0.001274097758038,0.0109000963534135,0.1999999999999999,0.37254901960784315,0.3235294117647059,0.5607843137254902,0.4627450980392157,0.9450980392156862,False,False,False,False,True,일반 관찰지역
대구광역시,달성군,제과점,HIGH,1.4154260687958655,1,1.5132445676405306,1,3.126665784129637,1,-1.6593571626913752,1,1.5920658610252287,1.0,1.6900547347327697,1.0,3.3062861192555513,1.0,0.3352418434043966,1,1.0765750951967117,1,1.1740667611831532,1,2.7820971868308204,1,77,6,5,201194,2580620000,5585757.575757575,435.4848484848485,7.792207792207792,6.493506493506493,1.2987012987012987,2.79142394072524,수요+/공급+,A 총시장·점포·점포당 증가,A 총시장·점포·점포당 증가,수요+/공급+,-0.1738716411879587,0.0769858934902803,-0.0003217975067234,0.0123599611587174,0.6196633928153871,0.0008387728582908,-0.0015135313510068,0.0158575354772822,0.3,0.5551181102362205,0.594488188976378,0.6141732283464567,0.5905511811023622,0.5964566929133859,False,False,False,False,False,일반 관찰지역
대구광역시,달성군,중국음식,HIGH,0.5721789223522254,0,0.3081787179414275,0,1.6357165482688487,1,-1.0464211421301806,1,0.7473499932388901,0.0,0.4828899678416274,0.0,1.8127400302979717,1.0,1.4668501486231218,1,-0.8817374590424438,1,-1.141921158471494,1,0.1664251914771947,0,114,12,1,111697,2788670000,4077002.923976608,163.2997076023392,10.526315789473683,0.8771929824561403,9.649122807017545,0.1688663996457269,수요+/공급+,B 총시장·점포 증가/점포당 감소,부호 강건성 미충족,수요+/공급+,-0.1738716411879587,0.0769858934902803,-0.0003217975067234,0.0123599611587174,0.6196633928153871,0.0008387728582908,-0.0015135313510068,0.0158575354772822,0.3,0.19607843137254902,0.984313725490196,0.5058823529411764,0.49411764705882355,0.6333333333333333,False,True,False,False,False,일반 관찰지역
대구광역시,동구,제과점,HIGH,1.5466755067367404,1,1.644620599961422,1,2.8882363935627637,1,-1.303901139576725,1,1.59018138836572,1.0,1.688168444437672,1.0,2.9323170432858103,1.0,-0.2309051441417259,1,1.781694675537176,1,1.879866452444869,1,3.126360464842242,1,122,17,18,329089,3725120000,5088961.74863388,449.5751366120218,13.934426229508196,14.754098360655735,-0.819672131147541,3.1191415377044898,수요+/공급-,D 기타·동반감소,D 기타·동반감소,수요+/공급-,-0.0428248882268033,0.332628697266934,0.0006293397795753,-0.037635701687699,0.9323158199113322,0.0003075750115596,-0.0005286019938733,0.0087243685258554,0.4,0.9015748031496063,0.8267716535433071,0.6377952755905512,0.5590551181102362,0.75,True,True,False,False,True,고회전 교체시장 후보
대구광역시,동구,중국음식,HIGH,0.6046747498992449,0,0.3405892445115799,0,2.6357726551798493,1,-1.97893760892154,1,0.6477770479227877,0.0,0.3835783997592711,0.0,2.6797451412681457,1.0,-0.6272848982359784,1,1.2397363268917814,0,0.9739837960111508,0,3.283655428025918,1,98,0,4,127337,3035940000,5163163.265306123,216.5595238095238,0.0,4.081632653061225,-4.081632653061225,3.2630575534158277,수요+/공급-,D 기타·동반감소,부호 강건성 미충족,수요+/공급-,-0.0428248882268033,0.332628697266934,0.0006293397795753,-0.037635701687699,0.9323158199113322,0.0003075750115596,-0.0005286019938733,0.0087243685258554,0.4,0.6431372549019608,0.11568627450980393,0.5137254901960784,0.6745098039215687,0.5568627450980392,False,False,False,False,False,일반 관찰지역
대구광역시,북구,제과점,HIGH,0.9318981025334856,0,1.0292502228237486,0,4.1373340114806645,1,-3.078085241354204,1,1.0239325620311284,0.0,1.1213734525707708,1.0,4.232291338445142,1.0,-0.6573456462310212,1,1.5997596994993573,1,1.6977559941660028,1,4.826405826280171,1,164,9,16,444580,5344360000,5431260.162601626,451.8089430894309,5.487804878048781,9.75609756097561,-4.2682926829268295,4.7946796577116855,수요+/공급-,D 기타·동반감소,부호 강건성 미충족,수요+/공급-,-0.091101640139665,-0.0100605495853766,-0.0011204157051527,0.0021875180264143,0.5471325848295274,0.0010100868540433,-0.0016200401726978,0.013498723973408,0.1111111111111111,0.7519685039370079,0.40551181102362205,0.562992125984252,0.7125984251968503,0.8937007874015748,True,False,False,False,True,고밀도 경쟁 후보
대구광역시,북구,중국음식,HIGH,-0.0510105407774374,0,-0.3133748837858092,1,2.370684372933872,1,-2.3656136798783858,1,0.0401276563153362,0.0,-0.2224759228607837,0.0,2.4640307855327066,1.0,-0.0520938194550583,0,0.0010838432930423,0,-0.2614172465591953,1,2.424040967914257,1,170,6,10,183693,4197760000,4115450.9803921566,180.09117647058824,3.5294117647058822,5.88235294117647,-2.3529411764705883,2.42277819238893,수요+/공급-,D 기타·동반감소,부호 강건성 미충족,부호 강건성 미충족,-0.091101640139665,-0.0100605495853766,-0.0011204157051527,0.0021875180264143,0.5471325848295274,0.0010100868540433,-0.0016200401726978,0.013498723973408,0.1111111111111111,0.8450980392156863,0.5450980392156862,0.38823529411764707,0.6431372549019608,0.8313725490196079,True,False,False,False,True,고밀도 경쟁 후보
대구광역시,서구,제과점,HIGH,4.020134867065615,1,4.120465692825926,1,5.54929988544945,1,-1.4487685091643343,1,4.0801960180360854,1.0,4.180584774742928,1.0,5.610243975200413,1.0,0.2473843969259672,0,3.763440306034899,1,3.8635235414867575,1,5.288831744009118,1,46,2,1,125326,1494120000,5413478.260869565,454.0797101449275,4.3478260869565215,2.1739130434782608,2.1739130434782608,5.301915488523483,수요+/공급+,A 총시장·점포·점포당 증가,부호 강건성 미충족,부호 강건성 미충족,-0.0577066082389675,0.3541249250899737,0.0007071369532832,-0.0542289867320912,1.5237218816223064,0.0008677964761866,-0.0010875067605826,0.0070493261824679,0.0,0.2755905511811024,0.33267716535433073,0.8503937007874016,0.8267716535433071,0.42322834645669294,False,False,False,False,False,일반 관찰지역
대구광역시,서구,중국음식,HIGH,1.673999815143417,1,1.4071073502283835,0,4.3235209558007,1,-2.539715987710797,1,1.7327063094242623,1.0,1.465659740992166,0.0,4.383757281680322,1.0,0.5545486657622094,1,1.113277483947721,0,0.847856905310181,0,3.748186770313426,1,92,4,2,65786,1505750000,2727807.9710144927,119.17753623188406,4.3478260869565215,2.1739130434782608,2.1739130434782608,3.768972290038491,수요+/공급+,A 총시장·점포·점포당 증가,부호 강건성 미충족,수요+/공급+,-0.0577066082389675,0.3541249250899737,0.0007071369532832,-0.0542289867320912,1.5237218816223064,0.0008677964761866,-0.0010875067605826,0.0070493261824679,0.0,0.3509803921568627,0.6568627450980392,0.7019607843137254,0.8274509803921568,0.5294117647058824,False,False,False,False,False,일반 관찰지역
대구광역시,수성구,제과점,HIGH,-0.4715773269885097,1,-0.3755789047006912,1,1.459429186531777,1,-1.9032302162573256,1,-0.4129738693982863,1.0,-0.3169189221569379,1.0,1.5191696425319,1.0,-0.6113061558029066,1,0.1405882534621544,0,0.2371771294949824,0,2.083471733294728,1,199,10,16,509634,6285530000,5264262.98157454,426.8291457286432,5.025125628140704,8.040201005025125,-3.015075376884422,2.0707353423346837,수요+/공급-,D 기타·동반감소,부호 강건성 미충족,수요+/공급-,-0.0588464781681011,0.104462764285847,0.0001414630232578,0.0018085664999608,-0.3981440667384966,0.000251818556194,-0.0001061176603337,0.024168456544973,0.4444444444444444,0.6417322834645669,0.3858267716535433,0.32677165354330706,0.36220472440944884,0.9625984251968503,False,False,False,False,True,일반 관찰지역
대구광역시,수성구,중국음식,HIGH,-2.394823040666333,1,-2.6510349170015317,1,-0.7691866132846088,1,-1.638237531165222,1,-2.337352011839583,1.0,-2.593714748616738,1.0,-0.7107583913981473,1.0,0.0913245054375655,0,-2.483879155749256,1,-2.739857261345471,1,-0.8597259782244628,1,154,9,6,170235,5474080000,5924329.004329004,184.23701298701295,5.844155844155844,3.896103896103896,1.948051948051948,-0.8605111187221743,수요-/공급+,C 총시장 감소/점포 증가,부호 강건성 미충족,부호 강건성 미충족,-0.0588464781681011,0.104462764285847,0.0001414630232578,0.0018085664999608,-0.3981440667384966,0.000251818556194,-0.0001061176603337,0.024168456544973,0.4444444444444444,0.615686274509804,0.8235294117647058,0.054901960784313725,0.11764705882352941,0.7901960784313725,False,True,True,True,True,일반 관찰지역
대구광역시,중구,제과점,HIGH,1.596426232536859,1,1.6944193119654432,1,3.28911052847283,1,-1.638782914554578,1,1.448028957115007,1.0,1.5458789025128727,1.0,3.1382408261460317,1.0,0.448043839558585,0,1.1432600865901466,1,1.240816072434067,1,2.8283942427511524,1,153,35,34,255775,3029440000,3300043.5729847495,278.62200435729847,22.875816993464053,22.22222222222222,0.6535947712418301,2.841066688914245,수요+/공급+,A 총시장·점포·점포당 증가,부호 강건성 미충족,부호 강건성 미충족,0.1462791115286707,0.4105426783083957,0.0002819586608235,0.125040411355891,0.0513992493354948,4.26686688624413e-05,-3.241924152611121e-05,0.0130825806333416,0.6,0.968503937007874,0.9763779527559056,0.6535433070866141,0.6181102362204725,0.8641732283464567,True,True,False,False,True,고회전 교체시장 후보
대구광역시,중구,중국음식,HIGH,-1.0632376067332483,1,-1.3229448714603025,1,1.277747644445865,1,-2.3114507437483827,1,-1.2077500322452688,1.0,-1.4670779543918806,1.0,1.1298158483323637,0.0,0.6124723211038077,1,-1.665509145316565,1,-1.923635457826032,1,0.6612255001734074,0,101,7,3,134736,3990640000,6585214.521452145,222.3366336633663,6.9306930693069315,2.9702970297029703,3.96039603960396,0.6652753233420574,수요+/공급+,C 총시장 감소/점포 증가,C 총시장 감소/점포 증가,수요+/공급+,0.1462791115286707,0.4105426783083957,0.0002819586608235,0.125040411355891,0.0513992493354948,4.26686688624413e-05,-3.241924152611121e-05,0.0130825806333416,0.6,0.4745098039215686,0.8745098039215686,0.2235294117647059,0.4196078431372549,0.5764705882352941,False,True,True,False,False,일반 관찰지역
대전광역시,대덕구,제과점,HIGH,3.1108785376261916,1,3.210332355887175,1,4.233985038066625,1,-1.0774859082959285,1,3.2555009375987423,1.0,3.3550942488994915,1.0,4.380182697214751,1.0,1.007188115986512,1,2.08271357799211,1,2.1811756974867533,1,3.1946210782293862,1,49,5,1,87805,1035370000,3521666.6666666665,298.656462585034,10.20408163265306,2.0408163265306123,8.16326530612245,3.226796922080113,수요+/공급+,A 총시장·점포·점포당 증가,A 총시장·점포·점포당 증가,수요+/공급+,-0.1400626588020328,0.3146239541841947,-0.0001586256206343,-0.0372171875769235,0.0317318600105224,0.0006941244508635,-0.0009684997832454,0.0100450794026254,0.4,0.265748031496063,0.7165354330708661,0.7874015748031497,0.7322834645669292,0.43700787401574803,False,False,False,False,False,일반 관찰지역
대전광역시,대덕구,중국음식,HIGH,1.2572949526758517,1,0.9914963307107711,1,1.8565241744124523,1,-0.5883071571444213,1,1.3993175328194318,1.0,1.133146104074218,1.0,1.9993872281259484,1.0,-0.6286082140143643,1,1.897833101454223,1,1.6303530780914053,1,2.5008529555256724,1,79,0,3,40992,964060000,2033881.8565400844,86.48101265822785,0.0,3.79746835443038,-3.79746835443038,2.485132388426817,수요+/공급-,D 기타·동반감소,D 기타·동반감소,수요+/공급-,-0.1400626588020328,0.3146239541841947,-0.0001586256206343,-0.0372171875769235,0.0317318600105224,0.0006941244508635,-0.0009684997832454,0.0100450794026254,0.4,0.5823529411764706,0.11568627450980393,0.6470588235294118,0.5254901960784314,0.45098039215686275,False,False,False,False,False,일반 관찰지역
대전광역시,동구,제과점,HIGH,3.5751783034944253,1,3.6750799540810273,1,3.8770607200470617,1,-0.2906150929378368,1,3.5513059368937077,1.0,3.651184561801101,1.0,3.85311877453916,1.0,0.2284569781408149,1,3.339092934538046,1,3.438766873056683,1,3.640287251655464,1,86,5,3,120291,1453140000,2816162.7906976743,233.1220930232558,5.813953488372093,3.488372093023256,2.3255813953488373,3.6486037419062463,수요+/공급+,A 총시장·점포·점포당 증가,A 총시장·점포·점포당 증가,수요+/공급+,0.0230536605837301,0.441463886134533,-0.0001080785925981,0.0359005293110301,-0.0538982457564882,0.0006460988226919,-0.0011026566255376,0.0142635406405751,0.0999999999999999,0.3464566929133858,0.4409448818897638,0.8110236220472441,0.6850393700787402,0.6476377952755905,False,False,False,False,False,일반 관찰지역
대전광역시,동구,중국음식,HIGH,0.2562219620485893,0,-0.0069488608871226,0,2.7670370490314227,1,-2.443210545989497,1,0.2331145600254323,0.0,-0.0299956063856021,0.0,2.7433509456320873,1.0,0.2437903253027529,1,0.012401403324307,0,-0.2501293949243345,0,2.517110252455971,1,94,2,2,62637,1665980000,2953865.24822695,111.05851063829788,2.127659574468085,2.127659574468085,0.0,2.5232467237286698,수요+/공급+,A 총시장·점포·점포당 증가,부호 강건성 미충족,수요+/공급+,0.0230536605837301,0.441463886134533,-0.0001080785925981,0.0359005293110301,-0.0538982457564882,0.0006460988226919,-0.0011026566255376,0.0142635406405751,0.0999999999999999,0.33725490196078434,0.3784313725490196,0.4392156862745098,0.7058823529411765,0.5411764705882353,False,False,False,False,False,일반 관찰지역
대전광역시,서구,제과점,HIGH,0.1249702980483245,1,0.2215441100518046,1,2.6430224025314404,1,-2.453213131827093,1,0.1018376416985344,1.0,0.1983891414975907,1.0,2.6193079808754605,1.0,0.8711074467023985,1,-0.7396936224263329,1,-0.6439538070837661,1,1.7566129694425066,1,210,23,17,277048,3519400000,2793174.603174603,219.87936507936507,10.952380952380953,8.095238095238095,2.857142857142857,1.771914955829042,수요+/공급+,B 총시장·점포 증가/점포당 감소,B 총시장·점포 증가/점포당 감소,수요+/공급+,0.0231091225643483,0.1573491136442274,-0.000119713308885,-0.0463798559154275,0.0218011369901497,0.0010197612755335,-0.001945805108014,0.0136005468468059,0.6666666666666667,0.6535433070866141,0.7440944881889764,0.42913385826771655,0.5236220472440944,0.9724409448818898,False,False,False,False,True,일반 관찰지역
대전광역시,서구,중국음식,HIGH,-1.1718861202919997,1,-1.4313081845779791,1,0.3662508012323057,0,-1.5325240399488995,1,-1.1947191537427848,1.0,-1.454081281716753,1.0,0.3430623999574814,0.0,0.8584432360605937,1,-2.0130484778558193,1,-2.270262505717427,1,-0.4880032043289822,1,156,8,4,110249,3040930000,3248856.8376068375,117.78739316239316,5.128205128205128,2.564102564102564,2.564102564102564,-0.492192434828288,수요+/공급+,C 총시장 감소/점포 증가,C 총시장 감소/점포 증가,부호 강건성 미충족,0.0231091225643483,0.1573491136442274,-0.000119713308885,-0.0463798559154275,0.0218011369901497,0.0010197612755335,-0.001945805108014,0.0136005468468059,0.6666666666666667,0.39215686274509803,0.7509803921568627,0.2196078431372549,0.27058823529411763,0.796078431372549,False,True,True,False,True,일반 관찰지역
대전광역시,유성구,제과점,HIGH,1.4288986420615797,1,1.5267301356441976,1,3.4806210572225793,1,-1.982711733075544,1,1.269185757394951,1.0,1.3668632026712573,1.0,3.3176774709526984,1.0,1.0478454950580174,1,0.3771017037886059,1,0.47391870478788,1,2.407548177049986,1,171,33,21,243257,2976750000,2901315.789473684,237.0925925925926,19.29824561403509,12.280701754385964,7.017543859649122,2.432775562164562,수요+/공급+,A 총시장·점포·점포당 증가,A 총시장·점포·점포당 증가,수요+/공급+,0.1577112361199618,0.1072573791312778,-0.0009072531453689,-0.0042473925642919,0.3259759613793238,0.0019934751361412,-0.0030924933467003,0.0137460517721977,0.1999999999999999,0.8622047244094488,0.9448818897637795,0.6220472440944882,0.6299212598425197,0.9133858267716536,True,True,False,False,True,고회전 교체시장 후보
대전광역시,유성구,중국음식,HIGH,0.177804771832135,0,-0.0851602073556914,0,1.9587563644112775,1,-1.7467372652269213,1,0.020061895848257,0.0,-0.2424890110588344,0.0,1.798209150412168,1.0,-0.2625738615005776,1,0.4415379967006877,1,0.1778807224266523,1,2.2271782137501854,1,152,8,9,104312,2942200000,3226096.49122807,114.37719298245614,5.263157894736842,5.921052631578947,-0.6578947368421052,2.221330225911855,수요+/공급-,D 기타·동반감소,부호 강건성 미충족,수요+/공급-,0.1577112361199618,0.1072573791312778,-0.0009072531453689,-0.0042473925642919,0.3259759613793238,0.0019934751361412,-0.0030924933467003,0.0137460517721977,0.1999999999999999,0.8509803921568627,0.7647058823529411,0.4196078431372549,0.5529411764705883,0.7803921568627451,True,True,False,False,True,고회전 교체시장 후보
대전광역시,중구,제과점,HIGH,-3.665025099265824,1,-3.5721068619098024,1,0.0265746964889608,1,-3.6906190249503847,1,-3.566022589414275,1.0,-3.473008860896043,1.0,0.1293710272817179,1.0,-0.4331432659816498,1,-3.245941409918962,1,-3.1526189526235178,1,0.4617178622989958,1,87,4,7,523638,13703020000,26250996.168582372,1003.1379310344828,4.597701149425287,8.045977011494253,-3.4482758620689653,0.4597179624706107,수요+/공급-,D 기타·동반감소,D 기타·동반감소,수요+/공급-,-0.1026635139501159,0.4241123100278513,0.0006892711204064,-0.022410159882944,-0.0060527603831593,0.0006800085589169,-0.0003314662409768,0.020698050330481,0.5,0.6456692913385826,0.3464566929133858,0.03543307086614173,0.14566929133858267,0.655511811023622,False,False,True,True,False,일반 관찰지역
대전광역시,중구,중국음식,HIGH,2.456872916553087,1,2.187925423487968,1,2.268389344484577,1,0.1843028655057971,0,2.562166841015459,1.0,2.2929429532467713,1.0,2.3734895662266293,1.0,-0.0844126077220262,0,2.5434325019756754,1,2.274257791518131,1,2.3547896915916606,1,103,3,5,73839,1919850000,3106553.3980582524,119.48058252427184,2.912621359223301,4.854368932038835,-1.9417475728155336,2.3528019522066033,수요+/공급-,D 기타·동반감소,부호 강건성 미충족,부호 강건성 미충족,-0.1026635139501159,0.4241123100278513,0.0006892711204064,-0.022410159882944,-0.0060527603831593,0.0006800085589169,-0.0003314662409768,0.020698050330481,0.5,0.7529411764705882,0.4823529411764706,0.788235294117647,0.6352941176470588,0.5882352941176471,True,False,False,False,False,관측변수로 미설명
부산광역시,강서구,제과점,HIGH,2.538574851477438,1,2.637476664095505,1,4.798778109588035,1,-2.156707643811542,1,2.1965418179953886,1.0,2.295113728554322,1.0,4.449205823899907,1.0,0.0564474776317019,0,2.4807270659900573,1,2.579573082525073,1,4.739655216138364,1,48,4,5,141741,1598180000,5549236.111111111,492.15625,8.333333333333332,10.416666666666668,-2.083333333333333,4.742330631956333,수요+/공급+,A 총시장·점포·점포당 증가,부호 강건성 미충족,부호 강건성 미충족,0.3346816119191049,0.2143818607670074,-0.0001014159607757,-0.0774263402726408,1.3316513549245617,0.0022744988393023,-0.0027939154231891,0.0199869348987387,0.7,0.7913385826771654,0.6220472440944882,0.7440944881889764,0.7992125984251969,0.4330708661417323,True,False,False,False,False,관측변수로 미설명
부산광역시,강서구,중국음식,HIGH,1.0268820837179202,1,0.7616882914895255,0,2.8428732544422473,1,-1.7657919438242564,1,0.6898915317000179,0.0,0.4255823337557893,0.0,2.4998251872911577,1.0,0.0684587997569591,0,0.9577676077522224,1,0.6927552398101644,0,2.7725164232188617,1,81,6,3,85273,2134970000,4392942.386831275,175.4588477366255,7.4074074074074066,3.7037037037037033,3.7037037037037033,2.774414454685288,수요+/공급+,A 총시장·점포·점포당 증가,부호 강건성 미충족,부호 강건성 미충족,0.3346816119191049,0.2143818607670074,-0.0001014159607757,-0.0774263402726408,1.3316513549245617,0.0022744988393023,-0.0027939154231891,0.0199869348987387,0.7,0.5509803921568628,0.9,0.6039215686274509,0.7176470588235294,0.4666666666666667,False,True,False,False,False,일반 관찰지역
부산광역시,금정구,제과점,HIGH,1.5656336022910156,1,1.663596981219569,1,4.37296082010844,1,-2.6897073684207973,1,1.5921384310240656,1.0,1.690127374727752,1.0,4.400198256166104,1.0,0.1733123057942019,0,1.3899124072552826,1,1.4877062973380542,1,4.1923825993635555,1,82,3,2,332226,3983080000,8095691.056910569,675.2560975609756,3.658536585365854,2.4390243902439024,1.2195121951219512,4.199648514314238,수요+/공급+,A 총시장·점포·점포당 증가,부호 강건성 미충족,부호 강건성 미충족,-0.0260894485955334,-0.2998343244645567,-0.0010184913927539,0.0223373609456987,2.6828755060764773,0.0015774356942399,-0.0027715103473367,0.0136511926334892,0.0999999999999999,0.2874015748031496,0.2637795275590551,0.6417322834645669,0.7519685039370079,0.6220472440944882,False,False,False,False,False,일반 관찰지역
부산광역시,금정구,중국음식,HIGH,2.760433643317298,1,2.4906893086726045,1,5.248669123754157,1,-2.36414911575851,1,2.7872502701392934,1.0,2.517435542319867,1.0,5.276135086900997,1.0,0.3614857024104603,1,2.390307321695218,1,2.121534562148256,1,4.869580583766001,1,110,3,1,101155,2429810000,3681530.3030303023,153.26515151515153,2.727272727272727,0.9090909090909092,1.818181818181818,4.887183421343696,수요+/공급+,A 총시장·점포·점포당 증가,A 총시장·점포·점포당 증가,수요+/공급+,-0.0260894485955334,-0.2998343244645567,-0.0010184913927539,0.0223373609456987,2.6828755060764773,0.0015774356942399,-0.0027715103473367,0.0136511926334892,0.0999999999999999,0.20392156862745098,0.4588235294117647,0.8117647058823529,0.8862745098039215,0.6058823529411764,False,False,False,False,False,일반 관찰지역
부산광역시,기장군,제과점,HIGH,4.549046971028411,1,4.649887949829889,1,6.016040927550427,1,-1.383747160983435,1,4.551739697630815,1.0,4.652583273655242,1.0,6.018771437506838,1.0,-0.6000206920735672,1,5.180149632779055,1,5.281599330760437,1,6.655998990833206,1,54,5,7,126005,1639230000,5059351.851851852,388.9043209876543,9.25925925925926,12.962962962962962,-3.7037037037037033,6.616061619623994,수요+/공급-,D 기타·동반감소,D 기타·동반감소,수요+/공급-,-0.002575496696855,0.293212888303368,0.0005134130817468,-0.0255996728486027,1.858505106906185,-0.0001456957157187,9.152597999575143e-05,0.0072699015208429,0.1818181818181817,0.8740157480314961,0.6850393700787402,0.8700787401574803,0.84251968503937,0.47244094488188976,True,False,False,False,False,관측변수로 미설명
부산광역시,기장군,중국음식,HIGH,1.7308289533211192,0,1.4637873129158654,0,3.081574373339934,1,-1.3103655315999714,1,1.7334490949421406,0.0,1.466400576711092,0.0,3.0842293042606426,1.0,-1.0455876212451929,1,2.8057531825255047,1,2.535889884885825,1,4.170771060504263,1,82,1,6,83646,2360700000,4798170.731707317,170.0121951219512,1.2195121951219512,7.317073170731707,-6.097560975609756,4.127161994585126,수요+/공급-,D 기타·동반감소,부호 강건성 미충족,수요+/공급-,-0.002575496696855,0.293212888303368,0.0005134130817468,-0.0255996728486027,1.858505106906185,-0.0001456957157187,9.152597999575143e-05,0.0072699015208429,0.1818181818181817,0.9274509803921569,0.2823529411764706,0.7058823529411765,0.7372549019607844,0.4745098039215686,True,False,False,False,False,관측변수로 미설명
부산광역시,남구,제과점,HIGH,3.68522513728678,1,3.785232931647585,1,6.020809929814083,1,-2.202949396513259,1,3.4405289751487387,1.0,3.5403007520496583,1.0,5.770601809397299,1.0,0.7146651014186779,1,2.9494811236048224,1,3.0487792687756774,1,5.268492749345074,1,80,7,6,339026,3996940000,8326958.333333333,706.3041666666667,8.75,7.5,1.25,5.306144828395405,수요+/공급+,A 총시장·점포·점포당 증가,A 총시장·점포·점포당 증가,수요+/공급+,0.2365573383686001,-0.2522997247081727,-0.0010447035510544,0.0654258949894471,2.321931858018823,0.0008836373552146,-0.0010931176867118,0.0156172452822327,0.0999999999999999,0.59251968503937,0.6456692913385826,0.8188976377952756,0.8464566929133859,0.6181102362204725,False,False,False,False,False,일반 관찰지역
부산광역시,남구,중국음식,HIGH,2.177580522373391,1,1.909366166940805,1,4.365443632392522,1,-2.096348210548943,1,1.9364423874340329,1.0,1.668861015373167,1.0,4.119142160964326,1.0,-0.4680793829876623,1,2.6581019324858084,1,2.3886262167858776,1,4.856254139794049,1,117,0,3,125672,3327110000,4739472.934472935,179.019943019943,0.0,2.564102564102564,-2.564102564102564,4.833523015380185,수요+/공급-,D 기타·동반감소,D 기타·동반감소,수요+/공급-,0.2365573383686001,-0.2522997247081727,-0.0010447035510544,0.0654258949894471,2.321931858018823,0.0008836373552146,-0.0010931176867118,0.0156172452822327,0.0999999999999999,0.39215686274509803,0.11568627450980393,0.7647058823529411,0.8313725490196079,0.6490196078431373,False,False,False,False,False,일반 관찰지역
부산광역시,동구,제과점,HIGH,3.960727045889531,1,4.061000570861218,1,6.7366676495406965,1,-2.600737557936254,1,4.048684304872689,1.0,4.149042667500489,1.0,6.826973527406602,1.0,0.9275573308534776,1,3.005293891234152,1,3.104645869646792,1,5.755722690923949,1,52,6,4,169398,1934680000,6200897.435897436,542.9423076923077,11.538461538461538,7.6923076923076925,3.8461538461538463,5.809110318687219,수요+/공급+,A 총시장·점포·점포당 증가,A 총시장·점포·점포당 증가,수요+/공급+,-0.0845347152353245,0.2691071081602241,0.0008348301136425,-0.1022098107502649,2.9316154342277723,-0.0028459199564248,0.0027877065776326,0.0165446323462745,0.3,0.6141732283464567,0.7598425196850394,0.84251968503937,0.889763779527559,0.45866141732283466,False,True,False,False,False,일반 관찰지역
부산광역시,동구,중국음식,HIGH,-0.4435985780661137,1,-0.7049323843673361,1,2.554720991020271,1,-2.9236290051911733,1,-0.3593676532530538,1.0,-0.6209225642535503,1.0,2.6414886811902205,1.0,0.3072830427196823,1,-0.7485813572140759,1,-1.0091145890732365,1,2.2405531085349395,1,75,1,1,83558,3109900000,6910888.888888889,185.68444444444447,1.3333333333333337,1.3333333333333337,0.0,2.2474379483005884,수요+/공급+,C 총시장 감소/점포 증가,C 총시장 감소/점포 증가,수요+/공급+,-0.0845347152353245,0.2691071081602241,0.0008348301136425,-0.1022098107502649,2.9316154342277723,-0.0028459199564248,0.0027877065776326,0.0165446323462745,0.3,0.23137254901960785,0.30196078431372547,0.3137254901960784,0.6627450980392157,0.43333333333333335,False,False,False,False,False,일반 관찰지역
부산광역시,동래구,제과점,HIGH,2.175058291235217,1,2.273609480229184,1,4.34316341341088,1,-2.0778602557655015,1,2.3325909153563087,1.0,2.431294049723996,1.0,4.504038803320256,1.0,0.1923663207798309,1,1.9788852616849617,1,2.077247235369157,1,4.14282768743248,1,105,4,4,400286,4822880000,7655365.079365079,635.3746031746032,3.8095238095238098,3.8095238095238098,0.0,4.150797092631049,수요+/공급+,A 총시장·점포·점포당 증가,A 총시장·점포·점포당 증가,수요+/공급+,-0.1539417918690583,0.0175546256284401,0.0001780968666394,-0.0505905776645274,2.215689817270779,0.000159253434468,-0.0003691938844766,0.0101812108323274,0.0,0.35826771653543305,0.2755905511811024,0.7047244094488189,0.7440944881889764,0.7007874015748031,False,False,False,False,False,일반 관찰지역
부산광역시,동래구,중국음식,HIGH,2.0012060842106916,1,1.7334547085824763,1,3.468072951888937,1,-1.4176999975252156,1,2.1584706644976017,1.0,1.8903064721065277,1.0,3.6275991348680527,1.0,0.5569373708502743,1,1.4362695912604595,1,1.170001164010432,1,2.89501217633796,1,117,5,2,141349,3959850000,5640811.965811966,201.35185185185188,4.273504273504273,1.7094017094017095,2.564102564102564,2.9111355810386623,수요+/공급+,A 총시장·점포·점포당 증가,A 총시장·점포·점포당 증가,수요+/공급+,-0.1539417918690583,0.0175546256284401,0.0001780968666394,-0.0505905776645274,2.215689817270779,0.000159253434468,-0.0003691938844766,0.0101812108323274,0.0,0.2627450980392157,0.6352941176470588,0.7450980392156863,0.7607843137254902,0.6490196078431373,False,False,False,False,False,일반 관찰지역
부산광역시,부산진구,제과점,HIGH,4.607784181758079,1,4.7086818145223335,1,6.663240848366109,1,-1.927052516180493,1,4.6353695779552355,1.0,4.736293817737319,1.0,6.691368274842957,1.0,1.4695104541508994,1,3.0928243504487476,1,3.192260754855094,1,5.118513306085185,1,136,23,15,652004,7073300000,8668259.803921567,799.0245098039215,16.911764705882355,11.029411764705882,5.88235294117647,5.193730394215209,수요+/공급+,A 총시장·점포·점포당 증가,A 총시장·점포·점포당 증가,수요+/공급+,-0.0263633571596899,0.2413089182143258,0.0003441911440614,-0.0065624943484065,2.2435555693304927,-0.000130236761431,0.0004628714775272,0.0051554948331566,0.3,0.8149606299212598,0.9173228346456693,0.8818897637795275,0.8779527559055118,0.8051181102362205,True,True,False,False,True,고회전 교체시장 후보
부산광역시,부산진구,중국음식,HIGH,3.451703591191628,1,3.1801446850670554,1,4.7575539507961455,1,-1.246545294688652,1,3.4789841253617637,1.0,3.207353608313823,1.0,4.785178841744619,1.0,-0.0910136718971963,1,3.5459445574339368,1,3.274138270427085,1,4.852984502085288,1,218,8,8,239745,6235190000,4766964.831804281,183.29128440366972,3.669724770642202,3.669724770642202,0.0,4.848567622693341,수요+/공급-,D 기타·동반감소,D 기타·동반감소,수요+/공급-,-0.0263633571596899,0.2413089182143258,0.0003441911440614,-0.0065624943484065,2.2435555693304927,-0.000130236761431,0.0004628714775272,0.0051554948331566,0.3,0.5450980392156862,0.5607843137254902,0.8509803921568627,0.8549019607843137,0.9058823529411765,False,False,False,False,True,일반 관찰지역
부산광역시,북구,제과점,HIGH,3.0203450320883034,1,3.119711527819064,1,5.394320405413523,1,-2.2524699283541856,1,3.1566892204911254,1.0,3.256187224655572,1.0,5.5338064756015655,1.0,-1.4987705568164975,1,4.587877343715273,1,4.6887557756825275,1,6.997974544273097,1,72,3,8,320164,3609060000,8354305.555555556,741.1203703703703,4.166666666666666,11.11111111111111,-6.944444444444445,6.89309096223002,수요+/공급-,D 기타·동반감소,D 기타·동반감소,수요+/공급-,-0.1321719312951011,0.0937146191136927,0.0008213226843104,-0.07088832818567,2.0866639080633016,0.0002939207053815,-0.0006932523995741,0.0043435637995567,0.0999999999999999,0.8208661417322834,0.3188976377952756,0.7795275590551181,0.8188976377952756,0.5649606299212598,True,False,False,False,False,관측변수로 미설명
부산광역시,북구,중국음식,HIGH,3.509203645794147,1,3.2374938030354725,1,5.59540999318948,1,-1.975660066597503,1,3.646194823205854,1.0,3.3741253810109644,1.0,5.735162199126068,1.0,-0.2047881932919012,1,3.721613263649989,1,3.4493458493726834,1,5.812100682461301,1,113,1,3,88030,2291240000,3379410.029498525,129.83775811209438,0.8849557522123894,2.6548672566371683,-1.7699115044247788,5.800198186481381,수요+/공급-,D 기타·동반감소,D 기타·동반감소,수요+/공급-,-0.1321719312951011,0.0937146191136927,0.0008213226843104,-0.07088832818567,2.0866639080633016,0.0002939207053815,-0.0006932523995741,0.0043435637995567,0.0999999999999999,0.40784313725490196,0.24313725490196078,0.8588235294117647,0.8941176470588236,0.6235294117647059,False,False,False,False,False,일반 관찰지역
부산광역시,사상구,제과점,HIGH,6.993473690455955,1,7.0966723988603055,1,8.274537948237786,1,-1.18316298739987,1,7.1349492788242,1.0,7.238284445065518,1.0,8.417707465341605,1.0,-0.5181511299843569,1,7.550749112287939,1,7.6544853310821726,1,8.838485792228065,1,51,1,3,179237,2094040000,6843267.97385621,585.7418300653594,1.96078431372549,5.88235294117647,-3.92156862745098,8.792689078222143,수요+/공급-,D 기타·동반감소,D 기타·동반감소,수요+/공급-,-0.1320536289236681,0.1146926819952506,-9.44773377934844e-05,-0.0736349652491046,2.620032838996908,-0.0004838156905447,0.0014712287031832,0.0104983560518654,0.0909090909090909,0.5196850393700787,0.22440944881889763,0.9330708661417323,0.9251968503937008,0.4507874015748031,False,False,False,False,False,일반 관찰지역
부산광역시,사상구,중국음식,HIGH,3.983270843752465,1,3.710316582920091,1,6.550575311134252,1,-2.409470300732847,1,4.120766093842521,1.0,3.8474509103919674,1.0,6.691465262765553,1.0,-0.6156742605627658,1,4.62743503072366,1,4.352789850206959,1,7.210643648662727,1,142,0,5,89480,2281800000,2678169.0140845072,105.02347417840376,0.0,3.5211267605633805,-3.5211267605633805,7.166249571697017,수요+/공급-,D 기타·동반감소,D 기타·동반감소,수요+/공급-,-0.1320536289236681,0.1146926819952506,-9.44773377934844e-05,-0.0736349652491046,2.620032838996908,-0.0004838156905447,0.0014712287031832,0.0104983560518654,0.0909090909090909,0.5333333333333333,0.11568627450980393,0.8823529411764706,0.9215686274509803,0.7392156862745098,False,False,False,False,False,일반 관찰지역
부산광역시,사하구,제과점,HIGH,4.219562060129741,1,4.3200852399470415,1,6.241791909684624,1,-1.9034221968639065,1,4.467718657121597,1.0,4.5684811921015385,1.0,6.494763626485869,1.0,0.3717677254098493,1,3.8335424611096,1,3.933693312385204,1,5.84828215871777,1,77,3,2,347317,4258370000,9217251.082251083,751.7683982683982,3.896103896103896,2.5974025974025974,1.2987012987012987,5.870024184274774,수요+/공급+,A 총시장·점포·점포당 증가,A 총시장·점포·점포당 증가,수요+/공급+,-0.237543807964576,0.100226222178856,-0.0001545955166393,-0.1388701707366181,3.1520242220120043,-0.0001229022497476,0.0003374069756877,0.0102894225703165,0.0999999999999999,0.3051181102362205,0.2952755905511811,0.8582677165354331,0.8582677165354331,0.5964566929133859,False,False,False,False,False,일반 관찰지역
부산광역시,사하구,중국음식,HIGH,3.0472379736051685,1,2.776740782627519,1,4.83984768695834,1,-1.70985532018867,1,3.292603156488822,1.0,3.0214618862127622,1.0,5.0894812424719,1.0,-0.1547882152269572,0,3.206990231774393,1,2.936073693923028,1,5.002378995351102,1,112,1,3,119014,2898710000,4313556.547619048,177.10416666666669,0.8928571428571428,2.6785714285714284,-1.7857142857142856,4.994635902185297,수요+/공급-,D 기타·동반감소,부호 강건성 미충족,부호 강건성 미충족,-0.237543807964576,0.100226222178856,-0.0001545955166393,-0.1388701707366181,3.1520242220120043,-0.0001229022497476,0.0003374069756877,0.0102894225703165,0.0999999999999999,0.4215686274509804,0.24705882352941178,0.8392156862745098,0.8627450980392157,0.6137254901960785,False,False,False,False,False,일반 관찰지역
부산광역시,서구,제과점,HIGH,11.922765195740114,1,12.03071836718924,1,12.537653432878756,1,-0.5463844485662644,1,12.0167889394906,1.0,12.124832799918964,1.0,12.632193730110966,1.0,1.687928712151208,1,10.064947347448443,1,10.171108592756802,1,10.66962898953322,1,28,2,0,122998,1438510000,8562559.523809524,732.1309523809524,7.142857142857142,0.0,7.142857142857142,10.849724720727547,수요+/공급+,A 총시장·점포·점포당 증가,A 총시장·점포·점포당 증가,수요+/공급+,-0.0839371889166386,-0.0073524277760203,-0.0008528839978427,-0.1788188043559185,3.708570240828738,-0.0012322009846115,0.0017962354759758,0.0116791680885049,0.1999999999999999,0.1141732283464567,0.5452755905511811,0.9803149606299213,0.9724409448818898,0.3248031496062992,False,False,False,False,False,일반 관찰지역
부산광역시,서구,중국음식,HIGH,5.244050763568956,1,4.967786977576472,1,6.923692899350319,1,-1.5708792787043493,1,5.33246387276038,1.0,5.055968003908096,1.0,7.0135170373122735,1.0,0.1634036010348895,0,5.07235874568621,1,4.796545648227089,1,6.7492607631851405,1,52,1,1,50077,1144780000,3669166.6666666665,160.5032051282051,1.9230769230769231,1.9230769230769231,0.0,6.7602892983154295,수요+/공급+,A 총시장·점포·점포당 증가,부호 강건성 미충족,부호 강건성 미충족,-0.0839371889166386,-0.0073524277760203,-0.0008528839978427,-0.1788188043559185,3.708570240828738,-0.0012322009846115,0.0017962354759758,0.0116791680885049,0.1999999999999999,0.296078431372549,0.3588235294117647,0.9019607843137255,0.9254901960784314,0.3235294117647059,False,False,False,False,False,일반 관찰지역
부산광역시,수영구,제과점,HIGH,1.892318832025337,1,1.9905973095538372,1,3.9598167988406514,1,-1.9887472202994507,1,1.9452181348736524,1.0,2.043547635511731,1.0,4.0137894819235385,1.0,-0.0305533004332171,0,1.923459812913841,1,2.0217683269380036,1,3.991589661655247,1,92,4,3,323534,4095720000,7419782.608695652,586.1123188405797,4.3478260869565215,3.260869565217391,1.0869565217391304,3.9903700992738687,수요+/공급-,D 기타·동반감소,부호 강건성 미충족,부호 강건성 미충족,-0.0518899305099049,0.1125783784459282,0.0006414094306779,-0.013484324723627,2.10778227832959,4.814746059278134e-05,2.1493695869853214e-05,0.0095057456107847,0.1999999999999999,0.33858267716535434,0.33267716535433073,0.6811023622047244,0.6929133858267716,0.6673228346456693,False,False,False,False,False,일반 관찰지역
부산광역시,수영구,중국음식,HIGH,1.9339973728240236,1,1.6664224188835908,1,2.82191616443322,1,-0.8635501308779677,1,1.9869183138662745,1.0,1.719204443384483,1.0,2.875298085121457,1.0,-0.2869010938833474,1,2.227288582013079,1,1.9589437437964083,1,3.117762152035428,1,91,1,3,94116,2823400000,5171062.271062272,172.37362637362637,1.098901098901099,3.296703296703297,-2.197802197802198,3.108817258316568,수요+/공급-,D 기타·동반감소,D 기타·동반감소,수요+/공급-,-0.0518899305099049,0.1125783784459282,0.0006414094306779,-0.013484324723627,2.10778227832959,4.814746059278134e-05,2.1493695869853214e-05,0.0095057456107847,0.1999999999999999,0.49019607843137253,0.2627450980392157,0.7333333333333333,0.7137254901960784,0.5215686274509804,False,False,False,False,False,일반 관찰지역
부산광역시,연제구,제과점,HIGH,2.1693768265234668,1,2.2679225355587453,1,4.57779808246392,1,-2.3029948039653116,1,2.182153940509718,1.0,2.2807119734897694,1.0,4.590876389174197,1.0,-1.3890690304382352,1,3.608571404786846,1,3.708505264112929,1,6.0509185485166626,1,71,3,7,292648,3290080000,7723192.48826291,686.9671361502348,4.225352112676056,9.859154929577464,-5.633802816901409,5.966867112902155,수요+/공급-,D 기타·동반감소,D 기타·동반감소,수요+/공급-,-0.0125042519593959,0.1029924619197516,0.0001736735784346,-0.0457888951743407,2.252237809079948,-9.424390983295125e-05,-2.9846837885951135e-05,0.0092607247641243,0.1999999999999999,0.7637795275590551,0.3228346456692913,0.7007874015748031,0.7795275590551181,0.5511811023622047,True,False,False,False,False,관측변수로 미설명
부산광역시,연제구,중국음식,HIGH,1.862572113547536,1,1.595184649659036,1,3.57350621097179,1,-1.6519032328009065,1,1.8753108591017769,1.0,1.6078899562297886,1.0,3.586458922791342,1.0,0.1270671115184459,0,1.7333025445518215,1,1.4662544110130042,1,3.4420653664156866,1,68,2,2,96878,2806660000,6879068.62745098,237.44607843137257,2.941176470588235,2.941176470588235,0.0,3.446439099453344,수요+/공급+,A 총시장·점포·점포당 증가,부호 강건성 미충족,부호 강건성 미충족,-0.0125042519593959,0.1029924619197516,0.0001736735784346,-0.0457888951743407,2.252237809079948,-9.424390983295125e-05,-2.9846837885951135e-05,0.0092607247641243,0.1999999999999999,0.4647058823529412,0.49019607843137253,0.7176470588235294,0.7686274509803922,0.4,False,False,False,False,False,일반 관찰지역
부산광역시,영도구,제과점,HIGH,9.539657161165987,1,9.645311746891396,1,11.03152546589678,1,-1.34364388714899,1,9.66684756531753,1.0,9.772624830352026,1.0,11.160448131564731,1.0,0.5848751047341325,0,8.902712308493347,1,9.007752540054405,1,10.385905783831872,1,24,4,3,105297,1325810000,9207013.88888889,731.2291666666666,16.666666666666664,12.5,4.166666666666666,10.446650361162646,수요+/공급+,A 총시장·점포·점포당 증가,부호 강건성 미충족,부호 강건성 미충족,-0.115978900620622,-0.1064967912108625,-0.001453568334744,-0.1386453799004929,4.407610220527163,0.0004540544954201,-0.0007994947774582,0.0098400787965655,0.0999999999999999,0.8681102362204725,0.9035433070866141,0.9606299212598425,0.9606299212598425,0.29133858267716534,True,True,False,False,False,고회전 교체시장 후보
부산광역시,영도구,중국음식,HIGH,5.747322626607154,1,5.469737760807732,1,7.366678320864686,1,-1.5082479215926714,1,5.87010961582546,1.0,5.592202436334478,1.0,7.491345601755936,1.0,0.0,0,5.74732262660717,1,5.469737760807732,1,7.366678320864696,1,51,0,1,47864,1191830000,3894869.281045752,156.41830065359477,0.0,1.96078431372549,-1.96078431372549,7.366678320864686,수요+/공급+,A 총시장·점포·점포당 증가,부호 강건성 미충족,부호 강건성 미충족,-0.115978900620622,-0.1064967912108625,-0.001453568334744,-0.1386453799004929,4.407610220527163,0.0004540544954201,-0.0007994947774582,0.0098400787965655,0.0999999999999999,0.3058823529411765,0.11568627450980393,0.9215686274509803,0.9333333333333333,0.3176470588235294,False,False,False,False,False,일반 관찰지역
부산광역시,중구,제과점,HIGH,3.121947688813437,1,3.22141218363313,1,6.112555696532407,1,-2.8183356701649154,1,3.1852217957911613,1.0,3.2847473205586764,1.0,6.177664796499021,1.0,1.1496536274434055,1,1.9498772270980065,1,2.0482112215831125,1,4.906494378486443,1,39,6,4,155249,1754940000,7499743.58974359,663.4572649572649,15.384615384615383,10.256410256410255,5.128205128205128,4.962902069089002,수요+/공급+,A 총시장·점포·점포당 증가,A 총시장·점포·점포당 증가,수요+/공급+,-0.0613209002961225,0.3018621144300217,0.000883767712587,-0.1481535419613984,2.5447821393718666,-7.495027172311763e-05,6.249553556281841e-05,0.003399550030643,0.0,0.7834645669291339,0.8818897637795275,0.7913385826771654,0.8543307086614174,0.39173228346456695,True,True,False,False,False,고회전 교체시장 후보
부산광역시,중구,중국음식,HIGH,2.1953495451184626,1,1.9270885463130043,1,4.842762254820088,1,-2.5251268211220204,1,2.258055105134221,1.0,1.9896295053343651,1.0,4.907092228248926,1.0,0.4644080456864103,1,1.7229400273227955,1,1.4559190952097936,0,4.358114773485374,1,56,1,1,68809,1927330000,5736101.190476191,204.78869047619045,1.7857142857142856,1.7857142857142856,0.0,4.378354209133677,수요+/공급+,A 총시장·점포·점포당 증가,A 총시장·점포·점포당 증가,수요+/공급+,-0.0613209002961225,0.3018621144300217,0.000883767712587,-0.1481535419613984,2.5447821393718666,-7.495027172311763e-05,6.249553556281841e-05,0.003399550030643,0.0,0.27450980392156865,0.3392156862745098,0.7686274509803922,0.8666666666666667,0.35294117647058826,False,False,False,False,False,일반 관찰지역
부산광역시,해운대구,제과점,HIGH,3.943665412535821,1,4.043922481003549,1,5.446223113183126,1,-1.4249516542991536,1,4.042801113387883,1.0,4.14315380148487,1.0,5.54679187020202,1.0,0.0907458643901833,1,3.849426352927628,1,3.949592524736921,1,5.350621780807692,1,159,30,31,461043,5312070000,5568207.547169811,483.2735849056603,18.867924528301888,19.49685534591195,-0.628930817610063,5.355477248792942,수요+/공급+,A 총시장·점포·점포당 증가,A 총시장·점포·점포당 증가,수요+/공급+,-0.0952835754047256,0.0895377073446023,0.0002347081046663,0.0406670499635354,2.30328868170114,3.029797496051367e-05,-0.0002954805057695,0.0082107734049715,0.1999999999999999,0.9606299212598425,0.937007874015748,0.8385826771653543,0.8228346456692913,0.8838582677165354,True,True,False,False,True,고회전 교체시장 후보
부산광역시,해운대구,중국음식,HIGH,1.1270342369126232,0,0.8615775470400112,0,2.921294468686252,1,-1.7433323599709345,1,1.223483591227589,0.0,0.9577737234927988,0.0,3.019455088857359,1.0,-0.2307505253813208,1,1.3609251041217798,1,1.0948544548280317,0,3.1593351765860715,1,141,4,10,140258,3722030000,4399562.647754137,165.78959810874704,2.8368794326241136,7.092198581560284,-4.25531914893617,3.1520449940675728,수요+/공급-,D 기타·동반감소,부호 강건성 미충족,수요+/공급-,-0.0952835754047256,0.0895377073446023,0.0002347081046663,0.0406670499635354,2.30328868170114,3.029797496051367e-05,-0.0002954805057695,0.0082107734049715,0.1999999999999999,0.9176470588235294,0.47058823529411764,0.6274509803921569,0.7254901960784313,0.7313725490196078,True,False,False,False,False,관측변수로 미설명
서울특별시,강남구,제과점,HIGH,-1.057448481396584,1,-0.9620151510189316,1,0.5375654816160983,1,-1.5864855642484303,1,-0.9384872649448516,1.0,-0.8429391925791283,1.0,0.6584444250556881,1.0,-0.1102224597059193,1,-0.9482712295645715,1,-0.8527325941530597,1,0.6485027369899805,1,472,66,73,745163,9031450000,3189071.327683616,263.12252824858757,13.983050847457626,15.466101694915254,-1.4830508474576272,0.6477879413220177,수요+/공급-,D 기타·동반감소,D 기타·동반감소,수요+/공급-,-0.120088229189342,0.2401198024879328,-1.679872069638869e-05,0.0637398193513734,0.1859715027012053,-0.0001894502798342,-0.0010080683096868,0.012858421900954,1.0,0.905511811023622,0.8307086614173228,0.2204724409448819,0.21653543307086615,1.0,True,True,True,True,True,고회전+수요취약 후보
서울특별시,강남구,중국음식,HIGH,-3.3767731823984737,1,-3.6304074568469855,1,-1.9889362333804093,1,-1.416000291888211,1,-3.26060055067138,1.0,-3.514539776239108,1.0,-1.8710949690057976,1.0,0.1087094213650008,1,-3.4816976703723266,1,-3.7350565198816086,1,-2.0953677925426737,1,418,17,14,359172,13618130000,5429876.395534291,143.21052631578948,4.0669856459330145,3.349282296650718,0.7177033492822966,-2.0976456547454103,수요-/공급+,C 총시장 감소/점포 증가,C 총시장 감소/점포 증가,수요-/공급+,-0.120088229189342,0.2401198024879328,-1.679872069638869e-05,0.0637398193513734,0.1859715027012053,-0.0001894502798342,-0.0010080683096868,0.012858421900954,1.0,0.5058823529411764,0.6196078431372549,0.0196078431372549,0.043137254901960784,0.996078431372549,False,False,True,True,True,일반 관찰지역
서울특별시,강동구,제과점,HIGH,-0.7173168865516609,1,-0.6215554881147003,1,0.7192844343123238,0,-1.4263418658428668,1,-0.6898804574853952,1.0,-0.5940925957143226,1.0,0.747117863227879,0.0,0.0856760499453123,0,-0.8023055527907998,1,-0.7066261287050364,1,0.6330659984260387,0,199,19,17,419332,4611880000,3862546.063651591,351.1993299832496,9.547738693467336,8.542713567839195,1.0050251256281406,0.6336083843670115,수요+/공급+,C 총시장 감소/점포 증가,부호 강건성 미충족,부호 강건성 미충족,-0.0276270224954114,0.0316303455430442,0.0002161566518333,0.0007641270822164,0.352456334015373,0.0013988150437221,-0.0024300712902831,0.016463842138001,1.0,0.6889763779527559,0.6968503937007874,0.2677165354330709,0.25196850393700787,0.9625984251968503,False,False,False,False,True,일반 관찰지역
서울특별시,강동구,중국음식,HIGH,-0.5807914081294687,1,-0.8417650856599179,1,-0.5787750330821563,1,-0.0020281132605118,0,-0.553317250715386,1.0,-0.8143630474268058,1.0,-0.5513003184497618,1.0,-0.020184026348791,0,-0.5607205577658229,1,-0.8217469209261493,1,-0.5587037756506745,1,142,12,9,126500,3025870000,3551490.6103286385,148.47417840375587,8.450704225352112,6.338028169014084,2.112676056338028,-0.5585910067333653,수요-/공급-,D 기타·동반감소,부호 강건성 미충족,부호 강건성 미충족,-0.0276270224954114,0.0316303455430442,0.0002161566518333,0.0007641270822164,0.352456334015373,0.0013988150437221,-0.0024300712902831,0.016463842138001,1.0,0.8941176470588236,0.9333333333333333,0.2901960784313726,0.12549019607843137,0.7392156862745098,True,True,False,True,False,고회전 교체시장 후보
서울특별시,강북구,제과점,HIGH,-2.4879698196467768,1,-2.393916273936015,1,-0.7186622437884048,0,-1.7821149632400966,1,-2.43505562962761,1.0,-2.3409510464481484,1.0,-0.6647879519530983,0.0,0.0450054300293402,0,-2.531835786092974,1,-2.437824550543023,1,-0.7633241365075897,1,65,4,5,189439,1862680000,4776102.564102564,485.74102564102566,6.153846153846154,7.6923076923076925,-1.5384615384615383,-0.763667673817745,수요-/공급+,C 총시장 감소/점포 증가,부호 강건성 미충족,부호 강건성 미충족,-0.0542348385074794,0.0477472080785734,0.0001143988371124,0.0757590469238233,0.1403170244852797,0.0007910279743661,-0.0018566474828171,0.0176945108419367,0.8,0.6141732283464567,0.484251968503937,0.09448818897637795,0.10236220472440945,0.515748031496063,False,False,True,True,False,일반 관찰지역
서울특별시,강북구,중국음식,HIGH,-1.265641183639815,1,-1.5248171425301016,1,-1.2497651494386046,1,-0.0160769584246306,1,-1.2120637059258168,1.0,-1.4713803047547416,1.0,-1.1961790567108377,1.0,-0.621151082392565,1,-0.6485183801852703,1,-0.9093142756027685,1,-0.6325431154543165,1,74,4,6,77301,1774340000,3996261.261261261,174.10135135135135,5.405405405405405,8.108108108108109,-2.702702702702702,-0.6286140670460396,수요-/공급-,D 기타·동반감소,D 기타·동반감소,수요-/공급-,-0.0542348385074794,0.0477472080785734,0.0001143988371124,0.0757590469238233,0.1403170244852797,0.0007910279743661,-0.0018566474828171,0.0176945108419367,0.8,0.9568627450980393,0.7901960784313725,0.19607843137254902,0.06666666666666667,0.42745098039215684,True,True,True,True,False,고회전+수요취약 후보
서울특별시,강서구,제과점,HIGH,-0.6926695709597384,1,-0.5968843993799317,1,0.6509908740178625,1,-1.3349699126751762,1,-0.6582524612596949,1.0,-0.562434093250756,1.0,0.6858736583940057,1.0,0.7161299207077747,1,-1.398782392429724,1,-1.3036782897847936,1,-0.0646758833378604,0,206,25,23,508138,5070360000,4102233.009708738,411.1148867313916,12.135922330097088,11.165048543689322,0.9708737864077668,-0.0651390466899122,수요+/공급+,C 총시장 감소/점포 증가,C 총시장 감소/점포 증가,수요+/공급+,-0.0346451623337928,0.1283957843726995,0.0002398639465334,-0.0109309273035148,0.3002589324050095,0.0017914254181077,-0.0029201023523516,0.0131433086167386,1.0,0.8267716535433071,0.7913385826771654,0.2795275590551181,0.24015748031496062,0.968503937007874,True,True,False,True,True,고회전 교체시장 후보
서울특별시,강서구,중국음식,HIGH,-1.5629785720474692,1,-1.8213740255121336,1,-1.2443278884576303,1,-0.3226657029176963,1,-1.5288630868119562,1.0,-1.7873480928265604,1.0,-1.2101019679150486,1.0,1.113570690461974,1,-2.6470722418686243,1,-2.9026219684782384,1,-2.331930880116827,1,235,23,8,166174,4636130000,3288035.460992908,117.85390070921986,9.787234042553193,3.404255319148936,6.382978723404255,-2.3578985789196043,수요-/공급+,C 총시장 감소/점포 증가,C 총시장 감소/점포 증가,수요-/공급+,-0.0346451623337928,0.1283957843726995,0.0002398639465334,-0.0109309273035148,0.3002589324050095,0.0017914254181077,-0.0029201023523516,0.0131433086167386,1.0,0.5137254901960784,0.9686274509803922,0.1450980392156863,0.07058823529411765,0.9372549019607843,False,True,True,True,True,일반 관찰지역
서울특별시,관악구,제과점,HIGH,-0.2883989295377728,1,-0.1922238256882942,1,0.8243116203822438,1,-1.103613336939531,1,-0.2899106972137542,1.0,-0.1937370515136571,1.0,0.8227829824542362,1.0,0.7830681593862037,1,-1.063141962724858,1,-0.9677141238963848,1,0.0409230059664377,0,144,22,20,409073,4141150000,4792997.685185185,473.4641203703703,15.27777777777778,13.88888888888889,1.3888888888888888,0.0412434609960401,수요+/공급+,C 총시장 감소/점포 증가,C 총시장 감소/점포 증가,수요+/공급+,0.0015161631952208,-0.0580330292083318,-0.0003775716588357,0.0474842387445782,0.1664186206342829,0.0014184650269661,-0.0023108259209565,0.0181804111272902,0.7,0.8917322834645669,0.8779527559055118,0.3700787401574803,0.27165354330708663,0.8346456692913385,True,True,False,False,True,고회전 교체시장 후보
서울특별시,관악구,중국음식,HIGH,0.1897797804322293,1,-0.0732166329430255,0,0.5356037098133656,1,-0.3439815514306458,1,0.1882607628965747,1.0,-0.0747316630842476,0.0,0.5340794491021068,1.0,-0.2565325203243541,1,0.4474601816379721,1,0.1837873617324692,1,0.7941735435447421,1,199,19,19,159438,4332270000,3628366.834170854,133.53266331658293,9.547738693467336,9.547738693467336,0.0,0.7921362301377197,수요+/공급-,D 기타·동반감소,D 기타·동반감소,수요+/공급-,0.0015161631952208,-0.0580330292083318,-0.0003775716588357,0.0474842387445782,0.1664186206342829,0.0014184650269661,-0.0023108259209565,0.0181804111272902,0.7,0.9764705882352941,0.9607843137254902,0.42745098039215684,0.28627450980392155,0.8941176470588236,True,True,False,False,True,고회전 교체시장 후보
서울특별시,광진구,제과점,HIGH,0.0545941867759232,0,0.1511001187158948,0,1.5417551738232598,1,-1.4645807377483084,1,0.0555533301345009,0.0,0.1520601871996804,0.0,1.5427285734046297,1.0,0.5685095192993666,1,-0.5110101909433634,1,-0.4150498029439049,1,0.9677439381132612,1,121,17,12,290252,2890130000,3980895.316804408,399.7961432506887,14.049586776859504,9.917355371900827,4.132231404958678,0.9732456545238932,수요+/공급+,B 총시장·점포 증가/점포당 감소,부호 강건성 미충족,수요+/공급+,-0.0009586108183425,-0.0904210235304818,-0.0004117781357856,0.1157427612570971,0.3238624549984624,0.0030438453192441,-0.004554815906371,0.0204810672866954,0.6666666666666667,0.7677165354330708,0.8385826771653543,0.41338582677165353,0.37401574803149606,0.7440944881889764,True,True,False,False,False,고회전 교체시장 후보
서울특별시,광진구,중국음식,HIGH,-0.7140298612932476,1,-0.9746537902227564,1,1.051114562293295,1,-1.746783725476282,1,-0.7130780861185542,1.0,-0.9737045134411833,1.0,1.052083258495593,1.0,0.3503310365457468,1,-1.060645128765324,1,-1.32035919870153,1,0.6983370343764521,1,242,18,13,177919,6192120000,4264545.454545454,122.53374655647384,7.43801652892562,5.371900826446281,2.066115702479339,0.7007835257475481,수요+/공급+,C 총시장 감소/점포 증가,C 총시장 감소/점포 증가,수요+/공급+,-0.0009586108183425,-0.0904210235304818,-0.0004117781357856,0.1157427612570971,0.3238624549984624,0.0030438453192441,-0.004554815906371,0.0204810672866954,0.6666666666666667,0.803921568627451,0.9058823529411765,0.27450980392156865,0.3843137254901961,0.9411764705882353,True,True,False,False,True,고회전 교체시장 후보
서울특별시,구로구,제과점,HIGH,-1.2718735651238169,1,-1.176647054759854,1,0.1599553254434422,1,-1.4295422615903957,1,-1.2458868391473965,1.0,-1.1506352637354365,1.0,0.1863189302928585,1.0,0.7056196749293873,1,-1.9636374280168425,1,-1.8690781465474295,1,-0.5418410126935175,0,112,9,5,377688,3451430000,5136056.547619048,562.0357142857143,8.035714285714286,4.464285714285714,3.571428571428571,-0.545664349485945,수요+/공급+,C 총시장 감소/점포 증가,C 총시장 감소/점포 증가,수요+/공급+,-0.0263145758132423,0.0430880264975468,-2.8987640867675753e-05,0.020692596579233,0.1544060065331005,0.0016856603889326,-0.0025113340000288,0.0178707587884941,0.6666666666666667,0.40551181102362205,0.6062992125984252,0.19291338582677164,0.15354330708661418,0.7303149606299213,False,False,True,True,False,일반 관찰지역
서울특별시,구로구,중국음식,HIGH,0.7971796324392417,1,0.5325888051136765,1,1.7181481749621172,1,-0.9054122190061478,1,0.8237109642986434,1.0,0.5590504926926526,1.0,1.7449219195767367,1.0,0.230061862697359,1,0.5658160428143308,1,0.3018325408506224,1,1.484670651309394,1,322,16,13,197365,5727410000,2964497.9296066253,102.15579710144928,4.968944099378882,4.037267080745342,0.9316770186335404,1.4880863122647583,수요+/공급+,A 총시장·점포·점포당 증가,A 총시장·점포·점포당 증가,수요+/공급+,-0.0263145758132423,0.0430880264975468,-2.8987640867675753e-05,0.020692596579233,0.1544060065331005,0.0016856603889326,-0.0025113340000288,0.0178707587884941,0.6666666666666667,0.6392156862745098,0.7372549019607844,0.5411764705882353,0.5137254901960784,0.9882352941176471,False,False,False,False,True,일반 관찰지역
서울특별시,금천구,제과점,HIGH,-1.1946047853616113,1,-1.0993037467297522,1,0.6343681448804618,1,-1.817443646696298,1,-1.1566664869073022,1.0,-1.0613288555444815,1.0,0.6730087139015025,1.0,1.2269382794325454,1,-2.3921923412417905,1,-2.298046415017325,1,-0.5853877877016312,1,75,9,8,207677,2033980000,4519955.555555556,461.50444444444446,12.0,10.666666666666668,1.3333333333333337,-0.5925701345520836,수요+/공급+,C 총시장 감소/점포 증가,C 총시장 감소/점포 증가,수요+/공급+,-0.0383822531129794,0.1316055950310174,0.0001909188922224,-0.1859795007069739,0.163493194529923,0.0011703563911555,-0.0017641570032913,0.0138345002596249,0.8,0.8031496062992126,0.7755905511811023,0.2047244094488189,0.23228346456692914,0.5826771653543307,True,True,True,True,False,고회전+수요취약 후보
서울특별시,금천구,중국음식,HIGH,-0.676464086743869,1,-0.9371866251722492,1,-0.2406182932987146,0,-0.4368970476647378,1,-0.638326837853475,1.0,-0.8991494858907555,1.0,-0.2023136927393482,0.0,0.4126249987861276,1,-1.0846136982706882,1,-1.344264851132663,1,-0.6505589233353294,1,194,8,6,114755,3197580000,2747061.855670103,98.58676975945016,4.123711340206185,3.0927835051546393,1.0309278350515465,-0.6532432920848423,수요-/공급+,C 총시장 감소/점포 증가,C 총시장 감소/점포 증가,부호 강건성 미충족,-0.0383822531129794,0.1316055950310174,0.0001909188922224,-0.1859795007069739,0.163493194529923,0.0011703563911555,-0.0017641570032913,0.0138345002596249,0.8,0.4823529411764706,0.6235294117647059,0.2823529411764706,0.1607843137254902,0.8901960784313725,False,False,False,True,True,일반 관찰지역
서울특별시,노원구,제과점,HIGH,-0.3246086898336417,1,-0.2284685114834468,1,1.7725152961982689,1,-2.0605995439224536,1,-0.2681932458362302,1.0,-0.1719986529432399,1.0,1.83011769496186,1.0,-0.5079514937133213,1,0.1842788510562351,1,0.2809098681008987,1,2.2921095948360803,1,145,13,13,347164,3371110000,3874839.08045977,399.0390804597701,8.96551724137931,8.96551724137931,0.0,2.28046678991159,수요+/공급-,D 기타·동반감소,D 기타·동반감소,수요+/공급-,-0.0565671532818752,-0.0854897517533408,-0.0007376851055226,0.039628086271783,0.1800660327199419,0.0024203546957765,-0.003898645058963,0.0204515773252044,0.6666666666666667,0.7204724409448819,0.6614173228346457,0.36220472440944884,0.41338582677165353,0.8385826771653543,False,False,False,False,True,일반 관찰지역
서울특별시,노원구,중국음식,HIGH,-2.479158328693603,1,-2.7351488263779484,1,-1.3248929397770417,1,-1.169763502979602,1,-2.4239623419051655,1.0,-2.6800977280860803,1.0,-1.2690436483609473,1.0,-0.4714573946980712,1,-2.0172112254847465,1,-2.274414326206899,1,-0.8574781894108658,1,143,3,9,107176,2669450000,3111247.086247086,124.91375291375292,2.097902097902098,6.293706293706294,-4.195804195804196,-0.8534355450789702,수요-/공급-,D 기타·동반감소,D 기타·동반감소,수요-/공급-,-0.0565671532818752,-0.0854897517533408,-0.0007376851055226,0.039628086271783,0.1800660327199419,0.0024203546957765,-0.003898645058963,0.0204515773252044,0.6666666666666667,0.8901960784313725,0.36666666666666664,0.050980392156862744,0.06274509803921569,0.7509803921568627,True,False,True,True,True,수요취약 후보
서울특별시,도봉구,제과점,HIGH,-1.201396798518256,1,-1.1061023110054509,0,0.1816088217307253,1,-1.3804985131651617,1,-1.116382357237863,1.0,-1.0210058705130274,0.0,0.267813314755574,1.0,0.9017348273970336,1,-2.0843364383306846,1,-1.9898935750084723,1,-0.7136904106734726,0,77,5,1,171796,1801070000,3898419.913419913,371.8528138528139,6.493506493506493,1.2987012987012987,5.194805194805195,-0.7201260056663082,수요+/공급+,C 총시장 감소/점포 증가,C 총시장 감소/점포 증가,수요+/공급+,-0.0859742425560221,0.1043954426580627,0.000286895003856,0.0256040258962522,0.370411542138975,0.0006283561546682,-0.0011849561872028,0.0180349914220964,0.6666666666666667,0.2440944881889764,0.5078740157480315,0.20078740157480315,0.1732283464566929,0.5964566929133859,False,False,True,True,False,일반 관찰지역
서울특별시,도봉구,중국음식,HIGH,-0.0065668331630048,0,-0.2690478401238415,0,1.1383192854198658,1,-1.132000340397162,1,0.0794757380568097,1.0,-0.1832311291432296,0.0,1.2253470107871218,1.0,0.1771858534870274,0,-0.1834276787519194,0,-0.4454444290973776,0,0.959433451583034,0,80,2,2,52357,1232330000,2567354.166666667,109.07708333333332,2.5,2.5,0.0,0.9611334319328384,수요+/공급+,C 총시장 감소/점포 증가,부호 강건성 미충족,부호 강건성 미충족,-0.0859742425560221,0.1043954426580627,0.000286895003856,0.0256040258962522,0.370411542138975,0.0006283561546682,-0.0011849561872028,0.0180349914220964,0.6666666666666667,0.3843137254901961,0.42745098039215684,0.39215686274509803,0.40784313725490196,0.4588235294117647,False,False,False,False,False,일반 관찰지역
서울특별시,동대문구,제과점,HIGH,0.6626351819597758,0,0.759727589347205,0,3.4842470088640027,1,-2.7266099995514828,1,0.4417848212933937,0.0,0.5386642112772215,0.0,3.257206128860372,1.0,0.0250641481266558,1,0.6374112721276874,0,0.7344793502282941,0,3.4583160632765715,1,123,9,10,323448,3101610000,4202723.577235772,438.2764227642276,7.317073170731707,8.130081300813007,-0.8130081300813009,3.459182860737347,수요+/공급+,A 총시장·점포·점포당 증가,부호 강건성 미충족,수요+/공급+,0.2198789687571758,-0.20758353253736,-0.0009059314568224,0.2010905610013178,0.2295276065155379,0.0016145906393304,-0.0021697128125027,0.0264342232983617,0.3333333333333333,0.65748031496063,0.5590551181102362,0.5275590551181102,0.6338582677165354,0.7578740157480315,False,False,False,False,True,일반 관찰지역
서울특별시,동대문구,중국음식,HIGH,1.18709944823554,1,0.92148508823747,1,3.0130491126216583,1,-1.7725421003603696,1,0.965098431000752,1.0,0.700066819776333,1.0,2.787042024601927,1.0,0.6393057289220272,1,0.5443138894350436,1,0.2803868302465208,1,2.3586643076547444,1,161,12,9,127497,3116050000,3225724.6376811597,131.98447204968943,7.453416149068323,5.590062111801243,1.8633540372670807,2.3737433836996313,수요+/공급+,A 총시장·점포·점포당 증가,A 총시장·점포·점포당 증가,수요+/공급+,0.2198789687571758,-0.20758353253736,-0.0009059314568224,0.2010905610013178,0.2295276065155379,0.0016145906393304,-0.0021697128125027,0.0264342232983617,0.3333333333333333,0.8274509803921568,0.9098039215686274,0.6352941176470588,0.7333333333333333,0.8117647058823529,True,True,False,False,True,고회전 교체시장 후보
서울특별시,동작구,제과점,HIGH,0.7990951063867953,0,0.8963191338391849,0,3.0591212268199235,1,-2.1929413850319186,1,0.7757773899158886,0.0,0.8729789266672807,0.0,3.035280701605178,1.0,0.4446653642959666,1,0.3528606928057222,0,0.4496543125561973,0,2.602881748912983,1,127,5,2,340420,3124040000,4099790.026246719,446.745406824147,3.937007874015748,1.574803149606299,2.3622047244094486,2.6144558625239567,수요+/공급+,A 총시장·점포·점포당 증가,부호 강건성 미충족,수요+/공급+,0.0231382154271949,-0.1631215647771126,-0.0005013494271422,0.0963604183274077,0.3831370416494939,0.0026954462557478,-0.0039952382287971,0.018664003311272,0.5555555555555556,0.2559055118110236,0.3031496062992126,0.5511811023622047,0.5787401574803149,0.7677165354330708,False,False,False,False,True,일반 관찰지역
서울특별시,동작구,중국음식,HIGH,0.8500307394167615,1,0.5853011788630627,1,1.6170592835667483,0,-0.7548226149800471,1,0.8267012400756626,1.0,0.5620329190482405,1.0,1.5935523485641887,0.0,0.0694287497433043,0,0.7800604034880626,1,0.51551451383805,1,1.5465567787878716,0,121,7,5,111516,2639820000,3636115.7024793383,153.60330578512398,5.785123966942149,4.132231404958678,1.6528925619834711,1.547630533823444,수요+/공급+,A 총시장·점포·점포당 증가,부호 강건성 미충족,부호 강건성 미충족,0.0231382154271949,-0.1631215647771126,-0.0005013494271422,0.0963604183274077,0.3831370416494939,0.0026954462557478,-0.0039952382287971,0.018664003311272,0.5555555555555556,0.6588235294117647,0.8196078431372549,0.5647058823529412,0.49019607843137253,0.6627450980392157,False,True,False,False,False,일반 관찰지역
서울특별시,마포구,제과점,HIGH,-1.850859493825698,1,-1.7561914343463114,1,-0.0477458518702612,0,-1.8039749651700832,1,-1.814417039364351,1.0,-1.7197138299445067,1.0,-0.0106339072182842,0.0,1.2976073070385563,1,-3.108135408688455,1,-3.0146800329929437,1,-1.3281193847263997,1,299,42,19,461331,4978610000,2775144.927536232,257.1521739130435,14.046822742474916,6.354515050167224,7.6923076923076925,-1.3453531589088177,수요-/공급+,C 총시장 감소/점포 증가,C 총시장 감소/점포 증가,부호 강건성 미충족,-0.0371158915214262,0.0424381476555257,-0.0001489087072606,0.1049163532091701,0.3572025181412186,0.0029489935502304,-0.004664572543131,0.0169907548776876,1.0,0.5433070866141733,0.8346456692913385,0.1377952755905512,0.14173228346456693,0.9921259842519685,False,True,True,True,True,일반 관찰지역
서울특별시,마포구,중국음식,HIGH,-2.1142187728751356,1,-2.37116723048809,1,-0.8061683481154227,1,-1.318681215330274,1,-2.077874102851675,1.0,-2.334917964585527,1.0,-0.7693380032526966,1.0,0.8838827816861546,1,-2.9718340253112783,1,-3.2265312579396155,1,-1.6752439370903816,1,246,25,15,234677,7272780000,4927357.723577236,158.99525745257455,10.16260162601626,6.097560975609756,4.0650406504065035,-1.6900511298015777,수요-/공급+,C 총시장 감소/점포 증가,C 총시장 감소/점포 증가,수요-/공급+,-0.0371158915214262,0.0424381476555257,-0.0001489087072606,0.1049163532091701,0.3572025181412186,0.0029489935502304,-0.004664572543131,0.0169907548776876,1.0,0.8705882352941177,0.9764705882352941,0.07450980392156863,0.11372549019607843,0.9490196078431372,True,True,True,True,True,고회전+수요취약 후보
서울특별시,서대문구,제과점,HIGH,1.2549899955785615,1,1.352653748577826,1,3.451740180952149,1,-2.123454068081528,1,1.2615097801461572,1.0,1.359179821691091,1.0,3.4584014137382977,1.0,-0.2912501161281592,1,1.550756692374136,1,1.6487057220360164,1,3.7539236039361104,1,126,18,17,352301,3567500000,4718915.343915344,466.0066137566138,14.285714285714285,13.492063492063492,0.7936507936507936,3.742990297080308,수요+/공급-,D 기타·동반감소,D 기타·동반감소,수요+/공급-,-0.0064385614847543,-0.2737887123201013,-0.0001862684504737,0.1233641288020616,0.2242590492489829,0.0036186466856571,-0.0052433958966419,0.0297974783644127,0.4,0.8858267716535433,0.8582677165354331,0.594488188976378,0.6259842519685039,0.7637795275590551,True,True,False,False,True,고회전 교체시장 후보
서울특별시,서대문구,중국음식,HIGH,0.8501934766356433,1,0.5854634888996316,1,2.6875246962949415,1,-1.7892448231597071,1,0.8566871964522476,1.0,0.5919401628156761,1.0,2.6941367214289897,1.0,0.3930375131224025,1,0.4553662035113318,1,0.1916726304371538,1,2.285504293933344,1,138,6,4,134967,3956250000,4778079.710144928,163.0036231884058,4.3478260869565215,2.898550724637681,1.4492753623188406,2.294487183172539,수요+/공급+,A 총시장·점포·점포당 증가,A 총시장·점포·점포당 증가,수요+/공급+,-0.0064385614847543,-0.2737887123201013,-0.0001862684504737,0.1233641288020616,0.2242590492489829,0.0036186466856571,-0.0052433958966419,0.0297974783644127,0.4,0.45294117647058824,0.6568627450980392,0.5686274509803921,0.6823529411764706,0.7176470588235294,False,False,False,False,False,일반 관찰지역
서울특별시,서초구,제과점,HIGH,-1.024962384637654,1,-0.9294977203561036,1,0.8480282838604911,1,-1.8572407417090768,1,-0.9617332342881216,1.0,-0.8662075834209146,1.0,0.912453974382519,1.0,-0.1536375663570002,1,-0.8726655604101137,1,-0.7770540008553074,1,1.0032071532733124,1,241,39,40,573818,6309900000,4363692.946058092,396.83125864453666,16.182572614107883,16.59751037344398,-0.4149377593360996,1.001665850217491,수요+/공급-,D 기타·동반감소,D 기타·동반감소,수요+/공급-,-0.0638431511519624,0.0764692297564183,-2.358933692319416e-06,0.0511585127103285,0.2088849764129399,0.002610785406264,-0.0042484857915732,0.0177308804726775,0.8888888888888888,0.9251968503937008,0.8937007874015748,0.22440944881889763,0.28346456692913385,0.9803149606299213,True,True,True,False,True,고회전+수요취약 후보
서울특별시,서초구,중국음식,HIGH,-2.1285546049363653,1,-2.385465431241766,1,-1.0221341081295092,1,-1.1178463859946302,1,-2.0660304727419616,1.0,-2.3231054237969473,1.0,-0.9589031509656214,1.0,0.0381854478071779,0,-2.1659129891694904,1,-2.4227257503720487,1,-1.0599148227152462,1,225,3,2,221070,9012680000,6676059.259259259,163.75555555555556,1.3333333333333337,0.8888888888888888,0.4444444444444444,-1.0603195559366871,수요-/공급+,C 총시장 감소/점포 증가,부호 강건성 미충족,부호 강건성 미충족,-0.0638431511519624,0.0764692297564183,-2.358933692319416e-06,0.0511585127103285,0.2088849764129399,0.002610785406264,-0.0042484857915732,0.0177308804726775,0.8888888888888888,0.2,0.30196078431372547,0.07058823529411765,0.0784313725490196,0.9215686274509803,False,False,True,True,True,일반 관찰지역
서울특별시,성동구,제과점,HIGH,-1.3065824133979758,1,-1.211389380854562,1,0.8254916714519575,1,-2.114618088645116,1,-1.2907115578150623,1.0,-1.1955032173118327,1.0,0.8417053851577035,1.0,-0.2234552905235368,0,-1.0855528481450278,1,-0.9901466253493184,1,1.051296138816722,1,151,15,15,311863,3444400000,3801766.0044150106,344.21964679911696,9.933774834437086,9.933774834437086,0.0,1.0489469619754943,수요+/공급-,D 기타·동반감소,부호 강건성 미충족,부호 강건성 미충족,-0.016078381106137,-0.0371899862410152,-0.0003224940072241,0.0989237510950871,0.2330393881624033,0.0040075438363548,-0.0062631902589703,0.0217923369424313,0.6666666666666667,0.7716535433070866,0.7086614173228346,0.18503937007874016,0.2795275590551181,0.8562992125984252,True,False,True,False,True,수요취약 후보
서울특별시,성동구,중국음식,HIGH,1.118784346994166,1,0.8533493129377864,1,0.6606846362191695,1,0.4550929813665904,1,1.1350452249973209,1.0,0.8695675064215863,1.0,0.6768718473605343,1.0,0.07806839794636,0,1.0399041125669568,1,0.7746761377414445,1,0.5821617539180898,0,109,3,2,103896,2711540000,4146085.626911314,158.86238532110093,2.752293577981652,1.834862385321101,0.9174311926605504,0.5826162382728095,수요+/공급+,A 총시장·점포·점포당 증가,부호 강건성 미충족,부호 강건성 미충족,-0.016078381106137,-0.0371899862410152,-0.0003224940072241,0.0989237510950871,0.2330393881624033,0.0040075438363548,-0.0062631902589703,0.0217923369424313,0.6666666666666667,0.2823529411764706,0.4627450980392157,0.6196078431372549,0.3176470588235294,0.5980392156862745,False,False,False,False,False,일반 관찰지역
서울특별시,성북구,제과점,HIGH,0.6904357403854603,1,0.7875549623217593,1,1.8815877918341928,1,-1.169153403736178,1,0.7129406929653832,1.0,0.8100816216652479,1.0,1.9043589744709488,1.0,1.113511395320656,1,-0.4184165390924793,0,-0.3223668414842496,0,0.7596179639243343,1,128,18,12,291712,3199900000,4166536.4583333335,379.8333333333333,14.0625,9.375,4.6875,0.7680763965135367,수요+/공급+,B 총시장·점포 증가/점포당 감소,부호 강건성 미충족,수요+/공급+,-0.0223456414091946,-0.383568601861643,-0.0008674069867912,0.1267666402669009,0.3964251373038199,0.0028039765101437,-0.0038019003963943,0.02928309278193,0.3333333333333333,0.7362204724409449,0.84251968503937,0.531496062992126,0.42913385826771655,0.7736220472440944,False,True,False,False,True,일반 관찰지역
서울특별시,성북구,중국음식,HIGH,0.5237161840369832,1,0.2598431934636161,1,2.635535300578984,1,-2.057590590195994,1,0.5461838737360504,1.0,0.2822519058715826,1.0,2.6584749952775657,1.0,0.1518792432936984,0,0.3712730540382834,1,0.1078002240054801,1,2.479889619696387,1,131,7,5,115658,2911070000,3703651.399491094,147.14758269720102,5.343511450381679,3.816793893129771,1.5267175572519085,2.4836560572852853,수요+/공급+,A 총시장·점포·점포당 증가,부호 강건성 미충족,부호 강건성 미충족,-0.0223456414091946,-0.383568601861643,-0.0008674069867912,0.1267666402669009,0.3964251373038199,0.0028039765101437,-0.0038019003963943,0.02928309278193,0.3333333333333333,0.5882352941176471,0.7843137254901961,0.49411764705882355,0.6705882352941176,0.6901960784313725,False,True,False,False,False,일반 관찰지역
서울특별시,송파구,제과점,HIGH,1.3847071486782252,1,1.4824960181186295,1,1.5347546399254055,1,-0.1477794394434758,1,1.264371090323127,1.0,1.362043891695397,1.0,1.4142404864298477,1.0,0.7080358914989657,1,0.671913865849067,1,0.7690152228309534,1,0.8209064362223527,0,260,78,68,508134,5579530000,3576621.7948717945,325.7269230769231,30.0,26.153846153846157,3.8461538461538463,0.8267187484264398,수요+/공급+,A 총시장·점포·점포당 증가,A 총시장·점포·점포당 증가,수요+/공급+,0.1188335611621295,-0.102555854408595,-0.0002072661705362,-0.0093924010091232,0.2465233362612432,0.0038020997471575,-0.0063206063665437,0.0269009371719643,0.6,0.984251968503937,0.984251968503937,0.6023622047244095,0.3700787401574803,0.984251968503937,True,True,False,False,True,고회전 교체시장 후보
서울특별시,송파구,중국음식,HIGH,-2.0302581913956628,1,-2.2874270440613707,1,-0.9344171426763992,1,-1.106177359595731,1,-2.146540941515209,1.0,-2.403404554002796,1.0,-1.0520005740928906,1.0,-0.2591710880654989,1,-1.775689176289018,1,-2.0335262681510917,1,-0.6770006445475745,1,222,10,13,207941,6488720000,4871411.411411411,156.11186186186188,4.504504504504505,5.855855855855856,-1.351351351351351,-0.6752460546109001,수요-/공급-,D 기타·동반감소,D 기타·동반감소,수요-/공급-,0.1188335611621295,-0.102555854408595,-0.0002072661705362,-0.0093924010091232,0.2465233362612432,0.0038020997471575,-0.0063206063665437,0.0269009371719643,0.6,0.8392156862745098,0.6823529411764706,0.08627450980392157,0.09019607843137255,0.9156862745098039,True,False,True,True,True,수요취약 후보
서울특별시,양천구,제과점,HIGH,-0.4969249597301006,1,-0.4009509860640085,1,1.0583745745410478,1,-1.53901103280063,1,-0.3297996023828014,1.0,-0.2336644308377365,1.0,1.2281122128690458,1.0,-0.0974662574774364,0,-0.3998484195427955,1,-0.3037808123753036,1,1.1569684859018965,1,146,6,6,398936,4001140000,4567511.415525114,455.40639269406387,4.10958904109589,4.10958904109589,0.0,1.1558408320184843,수요+/공급-,D 기타·동반감소,부호 강건성 미충족,부호 강건성 미충족,-0.1676783599115721,0.1508873387054329,0.000549449131843,-0.0139399895766132,0.3727026882551971,0.0011680467054779,-0.0019976323345456,0.0196124350117888,0.7,0.38188976377952755,0.31496062992125984,0.31496062992125984,0.2992125984251969,0.84251968503937,False,False,False,False,True,일반 관찰지역
서울특별시,양천구,중국음식,HIGH,-1.4843859528599788,1,-1.742987710570509,1,-0.8500683636576047,1,-0.6397559521562608,1,-1.3189191349223697,1.0,-1.5779552401257235,1.0,-0.683536145944942,1.0,-0.4196898347813523,1,-1.069183372006096,1,-1.3288750292036748,1,-0.4321923964307654,0,130,4,6,101382,2515530000,3225038.4615384615,129.97692307692307,3.076923076923077,4.615384615384616,-1.5384615384615383,-0.4303785288762524,수요-/공급-,D 기타·동반감소,D 기타·동반감소,수요-/공급-,-0.1676783599115721,0.1508873387054329,0.000549449131843,-0.0139399895766132,0.3727026882551971,0.0011680467054779,-0.0019976323345456,0.0196124350117888,0.7,0.7254901960784313,0.49411764705882355,0.16470588235294117,0.10588235294117647,0.6823529411764706,False,False,True,True,False,일반 관찰지역
서울특별시,영등포구,제과점,HIGH,-0.4675204756268344,1,-0.3715181403730234,1,1.2289992326508343,1,-1.6759226319906666,1,-0.5106863795149168,1.0,-0.4147256791887289,1.0,1.1850975708772458,1.0,-0.0438201541156065,0,-0.4238860690399457,1,-0.3278416469724057,1,1.2733773826980048,1,196,33,32,399695,4317480000,3671326.5306122447,339.8767006802721,16.83673469387755,16.3265306122449,0.5102040816326531,1.2728193867664408,수요+/공급-,D 기타·동반감소,부호 강건성 미충족,부호 강건성 미충족,0.0433874778277943,0.0029014954837062,-0.0001594738322485,-0.0528242077008761,0.1972868104560588,0.0023387126167596,-0.0036584656498395,0.0163725479035948,0.9,0.9212598425196851,0.9133858267716536,0.33070866141732286,0.31496062992125984,0.952755905511811,True,True,False,False,True,고회전 교체시장 후보
서울특별시,영등포구,중국음식,HIGH,-1.0280192743500778,1,-1.287818986581509,1,-0.1898876619685704,0,-0.8397261487322888,1,-1.0709420974128183,1.0,-1.330629137987084,1.0,-0.2331739714911724,0.0,0.1096223502858055,0,-1.1363958807628225,1,-1.3959111063046854,1,-0.2991820418684442,0,521,24,22,353623,13247710000,4237911.068458093,113.12316058861164,4.606525911708253,4.222648752399232,0.3838771593090211,-0.299510012254376,수요-/공급+,C 총시장 감소/점포 증가,부호 강건성 미충족,부호 강건성 미충족,0.0433874778277943,0.0029014954837062,-0.0001594738322485,-0.0528242077008761,0.1972868104560588,0.0023387126167596,-0.0036584656498395,0.0163725479035948,0.9,0.6784313725490196,0.7019607843137254,0.23137254901960785,0.17254901960784313,1.0,False,False,True,True,True,일반 관찰지역
서울특별시,용산구,제과점,HIGH,-1.7257468000758176,1,-1.6309580653070157,1,0.2830997122299047,0,-2.0031755281500545,1,-1.4971754393059649,1.0,-1.4021662399761832,1.0,0.516343352523039,1.0,-0.4774323229081379,1,-1.2543029247576247,1,-1.1590594669357803,1,0.7641804797537366,1,158,23,28,245500,3129500000,3301160.3375527426,258.96624472573836,14.556962025316457,17.72151898734177,-3.1645569620253164,0.7605320351380427,수요+/공급-,D 기타·동반감소,D 기타·동반감소,부호 강건성 미충족,-0.2320454888367336,0.0746953375772413,-0.0002528566834515,0.0913370917230628,0.1903775777521437,0.0037319239786773,-0.0056820791922344,0.0236842543500926,1.0,0.952755905511811,0.8661417322834646,0.14566929133858267,0.18110236220472442,0.8740157480314961,True,True,True,True,True,고회전+수요취약 후보
서울특별시,용산구,중국음식,HIGH,-3.0432315344650367,1,-3.297741349885061,1,-2.525554458762342,1,-0.5310900439887342,1,-2.8177244480980277,1.0,-3.072826215661592,1.0,-2.298843332173353,1.0,-0.3189023078642844,1,-2.7330449700853623,1,-2.988369019792396,1,-2.213711728690296,1,141,5,4,466310,12116370000,14321950.354609927,551.193853427896,3.546099290780142,2.8368794326241136,0.7092198581560284,-2.2066521508980577,수요-/공급-,D 기타·동반감소,D 기타·동반감소,수요-/공급-,-0.2320454888367336,0.0746953375772413,-0.0002528566834515,0.0913370917230628,0.1903775777521437,0.0037319239786773,-0.0056820791922344,0.0236842543500926,1.0,0.4392156862745098,0.5529411764705883,0.03137254901960784,0.0196078431372549,0.7313725490196078,False,False,True,True,False,일반 관찰지역
서울특별시,은평구,제과점,HIGH,-0.4673773676884722,1,-0.3713748944024502,1,0.887792198363889,1,-1.3432443475300155,1,-0.3945122462032245,1.0,-0.2984394921218321,0.0,0.9616494025698632,1.0,0.1713856180361475,0,-0.6376701108640911,1,-0.5418318905043222,1,0.7151808631852848,1,149,8,6,338283,3292200000,3682550.33557047,378.3926174496645,5.369127516778524,4.026845637583892,1.342281879194631,0.7164065803277415,수요+/공급+,C 총시장 감소/점포 증가,부호 강건성 미충족,부호 강건성 미충족,-0.0731537218765992,0.0219558569934662,0.0002175048313641,0.0072252452977867,0.3064046312161474,0.0009603673324078,-0.0016209816760914,0.0196949298502338,0.6666666666666667,0.37401574803149606,0.39763779527559057,0.3346456692913386,0.29133858267716534,0.8503937007874016,False,False,False,False,True,일반 관찰지역
서울특별시,은평구,중국음식,HIGH,-0.5626336708162151,1,-0.823655012088404,1,0.5489724896592784,0,-1.105537066119476,1,-0.4898382838754193,0.0,-0.7510507117606003,1.0,0.6225816531869074,0.0,-0.4096312265228434,1,-0.1536317679889159,1,-0.4157267320771186,1,0.962546607656921,1,113,4,7,101315,2531550000,3733849.557522124,149.43215339233038,3.5398230088495577,6.1946902654867255,-2.6548672566371683,0.9586037161821218,수요+/공급-,D 기타·동반감소,D 기타·동반감소,부호 강건성 미충족,-0.0731537218765992,0.0219558569934662,0.0002175048313641,0.0072252452977867,0.3064046312161474,0.0009603673324078,-0.0016209816760914,0.0196949298502338,0.6666666666666667,0.8784313725490196,0.5490196078431373,0.29411764705882354,0.2901960784313726,0.6235294117647059,True,False,False,False,False,관측변수로 미설명
서울특별시,종로구,제과점,HIGH,-0.1760243555481165,0,-0.079740862742774,0,1.1190434399028184,1,-1.2807358054376827,1,-0.1083650782025409,0.0,-0.0120163258090089,0.0,1.1875804958640874,1.0,1.3720424823214816,1,-1.527114182531697,0,-1.432133860099959,0,-0.2495747705416625,0,143,14,5,311689,3822380000,4454988.344988345,363.2738927738928,9.79020979020979,3.4965034965034967,6.293706293706294,-0.2529990424186632,수요+/공급+,C 총시장 감소/점포 증가,부호 강건성 미충족,수요+/공급+,-0.0677326759127768,-0.0139476850693515,-0.0003851357535927,0.0104115053229466,0.133470109844678,0.001619683047662,-0.0031877110458707,0.0162625151148077,0.8,0.35039370078740156,0.7047244094488189,0.38188976377952755,0.30708661417322836,0.8307086614173228,False,False,False,False,True,일반 관찰지역
서울특별시,종로구,중국음식,HIGH,-0.9662443295374328,1,-1.2262061999147431,1,-0.2874244871032995,1,-0.6807765609728139,1,-0.8991206521020142,1.0,-1.1592587209543956,1.0,-0.2198407151896784,0.0,0.4177292102882005,1,-1.3782163276440875,1,-1.6370967787573618,1,-0.7022203180026344,1,163,4,1,161916,5623880000,5750388.54805726,165.55828220858896,2.4539877300613497,0.6134969325153374,1.8404907975460123,-0.7051536973915,수요-/공급+,C 총시장 감소/점포 증가,C 총시장 감소/점포 증가,수요-/공급+,-0.0677326759127768,-0.0139476850693515,-0.0003851357535927,0.0104115053229466,0.133470109844678,0.001619683047662,-0.0031877110458707,0.0162625151148077,0.8,0.19215686274509805,0.4235294117647059,0.23529411764705882,0.15294117647058825,0.8235294117647058,False,False,True,True,True,일반 관찰지역
서울특별시,중구,제과점,HIGH,-2.582673813663092,1,-2.488711613055284,1,-1.5610290126644455,1,-1.0378458762334315,1,-2.573630388470616,1.0,-2.4796594651830928,1.0,-1.5518907463518834,1.0,0.4592993393842617,1,-3.028065269269477,1,-2.9345326633029476,1,-2.0110914224310403,1,159,34,29,392163,4141980000,4341698.113207547,411.07232704402514,21.38364779874214,18.238993710691823,3.1446540880503147,-2.020328352048707,수요-/공급+,C 총시장 감소/점포 증가,C 총시장 감소/점포 증가,수요-/공급+,-0.009282317742645,0.0400754689524619,-0.0002819681050855,0.0248364281303073,0.1843931394153663,0.0028416091950876,-0.005216621104662,0.0221342331227272,0.7777777777777778,0.9566929133858267,0.9566929133858267,0.08267716535433071,0.051181102362204724,0.8838582677165354,True,True,True,True,True,고회전+수요취약 후보
서울특별시,중구,중국음식,HIGH,-2.0135816478006534,1,-2.270794276100499,1,-0.8533773452328163,1,-1.1701904427019147,1,-2.004485392761249,1.0,-2.2617218985709195,1.0,-0.8441733863461862,1.0,-0.1611205740130863,1,-1.8554505864228836,1,-2.1130783059833615,1,-0.6933739392907471,1,234,8,13,228264,7277650000,5183511.396011396,162.5811965811966,3.418803418803419,5.555555555555555,-2.1367521367521367,-0.69225677121973,수요-/공급-,D 기타·동반감소,D 기타·동반감소,수요-/공급-,-0.009282317742645,0.0400754689524619,-0.0002819681050855,0.0248364281303073,0.1843931394153663,0.0028416091950876,-0.005216621104662,0.0221342331227272,0.7777777777777778,0.8215686274509804,0.5294117647058824,0.09803921568627451,0.10196078431372549,0.9333333333333333,True,False,True,True,True,수요취약 후보
서울특별시,중랑구,제과점,HIGH,-0.341029114824597,0,-0.2449047745119305,0,1.0142104891404702,1,-1.3416326251550443,1,-0.3105742727885973,0.0,-0.214420557783675,0.0,1.0450794796238778,1.0,0.8055988105944047,1,-1.1374645247368165,0,-1.0421083724527689,0,0.206944535826854,1,110,8,5,236742,2411980000,3654515.151515152,358.7,7.272727272727272,4.545454545454546,2.727272727272727,0.2086116785460654,수요+/공급+,C 총시장 감소/점포 증가,부호 강건성 미충족,수요+/공급+,-0.0305497216117545,0.0494875095744533,9.590574795951744e-05,0.0331773046504017,0.161988704391201,0.0004578006175011,-0.0011156311870716,0.0182181467892653,0.8888888888888888,0.4094488188976378,0.5551181102362205,0.35826771653543305,0.2952755905511811,0.7224409448818898,False,False,False,False,False,일반 관찰지역
서울특별시,중랑구,중국음식,HIGH,-1.2548956211239022,1,-1.5140997869272257,1,-0.4510231231820631,1,-0.8075145753999785,1,-1.2247200480773637,1.0,-1.4840034242302873,1.0,-0.4206018942780892,1.0,-0.1022149089195236,0,-1.1538601292845905,1,-1.4133295114805944,1,-0.3491651130648399,0,112,2,3,83073,1676100000,2494196.4285714286,123.62053571428572,1.7857142857142856,2.6785714285714284,-0.8928571428571428,-0.3488082142625394,수요-/공급-,D 기타·동반감소,부호 강건성 미충족,부호 강건성 미충족,-0.0305497216117545,0.0494875095744533,9.590574795951744e-05,0.0331773046504017,0.161988704391201,0.0004578006175011,-0.0011156311870716,0.0182181467892653,0.8888888888888888,0.4215686274509804,0.3392156862745098,0.20784313725490197,0.13333333333333333,0.6137254901960785,False,False,True,True,False,일반 관찰지역
세종특별자치시,세종특별자치시,제과점,HIGH,0.753678756070843,1,0.8508589779663847,1,2.696529975616176,1,-1.891837260720114,1,0.7783041915328781,1.0,0.8755081654671535,1.0,2.72163026775747,1.0,0.2644308415101685,1,0.4879576041617844,1,0.5848815293064208,1,2.4256848751781916,1,140,9,7,235339,2816830000,3353369.0476190476,280.16547619047617,6.428571428571428,5.0,1.4285714285714286,2.432099134106007,수요+/공급+,A 총시장·점포·점포당 증가,A 총시장·점포·점포당 증가,수요+/공급+,-0.024435254849313,0.0559270632327728,-0.0015857097943043,0.0249066896786518,-0.0756051880983995,0.0032362724825055,-0.004966668463627,0.0176380081885619,0.5,0.4507874015748031,0.5039370078740157,0.5433070866141733,0.531496062992126,0.812992125984252,False,False,False,False,True,일반 관찰지역
세종특별자치시,세종특별자치시,중국음식,HIGH,-1.559755968730731,1,-1.818159881472528,1,-0.2250038503687725,1,-1.3377621346738149,1,-1.5356959651042168,1.0,-1.794163034933253,1.0,-0.2006176169454073,1.0,0.067052406681119,0,-1.6257182921711442,1,-1.883949054971702,1,-0.2918605575219126,1,172,8,9,96156,2870880000,2781860.465116279,93.17441860465117,4.651162790697675,5.232558139534884,-0.5813953488372093,-0.2920562570498916,수요-/공급+,C 총시장 감소/점포 증가,부호 강건성 미충족,부호 강건성 미충족,-0.024435254849313,0.0559270632327728,-0.0015857097943043,0.0249066896786518,-0.0756051880983995,0.0032362724825055,-0.004966668463627,0.0176380081885619,0.5,0.7843137254901961,0.7137254901960784,0.14901960784313725,0.16470588235294117,0.8431372549019608,True,False,True,True,True,수요취약 후보
울산광역시,남구,제과점,HIGH,-1.3840783064069673,0,-1.288960021189672,0,1.365373921026123,1,-2.712417585096881,1,-1.3662443442902144,0.0,-1.2711088576325158,0.0,1.3837051013002188,1.0,0.4619330969217462,1,-1.8375232751571424,0,-1.7428423524582446,0,0.8992867211033883,1,123,14,11,214372,2833490000,3839417.3441734416,290.4769647696477,11.38211382113821,8.94308943089431,2.4390243902439024,0.9034408241043768,수요+/공급+,C 총시장 감소/점포 증가,부호 강건성 미충족,수요+/공급+,-0.0180809926563289,0.1342500123548312,-0.0001930387991959,0.0294533999091814,0.287715981462225,0.001824367697299,-0.0031069195258697,0.0142411564558861,1.0,0.7165354330708661,0.7559055118110236,0.1732283464566929,0.32677165354330706,0.7578740157480315,False,True,True,False,True,일반 관찰지역
울산광역시,남구,중국음식,HIGH,-2.837823658267921,1,-3.09287266575753,1,-1.8769550304601823,1,-0.9792486852665242,1,-2.820252595276209,1.0,-3.075347726497788,1.0,-1.8592102014638583,1.0,-0.2713493329714979,1,-2.5734573847441955,1,-2.8292003490616455,1,-1.609974352154295,1,146,8,8,108820,3201140000,3654269.406392694,124.22374429223746,5.47945205479452,5.47945205479452,0.0,-1.6056056974886843,수요-/공급-,D 기타·동반감소,D 기타·동반감소,수요-/공급-,-0.0180809926563289,0.1342500123548312,-0.0001930387991959,0.0294533999091814,0.287715981462225,0.001824367697299,-0.0031069195258697,0.0142411564558861,1.0,0.8156862745098039,0.803921568627451,0.043137254901960784,0.047058823529411764,0.7607843137254902,True,True,True,True,True,고회전+수요취약 후보
울산광역시,동구,제과점,HIGH,3.440398092970478,1,3.540169743631205,1,4.681996103943897,1,-1.1860664270679124,1,3.606407305767039,1.0,3.7063390777487824,1.0,4.849997929996134,1.0,-0.4607116203526826,1,3.9191657654253538,1,4.019399203181339,1,5.166510438252345,1,50,1,2,122186,1521710000,5072366.666666667,407.28666666666663,2.0,4.0,-2.0,5.14270772429658,수요+/공급-,D 기타·동반감소,D 기타·동반감소,수요+/공급-,-0.1602306431750418,-0.0096437691989567,-0.0001857539140884,-0.1365838325889043,2.5264264618016115,0.000956578066607,-0.0015487733292226,0.005947280526929,0.1999999999999999,0.36811023622047245,0.2283464566929134,0.7992125984251969,0.7913385826771654,0.44291338582677164,False,False,False,False,False,일반 관찰지역
울산광역시,동구,중국음식,HIGH,1.9727633419694304,1,1.7050866280403665,1,2.968914556230588,1,-0.9674290717294032,1,2.1364171801330363,1.0,1.868310877751341,1.0,3.1341670955009184,1.0,0.0,0,1.9727633419693733,1,1.7050866280403716,1,2.968914556230599,1,89,1,0,69642,1632630000,3057359.550561798,130.41573033707866,1.1235955056179776,0.0,1.1235955056179776,2.968914556230588,수요+/공급+,A 총시장·점포·점포당 증가,부호 강건성 미충족,부호 강건성 미충족,-0.1602306431750418,-0.0096437691989567,-0.0001857539140884,-0.1365838325889043,2.5264264618016115,0.000956578066607,-0.0015487733292226,0.005947280526929,0.1999999999999999,0.09411764705882353,0.26666666666666666,0.7411764705882353,0.7294117647058823,0.5078431372549019,False,False,False,False,False,일반 관찰지역
울산광역시,북구,제과점,HIGH,2.6396971465420114,1,2.7386964949245245,1,4.652607512675529,1,-1.9234211301325903,1,2.744933461938088,1.0,2.8440343141922853,1.0,4.759907661812781,1.0,0.3443143157914533,1,2.287506617990151,1,2.3861662670769186,1,4.293510027210453,1,64,3,0,106303,1371090000,3570546.875,276.8307291666667,4.6875,0.0,4.6875,4.308293196884076,수요+/공급+,A 총시장·점포·점포당 증가,A 총시장·점포·점포당 증가,수요+/공급+,-0.1024248221787616,0.1395964501175528,6.000470251950766e-05,0.0021796491424085,1.688716321393413,0.0009296655969543,-0.0013908463292382,0.0091707226170449,0.5555555555555556,0.1141732283464567,0.3543307086614173,0.7480314960629921,0.7834645669291339,0.5039370078740157,False,False,False,False,False,일반 관찰지역
울산광역시,북구,중국음식,HIGH,-0.164821918400053,0,-0.4268875085398328,0,-0.2607789641748955,0,0.0962079358333729,0,-0.062461071863078,0.0,-0.3247953574283696,0.0,-0.1585165022416776,0.0,-0.1701520789590119,0,0.0053392453960136,0,-0.2571730148120578,0,-0.0907813515728868,0,102,1,3,41587,1076000000,1758169.934640523,67.95261437908498,0.9803921568627452,2.941176470588235,-1.96078431372549,-0.0906268852158835,수요-/공급-,D 기타·동반감소,부호 강건성 미충족,부호 강건성 미충족,-0.1024248221787616,0.1395964501175528,6.000470251950766e-05,0.0021796491424085,1.688716321393413,0.0009296655969543,-0.0013908463292382,0.0091707226170449,0.5555555555555556,0.4647058823529412,0.25098039215686274,0.3607843137254902,0.1568627450980392,0.5843137254901961,False,False,False,True,False,일반 관찰지역
울산광역시,울주군,제과점,HIGH,2.49330618498056,1,2.5921643344877423,1,4.298957668470724,1,-1.7312267771933345,1,2.5550735085889507,1.0,2.653991234702026,1.0,4.361813163235366,1.0,0.906269439401117,1,1.5727830930590287,1,1.670753367905532,1,3.3622174795660653,1,67,5,1,146586,1943770000,4835248.756218906,364.64179104477614,7.462686567164178,1.4925373134328357,5.970149253731343,3.3926882290696065,수요+/공급+,A 총시장·점포·점포당 증가,A 총시장·점포·점포당 증가,수요+/공급+,-0.060228442626184,-0.0693992118703861,-0.0018285169762827,-0.1461471798684823,2.4500969698131296,0.0013733816107086,-0.0017798617109779,0.0113402624808115,0.0999999999999999,0.25,0.562992125984252,0.7362204724409449,0.7362204724409449,0.5295275590551181,False,False,False,False,False,일반 관찰지역
울산광역시,울주군,중국음식,HIGH,2.0399035126438423,1,1.7720505569453069,1,2.6947296187603156,1,-0.6376433421144216,1,2.101397594314479,1.0,1.8333832177308769,1.0,2.7566183296755997,1.0,-0.2853098491571894,1,2.331866406327479,1,2.063247053157603,1,2.9885661414676816,1,122,4,7,73135,1991830000,2721079.2349726777,99.91120218579236,3.278688524590164,5.737704918032787,-2.459016393442623,2.980039467917505,수요+/공급-,D 기타·동반감소,D 기타·동반감소,수요+/공급-,-0.060228442626184,-0.0693992118703861,-0.0018285169762827,-0.1461471798684823,2.4500969698131296,0.0013733816107086,-0.0017798617109779,0.0113402624808115,0.0999999999999999,0.8352941176470589,0.5058823529411764,0.7490196078431373,0.6862745098039216,0.6686274509803921,True,False,False,False,False,관측변수로 미설명
울산광역시,중구,제과점,HIGH,-0.0153504059455775,0,0.0810880621447273,1,1.4733953905539294,1,-1.4671291827473747,1,0.0710964317112264,1.0,0.1676182806067518,1.0,1.561129399458493,1.0,-0.251801462989282,1,0.2370479472428938,1,0.3337298618084956,1,1.7295518905066425,1,68,6,5,118500,1528100000,3745343.137254902,290.44117647058823,8.823529411764707,7.352941176470589,1.4705882352941175,1.7251968535432114,수요+/공급-,D 기타·동반감소,부호 강건성 미충족,수요+/공급-,-0.0863854207051105,0.1094145331787529,9.54291262477147e-06,0.0062196510279488,0.1911867666526724,0.0011518002217122,-0.0020204491015658,0.0189218614864821,0.9,0.5826771653543307,0.6496062992125984,0.39763779527559057,0.3661417322834646,0.5393700787401575,False,False,False,False,False,일반 관찰지역
울산광역시,중구,중국음식,HIGH,-2.108776428823802,1,-2.365739172494357,1,-2.0271047723531583,1,-0.0833614810308802,0,-2.024139569601528,1.0,-2.2813244835419932,1.0,-1.9423972997271917,1.0,-0.1709421706775009,0,-1.9411525063768271,1,-2.1985552599016467,1,-1.859340999540564,1,85,2,4,47126,1425120000,2794352.9411764704,92.40392156862744,2.3529411764705883,4.705882352941177,-2.3529411764705883,-1.8561626016756576,수요-/공급-,D 기타·동반감소,부호 강건성 미충족,부호 강건성 미충족,-0.0863854207051105,0.1094145331787529,9.54291262477147e-06,0.0062196510279488,0.1911867666526724,0.0011518002217122,-0.0020204491015658,0.0189218614864821,0.9,0.7372549019607844,0.40980392156862744,0.0784313725490196,0.03529411764705882,0.49607843137254903,False,False,True,True,False,일반 관찰지역
인천광역시,강화군,제과점,HIGH,-0.3491829029976729,0,-0.2530664272806491,0,0.7217789560900422,1,-1.0632872752918905,1,-0.3492253472650334,0.0,-0.2531089124869001,0.0,0.7217360556679538,1.0,-1.3237256663173813,1,0.9876160910009943,1,1.0850219531152925,1,2.0729447237644707,1,29,1,3,25097,427930000,2459367.8160919542,144.23563218390802,3.4482758620689653,10.344827586206897,-6.896551724137931,2.0455046224074236,수요+/공급-,D 기타·동반감소,부호 강건성 미충족,수요+/공급-,4.2593013003543904e-05,0.2004375848300543,0.0008181185723785,-0.0254366579671872,0.008760496434028,0.0036887159064966,-0.0057612355898818,0.0257598445333591,0.4444444444444444,0.7874015748031497,0.25984251968503935,0.3543307086614173,0.2559055118110236,0.33070866141732286,True,False,False,False,False,관측변수로 미설명
인천광역시,강화군,중국음식,HIGH,2.930065142556368,1,2.659875528203584,1,1.585666863554986,1,1.3234133520107014,1,2.9300213015590204,1.0,2.6598318022880574,1.0,1.5856235951771314,1.0,0.4564001773329431,1,2.462426446554639,1,2.1934643755707475,1,1.1241361269451744,1,45,2,3,20786,665330000,2464185.185185185,76.98518518518519,4.444444444444445,6.666666666666667,-2.2222222222222223,1.1292666862220428,수요+/공급+,A 총시장·점포·점포당 증가,A 총시장·점포·점포당 증가,수요+/공급+,4.2593013003543904e-05,0.2004375848300543,0.0008181185723785,-0.0254366579671872,0.008760496434028,0.0036887159064966,-0.0057612355898818,0.0257598445333591,0.4444444444444444,0.9058823529411765,0.6745098039215687,0.8235294117647058,0.47843137254901963,0.28627450980392155,True,False,False,False,False,관측변수로 미설명
인천광역시,계양구,제과점,HIGH,-12.439946732067476,1,-12.355492193922425,1,-4.272639720188268,1,-8.53184187676979,1,-12.355290457451034,1.0,-12.270754265557388,1.0,-4.180086993257411,1.0,-0.5919663372920473,1,-11.918534104573228,1,-11.833576646877583,1,-3.7025914780537503,1,77,1,2,195586,2477150000,5361796.536796536,423.34632034632034,1.2987012987012987,2.5974025974025974,-1.2987012987012987,-3.6806733828962206,수요-/공급-,D 기타·동반감소,D 기타·동반감소,수요-/공급-,-0.0965902848652531,0.1842158486668802,0.0006016320063382,0.0045739789600631,0.0622230954920577,0.0023888611386233,-0.0035234558567748,0.0218484078501724,0.8888888888888888,0.3051181102362205,0.2047244094488189,0.003937007874015748,0.007874015748031496,0.5964566929133859,False,False,True,True,False,일반 관찰지역
인천광역시,계양구,중국음식,HIGH,-2.6967411865421527,1,-2.952160533043777,1,-2.3478156375158257,1,-0.3573146379717759,1,-2.602664823043577,1.0,-2.858331118348121,1.0,-2.2534019199842135,1.0,-0.9466800572570736,1,-1.7667869489853618,1,-2.024647409037849,1,-1.41452662169089,1,100,5,8,57168,1489000000,2481666.6666666665,95.28,5.0,8.0,-3.0,-1.4011355802587522,수요-/공급-,D 기타·동반감소,D 기타·동반감소,수요-/공급-,-0.0965902848652531,0.1842158486668802,0.0006016320063382,0.0045739789600631,0.0622230954920577,0.0023888611386233,-0.0035234558567748,0.0218484078501724,0.8888888888888888,0.9529411764705882,0.7411764705882353,0.047058823529411764,0.027450980392156862,0.5686274509803921,True,False,True,True,False,수요취약 후보
인천광역시,남동구,제과점,HIGH,-3.658067002856259,1,-3.565142054188391,1,-1.667061211348726,1,-2.0247597763622456,1,-3.619481987929321,1.0,-3.526519822751258,1.0,-1.627678797139943,1.0,0.5927837463649773,1,-4.22580088840102,1,-4.133423537653723,1,-2.246527905432737,1,128,14,9,282552,3442300000,4482161.458333333,367.90625,10.9375,7.03125,3.90625,-2.259844957713703,수요-/공급+,C 총시장 감소/점포 증가,C 총시장 감소/점포 증가,수요-/공급+,-0.0400340397860377,0.1301148434526857,0.0001614917110299,0.1171004040153541,0.0643147030642686,0.0018377426350998,-0.0032938715564317,0.0145548757680294,1.0,0.5748031496062992,0.7401574803149606,0.03937007874015748,0.03937007874015748,0.7736220472440944,False,False,True,True,True,일반 관찰지역
인천광역시,남동구,중국음식,HIGH,-2.99136728009036,1,-3.246013238267719,1,-2.5161982237511618,1,-0.487433858426857,1,-2.9525152514347432,1.0,-3.2072631955054125,1.0,-2.477155889539526,1.0,-0.4883619092428556,1,-2.5152890846442224,1,-2.7711847397284304,1,-2.037788095357121,1,257,4,13,125817,3384600000,2194941.634241245,81.59338521400778,1.556420233463035,5.058365758754864,-3.501945525291829,-2.0278363145083063,수요-/공급-,D 기타·동반감소,D 기타·동반감소,수요-/공급-,-0.0400340397860377,0.1301148434526857,0.0001614917110299,0.1171004040153541,0.0643147030642686,0.0018377426350998,-0.0032938715564317,0.0145548757680294,1.0,0.7725490196078432,0.30980392156862746,0.0392156862745098,0.023529411764705882,0.9607843137254902,True,False,True,True,True,수요취약 후보
인천광역시,동구,제과점,HIGH,-4.053305892225917,1,-3.960762164407191,1,-1.381532589886129,0,-2.7092018082464624,1,-4.523433243167865,1.0,-4.431342968571389,1.0,-1.864751311162715,1.0,0.0,0,-4.0533058922258824,1,-3.960762164407181,1,-1.381532589886129,0,14,0,0,23522,296210000,3526309.523809524,280.0238095238095,0.0,0.0,0.0,-1.381532589886129,수요-/공급+,C 총시장 감소/점포 증가,부호 강건성 미충족,부호 강건성 미충족,0.4924007711120712,0.2096370248717955,-5.128685992334245e-05,-0.0990075921089434,0.0703496328679164,0.001455942140358,-0.0025103515242803,0.0164040597273564,1.0,0.1141732283464567,0.10236220472440945,0.023622047244094488,0.07086614173228346,0.16338582677165353,False,False,True,True,False,일반 관찰지역
인천광역시,동구,중국음식,HIGH,-1.7349206764497644,1,-1.9928647849083108,1,-1.4059934308824564,1,-0.3336178912018447,1,-2.2164078382751526,1.0,-2.473088051385071,1.0,-1.8890922969572888,1.0,-0.9308088959661612,1,-0.8116668477076378,0,-1.07203448126154,1,-0.4796491518915213,0,28,0,1,17863,339040000,2018095.238095238,106.32738095238096,0.0,3.571428571428571,-3.571428571428571,-0.4751845349162951,수요-/공급-,D 기타·동반감소,부호 강건성 미충족,수요-/공급-,0.4924007711120712,0.2096370248717955,-5.128685992334245e-05,-0.0990075921089434,0.0703496328679164,0.001455942140358,-0.0025103515242803,0.0164040597273564,1.0,0.5392156862745098,0.11568627450980393,0.11764705882352941,0.054901960784313725,0.17254901960784313,False,False,True,True,False,일반 관찰지역
인천광역시,미추홀구,제과점,HIGH,-2.0864484478478675,0,-1.9920076216279483,0,-0.1527079136895556,0,-1.93669802530724,1,-2.136532945708324,0.0,-2.042140427626427,0.0,-0.2037815537281022,1.0,-0.024592522836143,1,-2.062363112131042,1,-1.967899054816295,1,-0.1281469054103767,0,107,24,24,216087,2611650000,4067990.6542056073,336.5841121495327,22.429906542056074,22.429906542056074,0.0,-0.1281153908534125,수요-/공급-,D 기타·동반감소,부호 강건성 미충족,부호 강건성 미충족,0.0511779312219401,-0.0983281926781548,-0.0011941610255416,0.0599447420403803,0.0895693918431488,0.0015239441469605,-0.0016965372734625,0.0191223038871073,0.8888888888888888,0.9763779527559056,0.9724409448818898,0.11811023622047244,0.1377952755905512,0.7106299212598425,True,True,True,True,False,고회전+수요취약 후보
인천광역시,미추홀구,중국음식,HIGH,-1.574827169540935,1,-1.8331915206451077,1,-0.0219762763673912,0,-1.553192226989874,1,-1.625173370653033,1.0,-1.8834055638630136,1.0,-0.0731167879299182,0.0,-0.6288954623857032,1,-0.9519182780112824,0,-1.2119177540223398,1,0.6107602293869857,0,222,13,17,101526,2745270000,2061013.5135135136,76.22072072072072,5.855855855855856,7.657657657657657,-1.8018018018018016,0.6069191860183119,수요-/공급-,D 기타·동반감소,부호 강건성 미충족,부호 강건성 미충족,0.0511779312219401,-0.0983281926781548,-0.0011941610255416,0.0599447420403803,0.0895693918431488,0.0015239441469605,-0.0016965372734625,0.0191223038871073,0.8888888888888888,0.9411764705882353,0.8274509803921568,0.1411764705882353,0.21176470588235294,0.9156862745098039,True,True,True,True,True,고회전+수요취약 후보
인천광역시,부평구,제과점,HIGH,-3.735146582330528,1,-3.642295979440693,1,-1.4792640490001312,1,-2.2897540416795077,1,-3.6583283226225976,1.0,-3.565403626006202,1.0,-1.400645620651571,1.0,0.6608853991807018,1,-4.367169992672258,1,-4.274928997054533,1,-2.126098374451867,1,129,10,7,293724,3382510000,4370167.958656331,379.48837209302326,7.751937984496124,5.426356589147287,2.3255813953488373,-2.140149448180833,수요-/공급+,C 총시장 감소/점포 증가,C 총시장 감소/점포 증가,수요-/공급+,-0.0797352364459518,0.253747200257314,0.0005389040609019,-0.0314665599976441,0.0743783941778835,0.0020150074297994,-0.0029593714176847,0.0158337839734929,0.9,0.484251968503937,0.5905511811023622,0.031496062992125984,0.06299212598425197,0.7795275590551181,False,False,True,True,True,일반 관찰지역
인천광역시,부평구,중국음식,HIGH,-2.0223033369237986,1,-2.2794930709428103,1,-1.0126788883052444,1,-1.0199533003619112,1,-1.9441182477594643,1.0,-2.201513216265219,1.0,-0.9336881302976232,1.0,0.1187408130783437,1,-2.1385048719294857,1,-2.395389578958712,1,-1.130077837770589,1,291,10,11,146445,4149340000,2376483.390607102,83.87457044673539,3.436426116838488,3.7800687285223367,-0.3436426116838488,-1.1314197013835885,수요-/공급+,C 총시장 감소/점포 증가,C 총시장 감소/점포 증가,수요-/공급+,-0.0797352364459518,0.253747200257314,0.0005389040609019,-0.0314665599976441,0.0743783941778835,0.0020150074297994,-0.0029593714176847,0.0158337839734929,0.9,0.5764705882352941,0.5333333333333333,0.09019607843137255,0.08235294117647059,0.9803921568627451,False,False,True,True,True,일반 관찰지역
인천광역시,서구,제과점,HIGH,-3.4650821837136143,1,-3.371971094869245,1,-1.2341286798214093,1,-2.2588303774083194,1,-3.674334912942879,1.0,-3.581425655206917,1.0,-1.4482173080189875,1.0,1.5397145813009414,1,-4.928905685476712,1,-4.837206502326224,1,-2.731781621171863,1,171,26,10,337810,4030380000,3928245.614035088,329.2495126705653,15.204678362573098,5.847953216374268,9.35672514619883,-2.7738432611223507,수요-/공급+,C 총시장 감소/점포 증가,C 총시장 감소/점포 증가,수요-/공급+,0.2172346581154139,0.0914154374623785,-4.279310305362406e-05,0.1034901445401216,0.1132900633070509,0.0028685368560382,-0.0042259636942003,0.0159492366009639,1.0,0.5039370078740157,0.8740157480314961,0.051181102362204724,0.07480314960629922,0.9133858267716536,False,True,True,True,True,일반 관찰지역
인천광역시,서구,중국음식,HIGH,-3.012747382268284,1,-3.2673372180526536,1,-2.0135428514680753,1,-1.0197373799172065,1,-3.222980609475512,1.0,-3.4770185867285823,1.0,-2.2259419921070904,1.0,-0.2284535717727206,1,-2.7906691939454618,1,-3.0458419810762676,1,-1.7891767178125282,1,258,14,24,156666,4088410000,2641091.73126615,101.20542635658914,5.426356589147287,9.30232558139535,-3.875968992248062,-1.7850892796953548,수요-/공급-,D 기타·동반감소,D 기타·동반감소,수요-/공급-,0.2172346581154139,0.0914154374623785,-4.279310305362406e-05,0.1034901445401216,0.1132900633070509,0.0028685368560382,-0.0042259636942003,0.0159492366009639,1.0,0.9725490196078431,0.796078431372549,0.03529411764705882,0.0392156862745098,0.9647058823529412,True,True,True,True,True,고회전+수요취약 후보
인천광역시,연수구,제과점,HIGH,-2.211306647534629,1,-2.1169862511362494,1,-0.5312244438465434,1,-1.6890548760596915,1,-2.23395771831637,1.0,-2.139659169617376,1.0,-0.5542646768065653,1.0,0.1132834576466394,1,-2.321959708937829,1,-2.2277460410400245,1,-0.6437786068277992,1,179,14,16,313887,3754050000,3495391.061452514,292.25977653631287,7.82122905027933,8.938547486033519,-1.11731843575419,-0.6445079014931829,수요-/공급+,C 총시장 감소/점포 증가,C 총시장 감소/점포 증가,수요-/공급+,0.0231686485952675,-0.1606841253150953,-0.0011685155828474,0.2914943935816348,0.2954373306758406,0.0038845724699995,-0.0051993629672901,0.0218684524744127,0.8888888888888888,0.7125984251968503,0.5984251968503937,0.11023622047244094,0.11811023622047244,0.937007874015748,False,False,True,True,True,일반 관찰지역
인천광역시,연수구,중국음식,HIGH,-3.341860621326296,1,-3.5955865406348995,1,-1.326722793781861,1,-2.042232592855941,1,-3.3642498187032257,1.0,-3.6179169667616473,1.0,-1.349578763215953,1.0,0.3698458350757235,1,-3.698029448506865,1,-3.950820430895622,1,-1.6903170616056464,1,170,11,10,96759,2961340000,2903274.509803922,94.86176470588236,6.470588235294119,5.88235294117647,0.5882352941176471,-1.6965686288575843,수요-/공급+,C 총시장 감소/점포 증가,C 총시장 감소/점포 증가,수요-/공급+,0.0231686485952675,-0.1606841253150953,-0.0011685155828474,0.2914943935816348,0.2954373306758406,0.0038845724699995,-0.0051993629672901,0.0218684524744127,0.8888888888888888,0.8450980392156863,0.8470588235294118,0.023529411764705882,0.058823529411764705,0.8313725490196079,True,True,True,True,True,고회전+수요취약 후보
인천광역시,옹진군,제과점,HIGH,11.225845472323083,1,11.333126441881406,1,7.956556095393975,1,3.028337967765708,1,11.448358904534954,1.0,11.55585449558384,1.0,8.172529134075319,1.0,0.0,0,11.22584547232308,1,11.333126441881406,1,7.956556095393978,1,3,0,0,1703,24870000,1381666.6666666667,94.6111111111111,0.0,0.0,0.0,7.956556095393975,수요+/공급+,A 총시장·점포·점포당 증가,부호 강건성 미충족,부호 강건성 미충족,-0.1996560868181632,0.7566113278805594,0.0007724738334318,0.3059700407700644,-0.1211412169144783,-0.0040152218349083,0.0023983831338128,0.0245720282810582,0.0,0.1141732283464567,0.10236220472440945,0.9724409448818898,0.9133858267716536,0.005905511811023622,False,False,False,False,False,일반 관찰지역
인천광역시,옹진군,중국음식,HIGH,8.11334026854577,1,7.829544647964967,1,9.71747768218548,1,-1.4620618770387672,1,8.329626962603989,1.0,8.045263593247597,1.0,9.936973541524813,1.0,0.0,0,8.113340268545738,1,7.829544647964957,1,9.717477682185466,1,14,0,0,6777,219180000,2609285.714285714,80.67857142857143,0.0,0.0,0.0,9.71747768218548,수요+/공급+,A 총시장·점포·점포당 증가,부호 강건성 미충족,부호 강건성 미충족,-0.1996560868181632,0.7566113278805594,0.0007724738334318,0.3059700407700644,-0.1211412169144783,-0.0040152218349083,0.0023983831338128,0.0245720282810582,0.0,0.09411764705882353,0.11568627450980393,0.9647058823529412,0.9686274509803922,0.01568627450980392,False,False,False,False,False,일반 관찰지역
인천광역시,중구,제과점,HIGH,-4.171268920603292,1,-4.078838971987615,1,-3.566321912693646,1,-0.6273192311112993,1,-4.369315919324467,1.0,-4.277076993523274,1.0,-3.7656191412567104,1.0,-0.6953239137907731,1,-3.5002833137433633,1,-3.4072061775414024,1,-2.8911005121354636,1,104,6,9,305131,3469390000,5559919.871794871,488.9919871794872,5.769230769230769,8.653846153846153,-2.8846153846153846,-2.870997998902873,수요-/공급-,D 기타·동반감소,D 기타·동반감소,수요-/공급-,0.2070956624697317,0.3930036662999423,6.404821343956829e-05,0.0414034394281752,0.0594068435179849,0.0015252741167991,-0.0014432439363108,0.0122669875206333,0.8888888888888888,0.7047244094488189,0.43503937007874016,0.015748031496062992,0.011811023622047244,0.6968503937007874,False,False,True,True,False,일반 관찰지역
인천광역시,중구,중국음식,HIGH,-0.8043365215812392,0,-1.0647233971126102,0,0.193167286362422,1,-0.995580671776442,1,-1.0093418807963663,0.0,-1.26919062085804,0.0,-0.0138995906579876,0.0,0.1285850433022061,1,-0.9317235078074568,0,-1.1917759947358573,0,0.0644993065988833,1,176,6,4,113962,4052380000,3837481.060606061,107.9185606060606,3.4090909090909087,2.272727272727273,1.1363636363636365,0.0645822430602159,수요+/공급+,C 총시장 감소/점포 증가,부호 강건성 미충족,수요+/공급+,0.2070956624697317,0.3930036662999423,6.404821343956829e-05,0.0414034394281752,0.0594068435179849,0.0015252741167991,-0.0014432439363108,0.0122669875206333,0.8888888888888888,0.3588235294117647,0.5254901960784314,0.2549019607843137,0.25098039215686274,0.8549019607843137,False,False,False,False,True,일반 관찰지역
전라남도,강진군,제과점,HIGH,-2.1588169856642603,1,-2.064445961268513,1,0.164222002267812,0,-2.319230301493799,1,-2.0955499683979166,1.0,-2.001117920892562,1.0,0.2289911655961255,0.0,0.0,0,-2.15881698566427,1,-2.064445961268503,1,0.1642220022678197,0,7,0,0,11903,201870000,4806428.571428572,283.40476190476187,0.0,0.0,0.0,0.164222002267812,수요+/공급+,C 총시장 감소/점포 증가,부호 강건성 미충족,부호 강건성 미충족,-0.0646211865200778,0.5205000942471931,0.0015894725438148,-0.0057027908432353,0.005491401532772,0.0005714706110094,-0.0008168879032088,0.0110257493570431,0.5,0.1141732283464567,0.10236220472440945,0.1141732283464567,0.16141732283464566,0.03937007874015748,False,False,True,True,False,일반 관찰지역
전라남도,강진군,중국음식,HIGH,4.57154440217827,1,4.297045933580476,1,4.670977122202117,1,-0.0949955018645977,0,4.639163471178049,1.0,4.364487503710993,1.0,4.7386604873542835,1.0,1.327707211657355,1,3.2013328632267504,1,2.9304311758684927,1,3.29946270624796,1,19,1,0,7108,213100000,1869298.245614035,62.35087719298246,5.263157894736842,0.0,5.263157894736842,3.3432699105447616,수요+/공급+,A 총시장·점포·점포당 증가,A 총시장·점포·점포당 증가,수요+/공급+,-0.0646211865200778,0.5205000942471931,0.0015894725438148,-0.0057027908432353,0.005491401532772,0.0005714706110094,-0.0008168879032088,0.0110257493570431,0.5,0.09411764705882353,0.7647058823529411,0.8980392156862745,0.8470588235294118,0.049019607843137254,False,True,False,False,False,일반 관찰지역
전라남도,고흥군,제과점,HIGH,-0.3773464304712407,0,-0.2812571193985558,0,0.6293174537904727,1,-1.0003683913725852,1,-0.2345978065742032,0.0,-0.1383708097800897,0.0,0.7735085195323819,1.0,0.0,0,-0.3773464304712356,0,-0.2812571193985558,0,0.6293174537904751,1,21,0,0,18645,325280000,2581587.301587302,147.97619047619048,0.0,0.0,0.0,0.6293174537904727,수요+/공급+,C 총시장 감소/점포 증가,부호 강건성 미충족,부호 강건성 미충족,-0.1430842965182315,0.3192887696346182,0.0006439103588941,-0.208687184495781,0.0702786830928047,0.0009909427367067,-0.001731515993825,0.0173584244956739,0.6666666666666667,0.1141732283464567,0.10236220472440945,0.3425196850393701,0.2283464566929134,0.2618110236220472,False,False,False,True,False,일반 관찰지역
전라남도,고흥군,중국음식,HIGH,0.8213093883536453,1,0.5566552208423649,1,1.9334112961446128,1,-1.091008231403141,1,0.965775558035039,1.0,0.7007421693640224,1.0,2.079470989098887,1.0,-0.788148912859698,1,1.6222439996605975,1,1.355487392852795,1,2.743180556740036,1,33,0,1,16372,475780000,2402929.292929293,82.68686868686868,0.0,3.0303030303030303,-3.0303030303030303,2.721560209004311,수요+/공급-,D 기타·동반감소,D 기타·동반감소,수요+/공급-,-0.1430842965182315,0.3192887696346182,0.0006439103588941,-0.208687184495781,0.0702786830928047,0.0009909427367067,-0.001731515993825,0.0173584244956739,0.6666666666666667,0.47843137254901963,0.11568627450980393,0.5490196078431373,0.5490196078431373,0.21568627450980393,False,False,False,False,False,일반 관찰지역
전라남도,곡성군,제과점,HIGH,22.81125117372632,1,22.929706646396717,1,21.69956571247712,1,0.9134670733958572,1,22.60142005101404,1.0,22.719673134696553,1.0,21.491633977697163,1.0,-1.8895119426718887,0,25.176475630174256,1,25.29721243927172,1,24.04338019536238,1,8,0,1,6872,116270000,2422291.6666666665,143.16666666666666,0.0,12.5,-12.5,23.58907765514901,수요+/공급-,D 기타·동반감소,부호 강건성 미충족,부호 강건성 미충족,0.1711490149339211,0.6081857313486054,-0.0001017551365252,-0.1787660573305454,5.656117978497558,-0.0033673897183452,0.007085447369227,0.0598378387933125,0.0,0.8681102362204725,0.10236220472440945,0.9960629921259843,0.9960629921259843,0.05511811023622047,True,False,False,False,False,관측변수로 미설명
전라남도,곡성군,중국음식,HIGH,14.202522919131969,1,13.902743300971808,1,13.615769793791507,1,0.516436341896383,1,14.00740037643594,1.0,13.708132951525506,1.0,13.42164975750973,1.0,0.7594937107779394,0,13.341699837179794,1,13.044179864500412,1,12.75936947432116,1,21,3,1,12997,377290000,2994365.0793650793,103.15079365079364,14.285714285714285,4.761904761904762,9.523809523809524,12.856276083013569,수요+/공급+,A 총시장·점포·점포당 증가,부호 강건성 미충족,부호 강건성 미충족,0.1711490149339211,0.6081857313486054,-0.0001017551365252,-0.1787660573305454,5.656117978497558,-0.0033673897183452,0.007085447369227,0.0598378387933125,0.0,0.7431372549019608,0.996078431372549,0.9882352941176471,0.984313725490196,0.07254901960784314,False,True,False,False,False,일반 관찰지역
전라남도,광양시,제과점,HIGH,0.4371282658492915,1,0.5340031644329633,1,0.8681633962780133,1,-0.4273252490335433,1,0.377873303456444,1.0,0.4746910486888297,1.0,0.8086541357895931,1.0,-0.0565210972165127,0,0.4939285368943301,1,0.5908582211990534,1,0.9252074308859914,1,52,3,4,71671,1079870000,3461121.794871795,229.7147435897436,5.769230769230769,7.6923076923076925,-1.9230769230769231,0.924684493494526,수요+/공급-,D 기타·동반감소,부호 강건성 미충족,부호 강건성 미충족,0.0590318966150103,0.2188980774159842,0.0002816149886733,0.0538130662108777,0.0053592427092085,0.0005303259568421,-0.0012653339192246,0.0091469251493531,0.7,0.6141732283464567,0.43503937007874016,0.4763779527559055,0.2874015748031496,0.45866141732283466,False,False,False,False,False,일반 관찰지역
전라남도,광양시,중국음식,HIGH,-1.8776108162174787,1,-2.1351803655636865,1,-1.105147601781414,1,-0.781095472315968,1,-1.9355001503847284,1.0,-2.1929177412448384,1.0,-1.1634926666083705,1.0,-0.3022902202518343,1,-1.5800970748935526,1,-1.8384475925886985,1,-0.8052916995819359,1,76,1,2,40617,1150920000,2523947.3684210526,89.07236842105263,1.3157894736842104,2.631578947368421,-1.3157894736842104,-0.8028573815295799,수요-/공급-,D 기타·동반감소,D 기타·동반감소,수요-/공급-,0.0590318966150103,0.2188980774159842,0.0002816149886733,0.0538130662108777,0.0053592427092085,0.0005303259568421,-0.0012653339192246,0.0091469251493531,0.7,0.403921568627451,0.29411764705882354,0.10980392156862745,0.07450980392156863,0.4411764705882353,False,False,True,True,False,일반 관찰지역
전라남도,구례군,제과점,HIGH,7.1187074299630115,1,7.222026930409277,1,8.024103812706427,1,-0.8381429243913993,1,6.783497068902905,1.0,6.886493247980978,1.0,7.686060162712553,1.0,2.742543955898241,1,4.259348956692379,1,4.359910512274113,1,5.140577265709192,1,17,2,0,18331,338480000,3318431.37254902,179.7156862745098,11.76470588235294,0.0,11.76470588235294,5.281559856808186,수요+/공급+,A 총시장·점포·점포당 증가,A 총시장·점포·점포당 증가,수요+/공급+,0.3139158861259365,0.2397989479197192,-0.0016491182310873,-0.0120937292211325,0.0271597919652813,-0.0006182076106414,0.0005322337020704,0.0193425101520935,0.125,0.1141732283464567,0.765748031496063,0.937007874015748,0.9212598425196851,0.20669291338582677,False,True,False,False,False,일반 관찰지역
전라남도,구례군,중국음식,HIGH,1.3871944979910886,0,1.1210548919995134,0,2.1669118569701356,0,-0.7631799227431035,1,1.0699199631320735,0.0,0.8046131972256456,0.0,1.8471973249929683,0.0,0.0,0,1.387194497991109,0,1.1210548919995391,0,2.1669118569701413,0,17,0,0,5001,152150000,1491666.6666666665,49.02941176470589,0.0,0.0,0.0,2.1669118569701356,수요+/공급+,A 총시장·점포·점포당 증가,부호 강건성 미충족,부호 강건성 미충족,0.3139158861259365,0.2397989479197192,-0.0016491182310873,-0.0120937292211325,0.0271597919652813,-0.0006182076106414,0.0005322337020704,0.0193425101520935,0.125,0.09411764705882353,0.11568627450980393,0.6549019607843137,0.615686274509804,0.0392156862745098,False,False,False,False,False,일반 관찰지역
전라남도,나주시,제과점,HIGH,0.521340486358694,1,0.6182966103862051,1,2.7782717796417176,1,-2.1959225955091997,1,0.5740712180486258,1.0,0.6710782025932669,1.0,2.832186435440621,1.0,1.088899350998498,1,-0.5614452905151673,0,-0.4655335488205109,0,1.671175014753517,1,45,5,1,45766,716970000,2655444.4444444445,169.5037037037037,11.11111111111111,2.2222222222222223,8.88888888888889,1.6893724286432197,수요+/공급+,B 총시장·점포 증가/점포당 감소,부호 강건성 미충족,수요+/공급+,-0.0524297475992816,0.1063068495993586,-0.0011809399249969,0.0941527922352411,0.0460113991998747,0.0015896679459414,-0.0023562519660374,0.0143317317491938,0.4444444444444444,0.2795275590551181,0.7480314960629921,0.5,0.5433070866141733,0.41732283464566927,False,False,False,False,False,일반 관찰지역
전라남도,나주시,중국음식,HIGH,0.4093687415740955,1,0.1457959110302083,1,2.024960084784123,1,-1.5835255822373602,1,0.4620407359650597,1.0,0.1983296423603535,1.0,2.078479573977922,1.0,-0.1887279923486557,0,0.5992276442253314,1,0.3351564373943705,1,2.2178738258771853,1,62,1,2,36401,1072860000,2884032.2580645164,97.8521505376344,1.6129032258064515,3.225806451612903,-1.6129032258064515,2.2136880771327787,수요+/공급-,D 기타·동반감소,부호 강건성 미충족,부호 강건성 미충족,-0.0524297475992816,0.1063068495993586,-0.0011809399249969,0.0941527922352411,0.0460113991998747,0.0015896679459414,-0.0023562519660374,0.0143317317491938,0.4444444444444444,0.48627450980392156,0.3176470588235294,0.47843137254901963,0.5803921568627451,0.3784313725490196,False,False,False,False,False,일반 관찰지역
전라남도,담양군,제과점,HIGH,-2.548940222896438,1,-2.454945485135819,1,-0.7618022497089338,1,-1.8008569418847633,1,-2.5189318098108364,1.0,-2.4249081279533273,1.0,-0.7312435175744276,1.0,-0.92608548109297,1,-1.6380242465272925,1,-1.543150900483539,1,0.165818855731839,0,22,1,2,50374,1198420000,9078939.393939393,381.62121212121207,4.545454545454546,9.090909090909092,-4.545454545454546,0.1642832313840361,수요-/공급-,D 기타·동반감소,D 기타·동반감소,수요-/공급-,-0.0307838369466728,0.01050735603348,0.0001723721271101,0.0468266464587871,0.0039148970079897,0.000670917472423,-0.0015521172821502,0.0185695341727335,0.5,0.7263779527559056,0.3425196850393701,0.08661417322834646,0.0984251968503937,0.2795275590551181,False,False,True,True,False,일반 관찰지역
전라남도,담양군,중국음식,HIGH,-1.6287968311986107,1,-1.8870195128882363,1,-0.1744110248748789,0,-1.4569268473698969,1,-1.5985050754479484,1.0,-1.8568072724647489,1.0,-0.1436714155024946,0.0,1.0136354543519712,1,-2.6159164291682817,1,-2.871547939239382,1,-1.1761248606518175,1,25,1,0,19047,530300000,3535333.333333333,126.98,4.0,0.0,4.0,-1.18804647922685,수요-/공급+,C 총시장 감소/점포 증가,C 총시장 감소/점포 증가,부호 강건성 미충족,-0.0307838369466728,0.01050735603348,0.0001723721271101,0.0468266464587871,0.0039148970079897,0.000670917472423,-0.0015521172821502,0.0185695341727335,0.5,0.09411764705882353,0.611764705882353,0.13725490196078433,0.17647058823529413,0.11960784313725491,False,False,True,True,False,일반 관찰지역
전라남도,목포시,제과점,HIGH,1.3253067877513078,0,1.4230383635987849,0,3.5031908609369973,1,-2.1041709488086116,1,1.5285539065928428,0.0,1.6264815209409045,0.0,3.7108065691969703,1.0,0.1879225439465822,0,1.135250851524322,0,1.2327991121988102,0,3.309049866301221,1,75,4,4,193480,3048210000,6773800.0,429.9555555555556,5.333333333333334,5.333333333333334,0.0,3.315268316990415,수요+/공급+,A 총시장·점포·점포당 증가,부호 강건성 미충족,부호 강건성 미충족,-0.2001871503346697,0.0907803084611059,-0.0003189164301748,-0.2739805934046438,3.6170985160084066,0.000932111791948,-0.0017237672567302,0.0155021276851909,0.2222222222222222,0.47244094488188976,0.3937007874015748,0.5984251968503937,0.6417322834645669,0.5826771653543307,False,False,False,False,False,일반 관찰지역
전라남도,목포시,중국음식,HIGH,2.638240513870024,0,2.368816934045302,0,4.89251116759272,1,-2.1491244976687858,1,2.844121229445927,1.0,2.5741572163565376,0.0,5.102913695438292,1.0,-0.3787490969776469,1,3.028459875277581,1,2.758011976478435,1,5.29130101939971,1,99,0,2,85333,2372750000,3994528.619528619,143.65824915824916,0.0,2.0202020202020203,-2.0202020202020203,5.271260264570367,수요+/공급-,D 기타·동반감소,부호 강건성 미충족,수요+/공급-,-0.2001871503346697,0.0907803084611059,-0.0003189164301748,-0.2739805934046438,3.6170985160084066,0.000932111791948,-0.0017237672567302,0.0155021276851909,0.2222222222222222,0.3176470588235294,0.11568627450980393,0.8,0.8705882352941177,0.5627450980392157,False,False,False,False,False,일반 관찰지역
전라남도,무안군,제과점,HIGH,-1.2890237455634816,1,-1.1938137771101105,1,1.3891631032912652,1,-2.6414922136464436,1,-1.293583381277585,1.0,-1.1983778107421024,1.0,1.384479757359003,1.0,-0.6243053323331487,1,-0.6688943563648089,1,-0.5730862528121057,0,2.026117595814403,1,37,1,2,44947,653490000,2943648.6486486485,202.463963963964,2.702702702702702,5.405405405405405,-2.702702702702702,2.013468435624414,수요+/공급-,D 기타·동반감소,D 기타·동반감소,수요+/공급-,0.0046193913934881,0.1751694113060731,-0.0016801785276299,0.1926595827315683,0.0761287562589543,0.0013577257125647,-0.0027768988701487,0.0117443726840026,0.4444444444444444,0.47834645669291337,0.2440944881889764,0.1889763779527559,0.33858267716535434,0.3838582677165354,False,False,True,False,False,일반 관찰지역
전라남도,무안군,중국음식,HIGH,1.505228013636637,1,1.2387785717382576,1,1.859975870570702,1,-0.3482701167971826,1,1.5005393064596244,1.0,1.2341021723352723,1.0,1.8552707769586132,1.0,0.0,0,1.5052280136366678,1,1.238778571738278,1,1.859975870570694,1,47,0,0,28247,861000000,3053191.489361702,100.16666666666666,0.0,0.0,0.0,1.859975870570702,수요+/공급+,A 총시장·점포·점포당 증가,부호 강건성 미충족,부호 강건성 미충족,0.0046193913934881,0.1751694113060731,-0.0016801785276299,0.1926595827315683,0.0761287562589543,0.0013577257125647,-0.0027768988701487,0.0117443726840026,0.4444444444444444,0.09411764705882353,0.11568627450980393,0.6666666666666666,0.5294117647058824,0.2980392156862745,False,False,False,False,False,일반 관찰지역
전라남도,보성군,제과점,HIGH,0.6177876189966766,1,0.7148367694413024,1,0.2692438024055264,1,0.3476079038533075,1,0.4189786904683053,1.0,0.5158360831922788,1.0,0.0711235555145177,1.0,0.0,0,0.6177876189966153,1,0.714836769441292,1,0.2692438024055314,1,13,0,0,18743,325100000,4167948.717948718,240.2948717948718,0.0,0.0,0.0,0.2692438024055264,수요+/공급+,A 총시장·점포·점포당 증가,부호 강건성 미충족,부호 강건성 미충족,0.1979794368763069,0.5771968358405611,0.0013624414916797,-0.0628893180760301,-0.0214656232308565,0.0008603388246731,-0.0020956133682951,0.0190595618482352,0.5,0.1141732283464567,0.10236220472440945,0.515748031496063,0.17716535433070865,0.14960629921259844,False,False,False,True,False,일반 관찰지역
전라남도,보성군,중국음식,HIGH,2.88522844274658,1,2.615156523943784,1,3.2142663119334314,1,-0.3187910750559075,1,2.6819393175120805,1.0,2.4124010290948483,1.0,3.0103270465222773,1.0,0.0,0,2.885228442746554,1,2.6151565239437584,1,3.2142663119334314,1,20,0,0,10394,302570000,2521416.666666667,86.61666666666666,0.0,0.0,0.0,3.2142663119334314,수요+/공급+,A 총시장·점포·점포당 증가,부호 강건성 미충족,부호 강건성 미충족,0.1979794368763069,0.5771968358405611,0.0013624414916797,-0.0628893180760301,-0.0214656232308565,0.0008603388246731,-0.0020956133682951,0.0190595618482352,0.5,0.09411764705882353,0.11568627450980393,0.8196078431372549,0.7411764705882353,0.060784313725490195,False,False,False,False,False,일반 관찰지역
전라남도,순천시,제과점,HIGH,3.018452328207794,1,3.117816998363683,1,3.0078868318326157,1,0.0102569780820872,0,3.064172935971084,1.0,3.163581705150089,1.0,3.0536027505241545,1.0,0.7797013638481692,1,2.221430440914868,1,2.3200263573654727,1,2.210946686515704,1,117,9,3,148153,2377880000,3387293.4472934473,211.04415954415956,7.6923076923076925,2.564102564102564,5.128205128205128,2.2281854679844466,수요+/공급+,A 총시장·점포·점포당 증가,A 총시장·점포·점포당 증가,수요+/공급+,-0.0443613007904195,0.186939713973644,-0.0005263095474961,0.053797590051071,0.0758585028304561,0.0004920303117012,-0.0009018319298527,0.014420473392782,0.8,0.297244094488189,0.5826771653543307,0.7755905511811023,0.5748031496062992,0.7401574803149606,False,False,False,False,False,일반 관찰지역
전라남도,순천시,중국음식,HIGH,-0.8322294411431018,1,-1.092543098250124,1,-0.6601542106400718,1,-0.1732187413174196,1,-0.788217804023541,1.0,-1.0486469909055476,1.0,-0.6160662048318394,1.0,-0.2291800943581583,1,-0.6044345905498512,1,-0.8653462051414161,1,-0.4319640919955396,1,161,3,3,53384,1645880000,1703809.5238095238,55.262939958592135,1.8633540372670807,1.8633540372670807,0.0,-0.4309741162819135,수요-/공급-,D 기타·동반감소,D 기타·동반감소,수요-/공급-,-0.0443613007904195,0.186939713973644,-0.0005263095474961,0.053797590051071,0.0758585028304561,0.0004920303117012,-0.0009018319298527,0.014420473392782,0.8,0.28627450980392155,0.35294117647058826,0.25098039215686274,0.12156862745098039,0.8117647058823529,False,False,False,True,True,일반 관찰지역
전라남도,신안군,제과점,HIGH,3.543928478216609,1,3.643799987323588,1,12.340606871714703,1,-7.83036396050744,1,3.30667848679827,1.0,3.4063211605208172,1.0,12.083201069095844,1.0,0.0,0,3.5439284782166345,1,3.643799987323588,1,12.3406068717147,1,8,0,0,1350,24450000,509375.0,28.125,0.0,0.0,0.0,12.340606871714703,수요+/공급+,A 총시장·점포·점포당 증가,부호 강건성 미충족,부호 강건성 미충족,0.2296560056847241,0.7532530531698338,0.0008554675370665,-0.9346083204237456,0.090437899914105,0.001709352355177,-0.001941805022853,0.0395704450719867,0.375,0.1141732283464567,0.10236220472440945,0.8070866141732284,0.968503937007874,0.05511811023622047,False,False,False,False,False,일반 관찰지역
전라남도,신안군,중국음식,HIGH,6.041845478083248,1,5.763487494968216,1,5.923511685118754,1,0.1117162668438312,1,5.798872014555105,1.0,5.521151832517079,1.0,5.680809359568265,1.0,-1.3103101295719513,1,7.449770707870316,1,7.167716945739178,1,7.329865788602787,1,20,0,1,4972,166070000,1383916.6666666665,41.43333333333333,0.0,5.0,-5.0,7.233821814690705,수요+/공급-,D 기타·동반감소,D 기타·동반감소,수요+/공급-,0.2296560056847241,0.7532530531698338,0.0008554675370665,-0.9346083204237456,0.090437899914105,0.001709352355177,-0.001941805022853,0.0395704450719867,0.375,0.7647058823529411,0.11568627450980393,0.9254901960784314,0.9058823529411765,0.060784313725490195,True,False,False,False,False,관측변수로 미설명
전라남도,여수시,제과점,HIGH,0.1191977357961777,0,0.2157659799743176,1,1.1006501948919534,1,-0.9707677024864358,1,0.2943505944753445,1.0,0.3910877793203324,1.0,1.2775200489901637,1.0,0.8922272839997629,1,-0.766193361979844,1,-0.6704791065036938,1,0.2065797499994537,0,98,6,2,143228,2004930000,3409744.897959184,243.58503401360545,6.122448979591836,2.0408163265306123,4.081632653061225,0.2084229108921904,수요+/공급+,B 총시장·점포 증가/점포당 감소,부호 강건성 미충족,수요+/공급+,-0.1746388083087482,0.1961010820203287,0.0003783113306273,-0.0539304201411144,0.4800324622131044,0.0015934596119293,-0.0022844718374883,0.0124096831064899,0.9,0.265748031496063,0.4763779527559055,0.4251968503937008,0.3031496062992126,0.6791338582677166,False,False,False,False,False,일반 관찰지역
전라남도,여수시,중국음식,HIGH,-0.5085536399971353,1,-0.7697169404009819,1,0.7136054665869236,1,-1.2134995077596953,1,-0.3344989967500757,1.0,-0.596119187537411,1.0,0.889798207882298,1.0,-0.5055036417881961,1,-0.0030654943947308,0,-0.2655556923083629,1,1.2253030599662138,1,131,3,6,76540,2338360000,2975012.7226463105,97.37913486005088,2.2900763358778624,4.580152671755725,-2.2900763358778624,1.2191091083751195,수요+/공급-,D 기타·동반감소,부호 강건성 미충족,수요+/공급-,-0.1746388083087482,0.1961010820203287,0.0003783113306273,-0.0539304201411144,0.4800324622131044,0.0015934596119293,-0.0022844718374883,0.0124096831064899,0.9,0.7215686274509804,0.396078431372549,0.30196078431372547,0.3254901960784314,0.6901960784313725,False,False,False,False,False,일반 관찰지역
전라남도,영광군,제과점,HIGH,5.685056813576712,1,5.786993511064966,1,6.368967746386269,1,-0.6429609568461417,0,5.610192205978751,1.0,5.71205669410185,1.0,6.293618673669362,1.0,0.0,0,5.685056813576755,1,5.786993511064983,1,6.36896774638626,1,19,0,0,18275,411860000,3612807.0175438593,160.30701754385964,0.0,0.0,0.0,6.368967746386269,수요+/공급+,A 총시장·점포·점포당 증가,부호 강건성 미충족,부호 강건성 미충족,0.0708876728980449,0.4936063463589325,0.0008827459119216,0.0874212593172382,0.0652685943773482,-7.704789858873986e-06,5.92980540516327e-05,0.006096084395109,0.0,0.1141732283464567,0.10236220472440945,0.9015748031496063,0.8700787401574803,0.23622047244094488,False,False,False,False,False,일반 관찰지역
전라남도,영광군,중국음식,HIGH,3.7744613358862353,1,3.502055196346907,1,4.827711872711568,1,-1.0047443734193704,1,3.700950145554881,1.0,3.4287369715999003,1.0,4.753454586474888,1.0,0.0,0,3.77446133588624,1,3.502055196346897,1,4.827711872711568,1,27,0,0,12318,388940000,2400864.1975308643,76.03703703703704,0.0,0.0,0.0,4.827711872711568,수요+/공급+,A 총시장·점포·점포당 증가,부호 강건성 미충족,부호 강건성 미충족,0.0708876728980449,0.4936063463589325,0.0008827459119216,0.0874212593172382,0.0652685943773482,-7.704789858873986e-06,5.92980540516327e-05,0.006096084395109,0.0,0.09411764705882353,0.11568627450980393,0.8705882352941177,0.8588235294117647,0.1588235294117647,False,False,False,False,False,일반 관찰지역
전라남도,영암군,제과점,HIGH,-0.5301578531257363,0,-0.434215933673389,0,-0.2528115221296737,0,-0.2780492715918596,0,-0.5406596814595168,0.0,-0.4447278913644182,0.0,-0.2633426321381409,0.0,0.0,0,-0.5301578531257212,0,-0.4342159336733537,0,-0.2528115221296737,0,17,1,1,14813,217400000,2131372.549019608,145.22549019607845,5.88235294117647,5.88235294117647,0.0,-0.2528115221296737,수요-/공급+,C 총시장 감소/점포 증가,부호 강건성 미충족,부호 강건성 미충족,0.0105589161361732,0.11394223789803,-0.0007809029606267,-0.2353900889410861,0.0854893229061627,0.0003366315956445,-0.0011926656630826,0.0143436424798657,0.375,0.5196850393700787,0.4547244094488189,0.3110236220472441,0.13385826771653545,0.20669291338582677,False,False,False,True,False,일반 관찰지역
전라남도,영암군,중국음식,HIGH,0.3798716369687325,1,0.1163762358066148,1,1.595142926488869,1,-1.1961903438626984,1,0.3692737295291147,1.0,0.1058061476880301,1.0,1.5844167131207227,1.0,0.1665793253899933,0,0.2129376015585078,1,-0.0501196006906572,0,1.4261878669712809,1,52,1,1,20654,748260000,2398269.230769231,66.19871794871796,1.9230769230769231,1.9230769230769231,0.0,1.4285636010988756,수요+/공급+,A 총시장·점포·점포당 증가,부호 강건성 미충족,부호 강건성 미충족,0.0105589161361732,0.11394223789803,-0.0007809029606267,-0.2353900889410861,0.0854893229061627,0.0003366315956445,-0.0011926656630826,0.0143436424798657,0.375,0.296078431372549,0.3588235294117647,0.47058823529411764,0.4823529411764706,0.3235294117647059,False,False,False,False,False,일반 관찰지역
전라남도,완도군,제과점,HIGH,-0.5434737505980217,0,-0.4475446747647061,0,1.5491289493435634,1,-2.060680107837677,1,-0.3898283039584103,0.0,-0.2937510320613955,0.0,1.706007153938781,1.0,0.0,0,-0.5434737505980368,0,-0.4475446747647061,0,1.5491289493435505,1,21,0,1,14885,239080000,1897460.3174603176,118.13492063492065,0.0,4.761904761904762,-4.761904761904762,1.5491289493435634,수요+/공급+,C 총시장 감소/점포 증가,부호 강건성 미충족,부호 강건성 미충족,-0.1542467441060686,0.3704075751602752,-0.0001235767065241,0.0078677734298169,0.0572656809609495,0.0013694656864792,-0.0016861065564657,0.0052302312665088,0.75,0.4271653543307087,0.10236220472440945,0.30708661417322836,0.38188976377952755,0.2618110236220472,False,False,False,False,False,일반 관찰지역
전라남도,완도군,중국음식,HIGH,0.5892820407042489,1,0.3252369409079944,1,1.768969399847735,1,-1.159181788024678,1,0.7446774254932542,1.0,0.4802244155394147,1.0,1.9261872250337972,1.0,0.8197366916518776,1,-0.2285808895260727,0,-0.4904791134857603,0,0.9415147661999992,1,31,1,0,16293,588070000,3161666.666666667,87.59677419354838,3.225806451612903,0.0,3.225806451612903,0.9492327081958574,수요+/공급+,B 총시장·점포 증가/점포당 감소,부호 강건성 미충족,수요+/공급+,-0.1542467441060686,0.3704075751602752,-0.0001235767065241,0.0078677734298169,0.0572656809609495,0.0013694656864792,-0.0016861065564657,0.0052302312665088,0.75,0.09411764705882353,0.5019607843137255,0.5098039215686274,0.5176470588235295,0.20980392156862746,False,False,False,False,False,일반 관찰지역
전라남도,장성군,제과점,HIGH,4.004855502326461,1,4.105171590639225,1,4.682212074814253,1,-0.6470598576993232,1,3.961361445739557,1.0,4.061635582610694,1.0,4.638434752749485,1.0,3.655432261531366,1,0.3371007511824991,1,0.4338791699533093,1,0.9905701909497914,1,13,5,0,13078,201770000,2586794.871794872,167.66666666666666,38.46153846153847,0.0,38.46153846153847,1.0267798132828871,수요+/공급+,A 총시장·점포·점포당 증가,A 총시장·점포·점포당 증가,수요+/공급+,0.0418367516374089,0.3448469382313001,0.0002143380472333,0.0066689853956601,0.0318751940382424,2.9167688549608382e-05,-0.0006569665356864,0.0095766770833984,0.25,0.1141732283464567,0.9881889763779528,0.8464566929133859,0.7952755905511811,0.14960629921259844,False,True,False,False,False,일반 관찰지역
전라남도,장성군,중국음식,HIGH,2.873224443453529,1,2.6031840349382125,1,3.861971764253523,1,-0.9519820430948802,1,2.8302036265541135,1.0,2.560276146928021,1.0,3.818537460582588,1.0,-0.5067319037641101,0,3.3971708959729967,1,3.1257551372161743,1,4.390954032982403,1,23,1,1,17167,500950000,3630072.463768116,124.39855072463769,4.3478260869565215,4.3478260869565215,0.0,4.368703668017634,수요+/공급-,D 기타·동반감소,부호 강건성 미충족,부호 강건성 미충족,0.0418367516374089,0.3448469382313001,0.0002143380472333,0.0066689853956601,0.0318751940382424,2.9167688549608382e-05,-0.0006569665356864,0.0095766770833984,0.25,0.696078431372549,0.6568627450980392,0.8156862745098039,0.8,0.09019607843137255,False,False,False,False,False,일반 관찰지역
전라남도,장흥군,제과점,HIGH,-2.5316377727239323,1,-2.4376263461836585,1,-1.814823000940825,1,-0.7300641437861403,1,-2.428610313188487,1.0,-2.334499513290287,1.0,-1.711037843182003,1.0,-1.2353260923240683,0,-1.312525652250553,1,-1.2173383521556278,1,-0.5867451242318251,1,12,0,1,10884,177230000,2461527.7777777775,151.16666666666666,0.0,8.333333333333332,-8.333333333333332,-0.5794969086167567,수요-/공급-,D 기타·동반감소,부호 강건성 미충족,부호 강건성 미충족,-0.1055918746941719,0.4861702168865479,0.0005335005760911,0.0622715055347309,0.0384381765956924,0.000955735525434,-0.0019866198040433,0.0139401168232663,0.875,0.6791338582677166,0.10236220472440945,0.09055118110236221,0.027559055118110236,0.13188976377952755,False,False,True,True,False,일반 관찰지역
전라남도,장흥군,중국음식,HIGH,1.529834712489874,1,1.263320678438834,1,1.3665122628144617,0,0.1611207153422868,0,1.6371552901465074,1.0,1.370359541462887,1.0,1.473660202943528,0.0,-2.510255907404209,1,4.144118601908275,1,3.870742118533971,1,3.97659077506299,1,19,0,2,7418,232930000,2043245.6140350876,65.0701754385965,0.0,10.526315789473683,-10.526315789473683,3.8767681702186705,수요+/공급-,D 기타·동반감소,D 기타·동반감소,부호 강건성 미충족,-0.1055918746941719,0.4861702168865479,0.0005335005760911,0.0622715055347309,0.0384381765956924,0.000955735525434,-0.0019866198040433,0.0139401168232663,0.875,0.984313725490196,0.11568627450980393,0.6823529411764706,0.4392156862745098,0.049019607843137254,True,False,False,False,False,관측변수로 미설명
전라남도,진도군,제과점,HIGH,2.532792595146905,1,2.6316888305895,1,5.761902168620454,1,-3.0531878750868207,1,2.567339400133172,1.0,2.666268957100236,1.0,5.797536971074538,1.0,2.4811129746394975,1,0.0504284340864155,0,0.1469303480215442,0,3.201359839634874,1,10,1,0,8254,131040000,2184000.0,137.56666666666666,10.0,0.0,10.0,3.280789193980956,수요+/공급+,A 총시장·점포·점포당 증가,부호 강건성 미충족,수요+/공급+,-0.03368207188398,0.4545000358074764,0.0010797758393766,-0.4341985131011068,0.0280577819721555,-0.0007816377780931,0.0019340818459098,0.0214699881396196,0.625,0.1141732283464567,0.7125984251968503,0.7401574803149606,0.8346456692913385,0.10039370078740158,False,False,False,False,False,일반 관찰지역
전라남도,진도군,중국음식,HIGH,1.6047918721022667,1,1.3380810768230182,1,2.1705765011252134,1,-0.5537647416687401,1,1.639026001902438,1.0,1.3722253426332989,1.0,2.20500126311969,1.0,0.0,0,1.6047918721022822,1,1.3380810768229925,1,2.170576501125216,1,16,2,1,5371,175370000,1826770.8333333333,55.947916666666664,12.5,6.25,6.25,2.1705765011252134,수요+/공급+,A 총시장·점포·점포당 증가,부호 강건성 미충족,부호 강건성 미충족,-0.03368207188398,0.4545000358074764,0.0010797758393766,-0.4341985131011068,0.0280577819721555,-0.0007816377780931,0.0019340818459098,0.0214699881396196,0.625,0.884313725490196,0.9882352941176471,0.6901960784313725,0.6196078431372549,0.027450980392156862,True,True,False,False,False,고회전 교체시장 후보
전라남도,함평군,제과점,HIGH,0.2689564195577715,1,0.3656691108896386,1,3.777165177886822,1,-3.380520900060771,1,0.1137947309158618,1.0,0.2103577637189428,1.0,3.616574694386672,1.0,-5.627794256450205,0,6.248397639482951,1,6.350877697641899,1,9.965814998426938,1,9,0,3,5832,104170000,1929074.0740740744,108.0,0.0,33.33333333333333,-33.33333333333333,9.404959434337028,수요+/공급-,D 기타·동반감소,부호 강건성 미충족,부호 강건성 미충족,0.1549853235100726,0.844398629673212,0.001016840314909,0.1397384830486045,-0.0430200381907588,0.0006084678556937,-0.0007295785415838,0.0114725130111908,0.375,0.9881889763779528,0.10236220472440945,0.4448818897637795,0.6732283464566929,0.07874015748031496,True,False,False,False,False,관측변수로 미설명
전라남도,함평군,중국음식,HIGH,2.434756867175329,1,2.1658674283516417,1,4.008161776286829,1,-1.5127706155366611,1,2.2762437000029316,1.0,2.007770355460842,1.0,3.847213835966972,1.0,1.5711333755507744,1,0.8502646991555933,1,0.5855345244616966,0,2.3993316996132705,1,16,1,0,6825,203790000,2122812.5,71.09375,6.25,0.0,6.25,2.4370284007360548,수요+/공급+,A 총시장·점포·점포당 증가,A 총시장·점포·점포당 증가,수요+/공급+,0.1549853235100726,0.844398629673212,0.001016840314909,0.1397384830486045,-0.0430200381907588,0.0006084678556937,-0.0007295785415838,0.0114725130111908,0.375,0.09411764705882353,0.8392156862745098,0.7803921568627451,0.807843137254902,0.027450980392156862,False,True,False,False,False,일반 관찰지역
전라남도,해남군,제과점,HIGH,-0.2543693002597805,0,-0.1581613737186723,0,0.3105953563192823,1,-0.5632153358997006,1,-0.2139317865179055,0.0,-0.1176848566708527,0.0,0.3512619103299374,1.0,0.2863619735579435,0,-0.5391872465772716,1,-0.4432540362704905,1,0.0241641857222219,0,19,2,2,24995,466110000,4088684.210526316,219.25438596491227,10.526315789473683,10.526315789473683,0.0,0.0242333827613387,수요+/공급+,C 총시장 감소/점포 증가,부호 강건성 미충족,부호 강건성 미충족,-0.0405242079038082,0.3609336201190037,0.0006756400863416,-0.5928781895155429,0.024001351650391,0.0003690865462199,-0.0013131002052547,0.0082756678038647,1.0,0.7952755905511811,0.7263779527559056,0.37401574803149606,0.18503937007874016,0.23622047244094488,True,False,False,True,False,관측변수로 미설명
전라남도,해남군,중국음식,HIGH,0.5481090765389324,1,0.2841720550508451,1,1.0835870982215348,1,-0.5297378506783376,1,0.5888719201238953,1.0,0.3248278968869351,1.0,1.1245670280058002,1.0,0.0,0,0.5481090765388966,0,0.2841720550508553,0,1.0835870982215423,1,36,1,1,16096,482420000,2233425.925925926,74.51851851851852,2.7777777777777777,2.7777777777777777,0.0,1.0835870982215348,수요+/공급+,A 총시장·점포·점포당 증가,부호 강건성 미충족,부호 강건성 미충족,-0.0405242079038082,0.3609336201190037,0.0006756400863416,-0.5928781895155429,0.024001351650391,0.0003690865462199,-0.0013131002052547,0.0082756678038647,1.0,0.43529411764705883,0.4666666666666667,0.5019607843137255,0.396078431372549,0.23529411764705882,False,False,False,False,False,일반 관찰지역
전라남도,화순군,제과점,HIGH,1.6217566168883115,1,1.7197741283019343,1,2.548113481218355,1,-0.9033387674164186,1,1.7178527684396676,1.0,1.8159629677377611,1.0,2.6450856196901062,1.0,0.5848751047341325,0,1.0308523136053331,1,1.1282998784719132,1,1.9518226517058308,1,23,2,0,30705,551710000,3997898.5507246377,222.5,8.695652173913043,0.0,8.695652173913043,1.9632383764842225,수요+/공급+,A 총시장·점포·점포당 증가,부호 강건성 미충족,부호 강건성 미충족,-0.0944732403761178,0.3748530468763088,0.0006032750761702,-0.0467566353690477,0.0502010590642053,0.0012946082346355,-0.0026052780025641,0.0191834376536774,0.625,0.1141732283464567,0.6417322834645669,0.6614173228346457,0.5118110236220472,0.28346456692913385,False,False,False,False,False,일반 관찰지역
전라남도,화순군,중국음식,HIGH,-0.7828962733071145,1,-1.0433394291138325,1,-0.1653224235541807,0,-0.6185965285259528,1,-0.6890740234896229,1.0,-0.9497634610553268,1.0,-0.070916179991263,0.0,-0.8924671011990647,1,0.1105575173622906,1,-0.1522309389628879,0,0.7336926431085378,1,25,1,1,17396,507240000,3381600.0,115.97333333333334,4.0,4.0,0.0,0.7271446776448839,수요-/공급-,D 기타·동반감소,D 기타·동반감소,부호 강건성 미충족,-0.0944732403761178,0.3748530468763088,0.0006032750761702,-0.0467566353690477,0.0502010590642053,0.0012946082346355,-0.0026052780025641,0.0191834376536774,0.625,0.6333333333333333,0.611764705882353,0.2627450980392157,0.1803921568627451,0.11960784313725491,False,False,False,True,False,일반 관찰지역
전북특별자치도,고창군,제과점,HIGH,2.2277844060732312,1,2.326386451131295,1,3.797246584549424,1,-1.5120460610655584,1,2.289350457728971,1.0,2.3880118852595453,1.0,3.859757835106939,1.0,0.0,0,2.227784406073221,1,2.326386451131295,1,3.7972465845494026,1,15,0,0,16014,241470000,2683000.0,177.93333333333334,0.0,0.0,0.0,3.797246584549424,수요+/공급+,A 총시장·점포·점포당 증가,부호 강건성 미충족,부호 강건성 미충족,-0.060188134327023,0.4230103660623037,0.0002074307026346,0.0492771145413954,0.1743946671939694,0.0006885940245113,-0.0017302553831126,0.0269243220801089,0.0,0.1141732283464567,0.10236220472440945,0.7086614173228346,0.6771653543307087,0.17913385826771652,False,False,False,False,False,일반 관찰지역
전북특별자치도,고창군,중국음식,HIGH,9.143244061128383,1,8.856744961169106,1,9.239965037604152,1,-0.0885399189229458,1,9.208974905641783,1.0,8.922303263369379,1.0,9.305754131728127,1.0,0.9064316583278876,1,8.162821999979768,1,7.878896490722442,1,8.258674142292378,1,29,1,1,12818,383140000,2201954.0229885057,73.66666666666667,3.4482758620689653,3.4482758620689653,0.0,8.333533379276265,수요+/공급+,A 총시장·점포·점포당 증가,A 총시장·점포·점포당 증가,수요+/공급+,-0.060188134327023,0.4230103660623037,0.0002074307026346,0.0492771145413954,0.1743946671939694,0.0006885940245113,-0.0017302553831126,0.0269243220801089,0.0,0.5215686274509804,0.5392156862745098,0.9686274509803922,0.9607843137254902,0.18235294117647058,False,False,False,False,False,일반 관찰지역
전북특별자치도,군산시,제과점,HIGH,0.3122121463344134,0,0.4089665592310258,0,1.74839602998471,1,-1.4115051830665275,1,0.3498370664491239,0.0,0.446627769812993,1.0,1.7865596313101535,1.0,-0.5634095390734891,1,0.8805829738822734,1,0.9778855990507828,1,2.324904301668155,1,86,4,5,170990,3216990000,6234476.7441860465,331.37596899224803,4.651162790697675,5.813953488372093,-1.162790697674419,2.311805569058199,수요+/공급-,D 기타·동반감소,부호 강건성 미충족,수요+/공급-,-0.0374937530688523,0.160271346319587,-0.0004170584896848,0.0800592472955559,0.0517937374541885,0.0009257966481772,-0.0014974676709699,0.0154262621723256,1.0,0.5,0.35039370078740156,0.4566929133858268,0.40551181102362205,0.6476377952755905,False,False,False,False,False,일반 관찰지역
전북특별자치도,군산시,중국음식,HIGH,-0.2943052100178314,1,-0.5560309087898985,1,0.6269182658315916,1,-0.9154841385639644,1,-0.2569077813181515,1.0,-0.5187316476840885,1.0,0.6646612253389977,1.0,-0.1642601837815731,1,-0.13025898989244,0,-0.3924153071129029,1,0.7924801790116469,1,174,4,5,102129,3109620000,2978563.2183908047,97.82471264367815,2.2988505747126435,2.8735632183908044,-0.5747126436781609,0.7911784496131646,수요+/공급-,D 기타·동반감소,부호 강건성 미충족,수요+/공급-,-0.0374937530688523,0.160271346319587,-0.0004170584896848,0.0800592472955559,0.0517937374541885,0.0009257966481772,-0.0014974676709699,0.0154262621723256,1.0,0.4470588235294118,0.4,0.34509803921568627,0.3058823529411765,0.8470588235294118,False,False,False,False,True,일반 관찰지역
전북특별자치도,김제시,제과점,HIGH,-2.344752028001828,1,-2.25056034404194,1,-0.7961446408571046,0,-1.5610354875204608,1,-2.305515001609827,1.0,-2.21128547225342,1.0,-0.7562853975318005,0.0,-1.3032517873204943,1,-1.0552528422081522,0,-0.9598173940646764,0,0.5138032971163551,1,21,1,3,19673,341810000,2712777.777777778,156.13492063492063,4.761904761904762,14.285714285714285,-9.523809523809524,0.5071071464633897,수요-/공급-,D 기타·동반감소,부호 강건성 미충족,부호 강건성 미충족,-0.0401629901550917,0.1004119649005929,-0.0001144155068796,-0.0517801647102379,0.0165249510668351,0.0010589772230248,-0.0018812726722647,0.0125198102878362,0.6666666666666667,0.8976377952755905,0.36023622047244097,0.10236220472440945,0.09448818897637795,0.2618110236220472,True,False,True,True,False,수요취약 후보
전북특별자치도,김제시,중국음식,HIGH,0.8342028281448974,1,0.5695148155804527,0,2.1010617860421656,1,-1.2407892099614488,1,0.8747171308551165,1.0,0.6099227689571816,0.0,2.1420851016257436,1.0,0.5862387790545275,1,0.246518859935736,0,-0.0166264925272553,0,1.505994284481667,1,53,3,2,22447,599820000,1886226.4150943395,70.5880503144654,5.660377358490567,3.7735849056603774,1.8867924528301887,1.5148230069876385,수요+/공급+,A 총시장·점포·점포당 증가,부호 강건성 미충족,수요+/공급+,-0.0401629901550917,0.1004119649005929,-0.0001144155068796,-0.0517801647102379,0.0165249510668351,0.0010589772230248,-0.0018812726722647,0.0125198102878362,0.6666666666666667,0.5725490196078431,0.8156862745098039,0.5568627450980392,0.5843137254901961,0.3333333333333333,False,True,False,False,False,일반 관찰지역
전북특별자치도,남원시,제과점,HIGH,2.241842213741611,1,2.3404578180154214,1,3.7045762066000583,1,-1.4104816261380957,1,2.3873585394308208,1.0,2.4861144989650388,1.0,3.852174377368485,1.0,-1.130489367209579,1,3.410891344932742,1,3.510634535368933,1,4.890350465845309,1,31,4,5,27601,487990000,2623602.1505376347,148.39247311827958,12.903225806451612,16.129032258064516,-3.225806451612903,4.835065573809637,수요+/공급-,D 기타·동반감소,D 기타·동반감소,수요+/공급-,-0.1421233321818531,0.3268226010182634,0.0006993023499855,-0.0462392558267531,0.0240814580891182,0.000644575968754,-0.0014607848419792,0.0131087090685787,0.3333333333333333,0.9173228346456693,0.8031496062992126,0.7125984251968503,0.65748031496063,0.33858267716535434,True,True,False,False,False,고회전 교체시장 후보
전북특별자치도,남원시,중국음식,HIGH,0.4259292732638037,0,0.1623129716148536,0,0.9981853422888352,0,-0.5666003474079192,1,0.5688610897819334,0.0,0.3048695946233771,0.0,1.141931625748471,0.0,0.0,0,0.425929273263763,0,0.1623129716148434,0,0.9981853422888608,0,61,0,0,28401,886510000,2422158.469945355,77.59836065573771,0.0,0.0,0.0,0.9981853422888352,수요+/공급+,A 총시장·점포·점포당 증가,부호 강건성 미충족,부호 강건성 미충족,-0.1421233321818531,0.3268226010182634,0.0006993023499855,-0.0462392558267531,0.0240814580891182,0.000644575968754,-0.0014607848419792,0.0131087090685787,0.3333333333333333,0.09411764705882353,0.11568627450980393,0.48627450980392156,0.3686274509803922,0.37058823529411766,False,False,False,False,False,일반 관찰지역
전북특별자치도,무주군,제과점,HIGH,8.223237538217768,1,8.327622394116466,1,8.894546650537812,1,-0.6164763369412524,1,7.711028128443739,1.0,7.814918941596656,1.0,8.379160004044383,1.0,0.9071802965081288,0,7.250284092977309,1,7.353730503422982,1,7.915557971751262,1,9,2,2,3389,63360000,1173333.3333333333,62.75925925925927,22.22222222222222,22.22222222222222,0.0,7.9873663540296835,수요+/공급+,A 총시장·점포·점포당 증가,부호 강건성 미충족,부호 강건성 미충족,0.4755403589345112,2.766093785496834,0.0047761358190298,-0.0587395160449734,-0.136156222533943,0.0035283526037566,-0.0017975781188488,0.1019055251859135,0.7142857142857143,0.968503937007874,0.9665354330708661,0.9488188976377953,0.9409448818897638,0.07874015748031496,True,True,False,False,False,고회전 교체시장 후보
전북특별자치도,무주군,중국음식,HIGH,-6.161690826023357,1,-6.408014740538742,1,-4.341246305290236,1,-1.903061089989728,1,-6.605817855019545,1.0,-6.850975943879184,1.0,-4.793989310251486,1.0,0.0,0,-6.161690826023354,1,-6.408014740538729,1,-4.341246305290244,1,25,0,0,9339,311540000,2076933.3333333335,62.26,0.0,0.0,0.0,-4.341246305290236,수요-/공급+,C 총시장 감소/점포 증가,부호 강건성 미충족,부호 강건성 미충족,0.4755403589345112,2.766093785496834,0.0047761358190298,-0.0587395160449734,-0.136156222533943,0.0035283526037566,-0.0017975781188488,0.1019055251859135,0.7142857142857143,0.09411764705882353,0.11568627450980393,0.00392156862745098,0.00392156862745098,0.11960784313725491,False,False,True,True,False,일반 관찰지역
전북특별자치도,부안군,제과점,HIGH,-2.8460751069200603,1,-2.7523669654834637,1,-0.5515823754412162,1,-2.3072189445397564,1,-2.7566844045947185,1.0,-2.6628900428990323,1.0,-0.4600805250899827,1.0,0.0,0,-2.8460751069200754,1,-2.752366965483449,1,-0.5515823754412162,1,17,1,1,7927,142970000,1401666.6666666665,77.7156862745098,5.88235294117647,5.88235294117647,0.0,-0.5515823754412162,수요-/공급+,C 총시장 감소/점포 증가,부호 강건성 미충족,부호 강건성 미충족,-0.0919247783541846,0.1774944199738177,0.0002902855066205,0.0539353327356492,0.055786483158343,0.0012416288424691,-0.0026217216429475,0.0127371192630182,0.125,0.5196850393700787,0.4547244094488189,0.06692913385826772,0.1141732283464567,0.20669291338582677,False,False,True,True,False,일반 관찰지역
전북특별자치도,부안군,중국음식,HIGH,2.6855456379995934,1,2.4159978830544224,1,2.4687805781820717,1,0.2115425387073301,1,2.780025949045627,1.0,2.5102301849422615,1.0,2.56306144508875,1.0,-0.6800306984254532,1,3.3886199926279197,1,3.117226679842301,1,3.170370771104949,1,34,0,1,13830,394280000,1932745.0980392157,67.79411764705883,0.0,2.941176470588235,-2.941176470588235,3.1488112766075247,수요+/공급-,D 기타·동반감소,D 기타·동반감소,수요+/공급-,-0.0919247783541846,0.1774944199738177,0.0002902855066205,0.0539353327356492,0.055786483158343,0.0012416288424691,-0.0026217216429475,0.0127371192630182,0.125,0.4647058823529412,0.11568627450980393,0.803921568627451,0.6470588235294118,0.2235294117647059,False,False,False,False,False,일반 관찰지역
전북특별자치도,순창군,제과점,HIGH,14.710974662384276,1,14.821617153151616,1,17.225916819528816,1,-2.1453806678401603,1,14.788451487788771,1.0,14.89916870749084,1.0,17.305092259516496,1.0,0.0,0,14.710974662384244,1,14.821617153151564,1,17.225916819528816,1,8,0,0,11923,227730000,4744375.0,248.39583333333337,0.0,0.0,0.0,17.225916819528816,수요+/공급+,A 총시장·점포·점포당 증가,부호 강건성 미충족,부호 강건성 미충족,-0.0674953136838638,1.333022551485619,0.002172498758687,-0.0508685880568264,3.5283673718094084,-0.002246933467182,0.0027364733689703,0.0309946960506615,0.0,0.1141732283464567,0.10236220472440945,0.9881889763779528,0.9921259842519685,0.05511811023622047,False,False,False,False,False,일반 관찰지역
전북특별자치도,순창군,중국음식,HIGH,11.222891058015636,1,10.930932921191864,1,12.509610762829878,1,-1.1436531475756704,1,11.29801200033915,1.0,11.005856672360318,1.0,12.585600767230568,1.0,-1.7721542282646392,1,13.229492293334523,1,12.932266863488254,1,14.539426044507664,1,17,0,2,11069,308310000,3022647.0588235296,108.51960784313724,0.0,11.76470588235294,-11.76470588235294,14.281764991094516,수요+/공급-,D 기타·동반감소,D 기타·동반감소,수요+/공급-,-0.0674953136838638,1.333022551485619,0.002172498758687,-0.0508685880568264,3.5283673718094084,-0.002246933467182,0.0027364733689703,0.0309946960506615,0.0,0.9901960784313726,0.11568627450980393,0.9803921568627451,0.9803921568627451,0.0392156862745098,True,False,False,False,False,관측변수로 미설명
전북특별자치도,완주군,제과점,HIGH,-0.8029344872155191,1,-0.7072556697576202,1,4.387986331767413,1,-4.972718606224554,1,-0.7366512390517057,1.0,-0.6409084892307648,1.0,4.457738141133786,1.0,0.6348854846815134,1,-1.4287490515562051,1,-1.3336738527351333,1,3.72942328001873,1,36,2,1,27763,471400000,2182407.4074074076,128.53240740740742,5.555555555555555,2.7777777777777777,2.7777777777777777,3.7531008470859,수요+/공급+,C 총시장 감소/점포 증가,C 총시장 감소/점포 증가,수요+/공급+,-0.0667751481198494,0.0881183172703319,-0.0011015515616161,0.1558417925490396,0.0689647024671306,0.0009184592570099,-0.0017093065380493,0.0156042119140023,0.2222222222222222,0.31496062992125984,0.41141732283464566,0.24803149606299213,0.7598425196850394,0.3720472440944882,False,False,True,False,False,일반 관찰지역
전북특별자치도,완주군,중국음식,HIGH,1.2709884163515743,1,1.0051538492846437,1,2.2181203167578114,1,-0.9265792576416196,1,1.3386574549697818,1.0,1.072645257864207,1.0,2.286422226706193,1.0,-0.1439572960731754,0,1.4169855665320712,1,1.1507677595085148,1,2.3654828980501152,1,60,1,1,22783,622890000,1730250.0,63.28611111111111,1.6666666666666667,1.6666666666666667,0.0,2.362077612830987,수요+/공급-,D 기타·동반감소,부호 강건성 미충족,부호 강건성 미충족,-0.0667751481198494,0.0881183172703319,-0.0011015515616161,0.1558417925490396,0.0689647024671306,0.0009184592570099,-0.0017093065380493,0.0156042119140023,0.2222222222222222,0.25882352941176473,0.32941176470588235,0.6509803921568628,0.6235294117647059,0.3627450980392157,False,False,False,False,False,일반 관찰지역
전북특별자치도,익산시,제과점,HIGH,0.4408952593921267,1,0.537773791364312,1,2.608506449437839,1,-2.112506326279918,1,0.4516815030183364,1.0,0.5485704386757111,1.0,2.619525470582832,1.0,-0.2392371915245701,1,0.6817634827256097,1,0.7788743399854506,1,2.854572840856906,1,83,4,4,86676,1254680000,2519437.751004016,174.04819277108433,4.819277108433735,4.819277108433735,0.0,2.8477436409624093,수요+/공급-,D 기타·동반감소,D 기타·동반감소,수요+/공급-,-0.0107377432262051,0.1183945448983051,-0.0006712989027572,0.069686260924871,0.0729792416056707,0.0009451901329168,-0.0010981071791101,0.0170995374508473,0.3333333333333333,0.43700787401574803,0.36811023622047245,0.48031496062992124,0.5196850393700787,0.6299212598425197,False,False,False,False,False,일반 관찰지역
전북특별자치도,익산시,중국음식,HIGH,-1.2575000032965866,1,-1.516697332642419,1,0.5505476550450091,1,-1.7981479967114922,1,-1.2468961485771182,1.0,-1.506121312855461,1.0,0.5613456741283238,1.0,0.0359141611112752,1,-1.2929498123292094,1,-1.5520540865485524,1,0.5144487339865496,1,154,2,3,58930,1654330000,1790400.432900433,63.777056277056275,1.2987012987012987,1.948051948051948,-0.6493506493506493,0.5146334939337339,수요+/공급+,C 총시장 감소/점포 증가,C 총시장 감소/점포 증가,수요+/공급+,-0.0107377432262051,0.1183945448983051,-0.0006712989027572,0.069686260924871,0.0729792416056707,0.0009451901329168,-0.0010981071791101,0.0170995374508473,0.3333333333333333,0.30196078431372547,0.2901960784313726,0.20392156862745098,0.29411764705882354,0.7901960784313725,False,False,True,False,True,일반 관찰지역
전북특별자치도,임실군,제과점,HIGH,4.604030929417462,1,4.704924942046981,1,6.704311661580991,1,-1.968318523833128,1,4.560842097653553,1.0,4.661694453240834,1.0,6.660255667525229,1.0,0.0,0,4.604030929417472,1,4.704924942047013,1,6.704311661580991,1,6,0,1,4412,79680000,2213333.3333333335,122.55555555555556,0.0,16.666666666666664,-16.666666666666664,6.704311661580991,수요+/공급+,A 총시장·점포·점포당 증가,부호 강건성 미충족,부호 강건성 미충족,0.0413049769851536,1.1668589137432748,0.0023320550451462,0.2054585310180904,0.0332115320493858,-0.0071242197264918,0.0078262013983076,0.0306445101812982,0.0,0.9350393700787402,0.10236220472440945,0.8779527559055118,0.8818897637795275,0.025590551181102362,True,False,False,False,False,관측변수로 미설명
전북특별자치도,임실군,중국음식,HIGH,6.846684820396807,1,6.566214148134884,1,7.155769324974622,1,-0.2884441094724802,1,6.802570043420868,1.0,6.522215171674175,1.0,7.111526933426352,1.0,-0.5000501344334847,0,7.38365694129135,1,7.101776726637066,1,7.694294790853489,1,29,0,1,9573,257120000,1477701.1494252875,55.01724137931034,0.0,3.4482758620689653,-3.4482758620689653,7.655819459408106,수요+/공급-,D 기타·동반감소,부호 강건성 미충족,부호 강건성 미충족,0.0413049769851536,1.1668589137432748,0.0023320550451462,0.2054585310180904,0.0332115320493858,-0.0071242197264918,0.0078262013983076,0.0306445101812982,0.0,0.5215686274509804,0.11568627450980393,0.9450980392156862,0.9294117647058824,0.18235294117647058,False,False,False,False,False,일반 관찰지역
전북특별자치도,장수군,제과점,HIGH,27.041266155814007,1,27.163801616427868,1,26.0179588517338,1,0.8120329145183356,1,26.856761636831894,1.0,26.979119136796335,1.0,25.83494050199115,1.0,0.0,0,27.041266155814025,1,27.16380161642789,1,26.01795885173379,1,7,0,0,4431,80090000,1906904.761904762,105.5,0.0,0.0,0.0,26.0179588517338,수요+/공급+,A 총시장·점포·점포당 증가,부호 강건성 미충족,부호 강건성 미충족,0.1454431885234278,1.5312801974817944,0.0020612598164818,0.3196278847815928,4.805265925516644,-0.0102320256980494,0.0145024568993889,0.0516452013213993,0.0,0.1141732283464567,0.10236220472440945,1.0,1.0,0.03937007874015748,False,False,False,False,False,일반 관찰지역
전북특별자치도,장수군,중국음식,HIGH,23.613969101672012,1,23.28948460247392,1,22.937001785041435,1,0.55066197060364,1,23.434442113326277,1.0,23.110428869321577,1.0,22.75845796958829,1.0,0.0,0,23.613969101671984,1,23.28948460247396,1,22.93700178504143,1,26,0,1,9737,257330000,1649551.2820512822,62.416666666666664,0.0,3.8461538461538463,-3.8461538461538463,22.937001785041435,수요+/공급+,A 총시장·점포·점포당 증가,부호 강건성 미충족,부호 강건성 미충족,0.1454431885234278,1.5312801974817944,0.0020612598164818,0.3196278847815928,4.805265925516644,-0.0102320256980494,0.0145024568993889,0.0516452013213993,0.0,0.5980392156862745,0.11568627450980393,0.996078431372549,1.0,0.13725490196078433,False,False,False,False,False,일반 관찰지역
전북특별자치도,전주시 덕진구,제과점,HIGH,0.707678324989811,1,0.8048141779634832,1,2.498412405738802,1,-1.747084699868702,1,0.775796160982707,1.0,0.8729977158393947,1.0,2.567741479369657,1.0,-0.0693805796742718,0,0.7775984069463447,1,0.8748017001283095,1,2.5695757719788452,1,122,6,5,162130,2017820000,2756584.699453552,221.48907103825135,4.918032786885246,4.098360655737705,0.819672131147541,2.567792985413074,수요+/공급-,D 기타·동반감소,부호 강건성 미충족,부호 강건성 미충족,-0.0675934486134514,-0.0048923829203856,-0.0012331338943676,0.0899242452954884,0.1502399552278719,0.0017834463488675,-0.0026610409219607,0.0186702252061567,0.6666666666666667,0.3779527559055118,0.3779527559055118,0.5354330708661418,0.5078740157480315,0.75,False,False,False,False,True,일반 관찰지역
전북특별자치도,전주시 덕진구,중국음식,HIGH,-1.3830487217744944,1,-1.641916487937935,1,1.0165989505639703,1,-2.375498380729336,1,-1.316345036166667,1.0,-1.5753878983340517,1.0,1.0849257378985793,1.0,0.120233744622603,0,-1.5014771841539698,1,-1.7600340776823715,1,0.8952887667319349,1,140,6,3,78204,2219300000,2642023.8095238092,93.1,4.285714285714286,2.142857142857143,2.142857142857143,0.8963652059413674,수요+/공급+,C 총시장 감소/점포 증가,부호 강건성 미충족,부호 강건성 미충족,-0.0675934486134514,-0.0048923829203856,-0.0012331338943676,0.0899242452954884,0.1502399552278719,0.0017834463488675,-0.0026610409219607,0.0186702252061567,0.6666666666666667,0.3411764705882353,0.6392156862745098,0.1803921568627451,0.3803921568627451,0.7254901960784313,False,False,True,False,False,일반 관찰지역
전북특별자치도,전주시 완산구,제과점,HIGH,0.473136473182665,1,0.5700461028612296,1,1.6915420197798514,1,-1.1981385299086096,1,0.612271560001644,1.0,0.7093153900268055,1.0,1.8323643532346636,1.0,-0.1517973282651323,0,0.6258838764503218,1,0.7229408360003736,1,1.8461417418851656,1,166,15,20,199308,3023770000,3035913.654618474,200.10843373493975,9.036144578313252,12.048192771084338,-3.0120481927710845,1.843339348044984,수요+/공급-,D 기타·동반감소,부호 강건성 미충족,부호 강건성 미충족,-0.1382883863585026,0.0751628197705557,-0.0003232658532794,0.0048364184590189,0.2299694420080403,0.0011557915998383,-0.0020014191274933,0.0124451730720931,1.0,0.8523622047244095,0.6653543307086615,0.484251968503937,0.38976377952755903,0.9015748031496063,True,False,False,False,True,고밀도 경쟁 후보
전북특별자치도,전주시 완산구,중국음식,HIGH,-2.1609398361516945,1,-2.4177656517936055,1,-0.1952934645699652,1,-1.9694926620359203,1,-2.025452415254762,1.0,-2.282633882998425,1.0,-0.057084018779893,1.0,-0.4148350235617309,1,-1.753378440456623,1,-2.0112740976086596,1,0.2204560880565933,1,107,4,9,73389,2213100000,3447196.261682243,114.31308411214954,3.7383177570093458,8.411214953271028,-4.672897196261682,0.2195415589917656,수요-/공급-,D 기타·동반감소,D 기타·동반감소,수요-/공급-,-0.1382883863585026,0.0751628197705557,-0.0003232658532794,0.0048364184590189,0.2299694420080403,0.0011557915998383,-0.0020014191274933,0.0124451730720931,1.0,0.9607843137254902,0.5882352941176471,0.06666666666666667,0.16862745098039217,0.592156862745098,True,False,True,True,False,수요취약 후보
전북특별자치도,정읍시,제과점,HIGH,0.7447509315486848,1,0.8419225422651724,1,2.3573009332994785,1,-1.5754127815480528,1,0.828001601732946,1.0,0.9252535104464744,1.0,2.441884138103257,1.0,0.791761922478836,1,-0.0466416997117941,0,0.0497665869011319,1,1.5532410397039615,1,25,3,2,30426,449990000,2999933.333333333,202.84,12.0,8.0,4.0,1.5655390108206424,수요+/공급+,B 총시장·점포 증가/점포당 감소,부호 강건성 미충족,수요+/공급+,-0.082567013985957,0.3304671579276535,0.00067350590666,0.0548817017654795,0.0908321859930115,0.0014665871113738,-0.0024898837837886,0.0113907016624681,0.2222222222222222,0.6358267716535433,0.7755905511811023,0.5393700787401575,0.4921259842519685,0.30118110236220474,False,True,False,False,False,일반 관찰지역
전북특별자치도,정읍시,중국음식,HIGH,3.4645643140184146,1,3.1929716487221023,1,4.370279462521303,1,-0.8677902877783968,1,3.550062508612317,1.0,3.278245412055897,1.0,4.456526097033086,1.0,0.4190030529764187,1,3.032853512233419,1,2.762394080214346,1,3.934789521322371,1,61,1,0,30532,808100000,2207923.49726776,83.4207650273224,1.639344262295082,0.0,1.639344262295082,3.951276409544884,수요+/공급+,A 총시장·점포·점포당 증가,A 총시장·점포·점포당 증가,수요+/공급+,-0.082567013985957,0.3304671579276535,0.00067350590666,0.0548817017654795,0.0908321859930115,0.0014665871113738,-0.0024898837837886,0.0113907016624681,0.2222222222222222,0.09411764705882353,0.3235294117647059,0.8549019607843137,0.8352941176470589,0.37058823529411766,False,False,False,False,False,일반 관찰지역
전북특별자치도,진안군,제과점,HIGH,-0.5993867754776427,0,-0.5035116295874242,0,1.2101949440323427,1,-1.787944110285138,1,-0.8836509562423015,0.0,-0.7880499924614466,0.0,0.9207557522859624,1.0,0.0,0,-0.5993867754776278,0,-0.5035116295874393,0,1.2101949440323223,1,3,0,0,3652,66040000,3668888.888888889,202.88888888888889,0.0,0.0,0.0,1.2101949440323427,수요+/공급+,C 총시장 감소/점포 증가,부호 강건성 미충족,부호 강건성 미충족,0.2867984782603324,0.8870341319029832,0.0026114484813286,0.1164211365447039,-0.0084540305586913,0.0001763117832436,-0.0004588811899898,0.0148111813404491,0.25,0.1141732283464567,0.10236220472440945,0.2952755905511811,0.3110236220472441,0.005905511811023622,False,False,False,False,False,일반 관찰지역
전북특별자치도,진안군,중국음식,HIGH,5.743410419457993,1,5.465835823133626,1,5.846183007416527,1,-0.0970961682683556,0,5.4410072153021645,1.0,5.164226422080883,1.0,5.543485895963998,1.0,0.0,0,5.743410419458003,1,5.465835823133653,1,5.846183007416523,1,17,0,0,6332,185980000,1823333.3333333335,62.07843137254901,0.0,0.0,0.0,5.846183007416527,수요+/공급+,A 총시장·점포·점포당 증가,부호 강건성 미충족,부호 강건성 미충족,0.2867984782603324,0.8870341319029832,0.0026114484813286,0.1164211365447039,-0.0084540305586913,0.0001763117832436,-0.0004588811899898,0.0148111813404491,0.25,0.09411764705882353,0.11568627450980393,0.9176470588235294,0.9019607843137255,0.0392156862745098,False,False,False,False,False,일반 관찰지역
제주특별자치도,서귀포시,제과점,HIGH,2.060648995981652,1,2.1590898334645594,1,4.154012789146842,1,-2.0098733952796146,1,2.114716091796246,1.0,2.2132090787632483,1.0,4.2091888540096685,1.0,0.0819003015531694,0,1.9771294194718751,1,2.0754896995887577,1,4.0687801443859115,1,174,10,9,288210,4041430000,3871101.5325670494,276.0632183908046,5.747126436781609,5.172413793103448,0.5747126436781609,4.072112487593673,수요+/공급+,A 총시장·점포·점포당 증가,부호 강건성 미충족,부호 강건성 미충족,-0.0529474084479415,0.1150668100785176,-0.0001693538778535,-0.1212322061114856,1.987041400514843,0.0007771431927799,-0.0011267457782285,0.0068784252723664,0.0999999999999999,0.46062992125984253,0.4271653543307087,0.6968503937007874,0.7204724409448819,0.9291338582677166,False,False,False,False,True,일반 관찰지역
제주특별자치도,서귀포시,중국음식,HIGH,2.592510411110686,1,2.3232068720030963,1,3.6888601250133943,1,-1.0573457096363716,1,2.6468592629436203,1.0,2.377413059053915,1.0,3.743789773123942,1.0,0.0347434402863625,0,2.556878623226683,1,2.2876686169368687,1,3.65284755981634,1,162,5,4,133140,3844180000,3954917.695473251,136.97530864197532,3.0864197530864197,2.4691358024691357,0.6172839506172839,3.654116684727032,수요+/공급+,A 총시장·점포·점포당 증가,부호 강건성 미충족,부호 강건성 미충족,-0.0529474084479415,0.1150668100785176,-0.0001693538778535,-0.1212322061114856,1.987041400514843,0.0007771431927799,-0.0011267457782285,0.0068784252723664,0.0999999999999999,0.3784313725490196,0.4980392156862745,0.796078431372549,0.7725490196078432,0.8196078431372549,False,False,False,False,True,일반 관찰지역
제주특별자치도,제주시,제과점,HIGH,1.6074024343571869,1,1.7054061006917938,1,4.0501526435880475,1,-2.3476661467266116,1,1.6330612925085863,1.0,1.731089707652003,1.0,4.076428368026915,1.0,0.9906525343805443,1,0.6106999850968191,1,0.7077422992865154,1,3.029488405539261,1,414,39,16,894961,14520820000,5845740.740740741,360.2902576489533,9.420289855072465,3.864734299516908,5.555555555555555,3.0595001092075034,수요+/공급+,A 총시장·점포·점포당 증가,A 총시장·점포·점포당 증가,수요+/공급+,-0.025246566250284,-0.057414530228035,-0.0006582674387446,-0.2774578709560449,1.7750584133431138,0.0013968218807628,-0.0016848518644682,0.0122643307322932,0.0,0.36220472440944884,0.6929133858267716,0.65748031496063,0.7047244094488189,0.9960629921259843,False,False,False,False,True,일반 관찰지역
제주특별자치도,제주시,중국음식,HIGH,2.6859114488152143,1,2.416362733623062,1,4.27623394809475,1,-1.525105423419041,1,2.7118426622198424,1.0,2.442225878047622,1.0,4.302566764713751,1.0,0.3409280870387892,1,2.3370158184528265,1,2.0683829481664526,1,3.921934883482792,1,260,12,10,316785,9127930000,5851237.17948718,203.06730769230768,4.615384615384616,3.8461538461538463,0.7692307692307693,3.93530586105596,수요+/공급+,A 총시장·점포·점포당 증가,A 총시장·점포·점포당 증가,수요+/공급+,-0.025246566250284,-0.057414530228035,-0.0006582674387446,-0.2774578709560449,1.7750584133431138,0.0013968218807628,-0.0016848518644682,0.0122643307322932,0.0,0.5980392156862745,0.707843137254902,0.807843137254902,0.8235294117647058,0.9705882352941176,False,False,False,False,True,일반 관찰지역
충청남도,계룡시,제과점,HIGH,-0.6363217774920417,0,-0.540482256620565,0,1.7348505187085643,1,-2.330737484854859,1,-0.6559214653747526,0.0,-0.5601008490439519,0.0,1.7147831122615358,1.0,-0.2926754073733019,0,-0.3446550908097621,0,-0.2485342478696652,0,2.0334774143882743,1,20,1,2,17657,229210000,1910083.3333333333,147.14166666666668,5.0,10.0,-5.0,2.0275259260818665,수요+/공급-,D 기타·동반감소,부호 강건성 미충족,부호 강건성 미충족,0.0197290952534174,0.0011541897270221,-1.210086578472071e-06,0.0290882381813129,0.2095078608127306,0.0026044971881517,-0.004117945932055,0.0183580070453382,0.5555555555555556,0.7775590551181102,0.38188976377952755,0.29133858267716534,0.4015748031496063,0.2440944881889764,True,False,False,False,False,관측변수로 미설명
충청남도,계룡시,중국음식,HIGH,-3.227262501766045,1,-3.481289239127009,1,-2.089619804288924,1,-1.1619224592970638,1,-3.246351121314474,1.0,-3.500327751384169,1.0,-2.1089328261762357,1.0,0.0,0,-3.2272625017660297,1,-3.4812892391269843,1,-2.0896198042889114,1,14,0,0,8740,248670000,2960357.1428571427,104.04761904761904,0.0,0.0,0.0,-2.089619804288924,수요-/공급+,C 총시장 감소/점포 증가,부호 강건성 미충족,부호 강건성 미충족,0.0197290952534174,0.0011541897270221,-1.210086578472071e-06,0.0290882381813129,0.2095078608127306,0.0026044971881517,-0.004117945932055,0.0183580070453382,0.5555555555555556,0.09411764705882353,0.11568627450980393,0.027450980392156862,0.03137254901960784,0.01568627450980392,False,False,True,True,False,일반 관찰지역
충청남도,공주시,제과점,HIGH,6.862264297111058,1,6.965336449759599,1,6.73865009688779,1,0.1158101588422843,1,6.830208660552632,1.0,6.933249894490216,1.0,6.7066315410697035,1.0,0.6515760675802729,0,6.170482840090573,1,6.272887746874536,1,6.0476688663279905,1,43,3,1,49062,913350000,3540116.2790697673,190.1627906976744,6.976744186046512,2.3255813953488373,4.651162790697675,6.087074029307518,수요+/공급+,A 총시장·점포·점포당 증가,부호 강건성 미충족,부호 강건성 미충족,0.0300061536529043,0.5465513663276576,-0.0002160172374681,0.0119401596083859,0.2223459674101245,-0.0043008154768077,0.0037618662772664,0.0187800416776032,0.0,0.28346456692913385,0.5354330708661418,0.9291338582677166,0.8937007874015748,0.4094488188976378,False,False,False,False,False,일반 관찰지역
충청남도,공주시,중국음식,HIGH,3.1675721258994933,1,2.8967590598841664,1,3.878897906197677,1,-0.6847644657729175,1,3.1366247917920744,1.0,2.865892961985579,1.0,3.847737194610008,1.0,0.6746076105708302,1,2.476259480416321,1,2.207261097961369,1,3.182818758054355,1,75,5,2,40611,1161660000,2581466.6666666665,90.24666666666668,6.666666666666667,2.666666666666667,4.0,3.204290295626847,수요+/공급+,A 총시장·점포·점포당 증가,A 총시장·점포·점포당 증가,수요+/공급+,0.0300061536529043,0.5465513663276576,-0.0002160172374681,0.0119401596083859,0.2223459674101245,-0.0043008154768077,0.0037618662772664,0.0187800416776032,0.0,0.4137254901960784,0.8529411764705882,0.8431372549019608,0.803921568627451,0.43333333333333335,False,True,False,False,False,일반 관찰지역
충청남도,금산군,제과점,HIGH,0.5173004514620518,1,0.6142526787435808,1,2.43595280408759,1,-1.8730263155701303,1,0.4301829478957523,1.0,0.5270511474928563,1.0,2.3471724205750646,1.0,-2.1781818252348613,1,2.75550212313703,1,2.854613169210987,1,4.716876782109086,1,18,0,2,22762,315890000,2924907.4074074076,210.75925925925924,0.0,11.11111111111111,-11.11111111111111,4.614134629322452,수요+/공급-,D 기타·동반감소,D 기타·동반감소,수요+/공급-,0.0867443441892973,0.5130513135750174,0.0007574673475556,-0.0740009408727801,-0.0085639312237878,0.0008457940573363,-0.0019839540968825,0.0141666890059922,0.25,0.8208661417322834,0.10236220472440945,0.49606299212598426,0.5039370078740157,0.2263779527559055,True,False,False,False,False,관측변수로 미설명
충청남도,금산군,중국음식,HIGH,1.116522493484582,1,0.8510933967539849,0,1.995663453380816,1,-0.8619395473593731,1,1.0288856491864014,0.0,0.7636865976338418,0.0,1.907264664965923,1.0,-0.5399105945929656,1,1.6654248935226454,1,1.3985549376263533,1,2.549338194980483,1,48,0,1,20523,543310000,1886493.0555555555,71.26041666666667,0.0,2.083333333333333,-2.083333333333333,2.535574047973782,수요+/공급-,D 기타·동반감소,D 기타·동반감소,수요+/공급-,0.0867443441892973,0.5130513135750174,0.0007574673475556,-0.0740009408727801,-0.0085639312237878,0.0008457940573363,-0.0019839540968825,0.0141666890059922,0.25,0.32941176470588235,0.11568627450980393,0.615686274509804,0.5607843137254902,0.307843137254902,False,False,False,False,False,일반 관찰지역
충청남도,논산시,제과점,HIGH,2.9589731471519674,1,3.058280447690345,1,4.493050835116655,1,-1.4681145547040917,1,3.0855484207267803,1.0,3.1849778072606645,1.0,4.621512066729944,1.0,0.8585114949963949,1,2.0825824424939654,1,2.1810444355041536,1,3.60360200269322,1,36,6,5,57387,865340000,4006203.703703704,265.68055555555554,16.666666666666664,13.88888888888889,2.7777777777777777,3.63453934012026,수요+/공급+,A 총시장·점포·점포당 증가,A 총시장·점포·점포당 증가,수요+/공급+,-0.1227866325726051,0.2589289914933185,-0.0002488673913304,0.1460777268714818,0.0327796432508417,0.000608033028996,-0.0007373839410073,0.0136948604523148,0.4444444444444444,0.8917322834645669,0.9035433070866141,0.7677165354330708,0.7677165354330708,0.3720472440944882,True,True,False,False,False,고회전 교체시장 후보
충청남도,논산시,중국음식,HIGH,0.4251769402859816,0,0.1615626134978829,0,1.0810959301440417,1,-0.6489037181703468,1,0.5486372260334959,0.0,0.2846988181623319,0.0,1.2053625868473163,1.0,-0.2669810217903872,1,0.694010839306521,0,0.429690828252123,0,1.3516856962175798,1,86,1,2,36770,915530000,1774282.9457364343,71.25968992248062,1.162790697674419,2.3255813953488373,-1.162790697674419,1.348076951934429,수요+/공급-,D 기타·동반감소,부호 강건성 미충족,수요+/공급-,-0.1227866325726051,0.2589289914933185,-0.0002488673913304,0.1460777268714818,0.0327796432508417,0.000608033028996,-0.0007373839410073,0.0136948604523148,0.4444444444444444,0.36470588235294116,0.27058823529411763,0.4823529411764706,0.38823529411764707,0.5019607843137255,False,False,False,False,False,일반 관찰지역
충청남도,당진시,제과점,HIGH,2.442754781360839,1,2.5415641723841147,1,4.342351880877828,1,-1.820542728120244,1,2.4415135226048497,1.0,2.54032171639341,1.0,4.341087605447413,1.0,0.6565679624896563,1,1.7745357854212085,1,1.872700657345009,1,3.66174209293694,1,65,4,2,89688,1297480000,3326871.7948717945,229.96923076923076,6.153846153846154,3.076923076923077,3.076923076923077,3.685783918388172,수요+/공급+,A 총시장·점포·점포당 증가,A 총시장·점포·점포당 증가,수요+/공급+,0.0012116755339824,0.3212735015939084,-7.099386782211036e-05,-0.1032732313803278,0.1917665084625496,0.0025226889213325,-0.0034205392065159,0.0134241692066097,0.0,0.3346456692913386,0.484251968503937,0.7322834645669292,0.7401574803149606,0.515748031496063,False,False,False,False,False,일반 관찰지역
충청남도,당진시,중국음식,HIGH,1.8766111959196103,1,1.609186879686258,1,1.9815455610225208,1,-0.1028954449804119,0,1.8753767969037944,1.0,1.6079557209462338,1.0,1.980309890558074,1.0,0.8073587357105261,1,1.0606888957505023,1,0.7954063612339463,1,1.1647828492266843,1,101,9,5,57282,1740500000,2872112.2112211217,94.52475247524752,8.91089108910891,4.9504950495049505,3.96039603960396,1.1741868253119945,수요+/공급+,A 총시장·점포·점포당 증가,A 총시장·점포·점포당 증가,수요+/공급+,0.0012116755339824,0.3212735015939084,-7.099386782211036e-05,-0.1032732313803278,0.1917665084625496,0.0025226889213325,-0.0034205392065159,0.0134241692066097,0.0,0.7607843137254902,0.9411764705882353,0.7215686274509804,0.5568627450980392,0.5764705882352941,True,True,False,False,False,고회전 교체시장 후보
충청남도,보령시,제과점,HIGH,0.0523527743019014,0,0.1488565443261973,1,1.4004599960241508,1,-1.3294882703441946,1,0.176735141382617,1.0,0.2733588822723098,1.0,1.5265182933820054,1.0,0.0,0,0.0523527743019369,0,0.1488565443262075,1,1.4004599960241584,1,36,1,0,42378,668380000,3094351.851851852,196.19444444444449,2.7777777777777777,0.0,2.7777777777777777,1.4004599960241508,수요+/공급+,A 총시장·점포·점포당 증가,부호 강건성 미충족,부호 강건성 미충족,-0.1241629275551131,0.0869501373391561,-0.0002136445564919,0.106609476547155,-0.0483731329127977,0.0050606225098508,-0.0066547778174284,0.0199358728516536,0.5555555555555556,0.1141732283464567,0.24803149606299213,0.4094488188976378,0.3425196850393701,0.3720472440944882,False,False,False,False,False,일반 관찰지역
충청남도,보령시,중국음식,HIGH,1.5147134041418149,1,1.2482390632597868,1,1.238798693825328,1,0.2725385068533753,1,1.6409137382329722,1.0,1.3741081236890968,1.0,1.364656018243774,1.0,-0.1619787867227879,1,1.6794124828283334,1,1.412505809755647,1,1.4030501241162794,1,69,2,2,38699,1118690000,2702149.7584541063,93.475845410628,2.898550724637681,2.898550724637681,0.0,1.400777480548116,수요+/공급-,D 기타·동반감소,D 기타·동반감소,수요+/공급-,-0.1241629275551131,0.0869501373391561,-0.0002136445564919,0.106609476547155,-0.0483731329127977,0.0050606225098508,-0.0066547778174284,0.0199358728516536,0.5555555555555556,0.45294117647058824,0.4764705882352941,0.6745098039215687,0.41568627450980394,0.40784313725490196,False,False,False,False,False,일반 관찰지역
충청남도,부여군,제과점,HIGH,1.7096671887208414,1,1.807769492759293,1,3.0870947412233103,1,-1.3361784576043514,1,1.8613511485617429,1.0,1.9595997567456889,1.0,3.240832917456129,1.0,0.0,0,1.7096671887208468,1,1.8077694927592776,1,3.0870947412233103,1,15,1,1,12428,209760000,2330666.6666666665,138.0888888888889,6.666666666666667,6.666666666666667,0.0,3.0870947412233103,수요+/공급+,A 총시장·점포·점포당 증가,부호 강건성 미충족,부호 강건성 미충족,-0.1489121812449347,0.4419586488349278,-0.000679961807176,0.4414465487259912,-0.929729789452708,0.0027709939267131,-0.0053317113794466,0.0264691595766508,0.375,0.5590551181102362,0.5177165354330708,0.6692913385826772,0.5826771653543307,0.17913385826771652,False,False,False,False,False,일반 관찰지역
충청남도,부여군,중국음식,HIGH,-1.6368257576620384,1,-1.8950273635606332,1,-0.1595361579924349,0,-1.4796501767132324,1,-1.4901325653235555,0.0,-1.7487192382772745,1.0,-0.0106398207366409,0.0,-1.4310543948057382,1,-0.2087588150536614,0,-0.4707090716109388,0,1.2899785312771983,1,43,0,3,9655,255610000,990736.434108527,37.42248062015504,0.0,6.976744186046512,-6.976744186046512,1.2715182368133031,수요-/공급-,D 기타·동반감소,부호 강건성 미충족,부호 강건성 미충족,-0.1489121812449347,0.4419586488349278,-0.000679961807176,0.4414465487259912,-0.929729789452708,0.0027709939267131,-0.0053317113794466,0.0264691595766508,0.375,0.9137254901960784,0.11568627450980393,0.13333333333333333,0.18823529411764706,0.27058823529411763,True,False,True,True,False,수요취약 후보
충청남도,서산시,제과점,HIGH,0.3020035971922782,0,0.3987481636089172,0,3.706537551910162,1,-3.282853747782091,1,0.4310999294393346,0.0,0.5279690134951471,1.0,3.840015779142418,1.0,0.5268682628574245,1,-0.2236861344145669,0,-0.1274486129554363,0,3.163004422597296,1,65,4,3,69478,983350000,2521410.256410256,178.14871794871794,6.153846153846154,4.615384615384616,1.5384615384615383,3.1796692890527374,수요+/공급+,B 총시장·점포 증가/점포당 감소,부호 강건성 미충족,수요+/공급+,-0.1285421869697529,0.1628463028855537,-9.147796368813972e-05,-0.0007072295151892,0.0923884900771731,0.0028274677610627,-0.0037014924948578,0.0136136036329937,0.0999999999999999,0.41732283464566927,0.484251968503937,0.452755905511811,0.6614173228346457,0.515748031496063,False,False,False,False,False,일반 관찰지역
충청남도,서산시,중국음식,HIGH,0.3228146074524808,1,0.0594689799913887,1,1.096134338101334,1,-0.7649350152821895,1,0.4519377250577822,1.0,0.1882531516793803,1.0,1.2262527772087153,1.0,0.3318180396163804,1,-0.0089736559546391,0,-0.2714483450478825,0,0.7617885466633956,1,137,4,2,54351,1585810000,1929209.2457420924,66.12043795620438,2.9197080291970803,1.45985401459854,1.45985401459854,0.7643162984849536,수요+/공급+,B 총시장·점포 증가/점포당 감소,부호 강건성 미충족,수요+/공급+,-0.1285421869697529,0.1628463028855537,-9.147796368813972e-05,-0.0007072295151892,0.0923884900771731,0.0028274677610627,-0.0037014924948578,0.0136136036329937,0.0999999999999999,0.24313725490196078,0.48627450980392156,0.4549019607843137,0.4,0.7137254901960784,False,False,False,False,False,일반 관찰지역
충청남도,서천군,제과점,HIGH,-1.4010404755104389,1,-1.3059385508605454,1,0.5317186797003193,1,-1.9225366686195993,1,-1.2307154305240255,1.0,-1.1354492217917047,1.0,0.7053824748281579,1.0,0.0,0,-1.4010404755104189,1,-1.3059385508605257,1,0.5317186797003193,1,24,0,1,16454,300880000,2089444.4444444445,114.2638888888889,0.0,4.166666666666666,-4.166666666666666,0.5317186797003193,수요+/공급+,C 총시장 감소/점포 증가,부호 강건성 미충족,부호 강건성 미충족,-0.1724473815202804,0.2762011315002319,0.0017942025043468,-0.2678193068791479,0.0199637937731702,0.0006545058053324,-0.0009595067111512,0.035690303306458,0.25,0.38779527559055116,0.10236220472440945,0.16929133858267717,0.2125984251968504,0.29133858267716534,False,False,True,True,False,일반 관찰지역
충청남도,서천군,중국음식,HIGH,1.6111744379981627,1,1.3444468885954448,1,2.7093499174925046,1,-1.069206922618522,1,1.7867029419574043,1.0,1.5195146333126723,1.0,2.886775467717241,1.0,0.321556685778562,0,1.2854841918560724,1,1.0196115736328646,1,2.3801397332707244,1,44,1,0,16697,480020000,1818257.5757575757,63.246212121212125,2.272727272727273,0.0,2.272727272727273,2.3877932317139425,수요+/공급+,A 총시장·점포·점포당 증가,부호 강건성 미충족,부호 강건성 미충족,-0.1724473815202804,0.2762011315002319,0.0017942025043468,-0.2678193068791479,0.0199637937731702,0.0006545058053324,-0.0009595067111512,0.035690303306458,0.25,0.09411764705882353,0.39019607843137255,0.6941176470588235,0.6901960784313725,0.2803921568627451,False,False,False,False,False,일반 관찰지역
충청남도,아산시,제과점,HIGH,0.5729796602609287,1,0.6699855919623249,1,2.9942970178265584,1,-2.3509237187633274,1,0.3650638399924507,1.0,0.4618692300779436,1.0,2.7813755769010218,1.0,-0.0553094629345767,0,0.6286368188437941,1,0.7256964336969174,1,3.051294135159831,1,158,12,13,212357,2661660000,2807658.2278481014,224.0052742616034,7.59493670886076,8.227848101265822,-0.6329113924050633,3.049606480761135,수요+/공급-,D 기타·동반감소,부호 강건성 미충족,부호 강건성 미충족,0.2071595556397253,-0.0189182467146339,-0.0015000217357874,0.1045384557490586,0.0220607375200487,0.0022971262382282,-0.0029367550827614,0.0155116498429646,0.1111111111111111,0.6692913385826772,0.5748031496062992,0.5118110236220472,0.5708661417322834,0.8740157480314961,False,False,False,False,True,일반 관찰지역
충청남도,아산시,중국음식,HIGH,0.7977887027883853,1,0.533196276663895,1,2.0247585759683613,1,-1.20261972711886,1,0.5894081318817034,1.0,0.3253627010982957,1.0,1.813841474390258,1.0,0.1969517927340628,1,0.5996558770541959,1,0.3355835461195858,1,1.8242139611345416,1,260,11,11,135468,3970840000,2545410.256410256,86.83846153846154,4.230769230769231,4.230769230769231,0.0,1.8278067832342983,수요+/공급+,A 총시장·점포·점포당 증가,A 총시장·점포·점포당 증가,수요+/공급+,0.2071595556397253,-0.0189182467146339,-0.0015000217357874,0.1045384557490586,0.0220607375200487,0.0022971262382282,-0.0029367550827614,0.0155116498429646,0.1111111111111111,0.6823529411764706,0.6313725490196078,0.5450980392156862,0.5725490196078431,0.9705882352941176,False,False,False,False,True,일반 관찰지역
충청남도,예산군,제과점,HIGH,-3.5807029421417975,1,-3.4877033733044143,1,-1.5437907275120422,1,-2.0688509436641014,1,-3.47207920746887,1.0,-3.378974867483004,1.0,-1.432872254973289,1.0,-0.483137001446186,0,-3.1126040827278185,1,-3.01915301721472,1,-1.0658030147928594,1,30,0,1,37988,515500000,2863888.888888889,211.0444444444444,0.0,3.3333333333333335,-3.3333333333333335,-1.0606537260658562,수요-/공급-,D 기타·동반감소,부호 강건성 미충족,부호 강건성 미충족,-0.1125308965334686,0.5478299433275042,0.0005323310651357,0.1131869424040659,0.0212296560557176,0.0024345321239481,-0.0036416789074774,0.0179444901970338,0.5,0.3425196850393701,0.10236220472440945,0.04330708661417323,0.05511811023622047,0.3346456692913386,False,False,True,True,False,일반 관찰지역
충청남도,예산군,중국음식,HIGH,0.9080093202136772,1,0.6431275669030263,1,1.8417210913187203,1,-0.9168263861799962,1,1.0216899335891805,1.0,0.7565097706637529,1.0,1.9564536026314736,1.0,0.0,0,0.9080093202136568,1,0.643127566903011,1,1.8417210913187103,1,55,1,1,27111,763200000,2312727.272727273,82.15454545454546,1.818181818181818,1.818181818181818,0.0,1.8417210913187203,수요+/공급+,A 총시장·점포·점포당 증가,부호 강건성 미충족,부호 강건성 미충족,-0.1125308965334686,0.5478299433275042,0.0005323310651357,0.1131869424040659,0.0212296560557176,0.0024345321239481,-0.0036416789074774,0.0179444901970338,0.5,0.2784313725490196,0.34509803921568627,0.5882352941176471,0.5215686274509804,0.34901960784313724,False,False,False,False,False,일반 관찰지역
충청남도,천안시 동남구,제과점,HIGH,1.163557548825667,1,1.2611331122365264,1,2.384035700666044,1,-1.192059038782764,1,1.0628565588510712,1.0,1.160334992860031,1.0,2.282119813142248,1.0,-0.7842966868419599,1,1.9632519557106665,1,2.061598850559375,1,3.193377944928432,1,166,18,28,277586,4554540000,4572831.325301205,278.70080321285144,10.843373493975903,16.867469879518072,-6.024096385542169,3.168332387508004,수요+/공급-,D 기타·동반감소,D 기타·동반감소,수요+/공급-,0.0996419390896483,-0.1020638912019749,-0.0013781919829477,0.0618552309587007,0.0980536986004496,0.0038928762304436,-0.0049108423669499,0.0242329838218646,0.1999999999999999,0.9448818897637795,0.7362204724409449,0.5866141732283464,0.5,0.9015748031496063,True,False,False,False,True,고밀도 경쟁 후보
충청남도,천안시 동남구,중국음식,HIGH,0.8952303389510318,1,0.6303821302419066,1,2.5887906938606378,1,-1.650823977410421,1,0.79479644926751,1.0,0.5302118777559811,1.0,2.4866709875802027,1.0,0.0,0,0.8952303389510421,1,0.6303821302419066,1,2.588790693860656,1,143,1,3,77573,2189760000,2552167.832167832,90.41142191142193,0.6993006993006993,2.097902097902098,-1.3986013986013983,2.5887906938606378,수요+/공급+,A 총시장·점포·점포당 증가,부호 강건성 미충족,부호 강건성 미충족,0.0996419390896483,-0.1020638912019749,-0.0013781919829477,0.0618552309587007,0.0980536986004496,0.0038928762304436,-0.0049108423669499,0.0242329838218646,0.1999999999999999,0.3333333333333333,0.23529411764705882,0.5843137254901961,0.6666666666666666,0.7509803921568627,False,False,False,False,True,일반 관찰지역
충청남도,천안시 서북구,제과점,HIGH,0.639886819865135,1,0.7369572857125802,1,2.8724288492131116,1,-2.1702044506214,1,0.6109866641915995,1.0,0.7080292548926768,1.0,2.8428875877689133,1.0,-0.4583343942169343,1,1.1032779162359887,1,1.2007953379675629,1,3.3460995686177544,1,172,7,14,248014,3681840000,3567674.418604651,240.3236434108527,4.069767441860465,8.13953488372093,-4.069767441860465,3.330763243430046,수요+/공급-,D 기타·동반감소,D 기타·동반감소,수요+/공급-,0.0287246518812463,0.0262301319799554,-0.0007440136237649,0.0387545624122499,0.2828301493478246,0.002956735960053,-0.0032088461537324,0.0187793107647809,0.5555555555555556,0.6614173228346457,0.3110236220472441,0.5196850393700787,0.5551181102362205,0.9212598425196851,False,False,False,False,True,일반 관찰지역
충청남도,천안시 서북구,중국음식,HIGH,-1.5191463219055128,1,-1.7776568342574584,1,-0.0631312403604363,1,-1.4569348625950662,1,-1.5474264809169798,1.0,-1.805862758347866,1.0,-0.091829514533291,1.0,0.4061956403758147,1,-1.91755294581352,1,-2.175017647770604,1,-0.4674282077345466,1,219,10,9,99804,3082910000,2346202.4353120243,75.95433789954338,4.5662100456621,4.10958904109589,0.45662100456621,-0.469326880736251,수요-/공급+,C 총시장 감소/점포 증가,C 총시장 감소/점포 증가,수요-/공급+,0.0287246518812463,0.0262301319799554,-0.0007440136237649,0.0387545624122499,0.2828301493478246,0.002956735960053,-0.0032088461537324,0.0187793107647809,0.5555555555555556,0.6529411764705882,0.6901960784313725,0.15294117647058825,0.20392156862745098,0.9098039215686274,False,False,True,True,True,일반 관찰지역
충청남도,청양군,제과점,HIGH,8.862921078101433,1,8.96792292971792,1,9.295054232379268,1,-0.395382167393475,0,8.763237770514802,1.0,8.868143474317462,1.0,9.194975230264989,1.0,0.0,0,8.862921078101422,1,8.967922929717947,1,9.295054232379268,1,7,0,0,12461,222140000,5289047.619047619,296.6904761904762,0.0,0.0,0.0,9.295054232379268,수요+/공급+,A 총시장·점포·점포당 증가,부호 강건성 미충족,부호 강건성 미충족,0.0916516551272111,1.0970229551596398,0.0018576011133874,-0.192884235573194,4.305860094555237,-0.0008814188448803,0.0002082916690174,0.0290396102475463,0.0,0.1141732283464567,0.10236220472440945,0.952755905511811,0.9488188976377953,0.03937007874015748,False,False,False,False,False,일반 관찰지역
충청남도,청양군,중국음식,HIGH,7.4502302578471,1,7.1681752894053155,1,8.906568245852574,1,-1.3372361387036575,1,7.351840519201705,1.0,7.070043822096955,1.0,8.806844971544457,1.0,0.0,0,7.450230257847057,1,7.168175289405323,1,8.906568245852574,1,27,0,0,14640,421140000,2599629.6296296297,90.37037037037037,0.0,0.0,0.0,8.906568245852574,수요+/공급+,A 총시장·점포·점포당 증가,부호 강건성 미충족,부호 강건성 미충족,0.0916516551272111,1.0970229551596398,0.0018576011133874,-0.192884235573194,4.305860094555237,-0.0008814188448803,0.0002082916690174,0.0290396102475463,0.0,0.09411764705882353,0.11568627450980393,0.9529411764705882,0.9568627450980393,0.1588235294117647,False,False,False,False,False,일반 관찰지역
충청남도,태안군,제과점,HIGH,6.473698023065151,1,6.576395390820538,1,6.964222264456725,1,-0.458587208888219,1,6.576681130410628,1.0,6.679477828744748,1.0,7.0676798148951505,1.0,2.437472655642116,1,3.9401844488992217,1,4.040438159863559,1,4.419036795286713,1,18,3,1,25369,448710000,4154722.222222222,234.89814814814815,16.666666666666664,5.555555555555555,11.11111111111111,4.52674960881461,수요+/공급+,A 총시장·점포·점포당 증가,A 총시장·점포·점포당 증가,수요+/공급+,-0.096628180060778,0.0156556738046745,0.0002951824784565,-0.1788886973505332,-0.4674989755722816,0.0055280827804919,-0.0077548623483312,0.0319053165151789,0.0,0.4921259842519685,0.9035433070866141,0.9173228346456693,0.905511811023622,0.2263779527559055,False,True,False,False,False,일반 관찰지역
충청남도,태안군,중국음식,HIGH,7.645132756887546,1,7.362566172806831,1,6.254098755220597,1,1.3091579693988968,1,7.74924889512406,1.0,7.466409008007903,1.0,6.356869462551883,1.0,0.4202896337877617,1,7.194604944326813,1,6.913220987846285,1,5.809392845517134,1,53,2,0,25380,887510000,2790911.949685535,79.81132075471699,3.7735849056603774,0.0,3.7735849056603774,5.833809121432836,수요+/공급+,A 총시장·점포·점포당 증가,A 총시장·점포·점포당 증가,수요+/공급+,-0.096628180060778,0.0156556738046745,0.0002951824784565,-0.1788886973505332,-0.4674989755722816,0.0055280827804919,-0.0077548623483312,0.0319053165151789,0.0,0.09411764705882353,0.5941176470588235,0.9568627450980393,0.9137254901960784,0.3333333333333333,False,False,False,False,False,일반 관찰지역
충청남도,홍성군,제과점,HIGH,1.4899647544788384,1,1.5878551483262238,1,3.8903097945289034,1,-2.310460951360525,1,1.345127641205324,1.0,1.442878334914958,1.0,3.742047130292798,1.0,1.846386360408354,1,-0.3499599923636576,0,-0.2538442661747747,0,2.0068688808335606,1,37,4,2,45413,672270000,3028243.243243243,204.56306306306303,10.81081081081081,5.405405405405405,5.405405405405405,2.043923434120549,수요+/공급+,B 총시장·점포 증가/점포당 감소,부호 강건성 미충족,수요+/공급+,0.1429147277669447,0.0286996546137189,-0.0015106687232399,0.3072922981941588,0.1627444132511981,0.0029429830428609,-0.0037097585889336,0.0149266215452512,0.5,0.47834645669291337,0.7322834645669292,0.6338582677165354,0.6889763779527559,0.3838582677165354,False,False,False,False,False,일반 관찰지역
충청남도,홍성군,중국음식,HIGH,0.1816659542241893,0,-0.0813091604995934,1,0.780118420838419,1,-0.5938199676598677,1,0.0386959242824476,0.0,-0.2239038966222209,1.0,0.6362943347551699,1.0,0.904526526989048,1,-0.71638071912605,1,-0.9769984770950252,1,-0.1232928892613511,0,65,3,0,29183,787980000,2020461.5384615385,74.82820512820513,4.615384615384616,0.0,4.615384615384616,-0.1244081061506291,수요+/공급+,B 총시장·점포 증가/점포당 감소,부호 강건성 미충족,수요+/공급+,0.1429147277669447,0.0286996546137189,-0.0015106687232399,0.3072922981941588,0.1627444132511981,0.0029429830428609,-0.0037097585889336,0.0149266215452512,0.5,0.09411764705882353,0.707843137254902,0.4235294117647059,0.3411764705882353,0.39215686274509803,False,False,False,False,False,일반 관찰지역
충청북도,괴산군,제과점,HIGH,2.8202058395395344,0,2.9193792944663963,0,6.580920653232345,0,-3.528506594466861,1,3.198532159885925,0.0,3.2980705229353786,0.0,6.973084500801312,0.0,1.3708856295468106,0,1.429720378777381,0,1.5275526649520017,0,5.139577297100139,0,10,2,1,9389,172420000,2873666.666666667,156.48333333333332,20.0,10.0,10.0,5.210035023685535,수요+/공급+,A 총시장·점포·점포당 증가,부호 강건성 미충족,부호 강건성 미충족,-0.3666004859063919,0.1404832791249271,-0.0012428828046848,0.2274109096337942,-2.782186623240152,-0.0035090277434551,0.0041312004560324,0.0382320874052823,0.375,0.7775590551181102,0.952755905511811,0.7598425196850394,0.8740157480314961,0.10039370078740158,True,True,False,False,False,고회전 교체시장 후보
충청북도,괴산군,중국음식,HIGH,0.7304571630979165,0,0.4660414810832376,0,2.012254791026121,0,-1.25651337729377,1,1.1010942659334184,0.0,0.8357056680293369,0.0,2.387608260416719,1.0,-0.0968146805340179,0,0.8280735403845987,0,0.5634016170929421,0,2.1111133391951897,1,29,1,1,13552,378620000,2175977.011494253,77.88505747126436,3.4482758620689653,3.4482758620689653,0.0,2.109069471560139,수요+/공급-,D 기타·동반감소,부호 강건성 미충족,부호 강건성 미충족,-0.3666004859063919,0.1404832791249271,-0.0012428828046848,0.2274109096337942,-2.782186623240152,-0.0035090277434551,0.0041312004560324,0.0382320874052823,0.375,0.5215686274509804,0.5392156862745098,0.5254901960784314,0.5686274509803921,0.18235294117647058,False,False,False,False,False,일반 관찰지역
충청북도,단양군,제과점,HIGH,5.248689687871287,1,5.350205494979878,1,4.419442437323256,1,0.7941502379173946,1,5.367246184032557,1.0,5.468876342763278,1.0,4.537064834934071,1.0,0.0,0,5.248689687871271,1,5.350205494979835,1,4.419442437323245,1,10,0,0,12268,209940000,3499000.0,204.46666666666667,0.0,0.0,0.0,4.419442437323256,수요+/공급+,A 총시장·점포·점포당 증가,부호 강건성 미충족,부호 강건성 미충족,-0.1125174097785895,0.916128905660524,0.0027379194460815,-0.1942996632497177,-0.2113097937240022,-0.0010035490907884,-0.0005495874234569,0.0229136769952276,0.0,0.1141732283464567,0.10236220472440945,0.8937007874015748,0.7637795275590551,0.10039370078740158,False,False,False,False,False,일반 관찰지역
충청북도,단양군,중국음식,HIGH,2.5242184884543963,1,2.255094214445098,1,2.7879715867392703,1,-0.2565991858904843,1,2.6397060270803716,1.0,2.37027860030925,1.0,2.9037562278116624,1.0,0.0,0,2.524218488454355,1,2.2550942144450823,1,2.7879715867392743,1,23,1,0,7042,194010000,1405869.5652173914,51.02898550724638,4.3478260869565215,0.0,4.3478260869565215,2.7879715867392703,수요+/공급+,A 총시장·점포·점포당 증가,부호 강건성 미충족,부호 강건성 미충족,-0.1125174097785895,0.916128905660524,0.0027379194460815,-0.1942996632497177,-0.2113097937240022,-0.0010035490907884,-0.0005495874234569,0.0229136769952276,0.0,0.09411764705882353,0.6568627450980392,0.792156862745098,0.7098039215686275,0.09019607843137255,False,False,False,False,False,일반 관찰지역
충청북도,보은군,제과점,HIGH,4.641299108334969,1,4.742229067343269,1,4.197714922518226,1,0.4257139287042639,0,4.3242422859961955,1.0,4.42486643331871,1.0,3.882002133497019,1.0,0.0,0,4.641299108334974,1,4.742229067343269,1,4.197714922518242,1,6,1,1,8313,151640000,4212222.222222222,230.91666666666663,16.666666666666664,16.666666666666664,0.0,4.197714922518226,수요+/공급+,A 총시장·점포·점포당 증가,부호 강건성 미충족,부호 강건성 미충족,0.3039148096274783,0.2990061862015224,-0.0007028176059727,-0.118261147106812,0.016023279748608,0.0019832025550853,-0.0026746034690292,0.0181231647981446,0.125,0.9350393700787402,0.9035433070866141,0.8858267716535433,0.7244094488188977,0.025590551181102362,True,True,False,False,False,고회전 교체시장 후보
충청북도,보은군,중국음식,HIGH,1.92521842835169,1,1.657666518986449,1,2.135690222139929,1,-0.2060707607012677,1,1.616391166587432,1.0,1.3496499233636936,1.0,1.8262252435401864,1.0,0.5848751047341325,0,1.3325495729073735,1,1.0665534088849804,1,1.5417975275020177,0,24,1,0,10226,311470000,2162986.111111111,71.01388888888889,4.166666666666666,0.0,4.166666666666666,1.5508151174057965,수요+/공급+,A 총시장·점포·점포당 증가,부호 강건성 미충족,부호 강건성 미충족,0.3039148096274783,0.2990061862015224,-0.0007028176059727,-0.118261147106812,0.016023279748608,0.0019832025550853,-0.0026746034690292,0.0181231647981446,0.125,0.09411764705882353,0.6274509803921569,0.7294117647058823,0.6,0.10588235294117647,False,False,False,False,False,일반 관찰지역
충청북도,영동군,제과점,HIGH,4.588740695259511,1,4.689619959957639,1,6.7108463408023855,1,-1.9886503746446185,1,4.630508627153168,1.0,4.7314281783890575,1.0,6.753461744072778,1.0,0.0,0,4.588740695259574,1,4.689619959957639,1,6.710846340802394,1,5,0,0,7421,121780000,4059333.3333333335,247.36666666666665,0.0,0.0,0.0,6.7108463408023855,수요+/공급+,A 총시장·점포·점포당 증가,부호 강건성 미충족,부호 강건성 미충족,-0.0399194579493497,0.4187170360903504,0.0005957896161522,-0.0946784605602565,0.0493000025824619,0.0008724333394877,-0.0011895730543796,0.0207801631439585,0.0,0.1141732283464567,0.10236220472440945,0.8740157480314961,0.8858267716535433,0.015748031496062992,False,False,False,False,False,일반 관찰지역
충청북도,영동군,중국음식,HIGH,3.878317752336238,1,3.605638991526625,1,4.235991905803966,1,-0.3431388207932971,0,3.919801973986244,1.0,3.6470143178229746,1.0,4.277618966057703,1.0,0.0,0,3.8783177523362182,1,3.605638991526604,1,4.235991905803975,1,26,0,0,8208,224950000,1441987.1794871795,52.61538461538461,0.0,0.0,0.0,4.235991905803966,수요+/공급+,A 총시장·점포·점포당 증가,부호 강건성 미충족,부호 강건성 미충족,-0.0399194579493497,0.4187170360903504,0.0005957896161522,-0.0946784605602565,0.0493000025824619,0.0008724333394877,-0.0011895730543796,0.0207801631439585,0.0,0.09411764705882353,0.11568627450980393,0.8745098039215686,0.8196078431372549,0.13725490196078433,False,False,False,False,False,일반 관찰지역
충청북도,옥천군,제과점,HIGH,0.9786801675408586,1,1.0760774106644426,1,0.3833184682552079,1,0.5930882823662551,1,0.7619302247638542,1.0,0.8591184054710953,1.0,0.1678464646831843,0.0,0.9262421908312728,0,0.05195673154106,0,0.1484601195691363,0,-0.5379410852823642,1,15,1,0,10916,163280000,1814222.2222222225,121.28888888888888,6.666666666666667,0.0,6.666666666666667,-0.542923722576065,수요+/공급+,A 총시장·점포·점포당 증가,부호 강건성 미충족,부호 강건성 미충족,0.2151109474515846,0.7867044875209502,0.0001056479180934,0.0981632817432214,0.0160303598831095,0.0083037204475932,-0.015077323229328,0.0830964913926536,0.5,0.1141732283464567,0.5177165354330708,0.5669291338582677,0.20078740157480315,0.17913385826771652,False,False,False,True,False,일반 관찰지역
충청북도,옥천군,중국음식,HIGH,2.4498536320168007,1,2.1809245644503337,1,2.1590101620132427,1,0.2846968363752726,1,2.2299458269691863,1.0,1.9615940135311616,1.0,1.9397266501864827,1.0,-0.6800306984254532,1,3.151314234641668,1,2.8805438453055268,1,2.858479397852261,1,35,0,2,9530,228880000,1089904.761904762,45.38095238095238,0.0,5.714285714285714,-5.714285714285714,2.839040860438696,수요+/공급-,D 기타·동반감소,D 기타·동반감소,수요+/공급-,0.2151109474515846,0.7867044875209502,0.0001056479180934,0.0981632817432214,0.0160303598831095,0.0083037204475932,-0.015077323229328,0.0830964913926536,0.5,0.8313725490196079,0.11568627450980393,0.7843137254901961,0.6078431372549019,0.23137254901960785,True,False,False,False,False,관측변수로 미설명
충청북도,음성군,제과점,HIGH,2.3276549815608956,1,2.4263533550587866,1,2.805906440180812,1,-0.4651984260244912,1,2.062072355189887,1.0,2.1605145655493576,1.0,2.539082553287737,1.0,1.3540105229878328,1,0.9606373280633,1,1.0580171682774695,1,1.4324997202391438,1,33,4,2,43807,626910000,3166212.121212121,221.24747474747477,12.12121212121212,6.0606060606060606,6.0606060606060606,1.4518959171929793,수요+/공급+,A 총시장·점포·점포당 증가,A 총시장·점포·점포당 증가,수요+/공급+,0.2602167683277198,0.1544552040642322,-0.0008454546834693,0.2222590746445237,0.09737146263743,0.0045535037912845,-0.0046263504140845,0.0228856529903812,0.3333333333333333,0.5354330708661418,0.7874015748031497,0.7244094488188977,0.5511811023622047,0.3484251968503937,False,True,False,False,False,일반 관찰지역
충청북도,음성군,중국음식,HIGH,1.536200889251072,1,1.2696701440978666,1,2.899082753247832,1,-1.324483977437323,1,1.2726724138965382,1.0,1.0068334263656074,1.0,2.6320170352491585,1.0,-0.3982009343533148,1,1.9421354250132297,1,1.674539108828636,1,3.3104659941211834,1,79,2,3,46330,1296270000,2734746.835443038,97.74261603375528,2.5316455696202533,3.79746835443038,-1.2658227848101269,3.297283687601147,수요+/공급-,D 기타·동반감소,D 기타·동반감소,수요+/공급-,0.2602167683277198,0.1544552040642322,-0.0008454546834693,0.2222590746445237,0.09737146263743,0.0045535037912845,-0.0046263504140845,0.0228856529903812,0.3333333333333333,0.5823529411764706,0.43137254901960786,0.6862745098039216,0.7215686274509804,0.45098039215686275,False,False,False,False,False,일반 관찰지역
충청북도,제천시,제과점,HIGH,0.5497141704485554,1,0.6466976618233424,1,2.3016616717556655,1,-1.7125308354505124,1,0.4587179528949403,1.0,0.5556136754386036,1.0,2.209079963907138,1.0,0.0,0,0.5497141704485757,1,0.6466976618233321,1,2.3016616717556735,1,33,0,0,48397,680180000,3435252.525252525,244.42929292929293,0.0,0.0,0.0,2.3016616717556655,수요+/공급+,A 총시장·점포·점포당 증가,부호 강건성 미충족,부호 강건성 미충족,0.0905807075860713,0.0219771539009751,-0.0008488985295336,0.1424079346054667,0.0873699286625344,0.0016268166602738,-0.0028479221391283,0.0260277081251146,0.5555555555555556,0.1141732283464567,0.10236220472440945,0.5078740157480315,0.48031496062992124,0.3484251968503937,False,False,False,False,False,일반 관찰지역
충청북도,제천시,중국음식,HIGH,-1.409384542538199,1,-1.6681831776344258,1,-0.366406768164485,1,-1.0468133694093102,1,-1.4986078005745922,1.0,-1.7571722261845255,1.0,-0.4565739078741517,1.0,0.1403279973407079,0,-1.5475409067165082,1,-1.805976883781692,1,-0.5060246712180152,1,81,3,2,35450,1053220000,2167119.341563786,72.94238683127571,3.7037037037037033,2.4691358024691357,1.2345679012345678,-0.5067347655051928,수요-/공급+,C 총시장 감소/점포 증가,부호 강건성 미충족,부호 강건성 미충족,0.0905807075860713,0.0219771539009751,-0.0008488985295336,0.1424079346054667,0.0873699286625344,0.0016268166602738,-0.0028479221391283,0.0260277081251146,0.5555555555555556,0.3784313725490196,0.5725490196078431,0.17647058823529413,0.13725490196078433,0.4666666666666667,False,False,True,True,False,일반 관찰지역
충청북도,증평군,제과점,HIGH,-3.8130251503667303,1,-3.7202496639056073,1,-2.3690743721368683,1,-1.4789891306917762,1,-3.875712837676242,1.0,-3.7829978155419135,1.0,-2.4327031217369304,1.0,0.0,0,-3.8130251503667454,1,-3.720249663905568,1,-2.3690743721368563,1,17,0,0,18360,230940000,2264117.6470588236,180.0,0.0,0.0,0.0,-2.3690743721368683,수요-/공급+,C 총시장 감소/점포 증가,부호 강건성 미충족,부호 강건성 미충족,0.065215242848726,-0.1003334281051993,-0.0003886961158675,0.060212370275891,0.093729236378716,0.0024196619382969,-0.0041258880145105,0.0274769699777945,0.3333333333333333,0.1141732283464567,0.10236220472440945,0.027559055118110236,0.015748031496062992,0.20669291338582677,False,False,True,True,False,일반 관찰지역
충청북도,증평군,중국음식,HIGH,-2.1061034925658055,1,-2.3630732526471423,1,-0.5096359966916107,1,-1.60464534617758,1,-2.169903627494265,1.0,-2.4267059133412463,1.0,-0.5744765932349155,1.0,0.6098465297340154,0,-2.6994872927245632,1,-2.954899430745644,1,-1.1126967837037385,1,22,2,0,8747,232340000,1760151.5151515154,66.26515151515152,9.090909090909092,0.0,9.090909090909092,-1.1194825264256263,수요-/공급+,C 총시장 감소/점포 증가,부호 강건성 미충족,부호 강건성 미충족,0.065215242848726,-0.1003334281051993,-0.0003886961158675,0.060212370275891,0.093729236378716,0.0024196619382969,-0.0041258880145105,0.0274769699777945,0.3333333333333333,0.09411764705882353,0.9509803921568627,0.08235294117647059,0.12941176470588237,0.0784313725490196,False,True,True,True,False,일반 관찰지역
충청북도,진천군,제과점,HIGH,0.6620819869167601,1,0.7591738607295196,1,1.410194176057953,1,-0.7377090589555347,1,0.7412705247167849,1.0,0.8384387784669172,1.0,1.4899712364595172,1.0,0.0,0,0.6620819869167754,1,0.7591738607295044,1,1.4101941760579555,1,21,0,1,43797,612980000,4864920.634920634,347.5952380952381,0.0,4.761904761904762,-4.761904761904762,1.410194176057953,수요+/공급+,A 총시장·점포·점포당 증가,부호 강건성 미충족,부호 강건성 미충족,-0.0786058557605602,0.1706424833151389,-0.0006723581172364,0.1504938123129001,0.0443259064000059,0.0035315197644009,-0.0042974957765096,0.0179490290615118,0.4444444444444444,0.4271653543307087,0.10236220472440945,0.5236220472440944,0.35039370078740156,0.2618110236220472,False,False,False,False,False,일반 관찰지역
충청북도,진천군,중국음식,HIGH,0.9157630375747904,1,0.6508609308921611,1,1.0125809685869291,1,-0.0958473984960919,0,0.9951511404053618,1.0,0.730040641346236,1.0,1.0920452358504145,1.0,1.4432317986836778,1,-0.5199644685568416,0,-0.7810978157359887,0,-0.4245239652374094,0,46,4,1,33086,926400000,3356521.7391304346,119.87681159420288,8.695652173913043,2.1739130434782608,6.521739130434782,-0.4306508300967486,수요+/공급+,B 총시장·점포 증가/점포당 감소,부호 강건성 미충족,수요+/공급+,-0.0786058557605602,0.1706424833151389,-0.0006723581172364,0.1504938123129001,0.0443259064000059,0.0035315197644009,-0.0042974957765096,0.0179490290615118,0.4444444444444444,0.3509803921568627,0.9372549019607843,0.592156862745098,0.3764705882352941,0.2901960784313726,False,True,False,False,False,일반 관찰지역
충청북도,청주시 상당구,제과점,HIGH,1.1502239675622543,1,1.2477866702974052,1,2.9933520745722575,1,-1.7895602676136286,1,1.291254339604973,1.0,1.3889530707513746,1.0,3.1369522584498504,1.0,0.837636164192174,1,0.3099912049317824,1,0.406743475657651,1,2.1378088503284287,1,74,3,0,111866,1490000000,3355855.855855856,251.95045045045043,4.054054054054054,0.0,4.054054054054054,2.1557159103800836,수요+/공급+,A 총시장·점포·점포당 증가,A 총시장·점포·점포당 증가,수요+/공급+,-0.1392325260084593,0.3693759282841988,0.0012913276881912,-0.0007506718727495,0.0805441495816722,0.0011197639228402,-0.0020040758250188,0.0109699701761893,0.3333333333333333,0.1141732283464567,0.30708661417322836,0.5826771653543307,0.5669291338582677,0.5748031496062992,False,False,False,False,False,일반 관찰지역
충청북도,청주시 상당구,중국음식,HIGH,0.0369412835379763,0,-0.2256539314655384,0,1.4007033682078869,1,-1.3449236931994253,1,0.1764194427930292,0.0,-0.0865418999303851,0.0,1.5420829752959957,1.0,-0.3936524210517658,1,0.4322954460793503,0,0.1686624333384944,0,1.8014472298941009,1,81,3,5,57072,1655330000,3406028.806584362,117.4320987654321,3.7037037037037033,6.172839506172839,-2.4691358024691357,1.794355789259653,수요+/공급-,D 기타·동반감소,부호 강건성 미충족,수요+/공급-,-0.1392325260084593,0.3693759282841988,0.0012913276881912,-0.0007506718727495,0.0805441495816722,0.0011197639228402,-0.0020040758250188,0.0109699701761893,0.3333333333333333,0.8745098039215686,0.5725490196078431,0.4,0.4470588235294118,0.4666666666666667,True,False,False,False,False,관측변수로 미설명
충청북도,청주시 서원구,제과점,HIGH,-0.4956269037184961,0,-0.3996516780348412,0,1.8683272535305009,1,-2.3205977961782014,1,-0.984374402996786,0.0,-0.8888705902780736,0.0,1.3679684386204514,1.0,-1.0638965370143385,1,0.5743804469805175,1,0.6713877297866082,1,2.963755078187286,1,66,4,7,105045,1301010000,3285378.787878788,265.2651515151515,6.0606060606060606,10.606060606060606,-4.545454545454546,2.932223790544839,수요+/공급-,D 기타·동반감소,부호 강건성 미충족,수요+/공급-,0.4936064346727484,0.1314196402092745,-0.001323749463757,0.087190317364909,0.0967915959283251,0.002815767339558,-0.0037594840094945,0.0236083346145675,0.5555555555555556,0.7992125984251969,0.4704724409448819,0.3188976377952756,0.421259842519685,0.5236220472440944,True,False,False,False,False,관측변수로 미설명
충청북도,청주시 서원구,중국음식,HIGH,-0.7480107918593117,1,-1.0085455214424937,1,2.1034299841089106,1,-2.792698322095558,1,-1.2355186270871543,1.0,-1.4947736571597208,1.0,1.601916387071526,1.0,-0.3791890485434361,1,-0.370225598239263,1,-0.6317520073247915,1,2.49206868418498,1,90,3,3,44149,1156330000,2141351.8518518517,81.75740740740741,3.3333333333333335,3.3333333333333335,0.0,2.4826190326523467,수요+/공급-,D 기타·동반감소,D 기타·동반감소,수요+/공급-,0.4936064346727484,0.1314196402092745,-0.001323749463757,0.087190317364909,0.0967915959283251,0.002815767339558,-0.0037594840094945,0.0236083346145675,0.5555555555555556,0.4980392156862745,0.5098039215686274,0.27058823529411763,0.5882352941176471,0.515686274509804,False,False,False,False,False,일반 관찰지역
충청북도,청주시 청원구,제과점,HIGH,1.1873955249789483,1,1.284994080898236,1,2.758285106324039,1,-1.528723041377842,1,1.252289186334815,1.0,1.3499503343151191,1.0,2.824186213083449,1.0,-0.0774750488490588,0,1.265851292735405,1,1.3635255218113669,1,2.8379588651902403,1,72,10,12,122110,1574500000,3644675.925925926,282.66203703703707,13.88888888888889,16.666666666666664,-2.7777777777777777,2.8357601551730975,수요+/공급-,D 기타·동반감소,부호 강건성 미충족,부호 강건성 미충족,-0.0640910559922778,0.2908077272406643,-0.0009013360377817,0.0349253229872602,0.0619706979569293,0.0015743535436881,-0.0020717764195603,0.0133511909237279,0.8888888888888888,0.9350393700787402,0.8228346456692913,0.5905511811023622,0.5354330708661418,0.5649606299212598,True,True,False,False,False,고회전 교체시장 후보
충청북도,청주시 청원구,중국음식,HIGH,-1.661006322767767,1,-1.9191444551074104,1,-0.1572460488594858,0,-1.5061286016251043,1,-1.5979394030130194,1.0,-1.85624308491004,1.0,-0.0932147351753032,0.0,-0.3906488911657018,0,-1.27533953133984,1,-1.534490032237656,1,0.2343182037710826,1,110,5,7,64545,1791390000,2714227.272727273,97.79545454545456,4.545454545454546,6.363636363636363,-1.818181818181818,0.233402842306216,수요-/공급-,D 기타·동반감소,부호 강건성 미충족,부호 강건성 미충족,-0.0640910559922778,0.2908077272406643,-0.0009013360377817,0.0349253229872602,0.0619706979569293,0.0015743535436881,-0.0020717764195603,0.0133511909237279,0.8888888888888888,0.8980392156862745,0.6862745098039216,0.12941176470588237,0.19215686274509805,0.6058823529411764,True,False,True,True,False,수요취약 후보
충청북도,청주시 흥덕구,제과점,HIGH,0.4130971029372814,1,0.5099488226775197,1,2.0864135648219726,1,-1.6391176880968577,1,0.3822499248876632,1.0,0.4790718915147023,1.0,2.055052339378907,1.0,0.9096561550415684,1,-0.4920827907106891,0,-0.3961041466139918,0,1.1661494594455897,1,132,24,13,186313,2305110000,2910492.4242424243,235.2436868686869,18.181818181818183,9.848484848484848,8.333333333333332,1.1767574097804043,수요+/공급+,B 총시장·점포 증가/점포당 감소,부호 강건성 미충족,수요+/공급+,0.0307297137419316,0.379628960778062,-0.0006108038411228,0.0521865678303317,0.2539681118027847,0.0005857384304336,-0.0008314759626121,0.0072028088458047,0.9,0.7598425196850394,0.9291338582677166,0.4645669291338583,0.468503937007874,0.7834645669291339,True,True,False,False,True,고회전 교체시장 후보
충청북도,청주시 흥덕구,중국음식,HIGH,-0.9038583293125634,1,-1.1639839618453838,1,0.0469463834320172,1,-0.950358553773932,1,-0.9343009350516632,1.0,-1.1943466562787846,1.0,0.0162116878847944,1.0,-0.1552403206131619,1,-0.7497819726376089,1,-1.010312052902386,1,0.2025010673513805,1,149,7,9,88807,2481640000,2775883.6689038035,99.33668903803132,4.697986577181208,6.0402684563758395,-1.342281879194631,0.2021867040451791,수요+/공급-,D 기타·동반감소,D 기타·동반감소,수요+/공급-,0.0307297137419316,0.379628960778062,-0.0006108038411228,0.0521865678303317,0.2539681118027847,0.0005857384304336,-0.0008314759626121,0.0072028088458047,0.9,0.8666666666666667,0.7176470588235294,0.24705882352941178,0.23137254901960785,0.7686274509803922,True,False,True,True,True,수요취약 후보
충청북도,충주시,제과점,HIGH,-0.7548062551887513,0,-0.6590810164752553,0,-0.5834505010500738,0,-0.172361397576434,1,-0.7347057058077897,0.0,-0.6389610794563472,0.0,-0.5633152462626041,0.0,0.7989467913930457,1,-1.5414377789058982,1,-1.446471272051821,1,-1.371440214850716,1,79,10,9,117179,1758170000,3709219.4092827,247.21308016877632,12.658227848101266,11.39240506329114,1.2658227848101269,-1.3823972924431196,수요-/공급+,C 총시장 감소/점포 증가,부호 강건성 미충족,부호 강건성 미충족,-0.0202493223072852,0.2152741625705172,-0.0006448124660303,-0.0653368171766663,0.0420638320209234,0.0026780491401485,-0.003878273918409,0.0214744951569031,0.4444444444444444,0.84251968503937,0.7992125984251969,0.25984251968503935,0.11023622047244094,0.6122047244094488,True,True,False,True,False,고회전 교체시장 후보
충청북도,충주시,중국음식,HIGH,0.6640031394213988,1,0.3997618980524377,1,1.6165446357465678,0,-0.937388197699147,1,0.6843910462774767,1.0,0.4200962870109367,1.0,1.6371254648658091,0.0,0.3210972071421505,1,0.3418083950688791,1,0.0784129092486965,0,1.2913010968466283,0,179,6,6,66592,1877320000,1747970.2048417134,62.00372439478584,3.35195530726257,3.35195530726257,0.0,1.2954474286044173,수요+/공급+,A 총시장·점포·점포당 증가,A 총시장·점포·점포당 증가,부호 강건성 미충족,-0.0202493223072852,0.2152741625705172,-0.0006448124660303,-0.0653368171766663,0.0420638320209234,0.0026780491401485,-0.003878273918409,0.0214744951569031,0.4444444444444444,0.5098039215686274,0.5137254901960784,0.5176470588235295,0.48627450980392156,0.8627450980392157,False,False,False,False,True,일반 관찰지역
