SIDO_NM,CCG_NM,TP_BUZ_NO,TP_BUZ_NM,mapping_confidence,nominal_amt_growth_pct_m,real_amt_growth_pct_m,nominal_real_type
강원특별자치도,강릉시,4004,대형할인점,MEDIUM,-6.076864595997405,-5.7520300868844725,명목-/실질-
강원특별자치도,강릉시,4010,편의점,MEDIUM,3.34506258883673,3.702482968074157,명목+/실질+
강원특별자치도,강릉시,4020,슈퍼마켓,MEDIUM,-0.35590794626104316,-0.01128742663035148,명목-/실질-
강원특별자치도,강릉시,8001,일반한식,MEDIUM,0.9846415634716282,0.7195586518673053,명목+/실질+
강원특별자치도,강릉시,8002,갈비전문점,MEDIUM,-2.273521122830495,-2.5300514145707784,명목-/실질-
강원특별자치도,강릉시,8004,일식회집,MEDIUM,3.382902600874197,3.11152429614163,명목+/실질+
강원특별자치도,강릉시,8005,중국음식,MEDIUM,-1.6861556321246487,-1.9442277479684942,명목-/실질-
강원특별자치도,강릉시,8006,서양음식,MEDIUM,0.2400441000728537,-0.023084256259158505,명목+/실질-
강원특별자치도,강릉시,8021,스넥,MEDIUM,0.5014342255044566,0.23761972468129547,명목+/실질+
강원특별자치도,강릉시,8301,제과점,HIGH,-4.6850424613885195,-4.59310806417391,명목-/실질-
강원특별자치도,고성군,4010,편의점,MEDIUM,9.141010461502313,9.518476209476175,명목+/실질+
강원특별자치도,고성군,4020,슈퍼마켓,MEDIUM,11.9701982156872,12.357448750033399,명목+/실질+
강원특별자치도,고성군,8001,일반한식,MEDIUM,9.542514465168054,9.254967287406139,명목+/실질+
강원특별자치도,고성군,8004,일식회집,MEDIUM,17.813642849093466,17.504384104500193,명목+/실질+
강원특별자치도,고성군,8005,중국음식,MEDIUM,1.6437913351179216,1.376978166932683,명목+/실질+
강원특별자치도,고성군,8006,서양음식,MEDIUM,10.207378326943562,9.918085893214448,명목+/실질+
강원특별자치도,고성군,8021,스넥,MEDIUM,6.237693170450749,5.9588210905807735,명목+/실질+
강원특별자치도,고성군,8301,제과점,HIGH,-0.4845824167579108,-0.38859653830482815,명목-/실질-
강원특별자치도,동해시,4004,대형할인점,MEDIUM,-2.7873190153904708,-2.451107565768847,명목-/실질-
강원특별자치도,동해시,4010,편의점,MEDIUM,3.980385086842817,4.340002738039906,명목+/실질+
강원특별자치도,동해시,4020,슈퍼마켓,MEDIUM,-0.9493977815220952,-0.6068298549875215,명목-/실질-
강원특별자치도,동해시,8001,일반한식,MEDIUM,3.3889523264868724,3.117558141331004,명목+/실질+
강원특별자치도,동해시,8002,갈비전문점,MEDIUM,14.081470563081815,13.78200870523147,명목+/실질+
강원특별자치도,동해시,8004,일식회집,MEDIUM,4.57618624892488,4.301675595560901,명목+/실질+
강원특별자치도,동해시,8005,중국음식,MEDIUM,-1.9644157469563175,-2.221757434882753,명목-/실질-
강원특별자치도,동해시,8006,서양음식,MEDIUM,3.981822522758502,3.7088720637432857,명목+/실질+
강원특별자치도,동해시,8021,스넥,MEDIUM,1.9845596770765865,1.7168519979750287,명목+/실질+
강원특별자치도,동해시,8301,제과점,HIGH,-1.6494591198903463,-1.5545968031563333,명목-/실질-
강원특별자치도,삼척시,4004,대형할인점,MEDIUM,-23.201190952861772,-22.935581171736086,명목-/실질-
강원특별자치도,삼척시,4010,편의점,MEDIUM,7.309169537898116,7.68029983779954,명목+/실질+
강원특별자치도,삼척시,4020,슈퍼마켓,MEDIUM,4.348537651297776,4.7094285634124065,명목+/실질+
강원특별자치도,삼척시,8001,일반한식,MEDIUM,7.65237067351764,7.369785090032832,명목+/실질+
강원특별자치도,삼척시,8002,갈비전문점,MEDIUM,-0.5168953937272781,-0.7780367971739035,명목-/실질-
강원특별자치도,삼척시,8004,일식회집,MEDIUM,13.074037396374298,12.777220032903974,명목+/실질+
강원특별자치도,삼척시,8005,중국음식,MEDIUM,3.024794938668859,2.754356660263963,명목+/실질+
강원특별자치도,삼척시,8006,서양음식,MEDIUM,4.523300776180663,4.2489289462543836,명목+/실질+
강원특별자치도,삼척시,8021,스넥,MEDIUM,6.093588132512339,5.815094325837546,명목+/실질+
강원특별자치도,삼척시,8301,제과점,HIGH,0.5269705010109064,0.6239320553719255,명목+/실질+
강원특별자치도,속초시,4004,대형할인점,MEDIUM,-0.0777557011488206,0.26782681200568714,명목-/실질+
강원특별자치도,속초시,4010,편의점,MEDIUM,2.1576005903741144,2.510914115281366,명목+/실질+
강원특별자치도,속초시,4020,슈퍼마켓,MEDIUM,-1.229717103384679,-0.8881186652400934,명목-/실질-
강원특별자치도,속초시,8001,일반한식,MEDIUM,1.4311690458713469,1.1649140074636397,명목+/실질+
강원특별자치도,속초시,8002,갈비전문점,MEDIUM,22.381930703552577,22.060680283524672,명목+/실질+
강원특별자치도,속초시,8004,일식회집,MEDIUM,1.7330386977371393,1.4659912567914128,명목+/실질+
강원특별자치도,속초시,8005,중국음식,MEDIUM,-1.372378618870122,-1.631274393866527,명목-/실질-
강원특별자치도,속초시,8006,서양음식,MEDIUM,0.06038156634484139,-0.20227517898974617,명목+/실질-
강원특별자치도,속초시,8021,스넥,MEDIUM,0.9167911145723588,0.6518863092055703,명목+/실질+
강원특별자치도,속초시,8301,제과점,HIGH,-0.900275293118415,-0.8046903640549471,명목-/실질-
강원특별자치도,양구군,4010,편의점,MEDIUM,6.50335204175225,6.8716954103008305,명목+/실질+
강원특별자치도,양구군,4020,슈퍼마켓,MEDIUM,2.8290352713640354,3.18467096273271,명목+/실질+
강원특별자치도,양구군,8001,일반한식,MEDIUM,6.487434878398131,6.2079072309284555,명목+/실질+
강원특별자치도,양구군,8004,일식회집,MEDIUM,15.579724024389515,15.276329277500956,명목+/실질+
강원특별자치도,양구군,8005,중국음식,MEDIUM,5.4204029723910985,5.14367626494571,명목+/실질+
강원특별자치도,양구군,8006,서양음식,MEDIUM,2.769809811368144,2.5000408644468197,명목+/실질+
강원특별자치도,양구군,8021,스넥,MEDIUM,4.269418887349176,3.995713492924651,명목+/실질+
강원특별자치도,양구군,8301,제과점,HIGH,-0.7968068543124441,-0.7011221265520345,명목-/실질-
강원특별자치도,양양군,4010,편의점,MEDIUM,8.080647687594624,8.454446155727018,명목+/실질+
강원특별자치도,양양군,4020,슈퍼마켓,MEDIUM,4.547305217799493,4.908883570389837,명목+/실질+
강원특별자치도,양양군,8001,일반한식,MEDIUM,7.802728795469246,7.519748524553322,명목+/실질+
강원특별자치도,양양군,8004,일식회집,MEDIUM,8.727030388689048,8.44162384231453,명목+/실질+
강원특별자치도,양양군,8005,중국음식,MEDIUM,3.003391100128193,2.733009006423733,명목+/실질+
강원특별자치도,양양군,8006,서양음식,MEDIUM,6.912805284909686,6.632161047589145,명목+/실질+
강원특별자치도,양양군,8021,스넥,MEDIUM,5.552824440721571,5.275750129246251,명목+/실질+
강원특별자치도,양양군,8301,제과점,HIGH,1.4084826715245327,1.5062944732353911,명목+/실질+
강원특별자치도,영월군,4004,대형할인점,MEDIUM,0.8704166761252075,1.219278457027911,명목+/실질+
강원특별자치도,영월군,4010,편의점,MEDIUM,9.876413099484921,10.25642224801607,명목+/실질+
강원특별자치도,영월군,4020,슈퍼마켓,MEDIUM,6.206302405341673,6.573618423467907,명목+/실질+
강원특별자치도,영월군,8001,일반한식,MEDIUM,13.96107762965452,13.661931801141375,명목+/실질+
강원특별자치도,영월군,8004,일식회집,MEDIUM,10.828811808148348,10.537888122438636,명목+/실질+
강원특별자치도,영월군,8005,중국음식,MEDIUM,6.592321772301984,6.312518798576501,명목+/실질+
강원특별자치도,영월군,8006,서양음식,MEDIUM,13.67387457808189,13.375482652538143,명목+/실질+
강원특별자치도,영월군,8021,스넥,MEDIUM,7.330417700698405,7.0486772381161185,명목+/실질+
강원특별자치도,영월군,8301,제과점,HIGH,6.282005413515214,6.384517887472456,명목+/실질+
강원특별자치도,원주시,4004,대형할인점,MEDIUM,-5.2163847227005755,-4.888574231620942,명목-/실질-
강원특별자치도,원주시,4010,편의점,MEDIUM,4.210805899521699,4.571220464399845,명목+/실질+
강원특별자치도,원주시,4020,슈퍼마켓,MEDIUM,-1.806287176645979,-1.4666828143583304,명목-/실질-
강원특별자치도,원주시,8001,일반한식,MEDIUM,3.3728539721530635,3.1015020448943655,명목+/실질+
강원특별자치도,원주시,8002,갈비전문점,MEDIUM,-4.963679317241801,-5.2131479909401115,명목-/실질-
강원특별자치도,원주시,8004,일식회집,MEDIUM,-0.31041843596220403,-0.5721018377989859,명목-/실질-
강원특별자치도,원주시,8005,중국음식,MEDIUM,-1.3442238043302692,-1.603193485220569,명목-/실질-
강원특별자치도,원주시,8006,서양음식,MEDIUM,2.9344457220692326,2.664244608771987,명목+/실질+
강원특별자치도,원주시,8021,스넥,MEDIUM,1.6056269185714436,1.3389139313097227,명목+/실질+
강원특별자치도,원주시,8301,제과점,HIGH,1.5757299113544936,1.6737030285036012,명목+/실질+
강원특별자치도,인제군,4004,대형할인점,MEDIUM,8.600590060495207,8.976186756771675,명목+/실질+
강원특별자치도,인제군,4010,편의점,MEDIUM,7.845754756729248,8.21874084429542,명목+/실질+
강원특별자치도,인제군,4020,슈퍼마켓,MEDIUM,-22.47934172655237,-22.211235419538156,명목-/실질-
강원특별자치도,인제군,8001,일반한식,MEDIUM,6.796427907635517,6.516089158887596,명목+/실질+
강원특별자치도,인제군,8004,일식회집,MEDIUM,-3.8919824904564373,-4.144264349514543,명목-/실질-
강원특별자치도,인제군,8005,중국음식,MEDIUM,-0.47643730887651253,-0.7376849140858388,명목-/실질-
강원특별자치도,인제군,8006,서양음식,MEDIUM,3.221343034818664,2.9503888211109746,명목+/실질+
강원특별자치도,인제군,8021,스넥,MEDIUM,4.417473398934618,4.143379364016109,명목+/실질+
강원특별자치도,인제군,8301,제과점,HIGH,0.09509689831434492,0.19164189644576482,명목+/실질+
강원특별자치도,정선군,4010,편의점,MEDIUM,1.6178016009270637,1.9692482232974435,명목+/실질+
강원특별자치도,정선군,4020,슈퍼마켓,MEDIUM,23.81190911824376,24.24011437936254,명목+/실질+
강원특별자치도,정선군,8001,일반한식,MEDIUM,3.76673497645564,3.494349118474115,명목+/실질+
강원특별자치도,정선군,8004,일식회집,MEDIUM,0.8567231832089754,0.5919760551077894,명목+/실질+
강원특별자치도,정선군,8005,중국음식,MEDIUM,6.3708682250532,6.091646563002455,명목+/실질+
강원특별자치도,정선군,8006,서양음식,MEDIUM,-4.692347369347578,-4.942528284646464,명목-/실질-
강원특별자치도,정선군,8021,스넥,MEDIUM,5.073927233073014,4.798110018361983,명목+/실질+
강원특별자치도,정선군,8301,제과점,HIGH,10.44560256676592,10.552130966496327,명목+/실질+
강원특별자치도,철원군,4010,편의점,MEDIUM,5.4092583646159245,5.773817794510762,명목+/실질+
강원특별자치도,철원군,4020,슈퍼마켓,MEDIUM,0.42331471073515936,0.7706301830862068,명목+/실질+
강원특별자치도,철원군,8001,일반한식,MEDIUM,4.22459506166148,3.9510073289928296,명목+/실질+
강원특별자치도,철원군,8004,일식회집,MEDIUM,-4.036592965633635,-4.288495224732308,명목-/실질-
강원특별자치도,철원군,8005,중국음식,MEDIUM,1.5130848631414913,1.2466147971513477,명목+/실질+
강원특별자치도,철원군,8006,서양음식,MEDIUM,0.8929134927209101,0.6280713656924257,명목+/실질+
강원특별자치도,철원군,8021,스넥,MEDIUM,1.5659868829020347,1.2993779500383222,명목+/실질+
강원특별자치도,철원군,8301,제과점,HIGH,-2.3380345031936836,-2.2438363399612338,명목-/실질-
강원특별자치도,춘천시,4004,대형할인점,MEDIUM,-2.5022226751247563,-2.165025215726809,명목-/실질-
강원특별자치도,춘천시,4010,편의점,MEDIUM,4.54140197520178,4.902959911342995,명목+/실질+
강원특별자치도,춘천시,4020,슈퍼마켓,MEDIUM,-0.47305912253506793,-0.12884377192564309,명목-/실질-
강원특별자치도,춘천시,8001,일반한식,MEDIUM,3.6127398064712333,3.340758183108116,명목+/실질+
강원특별자치도,춘천시,8002,갈비전문점,MEDIUM,1.970227076172941,1.7025570198969924,명목+/실질+
강원특별자치도,춘천시,8003,한정식,MEDIUM,-7.740964535850206,-7.983142884596971,명목-/실질-
강원특별자치도,춘천시,8004,일식회집,MEDIUM,2.224035097373736,1.9556987994974573,명목+/실질+
강원특별자치도,춘천시,8005,중국음식,MEDIUM,0.12066170282715025,-0.14215327680765605,명목+/실질-
강원특별자치도,춘천시,8006,서양음식,MEDIUM,3.4956675784865334,3.2239932676669545,명목+/실질+
강원특별자치도,춘천시,8021,스넥,MEDIUM,4.462338024999308,4.188126221224601,명목+/실질+
강원특별자치도,춘천시,8301,제과점,HIGH,1.4842700499134212,1.5821549510319624,명목+/실질+
강원특별자치도,태백시,4004,대형할인점,MEDIUM,-2.0419843102608755,-1.703195109885914,명목-/실질-
강원특별자치도,태백시,4010,편의점,MEDIUM,2.407431992494487,2.7616095628844586,명목+/실질+
강원특별자치도,태백시,4020,슈퍼마켓,MEDIUM,-0.8000809258906163,-0.4569965848720853,명목-/실질-
강원특별자치도,태백시,8001,일반한식,MEDIUM,-0.7918927844094661,-1.0523123245325898,명목-/실질-
강원특별자치도,태백시,8002,갈비전문점,MEDIUM,-5.081077452031831,-5.33023795768682,명목-/실질-
강원특별자치도,태백시,8004,일식회집,MEDIUM,0.6027883527731817,0.33870779914492555,명목+/실질+
강원특별자치도,태백시,8005,중국음식,MEDIUM,2.3347353166847116,2.066108432675478,명목+/실질+
강원특별자치도,태백시,8006,서양음식,MEDIUM,-2.6076437517163717,-2.863296977420596,명목-/실질-
강원특별자치도,태백시,8021,스넥,MEDIUM,2.1918894014500445,1.9236374854612406,명목+/실질+
강원특별자치도,태백시,8301,제과점,HIGH,-0.700106188905056,-0.6043281901868717,명목-/실질-
강원특별자치도,평창군,4004,대형할인점,MEDIUM,1.0339236401564085,1.3833509122362724,명목+/실질+
강원특별자치도,평창군,4010,편의점,MEDIUM,-5.089613244996646,-4.761364312945504,명목-/실질-
강원특별자치도,평창군,4020,슈퍼마켓,MEDIUM,-0.6680948678786851,-0.3245540511878599,명목-/실질-
강원특별자치도,평창군,8001,일반한식,MEDIUM,-1.5892558945111792,-1.8475823704655996,명목-/실질-
강원특별자치도,평창군,8004,일식회집,MEDIUM,-12.542433289436092,-12.772007866981033,명목-/실질-
강원특별자치도,평창군,8005,중국음식,MEDIUM,-2.0144960101473948,-2.271706238262346,명목-/실질-
강원특별자치도,평창군,8006,서양음식,MEDIUM,-9.787798402714497,-10.024603848487214,명목-/실질-
강원특별자치도,평창군,8021,스넥,MEDIUM,-4.115281452758094,-4.3669771559594475,명목-/실질-
강원특별자치도,평창군,8301,제과점,HIGH,-2.6719706514646373,-2.5780945805805096,명목-/실질-
강원특별자치도,홍천군,4004,대형할인점,MEDIUM,4.038820636905783,4.398640388289922,명목+/실질+
강원특별자치도,홍천군,4010,편의점,MEDIUM,3.6368602557345975,3.9952898213826846,명목+/실질+
강원특별자치도,홍천군,4020,슈퍼마켓,MEDIUM,-3.148734637425131,-2.8137731489093687,명목-/실질-
강원특별자치도,홍천군,8001,일반한식,MEDIUM,3.0512411946651308,2.7807334953023846,명목+/실질+
강원특별자치도,홍천군,8004,일식회집,MEDIUM,-5.72689585868324,-5.97436110235606,명목-/실질-
강원특별자치도,홍천군,8005,중국음식,MEDIUM,-1.421135652466764,-1.6799034411056755,명목-/실질-
강원특별자치도,홍천군,8006,서양음식,MEDIUM,-6.478756430974871,-6.724248053842302,명목-/실질-
강원특별자치도,홍천군,8021,스넥,MEDIUM,-1.85289134518595,-2.1105257827096775,명목-/실질-
강원특별자치도,홍천군,8301,제과점,HIGH,-5.186044276540578,-5.0945931119799175,명목-/실질-
강원특별자치도,화천군,4010,편의점,MEDIUM,4.832112020161367,5.194675381157142,명목+/실질+
강원특별자치도,화천군,4020,슈퍼마켓,MEDIUM,-0.05098184941508499,0.2946932614891901,명목-/실질+
강원특별자치도,화천군,8001,일반한식,MEDIUM,-1.131975933620831,-1.391502761446473,명목-/실질-
강원특별자치도,화천군,8004,일식회집,MEDIUM,-2.310774514720802,-2.5672070169612993,명목-/실질-
강원특별자치도,화천군,8005,중국음식,MEDIUM,1.5151138024366257,1.248638410516202,명목+/실질+
강원특별자치도,화천군,8006,서양음식,MEDIUM,-0.4957653032433098,-0.756962172806624,명목-/실질-
강원특별자치도,화천군,8021,스넥,MEDIUM,-2.003791875043496,-2.2610302013250267,명목-/실질-
강원특별자치도,화천군,8301,제과점,HIGH,-0.9904271924218777,-0.8949292178167246,명목-/실질-
강원특별자치도,횡성군,4010,편의점,MEDIUM,3.374260592625569,3.7317819535774697,명목+/실질+
강원특별자치도,횡성군,4020,슈퍼마켓,MEDIUM,-0.3344753357824621,0.01021930883846625,명목-/실질+
강원특별자치도,횡성군,8001,일반한식,MEDIUM,7.219832495321285,6.938382316962155,명목+/실질+
강원특별자치도,횡성군,8004,일식회집,MEDIUM,15.6536148351338,15.350026126164035,명목+/실질+
강원특별자치도,횡성군,8005,중국음식,MEDIUM,-0.0020029462399595173,-0.2644959333238524,명목-/실질-
강원특별자치도,횡성군,8006,서양음식,MEDIUM,4.601201271007184,4.326624953649309,명목+/실질+
강원특별자치도,횡성군,8021,스넥,MEDIUM,-1.8381809504046036,-2.0958540024565737,명목-/실질-
강원특별자치도,횡성군,8301,제과점,HIGH,3.765575661928797,3.86566095700128,명목+/실질+
경기도,가평군,4010,편의점,MEDIUM,8.526412888730047,8.901753042195587,명목+/실질+
경기도,가평군,4020,슈퍼마켓,MEDIUM,6.162449291982712,6.529613643488311,명목+/실질+
경기도,가평군,8001,일반한식,MEDIUM,11.93783594551096,11.64400109090635,명목+/실질+
경기도,가평군,8004,일식회집,MEDIUM,-0.24148429967556986,-0.5033486524101602,명목-/실질-
경기도,가평군,8005,중국음식,MEDIUM,5.287256310949948,5.01087911115403,명목+/실질+
경기도,가평군,8006,서양음식,MEDIUM,7.731763569202606,7.44896958076009,명목+/실질+
경기도,가평군,8021,스넥,MEDIUM,4.94995674279365,4.674464948443802,명목+/실질+
경기도,가평군,8301,제과점,HIGH,3.7159385758081998,3.815975994285873,명목+/실질+
경기도,고양시 덕양구,4004,대형할인점,MEDIUM,-3.3233986647843037,-2.98904125430861,명목-/실질-
경기도,고양시 덕양구,4010,편의점,MEDIUM,2.4003794749865515,2.754532654143459,명목+/실질+
경기도,고양시 덕양구,4020,슈퍼마켓,MEDIUM,-1.2366060060487183,-0.8950313932727179,명목-/실질-
경기도,고양시 덕양구,8001,일반한식,MEDIUM,2.1993272121359637,1.9310557720245127,명목+/실질+
경기도,고양시 덕양구,8004,일식회집,MEDIUM,0.45838439069611986,0.1946828949335203,명목+/실질+
경기도,고양시 덕양구,8005,중국음식,MEDIUM,-0.4720905157116503,-0.7333495311768339,명목-/실질-
경기도,고양시 덕양구,8006,서양음식,MEDIUM,1.3035630381352532,1.0376429632578,명목+/실질+
경기도,고양시 덕양구,8021,스넥,MEDIUM,2.7205222415299755,2.450882673614275,명목+/실질+
경기도,고양시 덕양구,8301,제과점,HIGH,-1.996186691960708,-1.9016588053220238,명목-/실질-
경기도,고양시 일산동구,4004,대형할인점,MEDIUM,-2.3588574129862807,-2.021164122775626,명목-/실질-
경기도,고양시 일산동구,4010,편의점,MEDIUM,2.063414676052012,2.4164024576254004,명목+/실질+
경기도,고양시 일산동구,4020,슈퍼마켓,MEDIUM,-0.5108559758432143,-0.16677134619229503,명목-/실질-
경기도,고양시 일산동구,8001,일반한식,MEDIUM,0.7729565083932683,0.5084292663430419,명목+/실질+
경기도,고양시 일산동구,8004,일식회집,MEDIUM,1.829028060054317,1.5617286487172815,명목+/실질+
경기도,고양시 일산동구,8005,중국음식,MEDIUM,-1.8975561566196029,-2.1550733497972816,명목-/실질-
경기도,고양시 일산동구,8006,서양음식,MEDIUM,2.1170302497450044,1.8489748377151924,명목+/실질+
경기도,고양시 일산동구,8021,스넥,MEDIUM,5.060985006744374,4.785201765150191,명목+/실질+
경기도,고양시 일산동구,8301,제과점,HIGH,-0.6396474271457796,-0.5438111139721369,명목-/실질-
경기도,고양시 일산서구,4004,대형할인점,MEDIUM,-5.380654189437087,-5.053411826660775,명목-/실질-
경기도,고양시 일산서구,4010,편의점,MEDIUM,3.4440470098534197,3.801809728128895,명목+/실질+
경기도,고양시 일산서구,4020,슈퍼마켓,MEDIUM,-2.2390783056315895,-1.900970757662526,명목-/실질-
경기도,고양시 일산서구,8001,일반한식,MEDIUM,1.1734231406242273,0.9078446806935987,명목+/실질+
경기도,고양시 일산서구,8004,일식회집,MEDIUM,-0.4644641114276864,-0.7257431460702077,명목-/실질-
경기도,고양시 일산서구,8005,중국음식,MEDIUM,-0.5431694848744476,-0.8042419192931691,명목-/실질-
경기도,고양시 일산서구,8006,서양음식,MEDIUM,2.205122628715362,1.9368359757369655,명목+/실질+
경기도,고양시 일산서구,8021,스넥,MEDIUM,3.773218492080717,3.5008156149846745,명목+/실질+
경기도,고양시 일산서구,8301,제과점,HIGH,-1.4971826690769856,-1.402173476720636,명목-/실질-
경기도,과천시,4004,대형할인점,MEDIUM,-1.8153232312699497,-1.4757501203063637,명목-/실질-
경기도,과천시,4010,편의점,MEDIUM,6.144739512131973,6.511842614110237,명목+/실질+
경기도,과천시,4020,슈퍼마켓,MEDIUM,0.116135920512779,0.46238901061798265,명목+/실질+
경기도,과천시,8001,일반한식,MEDIUM,7.148643271680069,6.867379963783418,명목+/실질+
경기도,과천시,8004,일식회집,MEDIUM,10.48835073550408,10.198320754134121,명목+/실질+
경기도,과천시,8005,중국음식,MEDIUM,0.7460452516421591,0.48158865116850513,명목+/실질+
경기도,과천시,8006,서양음식,MEDIUM,6.185601545309964,5.906866205041713,명목+/실질+
경기도,과천시,8021,스넥,MEDIUM,10.653905946369926,10.363441385477296,명목+/실질+
경기도,과천시,8301,제과점,HIGH,1.6773066259453129,1.7753777171614713,명목+/실질+
경기도,광명시,4004,대형할인점,MEDIUM,-1.8127327762476817,-1.4731507061583908,명목-/실질-
경기도,광명시,4010,편의점,MEDIUM,1.6609353527993749,2.0125311538684847,명목+/실질+
경기도,광명시,4020,슈퍼마켓,MEDIUM,-0.9507290931332223,-0.6081657709590677,명목-/실질-
경기도,광명시,8001,일반한식,MEDIUM,1.1822294960255617,0.9166279195665754,명목+/실질+
경기도,광명시,8002,갈비전문점,MEDIUM,-9.126486973678736,-9.365028350345392,명목-/실질-
경기도,광명시,8004,일식회집,MEDIUM,0.7525747901033842,0.48810104970597334,명목+/실질+
경기도,광명시,8005,중국음식,MEDIUM,-0.32924865918963875,-0.590882632020579,명목-/실질-
경기도,광명시,8006,서양음식,MEDIUM,0.985283866845147,0.7201992692057908,명목+/실질+
경기도,광명시,8021,스넥,MEDIUM,3.1223885151968274,2.8516940553664263,명목+/실질+
경기도,광명시,8301,제과점,HIGH,-1.4588286273671331,-1.3637824412818205,명목-/실질-
경기도,광주시,4004,대형할인점,MEDIUM,-2.2187053806672417,-1.880527372645516,명목-/실질-
경기도,광주시,4010,편의점,MEDIUM,3.1124008944179655,3.469016609852691,명목+/실질+
경기도,광주시,4020,슈퍼마켓,MEDIUM,-1.3681426818340932,-1.0270229905352335,명목-/실질-
경기도,광주시,8001,일반한식,MEDIUM,3.735747317254394,3.46344280133452,명목+/실질+
경기도,광주시,8004,일식회집,MEDIUM,1.4760006705962638,1.2096279499604976,명목+/실질+
경기도,광주시,8005,중국음식,MEDIUM,-0.43822485615217777,-0.6995727683792891,명목-/실질-
경기도,광주시,8006,서양음식,MEDIUM,4.143755168888096,3.8703796395190593,명목+/실질+
경기도,광주시,8021,스넥,MEDIUM,3.2315547062472687,2.9605736870816126,명목+/실질+
경기도,광주시,8301,제과점,HIGH,-0.5607038007679448,-0.46479134388223775,명목-/실질-
경기도,구리시,4004,대형할인점,MEDIUM,-0.5542764778786765,-0.21034201865593738,명목-/실질-
경기도,구리시,4010,편의점,MEDIUM,3.0391789586232685,3.3955414349443944,명목+/실질+
경기도,구리시,4020,슈퍼마켓,MEDIUM,-2.116930299398961,-1.7784003008008364,명목-/실질-
경기도,구리시,8001,일반한식,MEDIUM,2.141125854510605,1.8730071919412628,명목+/실질+
경기도,구리시,8004,일식회집,MEDIUM,0.46921149427524106,0.20548157755588156,명목+/실질+
경기도,구리시,8005,중국음식,MEDIUM,0.11339630875695471,-0.14939959934574945,명목+/실질-
경기도,구리시,8006,서양음식,MEDIUM,2.852089285175647,2.582104356079811,명목+/실질+
경기도,구리시,8021,스넥,MEDIUM,5.204430621881849,4.928270838066013,명목+/실질+
경기도,구리시,8301,제과점,HIGH,0.436794543275009,0.5336691199722812,명목+/실질+
경기도,군포시,4004,대형할인점,MEDIUM,-2.2547985547508707,-1.9167453754884163,명목-/실질-
경기도,군포시,4010,편의점,MEDIUM,2.9041212186658103,3.2600165958587293,명목+/실질+
경기도,군포시,4020,슈퍼마켓,MEDIUM,-0.54345106082881,-0.19947916174600147,명목-/실질-
경기도,군포시,8001,일반한식,MEDIUM,1.5895494221505353,1.3228786380348212,명목+/실질+
경기도,군포시,8004,일식회집,MEDIUM,2.885358735766413,2.615286474946875,명목+/실질+
경기도,군포시,8005,중국음식,MEDIUM,-0.7642500030079229,-1.0247421049469876,명목-/실질-
경기도,군포시,8006,서양음식,MEDIUM,2.6766250154820166,2.407100677014445,명목+/실질+
경기도,군포시,8021,스넥,MEDIUM,4.19244245378084,3.918939121143578,명목+/실질+
경기도,군포시,8301,제과점,HIGH,-1.3808244715522342,-1.2857030479045466,명목-/실질-
경기도,김포시,4004,대형할인점,MEDIUM,-4.24625900971173,-3.9150933249576596,명목-/실질-
경기도,김포시,4010,편의점,MEDIUM,3.610785389318934,3.969124774667738,명목+/실질+
경기도,김포시,4020,슈퍼마켓,MEDIUM,-1.0494198582090524,-0.7071978594593775,명목-/실질-
경기도,김포시,8001,일반한식,MEDIUM,1.860099430494164,1.5927184573550943,명목+/실질+
경기도,김포시,8004,일식회집,MEDIUM,1.1122587385269163,0.8468408340784183,명목+/실질+
경기도,김포시,8005,중국음식,MEDIUM,-1.2636751906306585,-1.522856310218305,명목-/실질-
경기도,김포시,8006,서양음식,MEDIUM,3.061375676782451,2.7908413745822753,명목+/실질+
경기도,김포시,8021,스넥,MEDIUM,5.086662347912249,4.810811703748144,명목+/실질+
경기도,김포시,8301,제과점,HIGH,-1.881190360204297,-1.7865515558383973,명목-/실질-
경기도,남양주시,4004,대형할인점,MEDIUM,-2.3874334838088074,-2.0498390243484046,명목-/실질-
경기도,남양주시,4010,편의점,MEDIUM,3.1684968468773196,3.525306570967121,명목+/실질+
경기도,남양주시,4020,슈퍼마켓,MEDIUM,-0.4728697112135328,-0.12865370552224367,명목-/실질-
경기도,남양주시,8001,일반한식,MEDIUM,2.8873229034589643,2.61724548673361,명목+/실질+
경기도,남양주시,8004,일식회집,MEDIUM,1.3153077267804802,1.0493568223018652,명목+/실질+
경기도,남양주시,8005,중국음식,MEDIUM,-0.22719949208198856,-0.4891013421857827,명목-/실질-
경기도,남양주시,8006,서양음식,MEDIUM,2.8844352695355844,2.614365432798497,명목+/실질+
경기도,남양주시,8021,스넥,MEDIUM,4.812235832425745,4.537105553048059,명목+/실질+
경기도,남양주시,8301,제과점,HIGH,0.4244968288797099,0.5213595440287171,명목+/실질+
경기도,동두천시,4004,대형할인점,MEDIUM,-2.6206902666851963,-2.2839025291495907,명목-/실질-
경기도,동두천시,4010,편의점,MEDIUM,3.075561412253036,3.4320497178113167,명목+/실질+
경기도,동두천시,4020,슈퍼마켓,MEDIUM,-3.2844460088852876,-2.9499538800913645,명목-/실질-
경기도,동두천시,8001,일반한식,MEDIUM,2.6700445234192327,2.4005374586277264,명목+/실질+
경기도,동두천시,8004,일식회집,MEDIUM,0.12786389884095226,-0.13496998643178473,명목+/실질-
경기도,동두천시,8005,중국음식,MEDIUM,0.09096608840032831,-0.17177094076759103,명목+/실질-
경기도,동두천시,8006,서양음식,MEDIUM,2.998441499742083,2.728072398651908,명목+/실질+
경기도,동두천시,8021,스넥,MEDIUM,6.350922732082198,6.071753426600365,명목+/실질+
경기도,동두천시,8301,제과점,HIGH,-0.5591712077982383,-0.4632572726761,명목-/실질-
경기도,부천시 소사구,4004,대형할인점,MEDIUM,-4.942408516432149,-4.61365047471881,명목-/실질-
경기도,부천시 소사구,4010,편의점,MEDIUM,2.5881398758519545,2.9429424270450064,명목+/실질+
경기도,부천시 소사구,4020,슈퍼마켓,MEDIUM,-1.6915760380810936,-1.3515749456776889,명목-/실질-
경기도,부천시 소사구,8001,일반한식,MEDIUM,0.7278144061423046,0.46340566131819305,명목+/실질+
경기도,부천시 소사구,8004,일식회집,MEDIUM,-0.28534329811547865,-0.5470925217486992,명목-/실질-
경기도,부천시 소사구,8005,중국음식,MEDIUM,0.5454175296682583,0.28148757344362185,명목+/실질+
경기도,부천시 소사구,8006,서양음식,MEDIUM,3.146478908471445,2.8757212117815865,명목+/실질+
경기도,부천시 소사구,8021,스넥,MEDIUM,4.729582233158899,4.454668918028839,명목+/실질+
경기도,부천시 소사구,8301,제과점,HIGH,-0.8415190090053877,-0.745877407581987,명목-/실질-
경기도,부천시 오정구,4004,대형할인점,MEDIUM,-21.523042948221228,-21.25162926818447,명목-/실질-
경기도,부천시 오정구,4010,편의점,MEDIUM,2.854465983110388,3.2101896269597976,명목+/실질+
경기도,부천시 오정구,4020,슈퍼마켓,MEDIUM,0.007640141880606313,0.35351799778145593,명목+/실질+
경기도,부천시 오정구,8001,일반한식,MEDIUM,1.5197380114869474,1.2532504810987861,명목+/실질+
경기도,부천시 오정구,8004,일식회집,MEDIUM,-0.46768286683971205,-0.728953452305678,명목-/실질-
경기도,부천시 오정구,8005,중국음식,MEDIUM,-0.08622909397471919,-0.3485009888991603,명목-/실질-
경기도,부천시 오정구,8006,서양음식,MEDIUM,3.276647737786303,3.0055483502041396,명목+/실질+
경기도,부천시 오정구,8021,스넥,MEDIUM,3.831500969024976,3.5589451014497406,명목+/실질+
경기도,부천시 오정구,8301,제과점,HIGH,-2.0045800174525934,-1.9100602264510074,명목-/실질-
경기도,부천시 원미구,4004,대형할인점,MEDIUM,-1.6780959461383624,-1.338048232643795,명목-/실질-
경기도,부천시 원미구,4010,편의점,MEDIUM,2.8450165063823363,3.20070746908123,명목+/실질+
경기도,부천시 원미구,4020,슈퍼마켓,MEDIUM,-0.1300756506180061,0.2153259132416121,명목-/실질+
경기도,부천시 원미구,8001,일반한식,MEDIUM,1.1284056626504912,0.8629453728093893,명목+/실질+
경기도,부천시 원미구,8004,일식회집,MEDIUM,0.6748821238563103,0.4106123253441711,명목+/실질+
경기도,부천시 원미구,8005,중국음식,MEDIUM,4.023332347227892,3.7502729256520304,명목+/실질+
경기도,부천시 원미구,8006,서양음식,MEDIUM,3.301118334491443,3.029954712022491,명목+/실질+
경기도,부천시 원미구,8021,스넥,MEDIUM,4.425799018294549,4.151683128771403,명목+/실질+
경기도,부천시 원미구,8301,제과점,HIGH,-1.022791394468029,-0.9273246361953724,명목-/실질-
경기도,성남시 분당구,4004,대형할인점,MEDIUM,-2.2150794588838387,-1.8768889105595012,명목-/실질-
경기도,성남시 분당구,4010,편의점,MEDIUM,2.605418695747629,2.960281005986588,명목+/실질+
경기도,성남시 분당구,4020,슈퍼마켓,MEDIUM,-1.3548583723975938,-1.0136927371243163,명목-/실질-
경기도,성남시 분당구,8001,일반한식,MEDIUM,0.35804477468569007,0.09460666865379573,명목+/실질+
경기도,성남시 분당구,8004,일식회집,MEDIUM,-0.5224933851296224,-0.7836200939471685,명목-/실질-
경기도,성남시 분당구,8005,중국음식,MEDIUM,-1.8078832974529762,-2.0656358803122017,명목-/실질-
경기도,성남시 분당구,8006,서양음식,MEDIUM,2.7009667323566386,2.431378497309178,명목+/실질+
경기도,성남시 분당구,8021,스넥,MEDIUM,2.1342636422973134,1.866162992914584,명목+/실질+
경기도,성남시 분당구,8301,제과점,HIGH,-0.06540615510674665,0.030984032574731132,명목-/실질+
경기도,성남시 수정구,4004,대형할인점,MEDIUM,-1.7333687424392656,-1.3935121907022219,명목-/실질-
경기도,성남시 수정구,4010,편의점,MEDIUM,2.624269455830648,2.979196961693167,명목+/실질+
경기도,성남시 수정구,4020,슈퍼마켓,MEDIUM,-2.360101633706346,-2.022412646650967,명목-/실질-
경기도,성남시 수정구,8001,일반한식,MEDIUM,2.4775438544677684,2.208542100553552,명목+/실질+
경기도,성남시 수정구,8004,일식회집,MEDIUM,0.8869827364387982,0.6221561775416975,명목+/실질+
경기도,성남시 수정구,8005,중국음식,MEDIUM,0.4496369051489863,0.18595837138265053,명목+/실질+
경기도,성남시 수정구,8006,서양음식,MEDIUM,3.889129690209407,3.61642254825282,명목+/실질+
경기도,성남시 수정구,8021,스넥,MEDIUM,2.5358008528864833,2.2666461753738076,명목+/실질+
경기도,성남시 수정구,8301,제과점,HIGH,-1.6132089985741682,-1.5183117174111065,명목-/실질-
경기도,성남시 중원구,4004,대형할인점,MEDIUM,-22.282984271848548,-22.014198859764576,명목-/실질-
경기도,성남시 중원구,4010,편의점,MEDIUM,1.4828649625510837,1.833844904625007,명목+/실질+
경기도,성남시 중원구,4020,슈퍼마켓,MEDIUM,-1.9745571331501894,-1.6355347349171077,명목-/실질-
경기도,성남시 중원구,8001,일반한식,MEDIUM,-0.29064650707581896,-0.5523818098788397,명목-/실질-
경기도,성남시 중원구,8004,일식회집,MEDIUM,-0.8276452771543116,-1.0879709676112772,명목-/실질-
경기도,성남시 중원구,8005,중국음식,MEDIUM,-0.6980958964880254,-0.9587616517953192,명목-/실질-
경기도,성남시 중원구,8006,서양음식,MEDIUM,3.0744389218417956,2.803870328852529,명목+/실질+
경기도,성남시 중원구,8021,스넥,MEDIUM,3.993524850070132,3.7205436726512233,명목+/실질+
경기도,성남시 중원구,8301,제과점,HIGH,0.36176961288741505,0.4585718255829678,명목+/실질+
경기도,수원시 권선구,4004,대형할인점,MEDIUM,-2.874650518873153,-2.5387411065073193,명목-/실질-
경기도,수원시 권선구,4010,편의점,MEDIUM,2.2235198520684074,2.5770613596860374,명목+/실질+
경기도,수원시 권선구,4020,슈퍼마켓,MEDIUM,2.088564012893851,2.441638773808985,명목+/실질+
경기도,수원시 권선구,8001,일반한식,MEDIUM,1.1204905247871986,0.855051012044205,명목+/실질+
경기도,수원시 권선구,8004,일식회집,MEDIUM,9.377585157582443,9.09047091635802,명목+/실질+
경기도,수원시 권선구,8005,중국음식,MEDIUM,-0.14575298670346618,-0.4078686324543635,명목-/실질-
경기도,수원시 권선구,8006,서양음식,MEDIUM,2.2306519356510908,1.9622982686902293,명목+/실질+
경기도,수원시 권선구,8021,스넥,MEDIUM,3.3320624677836634,3.0608176175081536,명목+/실질+
경기도,수원시 권선구,8301,제과점,HIGH,-3.237765309710513,-3.1444349662985775,명목-/실질-
경기도,수원시 영통구,4004,대형할인점,MEDIUM,-7.586416935963859,-7.26680323524098,명목-/실질-
경기도,수원시 영통구,4010,편의점,MEDIUM,3.529323042570792,3.8873806892269815,명목+/실질+
경기도,수원시 영통구,4020,슈퍼마켓,MEDIUM,-0.7786111082989067,-0.4354525136086139,명목-/실질-
경기도,수원시 영통구,8001,일반한식,MEDIUM,0.4752942337371576,0.21154834993342791,명목+/실질+
경기도,수원시 영통구,8002,갈비전문점,MEDIUM,0.7441085908679029,0.479657074094885,명목+/실질+
경기도,수원시 영통구,8004,일식회집,MEDIUM,0.7010410809496102,0.43670261563419943,명목+/실질+
경기도,수원시 영통구,8005,중국음식,MEDIUM,-1.4467178436845414,-1.7054184795207175,명목-/실질-
경기도,수원시 영통구,8006,서양음식,MEDIUM,1.7203250321779309,1.453310964381291,명목+/실질+
경기도,수원시 영통구,8021,스넥,MEDIUM,11.703389988008027,11.410170549927091,명목+/실질+
경기도,수원시 영통구,8301,제과점,HIGH,0.194854744692104,0.29149596253234233,명목+/실질+
경기도,수원시 장안구,4004,대형할인점,MEDIUM,-4.889628415418637,-4.560687832969849,명목-/실질-
경기도,수원시 장안구,4010,편의점,MEDIUM,4.165098380166112,4.52535486493372,명목+/실질+
경기도,수원시 장안구,4020,슈퍼마켓,MEDIUM,-3.465687637662359,-3.1318223356375947,명목-/실질-
경기도,수원시 장안구,8001,일반한식,MEDIUM,2.2843037120912855,2.015809210158876,명목+/실질+
경기도,수원시 장안구,8004,일식회집,MEDIUM,0.38557092118217745,0.1220605594990174,명목+/실질+
경기도,수원시 장안구,8005,중국음식,MEDIUM,0.288990317201362,0.025733477908452023,명목+/실질+
경기도,수원시 장안구,8006,서양음식,MEDIUM,2.934039796984922,2.6638397492340946,명목+/실질+
경기도,수원시 장안구,8021,스넥,MEDIUM,5.404610349889579,5.127925097801161,명목+/실질+
경기도,수원시 장안구,8301,제과점,HIGH,-1.232324219760358,-1.1370595627580675,명목-/실질-
경기도,수원시 팔달구,4004,대형할인점,MEDIUM,-3.158038123767562,-2.823108811492249,명목-/실질-
경기도,수원시 팔달구,4010,편의점,MEDIUM,2.466853402539527,2.82123648272717,명목+/실질+
경기도,수원시 팔달구,4020,슈퍼마켓,MEDIUM,-1.155814165858009,-0.813960133345241,명목-/실질-
경기도,수원시 팔달구,8001,일반한식,MEDIUM,0.7076308215895861,0.4432750583204671,명목+/실질+
경기도,수원시 팔달구,8004,일식회집,MEDIUM,0.6592119434212496,0.3949832788578027,명목+/실질+
경기도,수원시 팔달구,8005,중국음식,MEDIUM,-0.3182455167903066,-0.5799083726773446,명목-/실질-
경기도,수원시 팔달구,8006,서양음식,MEDIUM,3.6214713918442283,3.3494668482229635,명목+/실질+
경기도,수원시 팔달구,8021,스넥,MEDIUM,4.192501137428061,3.9189976507473037,명목+/실질+
경기도,수원시 팔달구,8301,제과점,HIGH,-1.1106335537852317,-1.0152515221513363,명목-/실질-
경기도,시흥시,4004,대형할인점,MEDIUM,-1.67053779049363,-1.3304639370095053,명목-/실질-
경기도,시흥시,4010,편의점,MEDIUM,2.82377267527776,3.179390165882392,명목+/실질+
경기도,시흥시,4020,슈퍼마켓,MEDIUM,-1.4500779604337686,-1.1092416434695547,명목-/실질-
경기도,시흥시,8001,일반한식,MEDIUM,1.772876543216179,1.50572452862536,명목+/실질+
경기도,시흥시,8003,한정식,MEDIUM,26.820906894044295,26.488004239430097,명목+/실질+
경기도,시흥시,8004,일식회집,MEDIUM,4.436376443048425,4.162232787970907,명목+/실질+
경기도,시흥시,8005,중국음식,MEDIUM,0.2384185754723802,-0.024705513886278785,명목+/실질-
경기도,시흥시,8006,서양음식,MEDIUM,2.9423756672008716,2.6721537379367453,명목+/실질+
경기도,시흥시,8021,스넥,MEDIUM,5.367663145159318,5.091074878834764,명목+/실질+
경기도,시흥시,8301,제과점,HIGH,-0.4465996212043417,-0.350577107101416,명목-/실질-
경기도,안산시 단원구,4004,대형할인점,MEDIUM,-1.9483101635866,-1.6091969898332843,명목-/실질-
경기도,안산시 단원구,4010,편의점,MEDIUM,3.1118339924844487,3.4684477472808157,명목+/실질+
경기도,안산시 단원구,4020,슈퍼마켓,MEDIUM,-1.070129331937285,-0.7279789571991337,명목-/실질-
경기도,안산시 단원구,8001,일반한식,MEDIUM,2.1420091869768876,1.8738882056752282,명목+/실질+
경기도,안산시 단원구,8002,갈비전문점,MEDIUM,9.618812049487037,9.331064591905683,명목+/실질+
경기도,안산시 단원구,8004,일식회집,MEDIUM,0.02669498039712426,-0.235873338240241,명목+/실질-
경기도,안산시 단원구,8005,중국음식,MEDIUM,0.14837008975298088,-0.1145176239111155,명목+/실질-
경기도,안산시 단원구,8006,서양음식,MEDIUM,1.577472523530093,1.3108334410612337,명목+/실질+
경기도,안산시 단원구,8021,스넥,MEDIUM,5.173615942954565,4.89753704713015,명목+/실질+
경기도,안산시 단원구,8301,제과점,HIGH,-0.7844034220534251,-0.6887067307765062,명목-/실질-
경기도,안산시 상록구,4004,대형할인점,MEDIUM,-0.955286185317775,-0.6127386239122149,명목-/실질-
경기도,안산시 상록구,4010,편의점,MEDIUM,3.278558998119064,3.635749373735769,명목+/실질+
경기도,안산시 상록구,4020,슈퍼마켓,MEDIUM,-1.7986692524063237,-1.4590385434184816,명목-/실질-
경기도,안산시 상록구,8001,일반한식,MEDIUM,2.903576984443084,2.633456901040294,명목+/실질+
경기도,안산시 상록구,8002,갈비전문점,MEDIUM,4.771126100894291,4.496103733840411,명목+/실질+
경기도,안산시 상록구,8004,일식회집,MEDIUM,2.851219000845645,2.5812363562307032,명목+/실질+
경기도,안산시 상록구,8005,중국음식,MEDIUM,0.8297756401731089,0.5650992488992596,명목+/실질+
경기도,안산시 상록구,8006,서양음식,MEDIUM,4.2360831797615734,3.9624652909845013,명목+/실질+
경기도,안산시 상록구,8021,스넥,MEDIUM,5.521169989431544,5.244178770335104,명목+/실질+
경기도,안산시 상록구,8301,제과점,HIGH,-1.1344414300025527,-1.0390823618447054,명목-/실질-
경기도,안성시,4004,대형할인점,MEDIUM,-2.6145775590461255,-2.277768680623407,명목-/실질-
경기도,안성시,4010,편의점,MEDIUM,5.3066300750733095,5.670834563558605,명목+/실질+
경기도,안성시,4020,슈퍼마켓,MEDIUM,-1.124727481632021,-0.7827659353767262,명목-/실질-
경기도,안성시,8001,일반한식,MEDIUM,4.683254017099651,4.408462312723437,명목+/실질+
경기도,안성시,8004,일식회집,MEDIUM,3.12824456906649,2.857534737197615,명목+/실질+
경기도,안성시,8005,중국음식,MEDIUM,2.1724177874420634,1.9042169840979193,명목+/실질+
경기도,안성시,8006,서양음식,MEDIUM,3.368425037973724,3.097084736589608,명목+/실질+
경기도,안성시,8021,스넥,MEDIUM,4.500790339253838,4.226477598829135,명목+/실질+
경기도,안성시,8301,제과점,HIGH,1.8096795179987506,1.9078782872031155,명목+/실질+
경기도,안양시 동안구,4004,대형할인점,MEDIUM,-2.581616334124356,-2.2446934588330283,명목-/실질-
경기도,안양시 동안구,4010,편의점,MEDIUM,3.0463143018388283,3.4027014558466693,명목+/실질+
경기도,안양시 동안구,4020,슈퍼마켓,MEDIUM,-1.3792151162925368,-1.0381337191668016,명목-/실질-
경기도,안양시 동안구,8001,일반한식,MEDIUM,0.5925424086974717,0.32848875049247955,명목+/실질+
경기도,안양시 동안구,8004,일식회집,MEDIUM,1.1157172143160208,0.8502902314291353,명목+/실질+
경기도,안양시 동안구,8005,중국음식,MEDIUM,-0.2260882761287076,-0.4879930431545888,명목-/실질-
경기도,안양시 동안구,8006,서양음식,MEDIUM,2.073330928989482,1.8053902269096842,명목+/실질+
경기도,안양시 동안구,8021,스넥,MEDIUM,3.365482653422304,3.0941500757459903,명목+/실질+
경기도,안양시 동안구,8301,제과점,HIGH,-0.9075187204136727,-0.8119407778727477,명목-/실질-
경기도,안양시 만안구,4004,대형할인점,MEDIUM,-14.207872645072664,-13.91115934376279,명목-/실질-
경기도,안양시 만안구,4010,편의점,MEDIUM,2.980705213228521,3.3368654572637926,명목+/실질+
경기도,안양시 만안구,4020,슈퍼마켓,MEDIUM,-0.7421590393046025,-0.3988743746117586,명목-/실질-
경기도,안양시 만안구,8001,일반한식,MEDIUM,2.889974440384855,2.619890063421709,명목+/실질+
경기도,안양시 만안구,8002,갈비전문점,MEDIUM,6.364046883090499,6.084843126942626,명목+/실질+
경기도,안양시 만안구,8004,일식회집,MEDIUM,1.6843072664015037,1.417387744607837,명목+/실질+
경기도,안양시 만안구,8005,중국음식,MEDIUM,0.87282003009193,0.6080306480500663,명목+/실질+
경기도,안양시 만안구,8006,서양음식,MEDIUM,2.777246028512276,2.507457561651667,명목+/실질+
경기도,안양시 만안구,8021,스넥,MEDIUM,4.644163084364634,4.369473993000567,명목+/실질+
경기도,안양시 만안구,8301,제과점,HIGH,-1.1901242593866384,-1.0948188991408683,명목-/실질-
경기도,양주시,4004,대형할인점,MEDIUM,-2.86884395857614,-2.532914464138255,명목-/실질-
경기도,양주시,4010,편의점,MEDIUM,3.7316343801559357,4.090391723470492,명목+/실질+
경기도,양주시,4020,슈퍼마켓,MEDIUM,-1.870847669315713,-1.531466590416702,명목-/실질-
경기도,양주시,8001,일반한식,MEDIUM,3.2582356815652336,2.987184625307578,명목+/실질+
경기도,양주시,8003,한정식,MEDIUM,1.671248020305239,1.4043627788034057,명목+/실질+
경기도,양주시,8004,일식회집,MEDIUM,0.27442007388749506,0.01120148122754466,명목+/실질+
경기도,양주시,8005,중국음식,MEDIUM,1.1268374799468606,0.861381306557734,명목+/실질+
경기도,양주시,8006,서양음식,MEDIUM,1.8143195234390983,1.5470587217528027,명목+/실질+
경기도,양주시,8021,스넥,MEDIUM,5.255349947565152,4.979056501412943,명목+/실질+
경기도,양주시,8301,제과점,HIGH,0.05596096436062692,0.15246821460241472,명목+/실질+
경기도,양평군,4004,대형할인점,MEDIUM,0.5507614334086969,0.8985176820756073,명목+/실질+
경기도,양평군,4010,편의점,MEDIUM,7.617837787630623,7.990035621094781,명목+/실질+
경기도,양평군,4020,슈퍼마켓,MEDIUM,1.423166372533227,1.7739398461782308,명목+/실질+
경기도,양평군,8001,일반한식,MEDIUM,6.495969463997947,6.216419413390569,명목+/실질+
경기도,양평군,8004,일식회집,MEDIUM,4.101511045687995,3.828246406400733,명목+/실질+
경기도,양평군,8005,중국음식,MEDIUM,3.7097191931117637,3.4374830005610133,명목+/실질+
경기도,양평군,8006,서양음식,MEDIUM,4.685539431279986,4.410741727731361,명목+/실질+
경기도,양평군,8021,스넥,MEDIUM,5.115479255425147,4.83955296738472,명목+/실질+
경기도,양평군,8301,제과점,HIGH,3.467189825655455,3.566987317819524,명목+/실질+
경기도,여주시,4004,대형할인점,MEDIUM,-0.8357426224750228,-0.49278161794498054,명목-/실질-
경기도,여주시,4010,편의점,MEDIUM,3.73835920357412,4.09713980478734,명목+/실질+
경기도,여주시,4020,슈퍼마켓,MEDIUM,3.305897000938606,3.6631819254293942,명목+/실질+
경기도,여주시,8001,일반한식,MEDIUM,9.330663372850406,9.043672300487325,명목+/실질+
경기도,여주시,8002,갈비전문점,MEDIUM,17.79633454818225,17.487121237575128,명목+/실질+
경기도,여주시,8004,일식회집,MEDIUM,9.590058664965287,9.302386684513566,명목+/실질+
경기도,여주시,8005,중국음식,MEDIUM,-0.31165531434166255,-0.5733354693944559,명목-/실질-
경기도,여주시,8006,서양음식,MEDIUM,3.8494505084070303,3.5768475236061192,명목+/실질+
경기도,여주시,8021,스넥,MEDIUM,3.6525910686120815,3.380504836385222,명목+/실질+
경기도,여주시,8301,제과점,HIGH,2.6527789963592734,2.7517909626142907,명목+/실질+
경기도,연천군,4010,편의점,MEDIUM,3.934305685746954,4.293763970675031,명목+/실질+
경기도,연천군,4020,슈퍼마켓,MEDIUM,-0.04661965915077806,0.29907053845105647,명목-/실질+
경기도,연천군,8001,일반한식,MEDIUM,5.862805316736042,5.58491731090192,명목+/실질+
경기도,연천군,8004,일식회집,MEDIUM,-4.820650422636994,-5.070494544673173,명목-/실질-
경기도,연천군,8005,중국음식,MEDIUM,1.8572830114639183,1.5899094313756599,명목+/실질+
경기도,연천군,8006,서양음식,MEDIUM,2.7543053794979806,2.4845771314382774,명목+/실질+
경기도,연천군,8021,스넥,MEDIUM,1.3969543426686484,1.1307891172559665,명목+/실질+
경기도,연천군,8301,제과점,HIGH,-4.132939230340132,-4.040472311483355,명목-/실질-
경기도,오산시,4004,대형할인점,MEDIUM,-2.40426225458827,-2.0667259976727506,명목-/실질-
경기도,오산시,4010,편의점,MEDIUM,3.0797698591051708,3.4362727196371208,명목+/실질+
경기도,오산시,4020,슈퍼마켓,MEDIUM,-1.4659373318384827,-1.1251558647375777,명목-/실질-
경기도,오산시,8001,일반한식,MEDIUM,1.318188459620373,1.0522299932682773,명목+/실질+
경기도,오산시,8004,일식회집,MEDIUM,0.6435010639713279,0.37931364019058095,명목+/실질+
경기도,오산시,8005,중국음식,MEDIUM,-0.10753737327139558,-0.36975333433688046,명목-/실질-
경기도,오산시,8006,서양음식,MEDIUM,1.575416809207929,1.3087831229531801,명목+/실질+
경기도,오산시,8021,스넥,MEDIUM,5.030518422795764,4.754815155449843,명목+/실질+
경기도,오산시,8301,제과점,HIGH,0.14107633140258152,0.23766567820256101,명목+/실질+
경기도,용인시 기흥구,4004,대형할인점,MEDIUM,-2.720846699577767,-2.384405354500015,명목-/실질-
경기도,용인시 기흥구,4010,편의점,MEDIUM,3.642613487782468,4.0010629510661495,명목+/실질+
경기도,용인시 기흥구,4020,슈퍼마켓,MEDIUM,-1.872910746838952,-1.5335368031228698,명목-/실질-
경기도,용인시 기흥구,8001,일반한식,MEDIUM,3.0708371003233395,2.800277962052339,명목+/실질+
경기도,용인시 기흥구,8004,일식회집,MEDIUM,1.3811001863405643,1.1149765778101628,명목+/실질+
경기도,용인시 기흥구,8005,중국음식,MEDIUM,-0.09329617145830428,-0.3555495154282026,명목-/실질-
경기도,용인시 기흥구,8006,서양음식,MEDIUM,2.56249938718529,2.2932746264886967,명목+/실질+
경기도,용인시 기흥구,8021,스넥,MEDIUM,4.548010031143379,4.273573339856773,명목+/실질+
경기도,용인시 기흥구,8301,제과점,HIGH,-0.11499760491756801,-0.018655249813182118,명목-/실질-
경기도,용인시 수지구,4004,대형할인점,MEDIUM,-2.5626765427398497,-2.22568816390892,명목-/실질-
경기도,용인시 수지구,4010,편의점,MEDIUM,3.0789300090676517,3.435429964966266,명목+/실질+
경기도,용인시 수지구,4020,슈퍼마켓,MEDIUM,0.6074754640240496,0.9554278589784346,명목+/실질+
경기도,용인시 수지구,8001,일반한식,MEDIUM,2.6673240411574306,2.3978241175840616,명목+/실질+
경기도,용인시 수지구,8004,일식회집,MEDIUM,1.46822991714722,1.201877594602864,명목+/실질+
경기도,용인시 수지구,8005,중국음식,MEDIUM,-1.5065977229163214,-1.7651411751203951,명목-/실질-
경기도,용인시 수지구,8006,서양음식,MEDIUM,3.6462028859982216,3.374133422638449,명목+/실질+
경기도,용인시 수지구,8021,스넥,MEDIUM,2.605597898338992,2.3362600048070443,명목+/실질+
경기도,용인시 수지구,8301,제과점,HIGH,1.4188640375077841,1.5166858523856364,명목+/실질+
경기도,용인시 처인구,4004,대형할인점,MEDIUM,-4.614582165281254,-4.284690331436622,명목-/실질-
경기도,용인시 처인구,4010,편의점,MEDIUM,5.54475085786369,5.909778890487165,명목+/실질+
경기도,용인시 처인구,4020,슈퍼마켓,MEDIUM,1.421138301290934,1.771904760822204,명목+/실질+
경기도,용인시 처인구,8001,일반한식,MEDIUM,3.623215080584938,3.351205959811037,명목+/실질+
경기도,용인시 처인구,8002,갈비전문점,MEDIUM,-5.282374414402714,-5.531006519064633,명목-/실질-
경기도,용인시 처인구,8003,한정식,MEDIUM,19.74325418782624,19.428930247337835,명목+/실질+
경기도,용인시 처인구,8004,일식회집,MEDIUM,1.2615485499249643,0.9957387623417625,명목+/실질+
경기도,용인시 처인구,8005,중국음식,MEDIUM,1.2225356120135356,0.956828232707444,명목+/실질+
경기도,용인시 처인구,8006,서양음식,MEDIUM,5.102568757440876,4.82667635923105,명목+/실질+
경기도,용인시 처인구,8021,스넥,MEDIUM,3.5776945236542312,3.3058048935432396,명목+/실질+
경기도,용인시 처인구,8301,제과점,HIGH,0.02791121633482132,0.12439141167608096,명목+/실질+
경기도,의왕시,4004,대형할인점,MEDIUM,0.2508165074708569,0.5975353923151667,명목+/실질+
경기도,의왕시,4010,편의점,MEDIUM,3.890337349992031,4.249643569801264,명목+/실질+
경기도,의왕시,4020,슈퍼마켓,MEDIUM,-0.13392778009055595,0.21146046112429712,명목-/실질+
경기도,의왕시,8001,일반한식,MEDIUM,4.525198541299557,4.2508217297733,명목+/실질+
경기도,의왕시,8004,일식회집,MEDIUM,1.711210721879576,1.444220578987445,명목+/실질+
경기도,의왕시,8005,중국음식,MEDIUM,-0.8021866995272109,-1.0625792183035943,명목-/실질-
경기도,의왕시,8006,서양음식,MEDIUM,3.688650000816839,3.416469114525706,명목+/실질+
경기도,의왕시,8021,스넥,MEDIUM,5.116403446084696,4.84047473206036,명목+/실질+
경기도,의왕시,8301,제과점,HIGH,2.2580340681919906,2.356665290039509,명목+/실질+
경기도,의정부시,4004,대형할인점,MEDIUM,-5.228824201650912,-4.901056732687316,명목-/실질-
경기도,의정부시,4010,편의점,MEDIUM,2.3338960448629984,2.6878192901246387,명목+/실질+
경기도,의정부시,4020,슈퍼마켓,MEDIUM,-0.19379107175157176,0.1513901314119493,명목-/실질+
경기도,의정부시,8001,일반한식,MEDIUM,1.4824871393893169,1.216097391886675,명목+/실질+
경기도,의정부시,8004,일식회집,MEDIUM,0.4253622954346713,0.16174748209252357,명목+/실질+
경기도,의정부시,8005,중국음식,MEDIUM,-0.9245562222965881,-1.1846275232236478,명목-/실질-
경기도,의정부시,8006,서양음식,MEDIUM,2.155137009690969,1.8869815680854485,명목+/실질+
경기도,의정부시,8021,스넥,MEDIUM,5.1815202319004205,4.905420587455958,명목+/실질+
경기도,의정부시,8301,제과점,HIGH,-1.8022775157052098,-1.7075625973174196,명목-/실질-
경기도,이천시,4004,대형할인점,MEDIUM,-2.9094335616289655,-2.5736444469146287,명목-/실질-
경기도,이천시,4010,편의점,MEDIUM,3.0328361139327504,3.3891766534346113,명목+/실질+
경기도,이천시,4020,슈퍼마켓,MEDIUM,-0.5058482757215391,-0.16174632686792514,명목-/실질-
경기도,이천시,8001,일반한식,MEDIUM,1.131249903439511,0.8657821475162123,명목+/실질+
경기도,이천시,8002,갈비전문점,MEDIUM,13.851457835171713,13.55259975669491,명목+/실질+
경기도,이천시,8004,일식회집,MEDIUM,0.48947682970218115,0.22569371683317063,명목+/실질+
경기도,이천시,8005,중국음식,MEDIUM,-0.32291056779286564,-0.5845611780026656,명목-/실질-
경기도,이천시,8006,서양음식,MEDIUM,-0.19713787288016013,-0.45911863420666466,명목-/실질-
경기도,이천시,8021,스넥,MEDIUM,2.1592518650521577,1.8910856220232946,명목+/실질+
경기도,이천시,8301,제과점,HIGH,-2.5913786965588486,-2.497424892095446,명목-/실질-
경기도,파주시,4004,대형할인점,MEDIUM,-2.6222372430469316,-2.285454855751138,명목-/실질-
경기도,파주시,4010,편의점,MEDIUM,3.1277995088319006,3.48446848059514,명목+/실질+
경기도,파주시,4020,슈퍼마켓,MEDIUM,0.365310111281503,0.7124249738946015,명목+/실질+
경기도,파주시,8001,일반한식,MEDIUM,1.654908989916478,1.3880666380823863,명목+/실질+
경기도,파주시,8004,일식회집,MEDIUM,-0.7113044443962024,-0.9719355274973609,명목-/실질-
경기도,파주시,8005,중국음식,MEDIUM,-1.3219798125895825,-1.581007883567818,명목-/실질-
경기도,파주시,8006,서양음식,MEDIUM,2.825457980545387,2.5555429581566704,명목+/실질+
경기도,파주시,8021,스넥,MEDIUM,3.937812216288898,3.664977283555836,명목+/실질+
경기도,파주시,8301,제과점,HIGH,-1.3681075635469144,-1.2729738740251912,명목-/실질-
경기도,평택시,4004,대형할인점,MEDIUM,-3.9073724531471017,-3.5750347243830736,명목-/실질-
경기도,평택시,4010,편의점,MEDIUM,4.52280049157009,4.884294094213674,명목+/실질+
경기도,평택시,4020,슈퍼마켓,MEDIUM,-0.3414110845196265,0.003259572714901542,명목-/실질+
경기도,평택시,8001,일반한식,MEDIUM,2.978671252715589,2.7083540481767496,명목+/실질+
경기도,평택시,8004,일식회집,MEDIUM,2.741088472140855,2.4713949182309296,명목+/실질+
경기도,평택시,8005,중국음식,MEDIUM,0.27296764623114567,0.009752866168204047,명목+/실질+
경기도,평택시,8006,서양음식,MEDIUM,2.8536532273192186,2.5836641929025097,명목+/실질+
경기도,평택시,8021,스넥,MEDIUM,4.612809310873464,4.3382025226145355,명목+/실질+
경기도,평택시,8301,제과점,HIGH,-0.695003516356193,-0.5992205959431279,명목-/실질-
경기도,포천시,4004,대형할인점,MEDIUM,-7.262495997182137,-6.941762011252811,명목-/실질-
경기도,포천시,4010,편의점,MEDIUM,5.418455564366091,5.783046802907901,명목+/실질+
경기도,포천시,4020,슈퍼마켓,MEDIUM,-0.24580520193905,0.09919610961013957,명목-/실질+
경기도,포천시,8001,일반한식,MEDIUM,5.53553838542225,5.2585094495385825,명목+/실질+
경기도,포천시,8002,갈비전문점,MEDIUM,12.96166436743246,12.665141981190612,명목+/실질+
경기도,포천시,8004,일식회집,MEDIUM,1.385180074483502,1.1190457563181908,명목+/실질+
경기도,포천시,8005,중국음식,MEDIUM,2.9412712191777617,2.6710521890705072,명목+/실질+
경기도,포천시,8006,서양음식,MEDIUM,3.2399736836711353,2.968970564837611,명목+/실질+
경기도,포천시,8021,스넥,MEDIUM,5.869568505369696,5.591662746284373,명목+/실질+
경기도,포천시,8301,제과점,HIGH,-2.7698768257187525,-2.6760951885452458,명목-/실질-
경기도,하남시,4004,대형할인점,MEDIUM,-3.2470113373058287,-2.9123897401640484,명목-/실질-
경기도,하남시,4010,편의점,MEDIUM,2.545696534633434,2.9003522949225453,명목+/실질+
경기도,하남시,4020,슈퍼마켓,MEDIUM,1.5215128337420378,1.8726264400319543,명목+/실질+
경기도,하남시,8001,일반한식,MEDIUM,1.4451329388723482,1.1788412454904644,명목+/실질+
경기도,하남시,8004,일식회집,MEDIUM,-0.0033736569014382266,-0.26586304589399923,명목-/실질-
경기도,하남시,8005,중국음식,MEDIUM,-2.2978531224317305,-2.5543195431001413,명목-/실질-
경기도,하남시,8006,서양음식,MEDIUM,1.676306243563614,1.4094077243143155,명목+/실질+
경기도,하남시,8021,스넥,MEDIUM,5.23889282270751,4.962642576219143,명목+/실질+
경기도,하남시,8301,제과점,HIGH,0.8289430230170197,0.9261958397620806,명목+/실질+
경기도,화성시 동탄구,4004,대형할인점,MEDIUM,-5.30939031541528,-4.981901485509998,명목-/실질-
경기도,화성시 동탄구,4010,편의점,MEDIUM,3.478859255479627,3.836742372405387,명목+/실질+
경기도,화성시 동탄구,4020,슈퍼마켓,MEDIUM,-2.1055437154216077,-1.7669743361596535,명목-/실질-
경기도,화성시 동탄구,8001,일반한식,MEDIUM,2.2271182972170114,1.9587739059950167,명목+/실질+
경기도,화성시 동탄구,8004,일식회집,MEDIUM,3.9538801436874293,3.681003032926626,명목+/실질+
경기도,화성시 동탄구,8005,중국음식,MEDIUM,-0.6129901905045522,-0.8738793467965472,명목-/실질-
경기도,화성시 동탄구,8006,서양음식,MEDIUM,2.5695992388175775,2.300355841135068,명목+/실질+
경기도,화성시 동탄구,8021,스넥,MEDIUM,6.503409706205188,6.223840125092811,명목+/실질+
경기도,화성시 동탄구,8301,제과점,HIGH,1.5960260790367293,1.6940187725042701,명목+/실질+
경기도,화성시 만세구,4004,대형할인점,MEDIUM,-16.73473171651726,-16.44675759349972,명목-/실질-
경기도,화성시 만세구,4010,편의점,MEDIUM,4.557895735829434,4.91951071587813,명목+/실질+
경기도,화성시 만세구,4020,슈퍼마켓,MEDIUM,-0.4518259771772485,-0.10753719143046833,명목-/실질-
경기도,화성시 만세구,8001,일반한식,MEDIUM,2.9273948873599505,2.657212282380158,명목+/실질+
경기도,화성시 만세구,8004,일식회집,MEDIUM,3.3204863162099354,3.049271853128922,명목+/실질+
경기도,화성시 만세구,8005,중국음식,MEDIUM,1.8279608432018601,1.5606642332905247,명목+/실질+
경기도,화성시 만세구,8006,서양음식,MEDIUM,2.436067845984606,2.16717496586437,명목+/실질+
경기도,화성시 만세구,8021,스넥,MEDIUM,3.910507995325354,3.637744735692975,명목+/실질+
경기도,화성시 만세구,8301,제과점,HIGH,-0.06882936732189959,0.027557518559222827,명목-/실질+
경기도,화성시 병점구,4004,대형할인점,MEDIUM,-9.27665798774098,-8.962890009906111,명목-/실질-
경기도,화성시 병점구,4010,편의점,MEDIUM,3.279434001998898,3.6366274038288573,명목+/실질+
경기도,화성시 병점구,4020,슈퍼마켓,MEDIUM,-1.1896660115639397,-0.8479290561443786,명목-/실질-
경기도,화성시 병점구,8001,일반한식,MEDIUM,2.0305913036865535,1.7627627923730516,명목+/실질+
경기도,화성시 병점구,8004,일식회집,MEDIUM,10.710731661312426,10.420117933915542,명목+/실질+
경기도,화성시 병점구,8005,중국음식,MEDIUM,-1.1740598457780267,-1.4334762040728728,명목-/실질-
경기도,화성시 병점구,8006,서양음식,MEDIUM,1.9879180441774897,1.7202015494212877,명목+/실질+
경기도,화성시 병점구,8021,스넥,MEDIUM,5.430062261957447,5.153310199046639,명목+/실질+
경기도,화성시 병점구,8301,제과점,HIGH,3.6007467288121777,3.7006730409820734,명목+/실질+
경기도,화성시 효행구,4004,대형할인점,MEDIUM,-2.4888677804087442,-2.151624132916131,명목-/실질-
경기도,화성시 효행구,4010,편의점,MEDIUM,4.375642484091991,4.736627138658778,명목+/실질+
경기도,화성시 효행구,4020,슈퍼마켓,MEDIUM,-1.792079540147319,-1.452426040545241,명목-/실질-
경기도,화성시 효행구,8001,일반한식,MEDIUM,2.3741597955360287,2.105429422961893,명목+/실질+
경기도,화성시 효행구,8004,일식회집,MEDIUM,0.9849304321637808,0.7198467622843078,명목+/실질+
경기도,화성시 효행구,8005,중국음식,MEDIUM,-0.395207001466518,-0.6566678348069795,명목-/실질-
경기도,화성시 효행구,8006,서양음식,MEDIUM,3.9259671133046634,3.653163273758928,명목+/실질+
경기도,화성시 효행구,8021,스넥,MEDIUM,5.1016906668518365,4.825800573614545,명목+/실질+
경기도,화성시 효행구,8301,제과점,HIGH,0.26624767181521186,0.36295775047110723,명목+/실질+
경상남도,거제시,4004,대형할인점,MEDIUM,-5.606242976513245,-5.279780815788237,명목-/실질-
경상남도,거제시,4010,편의점,MEDIUM,5.204762512151081,5.568614690211252,명목+/실질+
경상남도,거제시,4020,슈퍼마켓,MEDIUM,2.0158736558525066,2.368697016126723,명목+/실질+
경상남도,거제시,8001,일반한식,MEDIUM,3.1686525799581546,2.8978366777697904,명목+/실질+
경상남도,거제시,8002,갈비전문점,MEDIUM,4.518728385212174,4.244368557731831,명목+/실질+
경상남도,거제시,8004,일식회집,MEDIUM,4.040539020182106,3.767434431391953,명목+/실질+
경상남도,거제시,8005,중국음식,MEDIUM,1.1380175927707343,0.8725320717817289,명목+/실질+
경상남도,거제시,8006,서양음식,MEDIUM,4.085894476808924,3.8126708307410633,명목+/실질+
경상남도,거제시,8021,스넥,MEDIUM,7.57556579382795,7.293181821804236,명목+/실질+
경상남도,거제시,8301,제과점,HIGH,4.435834840116355,4.536566622110934,명목+/실질+
경상남도,거창군,4010,편의점,MEDIUM,8.305876603432544,8.680454028996351,명목+/실질+
경상남도,거창군,4020,슈퍼마켓,MEDIUM,7.344164391535106,7.7154157216391335,명목+/실질+
경상남도,거창군,8001,일반한식,MEDIUM,8.413825115633141,8.129240727602802,명목+/실질+
경상남도,거창군,8002,갈비전문점,MEDIUM,10.088975729383357,9.799994100394512,명목+/실질+
경상남도,거창군,8004,일식회집,MEDIUM,0.2942065086951626,0.03093597699099321,명목+/실질+
경상남도,거창군,8005,중국음식,MEDIUM,1.965761102143568,1.6981027689712536,명목+/실질+
경상남도,거창군,8006,서양음식,MEDIUM,3.207361464613772,2.9364439522829078,명목+/실질+
경상남도,거창군,8021,스넥,MEDIUM,7.074749393900389,6.7936800561360675,명목+/실질+
경상남도,거창군,8301,제과점,HIGH,9.082058868260754,9.187272085450825,명목+/실질+
경상남도,고성군,4004,대형할인점,MEDIUM,-3.7859048623292924,-3.4531470361628895,명목-/실질-
경상남도,고성군,4010,편의점,MEDIUM,11.502857535251561,11.888491765160094,명목+/실질+
경상남도,고성군,4020,슈퍼마켓,MEDIUM,8.6382833665497,9.014010425664855,명목+/실질+
경상남도,고성군,8001,일반한식,MEDIUM,12.447605514900001,12.152432524123254,명목+/실질+
경상남도,고성군,8002,갈비전문점,MEDIUM,9.5306540504904,9.243138006108943,명목+/실질+
경상남도,고성군,8004,일식회집,MEDIUM,25.896725296360184,25.5662486022185,명목+/실질+
경상남도,고성군,8005,중국음식,MEDIUM,7.421572432557983,7.139592690404682,명목+/실질+
경상남도,고성군,8006,서양음식,MEDIUM,11.439333623649343,11.146807328889446,명목+/실질+
경상남도,고성군,8021,스넥,MEDIUM,12.947554443893733,12.651069095953837,명목+/실질+
경상남도,고성군,8301,제과점,HIGH,10.83166825346653,10.93856902619167,명목+/실질+
경상남도,김해시,4004,대형할인점,MEDIUM,-2.8895372593332893,-2.553679332972429,명목-/실질-
경상남도,김해시,4010,편의점,MEDIUM,5.925568835396336,6.291913932449999,명목+/실질+
경상남도,김해시,4020,슈퍼마켓,MEDIUM,2.0708448508589226,2.4238583297982585,명목+/실질+
경상남도,김해시,8001,일반한식,MEDIUM,4.284100165219979,4.0103562326990305,명목+/실질+
경상남도,김해시,8002,갈비전문점,MEDIUM,6.219006719465361,5.940183691201133,명목+/실질+
경상남도,김해시,8004,일식회집,MEDIUM,1.6127515803415846,1.346019890967916,명목+/실질+
경상남도,김해시,8005,중국음식,MEDIUM,3.530428128894551,3.2586625722403735,명목+/실질+
경상남도,김해시,8006,서양음식,MEDIUM,4.331542730902145,4.057674262479001,명목+/실질+
경상남도,김해시,8021,스넥,MEDIUM,7.485334307369956,7.20318719141428,명목+/실질+
경상남도,김해시,8301,제과점,HIGH,0.8896984158611361,0.987009833171811,명목+/실질+
경상남도,남해군,4010,편의점,MEDIUM,10.492026781433454,10.874165038701433,명목+/실질+
경상남도,남해군,4020,슈퍼마켓,MEDIUM,10.26097919237558,10.642318368247313,명목+/실질+
경상남도,남해군,8001,일반한식,MEDIUM,11.774389696814454,11.480983885743566,명목+/실질+
경상남도,남해군,8002,갈비전문점,MEDIUM,31.682890918217723,31.337225640878387,명목+/실질+
경상남도,남해군,8004,일식회집,MEDIUM,8.74598945227647,8.460533138692703,명목+/실질+
경상남도,남해군,8005,중국음식,MEDIUM,10.323878815446657,10.034280569979902,명목+/실질+
경상남도,남해군,8006,서양음식,MEDIUM,8.882069227937373,8.596255707330991,명목+/실질+
경상남도,남해군,8021,스넥,MEDIUM,18.93621014089821,18.624004676867443,명목+/실질+
경상남도,남해군,8301,제과점,HIGH,6.733947329525998,6.836895716258232,명목+/실질+
경상남도,밀양시,4004,대형할인점,MEDIUM,-2.929133397654971,-2.5934124151057025,명목-/실질-
경상남도,밀양시,4010,편의점,MEDIUM,2.5273060661517697,2.8818982227424654,명목+/실질+
경상남도,밀양시,4020,슈퍼마켓,MEDIUM,0.4040558343924162,0.7513046996440653,명목+/실질+
경상남도,밀양시,8001,일반한식,MEDIUM,2.12174268773406,1.8536749056369963,명목+/실질+
경상남도,밀양시,8002,갈비전문점,MEDIUM,1.6308901976864267,1.3641108947605027,명목+/실질+
경상남도,밀양시,8003,한정식,MEDIUM,13.4082632450264,13.110568544569917,명목+/실질+
경상남도,밀양시,8004,일식회집,MEDIUM,-8.48983452482602,-8.730047102996195,명목-/실질-
경상남도,밀양시,8005,중국음식,MEDIUM,-3.8908020736594486,-4.143087031290561,명목-/실질-
경상남도,밀양시,8006,서양음식,MEDIUM,2.6834625561596477,2.4139202692678605,명목+/실질+
경상남도,밀양시,8021,스넥,MEDIUM,2.7740078243506585,2.5042278577190378,명목+/실질+
경상남도,밀양시,8301,제과점,HIGH,-1.9443976736687345,-1.8498198348262571,명목-/실질-
경상남도,사천시,4004,대형할인점,MEDIUM,-2.965368526403007,-2.629772863565578,명목-/실질-
경상남도,사천시,4010,편의점,MEDIUM,5.130531584881352,5.494127034216104,명목+/실질+
경상남도,사천시,4020,슈퍼마켓,MEDIUM,5.630077490544222,5.995400626548958,명목+/실질+
경상남도,사천시,8001,일반한식,MEDIUM,3.8172956428533236,3.544777064010153,명목+/실질+
경상남도,사천시,8003,한정식,MEDIUM,-10.53308626916396,-10.767935347368667,명목-/실질-
경상남도,사천시,8004,일식회집,MEDIUM,2.9393552158991487,2.6691412152668215,명목+/실질+
경상남도,사천시,8005,중국음식,MEDIUM,1.0093981986785674,0.7442503013417451,명목+/실질+
경상남도,사천시,8006,서양음식,MEDIUM,2.156429228421783,1.8882703947644335,명목+/실질+
경상남도,사천시,8021,스넥,MEDIUM,6.073967356935238,5.795525054451998,명목+/실질+
경상남도,사천시,8301,제과점,HIGH,2.935187284518581,3.0344716428135454,명목+/실질+
경상남도,산청군,4010,편의점,MEDIUM,6.955580833720989,7.325488242024295,명목+/실질+
경상남도,산청군,4020,슈퍼마켓,MEDIUM,3.5033086084335934,3.861276283796499,명목+/실질+
경상남도,산청군,8001,일반한식,MEDIUM,5.806668884327372,5.528928235643058,명목+/실질+
경상남도,산청군,8002,갈비전문점,MEDIUM,-4.782719119162755,-5.0326628102046875,명목-/실질-
경상남도,산청군,8003,한정식,MEDIUM,24.494235208915764,24.16744002663694,명목+/실질+
경상남도,산청군,8004,일식회집,MEDIUM,7.750620776835413,7.467777288553693,명목+/실질+
경상남도,산청군,8005,중국음식,MEDIUM,0.38598168892658347,0.12247024898535215,명목+/실질+
경상남도,산청군,8006,서양음식,MEDIUM,8.007067758618579,7.723551101510829,명목+/실질+
경상남도,산청군,8021,스넥,MEDIUM,2.9743562543609228,2.7040503766169284,명목+/실질+
경상남도,산청군,8301,제과점,HIGH,4.105534784709045,4.205947981486115,명목+/실질+
경상남도,양산시,4004,대형할인점,MEDIUM,-0.9878956921318589,-0.6454609111727485,명목-/실질-
경상남도,양산시,4010,편의점,MEDIUM,1.0425743778508068,1.3920315686306048,명목+/실질+
경상남도,양산시,4020,슈퍼마켓,MEDIUM,-7.280949679618348,-6.960279516014182,명목-/실질-
경상남도,양산시,8001,일반한식,MEDIUM,-0.9882830779459413,-1.2481870969953244,명목-/실질-
경상남도,양산시,8002,갈비전문점,MEDIUM,-2.2055003536618973,-2.4622091987273365,명목-/실질-
경상남도,양산시,8004,일식회집,MEDIUM,-0.9487739314753743,-1.2087816613411497,명목-/실질-
경상남도,양산시,8005,중국음식,MEDIUM,-3.7351818876056653,-3.9878753454941087,명목-/실질-
경상남도,양산시,8006,서양음식,MEDIUM,0.44230435910724575,0.17864507314532754,명목+/실질+
경상남도,양산시,8021,스넥,MEDIUM,-0.12545057368672818,-0.38761951291525204,명목-/실질-
경상남도,양산시,8301,제과점,HIGH,-3.2623759818978275,-3.1690693762851696,명목-/실질-
경상남도,의령군,4010,편의점,MEDIUM,4.51073290562721,4.872184772352109,명목+/실질+
경상남도,의령군,4020,슈퍼마켓,MEDIUM,1.723627252996611,2.075439874900381,명목+/실질+
경상남도,의령군,8001,일반한식,MEDIUM,5.912816828794817,5.634797543619452,명목+/실질+
경상남도,의령군,8004,일식회집,MEDIUM,-16.06178614240332,-16.282122480481508,명목-/실질-
경상남도,의령군,8005,중국음식,MEDIUM,0.3457482013698884,0.08234237362726028,명목+/실질+
경상남도,의령군,8006,서양음식,MEDIUM,4.8157026232666285,4.540563243623886,명목+/실질+
경상남도,의령군,8021,스넥,MEDIUM,-5.799666316583397,-6.0469405390816435,명목-/실질-
경상남도,의령군,8301,제과점,HIGH,1.060300424666281,1.1577763932000595,명목+/실질+
경상남도,진주시,4004,대형할인점,MEDIUM,-3.643193165497962,-3.3099417688838297,명목-/실질-
경상남도,진주시,4010,편의점,MEDIUM,4.764810807257644,5.1271414060445935,명목+/실질+
경상남도,진주시,4020,슈퍼마켓,MEDIUM,4.66612737666482,5.028116677393462,명목+/실질+
경상남도,진주시,8001,일반한식,MEDIUM,3.563299661283815,3.2914478174340824,명목+/실질+
경상남도,진주시,8002,갈비전문점,MEDIUM,4.986206063841698,4.710619115660252,명목+/실질+
경상남도,진주시,8004,일식회집,MEDIUM,4.26952185940673,3.9958161946825097,명목+/실질+
경상남도,진주시,8005,중국음식,MEDIUM,0.7884802542896092,0.5239122626788323,명목+/실질+
경상남도,진주시,8006,서양음식,MEDIUM,2.418863210710272,2.150015492455604,명목+/실질+
경상남도,진주시,8021,스넥,MEDIUM,5.341828932724845,5.065308480754637,명목+/실질+
경상남도,진주시,8301,제과점,HIGH,0.5052704604895333,0.6022110844508529,명목+/실질+
경상남도,창녕군,4004,대형할인점,MEDIUM,0.24879337666045181,0.5955052644778271,명목+/실질+
경상남도,창녕군,4010,편의점,MEDIUM,3.1061525264184726,3.4627466317828732,명목+/실질+
경상남도,창녕군,4020,슈퍼마켓,MEDIUM,1.2953771882523442,1.6457087011729636,명목+/실질+
경상남도,창녕군,8001,일반한식,MEDIUM,1.0552832160920431,0.7900148713896025,명목+/실질+
경상남도,창녕군,8004,일식회집,MEDIUM,-8.181691802039296,-8.422713249448082,명목-/실질-
경상남도,창녕군,8005,중국음식,MEDIUM,-3.810943052333051,-4.063437638493767,명목-/실질-
경상남도,창녕군,8006,서양음식,MEDIUM,3.2833430358139926,3.0122260731920236,명목+/실질+
경상남도,창녕군,8021,스넥,MEDIUM,2.4108842517086444,2.142057478081503,명목+/실질+
경상남도,창녕군,8301,제과점,HIGH,-1.6763363702099812,-1.5814999774639258,명목-/실질-
경상남도,창원시 마산합포구,4004,대형할인점,MEDIUM,-2.3450291055736745,-2.007287989963809,명목-/실질-
경상남도,창원시 마산합포구,4010,편의점,MEDIUM,6.67020515864983,7.0391255910931925,명목+/실질+
경상남도,창원시 마산합포구,4020,슈퍼마켓,MEDIUM,3.325765890656254,3.683119531986824,명목+/실질+
경상남도,창원시 마산합포구,8001,일반한식,MEDIUM,4.504098099981569,4.229776676743063,명목+/실질+
경상남도,창원시 마산합포구,8002,갈비전문점,MEDIUM,4.855050900006802,4.579808231828566,명목+/실질+
경상남도,창원시 마산합포구,8004,일식회집,MEDIUM,3.748254035251523,3.475916689416526,명목+/실질+
경상남도,창원시 마산합포구,8005,중국음식,MEDIUM,3.930554823296223,3.6577389410922354,명목+/실질+
경상남도,창원시 마산합포구,8006,서양음식,MEDIUM,4.590647245808595,4.316098632581519,명목+/실질+
경상남도,창원시 마산합포구,8021,스넥,MEDIUM,7.096410586506079,6.815284388491468,명목+/실질+
경상남도,창원시 마산합포구,8301,제과점,HIGH,5.316348172951498,5.4179292388840254,명목+/실질+
경상남도,창원시 마산회원구,4004,대형할인점,MEDIUM,-4.0967857388397855,-3.7651030986376837,명목-/실질-
경상남도,창원시 마산회원구,4010,편의점,MEDIUM,8.3397843824698,8.714479078573191,명목+/실질+
경상남도,창원시 마산회원구,4020,슈퍼마켓,MEDIUM,9.819149607994762,10.198960709920428,명목+/실질+
경상남도,창원시 마산회원구,8001,일반한식,MEDIUM,5.471834900434606,5.194973185080896,명목+/실질+
경상남도,창원시 마산회원구,8002,갈비전문점,MEDIUM,4.497201149299219,4.222897830435448,명목+/실질+
경상남도,창원시 마산회원구,8004,일식회집,MEDIUM,-1.639995476118079,-1.8981887615614657,명목-/실질-
경상남도,창원시 마산회원구,8005,중국음식,MEDIUM,6.836523110690976,6.556079112738586,명목+/실질+
경상남도,창원시 마산회원구,8006,서양음식,MEDIUM,6.75789552120323,6.47765791929311,명목+/실질+
경상남도,창원시 마산회원구,8021,스넥,MEDIUM,14.441940321710941,14.14153223707128,명목+/실질+
경상남도,창원시 마산회원구,8301,제과점,HIGH,6.5922602779810076,6.695072002912905,명목+/실질+
경상남도,창원시 성산구,4004,대형할인점,MEDIUM,-2.195751125768701,-1.8574937301274803,명목-/실질-
경상남도,창원시 성산구,4010,편의점,MEDIUM,5.903015319577368,6.269282414973372,명목+/실질+
경상남도,창원시 성산구,4020,슈퍼마켓,MEDIUM,6.7905471481361666,7.1598837850740535,명목+/실질+
경상남도,창원시 성산구,8001,일반한식,MEDIUM,2.1737073632501507,1.9055031747924869,명목+/실질+
경상남도,창원시 성산구,8002,갈비전문점,MEDIUM,2.7816207961510035,2.511820845602178,명목+/실질+
경상남도,창원시 성산구,8004,일식회집,MEDIUM,0.030049510545144653,-0.23252761367512326,명목+/실질-
경상남도,창원시 성산구,8005,중국음식,MEDIUM,1.396436572049864,1.1302727057762108,명목+/실질+
경상남도,창원시 성산구,8006,서양음식,MEDIUM,5.096273799567739,4.82039792551189,명목+/실질+
경상남도,창원시 성산구,8021,스넥,MEDIUM,6.972027831113609,6.69122813564841,명목+/실질+
경상남도,창원시 성산구,8301,제과점,HIGH,1.9054912216008852,2.0037824043304044,명목+/실질+
경상남도,창원시 의창구,4004,대형할인점,MEDIUM,-0.7004033556873185,-0.3569742783646877,명목-/실질-
경상남도,창원시 의창구,4010,편의점,MEDIUM,7.239580176472922,7.610469800570774,명목+/실질+
경상남도,창원시 의창구,4020,슈퍼마켓,MEDIUM,7.061670566138102,7.431944887300407,명목+/실질+
경상남도,창원시 의창구,8001,일반한식,MEDIUM,5.026994988681991,4.751300970288573,명목+/실질+
경상남도,창원시 의창구,8002,갈비전문점,MEDIUM,2.738752104744517,2.469064683757999,명목+/실질+
경상남도,창원시 의창구,8004,일식회집,MEDIUM,2.8554074863055345,2.5854138469900234,명목+/실질+
경상남도,창원시 의창구,8005,중국음식,MEDIUM,5.2706179773888655,4.994284452926456,명목+/실질+
경상남도,창원시 의창구,8006,서양음식,MEDIUM,4.6844058833971145,4.409611155392037,명목+/실질+
경상남도,창원시 의창구,8021,스넥,MEDIUM,8.734991154782042,8.44956371153605,명목+/실질+
경상남도,창원시 의창구,8301,제과점,HIGH,3.9081335104346566,4.008356307219553,명목+/실질+
경상남도,창원시 진해구,4004,대형할인점,MEDIUM,-2.822580581753585,-2.4864910847642077,명목-/실질-
경상남도,창원시 진해구,4010,편의점,MEDIUM,7.961769676651769,8.335157003480761,명목+/실질+
경상남도,창원시 진해구,4020,슈퍼마켓,MEDIUM,5.042458968184949,5.40574981711334,명목+/실질+
경상남도,창원시 진해구,8001,일반한식,MEDIUM,6.216164797816392,5.937349229546662,명목+/실질+
경상남도,창원시 진해구,8002,갈비전문점,MEDIUM,6.163060650663945,5.884384479848346,명목+/실질+
경상남도,창원시 진해구,8004,일식회집,MEDIUM,-1.2981040661236811,-1.5571948105173183,명목-/실질-
경상남도,창원시 진해구,8005,중국음식,MEDIUM,6.7937551267659995,6.513423394020792,명목+/실질+
경상남도,창원시 진해구,8006,서양음식,MEDIUM,6.011856993707899,5.733577729838009,명목+/실질+
경상남도,창원시 진해구,8021,스넥,MEDIUM,9.420730262105542,9.13350276573893,명목+/실질+
경상남도,창원시 진해구,8301,제과점,HIGH,8.001895839611475,8.10606720419492,명목+/실질+
경상남도,통영시,4004,대형할인점,MEDIUM,-2.197417353743334,-1.859165720775524,명목-/실질-
경상남도,통영시,4010,편의점,MEDIUM,5.286279696133908,5.650413802542353,명목+/실질+
경상남도,통영시,4020,슈퍼마켓,MEDIUM,3.137483843351708,3.4941863085245988,명목+/실질+
경상남도,통영시,8001,일반한식,MEDIUM,3.8860487205989234,3.613349666133387,명목+/실질+
경상남도,통영시,8002,갈비전문점,MEDIUM,-2.4142843443797815,-2.6704451351344796,명목-/실질-
경상남도,통영시,8004,일식회집,MEDIUM,10.490720545897593,10.200684343816945,명목+/실질+
경상남도,통영시,8005,중국음식,MEDIUM,2.05166566243521,1.7837818312999423,명목+/실질+
경상남도,통영시,8006,서양음식,MEDIUM,3.4452624350007186,3.17372043679807,명목+/실질+
경상남도,통영시,8021,스넥,MEDIUM,6.107172899864568,5.828643433414119,명목+/실질+
경상남도,통영시,8301,제과점,HIGH,6.172456535151538,6.274863345628955,명목+/실질+
경상남도,하동군,4010,편의점,MEDIUM,9.88068299890759,10.260706914947319,명목+/실질+
경상남도,하동군,4020,슈퍼마켓,MEDIUM,6.517409768043311,6.885801755439832,명목+/실질+
경상남도,하동군,8001,일반한식,MEDIUM,10.188619350020131,9.899376158276288,명목+/실질+
경상남도,하동군,8004,일식회집,MEDIUM,9.531240396809972,9.24372281327977,명목+/실질+
경상남도,하동군,8005,중국음식,MEDIUM,10.167369494314912,9.87818208306926,명목+/실질+
경상남도,하동군,8006,서양음식,MEDIUM,10.202550361264302,9.913270600860146,명목+/실질+
경상남도,하동군,8021,스넥,MEDIUM,8.93009327985922,8.644153696959679,명목+/실질+
경상남도,하동군,8301,제과점,HIGH,12.880082636201454,12.988959171665046,명목+/실질+
경상남도,함안군,4010,편의점,MEDIUM,4.780656838008591,5.143042240519765,명목+/실질+
경상남도,함안군,4020,슈퍼마켓,MEDIUM,-0.2932620906459725,0.05157509057363062,명목-/실질+
경상남도,함안군,8001,일반한식,MEDIUM,4.271991404231868,3.998279256995679,명목+/실질+
경상남도,함안군,8004,일식회집,MEDIUM,-7.5143804576370234,-7.757153585611924,명목-/실질-
경상남도,함안군,8005,중국음식,MEDIUM,0.3506947899753311,0.08727597752448503,명목+/실질+
경상남도,함안군,8006,서양음식,MEDIUM,7.733727677524217,7.450928533332089,명목+/실질+
경상남도,함안군,8021,스넥,MEDIUM,3.970842695589886,3.697921058428317,명목+/실질+
경상남도,함안군,8301,제과점,HIGH,-0.36030825081200113,-0.2642025058572923,명목-/실질-
경상남도,함양군,4010,편의점,MEDIUM,6.6169570172965155,6.985693290280197,명목+/실질+
경상남도,함양군,4020,슈퍼마켓,MEDIUM,4.0774960198785095,4.437449530628181,명목+/실질+
경상남도,함양군,8001,일반한식,MEDIUM,9.098277536895132,8.811896473272766,명목+/실질+
경상남도,함양군,8004,일식회집,MEDIUM,15.143415559167359,14.84116611434168,명목+/실질+
경상남도,함양군,8005,중국음식,MEDIUM,3.1723691384604638,2.9015434803713136,명목+/실질+
경상남도,함양군,8006,서양음식,MEDIUM,6.938326521473087,6.657615291354266,명목+/실질+
경상남도,함양군,8021,스넥,MEDIUM,8.426343300422603,8.141726052377123,명목+/실질+
경상남도,함양군,8301,제과점,HIGH,6.348517433327946,6.451094060306094,명목+/실질+
경상남도,합천군,4004,대형할인점,MEDIUM,-2.2450236262712653,-1.9069366402786991,명목-/실질-
경상남도,합천군,4010,편의점,MEDIUM,10.867260387181558,11.250696395249768,명목+/실질+
경상남도,합천군,4020,슈퍼마켓,MEDIUM,12.06052725826028,12.448090196893787,명목+/실질+
경상남도,합천군,8001,일반한식,MEDIUM,11.066035234106074,10.774488841066956,명목+/실질+
경상남도,합천군,8004,일식회집,MEDIUM,-13.912550637840686,-14.138528681394435,명목-/실질-
경상남도,합천군,8005,중국음식,MEDIUM,7.749949438023812,7.467107711994945,명목+/실질+
경상남도,합천군,8006,서양음식,MEDIUM,10.979497135222193,10.688177903173768,명목+/실질+
경상남도,합천군,8021,스넥,MEDIUM,12.791097250208484,12.495022599655632,명목+/실질+
경상남도,합천군,8301,제과점,HIGH,11.616189524638752,11.723846993815632,명목+/실질+
경상북도,경산시,4004,대형할인점,MEDIUM,-6.363943921132062,-6.040102279976984,명목-/실질-
경상북도,경산시,4010,편의점,MEDIUM,6.228608206753502,6.596001369813467,명목+/실질+
경상북도,경산시,4020,슈퍼마켓,MEDIUM,-0.6500831732488592,-0.3064800628544986,명목-/실질-
경상북도,경산시,8001,일반한식,MEDIUM,2.650875245044142,2.3814184992718097,명목+/실질+
경상북도,경산시,8004,일식회집,MEDIUM,4.583757805575827,4.309227277008487,명목+/실질+
경상북도,경산시,8005,중국음식,MEDIUM,4.569543618420304,4.2950504018447075,명목+/실질+
경상북도,경산시,8006,서양음식,MEDIUM,5.210347974513444,4.934172657750713,명목+/실질+
경상북도,경산시,8021,스넥,MEDIUM,6.72788609192891,6.447727264243852,명목+/실질+
경상북도,경산시,8301,제과점,HIGH,2.01000219659885,2.108394183585506,명목+/실질+
경상북도,경주시,4004,대형할인점,MEDIUM,-3.3119663585184047,-2.9775694092478786,명목-/실질-
경상북도,경주시,4010,편의점,MEDIUM,3.5029172468590497,3.8608835686924436,명목+/실질+
경상북도,경주시,4020,슈퍼마켓,MEDIUM,-0.1287809416154265,0.2166251000143021,명목-/실질+
경상북도,경주시,8001,일반한식,MEDIUM,2.0945396049793295,1.8265432304974138,명목+/실질+
경상북도,경주시,8004,일식회집,MEDIUM,2.652563360771629,2.383102183725387,명목+/실질+
경상북도,경주시,8005,중국음식,MEDIUM,-2.2030835622353004,-2.4597987513358617,명목-/실질-
경상북도,경주시,8006,서양음식,MEDIUM,1.4719977773763762,1.2056355642651013,명목+/실질+
경상북도,경주시,8021,스넥,MEDIUM,1.3432042268897104,1.0771800945875654,명목+/실질+
경상북도,경주시,8301,제과점,HIGH,0.5068126951486065,0.6037548066459895,명목+/실질+
경상북도,고령군,4010,편의점,MEDIUM,6.538385915197352,6.906850448899108,명목+/실질+
경상북도,고령군,4020,슈퍼마켓,MEDIUM,1.4331141690999494,1.783922047341867,명목+/실질+
경상북도,고령군,8001,일반한식,MEDIUM,4.071009843003036,3.7978252688375096,명목+/실질+
경상북도,고령군,8004,일식회집,MEDIUM,-2.752591714373283,-3.007864454219499,명목-/실질-
경상북도,고령군,8005,중국음식,MEDIUM,0.26711891228417756,0.003919485045332425,명목+/실질+
경상북도,고령군,8006,서양음식,MEDIUM,4.022245247946459,3.74918867998718,명목+/실질+
경상북도,고령군,8021,스넥,MEDIUM,3.253662310625719,2.9826232593865067,명목+/실질+
경상북도,고령군,8301,제과점,HIGH,0.756942845494091,0.8541262157106025,명목+/실질+
경상북도,구미시,4004,대형할인점,MEDIUM,-3.9204819889157623,-3.5881895996691497,명목-/실질-
경상북도,구미시,4010,편의점,MEDIUM,3.1778200549989073,3.5346620235375896,명목+/실질+
경상북도,구미시,4020,슈퍼마켓,MEDIUM,-1.4004158704805945,-1.0594077964668427,명목-/실질-
경상북도,구미시,8001,일반한식,MEDIUM,0.47408332702277817,0.21034062182806357,명목+/실질+
경상북도,구미시,8004,일식회집,MEDIUM,1.3007329027057133,1.0348202568843776,명목+/실질+
경상북도,구미시,8005,중국음식,MEDIUM,-0.3280781833151806,-0.5897152286250327,명목-/실질-
경상북도,구미시,8006,서양음식,MEDIUM,1.5211150211701598,1.2546238761557982,명목+/실질+
경상북도,구미시,8021,스넥,MEDIUM,2.6525600280385873,2.383098859740613,명목+/실질+
경상북도,구미시,8301,제과점,HIGH,0.025098709772179772,0.12157619235906438,명목+/실질+
경상북도,김천시,4004,대형할인점,MEDIUM,-1.4551933460923436,-1.1143747207629375,명목-/실질-
경상북도,김천시,4010,편의점,MEDIUM,4.916434378524757,5.279289369604732,명목+/실질+
경상북도,김천시,4020,슈퍼마켓,MEDIUM,2.752351660279665,3.107722140281117,명목+/실질+
경상북도,김천시,8001,일반한식,MEDIUM,3.014161820342913,2.7437514536868894,명목+/실질+
경상북도,김천시,8002,갈비전문점,MEDIUM,0.5158822567283433,0.25202983007638163,명목+/실질+
경상북도,김천시,8004,일식회집,MEDIUM,0.2669651121552201,0.0037660886388703255,명목+/실질+
경상북도,김천시,8005,중국음식,MEDIUM,-0.0620011679759065,-0.32433666078098494,명목-/실질-
경상북도,김천시,8006,서양음식,MEDIUM,2.5024430536769726,2.2333759398018183,명목+/실질+
경상북도,김천시,8021,스넥,MEDIUM,3.910191498482823,3.6374290696491993,명목+/실질+
경상북도,김천시,8301,제과점,HIGH,1.0017544918711812,1.0991739909362892,명목+/실질+
경상북도,문경시,4004,대형할인점,MEDIUM,-7.3543341281929635,-7.033917765755102,명목-/실질-
경상북도,문경시,4010,편의점,MEDIUM,5.133028614687487,5.49663270003554,명목+/실질+
경상북도,문경시,4020,슈퍼마켓,MEDIUM,0.46504933523503733,0.8125091473829494,명목+/실질+
경상북도,문경시,8001,일반한식,MEDIUM,4.140501113640688,3.8671341261097094,명목+/실질+
경상북도,문경시,8002,갈비전문점,MEDIUM,4.864361290046915,4.5890941822581395,명목+/실질+
경상북도,문경시,8004,일식회집,MEDIUM,2.9310368224804715,2.6608446574848132,명목+/실질+
경상북도,문경시,8005,중국음식,MEDIUM,1.1036196286467461,0.8382244017097584,명목+/실질+
경상북도,문경시,8006,서양음식,MEDIUM,4.434281173379972,4.160143018348458,명목+/실질+
경상북도,문경시,8021,스넥,MEDIUM,6.312247758975483,6.033179974619225,명목+/실질+
경상북도,문경시,8301,제과점,HIGH,2.9782927039494624,3.077618638832913,명목+/실질+
경상북도,봉화군,4010,편의점,MEDIUM,6.632563194523485,7.001353441694695,명목+/실질+
경상북도,봉화군,4020,슈퍼마켓,MEDIUM,4.285054838408006,4.6457261943049035,명목+/실질+
경상북도,봉화군,8001,일반한식,MEDIUM,7.990432419041469,7.706959429408535,명목+/실질+
경상북도,봉화군,8005,중국음식,MEDIUM,4.40997086862069,4.13589652771267,명목+/실질+
경상북도,봉화군,8006,서양음식,MEDIUM,4.255586767112768,3.9819176817612787,명목+/실질+
경상북도,봉화군,8021,스넥,MEDIUM,5.450190495959969,5.173385596787998,명목+/실질+
경상북도,봉화군,8301,제과점,HIGH,2.4005156915250363,2.499284341563094,명목+/실질+
경상북도,상주시,4004,대형할인점,MEDIUM,-2.605682984788342,-2.2688433443533844,명목-/실질-
경상북도,상주시,4010,편의점,MEDIUM,6.345573139178476,6.713370827132492,명목+/실질+
경상북도,상주시,4020,슈퍼마켓,MEDIUM,3.017135039394912,3.3734212765054394,명목+/실질+
경상북도,상주시,8001,일반한식,MEDIUM,5.145153489451664,4.869149307067664,명목+/실질+
경상북도,상주시,8004,일식회집,MEDIUM,3.0047075185643264,2.734321969284726,명목+/실질+
경상북도,상주시,8005,중국음식,MEDIUM,2.0890773155850177,1.8210952795166924,명목+/실질+
경상북도,상주시,8006,서양음식,MEDIUM,3.3994850999379946,3.128063266436444,명목+/실질+
경상북도,상주시,8021,스넥,MEDIUM,5.355537953012191,5.078981515104552,명목+/실질+
경상북도,상주시,8301,제과점,HIGH,2.655323537179577,2.7543379577276235,명목+/실질+
경상북도,성주군,4004,대형할인점,MEDIUM,0.6671025826995538,1.0152611988978566,명목+/실질+
경상북도,성주군,4010,편의점,MEDIUM,4.912063697771272,5.274903572789155,명목+/실질+
경상북도,성주군,4020,슈퍼마켓,MEDIUM,0.8039018299220274,1.1525335682761624,명목+/실질+
경상북도,성주군,8001,일반한식,MEDIUM,4.259651166004449,3.9859714116770593,명목+/실질+
경상북도,성주군,8004,일식회집,MEDIUM,17.47510715291652,17.16673705858362,명목+/실질+
경상북도,성주군,8005,중국음식,MEDIUM,0.8788416468856283,0.6140364582053253,명목+/실질+
경상북도,성주군,8006,서양음식,MEDIUM,3.4206752539706113,3.1491977966866083,명목+/실질+
경상북도,성주군,8021,스넥,MEDIUM,2.451425551665806,2.1824923578379627,명목+/실질+
경상북도,성주군,8301,제과점,HIGH,3.922393407664708,4.02262995858721,명목+/실질+
경상북도,안동시,4004,대형할인점,MEDIUM,-5.18513928888696,-4.857220735026753,명목-/실질-
경상북도,안동시,4010,편의점,MEDIUM,3.869468851130034,4.228702896936991,명목+/실질+
경상북도,안동시,4020,슈퍼마켓,MEDIUM,-0.01586576013610363,0.32993080026597993,명목-/실질+
경상북도,안동시,8001,일반한식,MEDIUM,2.1838847537634276,1.9156538498341555,명목+/실질+
경상북도,안동시,8004,일식회집,MEDIUM,-0.39808357494251134,-0.659536857328041,명목-/실질-
경상북도,안동시,8005,중국음식,MEDIUM,-0.2860069315822119,-0.5477544131892781,명목-/실질-
경상북도,안동시,8006,서양음식,MEDIUM,1.603731093410059,1.3370230826561107,명목+/실질+
경상북도,안동시,8021,스넥,MEDIUM,4.87093071637137,4.595646363953501,명목+/실질+
경상북도,안동시,8301,제과점,HIGH,1.1279321099067363,1.225473311415279,명목+/실질+
경상북도,영덕군,4010,편의점,MEDIUM,2.2594566366128053,2.6131224321149196,명목+/실질+
경상북도,영덕군,4020,슈퍼마켓,MEDIUM,-2.1446743383796916,-1.8062402929377293,명목-/실질-
경상북도,영덕군,8001,일반한식,MEDIUM,-6.0999532231850315,-6.346439197824181,명목-/실질-
경상북도,영덕군,8004,일식회집,MEDIUM,-4.858218890498863,-5.107964395966222,명목-/실질-
경상북도,영덕군,8005,중국음식,MEDIUM,0.23638789621951836,-0.026730862641601058,명목+/실질-
경상북도,영덕군,8006,서양음식,MEDIUM,-1.5852393340182778,-1.8435763533733045,명목-/실질-
경상북도,영덕군,8021,스넥,MEDIUM,-0.310788830885911,-0.5724712604424718,명목-/실질-
경상북도,영덕군,8301,제과점,HIGH,-3.038647428247062,-2.9451250291192634,명목-/실질-
경상북도,영양군,4010,편의점,MEDIUM,16.015817325186052,16.417059691170042,명목+/실질+
경상북도,영양군,4020,슈퍼마켓,MEDIUM,22.55928683925036,22.983159888274994,명목+/실질+
경상북도,영양군,8001,일반한식,MEDIUM,15.00607545192677,14.704186522472146,명목+/실질+
경상북도,영양군,8004,일식회집,MEDIUM,44.18755583051161,43.80906602726136,명목+/실질+
경상북도,영양군,8005,중국음식,MEDIUM,17.139209970568324,16.83172160044353,명목+/실질+
경상북도,영양군,8006,서양음식,MEDIUM,17.427745752168985,17.119499980681862,명목+/실질+
경상북도,영양군,8021,스넥,MEDIUM,18.125225301445717,17.815148658383904,명목+/실질+
경상북도,영양군,8301,제과점,HIGH,17.40487575475916,17.518116601329904,명목+/실질+
경상북도,영주시,4004,대형할인점,MEDIUM,-17.074295031296213,-16.787495292866808,명목-/실질-
경상북도,영주시,4010,편의점,MEDIUM,4.215329720187357,4.575759930763974,명목+/실질+
경상북도,영주시,4020,슈퍼마켓,MEDIUM,1.2286166031541226,1.578717223635074,명목+/실질+
경상북도,영주시,8001,일반한식,MEDIUM,2.4303469580437342,2.1614690951542714,명목+/실질+
경상북도,영주시,8004,일식회집,MEDIUM,-0.7312325222352825,-0.9918112944818942,명목-/실질-
경상북도,영주시,8005,중국음식,MEDIUM,-0.15066466866586845,-0.412767421337682,명목-/실질-
경상북도,영주시,8006,서양음식,MEDIUM,2.0737887325643434,1.805846828758099,명목+/실질+
경상북도,영주시,8021,스넥,MEDIUM,3.117014461540881,2.8463341085070497,명목+/실질+
경상북도,영주시,8301,제과점,HIGH,-0.6538309352248632,-0.5580083025093774,명목-/실질-
경상북도,영천시,4004,대형할인점,MEDIUM,-1.6852692352666943,-1.3452463306953248,명목-/실질-
경상북도,영천시,4010,편의점,MEDIUM,4.223749324253167,4.584208654151245,명목+/실질+
경상북도,영천시,4020,슈퍼마켓,MEDIUM,0.9404471851803761,1.2895511676017852,명목+/실질+
경상북도,영천시,8001,일반한식,MEDIUM,3.409013418050815,3.1375665728812634,명목+/실질+
경상북도,영천시,8004,일식회집,MEDIUM,8.738019314236588,8.45258392212523,명목+/실질+
경상북도,영천시,8005,중국음식,MEDIUM,1.24241652955717,0.9766569631914799,명목+/실질+
경상북도,영천시,8006,서양음식,MEDIUM,2.9856960187567982,2.7153603743305976,명목+/실질+
경상북도,영천시,8021,스넥,MEDIUM,3.90133145146936,3.6285922801034842,명목+/실질+
경상북도,영천시,8301,제과점,HIGH,2.3017752553452624,2.400448666999902,명목+/실질+
경상북도,예천군,4004,대형할인점,MEDIUM,-2.7344044827470277,-2.3980100274565164,명목-/실질-
경상북도,예천군,4010,편의점,MEDIUM,4.597981453363413,4.959735070440072,명목+/실질+
경상북도,예천군,4020,슈퍼마켓,MEDIUM,0.32037849088869225,0.6673379568491757,명목+/실질+
경상북도,예천군,8001,일반한식,MEDIUM,4.211416247463593,3.9378631089508955,명목+/실질+
경상북도,예천군,8004,일식회집,MEDIUM,4.601376589490317,4.32679981192435,명목+/실질+
경상북도,예천군,8005,중국음식,MEDIUM,0.9300523195111419,0.6651127037142964,명목+/실질+
경상북도,예천군,8006,서양음식,MEDIUM,2.254899548945639,1.9864822324253801,명목+/실질+
경상북도,예천군,8021,스넥,MEDIUM,3.7151654075541494,3.442914918785784,명목+/실질+
경상북도,예천군,8301,제과점,HIGH,-0.3711684388696329,-0.2750731689216836,명목-/실질-
경상북도,울릉군,4010,편의점,MEDIUM,14.779304504591263,15.176270373274228,명목+/실질+
경상북도,울릉군,4020,슈퍼마켓,MEDIUM,1.5008007008384308,1.8518426739198814,명목+/실질+
경상북도,울릉군,8001,일반한식,MEDIUM,32.48722699976596,32.13945035433054,명목+/실질+
경상북도,울릉군,8005,중국음식,MEDIUM,23.783187171148032,23.45825847748779,명목+/실질+
경상북도,울릉군,8006,서양음식,MEDIUM,42.29486282712831,41.9213413097912,명목+/실질+
경상북도,울릉군,8021,스넥,MEDIUM,29.49839397071817,29.158462959523234,명목+/실질+
경상북도,울진군,4010,편의점,MEDIUM,2.7026632340597794,3.057861865927136,명목+/실질+
경상북도,울진군,4020,슈퍼마켓,MEDIUM,-0.43090326268008067,-0.08654211542523618,명목-/실질-
경상북도,울진군,8001,일반한식,MEDIUM,-1.16204785119201,-1.4214957407614774,명목-/실질-
경상북도,울진군,8004,일식회집,MEDIUM,-4.595631758692176,-4.84606655077169,명목-/실질-
경상북도,울진군,8005,중국음식,MEDIUM,-1.7081150477722746,-1.9661295205356681,명목-/실질-
경상북도,울진군,8006,서양음식,MEDIUM,0.95696833219494,0.6919580623371377,명목+/실질+
경상북도,울진군,8021,스넥,MEDIUM,-0.3605174461673794,-0.6220693389818144,명목-/실질-
경상북도,울진군,8301,제과점,HIGH,-2.4135634533834462,-2.3194381402962705,명목-/실질-
경상북도,의성군,4010,편의점,MEDIUM,6.594940170267481,6.96360029767025,명목+/실질+
경상북도,의성군,4020,슈퍼마켓,MEDIUM,6.138726499773013,6.5058088056618555,명목+/실질+
경상북도,의성군,8001,일반한식,MEDIUM,4.110435062407023,3.8371469977329578,명목+/실질+
경상북도,의성군,8004,일식회집,MEDIUM,34.273532825712174,33.921067158837005,명목+/실질+
경상북도,의성군,8005,중국음식,MEDIUM,0.7331047853983577,0.46868215342179725,명목+/실질+
경상북도,의성군,8006,서양음식,MEDIUM,5.7122393024463625,5.434746529757193,명목+/실질+
경상북도,의성군,8021,스넥,MEDIUM,3.3042347896796427,3.0330629865708674,명목+/실질+
경상북도,의성군,8301,제과점,HIGH,4.531733517120013,4.632557796528491,명목+/실질+
경상북도,청도군,4004,대형할인점,MEDIUM,-1.211494748103612,-0.8698332876821346,명목-/실질-
경상북도,청도군,4010,편의점,MEDIUM,5.342656767807755,5.706985855126158,명목+/실질+
경상북도,청도군,4020,슈퍼마켓,MEDIUM,2.386180705672792,2.7402847781828474,명목+/실질+
경상북도,청도군,8001,일반한식,MEDIUM,-1.6266429373690023,-1.8848712729923802,명목-/실질-
경상북도,청도군,8004,일식회집,MEDIUM,37.22830631999147,36.86808442455651,명목+/실질+
경상북도,청도군,8005,중국음식,MEDIUM,-0.9453823542431102,-1.2053989869396855,명목-/실질-
경상북도,청도군,8006,서양음식,MEDIUM,2.281251277673692,2.012764788328101,명목+/실질+
경상북도,청도군,8021,스넥,MEDIUM,8.696352805547479,8.411026787290247,명목+/실질+
경상북도,청도군,8301,제과점,HIGH,3.4206006396513464,3.520353195020356,명목+/실질+
경상북도,청송군,4010,편의점,MEDIUM,4.755643337543199,5.117942230504579,명목+/실질+
경상북도,청송군,4020,슈퍼마켓,MEDIUM,3.302699255588676,3.659973120631467,명목+/실질+
경상북도,청송군,8001,일반한식,MEDIUM,1.6884128640244283,1.4214825651091123,명목+/실질+
경상북도,청송군,8005,중국음식,MEDIUM,1.0681225223303985,0.8028204746747298,명목+/실질+
경상북도,청송군,8006,서양음식,MEDIUM,1.8394292189840904,1.572102504787719,명목+/실질+
경상북도,청송군,8021,스넥,MEDIUM,-0.3232767615352381,-0.5849264104929871,명목-/실질-
경상북도,청송군,8301,제과점,HIGH,1.764046089424849,1.8622008436933866,명목+/실질+
경상북도,칠곡군,4004,대형할인점,MEDIUM,1.7475424627356535,2.099437795734662,명목+/실질+
경상북도,칠곡군,4010,편의점,MEDIUM,4.313079057336425,4.673847335395794,명목+/실질+
경상북도,칠곡군,4020,슈퍼마켓,MEDIUM,-0.05869720229432638,0.2869512249512159,명목-/실질+
경상북도,칠곡군,8001,일반한식,MEDIUM,2.509658162421801,2.2405721090126365,명목+/실질+
경상북도,칠곡군,8002,갈비전문점,MEDIUM,15.04268736438342,14.740702329301048,명목+/실질+
경상북도,칠곡군,8004,일식회집,MEDIUM,-3.451375146435555,-3.7048135920379615,명목-/실질-
경상북도,칠곡군,8005,중국음식,MEDIUM,-1.228152124164647,-1.4874264911780237,명목-/실질-
경상북도,칠곡군,8006,서양음식,MEDIUM,2.7765447731046855,2.506758147027164,명목+/실질+
경상북도,칠곡군,8021,스넥,MEDIUM,1.5403517095174897,1.273810068533862,명목+/실질+
경상북도,칠곡군,8301,제과점,HIGH,-3.5138438172437327,-3.420779760591334,명목-/실질-
경상북도,포항시 남구,4004,대형할인점,MEDIUM,-4.12849487322097,-3.79692189951413,명목-/실질-
경상북도,포항시 남구,4010,편의점,MEDIUM,4.499867328690659,4.86128161666199,명목+/실질+
경상북도,포항시 남구,4020,슈퍼마켓,MEDIUM,6.007842221523306,6.37447186226119,명목+/실질+
경상북도,포항시 남구,8001,일반한식,MEDIUM,0.6335782912864264,0.36941691460990733,명목+/실질+
경상북도,포항시 남구,8004,일식회집,MEDIUM,2.260407413928042,1.991975639359172,명목+/실질+
경상북도,포항시 남구,8005,중국음식,MEDIUM,-1.5143742916495873,-1.7728973304972317,명목-/실질-
경상북도,포항시 남구,8006,서양음식,MEDIUM,-0.30670284745681237,-0.568396002648252,명목-/실질-
경상북도,포항시 남구,8021,스넥,MEDIUM,5.8599111487493305,5.582030740055375,명목+/실질+
경상북도,포항시 남구,8301,제과점,HIGH,0.29676939875676395,0.39350891661754583,명목+/실질+
경상북도,포항시 북구,4004,대형할인점,MEDIUM,-2.6875542721873384,-2.3509977847724493,명목-/실질-
경상북도,포항시 북구,4010,편의점,MEDIUM,3.895488059950948,4.25481209356475,명목+/실질+
경상북도,포항시 북구,4020,슈퍼마켓,MEDIUM,2.8755441412269156,3.2313406841882846,명목+/실질+
경상북도,포항시 북구,8001,일반한식,MEDIUM,1.5141441401117297,1.247671293538132,명목+/실질+
경상북도,포항시 북구,8003,한정식,MEDIUM,13.286114583945272,12.988740521579883,명목+/실질+
경상북도,포항시 북구,8004,일식회집,MEDIUM,-1.296529614598279,-1.5556244918994886,명목-/실질-
경상북도,포항시 북구,8005,중국음식,MEDIUM,-1.0318996205872464,-1.2916891469779979,명목-/실질-
경상북도,포항시 북구,8006,서양음식,MEDIUM,0.2696194227925362,0.006413431757543943,명목+/실질+
경상북도,포항시 북구,8021,스넥,MEDIUM,3.0721615818779773,2.8015989668660453,명목+/실질+
경상북도,포항시 북구,8301,제과점,HIGH,-0.20404699346993335,-0.107790529416384,명목-/실질-
광주광역시,광산구,4004,대형할인점,MEDIUM,-3.4054303973709827,-3.0713566948175703,명목-/실질-
광주광역시,광산구,4010,편의점,MEDIUM,5.515247612070893,5.880173607296303,명목+/실질+
광주광역시,광산구,4020,슈퍼마켓,MEDIUM,1.3562657534165747,1.70680785031191,명목+/실질+
광주광역시,광산구,8001,일반한식,MEDIUM,2.0199419421541958,1.7521413852277476,명목+/실질+
광주광역시,광산구,8004,일식회집,MEDIUM,2.3915392450389628,2.1227632517146353,명목+/실질+
광주광역시,광산구,8005,중국음식,MEDIUM,0.6925697481548476,0.42825351993942906,명목+/실질+
광주광역시,광산구,8006,서양음식,MEDIUM,3.0338122956142937,2.7633503468057397,명목+/실질+
광주광역시,광산구,8021,스넥,MEDIUM,5.475313172967597,5.198442327209538,명목+/실질+
광주광역시,광산구,8301,제과점,HIGH,1.4756582375205465,1.57353483226403,명목+/실질+
광주광역시,남구,4004,대형할인점,MEDIUM,-4.0911547404045665,-3.759452625313674,명목-/실질-
광주광역시,남구,4010,편의점,MEDIUM,5.215616599867281,5.579506316945238,명목+/실질+
광주광역시,남구,4020,슈퍼마켓,MEDIUM,1.1217675103117488,1.4714985916748835,명목+/실질+
광주광역시,남구,8001,일반한식,MEDIUM,2.8383487743962985,2.568399913900279,명목+/실질+
광주광역시,남구,8004,일식회집,MEDIUM,-1.4864409232083244,-1.7450372866576005,명목-/실질-
광주광역시,남구,8005,중국음식,MEDIUM,1.8836995563008254,1.616256633245941,명목+/실질+
광주광역시,남구,8006,서양음식,MEDIUM,1.0821709825945252,0.8168320579771478,명목+/실질+
광주광역시,남구,8021,스넥,MEDIUM,5.539171863968057,5.2621333902670315,명목+/실질+
광주광역시,남구,8301,제과점,HIGH,-0.3243132147280051,-0.22817275138220772,명목-/실질-
광주광역시,동구,4004,대형할인점,MEDIUM,2.1059555865458788,2.459090496467549,명목+/실질+
광주광역시,동구,4010,편의점,MEDIUM,5.619557776332024,5.984844529754273,명목+/실질+
광주광역시,동구,4020,슈퍼마켓,MEDIUM,2.8635866554148195,3.2193418432401337,명목+/실질+
광주광역시,동구,8001,일반한식,MEDIUM,2.2682885977244096,1.9998361351861622,명목+/실질+
광주광역시,동구,8004,일식회집,MEDIUM,2.5274976683143566,2.2583647865153953,명목+/실질+
광주광역시,동구,8005,중국음식,MEDIUM,0.33238900828551166,0.0690182481902472,명목+/실질+
광주광역시,동구,8006,서양음식,MEDIUM,1.3385759450081451,1.0725639618647997,명목+/실질+
광주광역시,동구,8021,스넥,MEDIUM,4.676144536739411,4.401371494624355,명목+/실질+
광주광역시,동구,8301,제과점,HIGH,3.091093639505465,3.1905283745844297,명목+/실질+
광주광역시,북구,4004,대형할인점,MEDIUM,-9.429617405590331,-9.116378440092893,명목-/실질-
광주광역시,북구,4010,편의점,MEDIUM,6.291895223277059,6.65950726539012,명목+/실질+
광주광역시,북구,4020,슈퍼마켓,MEDIUM,2.7181143018380487,3.073366371444631,명목+/실질+
광주광역시,북구,8001,일반한식,MEDIUM,3.220285665379383,2.949334227247962,명목+/실질+
광주광역시,북구,8004,일식회집,MEDIUM,2.5034165476420505,2.234346878362374,명목+/실질+
광주광역시,북구,8005,중국음식,MEDIUM,1.493585290368766,1.2271664104145517,명목+/실질+
광주광역시,북구,8006,서양음식,MEDIUM,3.963591355770867,3.6906887532489963,명목+/실질+
광주광역시,북구,8021,스넥,MEDIUM,5.896576440519926,5.618599786078578,명목+/실질+
광주광역시,북구,8301,제과점,HIGH,1.9832961111055893,2.0816623391983162,명목+/실질+
광주광역시,서구,4004,대형할인점,MEDIUM,-2.359713462367269,-2.0220231328156606,명목-/실질-
광주광역시,서구,4010,편의점,MEDIUM,4.205839598554663,4.56623698740978,명목+/실질+
광주광역시,서구,4020,슈퍼마켓,MEDIUM,0.7308556197673144,1.0792347267573446,명목+/실질+
광주광역시,서구,8001,일반한식,MEDIUM,0.8545568250145142,0.5898153835656125,명목+/실질+
광주광역시,서구,8002,갈비전문점,MEDIUM,11.313363615590939,11.021167989891467,명목+/실질+
광주광역시,서구,8004,일식회집,MEDIUM,1.07588848511509,0.8105660519432764,명목+/실질+
광주광역시,서구,8005,중국음식,MEDIUM,0.8639819637551779,0.59921578148261,명목+/실질+
광주광역시,서구,8006,서양음식,MEDIUM,1.694943032088707,1.4279955915967435,명목+/실질+
광주광역시,서구,8021,스넥,MEDIUM,5.919899487802755,5.641861610771862,명목+/실질+
광주광역시,서구,8301,제과점,HIGH,-0.7536090595787992,-0.6578826661308573,명목-/실질-
대구광역시,군위군,4010,편의점,MEDIUM,8.519804577504235,8.895121876030693,명목+/실질+
대구광역시,군위군,4020,슈퍼마켓,MEDIUM,24.6890529050723,25.12029178054157,명목+/실질+
대구광역시,군위군,8001,일반한식,MEDIUM,9.233240578735504,8.946505239496993,명목+/실질+
대구광역시,군위군,8005,중국음식,MEDIUM,13.263538773687038,12.966223972427432,명목+/실질+
대구광역시,군위군,8006,서양음식,MEDIUM,3.926569783553614,3.653764362009203,명목+/실질+
대구광역시,군위군,8021,스넥,MEDIUM,21.10200418275584,20.784113547379476,명목+/실질+
대구광역시,군위군,8301,제과점,HIGH,7.483747534518913,7.587419128097508,명목+/실질+
대구광역시,남구,4004,대형할인점,MEDIUM,-24.801961942515323,-24.54188845078646,명목-/실질-
대구광역시,남구,4010,편의점,MEDIUM,6.226208544029353,6.593593407821466,명목+/실질+
대구광역시,남구,4020,슈퍼마켓,MEDIUM,7.626478924335574,7.998706643294695,명목+/실질+
대구광역시,남구,8001,일반한식,MEDIUM,2.9321862258106934,2.661991043651517,명목+/실질+
대구광역시,남구,8004,일식회집,MEDIUM,5.262914758433839,4.986601454786079,명목+/실질+
대구광역시,남구,8005,중국음식,MEDIUM,2.4044904064930184,2.1356804165975376,명목+/실질+
대구광역시,남구,8006,서양음식,MEDIUM,3.076436847944318,2.8058630104341993,명목+/실질+
대구광역시,남구,8021,스넥,MEDIUM,11.151180047314732,10.859410150635151,명목+/실질+
대구광역시,남구,8301,제과점,HIGH,4.685957152142933,4.786930185296515,명목+/실질+
대구광역시,달서구,4004,대형할인점,MEDIUM,-6.734791905270328,-6.412232847180542,명목-/실질-
대구광역시,달서구,4010,편의점,MEDIUM,4.758705055657994,5.12101453761558,명목+/실질+
대구광역시,달서구,4020,슈퍼마켓,MEDIUM,2.5326924285752597,2.8873032139773525,명목+/실질+
대구광역시,달서구,8001,일반한식,MEDIUM,1.4121978410171803,1.1459926016887447,명목+/실질+
대구광역시,달서구,8003,한정식,MEDIUM,8.944194171141396,8.658217573649479,명목+/실질+
대구광역시,달서구,8004,일식회집,MEDIUM,2.230350919430867,1.961998042632154,명목+/실질+
대구광역시,달서구,8005,중국음식,MEDIUM,0.8349882013971353,0.5702981272418054,명목+/실질+
대구광역시,달서구,8006,서양음식,MEDIUM,2.3195106217770616,2.0509237023247824,명목+/실질+
대구광역시,달서구,8021,스넥,MEDIUM,6.191719911346577,5.9129685104747685,명목+/실질+
대구광역시,달서구,8301,제과점,HIGH,1.398566631398365,1.4963688687637184,명목+/실질+
대구광역시,달성군,4004,대형할인점,MEDIUM,-1.8485033372807678,-1.509044980189268,명목-/실질-
대구광역시,달성군,4010,편의점,MEDIUM,5.569840467241153,5.934955272638186,명목+/실질+
대구광역시,달성군,4020,슈퍼마켓,MEDIUM,1.0647599706841344,1.414293890654573,명목+/실질+
대구광역시,달성군,8001,일반한식,MEDIUM,2.3501482362132204,2.081480893560852,명목+/실질+
대구광역시,달성군,8002,갈비전문점,MEDIUM,21.219518407513,20.901319299359223,명목+/실질+
대구광역시,달성군,8004,일식회집,MEDIUM,1.9926736132492766,1.7249446352076827,명목+/실질+
대구광역시,달성군,8005,중국음식,MEDIUM,0.5721789223524817,0.30817871794162555,명목+/실질+
대구광역시,달성군,8006,서양음식,MEDIUM,1.3726724169720648,1.1065709311883296,명목+/실질+
대구광역시,달성군,8021,스넥,MEDIUM,4.03562071253463,3.762529034215477,명목+/실질+
대구광역시,달성군,8301,제과점,HIGH,1.4154260687960096,1.5132445676406727,명목+/실질+
대구광역시,동구,4004,대형할인점,MEDIUM,-3.039695270417428,-2.7043566676890793,명목-/실질-
대구광역시,동구,4010,편의점,MEDIUM,3.864182891269121,4.223398655508484,명목+/실질+
대구광역시,동구,4020,슈퍼마켓,MEDIUM,4.042393254110004,4.402225361441618,명목+/실질+
대구광역시,동구,8001,일반한식,MEDIUM,1.8663399749246035,1.5989426204662305,명목+/실질+
대구광역시,동구,8002,갈비전문점,MEDIUM,10.981436701820053,10.690112378443299,명목+/실질+
대구광역시,동구,8004,일식회집,MEDIUM,3.2486448901852856,2.9776190095870576,명목+/실질+
대구광역시,동구,8005,중국음식,MEDIUM,0.6046747498993554,0.3405892445117535,명목+/실질+
대구광역시,동구,8006,서양음식,MEDIUM,1.8011285646069994,1.533902388956011,명목+/실질+
대구광역시,동구,8021,스넥,MEDIUM,5.170410932367342,4.894340449639213,명목+/실질+
대구광역시,동구,8301,제과점,HIGH,1.546675506736863,1.6446205999616041,명목+/실질+
대구광역시,북구,4004,대형할인점,MEDIUM,-3.1066425527734634,-2.771535488179651,명목-/실질-
대구광역시,북구,4010,편의점,MEDIUM,5.282004808928076,5.646124130577837,명목+/실질+
대구광역시,북구,4020,슈퍼마켓,MEDIUM,2.2547925853003448,2.6084422501142877,명목+/실질+
대구광역시,북구,8001,일반한식,MEDIUM,2.2555568218951114,1.9871377800448478,명목+/실질+
대구광역시,북구,8004,일식회집,MEDIUM,2.071281204084093,1.8033458824962438,명목+/실질+
대구광역시,북구,8005,중국음식,MEDIUM,-0.05101054077733648,-0.31337488378556755,명목-/실질-
대구광역시,북구,8006,서양음식,MEDIUM,2.4975737797928725,2.2285194476761485,명목+/실질+
대구광역시,북구,8021,스넥,MEDIUM,6.399348889342707,6.1200524660481515,명목+/실질+
대구광역시,북구,8301,제과점,HIGH,0.9318981025335957,1.0292502228238056,명목+/실질+
대구광역시,서구,4004,대형할인점,MEDIUM,-3.1919321322563485,-2.8571200428950183,명목-/실질-
대구광역시,서구,4010,편의점,MEDIUM,5.762425697667559,6.128206561842436,명목+/실질+
대구광역시,서구,4020,슈퍼마켓,MEDIUM,5.068145376625173,5.431525062365329,명목+/실질+
대구광역시,서구,8001,일반한식,MEDIUM,3.045589023774165,2.7750961612609473,명목+/실질+
대구광역시,서구,8002,갈비전문점,MEDIUM,28.848956217389176,28.510729968897834,명목+/실질+
대구광역시,서구,8004,일식회집,MEDIUM,6.725440453806324,6.445288045878616,명목+/실질+
대구광역시,서구,8005,중국음식,MEDIUM,1.673999815143606,1.4071073502286218,명목+/실질+
대구광역시,서구,8006,서양음식,MEDIUM,4.270710514835073,3.9970017299110676,명목+/실질+
대구광역시,서구,8021,스넥,MEDIUM,8.75332970937408,8.467854127744166,명목+/실질+
대구광역시,서구,8301,제과점,HIGH,4.020134867065733,4.12046569282609,명목+/실질+
대구광역시,수성구,4004,대형할인점,MEDIUM,-3.084734953372723,-2.749552121032773,명목-/실질-
대구광역시,수성구,4010,편의점,MEDIUM,4.84382653968925,5.206430415518303,명목+/실질+
대구광역시,수성구,4020,슈퍼마켓,MEDIUM,1.7023843015971947,2.0541234544493228,명목+/실질+
대구광역시,수성구,8001,일반한식,MEDIUM,0.1566005421485828,-0.10630877630858973,명목+/실질-
대구광역시,수성구,8004,일식회집,MEDIUM,2.72469724982347,2.455046722584377,명목+/실질+
대구광역시,수성구,8005,중국음식,MEDIUM,-2.394823040666154,-2.651034917001326,명목-/실질-
대구광역시,수성구,8006,서양음식,MEDIUM,0.2576322451875501,-0.005542279716869569,명목+/실질-
대구광역시,수성구,8021,스넥,MEDIUM,11.731325887395231,11.43803311806842,명목+/실질+
대구광역시,수성구,8301,제과점,HIGH,-0.47157732698849725,-0.3755789047006331,명목-/실질-
대구광역시,중구,4004,대형할인점,MEDIUM,-3.015613279173357,-2.6801913885331174,명목-/실질-
대구광역시,중구,4010,편의점,MEDIUM,4.127010053391675,4.487134809135722,명목+/실질+
대구광역시,중구,4020,슈퍼마켓,MEDIUM,4.694816324489751,5.0569048463553745,명목+/실질+
대구광역시,중구,8001,일반한식,MEDIUM,-0.17560323297261698,-0.43764052235075596,명목-/실질-
대구광역시,중구,8003,한정식,MEDIUM,6.238235252950954,5.959361750123829,명목+/실질+
대구광역시,중구,8004,일식회집,MEDIUM,-1.0700584145810499,-1.3297477748070539,명목-/실질-
대구광역시,중구,8005,중국음식,MEDIUM,-1.0632376067331077,-1.322944871460276,명목-/실질-
대구광역시,중구,8006,서양음식,MEDIUM,0.21846933462653698,-0.044602388324862664,명목+/실질-
대구광역시,중구,8021,스넥,MEDIUM,1.3010385757260299,1.0351251275181392,명목+/실질+
대구광역시,중구,8301,제과점,HIGH,1.5964262325370262,1.694419311965622,명목+/실질+
대전광역시,대덕구,4004,대형할인점,MEDIUM,-4.1848011107244885,-3.8534228729466093,명목-/실질-
대전광역시,대덕구,4010,편의점,MEDIUM,3.7566994208494804,4.115543451966596,명목+/실질+
대전광역시,대덕구,4020,슈퍼마켓,MEDIUM,1.8113974624837765,2.163513638914195,명목+/실질+
대전광역시,대덕구,8001,일반한식,MEDIUM,2.687578641570967,2.418025550027123,명목+/실질+
대전광역시,대덕구,8002,갈비전문점,MEDIUM,-6.525278996126457,-6.770648498077119,명목-/실질-
대전광역시,대덕구,8004,일식회집,MEDIUM,-0.41793968037900353,-0.6793408408363277,명목-/실질-
대전광역시,대덕구,8005,중국음식,MEDIUM,1.257294952676006,0.991496330710971,명목+/실질+
대전광역시,대덕구,8006,서양음식,MEDIUM,3.5220933901640223,3.250349712052472,명목+/실질+
대전광역시,대덕구,8021,스넥,MEDIUM,3.754398607167811,3.4820451319392354,명목+/실질+
대전광역시,대덕구,8301,제과점,HIGH,3.1108785376263883,3.2103323558872603,명목+/실질+
대전광역시,동구,4004,대형할인점,MEDIUM,-5.328844113326147,-5.001422564659726,명목-/실질-
대전광역시,동구,4010,편의점,MEDIUM,4.234967621906762,4.59546575044776,명목+/실질+
대전광역시,동구,4020,슈퍼마켓,MEDIUM,1.2309739891705584,1.5810827627046193,명목+/실질+
대전광역시,동구,8001,일반한식,MEDIUM,3.54010180568088,3.2683108557947844,명목+/실질+
대전광역시,동구,8002,갈비전문점,MEDIUM,11.896379117623992,11.602653086464928,명목+/실질+
대전광역시,동구,8004,일식회집,MEDIUM,1.8884082590051043,1.6209529756882692,명목+/실질+
대전광역시,동구,8005,중국음식,MEDIUM,0.256221962048629,-0.006948860887017105,명목+/실질-
대전광역시,동구,8006,서양음식,MEDIUM,4.983620934086538,4.708040771825376,명목+/실질+
대전광역시,동구,8021,스넥,MEDIUM,5.807317374881504,5.529575023921069,명목+/실질+
대전광역시,동구,8301,제과점,HIGH,3.575178303494466,3.675079954081166,명목+/실질+
대전광역시,서구,4004,대형할인점,MEDIUM,-2.056769857851583,-1.7180317935044167,명목-/실질-
대전광역시,서구,4010,편의점,MEDIUM,2.880439235461299,3.2362527081759946,명목+/실질+
대전광역시,서구,4020,슈퍼마켓,MEDIUM,0.8854862316798113,1.2344001308563481,명목+/실질+
대전광역시,서구,8001,일반한식,MEDIUM,1.6850369660958118,1.418115528853401,명목+/실질+
대전광역시,서구,8004,일식회집,MEDIUM,-0.9902143853117157,-1.2501133347135407,명목-/실질-
대전광역시,서구,8005,중국음식,MEDIUM,-1.1718861202918782,-1.431308184577783,명목-/실질-
대전광역시,서구,8006,서양음식,MEDIUM,2.741877736340786,2.4721821106264343,명목+/실질+
대전광역시,서구,8021,스넥,MEDIUM,3.8143449851894715,3.5418341517707788,명목+/실질+
대전광역시,서구,8301,제과점,HIGH,0.12497029804839783,0.22154411005188612,명목+/실질+
대전광역시,유성구,4004,대형할인점,MEDIUM,-3.813582473447146,-3.4809203706950993,명목-/실질-
대전광역시,유성구,4010,편의점,MEDIUM,3.9499629474287397,4.309475383220711,명목+/실질+
대전광역시,유성구,4020,슈퍼마켓,MEDIUM,-0.463210980218725,-0.11896156966784671,명목-/실질-
대전광역시,유성구,8001,일반한식,MEDIUM,2.4458636142636316,2.176945020423747,명목+/실질+
대전광역시,유성구,8002,갈비전문점,MEDIUM,43.823689911978015,43.4461552503774,명목+/실질+
대전광역시,유성구,8004,일식회집,MEDIUM,2.1925239684745397,1.924270386758337,명목+/실질+
대전광역시,유성구,8005,중국음식,MEDIUM,0.17780477183226784,-0.08516020735564403,명목+/실질-
대전광역시,유성구,8006,서양음식,MEDIUM,3.8260953208022377,3.553553642959004,명목+/실질+
대전광역시,유성구,8021,스넥,MEDIUM,4.544655944959621,4.270228058090126,명목+/실질+
대전광역시,유성구,8301,제과점,HIGH,1.42889864206175,1.5267301356443306,명목+/실질+
대전광역시,중구,4004,대형할인점,MEDIUM,-6.926134359740605,-6.6042370622702755,명목-/실질-
대전광역시,중구,4010,편의점,MEDIUM,3.817012677364257,4.176065302743033,명목+/실질+
대전광역시,중구,4020,슈퍼마켓,MEDIUM,1.9817621629871192,2.334467548174367,명목+/실질+
대전광역시,중구,8001,일반한식,MEDIUM,2.139592567048601,1.8714779293319335,명목+/실질+
대전광역시,중구,8002,갈비전문점,MEDIUM,7.727406861209193,7.444624309048743,명목+/실질+
대전광역시,중구,8004,일식회집,MEDIUM,0.6656672756334414,0.40142166593624284,명목+/실질+
대전광역시,중구,8005,중국음식,MEDIUM,2.456872916553134,2.187925423488123,명목+/실질+
대전광역시,중구,8006,서양음식,MEDIUM,1.901599467630409,1.634109557622564,명목+/실질+
대전광역시,중구,8021,스넥,MEDIUM,7.518263636978853,7.2360300821108305,명목+/실질+
대전광역시,중구,8301,제과점,HIGH,-3.6650250992656876,-3.572106861909656,명목-/실질-
부산광역시,강서구,4004,대형할인점,MEDIUM,-1.3785743988139527,-1.0374907857576403,명목-/실질-
부산광역시,강서구,4010,편의점,MEDIUM,4.539708955747028,4.90126103655641,명목+/실질+
부산광역시,강서구,4020,슈퍼마켓,MEDIUM,-2.4988171498489096,-2.161607912393016,명목-/실질-
부산광역시,강서구,8001,일반한식,MEDIUM,1.7810133374304697,1.5138399638977051,명목+/실질+
부산광역시,강서구,8002,갈비전문점,MEDIUM,2.535655010189392,2.266500715511433,명목+/실질+
부산광역시,강서구,8004,일식회집,MEDIUM,0.39899976960415856,0.13545415742974015,명목+/실질+
부산광역시,강서구,8005,중국음식,MEDIUM,1.0268820837180044,0.7616882914897856,명목+/실질+
부산광역시,강서구,8006,서양음식,MEDIUM,1.7595176015635303,1.4924006539600707,명목+/실질+
부산광역시,강서구,8021,스넥,MEDIUM,3.5176995399937105,3.245967395661885,명목+/실질+
부산광역시,강서구,8301,제과점,HIGH,2.5385748514776374,2.6374766640955585,명목+/실질+
부산광역시,금정구,4004,대형할인점,MEDIUM,-0.09228594221195933,0.2532463178957542,명목-/실질+
부산광역시,금정구,4010,편의점,MEDIUM,7.447952428607363,7.8195627111240205,명목+/실질+
부산광역시,금정구,4020,슈퍼마켓,MEDIUM,6.688361407861833,7.057344633953106,명목+/실질+
부산광역시,금정구,8001,일반한식,MEDIUM,5.0280784453925955,4.75238158294453,명목+/실질+
부산광역시,금정구,8002,갈비전문점,MEDIUM,2.434715271071847,2.1658259414372614,명목+/실질+
부산광역시,금정구,8004,일식회집,MEDIUM,3.9677353306005707,3.6948218502173584,명목+/실질+
부산광역시,금정구,8005,중국음식,MEDIUM,2.7604336433173544,2.49068930867269,명목+/실질+
부산광역시,금정구,8006,서양음식,MEDIUM,6.12435369372915,5.845779127996216,명목+/실질+
부산광역시,금정구,8021,스넥,MEDIUM,6.899356709499914,6.61874777445367,명목+/실질+
부산광역시,금정구,8301,제과점,HIGH,1.5656336022911648,1.6635969812198652,명목+/실질+
부산광역시,기장군,4004,대형할인점,MEDIUM,-2.6655156289641155,-2.3288829205860595,명목-/실질-
부산광역시,기장군,4010,편의점,MEDIUM,5.746714910819939,6.1124414390133675,명목+/실질+
부산광역시,기장군,4020,슈퍼마켓,MEDIUM,7.025948439465688,7.396099215141176,명목+/실질+
부산광역시,기장군,8001,일반한식,MEDIUM,3.0368006807937533,2.766330887526703,명목+/실질+
부산광역시,기장군,8002,갈비전문점,MEDIUM,5.135941930644986,4.859961928441372,명목+/실질+
부산광역시,기장군,8003,한정식,MEDIUM,-1.4254663717540246,-1.6842227923307265,명목-/실질-
부산광역시,기장군,8004,일식회집,MEDIUM,7.602870665682117,7.320415018848993,명목+/실질+
부산광역시,기장군,8005,중국음식,MEDIUM,1.730828953321163,1.4637873129159378,명목+/실질+
부산광역시,기장군,8006,서양음식,MEDIUM,1.8456448247782549,1.5783017947255766,명목+/실질+
부산광역시,기장군,8021,스넥,MEDIUM,7.84468825053832,7.561597836789219,명목+/실질+
부산광역시,기장군,8301,제과점,HIGH,4.549046971028606,4.649887949829933,명목+/실질+
부산광역시,남구,4004,대형할인점,MEDIUM,-5.286956227137399,-4.959389808616517,명목-/실질-
부산광역시,남구,4010,편의점,MEDIUM,7.015010573177935,7.385123520086145,명목+/실질+
부산광역시,남구,4020,슈퍼마켓,MEDIUM,3.5636335987486194,3.9218099089549994,명목+/실질+
부산광역시,남구,8001,일반한식,MEDIUM,3.3936143324223242,3.1222079095824076,명목+/실질+
부산광역시,남구,8002,갈비전문점,MEDIUM,6.381229872983169,6.101981011788377,명목+/실질+
부산광역시,남구,8004,일식회집,MEDIUM,5.3650611454009836,5.088479709280225,명목+/실질+
부산광역시,남구,8005,중국음식,MEDIUM,2.1775805223735287,1.9093661669408557,명목+/실질+
부산광역시,남구,8006,서양음식,MEDIUM,6.603982948714242,6.324149364605661,명목+/실질+
부산광역시,남구,8021,스넥,MEDIUM,9.179667042889655,8.893072333242461,명목+/실질+
부산광역시,남구,8301,제과점,HIGH,3.685225137286774,3.7852329316477653,명목+/실질+
부산광역시,동구,4004,대형할인점,MEDIUM,-13.204684390420915,-12.904501548162969,명목-/실질-
부산광역시,동구,4010,편의점,MEDIUM,2.9534840085506593,3.309550107659399,명목+/실질+
부산광역시,동구,4020,슈퍼마켓,MEDIUM,8.338816808305456,8.713508158039534,명목+/실질+
부산광역시,동구,8001,일반한식,MEDIUM,4.959277544485766,4.6837612831949755,명목+/실질+
부산광역시,동구,8002,갈비전문점,MEDIUM,2.2125485655241253,1.944242419591996,명목+/실질+
부산광역시,동구,8004,일식회집,MEDIUM,4.72736894178995,4.452461436510786,명목+/실질+
부산광역시,동구,8005,중국음식,MEDIUM,-0.44359857806604364,-0.7049323843672612,명목-/실질-
부산광역시,동구,8006,서양음식,MEDIUM,4.940135997901979,4.664669982835045,명목+/실질+
부산광역시,동구,8021,스넥,MEDIUM,7.144489910078179,6.863237504682732,명목+/실질+
부산광역시,동구,8301,제과점,HIGH,3.9607270458896955,4.061000570861432,명목+/실질+
부산광역시,동래구,4004,대형할인점,MEDIUM,-1.8084626102567614,-1.4688657717373683,명목-/실질-
부산광역시,동래구,4010,편의점,MEDIUM,6.586516843657629,6.95514783886477,명목+/실질+
부산광역시,동래구,4020,슈퍼마켓,MEDIUM,5.004469964350541,5.367629427764981,명목+/실질+
부산광역시,동래구,8001,일반한식,MEDIUM,3.243550511874115,2.9725380039293885,명목+/실질+
부산광역시,동래구,8002,갈비전문점,MEDIUM,7.221896601018017,6.940441004417764,명목+/실질+
부산광역시,동래구,8004,일식회집,MEDIUM,4.251609544605943,3.977950899393775,명목+/실질+
부산광역시,동래구,8005,중국음식,MEDIUM,2.0012060842108754,1.7334547085826244,명목+/실질+
부산광역시,동래구,8006,서양음식,MEDIUM,4.544923470144833,4.270494881026473,명목+/실질+
부산광역시,동래구,8021,스넥,MEDIUM,9.34914831649162,9.062108721475985,명목+/실질+
부산광역시,동래구,8301,제과점,HIGH,2.175058291235344,2.2736094802293114,명목+/실질+
부산광역시,부산진구,4004,대형할인점,MEDIUM,-0.8448598760129667,-0.5019304036348299,명목-/실질-
부산광역시,부산진구,4010,편의점,MEDIUM,5.3152785676616725,5.679512967082513,명목+/실질+
부산광역시,부산진구,4020,슈퍼마켓,MEDIUM,5.647826903751881,6.01321142635638,명목+/실질+
부산광역시,부산진구,8001,일반한식,MEDIUM,3.218953567510986,2.9480056261131873,명목+/실질+
부산광역시,부산진구,8002,갈비전문점,MEDIUM,4.188353802013422,3.9148612020152336,명목+/실질+
부산광역시,부산진구,8004,일식회집,MEDIUM,1.1085595928202912,0.8431513985642967,명목+/실질+
부산광역시,부산진구,8005,중국음식,MEDIUM,3.451703591191762,3.1801446850672175,명목+/실질+
부산광역시,부산진구,8006,서양음식,MEDIUM,1.1540658215755866,0.8885381742674562,명목+/실질+
부산광역시,부산진구,8021,스넥,MEDIUM,5.426057726844849,5.149316175768372,명목+/실질+
부산광역시,부산진구,8301,제과점,HIGH,4.607784181758231,4.708681814522397,명목+/실질+
부산광역시,북구,4004,대형할인점,MEDIUM,-0.2500429976216809,0.09494365745029586,명목-/실질+
부산광역시,북구,4010,편의점,MEDIUM,6.562521809819237,6.931069817858407,명목+/실질+
부산광역시,북구,4020,슈퍼마켓,MEDIUM,6.2058951027921125,6.573209712256797,명목+/실질+
부산광역시,북구,8001,일반한식,MEDIUM,4.99718831138785,4.721572534999358,명목+/실질+
부산광역시,북구,8002,갈비전문점,MEDIUM,5.524641960302547,5.247641627343561,명목+/실질+
부산광역시,북구,8004,일식회집,MEDIUM,7.257252220279174,6.975703815798877,명목+/실질+
부산광역시,북구,8005,중국음식,MEDIUM,3.509203645794307,3.237493803035633,명목+/실질+
부산광역시,북구,8006,서양음식,MEDIUM,4.6397129074856975,4.3650354977578285,명목+/실질+
부산광역시,북구,8021,스넥,MEDIUM,7.557775685963268,7.27543841266039,명목+/실질+
부산광역시,북구,8301,제과점,HIGH,3.020345032088392,3.119711527819299,명목+/실질+
부산광역시,사상구,4004,대형할인점,MEDIUM,-1.7759286593402783,-1.4362193016853069,명목-/실질-
부산광역시,사상구,4010,편의점,MEDIUM,6.913289971870007,7.283051116621846,명목+/실질+
부산광역시,사상구,4020,슈퍼마켓,MEDIUM,6.539063183324917,6.90753005936819,명목+/실질+
부산광역시,사상구,8001,일반한식,MEDIUM,4.0274586182684375,3.754388365303321,명목+/실질+
부산광역시,사상구,8002,갈비전문점,MEDIUM,7.9425870399705305,7.6592396436176085,명목+/실질+
부산광역시,사상구,8003,한정식,MEDIUM,0.8453833121935097,0.5806659510547961,명목+/실질+
부산광역시,사상구,8004,일식회집,MEDIUM,4.382516237262024,4.108513964279331,명목+/실질+
부산광역시,사상구,8005,중국음식,MEDIUM,3.983270843752463,3.710316582920207,명목+/실질+
부산광역시,사상구,8006,서양음식,MEDIUM,3.9228544134438366,3.6500587446804533,명목+/실질+
부산광역시,사상구,8021,스넥,MEDIUM,10.558872759900543,10.268657659454412,명목+/실질+
부산광역시,사상구,8301,제과점,HIGH,6.993473690456198,7.0966723988605445,명목+/실질+
부산광역시,사하구,4004,대형할인점,MEDIUM,1.1413392887902005,1.491138059429493,명목+/실질+
부산광역시,사하구,4010,편의점,MEDIUM,6.278861309636071,6.646428273772162,명목+/실질+
부산광역시,사하구,4020,슈퍼마켓,MEDIUM,5.964139202835803,6.330617696057621,명목+/실질+
부산광역시,사하구,8001,일반한식,MEDIUM,5.638032947630819,5.360734965320507,명목+/실질+
부산광역시,사하구,8002,갈비전문점,MEDIUM,1.6800265750232968,1.4131182899693138,명목+/실질+
부산광역시,사하구,8004,일식회집,MEDIUM,4.337881077375936,4.06399597090445,명목+/실질+
부산광역시,사하구,8005,중국음식,MEDIUM,3.047237973605398,2.7767407826278663,명목+/실질+
부산광역시,사하구,8006,서양음식,MEDIUM,5.173654690337593,4.897575692801526,명목+/실질+
부산광역시,사하구,8021,스넥,MEDIUM,10.07879559773442,9.789840691412364,명목+/실질+
부산광역시,사하구,8301,제과점,HIGH,4.2195620601299,4.320085239947133,명목+/실질+
부산광역시,서구,4004,대형할인점,MEDIUM,-12.598193343005503,-12.295912942773226,명목-/실질-
부산광역시,서구,4010,편의점,MEDIUM,6.944189203948572,7.31405721413709,명목+/실질+
부산광역시,서구,4020,슈퍼마켓,MEDIUM,10.985380702345932,11.369225231216046,명목+/실질+
부산광역시,서구,8001,일반한식,MEDIUM,7.536709926171527,7.254427950118301,명목+/실질+
부산광역시,서구,8002,갈비전문점,MEDIUM,2.3675294530227946,2.0988164849813304,명목+/실질+
부산광역시,서구,8004,일식회집,MEDIUM,10.548214138899379,10.258027017146187,명목+/실질+
부산광역시,서구,8005,중국음식,MEDIUM,5.244050763569104,4.967786977576508,명목+/실질+
부산광역시,서구,8006,서양음식,MEDIUM,6.520538624487318,6.240924080265202,명목+/실질+
부산광역시,서구,8021,스넥,MEDIUM,9.604686905064211,9.31697652573883,명목+/실질+
부산광역시,서구,8301,제과점,HIGH,11.922765195740212,12.030718367189392,명목+/실질+
부산광역시,수영구,4004,대형할인점,MEDIUM,-9.099545883199347,-8.785165360613819,명목-/실질-
부산광역시,수영구,4010,편의점,MEDIUM,4.767535994007835,5.129876017891894,명목+/실질+
부산광역시,수영구,4020,슈퍼마켓,MEDIUM,3.6783487068442895,4.036921760894804,명목+/실질+
부산광역시,수영구,8001,일반한식,MEDIUM,2.407316641453031,2.1384992327402896,명목+/실질+
부산광역시,수영구,8002,갈비전문점,MEDIUM,5.126241650569847,4.850287111431269,명목+/실질+
부산광역시,수영구,8004,일식회집,MEDIUM,1.3843041564534124,1.1181721375577012,명목+/실질+
부산광역시,수영구,8005,중국음식,MEDIUM,1.933997372824279,1.6664224188837105,명목+/실질+
부산광역시,수영구,8006,서양음식,MEDIUM,3.0588351015549082,2.788307468320014,명목+/실질+
부산광역시,수영구,8021,스넥,MEDIUM,8.248728286497974,7.9645772747464125,명목+/실질+
부산광역시,수영구,8301,제과점,HIGH,1.8923188320254782,1.9905973095539795,명목+/실질+
부산광역시,연제구,4004,대형할인점,MEDIUM,-5.591441328971608,-5.264927976536563,명목-/실질-
부산광역시,연제구,4010,편의점,MEDIUM,4.969757859301967,5.332797270404043,명목+/실질+
부산광역시,연제구,4020,슈퍼마켓,MEDIUM,5.919990218967138,6.286316022295618,명목+/실질+
부산광역시,연제구,8001,일반한식,MEDIUM,3.0039768625428476,2.733593231222232,명목+/실질+
부산광역시,연제구,8002,갈비전문점,MEDIUM,3.4674920086217753,3.195891658178598,명목+/실질+
부산광역시,연제구,8004,일식회집,MEDIUM,1.6581470482522416,1.391296196572145,명목+/실질+
부산광역시,연제구,8005,중국음식,MEDIUM,1.8625721135475257,1.5951846496590847,명목+/실질+
부산광역시,연제구,8006,서양음식,MEDIUM,4.862927645619435,4.587664301121969,명목+/실질+
부산광역시,연제구,8021,스넥,MEDIUM,7.4191412230559886,7.137167862784959,명목+/실질+
부산광역시,연제구,8301,제과점,HIGH,2.169376826523595,2.267922535558882,명목+/실질+
부산광역시,영도구,4004,대형할인점,MEDIUM,-33.444464024674254,-33.21428075018814,명목-/실질-
부산광역시,영도구,4010,편의점,MEDIUM,8.37616420740774,8.75098472365672,명목+/실질+
부산광역시,영도구,4020,슈퍼마켓,MEDIUM,10.442656473941897,10.824623983294469,명목+/실질+
부산광역시,영도구,8001,일반한식,MEDIUM,6.657799513805336,6.377824662157734,명목+/실질+
부산광역시,영도구,8002,갈비전문점,MEDIUM,6.341409340055759,6.0622650070610655,명목+/실질+
부산광역시,영도구,8004,일식회집,MEDIUM,10.717434758251315,10.426803435342674,명목+/실질+
부산광역시,영도구,8005,중국음식,MEDIUM,5.7473226266073,5.469737760807895,명목+/실질+
부산광역시,영도구,8006,서양음식,MEDIUM,6.249231314539374,5.970328947243584,명목+/실질+
부산광역시,영도구,8021,스넥,MEDIUM,7.986612616395927,7.703149653677737,명목+/실질+
부산광역시,영도구,8301,제과점,HIGH,9.539657161166062,9.645311746891576,명목+/실질+
부산광역시,중구,4004,대형할인점,MEDIUM,-1.7449350176405147,-1.4051184680322084,명목-/실질-
부산광역시,중구,4010,편의점,MEDIUM,5.344967800357148,5.709304880414675,명목+/실질+
부산광역시,중구,4020,슈퍼마켓,MEDIUM,6.238834598762013,6.606263129945066,명목+/실질+
부산광역시,중구,8001,일반한식,MEDIUM,3.8093712001403315,3.5368734228201424,명목+/실질+
부산광역시,중구,8002,갈비전문점,MEDIUM,7.786552068933565,7.503614261640966,명목+/실질+
부산광역시,중구,8004,일식회집,MEDIUM,1.7405427144338497,1.4734755755761526,명목+/실질+
부산광역시,중구,8005,중국음식,MEDIUM,2.1953495451185785,1.9270885463131333,명목+/실질+
부산광역시,중구,8006,서양음식,MEDIUM,2.9733607404860964,2.703057475948796,명목+/실질+
부산광역시,중구,8021,스넥,MEDIUM,4.479905390886549,4.205647473084884,명목+/실질+
부산광역시,중구,8301,제과점,HIGH,3.121947688813579,3.2214121836332814,명목+/실질+
부산광역시,해운대구,4004,대형할인점,MEDIUM,-6.2595224943328045,-5.935319710177585,명목-/실질-
부산광역시,해운대구,4010,편의점,MEDIUM,5.459111510259229,5.823843357972452,명목+/실질+
부산광역시,해운대구,4020,슈퍼마켓,MEDIUM,7.185930322757146,7.5566343980677715,명목+/실질+
부산광역시,해운대구,8001,일반한식,MEDIUM,2.9315702286466494,2.661376663469167,명목+/실질+
부산광역시,해운대구,8002,갈비전문점,MEDIUM,4.081409622150435,3.808197748747285,명목+/실질+
부산광역시,해운대구,8004,일식회집,MEDIUM,0.6009219010032026,0.33684624677798625,명목+/실질+
부산광역시,해운대구,8005,중국음식,MEDIUM,1.1270342369126622,0.861577547040244,명목+/실질+
부산광역시,해운대구,8006,서양음식,MEDIUM,2.8284843117036487,2.5585613452487594,명목+/실질+
부산광역시,해운대구,8021,스넥,MEDIUM,5.5606202069155355,5.283525431690688,명목+/실질+
부산광역시,해운대구,8301,제과점,HIGH,3.9436654125358768,4.043922481003635,명목+/실질+
서울특별시,강남구,4004,대형할인점,MEDIUM,-3.0552077081344162,-2.71992275539392,명목-/실질-
서울특별시,강남구,4010,편의점,MEDIUM,2.3080234145664162,2.661857178965587,명목+/실질+
서울특별시,강남구,4020,슈퍼마켓,MEDIUM,-1.1557087582925074,-0.8138543612260694,명목-/실질-
서울특별시,강남구,8001,일반한식,MEDIUM,-0.3072001468265995,-0.5688919966156363,명목-/실질-
서울특별시,강남구,8004,일식회집,MEDIUM,-1.553657005305,-1.812076927718749,명목-/실질-
서울특별시,강남구,8005,중국음식,MEDIUM,-3.376773182398418,-3.630407456846857,명목-/실질-
서울특별시,강남구,8006,서양음식,MEDIUM,-1.3577336865844984,-1.61666790427115,명목-/실질-
서울특별시,강남구,8021,스넥,MEDIUM,0.988816792976078,0.7237229214677351,명목+/실질+
서울특별시,강남구,8301,제과점,HIGH,-1.0574484813963008,-0.9620151510187752,명목-/실질-
서울특별시,강동구,4004,대형할인점,MEDIUM,-3.4641092761104533,-3.1302385152997005,명목-/실질-
서울특별시,강동구,4010,편의점,MEDIUM,2.293500442892677,2.6472839793865384,명목+/실질+
서울특별시,강동구,4020,슈퍼마켓,MEDIUM,-1.629701037035487,-1.2894859490544084,명목-/실질-
서울특별시,강동구,8001,일반한식,MEDIUM,0.8126759100906336,0.5480444053084504,명목+/실질+
서울특별시,강동구,8002,갈비전문점,MEDIUM,-2.3697034770113596,-2.625981291760175,명목-/실질-
서울특별시,강동구,8004,일식회집,MEDIUM,-0.6738533295981156,-0.9345827212180805,명목-/실질-
서울특별시,강동구,8005,중국음식,MEDIUM,-0.5807914081293467,-0.8417650856598705,명목-/실질-
서울특별시,강동구,8006,서양음식,MEDIUM,3.458363103772926,3.1867867165447454,명목+/실질+
서울특별시,강동구,8021,스넥,MEDIUM,2.781235196011694,2.5114362576563196,명목+/실질+
서울특별시,강동구,8301,제과점,HIGH,-0.7173168865514852,-0.6215554881146693,명목-/실질-
서울특별시,강북구,4004,대형할인점,MEDIUM,-0.5797605643398771,-0.2359142421950446,명목-/실질-
서울특별시,강북구,4010,편의점,MEDIUM,1.8906021391281824,2.2429922460673697,명목+/실질+
서울특별시,강북구,4020,슈퍼마켓,MEDIUM,-1.7039092300193206,-1.3639507921367475,명목-/실질-
서울특별시,강북구,8001,일반한식,MEDIUM,1.2955296544838664,1.0296306670974944,명목+/실질+
서울특별시,강북구,8002,갈비전문점,MEDIUM,11.5788478939987,11.285955376728287,명목+/실질+
서울특별시,강북구,8004,일식회집,MEDIUM,0.860515582641919,0.5957584995587863,명목+/실질+
서울특별시,강북구,8005,중국음식,MEDIUM,-1.2656411836397212,-1.5248171425299435,명목-/실질-
서울특별시,강북구,8006,서양음식,MEDIUM,2.7733400309817395,2.5035618172959913,명목+/실질+
서울특별시,강북구,8021,스넥,MEDIUM,4.554395888686342,4.279942434635672,명목+/실질+
서울특별시,강북구,8301,제과점,HIGH,-2.487969819646622,-2.3939162739358624,명목-/실질-
서울특별시,강서구,4004,대형할인점,MEDIUM,-2.8972751814957136,-2.561444016849721,명목-/실질-
서울특별시,강서구,4010,편의점,MEDIUM,1.9098612495529137,2.2623179644014138,명목+/실질+
서울특별시,강서구,4020,슈퍼마켓,MEDIUM,-1.0696288579846802,-0.7274767523501475,명목-/실질-
서울특별시,강서구,8001,일반한식,MEDIUM,0.3769265515511132,0.11343888118660313,명목+/실질+
서울특별시,강서구,8004,일식회집,MEDIUM,-0.12755665278643044,-0.38972006359447475,명목-/실질-
서울특별시,강서구,8005,중국음식,MEDIUM,-1.5629785720473288,-1.8213740255118984,명목-/실질-
서울특별시,강서구,8006,서양음식,MEDIUM,1.8956364739602625,1.6281622167060412,명목+/실질+
서울특별시,강서구,8021,스넥,MEDIUM,2.508866601843863,2.2397826262675666,명목+/실질+
서울특별시,강서구,8301,제과점,HIGH,-0.6926695709596279,-0.5968843993798131,명목-/실질-
서울특별시,관악구,4004,대형할인점,MEDIUM,-4.612715110959329,-4.282816819880534,명목-/실질-
서울특별시,관악구,4010,편의점,MEDIUM,2.543981764630995,2.8986315943636387,명목+/실질+
서울특별시,관악구,4020,슈퍼마켓,MEDIUM,-1.1802828588960796,-0.8385134517088537,명목-/실질-
서울특별시,관악구,8001,일반한식,MEDIUM,0.9712280128326917,0.7061803115636486,명목+/실질+
서울특별시,관악구,8002,갈비전문점,MEDIUM,2.6680456773883945,2.3985438595326842,명목+/실질+
서울특별시,관악구,8004,일식회집,MEDIUM,-0.1431656528187658,-0.40528809027560175,명목-/실질-
서울특별시,관악구,8005,중국음식,MEDIUM,0.18977978043232435,-0.07321663294283166,명목+/실질-
서울특별시,관악구,8006,서양음식,MEDIUM,3.2711315552059923,3.000046647506331,명목+/실질+
서울특별시,관악구,8021,스넥,MEDIUM,3.162223361130941,2.8914243355290528,명목+/실질+
서울특별시,관악구,8301,제과점,HIGH,-0.28839892953763824,-0.19222382568811083,명목-/실질-
서울특별시,광진구,4004,대형할인점,MEDIUM,-4.340930639746148,-4.010092378180728,명목-/실질-
서울특별시,광진구,4010,편의점,MEDIUM,4.128991775404774,4.48912338496314,명목+/실질+
서울특별시,광진구,4020,슈퍼마켓,MEDIUM,-1.3143792391930298,-0.9730736062577094,명목-/실질-
서울특별시,광진구,8001,일반한식,MEDIUM,1.078803519608706,0.8134734345223186,명목+/실질+
서울특별시,광진구,8004,일식회집,MEDIUM,1.4573971732761255,1.1910732864944384,명목+/실질+
서울특별시,광진구,8005,중국음식,MEDIUM,-0.7140298612931119,-0.9746537902226104,명목-/실질-
서울특별시,광진구,8006,서양음식,MEDIUM,3.2838228333941504,3.0127046113120537,명목+/실질+
서울특별시,광진구,8021,스넥,MEDIUM,4.459675075611284,4.18547026203218,명목+/실질+
서울특별시,광진구,8301,제과점,HIGH,0.05459418677608653,0.15110011871614493,명목+/실질+
서울특별시,구로구,4004,대형할인점,MEDIUM,-3.9431770564994464,-3.6109631584692865,명목-/실질-
서울특별시,구로구,4010,편의점,MEDIUM,2.5866523113820308,2.9414497178119565,명목+/실질+
서울특별시,구로구,4020,슈퍼마켓,MEDIUM,-0.9341584718530801,-0.591537839947877,명목-/실질-
서울특별시,구로구,8001,일반한식,MEDIUM,0.6103895793298932,0.34628907261524766,명목+/실질+
서울특별시,구로구,8004,일식회집,MEDIUM,0.9086620532050801,0.6437785864817943,명목+/실질+
서울특별시,구로구,8005,중국음식,MEDIUM,0.7971796324396269,0.5325888051138026,명목+/실질+
서울특별시,구로구,8006,서양음식,MEDIUM,3.0595174841450663,2.7889880596678007,명목+/실질+
서울특별시,구로구,8021,스넥,MEDIUM,3.9653799810691637,3.6924726834371797,명목+/실질+
서울특별시,구로구,8301,제과점,HIGH,-1.2718735651236603,-1.1766470547596997,명목-/실질-
서울특별시,금천구,4004,대형할인점,MEDIUM,-4.764796760227211,-4.435424445710813,명목-/실질-
서울특별시,금천구,4010,편의점,MEDIUM,1.865571180149008,2.2178747171579833,명목+/실질+
서울특별시,금천구,4020,슈퍼마켓,MEDIUM,-1.6272302994463088,-1.2870066663837463,명목-/실질-
서울특별시,금천구,8001,일반한식,MEDIUM,-0.15903502157852428,-0.42111580222086,명목-/실질-
서울특별시,금천구,8003,한정식,MEDIUM,13.975651374728212,13.676467290390052,명목+/실질+
서울특별시,금천구,8004,일식회집,MEDIUM,2.581005055478811,2.311731717727861,명목+/실질+
서울특별시,금천구,8005,중국음식,MEDIUM,-0.6764640867437363,-0.9371866251721133,명목-/실질-
서울특별시,금천구,8006,서양음식,MEDIUM,1.5057842483958517,1.2393333463909342,명목+/실질+
서울특별시,금천구,8021,스넥,MEDIUM,3.753844689439773,3.4814926682354614,명목+/실질+
서울특별시,금천구,8301,제과점,HIGH,-1.1946047853614286,-1.0993037467295614,명목-/실질-
서울특별시,노원구,4004,대형할인점,MEDIUM,-2.998407890571683,-2.662926494848148,명목-/실질-
서울특별시,노원구,4010,편의점,MEDIUM,3.083424821725803,3.439940322998031,명목+/실질+
서울특별시,노원구,4020,슈퍼마켓,MEDIUM,-1.7359498349470408,-1.3961022099555478,명목-/실질-
서울특별시,노원구,8001,일반한식,MEDIUM,0.9591995969623414,0.6941834700735918,명목+/실질+
서울특별시,노원구,8004,일식회집,MEDIUM,1.8725074169392488,1.6050938730536448,명목+/실질+
서울특별시,노원구,8005,중국음식,MEDIUM,-2.479158328693466,-2.735148826377834,명목-/실질-
서울특별시,노원구,8006,서양음식,MEDIUM,2.875341084723803,2.60529512006242,명목+/실질+
서울특별시,노원구,8021,스넥,MEDIUM,3.9626803625224403,3.6897801513419064,명목+/실질+
서울특별시,노원구,8301,제과점,HIGH,-0.3246086898334887,-0.22846851148339126,명목-/실질-
서울특별시,도봉구,4004,대형할인점,MEDIUM,-6.2187171203505445,-5.894373210225287,명목-/실질-
서울특별시,도봉구,4010,편의점,MEDIUM,2.2814069060755955,2.635148616899103,명목+/실질+
서울특별시,도봉구,4020,슈퍼마켓,MEDIUM,-1.5683895334236233,-1.2279623987291013,명목-/실질-
서울특별시,도봉구,8001,일반한식,MEDIUM,3.3056776344571484,3.0345020439058614,명목+/실질+
서울특별시,도봉구,8004,일식회집,MEDIUM,0.9618949454100032,0.6968717432789842,명목+/실질+
서울특별시,도봉구,8005,중국음식,MEDIUM,-0.006566833162839155,-0.2690478401236178,명목-/실질-
서울특별시,도봉구,8006,서양음식,MEDIUM,4.633567022042135,4.3589057451557816,명목+/실질+
서울특별시,도봉구,8021,스넥,MEDIUM,5.389669422878179,5.113023390461023,명목+/실질+
서울특별시,도봉구,8301,제과점,HIGH,-1.2013967985181162,-1.1061023110052657,명목-/실질-
서울특별시,동대문구,4004,대형할인점,MEDIUM,-0.8980526594780384,-0.5553071551033805,명목-/실질-
서울특별시,동대문구,4010,편의점,MEDIUM,3.1927050021759844,3.5495984505180807,명목+/실질+
서울특별시,동대문구,4020,슈퍼마켓,MEDIUM,-4.0685901693432625,-3.7368100143601937,명목-/실질-
서울특별시,동대문구,8001,일반한식,MEDIUM,2.0310885264338947,1.7632587099193588,명목+/실질+
서울특별시,동대문구,8004,일식회집,MEDIUM,2.565226363705433,2.295994444743438,명목+/실질+
서울특별시,동대문구,8005,중국음식,MEDIUM,1.187099448235554,0.9214850882375432,명목+/실질+
서울특별시,동대문구,8006,서양음식,MEDIUM,4.672100050861924,4.397337625451306,명목+/실질+
서울특별시,동대문구,8021,스넥,MEDIUM,5.062725839223303,4.786938027974569,명목+/실질+
서울특별시,동대문구,8301,제과점,HIGH,0.6626351819599879,0.7597275893474283,명목+/실질+
서울특별시,동작구,4004,대형할인점,MEDIUM,-4.494558701238134,-4.164251764523938,명목-/실질-
서울특별시,동작구,4010,편의점,MEDIUM,3.7261147275030515,4.084852981020046,명목+/실질+
서울특별시,동작구,4020,슈퍼마켓,MEDIUM,-0.47910115010143295,-0.1349066959309857,명목-/실질-
서울특별시,동작구,8001,일반한식,MEDIUM,0.8580358716053967,0.5932852977203551,명목+/실질+
서울특별시,동작구,8004,일식회집,MEDIUM,0.5696247473989222,0.3056312476525839,명목+/실질+
서울특별시,동작구,8005,중국음식,MEDIUM,0.8500307394167927,0.5853011788630944,명목+/실질+
서울특별시,동작구,8006,서양음식,MEDIUM,4.977120095811828,4.701556998137083,명목+/실질+
서울특별시,동작구,8021,스넥,MEDIUM,2.607297811317198,2.3379554555434705,명목+/실질+
서울특별시,동작구,8301,제과점,HIGH,0.7990951063869555,0.8963191338393816,명목+/실질+
서울특별시,마포구,4004,대형할인점,MEDIUM,-10.407486095253008,-10.097629102625634,명목-/실질-
서울특별시,마포구,4010,편의점,MEDIUM,3.128481528860932,3.4851528594002605,명목+/실질+
서울특별시,마포구,4020,슈퍼마켓,MEDIUM,-0.04961977967509136,0.2960600419670334,명목-/실질+
서울특별시,마포구,8001,일반한식,MEDIUM,-0.2582377059145512,-0.52005808125168,명목-/실질-
서울특별시,마포구,8003,한정식,MEDIUM,-5.068356036154934,-5.31754993530331,명목-/실질-
서울특별시,마포구,8004,일식회집,MEDIUM,-0.8991578886522469,-1.1592958597592797,명목-/실질-
서울특별시,마포구,8005,중국음식,MEDIUM,-2.1142187728750996,-2.371167230488008,명목-/실질-
서울특별시,마포구,8006,서양음식,MEDIUM,1.3513204893442439,1.0852750519956622,명목+/실질+
서울특별시,마포구,8021,스넥,MEDIUM,2.9889351429878004,2.7185909959170513,명목+/실질+
서울특별시,마포구,8301,제과점,HIGH,-1.8508594938254506,-1.756191434346019,명목-/실질-
서울특별시,서대문구,4004,대형할인점,MEDIUM,-2.6343839041043435,-2.2976435262098476,명목-/실질-
서울특별시,서대문구,4010,편의점,MEDIUM,3.6246837243970216,3.9830711773371164,명목+/실질+
서울특별시,서대문구,4020,슈퍼마켓,MEDIUM,-3.6855891689950306,-3.35248439956621,명목-/실질-
서울특별시,서대문구,8001,일반한식,MEDIUM,1.4758051914052939,1.2094329838988276,명목+/실질+
서울특별시,서대문구,8002,갈비전문점,MEDIUM,-4.5543910954357,-4.804934143532309,명목-/실질-
서울특별시,서대문구,8004,일식회집,MEDIUM,3.0807969455037294,2.81021166281375,명목+/실질+
서울특별시,서대문구,8005,중국음식,MEDIUM,0.8501934766359005,0.5854634888997137,명목+/실질+
서울특별시,서대문구,8006,서양음식,MEDIUM,4.920473297849338,4.645058897024869,명목+/실질+
서울특별시,서대문구,8021,스넥,MEDIUM,2.6858489013995386,2.416300350393186,명목+/실질+
서울특별시,서대문구,8301,제과점,HIGH,1.2549899955785688,1.352653748578084,명목+/실질+
서울특별시,서초구,4004,대형할인점,MEDIUM,-2.315965210861077,-1.9781235773550947,명목-/실질-
서울특별시,서초구,4010,편의점,MEDIUM,3.7947206947536456,4.153696222991061,명목+/실질+
서울특별시,서초구,4020,슈퍼마켓,MEDIUM,-2.3577358031893207,-2.0200386338753993,명목-/실질-
서울특별시,서초구,8001,일반한식,MEDIUM,0.7167523310695857,0.4523726239986171,명목+/실질+
서울특별시,서초구,8004,일식회집,MEDIUM,-1.0646466346293115,-1.3243502006828893,명목-/실질-
서울특별시,서초구,8005,중국음식,MEDIUM,-2.1285546049361344,-2.385465431241508,명목-/실질-
서울특별시,서초구,8006,서양음식,MEDIUM,2.2338510117288712,1.965488947249212,명목+/실질+
서울특별시,서초구,8021,스넥,MEDIUM,2.0895540793156817,1.8215707917512727,명목+/실질+
서울특별시,서초구,8301,제과점,HIGH,-1.024962384637648,-0.9294977203559948,명목-/실질-
서울특별시,성동구,4004,대형할인점,MEDIUM,-4.778879881131556,-4.449556273290481,명목-/실질-
서울특별시,성동구,4010,편의점,MEDIUM,3.5109128100995104,3.8689067847027476,명목+/실질+
서울특별시,성동구,4020,슈퍼마켓,MEDIUM,-1.957973859530766,-1.6188941078085748,명목-/실질-
서울특별시,성동구,8001,일반한식,MEDIUM,1.3725559154503182,1.1064547354810816,명목+/실질+
서울특별시,성동구,8004,일식회집,MEDIUM,2.4911298396914314,2.2220924228043195,명목+/실질+
서울특별시,성동구,8005,중국음식,MEDIUM,1.1187843469943857,0.8533493129379094,명목+/실질+
서울특별시,성동구,8006,서양음식,MEDIUM,2.9932348755329903,2.722879441740075,명목+/실질+
서울특별시,성동구,8021,스넥,MEDIUM,4.346188082335592,4.072281170121843,명목+/실질+
서울특별시,성동구,8301,제과점,HIGH,-1.3065824133978277,-1.2113893808544158,명목-/실질-
서울특별시,성북구,4004,대형할인점,MEDIUM,-4.709854258984681,-4.380291925040899,명목-/실질-
서울특별시,성북구,4010,편의점,MEDIUM,4.629158744741631,4.9910201889272425,명목+/실질+
서울특별시,성북구,4020,슈퍼마켓,MEDIUM,-1.6079290028270588,-1.2676386159541002,명목-/실질-
서울특별시,성북구,8001,일반한식,MEDIUM,3.0403597361142722,2.7698806003894747,명목+/실질+
서울특별시,성북구,8004,일식회집,MEDIUM,2.1791171807510787,1.9108987916173805,명목+/실질+
서울특별시,성북구,8005,중국음식,MEDIUM,0.5237161840370715,0.259843193463667,명목+/실질+
서울특별시,성북구,8006,서양음식,MEDIUM,6.732622827421536,6.452451565889153,명목+/실질+
서울특별시,성북구,8021,스넥,MEDIUM,6.150161075397969,5.871518765741332,명목+/실질+
서울특별시,성북구,8301,제과점,HIGH,0.6904357403855288,0.7875549623219222,명목+/실질+
서울특별시,송파구,4004,대형할인점,MEDIUM,-2.507483864442887,-2.1703046009435556,명목-/실질-
서울특별시,송파구,4010,편의점,MEDIUM,4.097287313748725,4.457309272971981,명목+/실질+
서울특별시,송파구,4020,슈퍼마켓,MEDIUM,-1.1540866148906699,-0.8122266076181363,명목-/실질-
서울특별시,송파구,8001,일반한식,MEDIUM,1.5944757955799531,1.3277920798205038,명목+/실질+
서울특별시,송파구,8003,한정식,MEDIUM,16.15189777826633,15.847001085316684,명목+/실질+
서울특별시,송파구,8004,일식회집,MEDIUM,1.0113693200222542,0.7462162485262127,명목+/실질+
서울특별시,송파구,8005,중국음식,MEDIUM,-2.0302581913954962,-2.2874270440612845,명목-/실질-
서울특별시,송파구,8006,서양음식,MEDIUM,6.104294778814195,5.825772867380784,명목+/실질+
서울특별시,송파구,8021,스넥,MEDIUM,3.1195753432349917,2.848888267931909,명목+/실질+
서울특별시,송파구,8301,제과점,HIGH,1.384707148678294,1.4824960181187963,명목+/실질+
서울특별시,양천구,4004,대형할인점,MEDIUM,-4.1797581291855,-3.8483624501837803,명목-/실질-
서울특별시,양천구,4010,편의점,MEDIUM,2.210193869846724,2.5636892893644054,명목+/실질+
서울특별시,양천구,4020,슈퍼마켓,MEDIUM,-1.6023411780787336,-1.2620314656334668,명목-/실질-
서울특별시,양천구,8001,일반한식,MEDIUM,1.023131056387649,0.7579471105401406,명목+/실질+
서울특별시,양천구,8002,갈비전문점,MEDIUM,38.94493815806095,38.580210134181605,명목+/실질+
서울특별시,양천구,8004,일식회집,MEDIUM,0.5284314397964218,0.26454607175960404,명목+/실질+
서울특별시,양천구,8005,중국음식,MEDIUM,-1.4843859528598928,-1.7429877105702645,명목-/실질-
서울특별시,양천구,8006,서양음식,MEDIUM,3.594168455157683,3.322235581265895,명목+/실질+
서울특별시,양천구,8021,스넥,MEDIUM,3.64242561763252,3.370366069536205,명목+/실질+
서울특별시,양천구,8301,제과점,HIGH,-0.49692495972991374,-0.40095098606372515,명목-/실질-
서울특별시,영등포구,4004,대형할인점,MEDIUM,-2.45487039954217,-2.117509171620771,명목-/실질-
서울특별시,영등포구,4010,편의점,MEDIUM,3.490463546949746,3.848386797483622,명목+/실질+
서울특별시,영등포구,4020,슈퍼마켓,MEDIUM,-1.565266410792384,-1.2248284747337912,명목-/실질-
서울특별시,영등포구,8001,일반한식,MEDIUM,0.9299568158898543,0.6650174507883387,명목+/실질+
서울특별시,영등포구,8003,한정식,MEDIUM,6.643020466051633,6.363084409145131,명목+/실질+
서울특별시,영등포구,8004,일식회집,MEDIUM,0.358901636356925,0.09546128107851912,명목+/실질+
서울특별시,영등포구,8005,중국음식,MEDIUM,-1.0280192743499346,-1.2878189865813083,명목-/실질-
서울특별시,영등포구,8006,서양음식,MEDIUM,1.4209139848777448,1.1546858658250987,명목+/실질+
서울특별시,영등포구,8021,스넥,MEDIUM,4.169390279332164,3.895947458248214,명목+/실질+
서울특별시,영등포구,8301,제과점,HIGH,-0.4675204756266018,-0.37151814037282305,명목-/실질-
서울특별시,용산구,4004,대형할인점,MEDIUM,-5.011745296987111,-4.683227057522245,명목-/실질-
서울특별시,용산구,4010,편의점,MEDIUM,2.1394743312052955,2.4927251661856276,명목+/실질+
서울특별시,용산구,4020,슈퍼마켓,MEDIUM,-2.1959838872292345,-1.8577272965969065,명목-/실질-
서울특별시,용산구,8001,일반한식,MEDIUM,0.6689009417965492,0.40464684378247834,명목+/실질+
서울특별시,용산구,8003,한정식,MEDIUM,-1.1937581879795236,-1.4531228384718395,명목-/실질-
서울특별시,용산구,8004,일식회집,MEDIUM,0.6430882800211767,0.37890193979119785,명목+/실질+
서울특별시,용산구,8005,중국음식,MEDIUM,-3.043231534464794,-3.2977413498849555,명목-/실질-
서울특별시,용산구,8006,서양음식,MEDIUM,2.5942679892097917,2.3249598364905912,명목+/실질+
서울특별시,용산구,8021,스넥,MEDIUM,2.8044524733731655,2.5345925900721324,명목+/실질+
서울특별시,용산구,8301,제과점,HIGH,-1.7257468000756222,-1.6309580653069464,명목-/실질-
서울특별시,은평구,4004,대형할인점,MEDIUM,-1.6578602521202108,-1.3177425531879394,명목-/실질-
서울특별시,은평구,4010,편의점,MEDIUM,2.1182474860112346,2.4714249076431725,명목+/실질+
서울특별시,은평구,4020,슈퍼마켓,MEDIUM,-1.4293406353772768,-1.0884325980772744,명목-/실질-
서울특별시,은평구,8001,일반한식,MEDIUM,1.2595059729172817,0.9937015470628249,명목+/실질+
서울특별시,은평구,8004,일식회집,MEDIUM,2.246928115883442,1.9785317242352016,명목+/실질+
서울특별시,은평구,8005,중국음식,MEDIUM,-0.5626336708161097,-0.8236550120883255,명목-/실질-
서울특별시,은평구,8006,서양음식,MEDIUM,5.653224657180141,5.375886796898809,명목+/실질+
서울특별시,은평구,8021,스넥,MEDIUM,3.89506130874938,3.622338596398089,명목+/실질+
서울특별시,은평구,8301,제과점,HIGH,-0.46737736768844385,-0.3713748944022301,명목-/실질-
서울특별시,종로구,4004,대형할인점,MEDIUM,-10.57195414162562,-10.262665964092186,명목-/실질-
서울특별시,종로구,4010,편의점,MEDIUM,4.596202311606284,4.957949775495741,명목+/실질+
서울특별시,종로구,4020,슈퍼마켓,MEDIUM,-0.5494040343575026,-0.20545272371886328,명목-/실질-
서울특별시,종로구,8001,일반한식,MEDIUM,1.9066990278031577,1.6391957315392705,명목+/실질+
서울특별시,종로구,8002,갈비전문점,MEDIUM,3.707209935824186,3.4349803300297728,명목+/실질+
서울특별시,종로구,8004,일식회집,MEDIUM,-0.5561643463259671,-0.8172026694614665,명목-/실질-
서울특별시,종로구,8005,중국음식,MEDIUM,-0.9662443295372879,-1.2262061999145577,명목-/실질-
서울특별시,종로구,8006,서양음식,MEDIUM,2.8003125419592774,2.5304635259057373,명목+/실질+
서울특별시,종로구,8021,스넥,MEDIUM,4.511748015577261,4.237406511444589,명목+/실질+
서울특별시,종로구,8301,제과점,HIGH,-0.1760243555479404,-0.07974086274258961,명목-/실질-
서울특별시,중구,4004,대형할인점,MEDIUM,-2.588311706890914,-2.2514119876423884,명목-/실질-
서울특별시,중구,4010,편의점,MEDIUM,3.449987212354702,3.807770474905465,명목+/실질+
서울특별시,중구,4020,슈퍼마켓,MEDIUM,-0.46032346169879335,-0.11606406462389778,명목-/실질-
서울특별시,중구,8001,일반한식,MEDIUM,1.358135853378014,1.09207252581871,명목+/실질+
서울특별시,중구,8004,일식회집,MEDIUM,-0.6926707173547246,-0.9533507136621621,명목-/실질-
서울특별시,중구,8005,중국음식,MEDIUM,-2.0135816478006117,-2.2707942761003466,명목-/실질-
서울특별시,중구,8006,서양음식,MEDIUM,3.753775374033441,3.4814235347809537,명목+/실질+
서울특별시,중구,8021,스넥,MEDIUM,2.14299232129143,1.8748687592795483,명목+/실질+
서울특별시,중구,8301,제과점,HIGH,-2.5826738136628635,-2.488711613055185,명목-/실질-
서울특별시,중랑구,4004,대형할인점,MEDIUM,-18.375760130582417,-18.093461527840248,명목-/실질-
서울특별시,중랑구,4010,편의점,MEDIUM,1.9201482172442614,2.27264050971782,명목+/실질+
서울특별시,중랑구,4020,슈퍼마켓,MEDIUM,-1.360181407668734,-1.019034182189092,명목-/실질-
서울특별시,중랑구,8001,일반한식,MEDIUM,1.6143124089135104,1.3475766223922363,명목+/실질+
서울특별시,중랑구,8004,일식회집,MEDIUM,-0.6582478961021192,-0.9190182517111969,명목-/실질-
서울특별시,중랑구,8005,중국음식,MEDIUM,-1.2548956211237705,-1.5140997869270363,명목-/실질-
서울특별시,중랑구,8006,서양음식,MEDIUM,3.415077561303987,3.143614797865131,명목+/실질+
서울특별시,중랑구,8021,스넥,MEDIUM,3.962080312739893,3.6891816766793575,명목+/실질+
서울특별시,중랑구,8301,제과점,HIGH,-0.34102911482457654,-0.24490477451175854,명목-/실질-
세종특별자치시,세종특별자치시,4004,대형할인점,MEDIUM,-6.734460581099977,-6.411900377120625,명목-/실질-
세종특별자치시,세종특별자치시,4010,편의점,MEDIUM,5.147609028439238,5.511263540357095,명목+/실질+
세종특별자치시,세종특별자치시,4020,슈퍼마켓,MEDIUM,0.9145187611687131,1.2635330697642408,명목+/실질+
세종특별자치시,세종특별자치시,8001,일반한식,MEDIUM,2.477642521009921,2.2086405080977136,명목+/실질+
세종특별자치시,세종특별자치시,8002,갈비전문점,MEDIUM,5.008287120099592,4.73264220953309,명목+/실질+
세종특별자치시,세종특별자치시,8004,일식회집,MEDIUM,2.229259076242809,1.9609090655134467,명목+/실질+
세종특별자치시,세종특별자치시,8005,중국음식,MEDIUM,-1.5597559687307048,-1.818159881472276,명목-/실질-
세종특별자치시,세종특별자치시,8006,서양음식,MEDIUM,1.5024576804361407,1.2360155106139716,명목+/실질+
세종특별자치시,세종특별자치시,8021,스넥,MEDIUM,3.8790284836178053,3.6063478571510243,명목+/실질+
세종특별자치시,세종특별자치시,8301,제과점,HIGH,0.7536787560710523,0.8508589779664951,명목+/실질+
울산광역시,남구,4004,대형할인점,MEDIUM,-2.121089279871947,-1.7825736651671247,명목-/실질-
울산광역시,남구,4010,편의점,MEDIUM,2.2861718403423565,2.639930030759129,명목+/실질+
울산광역시,남구,4020,슈퍼마켓,MEDIUM,-0.5463511970187613,-0.2023893280987451,명목-/실질-
울산광역시,남구,8001,일반한식,MEDIUM,0.9033632898732382,0.6384937323105009,명목+/실질+
울산광역시,남구,8002,갈비전문점,MEDIUM,0.6883173284405331,0.4240122627521291,명목+/실질+
울산광역시,남구,8004,일식회집,MEDIUM,-1.4601240658097692,-1.7187895105480337,명목-/실질-
울산광역시,남구,8005,중국음식,MEDIUM,-2.837823658267975,-3.092872665757334,명목-/실질-
울산광역시,남구,8006,서양음식,MEDIUM,2.2576404021613694,1.9892158909497224,명목+/실질+
울산광역시,남구,8021,스넥,MEDIUM,2.008470349822483,1.7406999056245547,명목+/실질+
울산광역시,남구,8301,제과점,HIGH,-1.3840783064067907,-1.2889600211895422,명목-/실질-
울산광역시,동구,4004,대형할인점,MEDIUM,-8.869376238965954,-8.554199671368982,명목-/실질-
울산광역시,동구,4010,편의점,MEDIUM,4.9489882655387385,5.311955844703038,명목+/실질+
울산광역시,동구,4020,슈퍼마켓,MEDIUM,4.423706493944903,4.784857378578317,명목+/실질+
울산광역시,동구,8001,일반한식,MEDIUM,2.969300215195502,2.699007609465769,명목+/실질+
울산광역시,동구,8002,갈비전문점,MEDIUM,10.289304018079198,9.999796530848881,명목+/실질+
울산광역시,동구,8004,일식회집,MEDIUM,-0.7743952000282842,-1.034860671003288,명목-/실질-
울산광역시,동구,8005,중국음식,MEDIUM,1.9727633419696273,1.7050866280405281,명목+/실질+
울산광역시,동구,8006,서양음식,MEDIUM,3.4797987150807708,3.2081660597490993,명목+/실질+
울산광역시,동구,8021,스넥,MEDIUM,5.09257322872806,4.816707068605663,명목+/실질+
울산광역시,동구,8301,제과점,HIGH,3.4403980929704954,3.5401697436313615,명목+/실질+
울산광역시,북구,4004,대형할인점,MEDIUM,-0.6894583239674403,-0.34599139309573856,명목-/실질-
울산광역시,북구,4010,편의점,MEDIUM,4.225395422063895,4.5858604450148786,명목+/실질+
울산광역시,북구,4020,슈퍼마켓,MEDIUM,2.6505198830312113,3.0055381763724514,명목+/실질+
울산광역시,북구,8001,일반한식,MEDIUM,1.0434661837892236,0.7782288585893565,명목+/실질+
울산광역시,북구,8004,일식회집,MEDIUM,6.269798279363684,5.990841924146123,명목+/실질+
울산광역시,북구,8005,중국음식,MEDIUM,-0.16482191839989557,-0.42688750853969554,명목-/실질-
울산광역시,북구,8006,서양음식,MEDIUM,0.9848108670694731,0.7197275110465151,명목+/실질+
울산광역시,북구,8021,스넥,MEDIUM,4.327179651878743,4.053322636461404,명목+/실질+
울산광역시,북구,8301,제과점,HIGH,2.6396971465421273,2.7386964949247377,명목+/실질+
울산광역시,울주군,4004,대형할인점,MEDIUM,-1.225664151020067,-0.8840516956813905,명목-/실질-
울산광역시,울주군,4010,편의점,MEDIUM,5.829215481025555,6.195227338622846,명목+/실질+
울산광역시,울주군,4020,슈퍼마켓,MEDIUM,5.5150458420967,5.879971139497561,명목+/실질+
울산광역시,울주군,8001,일반한식,MEDIUM,4.059541773498558,3.786387302814341,명목+/실질+
울산광역시,울주군,8002,갈비전문점,MEDIUM,4.251361000093207,3.9777030073060238,명목+/실질+
울산광역시,울주군,8004,일식회집,MEDIUM,5.160812958769408,4.884767670553507,명목+/실질+
울산광역시,울주군,8005,중국음식,MEDIUM,2.039903512644167,1.7720505569454055,명목+/실질+
울산광역시,울주군,8006,서양음식,MEDIUM,2.975763404224032,2.7054538327363455,명목+/실질+
울산광역시,울주군,8021,스넥,MEDIUM,7.44331816403471,7.161281339717916,명목+/실질+
울산광역시,울주군,8301,제과점,HIGH,2.4933061849808396,2.5921643344879985,명목+/실질+
울산광역시,중구,4004,대형할인점,MEDIUM,-12.65595135331746,-12.35387070999102,명목-/실질-
울산광역시,중구,4010,편의점,MEDIUM,2.6921008510116824,3.0472629527262223,명목+/실질+
울산광역시,중구,4020,슈퍼마켓,MEDIUM,-1.4345287756971248,-1.0936386816547314,명목-/실질-
울산광역시,중구,8001,일반한식,MEDIUM,0.9651139538226571,0.7000823018511521,명목+/실질+
울산광역시,중구,8002,갈비전문점,MEDIUM,-11.485126289637057,-11.717476279498351,명목-/실질-
울산광역시,중구,8004,일식회집,MEDIUM,2.2734603408830423,2.004994302609681,명목+/실질+
울산광역시,중구,8005,중국음식,MEDIUM,-2.108776428823704,-2.365739172494222,명목-/실질-
울산광역시,중구,8006,서양음식,MEDIUM,0.40109747909431587,0.13754636046920923,명목+/실질+
울산광역시,중구,8021,스넥,MEDIUM,1.1710255168261612,0.9054533506160158,명목+/실질+
울산광역시,중구,8301,제과점,HIGH,-0.015350405945424448,0.0810880621449265,명목-/실질+
인천광역시,강화군,4010,편의점,MEDIUM,6.48386787689106,6.852143859176335,명목+/실질+
인천광역시,강화군,4020,슈퍼마켓,MEDIUM,0.3539863112899197,0.701062010378405,명목+/실질+
인천광역시,강화군,8001,일반한식,MEDIUM,4.6591937617950885,4.384465215166639,명목+/실질+
인천광역시,강화군,8002,갈비전문점,MEDIUM,47.82727691802659,47.43923291080676,명목+/실질+
인천광역시,강화군,8004,일식회집,MEDIUM,9.52182876096071,9.234335882809576,명목+/실질+
인천광역시,강화군,8005,중국음식,MEDIUM,2.9300651425564626,2.659875528203844,명목+/실질+
인천광역시,강화군,8006,서양음식,MEDIUM,3.033502942891712,2.763041806128477,명목+/실질+
인천광역시,강화군,8021,스넥,MEDIUM,0.696753064395677,0.4324258550485043,명목+/실질+
인천광역시,강화군,8301,제과점,HIGH,-0.3491829029975952,-0.2530664272806211,명목-/실질-
인천광역시,계양구,4004,대형할인점,MEDIUM,-4.15488468259231,-3.823402978419179,명목-/실질-
인천광역시,계양구,4010,편의점,MEDIUM,1.1895337449435828,1.5394991967997513,명목+/실질+
인천광역시,계양구,4020,슈퍼마켓,MEDIUM,-2.558944053986785,-2.2219427662900397,명목-/실질-
인천광역시,계양구,8001,일반한식,MEDIUM,-1.6715741568565077,-1.9296845488171361,명목-/실질-
인천광역시,계양구,8004,일식회집,MEDIUM,0.15170742047598673,-0.11118905362277583,명목+/실질-
인천광역시,계양구,8005,중국음식,MEDIUM,-2.696741186541998,-2.952160533043752,명목-/실질-
인천광역시,계양구,8006,서양음식,MEDIUM,-0.10660625102014011,-0.36882465626509586,명목-/실질-
인천광역시,계양구,8021,스넥,MEDIUM,1.2746651883982985,1.0088209698691843,명목+/실질+
인천광역시,계양구,8301,제과점,HIGH,-12.439946732067288,-12.355492193922279,명목-/실질-
인천광역시,남동구,4004,대형할인점,MEDIUM,-4.246919949989431,-3.9157565511069157,명목-/실질-
인천광역시,남동구,4010,편의점,MEDIUM,0.7725434719704384,1.12106675699453,명목+/실질+
인천광역시,남동구,4020,슈퍼마켓,MEDIUM,-2.0816684990042247,-1.743016546964312,명목-/실질-
인천광역시,남동구,8001,일반한식,MEDIUM,-1.1845982081411621,-1.4439869034196349,명목-/실질-
인천광역시,남동구,8002,갈비전문점,MEDIUM,-17.241861221479216,-17.459099883187516,명목-/실질-
인천광역시,남동구,8004,일식회집,MEDIUM,-3.964692871704484,-4.216783867287854,명목-/실질-
인천광역시,남동구,8005,중국음식,MEDIUM,-2.991367280090087,-3.2460132382676976,명목-/실질-
인천광역시,남동구,8006,서양음식,MEDIUM,0.6676606542563954,0.4034098119753477,명목+/실질+
인천광역시,남동구,8021,스넥,MEDIUM,-0.22861868344765274,-0.4905168081990696,명목-/실질-
인천광역시,남동구,8301,제과점,HIGH,-3.658067002856006,-3.56514205418836,명목-/실질-
인천광역시,동구,4004,대형할인점,MEDIUM,-3.594583284438805,-3.261163769854853,명목-/실질-
인천광역시,동구,4010,편의점,MEDIUM,1.414349372333534,1.7650923522570556,명목+/실질+
인천광역시,동구,4020,슈퍼마켓,MEDIUM,-2.058398099672126,-1.7196656666228542,명목-/실질-
인천광역시,동구,8001,일반한식,MEDIUM,-0.33804890822920597,-0.5996597805612143,명목-/실질-
인천광역시,동구,8004,일식회집,MEDIUM,-10.049857653523754,-10.28597519836259,명목-/실질-
인천광역시,동구,8005,중국음식,MEDIUM,-1.7349206764496305,-1.9928647849081493,명목-/실질-
인천광역시,동구,8006,서양음식,MEDIUM,2.884168839552143,2.614099702189086,명목+/실질+
인천광역시,동구,8021,스넥,MEDIUM,2.4773026583542976,2.2083015375755473,명목+/실질+
인천광역시,동구,8301,제과점,HIGH,-4.053305892225692,-3.9607621644070603,명목-/실질-
인천광역시,미추홀구,4004,대형할인점,MEDIUM,-9.011078815974356,-8.696392328770012,명목-/실질-
인천광역시,미추홀구,4010,편의점,MEDIUM,1.3867079360981764,1.7373553177186505,명목+/실질+
인천광역시,미추홀구,4020,슈퍼마켓,MEDIUM,-2.197860506533595,-1.8596104062160106,명목-/실질-
인천광역시,미추홀구,8001,일반한식,MEDIUM,-0.9872088324341768,-1.2471156713593148,명목-/실질-
인천광역시,미추홀구,8004,일식회집,MEDIUM,-2.8041124225914076,-3.059249921483083,명목-/실질-
인천광역시,미추홀구,8005,중국음식,MEDIUM,-1.5748271695407274,-1.8331915206449871,명목-/실질-
인천광역시,미추홀구,8006,서양음식,MEDIUM,1.365319344522324,1.0992371604247555,명목+/실질+
인천광역시,미추홀구,8021,스넥,MEDIUM,4.469570636509681,4.195339847256857,명목+/실질+
인천광역시,미추홀구,8301,제과점,HIGH,-2.086448447847691,-1.9920076216278302,명목-/실질-
인천광역시,부평구,4004,대형할인점,MEDIUM,-0.7067914168596976,-0.36338443273784515,명목-/실질-
인천광역시,부평구,4010,편의점,MEDIUM,1.0910503288311368,1.4406751743820425,명목+/실질+
인천광역시,부평구,4020,슈퍼마켓,MEDIUM,-1.9403482137648969,-1.6012075034940787,명목-/실질-
인천광역시,부평구,8001,일반한식,MEDIUM,-1.9620022333101876,-2.219350256667722,명목-/실질-
인천광역시,부평구,8002,갈비전문점,MEDIUM,-10.747981192219257,-10.982266175022817,명목-/실질-
인천광역시,부평구,8004,일식회집,MEDIUM,-1.8941575232511405,-2.1516836377818986,명목-/실질-
인천광역시,부평구,8005,중국음식,MEDIUM,-2.0223033369235934,-2.2794930709426993,명목-/실질-
인천광역시,부평구,8006,서양음식,MEDIUM,-0.09046203802822866,-0.3527228215488267,명목-/실질-
인천광역시,부평구,8021,스넥,MEDIUM,1.3825358301995245,1.1164084531291432,명목+/실질+
인천광역시,부평구,8301,제과점,HIGH,-3.7351465823304646,-3.6422959794406684,명목-/실질-
인천광역시,서구,4004,대형할인점,MEDIUM,-5.840204795431233,-5.5145517950082645,명목-/실질-
인천광역시,서구,4010,편의점,MEDIUM,1.3222581022503348,1.672682583197389,명목+/실질+
인천광역시,서구,4020,슈퍼마켓,MEDIUM,-0.3523328821867074,-0.007699998146042098,명목-/실질-
인천광역시,서구,8001,일반한식,MEDIUM,-1.625546035346409,-1.8837772503181083,명목-/실질-
인천광역시,서구,8004,일식회집,MEDIUM,-2.5813133621421995,-2.8370357046568073,명목-/실질-
인천광역시,서구,8005,중국음식,MEDIUM,-3.0127473822681132,-3.267337218052542,명목-/실질-
인천광역시,서구,8006,서양음식,MEDIUM,-0.48551836350552263,-0.7467421311059828,명목-/실질-
인천광역시,서구,8021,스넥,MEDIUM,0.11347467891067511,-0.14932143491240266,명목+/실질-
인천광역시,서구,8301,제과점,HIGH,-3.4650821837133887,-3.3719710948691044,명목-/실질-
인천광역시,연수구,4004,대형할인점,MEDIUM,-3.815336735259165,-3.4826806996466764,명목-/실질-
인천광역시,연수구,4010,편의점,MEDIUM,2.0985100621440025,2.451619221612784,명목+/실질+
인천광역시,연수구,4020,슈퍼마켓,MEDIUM,-3.187209881539403,-2.8523814602063284,명목-/실질-
인천광역시,연수구,8001,일반한식,MEDIUM,-1.4764440588600931,-1.7350666639030048,명목-/실질-
인천광역시,연수구,8004,일식회집,MEDIUM,-2.168597719550976,-2.4254034333833285,명목-/실질-
인천광역시,연수구,8005,중국음식,MEDIUM,-3.341860621326223,-3.5955865406347307,명목-/실질-
인천광역시,연수구,8006,서양음식,MEDIUM,1.2382869331150905,0.9725382068676258,명목+/실질+
인천광역시,연수구,8021,스넥,MEDIUM,2.316169343601152,2.047591194945291,명목+/실질+
인천광역시,연수구,8301,제과점,HIGH,-2.211306647534516,-2.116986251136138,명목-/실질-
인천광역시,옹진군,4010,편의점,MEDIUM,8.69066276434341,9.066570978356044,명목+/실질+
인천광역시,옹진군,4020,슈퍼마켓,MEDIUM,11.162177235375333,11.546633217587457,명목+/실질+
인천광역시,옹진군,8001,일반한식,MEDIUM,11.651569192486857,11.358485783084117,명목+/실질+
인천광역시,옹진군,8004,일식회집,MEDIUM,21.202918539488667,20.884763005697202,명목+/실질+
인천광역시,옹진군,8005,중국음식,MEDIUM,8.113340268545887,7.829544647964994,명목+/실질+
인천광역시,옹진군,8006,서양음식,MEDIUM,14.045190321837078,13.745823698983317,명목+/실질+
인천광역시,옹진군,8021,스넥,MEDIUM,4.169502775477352,3.896059659092895,명목+/실질+
인천광역시,옹진군,8301,제과점,HIGH,11.225845472323263,11.333126441881534,명목+/실질+
인천광역시,중구,4004,대형할인점,MEDIUM,-0.5132333198733044,-0.16915691230066976,명목-/실질-
인천광역시,중구,4010,편의점,MEDIUM,0.32781353442785166,0.6747987145928639,명목+/실질+
인천광역시,중구,4020,슈퍼마켓,MEDIUM,-1.5153602949890317,-1.1747497579140032,명목-/실질-
인천광역시,중구,8001,일반한식,MEDIUM,-0.3258960577250675,-0.5875388310763402,명목-/실질-
인천광역시,중구,8004,일식회집,MEDIUM,0.5728021512610263,0.30880031088522425,명목+/실질+
인천광역시,중구,8005,중국음식,MEDIUM,-0.8043365215811865,-1.0647233971123649,명목-/실질-
인천광역시,중구,8006,서양음식,MEDIUM,-3.4956994692289447,-3.749021564262006,명목-/실질-
인천광역시,중구,8021,스넥,MEDIUM,1.2488838764760812,0.9831073334381965,명목+/실질+
인천광역시,중구,8301,제과점,HIGH,-4.171268920603181,-4.078838971987414,명목-/실질-
전라남도,강진군,4010,편의점,MEDIUM,3.3590180015397655,3.7164866457720667,명목+/실질+
전라남도,강진군,4020,슈퍼마켓,MEDIUM,1.1376983584279214,1.487484536857113,명목+/실질+
전라남도,강진군,8001,일반한식,MEDIUM,4.096463879366373,3.8232124888021657,명목+/실질+
전라남도,강진군,8004,일식회집,MEDIUM,7.409426207609915,7.12747834908391,명목+/실질+
전라남도,강진군,8005,중국음식,MEDIUM,4.57154440217845,4.2970459335805575,명목+/실질+
전라남도,강진군,8006,서양음식,MEDIUM,0.7924704271973704,0.5278919614527947,명목+/실질+
전라남도,강진군,8021,스넥,MEDIUM,0.8489720966119486,0.5842453149770314,명목+/실질+
전라남도,강진군,8301,제과점,HIGH,-2.1588169856641746,-2.0644459612683796,명목-/실질-
전라남도,고흥군,4004,대형할인점,MEDIUM,0.152953719877095,0.49933414486886,명목+/실질+
전라남도,고흥군,4010,편의점,MEDIUM,2.396794501014271,2.750935281487444,명목+/실질+
전라남도,고흥군,4020,슈퍼마켓,MEDIUM,-3.0736064181994887,-2.7383850976613346,명목-/실질-
전라남도,고흥군,8001,일반한식,MEDIUM,3.002740281776582,2.7323598964591174,명목+/실질+
전라남도,고흥군,8004,일식회집,MEDIUM,4.626176566677153,4.351534689606215,명목+/실질+
전라남도,고흥군,8005,중국음식,MEDIUM,0.8213093883537411,0.5566552208423646,명목+/실질+
전라남도,고흥군,8006,서양음식,MEDIUM,0.5423793187790423,0.27845733780475884,명목+/실질+
전라남도,고흥군,8021,스넥,MEDIUM,0.8394098886369417,0.5747082076302659,명목+/실질+
전라남도,고흥군,8301,제과점,HIGH,-0.37734643047108846,-0.2812571193985487,명목-/실질-
전라남도,곡성군,4010,편의점,MEDIUM,9.792524190270695,10.172243207807844,명목+/실질+
전라남도,곡성군,4020,슈퍼마켓,MEDIUM,23.771829272922275,24.199895917321623,명목+/실질+
전라남도,곡성군,8001,일반한식,MEDIUM,15.786233793931542,15.482296962522629,명목+/실질+
전라남도,곡성군,8004,일식회집,MEDIUM,21.760917336704225,21.441297065864163,명목+/실질+
전라남도,곡성군,8005,중국음식,MEDIUM,14.202522919132104,13.902743300972025,명목+/실질+
전라남도,곡성군,8006,서양음식,MEDIUM,19.3095878024934,18.996402228654766,명목+/실질+
전라남도,곡성군,8021,스넥,MEDIUM,9.038800172927191,8.752575236341023,명목+/실질+
전라남도,곡성군,8301,제과점,HIGH,22.811251173726603,22.929706646396824,명목+/실질+
전라남도,광양시,4004,대형할인점,MEDIUM,-2.1899644200562904,-1.8516870110104773,명목-/실질-
전라남도,광양시,4010,편의점,MEDIUM,2.1568201881153883,2.5101310139903488,명목+/실질+
전라남도,광양시,4020,슈퍼마켓,MEDIUM,0.12764389451876115,0.4739367851169964,명목+/실질+
전라남도,광양시,8001,일반한식,MEDIUM,1.2925968392380482,1.026705550440171,명목+/실질+
전라남도,광양시,8002,갈비전문점,MEDIUM,8.771783439711665,8.486259417363726,명목+/실질+
전라남도,광양시,8004,일식회집,MEDIUM,5.333197938265373,5.056700142504077,명목+/실질+
전라남도,광양시,8005,중국음식,MEDIUM,-1.8776108162172522,-2.135180365563544,명목-/실질-
전라남도,광양시,8006,서양음식,MEDIUM,1.3072905821921312,1.0413607225770032,명목+/실질+
전라남도,광양시,8021,스넥,MEDIUM,2.5958677002795536,2.326555348346873,명목+/실질+
전라남도,광양시,8301,제과점,HIGH,0.4371282658495141,0.5340031644330875,명목+/실질+
전라남도,구례군,4010,편의점,MEDIUM,2.300396442063521,2.6542038284689955,명목+/실질+
전라남도,구례군,4020,슈퍼마켓,MEDIUM,2.6757467534765524,3.0308522943103204,명목+/실질+
전라남도,구례군,8001,일반한식,MEDIUM,6.474795489101062,6.195301019806393,명목+/실질+
전라남도,구례군,8004,일식회집,MEDIUM,24.82655308732241,24.498885576445428,명목+/실질+
전라남도,구례군,8005,중국음식,MEDIUM,1.387194497991211,1.1210548919995977,명목+/실질+
전라남도,구례군,8006,서양음식,MEDIUM,6.909831799887945,6.6291953679130895,명목+/실질+
전라남도,구례군,8021,스넥,MEDIUM,4.4991832727687235,4.224874750865686,명목+/실질+
전라남도,구례군,8301,제과점,HIGH,7.118707429963289,7.22202693040926,명목+/실질+
전라남도,나주시,4004,대형할인점,MEDIUM,-1.0277559853603906,-0.6854590617961163,명목-/실질-
전라남도,나주시,4010,편의점,MEDIUM,3.7553681123521434,4.1142075391198025,명목+/실질+
전라남도,나주시,4020,슈퍼마켓,MEDIUM,-0.1491464447189378,0.19618916252640783,명목-/실질+
전라남도,나주시,8001,일반한식,MEDIUM,4.087114732737474,3.8138878835191194,명목+/실질+
전라남도,나주시,8004,일식회집,MEDIUM,5.124690596264263,4.848740128615862,명목+/실질+
전라남도,나주시,8005,중국음식,MEDIUM,0.4093687415742198,0.14579591103023418,명목+/실질+
전라남도,나주시,8006,서양음식,MEDIUM,2.7719279775600114,2.5021534704896613,명목+/실질+
전라남도,나주시,8021,스넥,MEDIUM,3.333373401741318,3.06212511028703,명목+/실질+
전라남도,나주시,8301,제과점,HIGH,0.5213404863589322,0.6182966103862486,명목+/실질+
전라남도,담양군,4010,편의점,MEDIUM,4.586776673659874,4.948491538845585,명목+/실질+
전라남도,담양군,4020,슈퍼마켓,MEDIUM,0.17602926293215623,0.5224894950201022,명목+/실질+
전라남도,담양군,8001,일반한식,MEDIUM,3.297972601804327,3.0268172368283643,명목+/실질+
전라남도,담양군,8004,일식회집,MEDIUM,17.053673903117947,16.74641006366858,명목+/실질+
전라남도,담양군,8005,중국음식,MEDIUM,-1.6287968311986325,-1.887019512888043,명목-/실질-
전라남도,담양군,8006,서양음식,MEDIUM,0.9198086956310535,0.6548959691671922,명목+/실질+
전라남도,담양군,8021,스넥,MEDIUM,5.052514975645621,4.776753967734656,명목+/실질+
전라남도,담양군,8301,제과점,HIGH,-2.548940222896291,-2.454945485135767,명목-/실질-
전라남도,목포시,4004,대형할인점,MEDIUM,-5.888766473738604,-5.563281424575777,명목-/실질-
전라남도,목포시,4010,편의점,MEDIUM,5.027744990239538,5.390984950664598,명목+/실질+
전라남도,목포시,4020,슈퍼마켓,MEDIUM,5.530676067273072,5.8956554220315365,명목+/실질+
전라남도,목포시,8001,일반한식,MEDIUM,2.4725374398536495,2.2035488276898234,명목+/실질+
전라남도,목포시,8004,일식회집,MEDIUM,2.2416596294457203,1.973277067481808,명목+/실질+
전라남도,목포시,8005,중국음식,MEDIUM,2.638240513870192,2.3688169340454728,명목+/실질+
전라남도,목포시,8006,서양음식,MEDIUM,2.563571987846842,2.29434441159229,명목+/실질+
전라남도,목포시,8021,스넥,MEDIUM,5.354885063901485,5.07833033981595,명목+/실질+
전라남도,목포시,8301,제과점,HIGH,1.3253067877514453,1.4230383635989334,명목+/실질+
전라남도,무안군,4004,대형할인점,MEDIUM,-1.9771997065317948,-1.6381864476769814,명목-/실질-
전라남도,무안군,4010,편의점,MEDIUM,3.8415740794799826,4.200711650819733,명목+/실질+
전라남도,무안군,4020,슈퍼마켓,MEDIUM,7.046020098683145,7.416240292479638,명목+/실질+
전라남도,무안군,8001,일반한식,MEDIUM,3.776725539444983,3.5043134564112144,명목+/실질+
전라남도,무안군,8004,일식회집,MEDIUM,0.8252367500404171,0.5605722732737396,명목+/실질+
전라남도,무안군,8005,중국음식,MEDIUM,1.5052280136367173,1.2387785717384248,명목+/실질+
전라남도,무안군,8006,서양음식,MEDIUM,1.7541574822414905,1.4870546048570723,명목+/실질+
전라남도,무안군,8021,스넥,MEDIUM,2.0706068789847274,1.8026733274884275,명목+/실질+
전라남도,무안군,8301,제과점,HIGH,-1.2890237455635218,-1.1938137771100077,명목-/실질-
전라남도,보성군,4010,편의점,MEDIUM,6.269973673918122,6.637509900038628,명목+/실질+
전라남도,보성군,4020,슈퍼마켓,MEDIUM,0.5075740028200205,0.8551808871396887,명목+/실질+
전라남도,보성군,8001,일반한식,MEDIUM,6.216974494632122,5.938156800922615,명목+/실질+
전라남도,보성군,8004,일식회집,MEDIUM,19.576132344205696,19.26224709562322,명목+/실질+
전라남도,보성군,8005,중국음식,MEDIUM,2.885228442746709,2.6151565239439627,명목+/실질+
전라남도,보성군,8006,서양음식,MEDIUM,3.6923881245140144,3.420197425713986,명목+/실질+
전라남도,보성군,8021,스넥,MEDIUM,2.1905710193833965,1.922322564124328,명목+/실질+
전라남도,보성군,8301,제과점,HIGH,0.6177876189968032,0.7148367694414298,명목+/실질+
전라남도,순천시,4004,대형할인점,MEDIUM,-5.904215069126736,-5.578783449152293,명목-/실질-
전라남도,순천시,4010,편의점,MEDIUM,2.737733124662148,3.0930530462488757,명목+/실질+
전라남도,순천시,4020,슈퍼마켓,MEDIUM,-0.17999664009183164,0.16523227131093074,명목-/실질+
전라남도,순천시,8001,일반한식,MEDIUM,2.4532769078560714,2.1843388542505773,명목+/실질+
전라남도,순천시,8002,갈비전문점,MEDIUM,5.505913335893952,5.2289621652453615,명목+/실질+
전라남도,순천시,8004,일식회집,MEDIUM,0.6341110682234654,0.3699482930167898,명목+/실질+
전라남도,순천시,8005,중국음식,MEDIUM,-0.8322294411430495,-1.092543098249912,명목-/실질-
전라남도,순천시,8006,서양음식,MEDIUM,1.818831895030483,1.5515592484477674,명목+/실질+
전라남도,순천시,8021,스넥,MEDIUM,3.9666604858403396,3.6937498269057576,명목+/실질+
전라남도,순천시,8301,제과점,HIGH,3.0184523282078985,3.1178169983637964,명목+/실질+
전라남도,신안군,4010,편의점,MEDIUM,6.745340050157343,7.11452033769934,명목+/실질+
전라남도,신안군,4020,슈퍼마켓,MEDIUM,-0.1826819528676167,0.16253767134235128,명목-/실질+
전라남도,신안군,8001,일반한식,MEDIUM,10.097375919355912,9.808372240015938,명목+/실질+
전라남도,신안군,8004,일식회집,MEDIUM,17.07639593570309,16.769072451317065,명목+/실질+
전라남도,신안군,8005,중국음식,MEDIUM,6.041845478083341,5.76348749496843,명목+/실질+
전라남도,신안군,8006,서양음식,MEDIUM,5.2129138767821805,4.93673182457083,명목+/실질+
전라남도,신안군,8021,스넥,MEDIUM,2.093071766541331,1.8250792451096491,명목+/실질+
전라남도,신안군,8301,제과점,HIGH,3.5439284782166314,3.6437999873236633,명목+/실질+
전라남도,여수시,4004,대형할인점,MEDIUM,-1.6775224251626235,-1.337472728137547,명목-/실질-
전라남도,여수시,4010,편의점,MEDIUM,2.665669381044039,3.020740069141151,명목+/실질+
전라남도,여수시,4020,슈퍼마켓,MEDIUM,-0.8456387992586955,-0.5027120207979514,명목-/실질-
전라남도,여수시,8001,일반한식,MEDIUM,1.1411746617731404,0.8756808535334653,명목+/실질+
전라남도,여수시,8002,갈비전문점,MEDIUM,-12.008893709739752,-12.239868819316408,명목-/실질-
전라남도,여수시,8004,일식회집,MEDIUM,1.1970386761397858,0.931398225842933,명목+/실질+
전라남도,여수시,8005,중국음식,MEDIUM,-0.508553639996969,-0.769716940400863,명목-/실질-
전라남도,여수시,8006,서양음식,MEDIUM,-0.14655691657940012,-0.4086704520284361,명목-/실질-
전라남도,여수시,8021,스넥,MEDIUM,1.8466570965871503,1.579311409338936,명목+/실질+
전라남도,여수시,8301,제과점,HIGH,0.11919773579630658,0.21576597997460162,명목+/실질+
전라남도,영광군,4010,편의점,MEDIUM,6.623593299618645,6.99235252428005,명목+/실질+
전라남도,영광군,4020,슈퍼마켓,MEDIUM,5.981188941396722,6.34772640138331,명목+/실질+
전라남도,영광군,8001,일반한식,MEDIUM,6.019375243628538,5.74107624448472,명목+/실질+
전라남도,영광군,8005,중국음식,MEDIUM,3.7744613358863597,3.5020551963470425,명목+/실질+
전라남도,영광군,8006,서양음식,MEDIUM,6.379578943995179,6.100334416460053,명목+/실질+
전라남도,영광군,8021,스넥,MEDIUM,5.839252435071444,5.561426255138439,명목+/실질+
전라남도,영광군,8301,제과점,HIGH,5.685056813576933,5.786993511065235,명목+/실질+
전라남도,영암군,4004,대형할인점,MEDIUM,-3.315415552660097,-2.9810305324769604,명목-/실질-
전라남도,영암군,4010,편의점,MEDIUM,3.3254246170815107,3.6827770781124842,명목+/실질+
전라남도,영암군,4020,슈퍼마켓,MEDIUM,-0.10923161958349172,0.23624203365621307,명목-/실질+
전라남도,영암군,8001,일반한식,MEDIUM,4.1036187714986445,3.8303485994680737,명목+/실질+
전라남도,영암군,8005,중국음식,MEDIUM,0.37987163696889253,0.1163762358067096,명목+/실질+
전라남도,영암군,8006,서양음식,MEDIUM,6.291965221317912,6.012950678266952,명목+/실질+
전라남도,영암군,8021,스넥,MEDIUM,4.674538656413032,4.399769829705745,명목+/실질+
전라남도,영암군,8301,제과점,HIGH,-0.5301578531256023,-0.4342159336733016,명목-/실질-
전라남도,완도군,4010,편의점,MEDIUM,1.0323187962888793,1.3817405179931916,명목+/실질+
전라남도,완도군,4020,슈퍼마켓,MEDIUM,-0.9061362829300291,-0.5634187358828664,명목-/실질-
전라남도,완도군,8001,일반한식,MEDIUM,2.126521662044547,1.8584413352242386,명목+/실질+
전라남도,완도군,8004,일식회집,MEDIUM,7.288351617131799,7.006721577280728,명목+/실질+
전라남도,완도군,8005,중국음식,MEDIUM,0.5892820407044933,0.325236940908112,명목+/실질+
전라남도,완도군,8006,서양음식,MEDIUM,1.6387193137700553,1.371919459551587,명목+/실질+
전라남도,완도군,8021,스넥,MEDIUM,0.9788666665217811,0.7137989139208792,명목+/실질+
전라남도,완도군,8301,제과점,HIGH,-0.5434737505977856,-0.4475446747645672,명목-/실질-
전라남도,장성군,4010,편의점,MEDIUM,3.2827099947318756,3.639914726629825,명목+/실질+
전라남도,장성군,4020,슈퍼마켓,MEDIUM,2.143814550175215,2.4970803958648746,명목+/실질+
전라남도,장성군,8001,일반한식,MEDIUM,5.69087974765122,5.41344304341838,명목+/실질+
전라남도,장성군,8004,일식회집,MEDIUM,1.6755948553116538,1.4086982034442734,명목+/실질+
전라남도,장성군,8005,중국음식,MEDIUM,2.873224443453767,2.6031840349384683,명목+/실질+
전라남도,장성군,8006,서양음식,MEDIUM,5.969655433370637,5.6914869478559025,명목+/실질+
전라남도,장성군,8021,스넥,MEDIUM,0.6708929765271474,0.406633649456777,명목+/실질+
전라남도,장성군,8301,제과점,HIGH,4.0048555023264125,4.105171590639474,명목+/실질+
전라남도,장흥군,4010,편의점,MEDIUM,3.0056746806701167,3.361921281966138,명목+/실질+
전라남도,장흥군,4020,슈퍼마켓,MEDIUM,-1.6046061292002023,-1.264304250121068,명목-/실질-
전라남도,장흥군,8001,일반한식,MEDIUM,1.7408785102789104,1.4738104899630622,명목+/실질+
전라남도,장흥군,8004,일식회집,MEDIUM,8.512167571702763,8.227325036451525,명목+/실질+
전라남도,장흥군,8005,중국음식,MEDIUM,1.529834712490031,1.2633206784389557,명목+/실질+
전라남도,장흥군,8006,서양음식,MEDIUM,0.9024605494978778,0.6375933616130701,명목+/실질+
전라남도,장흥군,8021,스넥,MEDIUM,1.6584687572115568,1.3916170610509433,명목+/실질+
전라남도,장흥군,8301,제과점,HIGH,-2.5316377727237445,-2.4376263461836296,명목-/실질-
전라남도,진도군,4010,편의점,MEDIUM,-0.15364083315448854,0.19167923018417288,명목-/실질+
전라남도,진도군,4020,슈퍼마켓,MEDIUM,-5.389270913545999,-5.062058351833713,명목-/실질-
전라남도,진도군,8001,일반한식,MEDIUM,2.438081427409319,2.169183261673284,명목+/실질+
전라남도,진도군,8004,일식회집,MEDIUM,3.7218323562580355,3.4495643668667877,명목+/실질+
전라남도,진도군,8005,중국음식,MEDIUM,1.6047918721023056,1.338081076823103,명목+/실질+
전라남도,진도군,8006,서양음식,MEDIUM,0.23225343337967322,-0.03085447258901251,명목+/실질-
전라남도,진도군,8021,스넥,MEDIUM,-1.4003170890039403,-1.6591395260067192,명목-/실질-
전라남도,진도군,8301,제과점,HIGH,2.5327925951469257,2.6316888305894492,명목+/실질+
전라남도,함평군,4010,편의점,MEDIUM,5.469323649445277,5.8340908159881,명목+/실질+
전라남도,함평군,4020,슈퍼마켓,MEDIUM,0.10610070107174027,0.45231908422700723,명목+/실질+
전라남도,함평군,8001,일반한식,MEDIUM,5.393399795638152,5.116743971057977,명목+/실질+
전라남도,함평군,8004,일식회집,MEDIUM,-8.95356598784182,-9.192561279060985,명목-/실질-
전라남도,함평군,8005,중국음식,MEDIUM,2.4347568671754005,2.165867428351773,명목+/실질+
전라남도,함평군,8006,서양음식,MEDIUM,-2.126074459552979,-2.3829917961966376,명목-/실질-
전라남도,함평군,8021,스넥,MEDIUM,4.399148579337374,4.125102646748667,명목+/실질+
전라남도,함평군,8301,제과점,HIGH,0.26895641955783023,0.36566911088975357,명목+/실질+
전라남도,해남군,4010,편의점,MEDIUM,0.9153959399278618,1.2644132822587895,명목+/실질+
전라남도,해남군,4020,슈퍼마켓,MEDIUM,2.6686577956232176,3.0237388191949077,명목+/실질+
전라남도,해남군,8001,일반한식,MEDIUM,2.94171335218336,2.671493161484726,명목+/실질+
전라남도,해남군,8004,일식회집,MEDIUM,1.2293790529745077,0.9636537097561562,명목+/실질+
전라남도,해남군,8005,중국음식,MEDIUM,0.5481090765390579,0.2841720550509359,명목+/실질+
전라남도,해남군,8006,서양음식,MEDIUM,2.539935234466096,2.2707697042743415,명목+/실질+
전라남도,해남군,8021,스넥,MEDIUM,0.7418863481183791,0.4774406646934771,명목+/실질+
전라남도,해남군,8301,제과점,HIGH,-0.25436930025962234,-0.15816137371855385,명목-/실질-
전라남도,화순군,4010,편의점,MEDIUM,1.5257920461180188,1.8769204521250848,명목+/실질+
전라남도,화순군,4020,슈퍼마켓,MEDIUM,0.39958280609943486,0.7468162013184215,명목+/실질+
전라남도,화순군,8001,일반한식,MEDIUM,5.360723814071508,5.084153763369411,명목+/실질+
전라남도,화순군,8004,일식회집,MEDIUM,1.7480407950177388,1.4809539738298734,명목+/실질+
전라남도,화순군,8005,중국음식,MEDIUM,-0.7828962733069963,-1.043339429113666,명목-/실질-
전라남도,화순군,8006,서양음식,MEDIUM,5.059084671447936,4.783306418200953,명목+/실질+
전라남도,화순군,8021,스넥,MEDIUM,2.180300472143663,1.9120789768906334,명목+/실질+
전라남도,화순군,8301,제과점,HIGH,1.62175661688842,1.7197741283020058,명목+/실질+
전북특별자치도,고창군,4010,편의점,MEDIUM,8.420359175618513,8.795332540797872,명목+/실질+
전북특별자치도,고창군,4020,슈퍼마켓,MEDIUM,3.997094765381099,4.356770207240806,명목+/실질+
전북특별자치도,고창군,8001,일반한식,MEDIUM,10.302582342819292,10.013040000219386,명목+/실질+
전북특별자치도,고창군,8004,일식회집,MEDIUM,1.7495932382507087,1.4825023419269943,명목+/실질+
전북특별자치도,고창군,8005,중국음식,MEDIUM,9.143244061128442,8.856744961169172,명목+/실질+
전북특별자치도,고창군,8006,서양음식,MEDIUM,9.170810007932948,8.884238547847003,명목+/실질+
전북특별자치도,고창군,8021,스넥,MEDIUM,6.199509792784918,5.920737943611216,명목+/실질+
전북특별자치도,고창군,8301,제과점,HIGH,2.2277844060733125,2.3263864511314227,명목+/실질+
전북특별자치도,군산시,4004,대형할인점,MEDIUM,-6.753499376510838,-6.431005018478072,명목-/실질-
전북특별자치도,군산시,4010,편의점,MEDIUM,3.046916583559289,3.403305820567384,명목+/실질+
전북특별자치도,군산시,4020,슈퍼마켓,MEDIUM,-1.200050068877174,-0.8583490268687578,명목-/실질-
전북특별자치도,군산시,8001,일반한식,MEDIUM,1.918396123657908,1.6508621227228577,명목+/실질+
전북특별자치도,군산시,8004,일식회집,MEDIUM,-1.1513436002689175,-1.410819588309364,명목-/실질-
전북특별자치도,군산시,8005,중국음식,MEDIUM,-0.2943052100177165,-0.5560309087897806,명목-/실질-
전북특별자치도,군산시,8006,서양음식,MEDIUM,1.0002471613681623,0.7351232853433696,명목+/실질+
전북특별자치도,군산시,8021,스넥,MEDIUM,2.364393285384402,2.0956885497277957,명목+/실질+
전북특별자치도,군산시,8301,제과점,HIGH,0.3122121463345248,0.40896655923119074,명목+/실질+
전북특별자치도,김제시,4004,대형할인점,MEDIUM,-6.485890875190275,-6.162470989322933,명목-/실질-
전북특별자치도,김제시,4010,편의점,MEDIUM,3.970343661027318,4.329926583809145,명목+/실질+
전북특별자치도,김제시,4020,슈퍼마켓,MEDIUM,0.8564835206044659,1.2052971134891795,명목+/실질+
전북특별자치도,김제시,8001,일반한식,MEDIUM,2.4015813837319193,2.13277902996998,명목+/실질+
전북특별자치도,김제시,8004,일식회집,MEDIUM,-0.4176698386995464,-0.6790717074864951,명목-/실질-
전북특별자치도,김제시,8005,중국음식,MEDIUM,0.8342028281450937,0.5695148155804765,명목+/실질+
전북특별자치도,김제시,8006,서양음식,MEDIUM,2.4056512376010395,2.136838200544031,명목+/실질+
전북특별자치도,김제시,8021,스넥,MEDIUM,3.1893615452166486,2.918491282358116,명목+/실질+
전북특별자치도,김제시,8301,제과점,HIGH,-2.344752028001715,-2.2505603440419253,명목-/실질-
전북특별자치도,남원시,4004,대형할인점,MEDIUM,-2.6672174963364523,-2.330590673890893,명목-/실질-
전북특별자치도,남원시,4010,편의점,MEDIUM,4.127130767987912,4.487255941225069,명목+/실질+
전북특별자치도,남원시,4020,슈퍼마켓,MEDIUM,2.1122536357314052,2.465410327546395,명목+/실질+
전북특별자치도,남원시,8001,일반한식,MEDIUM,6.247167572326427,5.9682706223179265,명목+/실질+
전북특별자치도,남원시,8004,일식회집,MEDIUM,-9.82967452151928,-10.066370043214892,명목-/실질-
전북특별자치도,남원시,8005,중국음식,MEDIUM,0.4259292732639874,0.16231297161498937,명목+/실질+
전북특별자치도,남원시,8006,서양음식,MEDIUM,2.9046012908941856,2.634478518705088,명목+/실질+
전북특별자치도,남원시,8021,스넥,MEDIUM,3.2746910957883504,3.003596844357187,명목+/실질+
전북특별자치도,남원시,8301,제과점,HIGH,2.2418422137417595,2.3404578180156275,명목+/실질+
전북특별자치도,무주군,4010,편의점,MEDIUM,-10.533759961690567,-10.224339689038793,명목-/실질-
전북특별자치도,무주군,4020,슈퍼마켓,MEDIUM,9.232193334747233,9.609974439994435,명목+/실질+
전북특별자치도,무주군,8001,일반한식,MEDIUM,-6.690387724685966,-6.9353238191221305,명목-/실질-
전북특별자치도,무주군,8005,중국음식,MEDIUM,-6.161690826023317,-6.408014740538602,명목-/실질-
전북특별자치도,무주군,8006,서양음식,MEDIUM,-10.95230740585947,-11.186056035938636,명목-/실질-
전북특별자치도,무주군,8021,스넥,MEDIUM,-25.885553388432225,-26.080102509917978,명목-/실질-
전북특별자치도,무주군,8301,제과점,HIGH,8.223237538217921,8.327622394116583,명목+/실질+
전북특별자치도,부안군,4010,편의점,MEDIUM,5.709818560931937,6.075417482571145,명목+/실질+
전북특별자치도,부안군,4020,슈퍼마켓,MEDIUM,2.3462092784063038,2.700175109162426,명목+/실질+
전북특별자치도,부안군,8001,일반한식,MEDIUM,6.347055901567845,6.0678967464481905,명목+/실질+
전북특별자치도,부안군,8004,일식회집,MEDIUM,7.900105761554112,7.616869877811496,명목+/실질+
전북특별자치도,부안군,8005,중국음식,MEDIUM,2.6855456379997653,2.415997883054563,명목+/실질+
전북특별자치도,부안군,8006,서양음식,MEDIUM,3.7821057056233167,3.509679499747715,명목+/실질+
전북특별자치도,부안군,8021,스넥,MEDIUM,4.868719859018443,4.59344131006242,명목+/실질+
전북특별자치도,부안군,8301,제과점,HIGH,-2.846075106919844,-2.752366965483239,명목-/실질-
전북특별자치도,순창군,4010,편의점,MEDIUM,7.987259062250588,8.360734544484464,명목+/실질+
전북특별자치도,순창군,4020,슈퍼마켓,MEDIUM,9.435902739564606,9.814388376706116,명목+/실질+
전북특별자치도,순창군,8001,일반한식,MEDIUM,11.369839638621198,11.077495764352495,명목+/실질+
전북특별자치도,순창군,8005,중국음식,MEDIUM,11.22289105801584,10.93093292119196,명목+/실질+
전북특별자치도,순창군,8006,서양음식,MEDIUM,12.995524118093964,12.698912850600996,명목+/실질+
전북특별자치도,순창군,8021,스넥,MEDIUM,14.908689015439988,14.607055723671634,명목+/실질+
전북특별자치도,순창군,8301,제과점,HIGH,14.710974662384382,14.821617153151722,명목+/실질+
전북특별자치도,완주군,4004,대형할인점,MEDIUM,0.6544021086290802,1.002516800056039,명목+/실질+
전북특별자치도,완주군,4010,편의점,MEDIUM,4.428644194286282,4.7898121560271525,명목+/실질+
전북특별자치도,완주군,4020,슈퍼마켓,MEDIUM,0.6242020479002292,0.972212291984438,명목+/실질+
전북특별자치도,완주군,8001,일반한식,MEDIUM,3.9576446506532257,3.6847576581278116,명목+/실질+
전북특별자치도,완주군,8004,일식회집,MEDIUM,0.3058967971464132,0.042595578640488796,명목+/실질+
전북특별자치도,완주군,8005,중국음식,MEDIUM,1.2709884163515814,1.0051538492847483,명목+/실질+
전북특별자치도,완주군,8006,서양음식,MEDIUM,4.502507882301087,4.228190633356131,명목+/실질+
전북특별자치도,완주군,8021,스넥,MEDIUM,4.612038693269243,4.337433927868049,명목+/실질+
전북특별자치도,완주군,8301,제과점,HIGH,-0.8029344872153642,-0.707255669757512,명목-/실질-
전북특별자치도,익산시,4004,대형할인점,MEDIUM,-2.956385596336981,-2.6207588659072507,명목-/실질-
전북특별자치도,익산시,4010,편의점,MEDIUM,3.268294542899868,3.6254494187509256,명목+/실질+
전북특별자치도,익산시,4020,슈퍼마켓,MEDIUM,-1.0959816831302855,-0.7539207191193193,명목-/실질-
전북특별자치도,익산시,8001,일반한식,MEDIUM,2.7200137870833423,2.4503755538517376,명목+/실질+
전북특별자치도,익산시,8004,일식회집,MEDIUM,-2.214452426952696,-2.4711377729829223,명목-/실질-
전북특별자치도,익산시,8005,중국음식,MEDIUM,-1.257500003296439,-1.5166973326423556,명목-/실질-
전북특별자치도,익산시,8006,서양음식,MEDIUM,2.3439453377397763,2.0752942775871244,명목+/실질+
전북특별자치도,익산시,8021,스넥,MEDIUM,4.469603816797041,4.195372940446446,명목+/실질+
전북특별자치도,익산시,8301,제과점,HIGH,0.44089525939228846,0.5377737913644194,명목+/실질+
전북특별자치도,임실군,4004,대형할인점,MEDIUM,1.8817159084509891,2.23407528223395,명목+/실질+
전북특별자치도,임실군,4010,편의점,MEDIUM,7.212917194610102,7.583714604403324,명목+/실질+
전북특별자치도,임실군,4020,슈퍼마켓,MEDIUM,9.472083158896131,9.850693926536449,명목+/실질+
전북특별자치도,임실군,8001,일반한식,MEDIUM,8.421289045715941,8.136685065000353,명목+/실질+
전북특별자치도,임실군,8005,중국음식,MEDIUM,6.846684820396831,6.566214148135129,명목+/실질+
전북특별자치도,임실군,8006,서양음식,MEDIUM,12.416076387481963,12.12098616011139,명목+/실질+
전북특별자치도,임실군,8021,스넥,MEDIUM,15.120237274090528,14.81804867185668,명목+/실질+
전북특별자치도,임실군,8301,제과점,HIGH,4.6040309294176165,4.704924942047216,명목+/실질+
전북특별자치도,장수군,4010,편의점,MEDIUM,12.64679766415451,13.036388227384691,명목+/실질+
전북특별자치도,장수군,4020,슈퍼마켓,MEDIUM,17.939677597773198,18.34757366206694,명목+/실질+
전북특별자치도,장수군,8001,일반한식,MEDIUM,13.988957481771457,13.689738469135806,명목+/실질+
전북특별자치도,장수군,8004,일식회집,MEDIUM,16.0259701834831,15.721404048259455,명목+/실질+
전북특별자치도,장수군,8005,중국음식,MEDIUM,23.6139691016721,23.28948460247397,명목+/실질+
전북특별자치도,장수군,8006,서양음식,MEDIUM,15.361880548300242,15.059057636712843,명목+/실질+
전북특별자치도,장수군,8021,스넥,MEDIUM,23.55616919805764,23.231836422592217,명목+/실질+
전북특별자치도,장수군,8301,제과점,HIGH,27.04126615581421,27.163801616428035,명목+/실질+
전북특별자치도,전주시 덕진구,4004,대형할인점,MEDIUM,-6.897194535077149,-6.575197148808741,명목-/실질-
전북특별자치도,전주시 덕진구,4010,편의점,MEDIUM,4.103683465848996,4.463727546256156,명목+/실질+
전북특별자치도,전주시 덕진구,4020,슈퍼마켓,MEDIUM,-0.7790072579345723,-0.43585003333361194,명목-/실질-
전북특별자치도,전주시 덕진구,8001,일반한식,MEDIUM,1.8155423897166592,1.5482783780275087,명목+/실질+
전북특별자치도,전주시 덕진구,8004,일식회집,MEDIUM,-3.073213344815247,-3.3276444585093907,명목-/실질-
전북특별자치도,전주시 덕진구,8005,중국음식,MEDIUM,-1.3830487217743377,-1.6419164879379495,명목-/실질-
전북특별자치도,전주시 덕진구,8006,서양음식,MEDIUM,2.300429402327233,2.0318925707411424,명목+/실질+
전북특별자치도,전주시 덕진구,8021,스넥,MEDIUM,3.9492517165021077,3.6763867552815266,명목+/실질+
전북특별자치도,전주시 덕진구,8301,제과점,HIGH,0.7076783249900357,0.8048141779637163,명목+/실질+
전북특별자치도,전주시 완산구,4004,대형할인점,MEDIUM,-3.591005294332876,-3.2575734052185696,명목-/실질-
전북특별자치도,전주시 완산구,4010,편의점,MEDIUM,2.9822455963870405,3.33841116785943,명목+/실질+
전북특별자치도,전주시 완산구,4020,슈퍼마켓,MEDIUM,-0.2600687864746112,0.08488319426315614,명목-/실질+
전북특별자치도,전주시 완산구,8001,일반한식,MEDIUM,1.1720549389670971,0.9064800705418038,명목+/실질+
전북특별자치도,전주시 완산구,8004,일식회집,MEDIUM,-4.181408903079171,-4.4329310228841114,명목-/실질-
전북특별자치도,전주시 완산구,8005,중국음식,MEDIUM,-2.16093983615154,-2.4177656517934505,명목-/실질-
전북특별자치도,전주시 완산구,8006,서양음식,MEDIUM,1.9979625344482665,1.730219673081455,명목+/실질+
전북특별자치도,전주시 완산구,8021,스넥,MEDIUM,3.49609634601797,3.2244209096910974,명목+/실질+
전북특별자치도,전주시 완산구,8301,제과점,HIGH,0.473136473182721,0.5700461028612457,명목+/실질+
전북특별자치도,정읍시,4004,대형할인점,MEDIUM,-1.3511628723118736,-1.009984456098522,명목-/실질-
전북특별자치도,정읍시,4010,편의점,MEDIUM,4.876633662440641,5.239351002174099,명목+/실질+
전북특별자치도,정읍시,4020,슈퍼마켓,MEDIUM,4.501618997617316,4.863039343760518,명목+/실질+
전북특별자치도,정읍시,8001,일반한식,MEDIUM,3.7268883594501148,3.4546070981388834,명목+/실질+
전북특별자치도,정읍시,8004,일식회집,MEDIUM,7.414699918785682,7.132738216860354,명목+/실질+
전북특별자치도,정읍시,8005,중국음식,MEDIUM,3.4645643140184874,3.1929716487222564,명목+/실질+
전북특별자치도,정읍시,8006,서양음식,MEDIUM,1.7715950003629442,1.5044463497996208,명목+/실질+
전북특별자치도,정읍시,8021,스넥,MEDIUM,2.835934236291503,2.5659917139154325,명목+/실질+
전북특별자치도,정읍시,8301,제과점,HIGH,0.7447509315488624,0.8419225422652514,명목+/실질+
전북특별자치도,진안군,4010,편의점,MEDIUM,6.304406333181385,6.672061645147408,명목+/실질+
전북특별자치도,진안군,4020,슈퍼마켓,MEDIUM,4.756207752995556,5.118508597995964,명목+/실질+
전북특별자치도,진안군,8001,일반한식,MEDIUM,9.613690460986772,9.32595644748518,명목+/실질+
전북특별자치도,진안군,8004,일식회집,MEDIUM,-22.047596066203617,-22.252219758295684,명목-/실질-
전북특별자치도,진안군,8005,중국음식,MEDIUM,5.743410419458033,5.465835823133677,명목+/실질+
전북특별자치도,진안군,8006,서양음식,MEDIUM,7.020969173420843,6.740041007791525,명목+/실질+
전북특별자치도,진안군,8021,스넥,MEDIUM,10.282075093276207,9.992586581846878,명목+/실질+
전북특별자치도,진안군,8301,제과점,HIGH,-0.5993867754774806,-0.5035116295873845,명목-/실질-
제주특별자치도,서귀포시,4004,대형할인점,MEDIUM,-2.6054003931037366,-2.2685597753211564,명목-/실질-
제주특별자치도,서귀포시,4010,편의점,MEDIUM,4.041316478153723,4.401144861440569,명목+/실질+
제주특별자치도,서귀포시,4020,슈퍼마켓,MEDIUM,2.2072879595015347,2.560773328886665,명목+/실질+
제주특별자치도,서귀포시,8001,일반한식,MEDIUM,2.6964950407006647,2.4269185437655585,명목+/실질+
제주특별자치도,서귀포시,8002,갈비전문점,MEDIUM,15.919233019768237,15.614947067725929,명목+/실질+
제주특별자치도,서귀포시,8004,일식회집,MEDIUM,6.586680205643958,6.30689204093203,명목+/실질+
제주특별자치도,서귀포시,8005,중국음식,MEDIUM,2.59251041111091,2.323206872003223,명목+/실질+
제주특별자치도,서귀포시,8006,서양음식,MEDIUM,3.6130998340914813,3.3411172656621817,명목+/실질+
제주특별자치도,서귀포시,8021,스넥,MEDIUM,4.565121246497653,4.2906396385709815,명목+/실질+
제주특별자치도,서귀포시,8301,제과점,HIGH,2.0606489959818615,2.1590898334645328,명목+/실질+
제주특별자치도,제주시,4004,대형할인점,MEDIUM,-2.010868625620484,-1.6719718112044109,명목-/실질-
제주특별자치도,제주시,4010,편의점,MEDIUM,5.350316070839535,5.714671647966929,명목+/실질+
제주특별자치도,제주시,4020,슈퍼마켓,MEDIUM,0.8801932862400198,1.229088879688648,명목+/실질+
제주특별자치도,제주시,8001,일반한식,MEDIUM,3.7799014526667847,3.5074810329163064,명목+/실질+
제주특별자치도,제주시,8002,갈비전문점,MEDIUM,11.582249446069426,11.289347999784425,명목+/실질+
제주특별자치도,제주시,8003,한정식,MEDIUM,38.30217401581197,37.93913323652439,명목+/실질+
제주특별자치도,제주시,8004,일식회집,MEDIUM,4.518257077947841,4.243898487640745,명목+/실질+
제주특별자치도,제주시,8005,중국음식,MEDIUM,2.685911448815384,2.4163627336232603,명목+/실질+
제주특별자치도,제주시,8006,서양음식,MEDIUM,3.5483437465956715,3.276531161759437,명목+/실질+
제주특별자치도,제주시,8021,스넥,MEDIUM,5.828450995575124,5.550653169231006,명목+/실질+
제주특별자치도,제주시,8301,제과점,HIGH,1.6074024343573377,1.7054061006919565,명목+/실질+
충청남도,계룡시,4004,대형할인점,MEDIUM,-43.010470496125514,-42.81337139204068,명목-/실질-
충청남도,계룡시,4010,편의점,MEDIUM,4.420448906606844,4.7815885248279395,명목+/실질+
충청남도,계룡시,4020,슈퍼마켓,MEDIUM,0.6993996900218209,1.0476700062283604,명목+/실질+
충청남도,계룡시,8001,일반한식,MEDIUM,3.190885257937455,2.9200109953595774,명목+/실질+
충청남도,계룡시,8004,일식회집,MEDIUM,-3.4609761469931013,-3.714389390137655,명목-/실질-
충청남도,계룡시,8005,중국음식,MEDIUM,-3.227262501765883,-3.4812892391268364,명목-/실질-
충청남도,계룡시,8006,서양음식,MEDIUM,5.2269731692063,4.950754211599158,명목+/실질+
충청남도,계룡시,8021,스넥,MEDIUM,6.3818411239516575,6.102590658234056,명목+/실질+
충청남도,계룡시,8301,제과점,HIGH,-0.6363217774918755,-0.5404822566204006,명목-/실질-
충청남도,공주시,4004,대형할인점,MEDIUM,-0.7913025789172653,-0.4481878778600846,명목-/실질-
충청남도,공주시,4010,편의점,MEDIUM,6.43983860605838,6.8079623124799244,명목+/실질+
충청남도,공주시,4020,슈퍼마켓,MEDIUM,3.150536950769714,3.5072845603018252,명목+/실질+
충청남도,공주시,8001,일반한식,MEDIUM,5.681399667497206,5.403987848308272,명목+/실질+
충청남도,공주시,8004,일식회집,MEDIUM,5.0839532870926565,4.808109754165904,명목+/실질+
충청남도,공주시,8005,중국음식,MEDIUM,3.1675721258995746,2.8967590598844453,명목+/실질+
충청남도,공주시,8006,서양음식,MEDIUM,6.936546141471274,6.6558395848188106,명목+/실질+
충청남도,공주시,8021,스넥,MEDIUM,6.540816773098314,6.261148999091816,명목+/실질+
충청남도,공주시,8301,제과점,HIGH,6.862264297111258,6.965336449759748,명목+/실질+
충청남도,금산군,4010,편의점,MEDIUM,4.276921875944723,4.637565103874247,명목+/실질+
충청남도,금산군,4020,슈퍼마켓,MEDIUM,0.6602686132616469,1.008403594078907,명목+/실질+
충청남도,금산군,8001,일반한식,MEDIUM,3.4239204434674715,3.1524344676181473,명목+/실질+
충청남도,금산군,8004,일식회집,MEDIUM,-2.627987341787355,-2.883587165924578,명목-/실질-
충청남도,금산군,8005,중국음식,MEDIUM,1.1165224934846862,0.851093396754021,명목+/실질+
충청남도,금산군,8006,서양음식,MEDIUM,2.1340341380597843,1.8659340911215527,명목+/실질+
충청남도,금산군,8021,스넥,MEDIUM,1.6992658395565847,1.4323070517708927,명목+/실질+
충청남도,금산군,8301,제과점,HIGH,0.5173004514621087,0.6142526787435422,명목+/실질+
충청남도,논산시,4004,대형할인점,MEDIUM,-19.091927431876574,-18.812105704004345,명목-/실질-
충청남도,논산시,4010,편의점,MEDIUM,4.605763518444636,4.967544049905046,명목+/실질+
충청남도,논산시,4020,슈퍼마켓,MEDIUM,2.2762710742622607,2.629995022737829,명목+/실질+
충청남도,논산시,8001,일반한식,MEDIUM,3.1439296865604343,2.8731786815333966,명목+/실질+
충청남도,논산시,8004,일식회집,MEDIUM,-2.3978487240142607,-2.6540526579837973,명목-/실질-
충청남도,논산시,8005,중국음식,MEDIUM,0.4251769402860672,0.16156261349793113,명목+/실질+
충청남도,논산시,8006,서양음식,MEDIUM,3.499635336367578,3.2279506102534015,명목+/실질+
충청남도,논산시,8021,스넥,MEDIUM,7.176579753355589,6.895243112684836,명목+/실질+
충청남도,논산시,8301,제과점,HIGH,2.958973147152078,3.0582804476905623,명목+/실질+
충청남도,당진시,4004,대형할인점,MEDIUM,0.02839362028442982,0.3743432523874114,명목+/실질+
충청남도,당진시,4010,편의점,MEDIUM,5.107619060649986,5.471135266691595,명목+/실질+
충청남도,당진시,4020,슈퍼마켓,MEDIUM,1.2054518003044814,1.5554723049830224,명목+/실질+
충청남도,당진시,8001,일반한식,MEDIUM,4.601792198960965,4.327214330427383,명목+/실질+
충청남도,당진시,8002,갈비전문점,MEDIUM,13.600036112347343,13.301838011480067,명목+/실질+
충청남도,당진시,8004,일식회집,MEDIUM,3.397417220433153,3.126000815078956,명목+/실질+
충청남도,당진시,8005,중국음식,MEDIUM,1.8766111959199279,1.6091868796863835,명목+/실질+
충청남도,당진시,8006,서양음식,MEDIUM,4.5008633178566555,4.226550385864951,명목+/실질+
충청남도,당진시,8021,스넥,MEDIUM,5.630634733987982,5.353356171858324,명목+/실질+
충청남도,당진시,8301,제과점,HIGH,2.4427547813608355,2.5415641723843163,명목+/실질+
충청남도,보령시,4004,대형할인점,MEDIUM,-4.312107983815058,-3.9811700386813476,명목-/실질-
충청남도,보령시,4010,편의점,MEDIUM,6.238000013177859,6.60542565793492,명목+/실질+
충청남도,보령시,4020,슈퍼마켓,MEDIUM,2.8207547618269166,3.1763618149348485,명목+/실질+
충청남도,보령시,8001,일반한식,MEDIUM,2.203084705711739,1.9348034022456038,명목+/실질+
충청남도,보령시,8004,일식회집,MEDIUM,7.08938860919993,6.808280843752497,명목+/실질+
충청남도,보령시,8005,중국음식,MEDIUM,1.514713404141933,1.2482390632600053,명목+/실질+
충청남도,보령시,8006,서양음식,MEDIUM,2.6027206006483694,2.333390259972504,명목+/실질+
충청남도,보령시,8021,스넥,MEDIUM,1.9628176400039994,1.6951670333683322,명목+/실질+
충청남도,보령시,8301,제과점,HIGH,0.05235277430205167,0.14885654432634574,명목+/실질+
충청남도,부여군,4010,편의점,MEDIUM,6.740707534553005,7.10987180047343,명목+/실질+
충청남도,부여군,4020,슈퍼마켓,MEDIUM,0.4380586616374047,0.7854251261540274,명목+/실질+
충청남도,부여군,8001,일반한식,MEDIUM,7.936021000650591,7.652690840035739,명목+/실질+
충청남도,부여군,8004,일식회집,MEDIUM,7.383658331545749,7.10177811324213,명목+/실질+
충청남도,부여군,8005,중국음식,MEDIUM,-1.636825757661959,-1.8950273635605162,명목-/실질-
충청남도,부여군,8006,서양음식,MEDIUM,5.369759298122057,5.093165529432567,명목+/실질+
충청남도,부여군,8021,스넥,MEDIUM,0.9294297249915894,0.6644917434944301,명목+/실질+
충청남도,부여군,8301,제과점,HIGH,1.7096671887209474,1.8077694927593098,명목+/실질+
충청남도,서산시,4004,대형할인점,MEDIUM,-2.3189342092004797,-1.981102844017734,명목-/실질-
충청남도,서산시,4010,편의점,MEDIUM,4.482145967605662,4.843498965995847,명목+/실질+
충청남도,서산시,4020,슈퍼마켓,MEDIUM,1.4623547590631245,1.8132637663042122,명목+/실질+
충청남도,서산시,8001,일반한식,MEDIUM,4.116927392427788,3.8436222855011226,명목+/실질+
충청남도,서산시,8002,갈비전문점,MEDIUM,10.073463522996171,9.784522613276872,명목+/실질+
충청남도,서산시,8004,일식회집,MEDIUM,4.201364678022885,3.9278379247034914,명목+/실질+
충청남도,서산시,8005,중국음식,MEDIUM,0.3228146074526724,0.05946897999149459,명목+/실질+
충청남도,서산시,8006,서양음식,MEDIUM,3.108583328871394,2.8379251074128846,명목+/실질+
충청남도,서산시,8021,스넥,MEDIUM,5.050888220503408,4.775131482796239,명목+/실질+
충청남도,서산시,8301,제과점,HIGH,0.30200359719240233,0.39874816360899423,명목+/실질+
충청남도,서천군,4010,편의점,MEDIUM,7.1864024313491495,7.557108139453794,명목+/실질+
충청남도,서천군,4020,슈퍼마켓,MEDIUM,-2.2410525729828876,-1.9029518530457847,명목-/실질-
충청남도,서천군,8001,일반한식,MEDIUM,5.365669202687828,5.089086170427263,명목+/실질+
충청남도,서천군,8004,일식회집,MEDIUM,11.026088646544403,10.734647112596432,명목+/실질+
충청남도,서천군,8005,중국음식,MEDIUM,1.6111744379983546,1.344446888595557,명목+/실질+
충청남도,서천군,8006,서양음식,MEDIUM,4.046281474533309,3.7731618119011783,명목+/실질+
충청남도,서천군,8021,스넥,MEDIUM,5.382449781888788,5.105822700902408,명목+/실질+
충청남도,서천군,8301,제과점,HIGH,-1.4010404755104005,-1.305938550860462,명목-/실질-
충청남도,아산시,4004,대형할인점,MEDIUM,-3.7674756166536865,-3.4346540526769567,명목-/실질-
충청남도,아산시,4010,편의점,MEDIUM,3.93926046162446,4.298735882716079,명목+/실질+
충청남도,아산시,4020,슈퍼마켓,MEDIUM,1.4678098312109116,1.8187377048973539,명목+/실질+
충청남도,아산시,8001,일반한식,MEDIUM,2.7692301156642123,2.4994626904340347,명목+/실질+
충청남도,아산시,8004,일식회집,MEDIUM,1.2833309966414121,1.017464030517909,명목+/실질+
충청남도,아산시,8005,중국음식,MEDIUM,0.7977887027885248,0.5331962766640141,명목+/실질+
충청남도,아산시,8006,서양음식,MEDIUM,4.346534704598239,4.072626882507085,명목+/실질+
충청남도,아산시,8021,스넥,MEDIUM,4.386304875654233,4.11229265756196,명목+/실질+
충청남도,아산시,8301,제과점,HIGH,0.5729796602610578,0.6699855919624448,명목+/실질+
충청남도,예산군,4010,편의점,MEDIUM,5.044282319556882,5.407579474572211,명목+/실질+
충청남도,예산군,4020,슈퍼마켓,MEDIUM,1.1814939371357571,1.5314315832012204,명목+/실질+
충청남도,예산군,8001,일반한식,MEDIUM,3.599301230050314,3.3273548827143262,명목+/실질+
충청남도,예산군,8004,일식회집,MEDIUM,-5.6103062250714615,-5.858077514486335,명목-/실질-
충청남도,예산군,8005,중국음식,MEDIUM,0.9080093202138478,0.643127566903159,명목+/실질+
충청남도,예산군,8006,서양음식,MEDIUM,1.1403457371247965,0.8748541047977738,명목+/실질+
충청남도,예산군,8021,스넥,MEDIUM,4.1510213964928475,3.877626793403787,명목+/실질+
충청남도,예산군,8301,제과점,HIGH,-3.580702942141742,-3.487703373304268,명목-/실질-
충청남도,천안시 동남구,4004,대형할인점,MEDIUM,-8.42687393529315,-8.110166967140827,명목-/실질-
충청남도,천안시 동남구,4010,편의점,MEDIUM,5.0805137962594555,5.443936258355926,명목+/실질+
충청남도,천안시 동남구,4020,슈퍼마켓,MEDIUM,-1.5315666951356195,-1.1910122081275372,명목-/실질-
충청남도,천안시 동남구,8001,일반한식,MEDIUM,3.774547918918562,3.5021415521002552,명목+/실질+
충청남도,천안시 동남구,8002,갈비전문점,MEDIUM,7.148383119989857,6.867120494986828,명목+/실질+
충청남도,천안시 동남구,8004,일식회집,MEDIUM,1.0245451613472207,0.7593575034991106,명목+/실질+
충청남도,천안시 동남구,8005,중국음식,MEDIUM,0.895230338951324,0.6303821302421504,명목+/실질+
충청남도,천안시 동남구,8006,서양음식,MEDIUM,3.4941924112132225,3.2225219726817453,명목+/실질+
충청남도,천안시 동남구,8021,스넥,MEDIUM,4.355234790597436,4.0813041309332885,명목+/실질+
충청남도,천안시 동남구,8301,제과점,HIGH,1.1635575488258572,1.2611331122367324,명목+/실질+
충청남도,천안시 서북구,4004,대형할인점,MEDIUM,-2.8203437001284453,-2.484246466852067,명목-/실질-
충청남도,천안시 서북구,4010,편의점,MEDIUM,3.4103286581723866,3.767974761045655,명목+/실질+
충청남도,천안시 서북구,4020,슈퍼마켓,MEDIUM,-2.07753412915257,-1.7388678783355414,명목-/실질-
충청남도,천안시 서북구,8001,일반한식,MEDIUM,1.334915345115722,1.0689129709828429,명목+/실질+
충청남도,천안시 서북구,8004,일식회집,MEDIUM,0.08737174379055646,-0.1753558502860421,명목+/실질-
충청남도,천안시 서북구,8005,중국음식,MEDIUM,-1.5191463219053336,-1.7776568342573165,명목-/실질-
충청남도,천안시 서북구,8006,서양음식,MEDIUM,3.1109566744435,2.840292222994669,명목+/실질+
충청남도,천안시 서북구,8021,스넥,MEDIUM,4.6010250956550784,4.32644924075446,명목+/실질+
충청남도,천안시 서북구,8301,제과점,HIGH,0.6398868198654303,0.7369572857127391,명목+/실질+
충청남도,청양군,4010,편의점,MEDIUM,8.820966020587697,9.197324890278674,명목+/실질+
충청남도,청양군,4020,슈퍼마켓,MEDIUM,19.622700997007687,20.03641782183442,명목+/실질+
충청남도,청양군,8001,일반한식,MEDIUM,10.237433085542168,9.948061758599367,명목+/실질+
충청남도,청양군,8004,일식회집,MEDIUM,14.230094703996269,13.930242710384706,명목+/실질+
충청남도,청양군,8005,중국음식,MEDIUM,7.450230257847297,7.168175289405619,명목+/실질+
충청남도,청양군,8006,서양음식,MEDIUM,8.41952789796959,8.134928540235821,명목+/실질+
충청남도,청양군,8021,스넥,MEDIUM,10.23939985585266,9.950023366172262,명목+/실질+
충청남도,청양군,8301,제과점,HIGH,8.862921078101637,8.96792292971803,명목+/실질+
충청남도,태안군,4010,편의점,MEDIUM,13.116324576541288,13.507539005323006,명목+/실질+
충청남도,태안군,4020,슈퍼마켓,MEDIUM,6.94501733368182,7.314888207968781,명목+/실질+
충청남도,태안군,8001,일반한식,MEDIUM,13.876741306851523,13.577816859705447,명목+/실질+
충청남도,태안군,8004,일식회집,MEDIUM,20.9014476950994,20.584083516982815,명목+/실질+
충청남도,태안군,8005,중국음식,MEDIUM,7.645132756887767,7.362566172807172,명목+/실질+
충청남도,태안군,8006,서양음식,MEDIUM,8.822847636915231,8.53718957194592,명목+/실질+
충청남도,태안군,8021,스넥,MEDIUM,9.072549173221264,8.786235646101954,명목+/실질+
충청남도,태안군,8301,제과점,HIGH,6.473698023065218,6.576395390820551,명목+/실질+
충청남도,홍성군,4004,대형할인점,MEDIUM,-0.5719234876821389,-0.22805006089552596,명목-/실질-
충청남도,홍성군,4010,편의점,MEDIUM,4.349669101774279,4.710563927026539,명목+/실질+
충청남도,홍성군,4020,슈퍼마켓,MEDIUM,0.346496332618913,0.693546127509074,명목+/실질+
충청남도,홍성군,8001,일반한식,MEDIUM,1.2532162669388553,0.9874283514522906,명목+/실질+
충청남도,홍성군,8002,갈비전문점,MEDIUM,22.96978811383905,22.64699457842744,명목+/실질+
충청남도,홍성군,8004,일식회집,MEDIUM,-25.533992283794166,-25.72946424700897,명목-/실질-
충청남도,홍성군,8005,중국음식,MEDIUM,0.18166595422434045,-0.08130916049957848,명목+/실질-
충청남도,홍성군,8006,서양음식,MEDIUM,0.7296737600956618,0.46526013450001014,명목+/실질+
충청남도,홍성군,8021,스넥,MEDIUM,3.993325191713517,3.72034453839434,명목+/실질+
충청남도,홍성군,8301,제과점,HIGH,1.4899647544788008,1.587855148326343,명목+/실질+
충청북도,괴산군,4010,편의점,MEDIUM,4.967287229525565,5.330318095919171,명목+/실질+
충청북도,괴산군,4020,슈퍼마켓,MEDIUM,-4.541168424522724,-4.211022688204357,명목-/실질-
충청북도,괴산군,8001,일반한식,MEDIUM,5.763722772517812,5.4860948566231995,명목+/실질+
충청북도,괴산군,8004,일식회집,MEDIUM,-9.47070741750082,-9.708345221543784,명목-/실질-
충청북도,괴산군,8005,중국음식,MEDIUM,0.7304571630980744,0.4660414810833883,명목+/실질+
충청북도,괴산군,8006,서양음식,MEDIUM,6.231155004198576,5.952300086900204,명목+/실질+
충청북도,괴산군,8021,스넥,MEDIUM,0.30099958013418443,0.03771121673700833,명목+/실질+
충청북도,괴산군,8301,제과점,HIGH,2.8202058395396667,2.9193792944663888,명목+/실질+
충청북도,단양군,4010,편의점,MEDIUM,6.0061061376074125,6.3727297740740525,명목+/실질+
충청북도,단양군,4020,슈퍼마켓,MEDIUM,6.907517924544472,7.277259106587958,명목+/실질+
충청북도,단양군,8001,일반한식,MEDIUM,13.161122815276155,12.864076854109754,명목+/실질+
충청북도,단양군,8004,일식회집,MEDIUM,3.8133201709714264,3.540812027672068,명목+/실질+
충청북도,단양군,8005,중국음식,MEDIUM,2.524218488454478,2.25509421444519,명목+/실질+
충청북도,단양군,8006,서양음식,MEDIUM,13.37587085639472,13.078261185389572,명목+/실질+
충청북도,단양군,8021,스넥,MEDIUM,12.142816708538728,11.848443783028815,명목+/실질+
충청북도,단양군,8301,제과점,HIGH,5.248689687871261,5.350205494980102,명목+/실질+
충청북도,보은군,4010,편의점,MEDIUM,5.204634640087679,5.568486375900437,명목+/실질+
충청북도,보은군,4020,슈퍼마켓,MEDIUM,1.6741843886366374,2.0258260116858184,명목+/실질+
충청북도,보은군,8001,일반한식,MEDIUM,6.489619354458013,6.210085972776872,명목+/실질+
충청북도,보은군,8004,일식회집,MEDIUM,9.227821161881256,8.941100048517178,명목+/실질+
충청북도,보은군,8005,중국음식,MEDIUM,1.9252184283517821,1.6576665189866568,명목+/실질+
충청북도,보은군,8006,서양음식,MEDIUM,5.958858783592219,5.680718639093598,명목+/실질+
충청북도,보은군,8021,스넥,MEDIUM,4.314981726422192,4.041156730345027,명목+/실질+
충청북도,보은군,8301,제과점,HIGH,4.641299108335144,4.742229067343292,명목+/실질+
충청북도,영동군,4010,편의점,MEDIUM,7.933501115229938,8.306790674833932,명목+/실질+
충청북도,영동군,4020,슈퍼마켓,MEDIUM,2.481327142129274,2.8357602799524573,명목+/실질+
충청북도,영동군,8001,일반한식,MEDIUM,6.383606704347983,6.104351604012678,명목+/실질+
충청북도,영동군,8004,일식회집,MEDIUM,5.665163076544631,5.387793878121861,명목+/실질+
충청북도,영동군,8005,중국음식,MEDIUM,3.878317752336343,3.6056389915267015,명목+/실질+
충청북도,영동군,8006,서양음식,MEDIUM,4.530829102900782,4.25643751124905,명목+/실질+
충청북도,영동군,8021,스넥,MEDIUM,5.3078047818260625,5.031373642654665,명목+/실질+
충청북도,영동군,8301,제과점,HIGH,4.588740695259636,4.6896199599577795,명목+/실질+
충청북도,옥천군,4010,편의점,MEDIUM,5.893803870228739,6.260039107695229,명목+/실질+
충청북도,옥천군,4020,슈퍼마켓,MEDIUM,-0.6046749724239702,-0.2609148171165041,명목-/실질-
충청북도,옥천군,8001,일반한식,MEDIUM,5.88106891281881,5.6031329653656385,명목+/실질+
충청북도,옥천군,8004,일식회집,MEDIUM,-1.5347589586922137,-1.7932284881467604,명목-/실질-
충청북도,옥천군,8005,중국음식,MEDIUM,2.4498536320169997,2.180924564450399,명목+/실질+
충청북도,옥천군,8006,서양음식,MEDIUM,10.738479201241987,10.447792637039974,명목+/실질+
충청북도,옥천군,8021,스넥,MEDIUM,-17.74341307330619,-17.95933517020681,명목-/실질-
충청북도,옥천군,8301,제과점,HIGH,0.9786801675409377,1.07607741066452,명목+/실질+
충청북도,음성군,4004,대형할인점,MEDIUM,5.1238304892592925,5.4874027627587,명목+/실질+
충청북도,음성군,4010,편의점,MEDIUM,4.819763572177778,5.182284225889125,명목+/실질+
충청북도,음성군,4020,슈퍼마켓,MEDIUM,-1.1832141852526137,-0.841454916099484,명목-/실질-
충청북도,음성군,8001,일반한식,MEDIUM,4.26405926459168,3.990367939083069,명목+/실질+
충청북도,음성군,8004,일식회집,MEDIUM,1.2546848439067682,0.9888930734312944,명목+/실질+
충청북도,음성군,8005,중국음식,MEDIUM,1.5362008892512982,1.2696701440980134,명목+/실질+
충청북도,음성군,8006,서양음식,MEDIUM,4.870902407032288,4.595618128926337,명목+/실질+
충청북도,음성군,8021,스넥,MEDIUM,2.729245996891009,2.4595835292708514,명목+/실질+
충청북도,음성군,8301,제과점,HIGH,2.327654981560933,2.426353355058924,명목+/실질+
충청북도,제천시,4004,대형할인점,MEDIUM,-2.870554169669198,-2.5346305900208277,명목-/실질-
충청북도,제천시,4010,편의점,MEDIUM,4.551035400327027,4.912626653807074,명목+/실질+
충청북도,제천시,4020,슈퍼마켓,MEDIUM,-1.7675875795665739,-1.4278493741679195,명목-/실질-
충청북도,제천시,8001,일반한식,MEDIUM,4.408206529827529,4.134136820277772,명목+/실질+
충청북도,제천시,8004,일식회집,MEDIUM,0.903770824562472,0.6389001972282804,명목+/실질+
충청북도,제천시,8005,중국음식,MEDIUM,-1.4093845425381293,-1.6681831776343463,명목-/실질-
충청북도,제천시,8006,서양음식,MEDIUM,3.9192158059506093,3.646429688468179,명목+/실질+
충청북도,제천시,8021,스넥,MEDIUM,2.757776240911348,2.4880388819015518,명목+/실질+
충청북도,제천시,8301,제과점,HIGH,0.5497141704485625,0.6466976618235404,명목+/실질+
충청북도,증평군,4004,대형할인점,MEDIUM,0.38465059489696,0.73183234684962,명목+/실질+
충청북도,증평군,4010,편의점,MEDIUM,4.827382106177323,5.189929108697884,명목+/실질+
충청북도,증평군,4020,슈퍼마켓,MEDIUM,-0.6084408111675401,-0.2646936800672613,명목-/실질-
충청북도,증평군,8001,일반한식,MEDIUM,3.9618156361279686,3.6889176948388434,명목+/실질+
충청북도,증평군,8004,일식회집,MEDIUM,8.534084019530681,8.24918395398847,명목+/실질+
충청북도,증평군,8005,중국음식,MEDIUM,-2.106103492565763,-2.3630732526470424,명목-/실질-
충청북도,증평군,8006,서양음식,MEDIUM,8.60004383117615,8.314970622286264,명목+/실질+
충청북도,증평군,8021,스넥,MEDIUM,5.398444953633337,5.121775885601776,명목+/실질+
충청북도,증평군,8301,제과점,HIGH,-3.813025150366752,-3.7202496639055247,명목-/실질-
충청북도,진천군,4004,대형할인점,MEDIUM,-1.5809900408489883,-1.240606485189882,명목-/실질-
충청북도,진천군,4010,편의점,MEDIUM,4.002871572603607,4.362566993633639,명목+/실질+
충청북도,진천군,4020,슈퍼마켓,MEDIUM,-1.2377551086293317,-0.8961844700407333,명목-/실질-
충청북도,진천군,8001,일반한식,MEDIUM,3.386221822055198,3.114834804425092,명목+/실질+
충청북도,진천군,8004,일식회집,MEDIUM,5.083540207079153,4.807697758480136,명목+/실질+
충청북도,진천군,8005,중국음식,MEDIUM,0.9157630375750174,0.6508609308922054,명목+/실질+
충청북도,진천군,8006,서양음식,MEDIUM,2.5832308220263256,2.3139516416772556,명목+/실질+
충청북도,진천군,8021,스넥,MEDIUM,2.24247191549054,1.9740872212898708,명목+/실질+
충청북도,진천군,8301,제과점,HIGH,0.6620819869168875,0.7591738607296936,명목+/실질+
충청북도,청주시 상당구,4004,대형할인점,MEDIUM,-5.312099218159107,-4.9846197570329025,명목-/실질-
충청북도,청주시 상당구,4010,편의점,MEDIUM,4.380885261735261,4.741888048523774,명목+/실질+
충청북도,청주시 상당구,4020,슈퍼마켓,MEDIUM,1.0895315957526555,1.4391511887434072,명목+/실질+
충청북도,청주시 상당구,8001,일반한식,MEDIUM,3.2527376598485542,2.9817010358014024,명목+/실질+
충청북도,청주시 상당구,8004,일식회집,MEDIUM,-2.8716279706060197,-3.1265882423689697,명목-/실질-
충청북도,청주시 상당구,8005,중국음식,MEDIUM,0.03694128353818063,-0.22565393146556298,명목+/실질-
충청북도,청주시 상당구,8006,서양음식,MEDIUM,2.878848499341834,2.608793327778544,명목+/실질+
충청북도,청주시 상당구,8021,스넥,MEDIUM,3.22901683230839,2.95804247501713,명목+/실질+
충청북도,청주시 상당구,8301,제과점,HIGH,1.1502239675624022,1.2477866702976483,명목+/실질+
충청북도,청주시 서원구,4004,대형할인점,MEDIUM,-3.589036440486332,-3.255597742063074,명목-/실질-
충청북도,청주시 서원구,4010,편의점,MEDIUM,5.214435223711148,5.578320854982698,명목+/실질+
충청북도,청주시 서원구,4020,슈퍼마켓,MEDIUM,0.6973499031124508,1.0456131301017493,명목+/실질+
충청북도,청주시 서원구,8001,일반한식,MEDIUM,2.3177931716199347,2.0492107604443195,명목+/실질+
충청북도,청주시 서원구,8004,일식회집,MEDIUM,-3.869395181264146,-4.1217363316123325,명목-/실질-
충청북도,청주시 서원구,8005,중국음식,MEDIUM,-0.7480107918591721,-1.0085455214424213,명목-/실질-
충청북도,청주시 서원구,8006,서양음식,MEDIUM,2.777708175187609,2.507918495199843,명목+/실질+
충청북도,청주시 서원구,8021,스넥,MEDIUM,4.119225593499213,3.845914453834925,명목+/실질+
충청북도,청주시 서원구,8301,제과점,HIGH,-0.4956269037183259,-0.3996516780346627,명목-/실질-
충청북도,청주시 청원구,4004,대형할인점,MEDIUM,-11.231108173831029,-10.92409968995957,명목-/실질-
충청북도,청주시 청원구,4010,편의점,MEDIUM,3.2462578238123205,3.6033364853550167,명목+/실질+
충청북도,청주시 청원구,4020,슈퍼마켓,MEDIUM,-0.2137813941286786,0.1313306722182798,명목-/실질+
충청북도,청주시 청원구,8001,일반한식,MEDIUM,1.4143828633382234,1.1481718883648862,명목+/실질+
충청북도,청주시 청원구,8004,일식회집,MEDIUM,-2.0613881560334004,-2.318475293088226,명목-/실질-
충청북도,청주시 청원구,8005,중국음식,MEDIUM,-1.6610063227676921,-1.9191444551072678,명목-/실질-
충청북도,청주시 청원구,8006,서양음식,MEDIUM,1.6297395340803993,1.3629632516263417,명목+/실질+
충청북도,청주시 청원구,8021,스넥,MEDIUM,3.1907045724728715,2.919830784191315,명목+/실질+
충청북도,청주시 청원구,8301,제과점,HIGH,1.1873955249789534,1.2849940808983464,명목+/실질+
충청북도,청주시 흥덕구,4004,대형할인점,MEDIUM,-2.3527289619938285,-2.015014476447494,명목-/실질-
충청북도,청주시 흥덕구,4010,편의점,MEDIUM,1.8550386714971803,2.207305781674217,명목+/실질+
충청북도,청주시 흥덕구,4020,슈퍼마켓,MEDIUM,-0.3312982524112614,0.01340738019820518,명목-/실질+
충청북도,청주시 흥덕구,8001,일반한식,MEDIUM,0.9522885587572931,0.687290573222721,명목+/실질+
충청북도,청주시 흥덕구,8002,갈비전문점,MEDIUM,-1.9992181185682376,-2.2564684508804707,명목-/실질-
충청북도,청주시 흥덕구,8004,일식회집,MEDIUM,-1.177168341390418,-1.436576539938701,명목-/실질-
충청북도,청주시 흥덕구,8005,중국음식,MEDIUM,-0.9038583293123678,-1.1639839618453127,명목-/실질-
충청북도,청주시 흥덕구,8006,서양음식,MEDIUM,0.39441779507249963,0.13088421050065938,명목+/실질+
충청북도,청주시 흥덕구,8021,스넥,MEDIUM,2.9916466770401837,2.7212954122401407,명목+/실질+
충청북도,청주시 흥덕구,8301,제과점,HIGH,0.41309710293735347,0.5099488226776961,명목+/실질+
충청북도,충주시,4004,대형할인점,MEDIUM,-2.1231327577548287,-1.7846242104476284,명목-/실질-
충청북도,충주시,4010,편의점,MEDIUM,4.464154582131751,4.825445357057774,명목+/실질+
충청북도,충주시,4020,슈퍼마켓,MEDIUM,-1.0117941544947686,-0.6694420267099096,명목-/실질-
충청북도,충주시,8001,일반한식,MEDIUM,2.7226145638653163,2.4529695036404062,명목+/실질+
충청북도,충주시,8004,일식회집,MEDIUM,1.8937199176824342,1.6262506913546075,명목+/실질+
충청북도,충주시,8005,중국음식,MEDIUM,0.664003139421511,0.3997618980526114,명목+/실질+
충청북도,충주시,8006,서양음식,MEDIUM,2.674639564117968,2.4051204374252797,명목+/실질+
충청북도,충주시,8021,스넥,MEDIUM,2.7968866853425505,2.5270466621022525,명목+/실질+
충청북도,충주시,8301,제과점,HIGH,-0.7548062551886299,-0.6590810164751935,명목-/실질-
