SIDO_NM,CCG_NM,STRD_YYMM,TP_BUZ_NO,TP_BUZ_NM_CLEAN,amt,cnt,supply_count,external_source,source_scope,amt_per_supply_proxy,cnt_per_supply_proxy
강원특별자치도,강릉시,202601,4010,편의점,1800300000,188267,335.0,국세청,가동사업자,5374029.850746268,561.9910447761195
강원특별자치도,강릉시,202601,4020,슈퍼마켓,1808620000,55199,120.0,국세청,가동사업자,15071833.333333334,459.9916666666667
강원특별자치도,강릉시,202601,8005,중국음식,323210000,10835,158.0,LOCALDATA,식품인허가 영업점,2045632.9113924052,68.57594936708861
강원특별자치도,강릉시,202601,8301,제과점,366630000,23284,143.0,LOCALDATA,식품인허가 영업점,2563846.153846154,162.82517482517483
강원특별자치도,강릉시,202602,4010,편의점,1705250000,177617,334.0,국세청,가동사업자,5105538.9221556885,531.7874251497007
강원특별자치도,강릉시,202602,4020,슈퍼마켓,1797810000,52475,122.0,국세청,가동사업자,14736147.540983606,430.12295081967216
강원특별자치도,강릉시,202602,8005,중국음식,308600000,10199,157.0,LOCALDATA,식품인허가 영업점,1965605.0955414013,64.96178343949045
강원특별자치도,강릉시,202602,8301,제과점,454610000,23427,143.0,LOCALDATA,식품인허가 영업점,3179090.909090909,163.82517482517483
강원특별자치도,강릉시,202603,4010,편의점,1748200000,190282,332.0,국세청,가동사업자,5265662.65060241,573.1385542168674
강원특별자치도,강릉시,202603,4020,슈퍼마켓,1682180000,55067,121.0,국세청,가동사업자,13902314.049586777,455.099173553719
강원특별자치도,강릉시,202603,8005,중국음식,307840000,11210,156.0,LOCALDATA,식품인허가 영업점,1973333.3333333333,71.85897435897436
강원특별자치도,강릉시,202603,8301,제과점,304200000,20700,145.0,LOCALDATA,식품인허가 영업점,2097931.0344827585,142.75862068965517
강원특별자치도,강릉시,202604,4010,편의점,1786690000,204118,330.0,국세청,가동사업자,5414212.121212121,618.5393939393939
강원특별자치도,강릉시,202604,4020,슈퍼마켓,1685200000,55077,121.0,국세청,가동사업자,13927272.727272727,455.1818181818182
강원특별자치도,강릉시,202604,8005,중국음식,284120000,10661,155.0,LOCALDATA,식품인허가 영업점,1833032.2580645161,68.78064516129032
강원특별자치도,강릉시,202604,8301,제과점,327560000,22203,146.0,LOCALDATA,식품인허가 영업점,2243561.6438356163,152.07534246575344
강원특별자치도,강릉시,202605,4010,편의점,2085120000,231649,330.0,국세청,가동사업자,6318545.454545454,701.9666666666667
강원특별자치도,강릉시,202605,4020,슈퍼마켓,1850120000,59344,120.0,국세청,가동사업자,15417666.666666666,494.53333333333336
강원특별자치도,강릉시,202605,8005,중국음식,323030000,11530,155.0,LOCALDATA,식품인허가 영업점,2084064.5161290322,74.38709677419355
강원특별자치도,강릉시,202605,8301,제과점,365900000,25052,146.0,LOCALDATA,식품인허가 영업점,2506164.383561644,171.58904109589042
강원특별자치도,강릉시,202606,4010,편의점,2000210000,222119,332.0,국세청,가동사업자,6024728.915662651,669.0331325301205
강원특별자치도,강릉시,202606,4020,슈퍼마켓,1733320000,55521,120.0,국세청,가동사업자,14444333.333333334,462.675
강원특별자치도,강릉시,202606,8005,중국음식,283690000,10054,155.0,LOCALDATA,식품인허가 영업점,1830258.064516129,64.86451612903225
강원특별자치도,강릉시,202606,8301,제과점,294100000,21043,147.0,LOCALDATA,식품인허가 영업점,2000680.2721088436,143.14965986394557
강원특별자치도,고성군,202601,4010,편의점,287890000,29600,69.0,국세청,가동사업자,4172318.84057971,428.9855072463768
강원특별자치도,고성군,202601,4020,슈퍼마켓,17000000,1302,22.0,국세청,가동사업자,772727.2727272727,59.18181818181818
강원특별자치도,고성군,202601,8005,중국음식,37280000,1255,26.0,LOCALDATA,식품인허가 영업점,1433846.1538461538,48.26923076923077
강원특별자치도,고성군,202601,8301,제과점,22170000,1438,16.0,LOCALDATA,식품인허가 영업점,1385625.0,89.875
강원특별자치도,고성군,202602,4010,편의점,286320000,28085,71.0,국세청,가동사업자,4032676.056338028,395.5633802816901
강원특별자치도,고성군,202602,4020,슈퍼마켓,20450000,1433,22.0,국세청,가동사업자,929545.4545454546,65.13636363636364
강원특별자치도,고성군,202602,8005,중국음식,36840000,1238,26.0,LOCALDATA,식품인허가 영업점,1416923.076923077,47.61538461538461
강원특별자치도,고성군,202602,8301,제과점,26540000,1566,16.0,LOCALDATA,식품인허가 영업점,1658750.0,97.875
강원특별자치도,고성군,202603,4010,편의점,271950000,27931,71.0,국세청,가동사업자,3830281.6901408453,393.3943661971831
강원특별자치도,고성군,202603,4020,슈퍼마켓,19540000,1395,22.0,국세청,가동사업자,888181.8181818182,63.40909090909091
강원특별자치도,고성군,202603,8005,중국음식,35160000,1327,26.0,LOCALDATA,식품인허가 영업점,1352307.6923076923,51.03846153846154
강원특별자치도,고성군,202603,8301,제과점,21110000,1224,16.0,LOCALDATA,식품인허가 영업점,1319375.0,76.5
강원특별자치도,고성군,202604,4010,편의점,313360000,32866,71.0,국세청,가동사업자,4413521.126760564,462.90140845070425
강원특별자치도,고성군,202604,4020,슈퍼마켓,23860000,1709,21.0,국세청,가동사업자,1136190.4761904762,81.38095238095238
강원특별자치도,고성군,202604,8005,중국음식,36050000,1409,26.0,LOCALDATA,식품인허가 영업점,1386538.4615384615,54.19230769230769
강원특별자치도,고성군,202604,8301,제과점,17800000,1057,16.0,LOCALDATA,식품인허가 영업점,1112500.0,66.0625
강원특별자치도,고성군,202605,4010,편의점,421330000,43582,71.0,국세청,가동사업자,5934225.352112676,613.830985915493
강원특별자치도,고성군,202605,4020,슈퍼마켓,31150000,2394,21.0,국세청,가동사업자,1483333.3333333333,114.0
강원특별자치도,고성군,202605,8005,중국음식,44970000,1591,26.0,LOCALDATA,식품인허가 영업점,1729615.3846153845,61.19230769230769
강원특별자치도,고성군,202605,8301,제과점,25040000,1303,17.0,LOCALDATA,식품인허가 영업점,1472941.1764705882,76.6470588235294
강원특별자치도,고성군,202606,4010,편의점,409420000,44317,72.0,국세청,가동사업자,5686388.888888889,615.5138888888889
강원특별자치도,고성군,202606,4020,슈퍼마켓,28000000,2210,21.0,국세청,가동사업자,1333333.3333333333,105.23809523809524
강원특별자치도,고성군,202606,8005,중국음식,36890000,1411,26.0,LOCALDATA,식품인허가 영업점,1418846.1538461538,54.26923076923077
강원특별자치도,고성군,202606,8301,제과점,22960000,1131,15.0,LOCALDATA,식품인허가 영업점,1530666.6666666667,75.4
강원특별자치도,동해시,202601,4010,편의점,704830000,72832,126.0,국세청,가동사업자,5593888.888888889,578.031746031746
강원특별자치도,동해시,202601,4020,슈퍼마켓,1245170000,39990,59.0,국세청,가동사업자,21104576.27118644,677.7966101694915
강원특별자치도,동해시,202601,8005,중국음식,171050000,5506,72.0,LOCALDATA,식품인허가 영업점,2375694.4444444445,76.47222222222223
강원특별자치도,동해시,202601,8301,제과점,103110000,7007,35.0,LOCALDATA,식품인허가 영업점,2946000.0,200.2
강원특별자치도,동해시,202602,4010,편의점,681430000,70119,126.0,국세청,가동사업자,5408174.603174604,556.5
강원특별자치도,동해시,202602,4020,슈퍼마켓,1208730000,37409,58.0,국세청,가동사업자,20840172.413793102,644.9827586206897
강원특별자치도,동해시,202602,8005,중국음식,172520000,5403,72.0,LOCALDATA,식품인허가 영업점,2396111.111111111,75.04166666666667
강원특별자치도,동해시,202602,8301,제과점,110670000,6963,34.0,LOCALDATA,식품인허가 영업점,3255000.0,204.7941176470588
강원특별자치도,동해시,202603,4010,편의점,705270000,72785,125.0,국세청,가동사업자,5642160.0,582.28
강원특별자치도,동해시,202603,4020,슈퍼마켓,1143470000,38889,58.0,국세청,가동사업자,19715000.0,670.5
강원특별자치도,동해시,202603,8005,중국음식,159020000,5299,72.0,LOCALDATA,식품인허가 영업점,2208611.111111111,73.59722222222223
강원특별자치도,동해시,202603,8301,제과점,101030000,6795,35.0,LOCALDATA,식품인허가 영업점,2886571.4285714286,194.14285714285714
강원특별자치도,동해시,202604,4010,편의점,736260000,76800,124.0,국세청,가동사업자,5937580.645161291,619.3548387096774
강원특별자치도,동해시,202604,4020,슈퍼마켓,1138430000,38872,59.0,국세청,가동사업자,19295423.72881356,658.8474576271186
강원특별자치도,동해시,202604,8005,중국음식,145540000,4797,72.0,LOCALDATA,식품인허가 영업점,2021388.888888889,66.625
강원특별자치도,동해시,202604,8301,제과점,98870000,6806,35.0,LOCALDATA,식품인허가 영업점,2824857.1428571427,194.45714285714286
강원특별자치도,동해시,202605,4010,편의점,840670000,87246,125.0,국세청,가동사업자,6725360.0,697.968
강원특별자치도,동해시,202605,4020,슈퍼마켓,1194400000,41035,59.0,국세청,가동사업자,20244067.79661017,695.5084745762712
강원특별자치도,동해시,202605,8005,중국음식,178010000,5583,72.0,LOCALDATA,식품인허가 영업점,2472361.111111111,77.54166666666667
강원특별자치도,동해시,202605,8301,제과점,107170000,7168,35.0,LOCALDATA,식품인허가 영업점,3062000.0,204.8
강원특별자치도,동해시,202606,4010,편의점,809630000,84846,123.0,국세청,가동사업자,6582357.723577236,689.8048780487804
강원특별자치도,동해시,202606,4020,슈퍼마켓,1174140000,39900,59.0,국세청,가동사업자,19900677.966101695,676.271186440678
강원특별자치도,동해시,202606,8005,중국음식,148710000,4886,72.0,LOCALDATA,식품인허가 영업점,2065416.6666666667,67.86111111111111
강원특별자치도,동해시,202606,8301,제과점,93970000,6674,34.0,LOCALDATA,식품인허가 영업점,2763823.529411765,196.2941176470588
강원특별자치도,삼척시,202601,4010,편의점,334250000,32909,96.0,국세청,가동사업자,3481770.8333333335,342.8020833333333
강원특별자치도,삼척시,202601,4020,슈퍼마켓,173730000,7261,37.0,국세청,가동사업자,4695405.405405405,196.24324324324326
강원특별자치도,삼척시,202601,8005,중국음식,55910000,1944,43.0,LOCALDATA,식품인허가 영업점,1300232.558139535,45.2093023255814
강원특별자치도,삼척시,202601,8301,제과점,42530000,2804,24.0,LOCALDATA,식품인허가 영업점,1772083.3333333333,116.83333333333333
강원특별자치도,삼척시,202602,4010,편의점,338560000,33036,95.0,국세청,가동사업자,3563789.4736842103,347.7473684210526
강원특별자치도,삼척시,202602,4020,슈퍼마켓,185950000,7326,36.0,국세청,가동사업자,5165277.777777778,203.5
강원특별자치도,삼척시,202602,8005,중국음식,54260000,1897,44.0,LOCALDATA,식품인허가 영업점,1233181.8181818181,43.11363636363637
강원특별자치도,삼척시,202602,8301,제과점,45210000,2799,24.0,LOCALDATA,식품인허가 영업점,1883750.0,116.625
강원특별자치도,삼척시,202603,4010,편의점,380100000,40989,95.0,국세청,가동사업자,4001052.6315789474,431.46315789473687
강원특별자치도,삼척시,202603,4020,슈퍼마켓,194980000,8653,37.0,국세청,가동사업자,5269729.72972973,233.86486486486487
강원특별자치도,삼척시,202603,8005,중국음식,60970000,2313,44.0,LOCALDATA,식품인허가 영업점,1385681.8181818181,52.56818181818182
강원특별자치도,삼척시,202603,8301,제과점,45020000,2908,24.0,LOCALDATA,식품인허가 영업점,1875833.3333333333,121.16666666666667
강원특별자치도,삼척시,202604,4010,편의점,407390000,44647,96.0,국세청,가동사업자,4243645.833333333,465.0729166666667
강원특별자치도,삼척시,202604,4020,슈퍼마켓,203730000,9416,36.0,국세청,가동사업자,5659166.666666667,261.55555555555554
강원특별자치도,삼척시,202604,8005,중국음식,56510000,2262,44.0,LOCALDATA,식품인허가 영업점,1284318.1818181819,51.40909090909091
강원특별자치도,삼척시,202604,8301,제과점,43860000,2925,24.0,LOCALDATA,식품인허가 영업점,1827500.0,121.875
강원특별자치도,삼척시,202605,4010,편의점,466470000,49536,95.0,국세청,가동사업자,4910210.52631579,521.4315789473684
강원특별자치도,삼척시,202605,4020,슈퍼마켓,224090000,10310,36.0,국세청,가동사업자,6224722.222222222,286.3888888888889
강원특별자치도,삼척시,202605,8005,중국음식,70630000,2503,44.0,LOCALDATA,식품인허가 영업점,1605227.2727272727,56.88636363636363
강원특별자치도,삼척시,202605,8301,제과점,48910000,3160,24.0,LOCALDATA,식품인허가 영업점,2037916.6666666667,131.66666666666666
강원특별자치도,삼척시,202606,4010,편의점,445650000,46894,95.0,국세청,가동사업자,4691052.631578947,493.62105263157895
강원특별자치도,삼척시,202606,4020,슈퍼마켓,207420000,9360,36.0,국세청,가동사업자,5761666.666666667,260.0
강원특별자치도,삼척시,202606,8005,중국음식,59700000,2316,44.0,LOCALDATA,식품인허가 영업점,1356818.1818181819,52.63636363636363
강원특별자치도,삼척시,202606,8301,제과점,42310000,2871,24.0,LOCALDATA,식품인허가 영업점,1762916.6666666667,119.625
강원특별자치도,속초시,202601,4010,편의점,1193950000,115969,165.0,국세청,가동사업자,7236060.606060606,702.8424242424243
강원특별자치도,속초시,202601,4020,슈퍼마켓,994600000,35305,51.0,국세청,가동사업자,19501960.784313727,692.2549019607843
강원특별자치도,속초시,202601,8005,중국음식,150240000,4970,54.0,LOCALDATA,식품인허가 영업점,2782222.222222222,92.03703703703704
강원특별자치도,속초시,202601,8301,제과점,200410000,12901,54.0,LOCALDATA,식품인허가 영업점,3711296.296296296,238.90740740740742
강원특별자치도,속초시,202602,4010,편의점,1150300000,113233,166.0,국세청,가동사업자,6929518.072289157,682.1265060240963
강원특별자치도,속초시,202602,4020,슈퍼마켓,942900000,33296,52.0,국세청,가동사업자,18132692.307692308,640.3076923076923
강원특별자치도,속초시,202602,8005,중국음식,139870000,4633,53.0,LOCALDATA,식품인허가 영업점,2639056.603773585,87.41509433962264
강원특별자치도,속초시,202602,8301,제과점,210800000,13380,54.0,LOCALDATA,식품인허가 영업점,3903703.703703704,247.77777777777777
강원특별자치도,속초시,202603,4010,편의점,1109240000,110164,166.0,국세청,가동사업자,6682168.674698795,663.6385542168674
강원특별자치도,속초시,202603,4020,슈퍼마켓,857790000,33765,54.0,국세청,가동사업자,15885000.0,625.2777777777778
강원특별자치도,속초시,202603,8005,중국음식,142570000,5091,53.0,LOCALDATA,식품인허가 영업점,2690000.0,96.05660377358491
강원특별자치도,속초시,202603,8301,제과점,182530000,12418,52.0,LOCALDATA,식품인허가 영업점,3510192.3076923075,238.80769230769232
강원특별자치도,속초시,202604,4010,편의점,1125250000,116391,166.0,국세청,가동사업자,6778614.457831325,701.1506024096385
강원특별자치도,속초시,202604,4020,슈퍼마켓,856230000,33490,55.0,국세청,가동사업자,15567818.181818182,608.9090909090909
강원특별자치도,속초시,202604,8005,중국음식,126960000,4751,51.0,LOCALDATA,식품인허가 영업점,2489411.7647058824,93.15686274509804
강원특별자치도,속초시,202604,8301,제과점,186990000,12862,52.0,LOCALDATA,식품인허가 영업점,3595961.5384615385,247.34615384615384
강원특별자치도,속초시,202605,4010,편의점,1325330000,135725,164.0,국세청,가동사업자,8081280.4878048785,827.5914634146342
강원특별자치도,속초시,202605,4020,슈퍼마켓,940050000,36017,55.0,국세청,가동사업자,17091818.181818184,654.8545454545455
강원특별자치도,속초시,202605,8005,중국음식,147100000,5109,51.0,LOCALDATA,식품인허가 영업점,2884313.725490196,100.17647058823529
강원특별자치도,속초시,202605,8301,제과점,222500000,14593,52.0,LOCALDATA,식품인허가 영업점,4278846.153846154,280.63461538461536
강원특별자치도,속초시,202606,4010,편의점,1269780000,131246,164.0,국세청,가동사업자,7742560.975609756,800.280487804878
강원특별자치도,속초시,202606,4020,슈퍼마켓,914070000,34778,56.0,국세청,가동사업자,16322678.57142857,621.0357142857143
강원특별자치도,속초시,202606,8005,중국음식,135430000,4767,51.0,LOCALDATA,식품인허가 영업점,2655490.1960784313,93.47058823529412
강원특별자치도,속초시,202606,8301,제과점,181240000,12299,52.0,LOCALDATA,식품인허가 영업점,3485384.6153846155,236.51923076923077
강원특별자치도,양구군,202601,4010,편의점,132370000,12187,23.0,국세청,가동사업자,5755217.391304348,529.8695652173913
강원특별자치도,양구군,202601,4020,슈퍼마켓,170390000,5693,14.0,국세청,가동사업자,12170714.285714285,406.64285714285717
강원특별자치도,양구군,202601,8005,중국음식,31550000,1042,23.0,LOCALDATA,식품인허가 영업점,1371739.1304347827,45.30434782608695
강원특별자치도,양구군,202601,8301,제과점,17150000,1035,6.0,LOCALDATA,식품인허가 영업점,2858333.3333333335,172.5
강원특별자치도,양구군,202602,4010,편의점,125020000,11062,23.0,국세청,가동사업자,5435652.173913044,480.95652173913044
강원특별자치도,양구군,202602,4020,슈퍼마켓,179720000,5539,14.0,국세청,가동사업자,12837142.857142856,395.64285714285717
강원특별자치도,양구군,202602,8005,중국음식,26770000,868,24.0,LOCALDATA,식품인허가 영업점,1115416.6666666667,36.166666666666664
강원특별자치도,양구군,202602,8301,제과점,20310000,1077,6.0,LOCALDATA,식품인허가 영업점,3385000.0,179.5
강원특별자치도,양구군,202603,4010,편의점,143910000,13586,23.0,국세청,가동사업자,6256956.521739131,590.695652173913
강원특별자치도,양구군,202603,4020,슈퍼마켓,184560000,6188,14.0,국세청,가동사업자,13182857.142857144,442.0
강원특별자치도,양구군,202603,8005,중국음식,33180000,1076,24.0,LOCALDATA,식품인허가 영업점,1382500.0,44.833333333333336
강원특별자치도,양구군,202603,8301,제과점,15830000,997,6.0,LOCALDATA,식품인허가 영업점,2638333.3333333335,166.16666666666666
강원특별자치도,양구군,202604,4010,편의점,155130000,14940,22.0,국세청,가동사업자,7051363.636363637,679.0909090909091
강원특별자치도,양구군,202604,4020,슈퍼마켓,184390000,6254,14.0,국세청,가동사업자,13170714.285714285,446.7142857142857
강원특별자치도,양구군,202604,8005,중국음식,29170000,1033,26.0,LOCALDATA,식품인허가 영업점,1121923.076923077,39.73076923076923
강원특별자치도,양구군,202604,8301,제과점,16290000,1089,6.0,LOCALDATA,식품인허가 영업점,2715000.0,181.5
강원특별자치도,양구군,202605,4010,편의점,173330000,16342,22.0,국세청,가동사업자,7878636.363636363,742.8181818181819
강원특별자치도,양구군,202605,4020,슈퍼마켓,203480000,6715,14.0,국세청,가동사업자,14534285.714285715,479.64285714285717
강원특별자치도,양구군,202605,8005,중국음식,42900000,1205,25.0,LOCALDATA,식품인허가 영업점,1716000.0,48.2
강원특별자치도,양구군,202605,8301,제과점,22020000,1276,6.0,LOCALDATA,식품인허가 영업점,3670000.0,212.66666666666666
강원특별자치도,양구군,202606,4010,편의점,166600000,15966,22.0,국세청,가동사업자,7572727.2727272725,725.7272727272727
강원특별자치도,양구군,202606,4020,슈퍼마켓,192300000,6593,14.0,국세청,가동사업자,13735714.285714285,470.92857142857144
강원특별자치도,양구군,202606,8005,중국음식,35300000,1115,25.0,LOCALDATA,식품인허가 영업점,1412000.0,44.6
강원특별자치도,양구군,202606,8301,제과점,15360000,1042,6.0,LOCALDATA,식품인허가 영업점,2560000.0,173.66666666666666
강원특별자치도,양양군,202601,4010,편의점,328660000,31717,81.0,국세청,가동사업자,4057530.864197531,391.5679012345679
강원특별자치도,양양군,202601,4020,슈퍼마켓,279760000,8320,24.0,국세청,가동사업자,11656666.666666666,346.6666666666667
강원특별자치도,양양군,202601,8005,중국음식,43970000,1354,21.0,LOCALDATA,식품인허가 영업점,2093809.5238095238,64.47619047619048
강원특별자치도,양양군,202601,8301,제과점,59490000,3053,13.0,LOCALDATA,식품인허가 영업점,4576153.846153846,234.84615384615384
강원특별자치도,양양군,202602,4010,편의점,312240000,30007,79.0,국세청,가동사업자,3952405.0632911394,379.8354430379747
강원특별자치도,양양군,202602,4020,슈퍼마켓,284920000,8073,25.0,국세청,가동사업자,11396800.0,322.92
강원특별자치도,양양군,202602,8005,중국음식,37170000,1187,21.0,LOCALDATA,식품인허가 영업점,1770000.0,56.523809523809526
강원특별자치도,양양군,202602,8301,제과점,59820000,2989,13.0,LOCALDATA,식품인허가 영업점,4601538.461538462,229.92307692307693
강원특별자치도,양양군,202603,4010,편의점,293440000,29107,79.0,국세청,가동사업자,3714430.379746835,368.44303797468353
강원특별자치도,양양군,202603,4020,슈퍼마켓,262450000,8338,25.0,국세청,가동사업자,10498000.0,333.52
강원특별자치도,양양군,202603,8005,중국음식,44970000,1502,21.0,LOCALDATA,식품인허가 영업점,2141428.5714285714,71.52380952380952
강원특별자치도,양양군,202603,8301,제과점,51520000,2883,13.0,LOCALDATA,식품인허가 영업점,3963076.923076923,221.76923076923077
강원특별자치도,양양군,202604,4010,편의점,329810000,33103,80.0,국세청,가동사업자,4122625.0,413.7875
강원특별자치도,양양군,202604,4020,슈퍼마켓,283780000,8826,23.0,국세청,가동사업자,12338260.869565217,383.7391304347826
강원특별자치도,양양군,202604,8005,중국음식,39900000,1407,21.0,LOCALDATA,식품인허가 영업점,1900000.0,67.0
강원특별자치도,양양군,202604,8301,제과점,51300000,3000,13.0,LOCALDATA,식품인허가 영업점,3946153.846153846,230.76923076923077
강원특별자치도,양양군,202605,4010,편의점,449580000,44863,82.0,국세청,가동사업자,5482682.926829268,547.109756097561
강원특별자치도,양양군,202605,4020,슈퍼마켓,333710000,10187,24.0,국세청,가동사업자,13904583.333333334,424.4583333333333
강원특별자치도,양양군,202605,8005,중국음식,49290000,1574,21.0,LOCALDATA,식품인허가 영업점,2347142.8571428573,74.95238095238095
강원특별자치도,양양군,202605,8301,제과점,71040000,3964,13.0,LOCALDATA,식품인허가 영업점,5464615.384615385,304.9230769230769
강원특별자치도,양양군,202606,4010,편의점,444470000,44574,84.0,국세청,가동사업자,5291309.523809524,530.6428571428571
강원특별자치도,양양군,202606,4020,슈퍼마켓,341980000,10433,24.0,국세청,가동사업자,14249166.666666666,434.7083333333333
강원특별자치도,양양군,202606,8005,중국음식,46770000,1563,21.0,LOCALDATA,식품인허가 영업점,2227142.8571428573,74.42857142857143
강원특별자치도,양양군,202606,8301,제과점,59230000,3393,13.0,LOCALDATA,식품인허가 영업점,4556153.846153846,261.0
강원특별자치도,영월군,202601,4010,편의점,151400000,14346,42.0,국세청,가동사업자,3604761.904761905,341.57142857142856
강원특별자치도,영월군,202601,4020,슈퍼마켓,62860000,3040,24.0,국세청,가동사업자,2619166.6666666665,126.66666666666667
강원특별자치도,영월군,202601,8005,중국음식,30110000,1090,30.0,LOCALDATA,식품인허가 영업점,1003666.6666666666,36.333333333333336
강원특별자치도,영월군,202601,8301,제과점,18580000,1124,9.0,LOCALDATA,식품인허가 영업점,2064444.4444444445,124.88888888888889
강원특별자치도,영월군,202602,4010,편의점,158580000,15103,42.0,국세청,가동사업자,3775714.285714286,359.5952380952381
강원특별자치도,영월군,202602,4020,슈퍼마켓,75810000,3456,24.0,국세청,가동사업자,3158750.0,144.0
강원특별자치도,영월군,202602,8005,중국음식,32730000,1125,30.0,LOCALDATA,식품인허가 영업점,1091000.0,37.5
강원특별자치도,영월군,202602,8301,제과점,26010000,1381,9.0,LOCALDATA,식품인허가 영업점,2890000.0,153.44444444444446
강원특별자치도,영월군,202603,4010,편의점,187090000,18922,41.0,국세청,가동사업자,4563170.731707317,461.5121951219512
강원특별자치도,영월군,202603,4020,슈퍼마켓,66060000,3582,24.0,국세청,가동사업자,2752500.0,149.25
강원특별자치도,영월군,202603,8005,중국음식,38580000,1446,30.0,LOCALDATA,식품인허가 영업점,1286000.0,48.2
강원특별자치도,영월군,202603,8301,제과점,25090000,1558,8.0,LOCALDATA,식품인허가 영업점,3136250.0,194.75
강원특별자치도,영월군,202604,4010,편의점,209690000,21666,41.0,국세청,가동사업자,5114390.243902439,528.439024390244
강원특별자치도,영월군,202604,4020,슈퍼마켓,76160000,4163,24.0,국세청,가동사업자,3173333.3333333335,173.45833333333334
강원특별자치도,영월군,202604,8005,중국음식,37000000,1315,30.0,LOCALDATA,식품인허가 영업점,1233333.3333333333,43.833333333333336
강원특별자치도,영월군,202604,8301,제과점,25160000,1567,8.0,LOCALDATA,식품인허가 영업점,3145000.0,195.875
강원특별자치도,영월군,202605,4010,편의점,232210000,24195,41.0,국세청,가동사업자,5663658.536585365,590.1219512195122
강원특별자치도,영월군,202605,4020,슈퍼마켓,91420000,4857,24.0,국세청,가동사업자,3809166.6666666665,202.375
강원특별자치도,영월군,202605,8005,중국음식,44840000,1432,30.0,LOCALDATA,식품인허가 영업점,1494666.6666666667,47.733333333333334
강원특별자치도,영월군,202605,8301,제과점,33090000,1832,9.0,LOCALDATA,식품인허가 영업점,3676666.6666666665,203.55555555555554
강원특별자치도,영월군,202606,4010,편의점,227600000,23023,41.0,국세청,가동사업자,5551219.5121951215,561.5365853658536
강원특별자치도,영월군,202606,4020,슈퍼마켓,83230000,4487,24.0,국세청,가동사업자,3467916.6666666665,186.95833333333334
강원특별자치도,영월군,202606,8005,중국음식,39300000,1329,30.0,LOCALDATA,식품인허가 영업점,1310000.0,44.3
강원특별자치도,영월군,202606,8301,제과점,24620000,1412,9.0,LOCALDATA,식품인허가 영업점,2735555.5555555555,156.88888888888889
강원특별자치도,원주시,202601,4010,편의점,2634480000,295259,471.0,국세청,가동사업자,5593375.796178344,626.8768577494692
강원특별자치도,원주시,202601,4020,슈퍼마켓,3428900000,119178,180.0,국세청,가동사업자,19049444.444444444,662.1
강원특별자치도,원주시,202601,8005,중국음식,493090000,16177,189.0,LOCALDATA,식품인허가 영업점,2608941.798941799,85.5925925925926
강원특별자치도,원주시,202601,8301,제과점,421980000,32325,135.0,LOCALDATA,식품인허가 영업점,3125777.777777778,239.44444444444446
강원특별자치도,원주시,202602,4010,편의점,2510080000,280196,475.0,국세청,가동사업자,5284378.947368421,589.8863157894737
강원특별자치도,원주시,202602,4020,슈퍼마켓,3451760000,112674,178.0,국세청,가동사업자,19391910.11235955,633.0
강원특별자치도,원주시,202602,8005,중국음식,481630000,15145,189.0,LOCALDATA,식품인허가 영업점,2548306.8783068783,80.13227513227513
강원특별자치도,원주시,202602,8301,제과점,435610000,31709,138.0,LOCALDATA,식품인허가 영업점,3156594.202898551,229.7753623188406
강원특별자치도,원주시,202603,4010,편의점,2902360000,346738,469.0,국세청,가동사업자,6188400.852878464,739.3134328358209
강원특별자치도,원주시,202603,4020,슈퍼마켓,3306480000,123734,179.0,국세청,가동사업자,18471955.30726257,691.2513966480446
강원특별자치도,원주시,202603,8005,중국음식,503740000,17501,190.0,LOCALDATA,식품인허가 영업점,2651263.1578947366,92.11052631578947
강원특별자치도,원주시,202603,8301,제과점,491540000,38599,137.0,LOCALDATA,식품인허가 영업점,3587883.2116788323,281.7445255474453
강원특별자치도,원주시,202604,4010,편의점,2963490000,364997,469.0,국세청,가동사업자,6318742.004264392,778.2452025586354
강원특별자치도,원주시,202604,4020,슈퍼마켓,3191590000,121316,179.0,국세청,가동사업자,17830111.731843576,677.7430167597765
강원특별자치도,원주시,202604,8005,중국음식,467050000,16771,193.0,LOCALDATA,식품인허가 영업점,2419948.1865284974,86.89637305699482
강원특별자치도,원주시,202604,8301,제과점,473600000,39396,139.0,LOCALDATA,식품인허가 영업점,3407194.2446043165,283.42446043165467
강원특별자치도,원주시,202605,4010,편의점,3187840000,380081,465.0,국세청,가동사업자,6855569.892473118,817.3784946236559
강원특별자치도,원주시,202605,4020,슈퍼마켓,3384430000,123074,178.0,국세청,가동사업자,19013651.68539326,691.4269662921348
강원특별자치도,원주시,202605,8005,중국음식,518170000,17645,194.0,LOCALDATA,식품인허가 영업점,2670979.381443299,90.95360824742268
강원특별자치도,원주시,202605,8301,제과점,507580000,39944,140.0,LOCALDATA,식품인허가 영업점,3625571.4285714286,285.3142857142857
강원특별자치도,원주시,202606,4010,편의점,3033810000,366939,457.0,국세청,가동사업자,6638533.916849015,802.9299781181619
강원특별자치도,원주시,202606,4020,슈퍼마켓,3075710000,114230,177.0,국세청,가동사업자,17376892.655367233,645.367231638418
강원특별자치도,원주시,202606,8005,중국음식,435810000,15436,193.0,LOCALDATA,식품인허가 영업점,2258082.9015544043,79.97927461139896
강원특별자치도,원주시,202606,8301,제과점,432720000,36509,138.0,LOCALDATA,식품인허가 영업점,3135652.1739130435,264.55797101449275
강원특별자치도,인제군,202601,4010,편의점,174290000,16455,54.0,국세청,가동사업자,3227592.592592593,304.72222222222223
강원특별자치도,인제군,202601,4020,슈퍼마켓,134360000,4203,20.0,국세청,가동사업자,6718000.0,210.15
강원특별자치도,인제군,202601,8005,중국음식,49560000,1534,27.0,LOCALDATA,식품인허가 영업점,1835555.5555555555,56.81481481481482
강원특별자치도,인제군,202601,8301,제과점,13790000,872,13.0,LOCALDATA,식품인허가 영업점,1060769.2307692308,67.07692307692308
강원특별자치도,인제군,202602,4010,편의점,165070000,15455,55.0,국세청,가동사업자,3001272.727272727,281.0
강원특별자치도,인제군,202602,4020,슈퍼마켓,132600000,4039,23.0,국세청,가동사업자,5765217.391304348,175.6086956521739
강원특별자치도,인제군,202602,8005,중국음식,40010000,1230,27.0,LOCALDATA,식품인허가 영업점,1481851.851851852,45.55555555555556
강원특별자치도,인제군,202602,8301,제과점,13870000,840,13.0,LOCALDATA,식품인허가 영업점,1066923.076923077,64.61538461538461
강원특별자치도,인제군,202603,4010,편의점,177620000,17424,54.0,국세청,가동사업자,3289259.2592592593,322.6666666666667
강원특별자치도,인제군,202603,4020,슈퍼마켓,128800000,4387,24.0,국세청,가동사업자,5366666.666666667,182.79166666666666
강원특별자치도,인제군,202603,8005,중국음식,41270000,1435,27.0,LOCALDATA,식품인허가 영업점,1528518.5185185184,53.148148148148145
강원특별자치도,인제군,202603,8301,제과점,13800000,819,13.0,LOCALDATA,식품인허가 영업점,1061538.4615384615,63.0
강원특별자치도,인제군,202604,4010,편의점,201300000,19531,53.0,국세청,가동사업자,3798113.2075471696,368.50943396226415
강원특별자치도,인제군,202604,4020,슈퍼마켓,74680000,2936,22.0,국세청,가동사업자,3394545.4545454546,133.45454545454547
강원특별자치도,인제군,202604,8005,중국음식,42190000,1469,27.0,LOCALDATA,식품인허가 영업점,1562592.5925925926,54.407407407407405
강원특별자치도,인제군,202604,8301,제과점,14770000,958,13.0,LOCALDATA,식품인허가 영업점,1136153.8461538462,73.6923076923077
강원특별자치도,인제군,202605,4010,편의점,236870000,23511,54.0,국세청,가동사업자,4386481.481481481,435.3888888888889
강원특별자치도,인제군,202605,4020,슈퍼마켓,46930000,2594,22.0,국세청,가동사업자,2133181.8181818184,117.9090909090909
강원특별자치도,인제군,202605,8005,중국음식,46330000,1583,27.0,LOCALDATA,식품인허가 영업점,1715925.9259259258,58.629629629629626
강원특별자치도,인제군,202605,8301,제과점,15050000,1012,13.0,LOCALDATA,식품인허가 영업점,1157692.3076923077,77.84615384615384
강원특별자치도,인제군,202606,4010,편의점,232230000,22591,53.0,국세청,가동사업자,4381698.113207547,426.24528301886795
강원특별자치도,인제군,202606,4020,슈퍼마켓,47010000,2425,22.0,국세청,가동사업자,2136818.1818181816,110.22727272727273
강원특별자치도,인제군,202606,8005,중국음식,43700000,1460,27.0,LOCALDATA,식품인허가 영업점,1618518.5185185184,54.074074074074076
강원특별자치도,인제군,202606,8301,제과점,13040000,870,13.0,LOCALDATA,식품인허가 영업점,1003076.9230769231,66.92307692307692
강원특별자치도,정선군,202601,4010,편의점,476860000,45279,66.0,국세청,가동사업자,7225151.515151516,686.0454545454545
강원특별자치도,정선군,202601,4020,슈퍼마켓,153470000,7059,28.0,국세청,가동사업자,5481071.428571428,252.10714285714286
강원특별자치도,정선군,202601,8005,중국음식,74690000,2350,24.0,LOCALDATA,식품인허가 영업점,3112083.3333333335,97.91666666666667
강원특별자치도,정선군,202601,8301,제과점,42300000,2736,8.0,LOCALDATA,식품인허가 영업점,5287500.0,342.0
강원특별자치도,정선군,202602,4010,편의점,442800000,41957,65.0,국세청,가동사업자,6812307.692307692,645.4923076923077
강원특별자치도,정선군,202602,4020,슈퍼마켓,180120000,7480,28.0,국세청,가동사업자,6432857.142857143,267.14285714285717
강원특별자치도,정선군,202602,8005,중국음식,73870000,2247,24.0,LOCALDATA,식품인허가 영업점,3077916.6666666665,93.625
강원특별자치도,정선군,202602,8301,제과점,46410000,2788,8.0,LOCALDATA,식품인허가 영업점,5801250.0,348.5
강원특별자치도,정선군,202603,4010,편의점,391700000,37695,65.0,국세청,가동사업자,6026153.846153846,579.9230769230769
강원특별자치도,정선군,202603,4020,슈퍼마켓,338150000,14114,27.0,국세청,가동사업자,12524074.074074075,522.7407407407408
강원특별자치도,정선군,202603,8005,중국음식,88920000,2914,24.0,LOCALDATA,식품인허가 영업점,3705000.0,121.41666666666667
강원특별자치도,정선군,202603,8301,제과점,55110000,3211,8.0,LOCALDATA,식품인허가 영업점,6888750.0,401.375
강원특별자치도,정선군,202604,4010,편의점,425740000,41582,66.0,국세청,가동사업자,6450606.060606061,630.030303030303
강원특별자치도,정선군,202604,4020,슈퍼마켓,471890000,18367,27.0,국세청,가동사업자,17477407.407407407,680.2592592592592
강원특별자치도,정선군,202604,8005,중국음식,93670000,3300,24.0,LOCALDATA,식품인허가 영업점,3902916.6666666665,137.5
강원특별자치도,정선군,202604,8301,제과점,65290000,3838,8.0,LOCALDATA,식품인허가 영업점,8161250.0,479.75
강원특별자치도,정선군,202605,4010,편의점,505110000,49087,66.0,국세청,가동사업자,7653181.818181818,743.7424242424242
강원특별자치도,정선군,202605,4020,슈퍼마켓,438880000,18612,26.0,국세청,가동사업자,16880000.0,715.8461538461538
강원특별자치도,정선군,202605,8005,중국음식,109350000,3519,24.0,LOCALDATA,식품인허가 영업점,4556250.0,146.625
강원특별자치도,정선군,202605,8301,제과점,75100000,4382,8.0,LOCALDATA,식품인허가 영업점,9387500.0,547.75
강원특별자치도,정선군,202606,4010,편의점,484880000,47556,65.0,국세청,가동사업자,7459692.307692308,731.6307692307693
강원특별자치도,정선군,202606,4020,슈퍼마켓,375270000,16682,27.0,국세청,가동사업자,13898888.888888888,617.8518518518518
강원특별자치도,정선군,202606,8005,중국음식,90010000,3139,24.0,LOCALDATA,식품인허가 영업점,3750416.6666666665,130.79166666666666
강원특별자치도,정선군,202606,8301,제과점,61410000,3666,8.0,LOCALDATA,식품인허가 영업점,7676250.0,458.25
강원특별자치도,철원군,202601,4010,편의점,233470000,20326,53.0,국세청,가동사업자,4405094.339622642,383.50943396226415
강원특별자치도,철원군,202601,4020,슈퍼마켓,258090000,10113,19.0,국세청,가동사업자,13583684.210526315,532.2631578947369
강원특별자치도,철원군,202601,8005,중국음식,59920000,1963,42.0,LOCALDATA,식품인허가 영업점,1426666.6666666667,46.73809523809524
강원특별자치도,철원군,202601,8301,제과점,35770000,2242,11.0,LOCALDATA,식품인허가 영업점,3251818.1818181816,203.8181818181818
강원특별자치도,철원군,202602,4010,편의점,228630000,20096,54.0,국세청,가동사업자,4233888.888888889,372.14814814814815
강원특별자치도,철원군,202602,4020,슈퍼마켓,279000000,9983,19.0,국세청,가동사업자,14684210.52631579,525.421052631579
강원특별자치도,철원군,202602,8005,중국음식,56430000,1863,42.0,LOCALDATA,식품인허가 영업점,1343571.4285714286,44.357142857142854
강원특별자치도,철원군,202602,8301,제과점,36440000,2272,11.0,LOCALDATA,식품인허가 영업점,3312727.272727273,206.54545454545453
강원특별자치도,철원군,202603,4010,편의점,253390000,22746,54.0,국세청,가동사업자,4692407.407407408,421.22222222222223
강원특별자치도,철원군,202603,4020,슈퍼마켓,249750000,10355,20.0,국세청,가동사업자,12487500.0,517.75
강원특별자치도,철원군,202603,8005,중국음식,66100000,2272,42.0,LOCALDATA,식품인허가 영업점,1573809.5238095238,54.095238095238095
강원특별자치도,철원군,202603,8301,제과점,32760000,2188,11.0,LOCALDATA,식품인허가 영업점,2978181.8181818184,198.9090909090909
강원특별자치도,철원군,202604,4010,편의점,269060000,24273,53.0,국세청,가동사업자,5076603.773584906,457.9811320754717
강원특별자치도,철원군,202604,4020,슈퍼마켓,255910000,10736,21.0,국세청,가동사업자,12186190.476190476,511.23809523809524
강원특별자치도,철원군,202604,8005,중국음식,64260000,2255,42.0,LOCALDATA,식품인허가 영업점,1530000.0,53.69047619047619
강원특별자치도,철원군,202604,8301,제과점,32290000,2129,12.0,LOCALDATA,식품인허가 영업점,2690833.3333333335,177.41666666666666
강원특별자치도,철원군,202605,4010,편의점,291340000,26544,53.0,국세청,가동사업자,5496981.132075472,500.8301886792453
강원특별자치도,철원군,202605,4020,슈퍼마켓,287320000,11790,22.0,국세청,가동사업자,13060000.0,535.9090909090909
강원특별자치도,철원군,202605,8005,중국음식,70720000,2247,43.0,LOCALDATA,식품인허가 영업점,1644651.1627906978,52.25581395348837
강원특별자치도,철원군,202605,8301,제과점,37500000,2388,12.0,LOCALDATA,식품인허가 영업점,3125000.0,199.0
강원특별자치도,철원군,202606,4010,편의점,288410000,27651,53.0,국세청,가동사업자,5441698.113207547,521.7169811320755
강원특별자치도,철원군,202606,4020,슈퍼마켓,259920000,10872,22.0,국세청,가동사업자,11814545.454545455,494.1818181818182
강원특별자치도,철원군,202606,8005,중국음식,58460000,1931,42.0,LOCALDATA,식품인허가 영업점,1391904.761904762,45.976190476190474
강원특별자치도,철원군,202606,8301,제과점,29880000,2042,12.0,LOCALDATA,식품인허가 영업점,2490000.0,170.16666666666666
강원특별자치도,춘천시,202601,4010,편의점,1615840000,190423,354.0,국세청,가동사업자,4564519.774011299,537.9180790960452
강원특별자치도,춘천시,202601,4020,슈퍼마켓,2229560000,78265,120.0,국세청,가동사업자,18579666.666666668,652.2083333333334
강원특별자치도,춘천시,202601,8005,중국음식,394560000,12740,160.0,LOCALDATA,식품인허가 영업점,2466000.0,79.625
강원특별자치도,춘천시,202601,8301,제과점,240080000,17518,136.0,LOCALDATA,식품인허가 영업점,1765294.1176470588,128.80882352941177
강원특별자치도,춘천시,202602,4010,편의점,1512380000,178137,355.0,국세청,가동사업자,4260225.352112676,501.7943661971831
강원특별자치도,춘천시,202602,4020,슈퍼마켓,2197070000,73571,121.0,국세청,가동사업자,18157603.305785123,608.0247933884298
강원특별자치도,춘천시,202602,8005,중국음식,361020000,11713,160.0,LOCALDATA,식품인허가 영업점,2256375.0,73.20625
강원특별자치도,춘천시,202602,8301,제과점,266660000,17959,137.0,LOCALDATA,식품인허가 영업점,1946423.3576642335,131.08759124087592
강원특별자치도,춘천시,202603,4010,편의점,1809330000,232465,350.0,국세청,가동사업자,5169514.285714285,664.1857142857143
강원특별자치도,춘천시,202603,4020,슈퍼마켓,2122220000,82358,119.0,국세청,가동사업자,17833781.51260504,692.0840336134454
강원특별자치도,춘천시,202603,8005,중국음식,398430000,13976,162.0,LOCALDATA,식품인허가 영업점,2459444.4444444445,86.27160493827161
강원특별자치도,춘천시,202603,8301,제과점,282620000,22416,140.0,LOCALDATA,식품인허가 영업점,2018714.2857142857,160.11428571428573
강원특별자치도,춘천시,202604,4010,편의점,1843690000,243944,357.0,국세청,가동사업자,5164397.759103642,683.3165266106442
강원특별자치도,춘천시,202604,4020,슈퍼마켓,2071420000,83783,120.0,국세청,가동사업자,17261833.333333332,698.1916666666667
강원특별자치도,춘천시,202604,8005,중국음식,381490000,13620,161.0,LOCALDATA,식품인허가 영업점,2369503.105590062,84.59627329192547
강원특별자치도,춘천시,202604,8301,제과점,268320000,22803,140.0,LOCALDATA,식품인허가 영업점,1916571.4285714286,162.87857142857143
강원특별자치도,춘천시,202605,4010,편의점,1974510000,248959,353.0,국세청,가동사업자,5593512.747875354,705.2662889518414
강원특별자치도,춘천시,202605,4020,슈퍼마켓,2293290000,88811,120.0,국세청,가동사업자,19110750.0,740.0916666666667
강원특별자치도,춘천시,202605,8005,중국음식,417530000,14132,161.0,LOCALDATA,식품인허가 영업점,2593354.037267081,87.77639751552795
강원특별자치도,춘천시,202605,8301,제과점,294490000,22718,142.0,LOCALDATA,식품인허가 영업점,2073873.2394366197,159.98591549295776
강원특별자치도,춘천시,202606,4010,편의점,1871990000,239511,354.0,국세청,가동사업자,5288107.344632768,676.5847457627119
강원특별자치도,춘천시,202606,4020,슈퍼마켓,2112220000,81153,117.0,국세청,가동사업자,18053162.393162392,693.6153846153846
강원특별자치도,춘천시,202606,8005,중국음식,367840000,12552,161.0,LOCALDATA,식품인허가 영업점,2284720.49689441,77.96273291925466
강원특별자치도,춘천시,202606,8301,제과점,253390000,20477,145.0,LOCALDATA,식품인허가 영업점,1747517.2413793104,141.2206896551724
강원특별자치도,태백시,202601,4010,편의점,215200000,19984,56.0,국세청,가동사업자,3842857.1428571427,356.85714285714283
강원특별자치도,태백시,202601,4020,슈퍼마켓,153480000,5459,26.0,국세청,가동사업자,5903076.923076923,209.96153846153845
강원특별자치도,태백시,202601,8005,중국음식,38780000,1418,28.0,LOCALDATA,식품인허가 영업점,1385000.0,50.642857142857146
강원특별자치도,태백시,202601,8301,제과점,26820000,1674,12.0,LOCALDATA,식품인허가 영업점,2235000.0,139.5
강원특별자치도,태백시,202602,4010,편의점,199560000,19068,56.0,국세청,가동사업자,3563571.4285714286,340.5
강원특별자치도,태백시,202602,4020,슈퍼마켓,159880000,5362,26.0,국세청,가동사업자,6149230.769230769,206.23076923076923
강원특별자치도,태백시,202602,8005,중국음식,34460000,1259,28.0,LOCALDATA,식품인허가 영업점,1230714.2857142857,44.964285714285715
강원특별자치도,태백시,202602,8301,제과점,29960000,1736,12.0,LOCALDATA,식품인허가 영업점,2496666.6666666665,144.66666666666666
강원특별자치도,태백시,202603,4010,편의점,193610000,18514,56.0,국세청,가동사업자,3457321.4285714286,330.60714285714283
강원특별자치도,태백시,202603,4020,슈퍼마켓,134750000,5339,26.0,국세청,가동사업자,5182692.307692308,205.34615384615384
강원특별자치도,태백시,202603,8005,중국음식,34020000,1363,28.0,LOCALDATA,식품인허가 영업점,1215000.0,48.67857142857143
강원특별자치도,태백시,202603,8301,제과점,23730000,1400,12.0,LOCALDATA,식품인허가 영업점,1977500.0,116.66666666666667
강원특별자치도,태백시,202604,4010,편의점,201910000,20167,56.0,국세청,가동사업자,3605535.714285714,360.125
강원특별자치도,태백시,202604,4020,슈퍼마켓,140500000,5600,26.0,국세청,가동사업자,5403846.153846154,215.3846153846154
강원특별자치도,태백시,202604,8005,중국음식,33890000,1254,28.0,LOCALDATA,식품인허가 영업점,1210357.142857143,44.785714285714285
강원특별자치도,태백시,202604,8301,제과점,23900000,1472,12.0,LOCALDATA,식품인허가 영업점,1991666.6666666667,122.66666666666667
강원특별자치도,태백시,202605,4010,편의점,232920000,22705,56.0,국세청,가동사업자,4159285.714285714,405.44642857142856
강원특별자치도,태백시,202605,4020,슈퍼마켓,143190000,5858,26.0,국세청,가동사업자,5507307.692307692,225.30769230769232
강원특별자치도,태백시,202605,8005,중국음식,42170000,1529,28.0,LOCALDATA,식품인허가 영업점,1506071.4285714286,54.607142857142854
강원특별자치도,태백시,202605,8301,제과점,29470000,1725,12.0,LOCALDATA,식품인허가 영업점,2455833.3333333335,143.75
강원특별자치도,태백시,202606,4010,편의점,229740000,23001,56.0,국세청,가동사업자,4102500.0,410.73214285714283
강원특별자치도,태백시,202606,4020,슈퍼마켓,153720000,6033,26.0,국세청,가동사업자,5912307.692307692,232.03846153846155
강원특별자치도,태백시,202606,8005,중국음식,40410000,1498,28.0,LOCALDATA,식품인허가 영업점,1443214.2857142857,53.5
강원특별자치도,태백시,202606,8301,제과점,25750000,1465,12.0,LOCALDATA,식품인허가 영업점,2145833.3333333335,122.08333333333333
강원특별자치도,평창군,202601,4010,편의점,565130000,54153,80.0,국세청,가동사업자,7064125.0,676.9125
강원특별자치도,평창군,202601,4020,슈퍼마켓,282550000,12327,25.0,국세청,가동사업자,11302000.0,493.08
강원특별자치도,평창군,202601,8005,중국음식,61320000,1914,30.0,LOCALDATA,식품인허가 영업점,2044000.0,63.8
강원특별자치도,평창군,202601,8301,제과점,53050000,3871,26.0,LOCALDATA,식품인허가 영업점,2040384.6153846155,148.8846153846154
강원특별자치도,평창군,202602,4010,편의점,502230000,48904,79.0,국세청,가동사업자,6357341.772151899,619.0379746835443
강원특별자치도,평창군,202602,4020,슈퍼마켓,293630000,12658,25.0,국세청,가동사업자,11745200.0,506.32
강원특별자치도,평창군,202602,8005,중국음식,62190000,1845,30.0,LOCALDATA,식품인허가 영업점,2073000.0,61.5
강원특별자치도,평창군,202602,8301,제과점,54630000,3936,26.0,LOCALDATA,식품인허가 영업점,2101153.846153846,151.3846153846154
강원특별자치도,평창군,202603,4010,편의점,322950000,31640,79.0,국세청,가동사업자,4087974.6835443038,400.50632911392404
강원특별자치도,평창군,202603,4020,슈퍼마켓,196070000,10034,25.0,국세청,가동사업자,7842800.0,401.36
강원특별자치도,평창군,202603,8005,중국음식,47470000,1703,30.0,LOCALDATA,식품인허가 영업점,1582333.3333333333,56.766666666666666
강원특별자치도,평창군,202603,8301,제과점,37150000,2705,26.0,LOCALDATA,식품인허가 영업점,1428846.1538461538,104.03846153846153
강원특별자치도,평창군,202604,4010,편의점,338540000,33268,79.0,국세청,가동사업자,4285316.455696203,421.11392405063293
강원특별자치도,평창군,202604,4020,슈퍼마켓,211320000,11061,25.0,국세청,가동사업자,8452800.0,442.44
강원특별자치도,평창군,202604,8005,중국음식,49170000,1709,29.0,LOCALDATA,식품인허가 영업점,1695517.2413793104,58.93103448275862
강원특별자치도,평창군,202604,8301,제과점,40780000,3060,26.0,LOCALDATA,식품인허가 영업점,1568461.5384615385,117.6923076923077
강원특별자치도,평창군,202605,4010,편의점,426020000,41310,77.0,국세청,가동사업자,5532727.2727272725,536.4935064935065
강원특별자치도,평창군,202605,4020,슈퍼마켓,293500000,15597,26.0,국세청,가동사업자,11288461.538461538,599.8846153846154
강원특별자치도,평창군,202605,8005,중국음식,60680000,1975,29.0,LOCALDATA,식품인허가 영업점,2092413.7931034483,68.10344827586206
강원특별자치도,평창군,202605,8301,제과점,49760000,3699,26.0,LOCALDATA,식품인허가 영업점,1913846.1538461538,142.26923076923077
강원특별자치도,평창군,202606,4010,편의점,428680000,41121,77.0,국세청,가동사업자,5567272.7272727275,534.038961038961
강원특별자치도,평창군,202606,4020,슈퍼마켓,265660000,14218,26.0,국세청,가동사업자,10217692.307692308,546.8461538461538
강원특별자치도,평창군,202606,8005,중국음식,53590000,1854,29.0,LOCALDATA,식품인허가 영업점,1847931.0344827587,63.93103448275862
강원특별자치도,평창군,202606,8301,제과점,45560000,3401,27.0,LOCALDATA,식품인허가 영업점,1687407.4074074074,125.96296296296296
강원특별자치도,홍천군,202601,4010,편의점,420080000,41971,71.0,국세청,가동사업자,5916619.718309859,591.1408450704225
강원특별자치도,홍천군,202601,4020,슈퍼마켓,1004100000,49082,64.0,국세청,가동사업자,15689062.5,766.90625
강원특별자치도,홍천군,202601,8005,중국음식,106730000,3571,48.0,LOCALDATA,식품인허가 영업점,2223541.6666666665,74.39583333333333
강원특별자치도,홍천군,202601,8301,제과점,79730000,4035,27.0,LOCALDATA,식품인허가 영업점,2952962.962962963,149.44444444444446
강원특별자치도,홍천군,202602,4010,편의점,396140000,39757,71.0,국세청,가동사업자,5579436.6197183095,559.9577464788732
강원특별자치도,홍천군,202602,4020,슈퍼마켓,979870000,47360,64.0,국세청,가동사업자,15310468.75,740.0
강원특별자치도,홍천군,202602,8005,중국음식,95300000,3166,48.0,LOCALDATA,식품인허가 영업점,1985416.6666666667,65.95833333333333
강원특별자치도,홍천군,202602,8301,제과점,84420000,4069,27.0,LOCALDATA,식품인허가 영업점,3126666.6666666665,150.7037037037037
강원특별자치도,홍천군,202603,4010,편의점,398720000,39762,71.0,국세청,가동사업자,5615774.647887324,560.0281690140845
강원특별자치도,홍천군,202603,4020,슈퍼마켓,622340000,28395,64.0,국세청,가동사업자,9724062.5,443.671875
강원특별자치도,홍천군,202603,8005,중국음식,91920000,3368,48.0,LOCALDATA,식품인허가 영업점,1915000.0,70.16666666666667
강원특별자치도,홍천군,202603,8301,제과점,56920000,3295,27.0,LOCALDATA,식품인허가 영업점,2108148.1481481483,122.03703703703704
강원특별자치도,홍천군,202604,4010,편의점,425730000,43519,71.0,국세청,가동사업자,5996197.183098592,612.943661971831
강원특별자치도,홍천군,202604,4020,슈퍼마켓,689900000,32573,64.0,국세청,가동사업자,10779687.5,508.953125
강원특별자치도,홍천군,202604,8005,중국음식,89580000,3352,52.0,LOCALDATA,식품인허가 영업점,1722692.3076923077,64.46153846153847
강원특별자치도,홍천군,202604,8301,제과점,58510000,3563,27.0,LOCALDATA,식품인허가 영업점,2167037.037037037,131.96296296296296
강원특별자치도,홍천군,202605,4010,편의점,492590000,50593,71.0,국세청,가동사업자,6937887.3239436615,712.5774647887324
강원특별자치도,홍천군,202605,4020,슈퍼마켓,892660000,42743,64.0,국세청,가동사업자,13947812.5,667.859375
강원특별자치도,홍천군,202605,8005,중국음식,111330000,3808,51.0,LOCALDATA,식품인허가 영업점,2182941.1764705884,74.66666666666667
강원특별자치도,홍천군,202605,8301,제과점,72020000,4157,27.0,LOCALDATA,식품인허가 영업점,2667407.407407407,153.96296296296296
강원특별자치도,홍천군,202606,4010,편의점,467150000,48147,71.0,국세청,가동사업자,6579577.464788732,678.1267605633802
강원특별자치도,홍천군,202606,4020,슈퍼마켓,831480000,39134,63.0,국세청,가동사업자,13198095.238095239,621.1746031746031
강원특별자치도,홍천군,202606,8005,중국음식,88410000,3347,51.0,LOCALDATA,식품인허가 영업점,1733529.4117647058,65.62745098039215
강원특별자치도,홍천군,202606,8301,제과점,60080000,3504,27.0,LOCALDATA,식품인허가 영업점,2225185.185185185,129.77777777777777
강원특별자치도,화천군,202601,4010,편의점,195540000,18615,27.0,국세청,가동사업자,7242222.222222222,689.4444444444445
강원특별자치도,화천군,202601,4020,슈퍼마켓,159040000,7796,10.0,국세청,가동사업자,15904000.0,779.6
강원특별자치도,화천군,202601,8005,중국음식,60980000,2000,27.0,LOCALDATA,식품인허가 영업점,2258518.5185185187,74.07407407407408
강원특별자치도,화천군,202601,8301,제과점,22430000,1579,4.0,LOCALDATA,식품인허가 영업점,5607500.0,394.75
강원특별자치도,화천군,202602,4010,편의점,159820000,14930,28.0,국세청,가동사업자,5707857.142857143,533.2142857142857
강원특별자치도,화천군,202602,4020,슈퍼마켓,174130000,7346,9.0,국세청,가동사업자,19347777.777777776,816.2222222222222
강원특별자치도,화천군,202602,8005,중국음식,45520000,1524,27.0,LOCALDATA,식품인허가 영업점,1685925.9259259258,56.44444444444444
강원특별자치도,화천군,202602,8301,제과점,23360000,1304,4.0,LOCALDATA,식품인허가 영업점,5840000.0,326.0
강원특별자치도,화천군,202603,4010,편의점,183880000,17523,28.0,국세청,가동사업자,6567142.857142857,625.8214285714286
강원특별자치도,화천군,202603,4020,슈퍼마켓,140870000,7611,9.0,국세청,가동사업자,15652222.222222222,845.6666666666666
강원특별자치도,화천군,202603,8005,중국음식,55090000,1983,28.0,LOCALDATA,식품인허가 영업점,1967500.0,70.82142857142857
강원특별자치도,화천군,202603,8301,제과점,20750000,1467,4.0,LOCALDATA,식품인허가 영업점,5187500.0,366.75
강원특별자치도,화천군,202604,4010,편의점,198940000,19376,28.0,국세청,가동사업자,7105000.0,692.0
강원특별자치도,화천군,202604,4020,슈퍼마켓,153900000,8279,10.0,국세청,가동사업자,15390000.0,827.9
강원특별자치도,화천군,202604,8005,중국음식,57280000,2015,29.0,LOCALDATA,식품인허가 영업점,1975172.4137931035,69.48275862068965
강원특별자치도,화천군,202604,8301,제과점,22220000,1517,4.0,LOCALDATA,식품인허가 영업점,5555000.0,379.25
강원특별자치도,화천군,202605,4010,편의점,225510000,21294,28.0,국세청,가동사업자,8053928.571428572,760.5
강원특별자치도,화천군,202605,4020,슈퍼마켓,172730000,8804,10.0,국세청,가동사업자,17273000.0,880.4
강원특별자치도,화천군,202605,8005,중국음식,62780000,2126,29.0,LOCALDATA,식품인허가 영업점,2164827.5862068967,73.3103448275862
강원특별자치도,화천군,202605,8301,제과점,24880000,1649,4.0,LOCALDATA,식품인허가 영업점,6220000.0,412.25
강원특별자치도,화천군,202606,4010,편의점,217840000,20772,28.0,국세청,가동사업자,7780000.0,741.8571428571429
강원특별자치도,화천군,202606,4020,슈퍼마켓,156450000,8039,10.0,국세청,가동사업자,15645000.0,803.9
강원특별자치도,화천군,202606,8005,중국음식,55430000,1943,28.0,LOCALDATA,식품인허가 영업점,1979642.857142857,69.39285714285714
강원특별자치도,화천군,202606,8301,제과점,19870000,1406,4.0,LOCALDATA,식품인허가 영업점,4967500.0,351.5
강원특별자치도,횡성군,202601,4010,편의점,259160000,25084,54.0,국세청,가동사업자,4799259.259259259,464.51851851851853
강원특별자치도,횡성군,202601,4020,슈퍼마켓,608460000,27896,21.0,국세청,가동사업자,28974285.714285713,1328.3809523809523
강원특별자치도,횡성군,202601,8005,중국음식,56210000,1847,38.0,LOCALDATA,식품인허가 영업점,1479210.5263157894,48.60526315789474
강원특별자치도,횡성군,202601,8301,제과점,41500000,2287,11.0,LOCALDATA,식품인허가 영업점,3772727.272727273,207.9090909090909
강원특별자치도,횡성군,202602,4010,편의점,237910000,23226,54.0,국세청,가동사업자,4405740.740740741,430.1111111111111
강원특별자치도,횡성군,202602,4020,슈퍼마켓,644420000,28409,21.0,국세청,가동사업자,30686666.666666668,1352.8095238095239
강원특별자치도,횡성군,202602,8005,중국음식,53500000,1735,38.0,LOCALDATA,식품인허가 영업점,1407894.7368421052,45.6578947368421
강원특별자치도,횡성군,202602,8301,제과점,46720000,2256,11.0,LOCALDATA,식품인허가 영업점,4247272.7272727275,205.0909090909091
강원특별자치도,횡성군,202603,4010,편의점,226570000,22212,54.0,국세청,가동사업자,4195740.740740741,411.3333333333333
강원특별자치도,횡성군,202603,4020,슈퍼마켓,517320000,23178,21.0,국세청,가동사업자,24634285.714285713,1103.7142857142858
강원특별자치도,횡성군,202603,8005,중국음식,50950000,1868,37.0,LOCALDATA,식품인허가 영업점,1377027.027027027,50.486486486486484
강원특별자치도,횡성군,202603,8301,제과점,38570000,2078,11.0,LOCALDATA,식품인허가 영업점,3506363.6363636362,188.9090909090909
강원특별자치도,횡성군,202604,4010,편의점,243760000,24305,54.0,국세청,가동사업자,4514074.074074074,450.0925925925926
강원특별자치도,횡성군,202604,4020,슈퍼마켓,541080000,24695,20.0,국세청,가동사업자,27054000.0,1234.75
강원특별자치도,횡성군,202604,8005,중국음식,52500000,1904,37.0,LOCALDATA,식품인허가 영업점,1418918.9189189188,51.45945945945946
강원특별자치도,횡성군,202604,8301,제과점,41950000,2331,11.0,LOCALDATA,식품인허가 영업점,3813636.3636363638,211.9090909090909
강원특별자치도,횡성군,202605,4010,편의점,300170000,28608,54.0,국세청,가동사업자,5558703.703703703,529.7777777777778
강원특별자치도,횡성군,202605,4020,슈퍼마켓,652490000,31035,20.0,국세청,가동사업자,32624500.0,1551.75
강원특별자치도,횡성군,202605,8005,중국음식,61570000,2157,37.0,LOCALDATA,식품인허가 영업점,1664054.054054054,58.2972972972973
강원특별자치도,횡성군,202605,8301,제과점,55540000,3107,11.0,LOCALDATA,식품인허가 영업점,5049090.909090909,282.45454545454544
강원특별자치도,횡성군,202606,4010,편의점,280240000,26919,53.0,국세청,가동사업자,5287547.1698113205,507.9056603773585
강원특별자치도,횡성군,202606,4020,슈퍼마켓,584660000,27462,20.0,국세청,가동사업자,29233000.0,1373.1
강원특별자치도,횡성군,202606,8005,중국음식,51350000,1837,37.0,LOCALDATA,식품인허가 영업점,1387837.8378378379,49.648648648648646
강원특별자치도,횡성군,202606,8301,제과점,47650000,2696,11.0,LOCALDATA,식품인허가 영업점,4331818.181818182,245.0909090909091
경기도,가평군,202601,4010,편의점,501030000,49397,129.0,국세청,가동사업자,3883953.488372093,382.92248062015506
경기도,가평군,202601,4020,슈퍼마켓,774160000,24002,61.0,국세청,가동사업자,12691147.540983606,393.4754098360656
경기도,가평군,202601,8005,중국음식,91690000,3092,44.0,LOCALDATA,식품인허가 영업점,2083863.6363636365,70.27272727272727
경기도,가평군,202601,8301,제과점,82750000,4877,21.0,LOCALDATA,식품인허가 영업점,3940476.1904761903,232.23809523809524
경기도,가평군,202602,4010,편의점,529420000,50351,130.0,국세청,가동사업자,4072461.5384615385,387.31538461538463
경기도,가평군,202602,4020,슈퍼마켓,813400000,23909,61.0,국세청,가동사업자,13334426.229508197,391.95081967213116
경기도,가평군,202602,8005,중국음식,90130000,3146,45.0,LOCALDATA,식품인허가 영업점,2002888.888888889,69.91111111111111
경기도,가평군,202602,8301,제과점,94070000,5407,21.0,LOCALDATA,식품인허가 영업점,4479523.80952381,257.4761904761905
경기도,가평군,202603,4010,편의점,576400000,56574,131.0,국세청,가동사업자,4400000.0,431.8625954198473
경기도,가평군,202603,4020,슈퍼마켓,749670000,25420,60.0,국세청,가동사업자,12494500.0,423.6666666666667
경기도,가평군,202603,8005,중국음식,100870000,3693,45.0,LOCALDATA,식품인허가 영업점,2241555.5555555555,82.06666666666666
경기도,가평군,202603,8301,제과점,85780000,5198,21.0,LOCALDATA,식품인허가 영업점,4084761.904761905,247.52380952380952
경기도,가평군,202604,4010,편의점,624000000,64707,129.0,국세청,가동사업자,4837209.302325581,501.6046511627907
경기도,가평군,202604,4020,슈퍼마켓,846790000,27784,60.0,국세청,가동사업자,14113166.666666666,463.06666666666666
경기도,가평군,202604,8005,중국음식,105850000,3776,45.0,LOCALDATA,식품인허가 영업점,2352222.222222222,83.91111111111111
경기도,가평군,202604,8301,제과점,96140000,5914,21.0,LOCALDATA,식품인허가 영업점,4578095.238095238,281.6190476190476
경기도,가평군,202605,4010,편의점,753160000,75828,129.0,국세청,가동사업자,5838449.6124031,587.8139534883721
경기도,가평군,202605,4020,슈퍼마켓,1034880000,32321,59.0,국세청,가동사업자,17540338.98305085,547.8135593220339
경기도,가평군,202605,8005,중국음식,125820000,4253,45.0,LOCALDATA,식품인허가 영업점,2796000.0,94.5111111111111
경기도,가평군,202605,8301,제과점,113570000,6778,21.0,LOCALDATA,식품인허가 영업점,5408095.238095238,322.76190476190476
경기도,가평군,202606,4010,편의점,707730000,69138,128.0,국세청,가동사업자,5529140.625,540.140625
경기도,가평군,202606,4020,슈퍼마켓,993790000,29460,59.0,국세청,가동사업자,16843898.305084746,499.3220338983051
경기도,가평군,202606,8005,중국음식,106620000,3663,45.0,LOCALDATA,식품인허가 영업점,2369333.3333333335,81.4
경기도,가평군,202606,8301,제과점,93260000,5712,21.0,LOCALDATA,식품인허가 영업점,4440952.380952381,272.0
경기도,고양시 덕양구,202601,4010,편의점,2562990000,313279,402.0,국세청,가동사업자,6375597.014925373,779.3009950248756
경기도,고양시 덕양구,202601,4020,슈퍼마켓,2273140000,114215,213.0,국세청,가동사업자,10672018.779342722,536.2206572769953
경기도,고양시 덕양구,202601,8005,중국음식,510630000,18304,182.0,LOCALDATA,식품인허가 영업점,2805659.340659341,100.57142857142857
경기도,고양시 덕양구,202601,8301,제과점,601500000,51090,173.0,LOCALDATA,식품인허가 영업점,3476878.612716763,295.3179190751445
경기도,고양시 덕양구,202602,4010,편의점,2398980000,289650,404.0,국세청,가동사업자,5938069.306930693,716.9554455445544
경기도,고양시 덕양구,202602,4020,슈퍼마켓,2213390000,106201,213.0,국세청,가동사업자,10391502.34741784,498.5962441314554
경기도,고양시 덕양구,202602,8005,중국음식,491510000,17053,184.0,LOCALDATA,식품인허가 영업점,2671250.0,92.67934782608695
경기도,고양시 덕양구,202602,8301,제과점,602130000,50361,172.0,LOCALDATA,식품인허가 영업점,3500755.8139534886,292.79651162790697
경기도,고양시 덕양구,202603,4010,편의점,2786280000,344052,401.0,국세청,가동사업자,6948329.177057357,857.9850374064838
경기도,고양시 덕양구,202603,4020,슈퍼마켓,2203600000,119011,215.0,국세청,가동사업자,10249302.325581396,553.5395348837209
경기도,고양시 덕양구,202603,8005,중국음식,529610000,19712,185.0,LOCALDATA,식품인허가 영업점,2862756.756756757,106.55135135135136
경기도,고양시 덕양구,202603,8301,제과점,661580000,55882,174.0,LOCALDATA,식품인허가 영업점,3802183.908045977,321.1609195402299
경기도,고양시 덕양구,202604,4010,편의점,2634730000,348901,401.0,국세청,가동사업자,6570399.002493765,870.0773067331671
경기도,고양시 덕양구,202604,4020,슈퍼마켓,2105840000,115315,212.0,국세청,가동사업자,9933207.547169812,543.938679245283
경기도,고양시 덕양구,202604,8005,중국음식,484370000,18676,187.0,LOCALDATA,식품인허가 영업점,2590213.9037433155,99.8716577540107
경기도,고양시 덕양구,202604,8301,제과점,567580000,51914,174.0,LOCALDATA,식품인허가 영업점,3261954.0229885057,298.35632183908046
경기도,고양시 덕양구,202605,4010,편의점,2836220000,358888,398.0,국세청,가동사업자,7126180.904522613,901.7286432160804
경기도,고양시 덕양구,202605,4020,슈퍼마켓,2211300000,116966,213.0,국세청,가동사업자,10381690.14084507,549.1361502347418
경기도,고양시 덕양구,202605,8005,중국음식,548030000,19422,188.0,LOCALDATA,식품인허가 영업점,2915053.1914893617,103.30851063829788
경기도,고양시 덕양구,202605,8301,제과점,624830000,52058,175.0,LOCALDATA,식품인허가 영업점,3570457.1428571427,297.4742857142857
경기도,고양시 덕양구,202606,4010,편의점,2767500000,357368,394.0,국세청,가동사업자,7024111.675126904,907.0253807106599
경기도,고양시 덕양구,202606,4020,슈퍼마켓,2103710000,112600,216.0,국세청,가동사업자,9739398.148148147,521.2962962962963
경기도,고양시 덕양구,202606,8005,중국음식,471100000,17949,186.0,LOCALDATA,식품인허가 영업점,2532795.698924731,96.5
경기도,고양시 덕양구,202606,8301,제과점,526750000,47209,178.0,LOCALDATA,식품인허가 영업점,2959269.662921348,265.2191011235955
경기도,고양시 일산동구,202601,4010,편의점,2462730000,267548,294.0,국세청,가동사업자,8376632.653061224,910.0272108843537
경기도,고양시 일산동구,202601,4020,슈퍼마켓,1986700000,69298,135.0,국세청,가동사업자,14716296.296296297,513.3185185185185
경기도,고양시 일산동구,202601,8005,중국음식,458110000,13757,120.0,LOCALDATA,식품인허가 영업점,3817583.3333333335,114.64166666666667
경기도,고양시 일산동구,202601,8301,제과점,373190000,29332,134.0,LOCALDATA,식품인허가 영업점,2785000.0,218.8955223880597
경기도,고양시 일산동구,202602,4010,편의점,2236110000,244181,292.0,국세청,가동사업자,7657910.95890411,836.236301369863
경기도,고양시 일산동구,202602,4020,슈퍼마켓,1982560000,63688,133.0,국세청,가동사업자,14906466.165413534,478.85714285714283
경기도,고양시 일산동구,202602,8005,중국음식,405280000,12395,120.0,LOCALDATA,식품인허가 영업점,3377333.3333333335,103.29166666666667
경기도,고양시 일산동구,202602,8301,제과점,371210000,28707,133.0,LOCALDATA,식품인허가 영업점,2791052.6315789474,215.8421052631579
경기도,고양시 일산동구,202603,4010,편의점,2559400000,286903,291.0,국세청,가동사업자,8795189.003436426,985.9209621993127
경기도,고양시 일산동구,202603,4020,슈퍼마켓,1910750000,73814,135.0,국세청,가동사업자,14153703.703703703,546.7703703703704
경기도,고양시 일산동구,202603,8005,중국음식,433130000,13626,120.0,LOCALDATA,식품인허가 영업점,3609416.6666666665,113.55
경기도,고양시 일산동구,202603,8301,제과점,401330000,32726,132.0,LOCALDATA,식품인허가 영업점,3040378.787878788,247.92424242424244
경기도,고양시 일산동구,202604,4010,편의점,2425840000,286949,292.0,국세청,가동사업자,8307671.232876712,982.7020547945206
경기도,고양시 일산동구,202604,4020,슈퍼마켓,1842450000,72846,137.0,국세청,가동사업자,13448540.145985402,531.7226277372263
경기도,고양시 일산동구,202604,8005,중국음식,393120000,12941,122.0,LOCALDATA,식품인허가 영업점,3222295.081967213,106.07377049180327
경기도,고양시 일산동구,202604,8301,제과점,369360000,32339,133.0,LOCALDATA,식품인허가 영업점,2777142.8571428573,243.15037593984962
경기도,고양시 일산동구,202605,4010,편의점,2663590000,301216,289.0,국세청,가동사업자,9216574.394463668,1042.2698961937717
경기도,고양시 일산동구,202605,4020,슈퍼마켓,1973030000,76240,136.0,국세청,가동사업자,14507573.529411765,560.5882352941177
경기도,고양시 일산동구,202605,8005,중국음식,459190000,13635,121.0,LOCALDATA,식품인허가 영업점,3794958.6776859504,112.68595041322314
경기도,고양시 일산동구,202605,8301,제과점,398240000,33043,131.0,LOCALDATA,식품인허가 영업점,3040000.0,252.23664122137404
경기도,고양시 일산동구,202606,4010,편의점,2585700000,298803,287.0,국세청,가동사업자,9009407.665505227,1041.1254355400697
경기도,고양시 일산동구,202606,4020,슈퍼마켓,1936330000,76236,137.0,국세청,가동사업자,14133795.620437955,556.4671532846716
경기도,고양시 일산동구,202606,8005,중국음식,378970000,12378,122.0,LOCALDATA,식품인허가 영업점,3106311.475409836,101.45901639344262
경기도,고양시 일산동구,202606,8301,제과점,347790000,29883,134.0,LOCALDATA,식품인허가 영업점,2595447.76119403,223.00746268656715
경기도,고양시 일산서구,202601,4010,편의점,1267810000,158715,194.0,국세청,가동사업자,6535103.092783505,818.1185567010309
경기도,고양시 일산서구,202601,4020,슈퍼마켓,1786240000,79305,108.0,국세청,가동사업자,16539259.25925926,734.3055555555555
경기도,고양시 일산서구,202601,8005,중국음식,261390000,9431,84.0,LOCALDATA,식품인허가 영업점,3111785.714285714,112.27380952380952
경기도,고양시 일산서구,202601,8301,제과점,366060000,28875,84.0,LOCALDATA,식품인허가 영업점,4357857.142857143,343.75
경기도,고양시 일산서구,202602,4010,편의점,1218020000,151439,193.0,국세청,가동사업자,6310984.455958549,784.6580310880829
경기도,고양시 일산서구,202602,4020,슈퍼마켓,1771110000,75313,108.0,국세청,가동사업자,16399166.666666666,697.3425925925926
경기도,고양시 일산서구,202602,8005,중국음식,244800000,8537,84.0,LOCALDATA,식품인허가 영업점,2914285.714285714,101.63095238095238
경기도,고양시 일산서구,202602,8301,제과점,377360000,28444,87.0,LOCALDATA,식품인허가 영업점,4337471.264367816,326.9425287356322
경기도,고양시 일산서구,202603,4010,편의점,1455230000,182500,194.0,국세청,가동사업자,7501185.56701031,940.7216494845361
경기도,고양시 일산서구,202603,4020,슈퍼마켓,1707450000,83381,104.0,국세청,가동사업자,16417788.461538462,801.7403846153846
경기도,고양시 일산서구,202603,8005,중국음식,258030000,9430,85.0,LOCALDATA,식품인허가 영업점,3035647.0588235296,110.94117647058823
경기도,고양시 일산서구,202603,8301,제과점,393410000,31442,86.0,LOCALDATA,식품인허가 영업점,4574534.883720931,365.6046511627907
경기도,고양시 일산서구,202604,4010,편의점,1385990000,185216,196.0,국세청,가동사업자,7071377.551020408,944.9795918367347
경기도,고양시 일산서구,202604,4020,슈퍼마켓,1614570000,79414,104.0,국세청,가동사업자,15524711.538461538,763.5961538461538
경기도,고양시 일산서구,202604,8005,중국음식,241420000,9172,85.0,LOCALDATA,식품인허가 영업점,2840235.294117647,107.90588235294118
경기도,고양시 일산서구,202604,8301,제과점,372100000,32165,87.0,LOCALDATA,식품인허가 영업점,4277011.494252874,369.71264367816093
경기도,고양시 일산서구,202605,4010,편의점,1506960000,198053,198.0,국세청,가동사업자,7610909.090909091,1000.2676767676768
경기도,고양시 일산서구,202605,4020,슈퍼마켓,1686090000,81506,103.0,국세청,가동사업자,16369805.825242719,791.3203883495146
경기도,고양시 일산서구,202605,8005,중국음식,282750000,9727,85.0,LOCALDATA,식품인허가 영업점,3326470.588235294,114.43529411764706
경기도,고양시 일산서구,202605,8301,제과점,390850000,31260,87.0,LOCALDATA,식품인허가 영업점,4492528.735632184,359.3103448275862
경기도,고양시 일산서구,202606,4010,편의점,1428100000,185819,197.0,국세청,가동사업자,7249238.578680203,943.243654822335
경기도,고양시 일산서구,202606,4020,슈퍼마켓,1587720000,77774,105.0,국세청,가동사업자,15121142.857142856,740.7047619047619
경기도,고양시 일산서구,202606,8005,중국음식,233860000,8784,84.0,LOCALDATA,식품인허가 영업점,2784047.619047619,104.57142857142857
경기도,고양시 일산서구,202606,8301,제과점,326120000,28466,88.0,LOCALDATA,식품인허가 영업점,3705909.090909091,323.47727272727275
경기도,과천시,202601,4010,편의점,422180000,64683,75.0,국세청,가동사업자,5629066.666666667,862.44
경기도,과천시,202601,4020,슈퍼마켓,224320000,10724,35.0,국세청,가동사업자,6409142.857142857,306.4
경기도,과천시,202601,8005,중국음식,81490000,3286,23.0,LOCALDATA,식품인허가 영업점,3543043.4782608696,142.8695652173913
경기도,과천시,202601,8301,제과점,102980000,8011,26.0,LOCALDATA,식품인허가 영업점,3960769.230769231,308.11538461538464
경기도,과천시,202602,4010,편의점,396410000,58974,75.0,국세청,가동사업자,5285466.666666667,786.32
경기도,과천시,202602,4020,슈퍼마켓,229440000,10824,35.0,국세청,가동사업자,6555428.571428572,309.25714285714287
경기도,과천시,202602,8005,중국음식,65340000,2540,23.0,LOCALDATA,식품인허가 영업점,2840869.565217391,110.43478260869566
경기도,과천시,202602,8301,제과점,112060000,7906,26.0,LOCALDATA,식품인허가 영업점,4310000.0,304.0769230769231
경기도,과천시,202603,4010,편의점,489760000,77794,74.0,국세청,가동사업자,6618378.378378378,1051.2702702702702
경기도,과천시,202603,4020,슈퍼마켓,243540000,12803,34.0,국세청,가동사업자,7162941.176470588,376.55882352941177
경기도,과천시,202603,8005,중국음식,81040000,3210,22.0,LOCALDATA,식품인허가 영업점,3683636.3636363638,145.9090909090909
경기도,과천시,202603,8301,제과점,124930000,9279,26.0,LOCALDATA,식품인허가 영업점,4805000.0,356.88461538461536
경기도,과천시,202604,4010,편의점,533490000,90083,74.0,국세청,가동사업자,7209324.324324325,1217.337837837838
경기도,과천시,202604,4020,슈퍼마켓,226990000,11413,33.0,국세청,가동사업자,6878484.848484849,345.8484848484849
경기도,과천시,202604,8005,중국음식,72630000,3120,23.0,LOCALDATA,식품인허가 영업점,3157826.086956522,135.65217391304347
경기도,과천시,202604,8301,제과점,122400000,10274,26.0,LOCALDATA,식품인허가 영업점,4707692.307692308,395.15384615384613
경기도,과천시,202605,4010,편의점,559970000,93024,75.0,국세청,가동사업자,7466266.666666667,1240.32
경기도,과천시,202605,4020,슈퍼마켓,225600000,11570,32.0,국세청,가동사업자,7050000.0,361.5625
경기도,과천시,202605,8005,중국음식,83680000,3171,23.0,LOCALDATA,식품인허가 영업점,3638260.8695652173,137.8695652173913
경기도,과천시,202605,8301,제과점,121790000,9450,26.0,LOCALDATA,식품인허가 영업점,4684230.769230769,363.46153846153845
경기도,과천시,202606,4010,편의점,512090000,82551,76.0,국세청,가동사업자,6738026.315789473,1086.1973684210527
경기도,과천시,202606,4020,슈퍼마켓,231690000,11829,32.0,국세청,가동사업자,7240312.5,369.65625
경기도,과천시,202606,8005,중국음식,75640000,3119,23.0,LOCALDATA,식품인허가 영업점,3288695.652173913,135.6086956521739
경기도,과천시,202606,8301,제과점,110510000,9257,27.0,LOCALDATA,식품인허가 영업점,4092962.962962963,342.85185185185185
경기도,광명시,202601,4010,편의점,1665220000,213298,183.0,국세청,가동사업자,9099562.841530055,1165.5628415300546
경기도,광명시,202601,4020,슈퍼마켓,1002720000,66361,126.0,국세청,가동사업자,7958095.238095238,526.6746031746031
경기도,광명시,202601,8005,중국음식,348340000,12659,78.0,LOCALDATA,식품인허가 영업점,4465897.435897436,162.2948717948718
경기도,광명시,202601,8301,제과점,356070000,30770,84.0,LOCALDATA,식품인허가 영업점,4238928.571428572,366.3095238095238
경기도,광명시,202602,4010,편의점,1583710000,200394,189.0,국세청,가동사업자,8379417.98941799,1060.2857142857142
경기도,광명시,202602,4020,슈퍼마켓,974220000,61910,127.0,국세청,가동사업자,7671023.622047244,487.4803149606299
경기도,광명시,202602,8005,중국음식,304340000,11064,78.0,LOCALDATA,식품인허가 영업점,3901794.871794872,141.84615384615384
경기도,광명시,202602,8301,제과점,359810000,29791,85.0,LOCALDATA,식품인허가 영업점,4233058.823529412,350.4823529411765
경기도,광명시,202603,4010,편의점,1767680000,225549,185.0,국세청,가동사업자,9555027.027027028,1219.1837837837838
경기도,광명시,202603,4020,슈퍼마켓,952620000,68349,124.0,국세청,가동사업자,7682419.354838709,551.2016129032259
경기도,광명시,202603,8005,중국음식,330440000,12363,78.0,LOCALDATA,식품인허가 영업점,4236410.256410256,158.5
경기도,광명시,202603,8301,제과점,379910000,32830,87.0,LOCALDATA,식품인허가 영업점,4366781.609195402,377.35632183908046
경기도,광명시,202604,4010,편의점,1690480000,229582,187.0,국세청,가동사업자,9040000.0,1227.711229946524
경기도,광명시,202604,4020,슈퍼마켓,924080000,67243,123.0,국세청,가동사업자,7512845.528455284,546.6910569105692
경기도,광명시,202604,8005,중국음식,326210000,12420,78.0,LOCALDATA,식품인허가 영업점,4182179.487179487,159.23076923076923
경기도,광명시,202604,8301,제과점,381090000,35241,87.0,LOCALDATA,식품인허가 영업점,4380344.827586207,405.0689655172414
경기도,광명시,202605,4010,편의점,1802610000,234938,186.0,국세청,가동사업자,9691451.612903226,1263.1075268817203
경기도,광명시,202605,4020,슈퍼마켓,936350000,65877,122.0,국세청,가동사업자,7675000.0,539.9754098360655
경기도,광명시,202605,8005,중국음식,348690000,12584,78.0,LOCALDATA,식품인허가 영업점,4470384.615384615,161.33333333333334
경기도,광명시,202605,8301,제과점,372470000,32429,88.0,LOCALDATA,식품인허가 영업점,4232613.636363637,368.5113636363636
경기도,광명시,202606,4010,편의점,1744590000,231807,186.0,국세청,가동사업자,9379516.129032258,1246.274193548387
경기도,광명시,202606,4020,슈퍼마켓,966300000,69847,124.0,국세청,가동사업자,7792741.935483871,563.2822580645161
경기도,광명시,202606,8005,중국음식,314520000,11741,78.0,LOCALDATA,식품인허가 영업점,4032307.6923076925,150.52564102564102
경기도,광명시,202606,8301,제과점,314470000,29176,88.0,LOCALDATA,식품인허가 영업점,3573522.727272727,331.54545454545456
경기도,광주시,202601,4010,편의점,3076710000,322137,429.0,국세청,가동사업자,7171818.181818182,750.9020979020979
경기도,광주시,202601,4020,슈퍼마켓,5271550000,209139,229.0,국세청,가동사업자,23019868.99563319,913.2707423580786
경기도,광주시,202601,8005,중국음식,504410000,17506,160.0,LOCALDATA,식품인허가 영업점,3152562.5,109.4125
경기도,광주시,202601,8301,제과점,322660000,24040,83.0,LOCALDATA,식품인허가 영업점,3887469.879518072,289.6385542168675
경기도,광주시,202602,4010,편의점,2820480000,294371,432.0,국세청,가동사업자,6528888.888888889,681.4143518518518
경기도,광주시,202602,4020,슈퍼마켓,5249600000,195780,233.0,국세청,가동사업자,22530472.10300429,840.2575107296137
경기도,광주시,202602,8005,중국음식,463540000,15663,161.0,LOCALDATA,식품인허가 영업점,2879130.434782609,97.28571428571429
경기도,광주시,202602,8301,제과점,318220000,22845,84.0,LOCALDATA,식품인허가 영업점,3788333.3333333335,271.9642857142857
경기도,광주시,202603,4010,편의점,3181530000,341205,429.0,국세청,가동사업자,7416153.846153846,795.3496503496503
경기도,광주시,202603,4020,슈퍼마켓,5011420000,214813,228.0,국세청,가동사업자,21979912.280701753,942.1622807017544
경기도,광주시,202603,8005,중국음식,500150000,17895,157.0,LOCALDATA,식품인허가 영업점,3185668.7898089173,113.98089171974522
경기도,광주시,202603,8301,제과점,353220000,26025,85.0,LOCALDATA,식품인허가 영업점,4155529.411764706,306.1764705882353
경기도,광주시,202604,4010,편의점,3217880000,358854,430.0,국세청,가동사업자,7483441.860465116,834.5441860465116
경기도,광주시,202604,4020,슈퍼마켓,4840940000,207965,231.0,국세청,가동사업자,20956450.216450218,900.2813852813853
경기도,광주시,202604,8005,중국음식,473430000,17355,157.0,LOCALDATA,식품인허가 영업점,3015477.7070063693,110.54140127388536
경기도,광주시,202604,8301,제과점,327460000,26392,86.0,LOCALDATA,식품인허가 영업점,3807674.418604651,306.8837209302326
경기도,광주시,202605,4010,편의점,3439320000,373509,430.0,국세청,가동사업자,7998418.604651162,868.6255813953488
경기도,광주시,202605,4020,슈퍼마켓,5074340000,214311,229.0,국세청,가동사업자,22158689.95633188,935.8558951965066
경기도,광주시,202605,8005,중국음식,526590000,18440,157.0,LOCALDATA,식품인허가 영업점,3354076.433121019,117.45222929936305
경기도,광주시,202605,8301,제과점,348120000,26560,85.0,LOCALDATA,식품인허가 영업점,4095529.411764706,312.47058823529414
경기도,광주시,202606,4010,편의점,3377430000,372093,424.0,국세청,가동사업자,7965636.79245283,877.5778301886793
경기도,광주시,202606,4020,슈퍼마켓,4919410000,205272,230.0,국세청,가동사업자,21388739.13043478,892.4869565217391
경기도,광주시,202606,8005,중국음식,458110000,16836,157.0,LOCALDATA,식품인허가 영업점,2917898.0891719745,107.23566878980891
경기도,광주시,202606,8301,제과점,298420000,24086,86.0,LOCALDATA,식품인허가 영업점,3470000.0,280.06976744186045
경기도,구리시,202601,4010,편의점,1116010000,139336,170.0,국세청,가동사업자,6564764.705882353,819.6235294117647
경기도,구리시,202601,4020,슈퍼마켓,1517760000,70308,86.0,국세청,가동사업자,17648372.093023255,817.5348837209302
경기도,구리시,202601,8005,중국음식,221760000,8195,77.0,LOCALDATA,식품인허가 영업점,2880000.0,106.42857142857143
경기도,구리시,202601,8301,제과점,158750000,14275,57.0,LOCALDATA,식품인허가 영업점,2785087.7192982454,250.43859649122808
경기도,구리시,202602,4010,편의점,1030010000,127532,169.0,국세청,가동사업자,6094733.727810651,754.6272189349113
경기도,구리시,202602,4020,슈퍼마켓,1439430000,62782,86.0,국세청,가동사업자,16737558.139534883,730.0232558139535
경기도,구리시,202602,8005,중국음식,198740000,7460,75.0,LOCALDATA,식품인허가 영업점,2649866.6666666665,99.46666666666667
경기도,구리시,202602,8301,제과점,161730000,13943,56.0,LOCALDATA,식품인허가 영업점,2888035.714285714,248.98214285714286
경기도,구리시,202603,4010,편의점,1183130000,149571,169.0,국세청,가동사업자,7000769.230769231,885.0355029585799
경기도,구리시,202603,4020,슈퍼마켓,1381800000,68611,86.0,국세청,가동사업자,16067441.860465117,797.8023255813954
경기도,구리시,202603,8005,중국음식,219140000,8468,75.0,LOCALDATA,식품인허가 영업점,2921866.6666666665,112.90666666666667
경기도,구리시,202603,8301,제과점,195100000,16656,55.0,LOCALDATA,식품인허가 영업점,3547272.727272727,302.8363636363636
경기도,구리시,202604,4010,편의점,1153100000,152006,168.0,국세청,가동사업자,6863690.476190476,904.797619047619
경기도,구리시,202604,4020,슈퍼마켓,1376430000,68426,82.0,국세청,가동사업자,16785731.707317073,834.4634146341464
경기도,구리시,202604,8005,중국음식,204130000,8167,75.0,LOCALDATA,식품인허가 영업점,2721733.3333333335,108.89333333333333
경기도,구리시,202604,8301,제과점,173100000,16696,55.0,LOCALDATA,식품인허가 영업점,3147272.727272727,303.56363636363636
경기도,구리시,202605,4010,편의점,1260250000,161444,169.0,국세청,가동사업자,7457100.591715977,955.2899408284023
경기도,구리시,202605,4020,슈퍼마켓,1397220000,67710,82.0,국세청,가동사업자,17039268.292682927,825.7317073170732
경기도,구리시,202605,8005,중국음식,235540000,8739,75.0,LOCALDATA,식품인허가 영업점,3140533.3333333335,116.52
경기도,구리시,202605,8301,제과점,189890000,16785,55.0,LOCALDATA,식품인허가 영업점,3452545.4545454546,305.1818181818182
경기도,구리시,202606,4010,편의점,1225600000,158704,167.0,국세청,가동사업자,7338922.155688623,950.3233532934132
경기도,구리시,202606,4020,슈퍼마켓,1331220000,66081,84.0,국세청,가동사업자,15847857.142857144,786.6785714285714
경기도,구리시,202606,8005,중국음식,204750000,8103,75.0,LOCALDATA,식품인허가 영업점,2730000.0,108.04
경기도,구리시,202606,8301,제과점,152240000,14663,58.0,LOCALDATA,식품인허가 영업점,2624827.5862068967,252.81034482758622
경기도,군포시,202601,4010,편의점,1493190000,193187,199.0,국세청,가동사업자,7503467.336683417,970.7889447236181
경기도,군포시,202601,4020,슈퍼마켓,1101590000,74393,127.0,국세청,가동사업자,8673937.007874016,585.7716535433071
경기도,군포시,202601,8005,중국음식,316810000,12418,108.0,LOCALDATA,식품인허가 영업점,2933425.925925926,114.98148148148148
경기도,군포시,202601,8301,제과점,335030000,32311,79.0,LOCALDATA,식품인허가 영업점,4240886.075949367,409.0
경기도,군포시,202602,4010,편의점,1412370000,179957,199.0,국세청,가동사업자,7097336.683417086,904.3065326633166
경기도,군포시,202602,4020,슈퍼마켓,1175710000,73520,124.0,국세청,가동사업자,9481532.258064516,592.9032258064516
경기도,군포시,202602,8005,중국음식,291150000,11603,108.0,LOCALDATA,식품인허가 영업점,2695833.3333333335,107.43518518518519
경기도,군포시,202602,8301,제과점,344310000,32010,79.0,LOCALDATA,식품인허가 영업점,4358354.4303797465,405.1898734177215
경기도,군포시,202603,4010,편의점,1617170000,210322,205.0,국세청,가동사업자,7888634.146341464,1025.9609756097561
경기도,군포시,202603,4020,슈퍼마켓,1106280000,80320,121.0,국세청,가동사업자,9142809.917355372,663.801652892562
경기도,군포시,202603,8005,중국음식,320600000,13186,108.0,LOCALDATA,식품인허가 영업점,2968518.5185185187,122.0925925925926
경기도,군포시,202603,8301,제과점,360480000,34820,78.0,LOCALDATA,식품인허가 영업점,4621538.461538462,446.4102564102564
경기도,군포시,202604,4010,편의점,1596120000,216945,202.0,국세청,가동사업자,7901584.158415842,1073.9851485148515
경기도,군포시,202604,4020,슈퍼마켓,1083000000,79268,119.0,국세청,가동사업자,9100840.336134454,666.1176470588235
경기도,군포시,202604,8005,중국음식,308540000,12830,108.0,LOCALDATA,식품인허가 영업점,2856851.8518518517,118.79629629629629
경기도,군포시,202604,8301,제과점,342430000,35356,79.0,LOCALDATA,식품인허가 영업점,4334556.962025316,447.54430379746833
경기도,군포시,202605,4010,편의점,1676410000,219889,202.0,국세청,가동사업자,8299059.405940594,1088.5594059405942
경기도,군포시,202605,4020,슈퍼마켓,1132060000,79684,117.0,국세청,가동사업자,9675726.495726496,681.0598290598291
경기도,군포시,202605,8005,중국음식,321840000,12838,108.0,LOCALDATA,식품인허가 영업점,2980000.0,118.87037037037037
경기도,군포시,202605,8301,제과점,353600000,34392,79.0,LOCALDATA,식품인허가 영업점,4475949.3670886075,435.34177215189874
경기도,군포시,202606,4010,편의점,1650530000,219744,200.0,국세청,가동사업자,8252650.0,1098.72
경기도,군포시,202606,4020,슈퍼마켓,1089330000,78455,117.0,국세청,가동사업자,9310512.82051282,670.5555555555555
경기도,군포시,202606,8005,중국음식,284900000,11721,108.0,LOCALDATA,식품인허가 영업점,2637962.962962963,108.52777777777777
경기도,군포시,202606,8301,제과점,302230000,31215,77.0,LOCALDATA,식품인허가 영업점,3925064.935064935,405.38961038961037
경기도,김포시,202601,4010,편의점,3763160000,408987,496.0,국세청,가동사업자,7587016.129032258,824.570564516129
경기도,김포시,202601,4020,슈퍼마켓,4796540000,181723,281.0,국세청,가동사업자,17069537.366548043,646.7010676156584
경기도,김포시,202601,8005,중국음식,674120000,23436,205.0,LOCALDATA,식품인허가 영업점,3288390.2439024393,114.3219512195122
경기도,김포시,202601,8301,제과점,597120000,46903,155.0,LOCALDATA,식품인허가 영업점,3852387.0967741935,302.6
경기도,김포시,202602,4010,편의점,3495420000,377173,493.0,국세청,가동사업자,7090101.419878297,765.0567951318459
경기도,김포시,202602,4020,슈퍼마켓,4795180000,172280,289.0,국세청,가동사업자,16592318.339100346,596.1245674740485
경기도,김포시,202602,8005,중국음식,623660000,21688,205.0,LOCALDATA,식품인허가 영업점,3042243.9024390243,105.79512195121951
경기도,김포시,202602,8301,제과점,589300000,44569,156.0,LOCALDATA,식품인허가 영업점,3777564.1025641025,285.69871794871796
경기도,김포시,202603,4010,편의점,4067910000,444015,494.0,국세청,가동사업자,8234635.627530364,898.8157894736842
경기도,김포시,202603,4020,슈퍼마켓,4593180000,188782,293.0,국세청,가동사업자,15676382.252559727,644.3071672354948
경기도,김포시,202603,8005,중국음식,678820000,24668,205.0,LOCALDATA,식품인허가 영업점,3311317.073170732,120.33170731707317
경기도,김포시,202603,8301,제과점,626670000,50476,155.0,LOCALDATA,식품인허가 영업점,4043032.2580645164,325.6516129032258
경기도,김포시,202604,4010,편의점,4011520000,458980,495.0,국세청,가동사업자,8104080.808080808,927.2323232323232
경기도,김포시,202604,4020,슈퍼마켓,4505480000,187810,291.0,국세청,가동사업자,15482749.14089347,645.3951890034364
경기도,김포시,202604,8005,중국음식,610410000,23204,204.0,LOCALDATA,식품인허가 영업점,2992205.882352941,113.74509803921569
경기도,김포시,202604,8301,제과점,594660000,51245,154.0,LOCALDATA,식품인허가 영업점,3861428.5714285714,332.7597402597403
경기도,김포시,202605,4010,편의점,4309570000,480528,495.0,국세청,가동사업자,8706202.02020202,970.7636363636364
경기도,김포시,202605,4020,슈퍼마켓,4832980000,198281,289.0,국세청,가동사업자,16723114.18685121,686.0934256055364
경기도,김포시,202605,8005,중국음식,687010000,24381,201.0,LOCALDATA,식품인허가 영업점,3417960.199004975,121.29850746268657
경기도,김포시,202605,8301,제과점,604210000,49368,152.0,LOCALDATA,식품인허가 영업점,3975065.789473684,324.7894736842105
경기도,김포시,202606,4010,편의점,4266180000,483061,488.0,국세청,가동사업자,8742172.131147541,989.8790983606557
경기도,김포시,202606,4020,슈퍼마켓,4451280000,187202,289.0,국세청,가동사업자,15402352.94117647,647.757785467128
경기도,김포시,202606,8005,중국음식,594420000,21949,203.0,LOCALDATA,식품인허가 영업점,2928177.339901478,108.1231527093596
경기도,김포시,202606,8301,제과점,520440000,45118,152.0,LOCALDATA,식품인허가 영업점,3423947.3684210526,296.82894736842104
경기도,남양주시,202601,4010,편의점,3639410000,418359,634.0,국세청,가동사업자,5740394.321766562,659.8722397476341
경기도,남양주시,202601,4020,슈퍼마켓,4375910000,179644,326.0,국세청,가동사업자,13423036.80981595,551.0552147239264
경기도,남양주시,202601,8005,중국음식,626690000,23189,252.0,LOCALDATA,식품인허가 영업점,2486865.0793650793,92.01984126984127
경기도,남양주시,202601,8301,제과점,611830000,48943,266.0,LOCALDATA,식품인허가 영업점,2300112.7819548873,183.99624060150376
경기도,남양주시,202602,4010,편의점,3382040000,385649,634.0,국세청,가동사업자,5334447.949526814,608.2791798107255
경기도,남양주시,202602,4020,슈퍼마켓,4276300000,168522,324.0,국세청,가동사업자,13198456.790123457,520.1296296296297
경기도,남양주시,202602,8005,중국음식,565730000,20533,249.0,LOCALDATA,식품인허가 영업점,2272008.0321285143,82.46184738955823
경기도,남양주시,202602,8301,제과점,642590000,49047,268.0,LOCALDATA,식품인허가 영업점,2397723.880597015,183.01119402985074
경기도,남양주시,202603,4010,편의점,3897170000,452222,630.0,국세청,가동사업자,6185984.126984127,717.8126984126984
경기도,남양주시,202603,4020,슈퍼마켓,4368970000,194778,324.0,국세청,가동사업자,13484475.308641976,601.1666666666666
경기도,남양주시,202603,8005,중국음식,638350000,24221,251.0,LOCALDATA,식품인허가 영업점,2543227.091633466,96.4980079681275
경기도,남양주시,202603,8301,제과점,705140000,55560,269.0,LOCALDATA,식품인허가 영업점,2621338.2899628254,206.54275092936803
경기도,남양주시,202604,4010,편의점,3824110000,466872,633.0,국세청,가동사업자,6041248.025276462,737.5545023696683
경기도,남양주시,202604,4020,슈퍼마켓,4161160000,190247,322.0,국세청,가동사업자,12922857.142857144,590.8291925465838
경기도,남양주시,202604,8005,중국음식,586130000,22774,253.0,LOCALDATA,식품인허가 영업점,2316719.3675889326,90.01581027667984
경기도,남양주시,202604,8301,제과점,685560000,58224,256.0,LOCALDATA,식품인허가 영업점,2677968.75,227.4375
경기도,남양주시,202605,4010,편의점,4114370000,483668,634.0,국세청,가동사업자,6489542.586750789,762.8832807570977
경기도,남양주시,202605,4020,슈퍼마켓,4363280000,192180,325.0,국세청,가동사업자,13425476.923076924,591.3230769230769
경기도,남양주시,202605,8005,중국음식,655890000,23764,254.0,LOCALDATA,식품인허가 영업점,2582244.094488189,93.55905511811024
경기도,남양주시,202605,8301,제과점,700470000,55980,258.0,LOCALDATA,식품인허가 영업점,2715000.0,216.97674418604652
경기도,남양주시,202606,4010,편의점,4040450000,482270,623.0,국세청,가동사업자,6485473.515248796,774.1091492776886
경기도,남양주시,202606,4020,슈퍼마켓,4223230000,184389,320.0,국세청,가동사업자,13197593.75,576.215625
경기도,남양주시,202606,8005,중국음식,574140000,21926,254.0,LOCALDATA,식품인허가 영업점,2260393.7007874018,86.32283464566929
경기도,남양주시,202606,8301,제과점,601840000,51652,258.0,LOCALDATA,식품인허가 영업점,2332713.1782945734,200.2015503875969
경기도,동두천시,202601,4010,편의점,635940000,68879,97.0,국세청,가동사업자,6556082.474226804,710.0927835051547
경기도,동두천시,202601,4020,슈퍼마켓,708280000,34030,61.0,국세청,가동사업자,11611147.540983606,557.8688524590164
경기도,동두천시,202601,8005,중국음식,80310000,2839,48.0,LOCALDATA,식품인허가 영업점,1673125.0,59.145833333333336
경기도,동두천시,202601,8301,제과점,85020000,6668,21.0,LOCALDATA,식품인허가 영업점,4048571.4285714286,317.5238095238095
경기도,동두천시,202602,4010,편의점,604020000,65657,96.0,국세청,가동사업자,6291875.0,683.9270833333334
경기도,동두천시,202602,4020,슈퍼마켓,702620000,32539,60.0,국세청,가동사업자,11710333.333333334,542.3166666666667
경기도,동두천시,202602,8005,중국음식,82200000,2809,47.0,LOCALDATA,식품인허가 영업점,1748936.170212766,59.765957446808514
경기도,동두천시,202602,8301,제과점,85230000,6397,23.0,LOCALDATA,식품인허가 영업점,3705652.1739130435,278.1304347826087
경기도,동두천시,202603,4010,편의점,691350000,77514,96.0,국세청,가동사업자,7201562.5,807.4375
경기도,동두천시,202603,4020,슈퍼마켓,675930000,35518,61.0,국세청,가동사업자,11080819.672131147,582.2622950819672
경기도,동두천시,202603,8005,중국음식,89940000,3343,47.0,LOCALDATA,식품인허가 영업점,1913617.0212765958,71.12765957446808
경기도,동두천시,202603,8301,제과점,94270000,7534,22.0,LOCALDATA,식품인허가 영업점,4285000.0,342.45454545454544
경기도,동두천시,202604,4010,편의점,681500000,80124,98.0,국세청,가동사업자,6954081.632653061,817.5918367346939
경기도,동두천시,202604,4020,슈퍼마켓,644980000,34956,62.0,국세청,가동사업자,10402903.225806452,563.8064516129032
경기도,동두천시,202604,8005,중국음식,82400000,3219,47.0,LOCALDATA,식품인허가 영업점,1753191.4893617022,68.48936170212765
경기도,동두천시,202604,8301,제과점,88470000,7518,22.0,LOCALDATA,식품인허가 영업점,4021363.6363636362,341.72727272727275
경기도,동두천시,202605,4010,편의점,727540000,83404,99.0,국세청,가동사업자,7348888.888888889,842.4646464646464
경기도,동두천시,202605,4020,슈퍼마켓,642780000,34598,62.0,국세청,가동사업자,10367419.35483871,558.0322580645161
경기도,동두천시,202605,8005,중국음식,94290000,3503,47.0,LOCALDATA,식품인허가 영업점,2006170.2127659575,74.53191489361703
경기도,동두천시,202605,8301,제과점,94640000,7515,22.0,LOCALDATA,식품인허가 영업점,4301818.181818182,341.59090909090907
경기도,동두천시,202606,4010,편의점,705130000,81572,101.0,국세청,가동사업자,6981485.148514852,807.6435643564356
경기도,동두천시,202606,4020,슈퍼마켓,596960000,33450,62.0,국세청,가동사업자,9628387.096774194,539.516129032258
경기도,동두천시,202606,8005,중국음식,75750000,2976,47.0,LOCALDATA,식품인허가 영업점,1611702.1276595744,63.319148936170215
경기도,동두천시,202606,8301,제과점,77750000,6743,22.0,LOCALDATA,식품인허가 영업점,3534090.909090909,306.5
경기도,부천시 소사구,202601,4010,편의점,1346370000,173260,178.0,국세청,가동사업자,7563876.404494382,973.370786516854
경기도,부천시 소사구,202601,4020,슈퍼마켓,1717010000,100581,119.0,국세청,가동사업자,14428655.462184874,845.218487394958
경기도,부천시 소사구,202601,8005,중국음식,359650000,11056,171.0,LOCALDATA,식품인허가 영업점,2103216.374269006,64.65497076023392
경기도,부천시 소사구,202601,8301,제과점,231480000,21265,60.0,LOCALDATA,식품인허가 영업점,3858000.0,354.4166666666667
경기도,부천시 소사구,202602,4010,편의점,1275380000,161256,179.0,국세청,가동사업자,7125027.932960894,900.8715083798883
경기도,부천시 소사구,202602,4020,슈퍼마켓,1677740000,93756,117.0,국세청,가동사업자,14339658.11965812,801.3333333333334
경기도,부천시 소사구,202602,8005,중국음식,350170000,10201,171.0,LOCALDATA,식품인허가 영업점,2047777.7777777778,59.654970760233915
경기도,부천시 소사구,202602,8301,제과점,239810000,20884,61.0,LOCALDATA,식품인허가 영업점,3931311.475409836,342.3606557377049
경기도,부천시 소사구,202603,4010,편의점,1464870000,193817,177.0,국세청,가동사업자,8276101.694915255,1095.0112994350281
경기도,부천시 소사구,202603,4020,슈퍼마켓,1640450000,102945,118.0,국세청,가동사업자,13902118.644067796,872.4152542372881
경기도,부천시 소사구,202603,8005,중국음식,373800000,11634,172.0,LOCALDATA,식품인허가 영업점,2173255.8139534886,67.63953488372093
경기도,부천시 소사구,202603,8301,제과점,255050000,22862,60.0,LOCALDATA,식품인허가 영업점,4250833.333333333,381.03333333333336
경기도,부천시 소사구,202604,4010,편의점,1400270000,193891,177.0,국세청,가동사업자,7911129.943502825,1095.4293785310736
경기도,부천시 소사구,202604,4020,슈퍼마켓,1555090000,98723,117.0,국세청,가동사업자,13291367.521367522,843.7863247863248
경기도,부천시 소사구,202604,8005,중국음식,351770000,11600,172.0,LOCALDATA,식품인허가 영업점,2045174.4186046512,67.44186046511628
경기도,부천시 소사구,202604,8301,제과점,242260000,23290,61.0,LOCALDATA,식품인허가 영업점,3971475.4098360655,381.8032786885246
경기도,부천시 소사구,202605,4010,편의점,1502340000,198476,178.0,국세청,가동사업자,8440112.359550562,1115.0337078651685
경기도,부천시 소사구,202605,4020,슈퍼마켓,1628250000,100130,119.0,국세청,가동사업자,13682773.109243697,841.4285714285714
경기도,부천시 소사구,202605,8005,중국음식,407400000,12877,173.0,LOCALDATA,식품인허가 영업점,2354913.294797688,74.43352601156069
경기도,부천시 소사구,202605,8301,제과점,241690000,22161,63.0,LOCALDATA,식품인허가 영업점,3836349.206349206,351.76190476190476
경기도,부천시 소사구,202606,4010,편의점,1472600000,198453,176.0,국세청,가동사업자,8367045.454545454,1127.5738636363637
경기도,부천시 소사구,202606,4020,슈퍼마켓,1568020000,97546,122.0,국세청,가동사업자,12852622.950819673,799.5573770491803
경기도,부천시 소사구,202606,8005,중국음식,345340000,11636,170.0,LOCALDATA,식품인허가 영업점,2031411.7647058824,68.44705882352942
경기도,부천시 소사구,202606,8301,제과점,219410000,21362,65.0,LOCALDATA,식품인허가 영업점,3375538.4615384615,328.6461538461538
경기도,부천시 오정구,202601,4010,편의점,1099610000,135080,134.0,국세청,가동사업자,8206044.776119403,1008.0597014925373
경기도,부천시 오정구,202601,4020,슈퍼마켓,1751420000,110004,97.0,국세청,가동사업자,18055876.288659792,1134.0618556701031
경기도,부천시 오정구,202601,8005,중국음식,164690000,6875,58.0,LOCALDATA,식품인허가 영업점,2839482.7586206896,118.53448275862068
경기도,부천시 오정구,202601,8301,제과점,147570000,13113,36.0,LOCALDATA,식품인허가 영업점,4099166.6666666665,364.25
경기도,부천시 오정구,202602,4010,편의점,1018150000,124436,133.0,국세청,가동사업자,7655263.157894737,935.609022556391
경기도,부천시 오정구,202602,4020,슈퍼마켓,1741180000,105230,96.0,국세청,가동사업자,18137291.666666668,1096.1458333333333
경기도,부천시 오정구,202602,8005,중국음식,142400000,6015,58.0,LOCALDATA,식품인허가 영업점,2455172.4137931033,103.70689655172414
경기도,부천시 오정구,202602,8301,제과점,156420000,13007,37.0,LOCALDATA,식품인허가 영업점,4227567.567567567,351.5405405405405
경기도,부천시 오정구,202603,4010,편의점,1175170000,145615,132.0,국세청,가동사업자,8902803.030303031,1103.1439393939395
경기도,부천시 오정구,202603,4020,슈퍼마켓,1732480000,117566,95.0,국세청,가동사업자,18236631.57894737,1237.536842105263
경기도,부천시 오정구,202603,8005,중국음식,160410000,6956,58.0,LOCALDATA,식품인허가 영업점,2765689.6551724137,119.93103448275862
경기도,부천시 오정구,202603,8301,제과점,150530000,13118,36.0,LOCALDATA,식품인허가 영업점,4181388.888888889,364.3888888888889
경기도,부천시 오정구,202604,4010,편의점,1156790000,149394,133.0,국세청,가동사업자,8697669.17293233,1123.2631578947369
경기도,부천시 오정구,202604,4020,슈퍼마켓,1667370000,114336,95.0,국세청,가동사업자,17551263.157894738,1203.536842105263
경기도,부천시 오정구,202604,8005,중국음식,150620000,6678,58.0,LOCALDATA,식품인허가 영업점,2596896.5517241377,115.13793103448276
경기도,부천시 오정구,202604,8301,제과점,149250000,13740,36.0,LOCALDATA,식품인허가 영업점,4145833.3333333335,381.6666666666667
경기도,부천시 오정구,202605,4010,편의점,1208480000,152147,134.0,국세청,가동사업자,9018507.462686567,1135.4253731343283
경기도,부천시 오정구,202605,4020,슈퍼마켓,1771580000,118536,94.0,국세청,가동사업자,18846595.74468085,1261.0212765957447
경기도,부천시 오정구,202605,8005,중국음식,168690000,7110,58.0,LOCALDATA,식품인허가 영업점,2908448.275862069,122.58620689655173
경기도,부천시 오정구,202605,8301,제과점,146940000,12879,37.0,LOCALDATA,식품인허가 영업점,3971351.3513513515,348.0810810810811
경기도,부천시 오정구,202606,4010,편의점,1212030000,155840,133.0,국세청,가동사업자,9113007.518796992,1171.7293233082708
경기도,부천시 오정구,202606,4020,슈퍼마켓,1747590000,116704,94.0,국세청,가동사업자,18591382.978723403,1241.531914893617
경기도,부천시 오정구,202606,8005,중국음식,149750000,6524,58.0,LOCALDATA,식품인허가 영업점,2581896.5517241377,112.48275862068965
경기도,부천시 오정구,202606,8301,제과점,133190000,12253,37.0,LOCALDATA,식품인허가 영업점,3599729.7297297297,331.1621621621622
경기도,부천시 원미구,202601,4010,편의점,2784130000,358017,354.0,국세청,가동사업자,7864774.011299435,1011.3474576271186
경기도,부천시 원미구,202601,4020,슈퍼마켓,2781350000,175693,197.0,국세청,가동사업자,14118527.918781726,891.8426395939086
경기도,부천시 원미구,202601,8005,중국음식,605160000,22098,232.0,LOCALDATA,식품인허가 영업점,2608448.275862069,95.25
경기도,부천시 원미구,202601,8301,제과점,584120000,50714,159.0,LOCALDATA,식품인허가 영업점,3673710.6918238993,318.9559748427673
경기도,부천시 원미구,202602,4010,편의점,2601520000,327903,356.0,국세청,가동사업자,7307640.449438202,921.0758426966293
경기도,부천시 원미구,202602,4020,슈퍼마켓,2806690000,167049,199.0,국세청,가동사업자,14103969.849246232,839.4422110552764
경기도,부천시 원미구,202602,8005,중국음식,554720000,19616,232.0,LOCALDATA,식품인허가 영업점,2391034.4827586208,84.55172413793103
경기도,부천시 원미구,202602,8301,제과점,576380000,47100,157.0,LOCALDATA,식품인허가 영업점,3671210.1910828026,300.0
경기도,부천시 원미구,202603,4010,편의점,3025000000,390430,357.0,국세청,가동사업자,8473389.355742296,1093.641456582633
경기도,부천시 원미구,202603,4020,슈퍼마켓,2736810000,185329,198.0,국세청,가동사업자,13822272.727272727,936.0050505050505
경기도,부천시 원미구,202603,8005,중국음식,625990000,23543,235.0,LOCALDATA,식품인허가 영업점,2663787.234042553,100.18297872340426
경기도,부천시 원미구,202603,8301,제과점,597730000,53300,154.0,LOCALDATA,식품인허가 영업점,3881363.6363636362,346.1038961038961
경기도,부천시 원미구,202604,4010,편의점,2914420000,399135,355.0,국세청,가동사업자,8209633.802816901,1124.3239436619717
경기도,부천시 원미구,202604,4020,슈퍼마켓,2659490000,182772,197.0,국세청,가동사업자,13499949.23857868,927.7766497461929
경기도,부천시 원미구,202604,8005,중국음식,618470000,23438,236.0,LOCALDATA,식품인허가 영업점,2620635.593220339,99.3135593220339
경기도,부천시 원미구,202604,8301,제과점,568700000,53714,154.0,LOCALDATA,식품인허가 영업점,3692857.1428571427,348.7922077922078
경기도,부천시 원미구,202605,4010,편의점,3103000000,409167,354.0,국세청,가동사업자,8765536.723163841,1155.8389830508474
경기도,부천시 원미구,202605,4020,슈퍼마켓,2822210000,187524,197.0,국세청,가동사업자,14325939.086294416,951.8984771573604
경기도,부천시 원미구,202605,8005,중국음식,684910000,24382,239.0,LOCALDATA,식품인허가 영업점,2865732.217573222,102.01673640167364
경기도,부천시 원미구,202605,8301,제과점,603090000,52255,155.0,LOCALDATA,식품인허가 영업점,3890903.2258064514,337.1290322580645
경기도,부천시 원미구,202606,4010,편의점,3070960000,410706,351.0,국세청,가동사업자,8749173.78917379,1170.1025641025642
경기도,부천시 원미구,202606,4020,슈퍼마켓,2762810000,185323,200.0,국세청,가동사업자,13814050.0,926.615
경기도,부천시 원미구,202606,8005,중국음식,704530000,23335,240.0,LOCALDATA,식품인허가 영업점,2935541.6666666665,97.22916666666667
경기도,부천시 원미구,202606,8301,제과점,534280000,48044,157.0,LOCALDATA,식품인허가 영업점,3403057.3248407645,306.0127388535032
경기도,성남시 분당구,202601,4010,편의점,2960970000,414359,350.0,국세청,가동사업자,8459914.285714285,1183.8828571428571
경기도,성남시 분당구,202601,4020,슈퍼마켓,1506650000,65830,137.0,국세청,가동사업자,10997445.255474452,480.5109489051095
경기도,성남시 분당구,202601,8005,중국음식,1020270000,26527,183.0,LOCALDATA,식품인허가 영업점,5575245.901639344,144.95628415300547
경기도,성남시 분당구,202601,8301,제과점,925830000,77668,226.0,LOCALDATA,식품인허가 영업점,4096592.920353982,343.6637168141593
경기도,성남시 분당구,202602,4010,편의점,2692730000,369820,355.0,국세청,가동사업자,7585154.929577465,1041.7464788732395
경기도,성남시 분당구,202602,4020,슈퍼마켓,1451660000,59860,141.0,국세청,가동사업자,10295460.992907802,424.5390070921986
경기도,성남시 분당구,202602,8005,중국음식,912740000,23416,184.0,LOCALDATA,식품인허가 영업점,4960543.478260869,127.26086956521739
경기도,성남시 분당구,202602,8301,제과점,899990000,72500,227.0,LOCALDATA,식품인허가 영업점,3964713.6563876653,319.3832599118943
경기도,성남시 분당구,202603,4010,편의점,3242950000,448302,355.0,국세청,가동사업자,9135070.42253521,1262.8225352112677
경기도,성남시 분당구,202603,4020,슈퍼마켓,1434380000,67926,141.0,국세청,가동사업자,10172907.80141844,481.74468085106383
경기도,성남시 분당구,202603,8005,중국음식,986310000,26733,184.0,LOCALDATA,식품인허가 영업점,5360380.434782608,145.28804347826087
경기도,성남시 분당구,202603,8301,제과점,1011280000,85745,229.0,LOCALDATA,식품인허가 영업점,4416069.868995633,374.43231441048033
경기도,성남시 분당구,202604,4010,편의점,3115430000,456458,356.0,국세청,가동사업자,8751207.86516854,1282.185393258427
경기도,성남시 분당구,202604,4020,슈퍼마켓,1387330000,66812,139.0,국세청,가동사업자,9980791.366906475,480.66187050359713
경기도,성남시 분당구,202604,8005,중국음식,881760000,25119,184.0,LOCALDATA,식품인허가 영업점,4792173.9130434785,136.5163043478261
경기도,성남시 분당구,202604,8301,제과점,980340000,89214,231.0,LOCALDATA,식품인허가 영업점,4243896.103896104,386.2077922077922
경기도,성남시 분당구,202605,4010,편의점,3211070000,449585,359.0,국세청,가동사업자,8944484.679665739,1252.325905292479
경기도,성남시 분당구,202605,4020,슈퍼마켓,1428740000,67064,140.0,국세청,가동사업자,10205285.714285715,479.0285714285714
경기도,성남시 분당구,202605,8005,중국음식,992180000,25252,187.0,LOCALDATA,식품인허가 영업점,5305775.401069519,135.0374331550802
경기도,성남시 분당구,202605,8301,제과점,995080000,84374,230.0,LOCALDATA,식품인허가 영업점,4326434.782608695,366.8434782608696
경기도,성남시 분당구,202606,4010,편의점,3215410000,457889,359.0,국세청,가동사업자,8956573.816155989,1275.456824512535
경기도,성남시 분당구,202606,4020,슈퍼마켓,1391830000,65680,141.0,국세청,가동사업자,9871134.75177305,465.8156028368794
경기도,성남시 분당구,202606,8005,중국음식,873450000,24047,189.0,LOCALDATA,식품인허가 영업점,4621428.571428572,127.23280423280423
경기도,성남시 분당구,202606,8301,제과점,873110000,79133,227.0,LOCALDATA,식품인허가 영업점,3846299.5594713655,348.6035242290749
경기도,성남시 수정구,202601,4010,편의점,1724090000,221302,227.0,국세청,가동사업자,7595110.1321585905,974.8986784140969
경기도,성남시 수정구,202601,4020,슈퍼마켓,1694640000,97382,133.0,국세청,가동사업자,12741654.135338346,732.1954887218045
경기도,성남시 수정구,202601,8005,중국음식,411350000,14433,128.0,LOCALDATA,식품인허가 영업점,3213671.875,112.7578125
경기도,성남시 수정구,202601,8301,제과점,366730000,29177,71.0,LOCALDATA,식품인허가 영업점,5165211.2676056335,410.943661971831
경기도,성남시 수정구,202602,4010,편의점,1581180000,198648,226.0,국세청,가동사업자,6996371.681415929,878.9734513274336
경기도,성남시 수정구,202602,4020,슈퍼마켓,1681290000,89728,133.0,국세청,가동사업자,12641278.195488721,674.6466165413534
경기도,성남시 수정구,202602,8005,중국음식,384850000,13102,128.0,LOCALDATA,식품인허가 영업점,3006640.625,102.359375
경기도,성남시 수정구,202602,8301,제과점,366490000,27654,72.0,LOCALDATA,식품인허가 영업점,5090138.888888889,384.0833333333333
경기도,성남시 수정구,202603,4010,편의점,1896200000,253195,226.0,국세청,가동사업자,8390265.486725664,1120.3318584070796
경기도,성남시 수정구,202603,4020,슈퍼마켓,1637490000,100150,133.0,국세청,가동사업자,12311954.887218045,753.0075187969925
경기도,성남시 수정구,202603,8005,중국음식,421340000,15769,129.0,LOCALDATA,식품인허가 영업점,3266201.5503875967,122.24031007751938
경기도,성남시 수정구,202603,8301,제과점,404220000,33076,72.0,LOCALDATA,식품인허가 영업점,5614166.666666667,459.3888888888889
경기도,성남시 수정구,202604,4010,편의점,1845300000,260468,225.0,국세청,가동사업자,8201333.333333333,1157.6355555555556
경기도,성남시 수정구,202604,4020,슈퍼마켓,1534150000,95252,133.0,국세청,가동사업자,11534962.406015038,716.1804511278195
경기도,성남시 수정구,202604,8005,중국음식,400200000,15652,130.0,LOCALDATA,식품인허가 영업점,3078461.5384615385,120.4
경기도,성남시 수정구,202604,8301,제과점,375250000,33183,73.0,LOCALDATA,식품인허가 영업점,5140410.95890411,454.56164383561645
경기도,성남시 수정구,202605,4010,편의점,1881440000,254164,222.0,국세청,가동사업자,8474954.954954956,1144.882882882883
경기도,성남시 수정구,202605,4020,슈퍼마켓,1533820000,92420,132.0,국세청,가동사업자,11619848.484848484,700.1515151515151
경기도,성남시 수정구,202605,8005,중국음식,441940000,16058,130.0,LOCALDATA,식품인허가 영업점,3399538.4615384615,123.52307692307693
경기도,성남시 수정구,202605,8301,제과점,377780000,31169,73.0,LOCALDATA,식품인허가 영업점,5175068.493150685,426.972602739726
경기도,성남시 수정구,202606,4010,편의점,1872270000,254292,222.0,국세청,가동사업자,8433648.64864865,1145.4594594594594
경기도,성남시 수정구,202606,4020,슈퍼마켓,1534800000,92333,133.0,국세청,가동사업자,11539849.62406015,694.2330827067669
경기도,성남시 수정구,202606,8005,중국음식,394710000,14601,127.0,LOCALDATA,식품인허가 영업점,3107952.755905512,114.96850393700787
경기도,성남시 수정구,202606,8301,제과점,326180000,28269,72.0,LOCALDATA,식품인허가 영업점,4530277.777777778,392.625
경기도,성남시 중원구,202601,4010,편의점,1600450000,196156,190.0,국세청,가동사업자,8423421.05263158,1032.4
경기도,성남시 중원구,202601,4020,슈퍼마켓,1559030000,91188,113.0,국세청,가동사업자,13796725.663716814,806.9734513274336
경기도,성남시 중원구,202601,8005,중국음식,323070000,11994,93.0,LOCALDATA,식품인허가 영업점,3473870.9677419355,128.96774193548387
경기도,성남시 중원구,202601,8301,제과점,213770000,19365,64.0,LOCALDATA,식품인허가 영업점,3340156.25,302.578125
경기도,성남시 중원구,202602,4010,편의점,1467880000,177493,189.0,국세청,가동사업자,7766560.846560847,939.1164021164021
경기도,성남시 중원구,202602,4020,슈퍼마켓,1540970000,85478,112.0,국세청,가동사업자,13758660.714285715,763.1964285714286
경기도,성남시 중원구,202602,8005,중국음식,281170000,10427,94.0,LOCALDATA,식품인허가 영업점,2991170.212765957,110.92553191489361
경기도,성남시 중원구,202602,8301,제과점,208120000,18206,62.0,LOCALDATA,식품인허가 영업점,3356774.193548387,293.64516129032256
경기도,성남시 중원구,202603,4010,편의점,1692210000,212054,188.0,국세청,가동사업자,9001117.021276595,1127.9468085106382
경기도,성남시 중원구,202603,4020,슈퍼마켓,1512310000,95378,113.0,국세청,가동사업자,13383274.336283186,844.0530973451328
경기도,성남시 중원구,202603,8005,중국음식,316030000,12601,95.0,LOCALDATA,식품인허가 영업점,3326631.5789473685,132.6421052631579
경기도,성남시 중원구,202603,8301,제과점,243540000,21881,62.0,LOCALDATA,식품인허가 영업점,3928064.5161290322,352.9193548387097
경기도,성남시 중원구,202604,4010,편의점,1649810000,214469,188.0,국세청,가동사업자,8775585.10638298,1140.7925531914893
경기도,성남시 중원구,202604,4020,슈퍼마켓,1478770000,92982,114.0,국세청,가동사업자,12971666.666666666,815.6315789473684
경기도,성남시 중원구,202604,8005,중국음식,290960000,11974,95.0,LOCALDATA,식품인허가 영업점,3062736.8421052634,126.0421052631579
경기도,성남시 중원구,202604,8301,제과점,227030000,22141,61.0,LOCALDATA,식품인허가 영업점,3721803.2786885244,362.9672131147541
경기도,성남시 중원구,202605,4010,편의점,1660220000,211844,190.0,국세청,가동사업자,8738000.0,1114.9684210526316
경기도,성남시 중원구,202605,4020,슈퍼마켓,1483620000,88673,114.0,국세청,가동사업자,13014210.52631579,777.8333333333334
경기도,성남시 중원구,202605,8005,중국음식,317220000,12264,96.0,LOCALDATA,식품인허가 영업점,3304375.0,127.75
경기도,성남시 중원구,202605,8301,제과점,242110000,21554,61.0,LOCALDATA,식품인허가 영업점,3969016.393442623,353.344262295082
경기도,성남시 중원구,202606,4010,편의점,1656190000,213299,189.0,국세청,가동사업자,8762910.052910052,1128.5661375661375
경기도,성남시 중원구,202606,4020,슈퍼마켓,1393340000,88512,114.0,국세청,가동사업자,12222280.701754386,776.421052631579
경기도,성남시 중원구,202606,8005,중국음식,290900000,11665,95.0,LOCALDATA,식품인허가 영업점,3062105.263157895,122.78947368421052
경기도,성남시 중원구,202606,8301,제과점,203050000,19510,61.0,LOCALDATA,식품인허가 영업점,3328688.524590164,319.8360655737705
경기도,수원시 권선구,202601,4010,편의점,2529350000,296982,335.0,국세청,가동사업자,7550298.507462687,886.5134328358209
경기도,수원시 권선구,202601,4020,슈퍼마켓,2971220000,136560,168.0,국세청,가동사업자,17685833.333333332,812.8571428571429
경기도,수원시 권선구,202601,8005,중국음식,414120000,15068,128.0,LOCALDATA,식품인허가 영업점,3235312.5,117.71875
경기도,수원시 권선구,202601,8301,제과점,454470000,30746,98.0,LOCALDATA,식품인허가 영업점,4637448.979591837,313.734693877551
경기도,수원시 권선구,202602,4010,편의점,2359270000,275118,332.0,국세청,가동사업자,7106234.9397590365,828.6686746987951
경기도,수원시 권선구,202602,4020,슈퍼마켓,2945460000,126124,165.0,국세청,가동사업자,17851272.727272727,764.3878787878788
경기도,수원시 권선구,202602,8005,중국음식,376060000,13599,128.0,LOCALDATA,식품인허가 영업점,2937968.75,106.2421875
경기도,수원시 권선구,202602,8301,제과점,410600000,28399,100.0,LOCALDATA,식품인허가 영업점,4106000.0,283.99
경기도,수원시 권선구,202603,4010,편의점,2668640000,319228,331.0,국세청,가동사업자,8062356.4954682775,964.4350453172206
경기도,수원시 권선구,202603,4020,슈퍼마켓,3329060000,151769,164.0,국세청,가동사업자,20299146.341463413,925.420731707317
경기도,수원시 권선구,202603,8005,중국음식,415090000,15630,122.0,LOCALDATA,식품인허가 영업점,3402377.049180328,128.11475409836066
경기도,수원시 권선구,202603,8301,제과점,414950000,31720,99.0,LOCALDATA,식품인허가 영업점,4191414.1414141413,320.4040404040404
경기도,수원시 권선구,202604,4010,편의점,2597980000,324672,334.0,국세청,가동사업자,7778383.233532934,972.0718562874251
경기도,수원시 권선구,202604,4020,슈퍼마켓,3228050000,149801,166.0,국세청,가동사업자,19446084.337349396,902.4156626506024
경기도,수원시 권선구,202604,8005,중국음식,395510000,15070,121.0,LOCALDATA,식품인허가 영업점,3268677.6859504133,124.54545454545455
경기도,수원시 권선구,202604,8301,제과점,397860000,32574,102.0,LOCALDATA,식품인허가 영업점,3900588.2352941176,319.3529411764706
경기도,수원시 권선구,202605,4010,편의점,2764910000,336517,333.0,국세청,가동사업자,8303033.033033033,1010.5615615615616
경기도,수원시 권선구,202605,4020,슈퍼마켓,3412390000,153479,165.0,국세청,가동사업자,20681151.515151516,930.1757575757575
경기도,수원시 권선구,202605,8005,중국음식,433420000,16031,121.0,LOCALDATA,식품인허가 영업점,3581983.47107438,132.48760330578511
경기도,수원시 권선구,202605,8301,제과점,410090000,31896,102.0,LOCALDATA,식품인허가 영업점,4020490.1960784313,312.70588235294116
경기도,수원시 권선구,202606,4010,편의점,2696830000,332194,331.0,국세청,가동사업자,8147522.658610272,1003.607250755287
경기도,수원시 권선구,202606,4020,슈퍼마켓,3163060000,145730,160.0,국세청,가동사업자,19769125.0,910.8125
경기도,수원시 권선구,202606,8005,중국음식,380100000,14750,120.0,LOCALDATA,식품인허가 영업점,3167500.0,122.91666666666667
경기도,수원시 권선구,202606,8301,제과점,364270000,30018,104.0,LOCALDATA,식품인허가 영업점,3502596.153846154,288.63461538461536
경기도,수원시 영통구,202601,4010,편의점,1951440000,262431,299.0,국세청,가동사업자,6526555.183946488,877.695652173913
경기도,수원시 영통구,202601,4020,슈퍼마켓,1126450000,67722,151.0,국세청,가동사업자,7459933.774834437,448.49006622516555
경기도,수원시 영통구,202601,8005,중국음식,517300000,16669,122.0,LOCALDATA,식품인허가 영업점,4240163.934426229,136.63114754098362
경기도,수원시 영통구,202601,8301,제과점,583710000,45037,144.0,LOCALDATA,식품인허가 영업점,4053541.6666666665,312.75694444444446
경기도,수원시 영통구,202602,4010,편의점,1765800000,234175,300.0,국세청,가동사업자,5886000.0,780.5833333333334
경기도,수원시 영통구,202602,4020,슈퍼마켓,1107240000,63284,151.0,국세청,가동사업자,7332715.231788079,419.0993377483444
경기도,수원시 영통구,202602,8005,중국음식,455870000,14733,126.0,LOCALDATA,식품인허가 영업점,3618015.873015873,116.92857142857143
경기도,수원시 영통구,202602,8301,제과점,564550000,42274,149.0,LOCALDATA,식품인허가 영업점,3788926.174496644,283.71812080536915
경기도,수원시 영통구,202603,4010,편의점,2129620000,293829,300.0,국세청,가동사업자,7098733.333333333,979.43
경기도,수원시 영통구,202603,4020,슈퍼마켓,1109610000,72243,153.0,국세청,가동사업자,7252352.94117647,472.1764705882353
경기도,수원시 영통구,202603,8005,중국음식,504480000,17241,125.0,LOCALDATA,식품인허가 영업점,4035840.0,137.928
경기도,수원시 영통구,202603,8301,제과점,638970000,50652,154.0,LOCALDATA,식품인허가 영업점,4149155.8441558443,328.90909090909093
경기도,수원시 영통구,202604,4010,편의점,2090710000,304685,303.0,국세청,가동사업자,6900033.00330033,1005.5610561056105
경기도,수원시 영통구,202604,4020,슈퍼마켓,1058830000,70529,153.0,국세청,가동사업자,6920457.516339869,460.9738562091503
경기도,수원시 영통구,202604,8005,중국음식,474550000,16806,125.0,LOCALDATA,식품인허가 영업점,3796400.0,134.448
경기도,수원시 영통구,202604,8301,제과점,613830000,52091,152.0,LOCALDATA,식품인허가 영업점,4038355.263157895,342.70394736842104
경기도,수원시 영통구,202605,4010,편의점,2212920000,306118,297.0,국세청,가동사업자,7450909.090909091,1030.7003367003367
경기도,수원시 영통구,202605,4020,슈퍼마켓,1104980000,71651,154.0,국세청,가동사업자,7175194.805194805,465.26623376623377
경기도,수원시 영통구,202605,8005,중국음식,511280000,16929,125.0,LOCALDATA,식품인허가 영업점,4090240.0,135.432
경기도,수원시 영통구,202605,8301,제과점,630290000,50663,154.0,LOCALDATA,식품인허가 영업점,4092792.2077922076,328.9805194805195
경기도,수원시 영통구,202606,4010,편의점,2180650000,307547,298.0,국세청,가동사업자,7317617.44966443,1032.0369127516778
경기도,수원시 영통구,202606,4020,슈퍼마켓,1077830000,69275,150.0,국세청,가동사업자,7185533.333333333,461.8333333333333
경기도,수원시 영통구,202606,8005,중국음식,441430000,15734,127.0,LOCALDATA,식품인허가 영업점,3475826.771653543,123.88976377952756
경기도,수원시 영통구,202606,8301,제과점,558340000,47332,153.0,LOCALDATA,식품인허가 영업점,3649281.045751634,309.359477124183
경기도,수원시 장안구,202601,4010,편의점,1706980000,210038,220.0,국세청,가동사업자,7759000.0,954.7181818181818
경기도,수원시 장안구,202601,4020,슈퍼마켓,1987490000,104269,120.0,국세청,가동사업자,16562416.666666666,868.9083333333333
경기도,수원시 장안구,202601,8005,중국음식,421060000,13883,84.0,LOCALDATA,식품인허가 영업점,5012619.047619048,165.27380952380952
경기도,수원시 장안구,202601,8301,제과점,296130000,26029,86.0,LOCALDATA,식품인허가 영업점,3443372.093023256,302.66279069767444
경기도,수원시 장안구,202602,4010,편의점,1613420000,194219,222.0,국세청,가동사업자,7267657.657657658,874.8603603603603
경기도,수원시 장안구,202602,4020,슈퍼마켓,2009840000,98084,119.0,국세청,가동사업자,16889411.76470588,824.2352941176471
경기도,수원시 장안구,202602,8005,중국음식,398190000,12657,86.0,LOCALDATA,식품인허가 영업점,4630116.279069767,147.17441860465115
경기도,수원시 장안구,202602,8301,제과점,314750000,26402,87.0,LOCALDATA,식품인허가 영업점,3617816.091954023,303.4712643678161
경기도,수원시 장안구,202603,4010,편의점,1890310000,237963,220.0,국세청,가동사업자,8592318.181818182,1081.65
경기도,수원시 장안구,202603,4020,슈퍼마켓,1923770000,110347,122.0,국세청,가동사업자,15768606.55737705,904.483606557377
경기도,수원시 장안구,202603,8005,중국음식,418430000,15240,85.0,LOCALDATA,식품인허가 영업점,4922705.882352941,179.2941176470588
경기도,수원시 장안구,202603,8301,제과점,332910000,29561,88.0,LOCALDATA,식품인허가 영업점,3783068.1818181816,335.92045454545456
경기도,수원시 장안구,202604,4010,편의점,1916320000,256784,218.0,국세청,가동사업자,8790458.71559633,1177.908256880734
경기도,수원시 장안구,202604,4020,슈퍼마켓,1763270000,102724,122.0,국세청,가동사업자,14453032.786885247,842.0
경기도,수원시 장안구,202604,8005,중국음식,402180000,14981,84.0,LOCALDATA,식품인허가 영업점,4787857.142857143,178.3452380952381
경기도,수원시 장안구,202604,8301,제과점,306860000,29356,85.0,LOCALDATA,식품인허가 영업점,3610117.6470588236,345.36470588235295
경기도,수원시 장안구,202605,4010,편의점,2012530000,258759,217.0,국세청,가동사업자,9274331.797235023,1192.4377880184331
경기도,수원시 장안구,202605,4020,슈퍼마켓,1772350000,100976,122.0,국세청,가동사업자,14527459.016393442,827.672131147541
경기도,수원시 장안구,202605,8005,중국음식,466130000,15651,85.0,LOCALDATA,식품인허가 영업점,5483882.352941177,184.12941176470588
경기도,수원시 장안구,202605,8301,제과점,322130000,29142,87.0,LOCALDATA,식품인허가 영업점,3702643.6781609193,334.9655172413793
경기도,수원시 장안구,202606,4010,편의점,1983810000,257371,215.0,국세청,가동사업자,9227023.255813954,1197.074418604651
경기도,수원시 장안구,202606,4020,슈퍼마켓,1703770000,98136,125.0,국세청,가동사업자,13630160.0,785.088
경기도,수원시 장안구,202606,8005,중국음식,394010000,14226,85.0,LOCALDATA,식품인허가 영업점,4635411.764705882,167.36470588235295
경기도,수원시 장안구,202606,8301,제과점,272160000,25914,89.0,LOCALDATA,식품인허가 영업점,3057977.5280898875,291.1685393258427
경기도,수원시 팔달구,202601,4010,편의점,2476160000,299162,257.0,국세청,가동사업자,9634863.813229572,1164.0544747081713
경기도,수원시 팔달구,202601,4020,슈퍼마켓,1296610000,86251,144.0,국세청,가동사업자,9004236.111111112,598.9652777777778
경기도,수원시 팔달구,202601,8005,중국음식,841050000,22166,145.0,LOCALDATA,식품인허가 영업점,5800344.827586207,152.86896551724138
경기도,수원시 팔달구,202601,8301,제과점,286730000,26694,94.0,LOCALDATA,식품인허가 영업점,3050319.14893617,283.97872340425533
경기도,수원시 팔달구,202602,4010,편의점,2391520000,281859,255.0,국세청,가동사업자,9378509.80392157,1105.3294117647058
경기도,수원시 팔달구,202602,4020,슈퍼마켓,1303650000,82268,144.0,국세청,가동사업자,9053125.0,571.3055555555555
경기도,수원시 팔달구,202602,8005,중국음식,815170000,21072,146.0,LOCALDATA,식품인허가 영업점,5583356.164383561,144.32876712328766
경기도,수원시 팔달구,202602,8301,제과점,287380000,25571,94.0,LOCALDATA,식품인허가 영업점,3057234.0425531915,272.031914893617
경기도,수원시 팔달구,202603,4010,편의점,2694030000,322579,257.0,국세청,가동사업자,10482607.00389105,1255.1712062256809
경기도,수원시 팔달구,202603,4020,슈퍼마켓,1263390000,90804,144.0,국세청,가동사업자,8773541.666666666,630.5833333333334
경기도,수원시 팔달구,202603,8005,중국음식,859930000,23691,145.0,LOCALDATA,식품인허가 영업점,5930551.724137931,163.38620689655173
경기도,수원시 팔달구,202603,8301,제과점,301250000,28187,97.0,LOCALDATA,식품인허가 영업점,3105670.1030927836,290.58762886597935
경기도,수원시 팔달구,202604,4010,편의점,2578630000,328741,258.0,국세청,가동사업자,9994689.92248062,1274.1899224806202
경기도,수원시 팔달구,202604,4020,슈퍼마켓,1211660000,88416,144.0,국세청,가동사업자,8414305.555555556,614.0
경기도,수원시 팔달구,202604,8005,중국음식,794520000,22809,145.0,LOCALDATA,식품인허가 영업점,5479448.275862069,157.30344827586208
경기도,수원시 팔달구,202604,8301,제과점,309700000,30510,101.0,LOCALDATA,식품인허가 영업점,3066336.6336633665,302.0792079207921
경기도,수원시 팔달구,202605,4010,편의점,2823830000,347169,257.0,국세청,가동사업자,10987665.369649805,1350.852140077821
경기도,수원시 팔달구,202605,4020,슈퍼마켓,1309420000,93148,142.0,국세청,가동사업자,9221267.605633803,655.9718309859155
경기도,수원시 팔달구,202605,8005,중국음식,934980000,25037,146.0,LOCALDATA,식품인허가 영업점,6403972.602739726,171.486301369863
경기도,수원시 팔달구,202605,8301,제과점,299420000,28561,99.0,LOCALDATA,식품인허가 영업점,3024444.4444444445,288.4949494949495
경기도,수원시 팔달구,202606,4010,편의점,2681430000,332973,255.0,국세청,가동사업자,10515411.764705881,1305.7764705882353
경기도,수원시 팔달구,202606,4020,슈퍼마켓,1202120000,86321,148.0,국세청,가동사업자,8122432.432432433,583.25
경기도,수원시 팔달구,202606,8005,중국음식,769610000,22174,150.0,LOCALDATA,식품인허가 영업점,5130733.333333333,147.82666666666665
경기도,수원시 팔달구,202606,8301,제과점,257290000,25910,102.0,LOCALDATA,식품인허가 영업점,2522450.9803921566,254.01960784313727
경기도,시흥시,202601,4010,편의점,5500940000,624535,554.0,국세청,가동사업자,9929494.584837545,1127.3194945848375
경기도,시흥시,202601,4020,슈퍼마켓,7609280000,343590,356.0,국세청,가동사업자,21374382.02247191,965.1404494382023
경기도,시흥시,202601,8005,중국음식,1544250000,47836,294.0,LOCALDATA,식품인허가 영업점,5252551.020408163,162.7074829931973
경기도,시흥시,202601,8301,제과점,684520000,55722,141.0,LOCALDATA,식품인허가 영업점,4854751.773049645,395.1914893617021
경기도,시흥시,202602,4010,편의점,5086140000,571651,549.0,국세청,가동사업자,9264371.584699454,1041.2586520947177
경기도,시흥시,202602,4020,슈퍼마켓,7535100000,316051,361.0,국세청,가동사업자,20872853.18559557,875.4875346260388
경기도,시흥시,202602,8005,중국음식,1404110000,42545,295.0,LOCALDATA,식품인허가 영업점,4759694.915254237,144.22033898305085
경기도,시흥시,202602,8301,제과점,686880000,53710,141.0,LOCALDATA,식품인허가 영업점,4871489.361702127,380.92198581560285
경기도,시흥시,202603,4010,편의점,5803900000,669175,552.0,국세청,가동사업자,10514311.594202898,1212.2735507246377
경기도,시흥시,202603,4020,슈퍼마켓,7240290000,349417,359.0,국세청,가동사업자,20167938.71866295,973.3064066852368
경기도,시흥시,202603,8005,중국음식,1516460000,48974,293.0,LOCALDATA,식품인허가 영업점,5175631.399317406,167.1467576791809
경기도,시흥시,202603,8301,제과점,742550000,60463,141.0,LOCALDATA,식품인허가 영업점,5266312.056737589,428.8156028368794
경기도,시흥시,202604,4010,편의점,5690270000,682795,552.0,국세청,가동사업자,10308460.144927537,1236.947463768116
경기도,시흥시,202604,4020,슈퍼마켓,6946830000,340604,355.0,국세청,가동사업자,19568535.211267605,959.4478873239436
경기도,시흥시,202604,8005,중국음식,1414600000,47004,294.0,LOCALDATA,식품인허가 영업점,4811564.62585034,159.87755102040816
경기도,시흥시,202604,8301,제과점,702210000,61638,140.0,LOCALDATA,식품인허가 영업점,5015785.714285715,440.27142857142854
경기도,시흥시,202605,4010,편의점,6115080000,720076,553.0,국세청,가동사업자,11058010.849909585,1302.126582278481
경기도,시흥시,202605,4020,슈퍼마켓,7438560000,357513,355.0,국세청,가동사업자,20953690.14084507,1007.0788732394366
경기도,시흥시,202605,8005,중국음식,1672530000,51839,293.0,LOCALDATA,식품인허가 영업점,5708293.515358361,176.92491467576792
경기도,시흥시,202605,8301,제과점,758880000,62282,139.0,LOCALDATA,식품인허가 영업점,5459568.345323741,448.0719424460432
경기도,시흥시,202606,4010,편의점,6008980000,719243,554.0,국세청,가동사업자,10846534.29602888,1298.2725631768953
경기도,시흥시,202606,4020,슈퍼마켓,6980580000,343580,354.0,국세청,가동사업자,19719152.542372882,970.5649717514125
경기도,시흥시,202606,8005,중국음식,1433550000,47362,292.0,LOCALDATA,식품인허가 영업점,4909417.808219178,162.1986301369863
경기도,시흥시,202606,8301,제과점,631910000,55626,137.0,LOCALDATA,식품인허가 영업점,4612481.751824818,406.02919708029196
경기도,안산시 단원구,202601,4010,편의점,4248380000,490673,375.0,국세청,가동사업자,11329013.333333334,1308.4613333333334
경기도,안산시 단원구,202601,4020,슈퍼마켓,5522240000,272792,260.0,국세청,가동사업자,21239384.615384616,1049.2
경기도,안산시 단원구,202601,8005,중국음식,1450400000,43949,262.0,LOCALDATA,식품인허가 영업점,5535877.862595419,167.74427480916032
경기도,안산시 단원구,202601,8301,제과점,511740000,42558,105.0,LOCALDATA,식품인허가 영업점,4873714.285714285,405.3142857142857
경기도,안산시 단원구,202602,4010,편의점,3935970000,447954,374.0,국세청,가동사업자,10523983.95721925,1197.7379679144385
경기도,안산시 단원구,202602,4020,슈퍼마켓,5591040000,259087,258.0,국세청,가동사업자,21670697.674418606,1004.2131782945736
경기도,안산시 단원구,202602,8005,중국음식,1375660000,40307,265.0,LOCALDATA,식품인허가 영업점,5191169.811320755,152.10188679245283
경기도,안산시 단원구,202602,8301,제과점,513290000,41234,104.0,LOCALDATA,식품인허가 영업점,4935480.769230769,396.4807692307692
경기도,안산시 단원구,202603,4010,편의점,4431480000,521537,372.0,국세청,가동사업자,11912580.64516129,1401.981182795699
경기도,안산시 단원구,202603,4020,슈퍼마켓,5266070000,283157,257.0,국세청,가동사업자,20490544.747081712,1101.7782101167315
경기도,안산시 단원구,202603,8005,중국음식,1483360000,45995,264.0,LOCALDATA,식품인허가 영업점,5618787.878787879,174.22348484848484
경기도,안산시 단원구,202603,8301,제과점,553790000,46658,105.0,LOCALDATA,식품인허가 영업점,5274190.476190476,444.3619047619048
경기도,안산시 단원구,202604,4010,편의점,4420880000,541214,370.0,국세청,가동사업자,11948324.324324325,1462.7405405405405
경기도,안산시 단원구,202604,4020,슈퍼마켓,5169610000,281626,258.0,국세청,가동사업자,20037248.062015504,1091.5736434108528
경기도,안산시 단원구,202604,8005,중국음식,1377360000,44184,264.0,LOCALDATA,식품인허가 영업점,5217272.7272727275,167.36363636363637
경기도,안산시 단원구,202604,8301,제과점,514660000,45963,103.0,LOCALDATA,식품인허가 영업점,4996699.029126214,446.24271844660194
경기도,안산시 단원구,202605,4010,편의점,4755390000,570158,373.0,국세청,가동사업자,12749034.852546917,1528.573726541555
경기도,안산시 단원구,202605,4020,슈퍼마켓,5493700000,295448,254.0,국세청,가동사업자,21628740.157480314,1163.1811023622047
경기도,안산시 단원구,202605,8005,중국음식,1610380000,48674,269.0,LOCALDATA,식품인허가 영업점,5986542.750929368,180.9442379182156
경기도,안산시 단원구,202605,8301,제과점,552540000,47353,103.0,LOCALDATA,식품인허가 영업점,5364466.019417476,459.7378640776699
경기도,안산시 단원구,202606,4010,편의점,4702300000,571654,372.0,국세청,가동사업자,12640591.397849463,1536.7043010752689
경기도,안산시 단원구,202606,4020,슈퍼마켓,5195050000,283775,251.0,국세청,가동사업자,20697410.358565737,1130.5776892430279
경기도,안산시 단원구,202606,8005,중국음식,1353270000,42888,272.0,LOCALDATA,식품인허가 영업점,4975257.352941177,157.6764705882353
경기도,안산시 단원구,202606,8301,제과점,470190000,42808,102.0,LOCALDATA,식품인허가 영업점,4609705.882352941,419.6862745098039
경기도,안산시 상록구,202601,4010,편의점,2868080000,339376,311.0,국세청,가동사업자,9222122.186495177,1091.24115755627
경기도,안산시 상록구,202601,4020,슈퍼마켓,4684830000,232157,188.0,국세청,가동사업자,24919308.510638297,1234.877659574468
경기도,안산시 상록구,202601,8005,중국음식,438200000,17389,150.0,LOCALDATA,식품인허가 영업점,2921333.3333333335,115.92666666666666
경기도,안산시 상록구,202601,8301,제과점,393660000,32373,92.0,LOCALDATA,식품인허가 영업점,4278913.043478261,351.8804347826087
경기도,안산시 상록구,202602,4010,편의점,2688650000,313642,314.0,국세청,가동사업자,8562579.617834395,998.859872611465
경기도,안산시 상록구,202602,4020,슈퍼마켓,4657560000,217789,187.0,국세청,가동사업자,24906737.96791444,1164.6470588235295
경기도,안산시 상록구,202602,8005,중국음식,403510000,15701,151.0,LOCALDATA,식품인허가 영업점,2672251.655629139,103.98013245033113
경기도,안산시 상록구,202602,8301,제과점,395810000,31287,95.0,LOCALDATA,식품인허가 영업점,4166421.052631579,329.33684210526314
경기도,안산시 상록구,202603,4010,편의점,3055430000,374216,314.0,국세청,가동사업자,9730668.789808918,1191.7707006369426
경기도,안산시 상록구,202603,4020,슈퍼마켓,4458800000,239551,185.0,국세청,가동사업자,24101621.62162162,1294.8702702702703
경기도,안산시 상록구,202603,8005,중국음식,453580000,19201,150.0,LOCALDATA,식품인허가 영업점,3023866.6666666665,128.00666666666666
경기도,안산시 상록구,202603,8301,제과점,417760000,34675,96.0,LOCALDATA,식품인허가 영업점,4351666.666666667,361.1979166666667
경기도,안산시 상록구,202604,4010,편의점,3048740000,386031,315.0,국세청,가동사업자,9678539.682539683,1225.4952380952382
경기도,안산시 상록구,202604,4020,슈퍼마켓,4328500000,237998,185.0,국세청,가동사업자,23397297.2972973,1286.4756756756756
경기도,안산시 상록구,202604,8005,중국음식,438040000,18751,148.0,LOCALDATA,식품인허가 영업점,2959729.7297297297,126.69594594594595
경기도,안산시 상록구,202604,8301,제과점,403820000,35933,97.0,LOCALDATA,식품인허가 영업점,4163092.783505155,370.44329896907215
경기도,안산시 상록구,202605,4010,편의점,3271060000,402909,317.0,국세청,가동사업자,10318801.261829654,1271.006309148265
경기도,안산시 상록구,202605,4020,슈퍼마켓,4489640000,243279,185.0,국세청,가동사업자,24268324.324324325,1315.0216216216215
경기도,안산시 상록구,202605,8005,중국음식,499200000,19961,148.0,LOCALDATA,식품인허가 영업점,3372972.972972973,134.8716216216216
경기도,안산시 상록구,202605,8301,제과점,421040000,35399,97.0,LOCALDATA,식품인허가 영업점,4340618.556701031,364.9381443298969
경기도,안산시 상록구,202606,4010,편의점,3197130000,402132,316.0,국세청,가동사업자,10117500.0,1272.5696202531647
경기도,안산시 상록구,202606,4020,슈퍼마켓,4242870000,233635,182.0,국세청,가동사업자,23312472.527472526,1283.7087912087911
경기도,안산시 상록구,202606,8005,중국음식,411500000,17514,148.0,LOCALDATA,식품인허가 영업점,2780405.4054054054,118.33783783783784
경기도,안산시 상록구,202606,8301,제과점,352600000,31615,97.0,LOCALDATA,식품인허가 영업점,3635051.5463917525,325.92783505154637
경기도,안성시,202601,4010,편의점,2264150000,232472,320.0,국세청,가동사업자,7075468.75,726.475
경기도,안성시,202601,4020,슈퍼마켓,2104430000,96892,158.0,국세청,가동사업자,13319177.215189874,613.2405063291139
경기도,안성시,202601,8005,중국음식,361520000,12597,112.0,LOCALDATA,식품인허가 영업점,3227857.1428571427,112.47321428571429
경기도,안성시,202601,8301,제과점,167180000,11997,51.0,LOCALDATA,식품인허가 영업점,3278039.2156862747,235.23529411764707
경기도,안성시,202602,4010,편의점,2076310000,212705,317.0,국세청,가동사업자,6549873.8170347,670.993690851735
경기도,안성시,202602,4020,슈퍼마켓,2176180000,97974,157.0,국세청,가동사업자,13861019.108280255,624.0382165605096
경기도,안성시,202602,8005,중국음식,328110000,11313,112.0,LOCALDATA,식품인허가 영업점,2929553.5714285714,101.00892857142857
경기도,안성시,202602,8301,제과점,168170000,11899,51.0,LOCALDATA,식품인허가 영업점,3297450.9803921566,233.31372549019608
경기도,안성시,202603,4010,편의점,2511180000,269706,321.0,국세청,가동사업자,7822990.654205607,840.2056074766355
경기도,안성시,202603,4020,슈퍼마켓,2020350000,97767,156.0,국세청,가동사업자,12950961.538461538,626.7115384615385
경기도,안성시,202603,8005,중국음식,405440000,14858,112.0,LOCALDATA,식품인허가 영업점,3620000.0,132.66071428571428
경기도,안성시,202603,8301,제과점,191560000,14195,50.0,LOCALDATA,식품인허가 영업점,3831200.0,283.9
경기도,안성시,202604,4010,편의점,2572160000,287081,320.0,국세청,가동사업자,8038000.0,897.128125
경기도,안성시,202604,4020,슈퍼마켓,1956600000,97922,156.0,국세청,가동사업자,12542307.692307692,627.7051282051282
경기도,안성시,202604,8005,중국음식,397150000,14980,113.0,LOCALDATA,식품인허가 영업점,3514601.7699115044,132.56637168141592
경기도,안성시,202604,8301,제과점,188220000,14432,50.0,LOCALDATA,식품인허가 영업점,3764400.0,288.64
경기도,안성시,202605,4010,편의점,2744020000,298135,323.0,국세청,가동사업자,8495417.956656346,923.0185758513932
경기도,안성시,202605,4020,슈퍼마켓,2185350000,110268,157.0,국세청,가동사업자,13919426.751592357,702.343949044586
경기도,안성시,202605,8005,중국음식,420350000,14965,114.0,LOCALDATA,식품인허가 영업점,3687280.701754386,131.2719298245614
경기도,안성시,202605,8301,제과점,197330000,14396,49.0,LOCALDATA,식품인허가 영업점,4027142.8571428573,293.7959183673469
경기도,안성시,202606,4010,편의점,2737500000,300117,320.0,국세청,가동사업자,8554687.5,937.865625
경기도,안성시,202606,4020,슈퍼마켓,1951810000,98494,154.0,국세청,가동사업자,12674090.909090908,639.5714285714286
경기도,안성시,202606,8005,중국음식,363670000,13832,114.0,LOCALDATA,식품인허가 영업점,3190087.7192982454,121.33333333333333
경기도,안성시,202606,8301,제과점,172810000,13375,49.0,LOCALDATA,식품인허가 영업점,3526734.6938775512,272.9591836734694
경기도,안양시 동안구,202601,4010,편의점,1938350000,263792,255.0,국세청,가동사업자,7601372.549019608,1034.478431372549
경기도,안양시 동안구,202601,4020,슈퍼마켓,1194350000,73019,153.0,국세청,가동사업자,7806209.150326798,477.2483660130719
경기도,안양시 동안구,202601,8005,중국음식,493670000,16946,127.0,LOCALDATA,식품인허가 영업점,3887165.3543307087,133.43307086614172
경기도,안양시 동안구,202601,8301,제과점,490160000,43435,135.0,LOCALDATA,식품인허가 영업점,3630814.814814815,321.74074074074076
경기도,안양시 동안구,202602,4010,편의점,1791460000,239073,256.0,국세청,가동사업자,6997890.625,933.87890625
경기도,안양시 동안구,202602,4020,슈퍼마켓,1192240000,68163,154.0,국세청,가동사업자,7741818.181818182,442.6168831168831
경기도,안양시 동안구,202602,8005,중국음식,443690000,14870,128.0,LOCALDATA,식품인허가 영업점,3466328.125,116.171875
경기도,안양시 동안구,202602,8301,제과점,489740000,42128,134.0,LOCALDATA,식품인허가 영업점,3654776.119402985,314.3880597014925
경기도,안양시 동안구,202603,4010,편의점,2138590000,287095,259.0,국세청,가동사업자,8257104.247104247,1108.4749034749034
경기도,안양시 동안구,202603,4020,슈퍼마켓,1142860000,75701,154.0,국세청,가동사업자,7421168.831168831,491.56493506493507
경기도,안양시 동안구,202603,8005,중국음식,476890000,16637,127.0,LOCALDATA,식품인허가 영업점,3755039.37007874,131.0
경기도,안양시 동안구,202603,8301,제과점,567240000,49560,132.0,LOCALDATA,식품인허가 영업점,4297272.7272727275,375.45454545454544
경기도,안양시 동안구,202604,4010,편의점,2076200000,294792,256.0,국세청,가동사업자,8110156.25,1151.53125
경기도,안양시 동안구,202604,4020,슈퍼마켓,1079480000,71981,152.0,국세청,가동사업자,7101842.105263158,473.5592105263158
경기도,안양시 동안구,202604,8005,중국음식,468290000,17114,132.0,LOCALDATA,식품인허가 영업점,3547651.515151515,129.65151515151516
경기도,안양시 동안구,202604,8301,제과점,513980000,49840,131.0,LOCALDATA,식품인허가 영업점,3923511.4503816795,380.4580152671756
경기도,안양시 동안구,202605,4010,편의점,2166480000,295033,255.0,국세청,가동사업자,8496000.0,1156.992156862745
경기도,안양시 동안구,202605,4020,슈퍼마켓,1177080000,74274,155.0,국세청,가동사업자,7594064.516129033,479.18709677419355
경기도,안양시 동안구,202605,8005,중국음식,513510000,17057,131.0,LOCALDATA,식품인허가 영업점,3919923.6641221372,130.206106870229
경기도,안양시 동안구,202605,8301,제과점,532800000,48125,132.0,LOCALDATA,식품인허가 영업점,4036363.6363636362,364.5833333333333
경기도,안양시 동안구,202606,4010,편의점,2146360000,298802,259.0,국세청,가동사업자,8287104.247104247,1153.6756756756756
경기도,안양시 동안구,202606,4020,슈퍼마켓,1104590000,70704,156.0,국세청,가동사업자,7080705.128205128,453.2307692307692
경기도,안양시 동안구,202606,8005,중국음식,446740000,16190,132.0,LOCALDATA,식품인허가 영업점,3384393.9393939395,122.65151515151516
경기도,안양시 동안구,202606,8301,제과점,445890000,44064,131.0,LOCALDATA,식품인허가 영업점,3403740.4580152673,336.36641221374043
경기도,안양시 만안구,202601,4010,편의점,1554480000,199053,195.0,국세청,가동사업자,7971692.307692308,1020.7846153846153
경기도,안양시 만안구,202601,4020,슈퍼마켓,1974540000,123602,151.0,국세청,가동사업자,13076423.841059603,818.5562913907285
경기도,안양시 만안구,202601,8005,중국음식,334900000,12927,116.0,LOCALDATA,식품인허가 영업점,2887068.9655172415,111.4396551724138
경기도,안양시 만안구,202601,8301,제과점,259660000,25288,72.0,LOCALDATA,식품인허가 영업점,3606388.888888889,351.22222222222223
경기도,안양시 만안구,202602,4010,편의점,1459660000,185328,196.0,국세청,가동사업자,7447244.897959184,945.5510204081633
경기도,안양시 만안구,202602,4020,슈퍼마켓,1962140000,116884,152.0,국세청,가동사업자,12908815.789473685,768.9736842105264
경기도,안양시 만안구,202602,8005,중국음식,316330000,12191,117.0,LOCALDATA,식품인허가 영업점,2703675.2136752135,104.19658119658119
경기도,안양시 만안구,202602,8301,제과점,280870000,24936,73.0,LOCALDATA,식품인허가 영업점,3847534.2465753425,341.5890410958904
경기도,안양시 만안구,202603,4010,편의점,1713550000,229044,196.0,국세청,가동사업자,8742602.040816326,1168.591836734694
경기도,안양시 만안구,202603,4020,슈퍼마켓,1919550000,130801,152.0,국세청,가동사업자,12628618.421052631,860.5328947368421
경기도,안양시 만안구,202603,8005,중국음식,338480000,13805,118.0,LOCALDATA,식품인허가 영업점,2868474.5762711866,116.99152542372882
경기도,안양시 만안구,202603,8301,제과점,285970000,27784,74.0,LOCALDATA,식품인허가 영업점,3864459.4594594594,375.4594594594595
경기도,안양시 만안구,202604,4010,편의점,1670850000,233337,194.0,국세청,가동사업자,8612628.86597938,1202.7680412371135
경기도,안양시 만안구,202604,4020,슈퍼마켓,1878480000,129391,151.0,국세청,가동사업자,12440264.90066225,856.8940397350993
경기도,안양시 만안구,202604,8005,중국음식,325690000,13639,119.0,LOCALDATA,식품인허가 영업점,2736890.756302521,114.61344537815125
경기도,안양시 만안구,202604,8301,제과점,277590000,28753,73.0,LOCALDATA,식품인허가 영업점,3802602.7397260275,393.8767123287671
경기도,안양시 만안구,202605,4010,편의점,1742890000,235855,194.0,국세청,가동사업자,8983969.072164949,1215.7474226804125
경기도,안양시 만안구,202605,4020,슈퍼마켓,1961360000,130540,151.0,국세청,가동사업자,12989139.072847683,864.5033112582781
경기도,안양시 만안구,202605,8005,중국음식,366960000,14346,119.0,LOCALDATA,식품인허가 영업점,3083697.4789915965,120.5546218487395
경기도,안양시 만안구,202605,8301,제과점,282790000,27786,74.0,LOCALDATA,식품인허가 영업점,3821486.4864864866,375.4864864864865
경기도,안양시 만안구,202606,4010,편의점,1725270000,233648,197.0,국세청,가동사업자,8757715.736040609,1186.030456852792
경기도,안양시 만안구,202606,4020,슈퍼마켓,1882790000,126702,151.0,국세청,가동사업자,12468807.947019868,839.0860927152318
경기도,안양시 만안구,202606,8005,중국음식,328090000,13523,119.0,LOCALDATA,식품인허가 영업점,2757058.8235294116,113.63865546218487
경기도,안양시 만안구,202606,8301,제과점,239230000,24611,72.0,LOCALDATA,식품인허가 영업점,3322638.888888889,341.81944444444446
경기도,양주시,202601,4010,편의점,1815920000,197917,319.0,국세청,가동사업자,5692539.184952978,620.4294670846396
경기도,양주시,202601,4020,슈퍼마켓,3321320000,91664,144.0,국세청,가동사업자,23064722.222222224,636.5555555555555
경기도,양주시,202601,8005,중국음식,376880000,13922,133.0,LOCALDATA,식품인허가 영업점,2833684.210526316,104.67669172932331
경기도,양주시,202601,8301,제과점,278420000,21758,68.0,LOCALDATA,식품인허가 영업점,4094411.7647058824,319.97058823529414
경기도,양주시,202602,4010,편의점,1700460000,184126,316.0,국세청,가동사업자,5381202.53164557,582.6772151898734
경기도,양주시,202602,4020,슈퍼마켓,3369810000,87755,144.0,국세청,가동사업자,23401458.333333332,609.4097222222222
경기도,양주시,202602,8005,중국음식,353260000,13015,134.0,LOCALDATA,식품인허가 영업점,2636268.656716418,97.1268656716418
경기도,양주시,202602,8301,제과점,282390000,21163,67.0,LOCALDATA,식품인허가 영업점,4214776.119402985,315.86567164179104
경기도,양주시,202603,4010,편의점,1978450000,219882,316.0,국세청,가동사업자,6260917.721518988,695.8291139240506
경기도,양주시,202603,4020,슈퍼마켓,3088710000,94734,141.0,국세청,가동사업자,21905744.680851065,671.8723404255319
경기도,양주시,202603,8005,중국음식,393740000,14820,134.0,LOCALDATA,식품인허가 영업점,2938358.2089552237,110.59701492537313
경기도,양주시,202603,8301,제과점,312810000,24328,68.0,LOCALDATA,식품인허가 영업점,4600147.05882353,357.7647058823529
경기도,양주시,202604,4010,편의점,1970300000,227481,316.0,국세청,가동사업자,6235126.582278481,719.876582278481
경기도,양주시,202604,4020,슈퍼마켓,2928360000,91704,141.0,국세청,가동사업자,20768510.63829787,650.3829787234042
경기도,양주시,202604,8005,중국음식,379890000,14667,135.0,LOCALDATA,식품인허가 영업점,2814000.0,108.64444444444445
경기도,양주시,202604,8301,제과점,291500000,24756,68.0,LOCALDATA,식품인허가 영업점,4286764.705882353,364.05882352941177
경기도,양주시,202605,4010,편의점,2124150000,236893,316.0,국세청,가동사업자,6721993.670886076,749.6613924050633
경기도,양주시,202605,4020,슈퍼마켓,3121040000,96005,141.0,국세청,가동사업자,22135035.460992906,680.886524822695
경기도,양주시,202605,8005,중국음식,432830000,15863,135.0,LOCALDATA,식품인허가 영업점,3206148.1481481483,117.5037037037037
경기도,양주시,202605,8301,제과점,315580000,25012,69.0,LOCALDATA,식품인허가 영업점,4573623.188405797,362.4927536231884
경기도,양주시,202606,4010,편의점,2055240000,234301,315.0,국세청,가동사업자,6524571.428571428,743.8126984126984
경기도,양주시,202606,4020,슈퍼마켓,3079720000,96287,143.0,국세청,가동사업자,21536503.496503495,673.3356643356643
경기도,양주시,202606,8005,중국음식,363450000,13943,136.0,LOCALDATA,식품인허가 영업점,2672426.470588235,102.5220588235294
경기도,양주시,202606,8301,제과점,265200000,22789,70.0,LOCALDATA,식품인허가 영업점,3788571.4285714286,325.5571428571429
경기도,양평군,202601,4010,편의점,555730000,58353,150.0,국세청,가동사업자,3704866.6666666665,389.02
경기도,양평군,202601,4020,슈퍼마켓,1106010000,37562,70.0,국세청,가동사업자,15800142.857142856,536.6
경기도,양평군,202601,8005,중국음식,105850000,3441,43.0,LOCALDATA,식품인허가 영업점,2461627.906976744,80.02325581395348
경기도,양평군,202601,8301,제과점,95570000,6542,44.0,LOCALDATA,식품인허가 영업점,2172045.4545454546,148.6818181818182
경기도,양평군,202602,4010,편의점,555060000,58755,150.0,국세청,가동사업자,3700400.0,391.7
경기도,양평군,202602,4020,슈퍼마켓,1156240000,36286,69.0,국세청,가동사업자,16757101.449275363,525.8840579710145
경기도,양평군,202602,8005,중국음식,96800000,3102,43.0,LOCALDATA,식품인허가 영업점,2251162.7906976743,72.13953488372093
경기도,양평군,202602,8301,제과점,97660000,6472,44.0,LOCALDATA,식품인허가 영업점,2219545.4545454546,147.0909090909091
경기도,양평군,202603,4010,편의점,627450000,68156,151.0,국세청,가동사업자,4155298.013245033,451.36423841059604
경기도,양평군,202603,4020,슈퍼마켓,1034820000,38098,69.0,국세청,가동사업자,14997391.304347826,552.1449275362319
경기도,양평군,202603,8005,중국음식,110300000,3723,41.0,LOCALDATA,식품인허가 영업점,2690243.9024390243,90.8048780487805
경기도,양평군,202603,8301,제과점,107510000,7595,45.0,LOCALDATA,식품인허가 영업점,2389111.111111111,168.77777777777777
경기도,양평군,202604,4010,편의점,687460000,76396,151.0,국세청,가동사업자,4552715.231788079,505.9337748344371
경기도,양평군,202604,4020,슈퍼마켓,1094290000,39801,70.0,국세청,가동사업자,15632714.285714285,568.5857142857143
경기도,양평군,202604,8005,중국음식,118390000,3867,41.0,LOCALDATA,식품인허가 영업점,2887560.975609756,94.3170731707317
경기도,양평군,202604,8301,제과점,106830000,7944,47.0,LOCALDATA,식품인허가 영업점,2272978.723404255,169.0212765957447
경기도,양평군,202605,4010,편의점,777540000,84611,150.0,국세청,가동사업자,5183600.0,564.0733333333334
경기도,양평군,202605,4020,슈퍼마켓,1276130000,44498,71.0,국세청,가동사업자,17973661.971830986,626.7323943661971
경기도,양평군,202605,8005,중국음식,131070000,4150,41.0,LOCALDATA,식품인허가 영업점,3196829.2682926827,101.21951219512195
경기도,양평군,202605,8301,제과점,125050000,8362,46.0,LOCALDATA,식품인허가 영업점,2718478.2608695654,181.7826086956522
경기도,양평군,202606,4010,편의점,745230000,82004,148.0,국세청,가동사업자,5035337.837837838,554.081081081081
경기도,양평군,202606,4020,슈퍼마켓,1138040000,41348,69.0,국세청,가동사업자,16493333.333333334,599.2463768115942
경기도,양평군,202606,8005,중국음식,112280000,3721,42.0,LOCALDATA,식품인허가 영업점,2673333.3333333335,88.5952380952381
경기도,양평군,202606,8301,제과점,104730000,7495,47.0,LOCALDATA,식품인허가 영업점,2228297.8723404254,159.46808510638297
경기도,여주시,202601,4010,편의점,1076640000,111186,182.0,국세청,가동사업자,5915604.395604395,610.9120879120879
경기도,여주시,202601,4020,슈퍼마켓,535160000,21643,71.0,국세청,가동사업자,7537464.788732395,304.83098591549293
경기도,여주시,202601,8005,중국음식,179940000,5936,60.0,LOCALDATA,식품인허가 영업점,2999000.0,98.93333333333334
경기도,여주시,202601,8301,제과점,89610000,6173,33.0,LOCALDATA,식품인허가 영업점,2715454.5454545454,187.06060606060606
경기도,여주시,202602,4010,편의점,1091520000,113695,181.0,국세청,가동사업자,6030497.237569061,628.1491712707183
경기도,여주시,202602,4020,슈퍼마켓,553240000,21018,70.0,국세청,가동사업자,7903428.571428572,300.25714285714287
경기도,여주시,202602,8005,중국음식,165260000,5407,60.0,LOCALDATA,식품인허가 영업점,2754333.3333333335,90.11666666666666
경기도,여주시,202602,8301,제과점,93070000,6027,33.0,LOCALDATA,식품인허가 영업점,2820303.0303030303,182.63636363636363
경기도,여주시,202603,4010,편의점,1162010000,122457,182.0,국세청,가동사업자,6384670.32967033,672.8406593406594
경기도,여주시,202603,4020,슈퍼마켓,581870000,23619,70.0,국세청,가동사업자,8312428.571428572,337.4142857142857
경기도,여주시,202603,8005,중국음식,180260000,6218,60.0,LOCALDATA,식품인허가 영업점,3004333.3333333335,103.63333333333334
경기도,여주시,202603,8301,제과점,100460000,7033,32.0,LOCALDATA,식품인허가 영업점,3139375.0,219.78125
경기도,여주시,202604,4010,편의점,1168590000,126455,182.0,국세청,가동사업자,6420824.175824176,694.8076923076923
경기도,여주시,202604,4020,슈퍼마켓,567620000,24134,69.0,국세청,가동사업자,8226376.811594203,349.768115942029
경기도,여주시,202604,8005,중국음식,182890000,6333,60.0,LOCALDATA,식품인허가 영업점,3048166.6666666665,105.55
경기도,여주시,202604,8301,제과점,97110000,6970,33.0,LOCALDATA,식품인허가 영업점,2942727.272727273,211.21212121212122
경기도,여주시,202605,4010,편의점,1330540000,142852,180.0,국세청,가동사업자,7391888.888888889,793.6222222222223
경기도,여주시,202605,4020,슈퍼마켓,660950000,27376,69.0,국세청,가동사업자,9578985.507246377,396.7536231884058
경기도,여주시,202605,8005,중국음식,199540000,6615,60.0,LOCALDATA,식품인허가 영업점,3325666.6666666665,110.25
경기도,여주시,202605,8301,제과점,118660000,7708,32.0,LOCALDATA,식품인허가 영업점,3708125.0,240.875
경기도,여주시,202606,4010,편의점,1234690000,131825,178.0,국세청,가동사업자,6936460.674157304,740.5898876404494
경기도,여주시,202606,4020,슈퍼마켓,606960000,26340,70.0,국세청,가동사업자,8670857.142857144,376.2857142857143
경기도,여주시,202606,8005,중국음식,156770000,5563,60.0,LOCALDATA,식품인허가 영업점,2612833.3333333335,92.71666666666667
경기도,여주시,202606,8301,제과점,93670000,6668,33.0,LOCALDATA,식품인허가 영업점,2838484.8484848486,202.06060606060606
경기도,연천군,202601,4010,편의점,240370000,22264,63.0,국세청,가동사업자,3815396.8253968256,353.3968253968254
경기도,연천군,202601,4020,슈퍼마켓,293970000,9149,27.0,국세청,가동사업자,10887777.777777778,338.85185185185185
경기도,연천군,202601,8005,중국음식,43430000,1584,26.0,LOCALDATA,식품인허가 영업점,1670384.6153846155,60.92307692307692
경기도,연천군,202601,8301,제과점,31590000,2172,11.0,LOCALDATA,식품인허가 영업점,2871818.1818181816,197.45454545454547
경기도,연천군,202602,4010,편의점,237890000,22206,62.0,국세청,가동사업자,3836935.4838709678,358.16129032258067
경기도,연천군,202602,4020,슈퍼마켓,300880000,8645,28.0,국세청,가동사업자,10745714.285714285,308.75
경기도,연천군,202602,8005,중국음식,43130000,1470,25.0,LOCALDATA,식품인허가 영업점,1725200.0,58.8
경기도,연천군,202602,8301,제과점,32610000,2118,11.0,LOCALDATA,식품인허가 영업점,2964545.4545454546,192.54545454545453
경기도,연천군,202603,4010,편의점,254840000,24413,61.0,국세청,가동사업자,4177704.918032787,400.21311475409834
경기도,연천군,202603,4020,슈퍼마켓,263530000,8608,28.0,국세청,가동사업자,9411785.714285715,307.42857142857144
경기도,연천군,202603,8005,중국음식,45160000,1654,26.0,LOCALDATA,식품인허가 영업점,1736923.076923077,63.61538461538461
경기도,연천군,202603,8301,제과점,27770000,1951,11.0,LOCALDATA,식품인허가 영업점,2524545.4545454546,177.36363636363637
경기도,연천군,202604,4010,편의점,255140000,25332,61.0,국세청,가동사업자,4182622.950819672,415.27868852459017
경기도,연천군,202604,4020,슈퍼마켓,276780000,8883,28.0,국세청,가동사업자,9885000.0,317.25
경기도,연천군,202604,8005,중국음식,42870000,1571,27.0,LOCALDATA,식품인허가 영업점,1587777.7777777778,58.18518518518518
경기도,연천군,202604,8301,제과점,25190000,1862,11.0,LOCALDATA,식품인허가 영업점,2290000.0,169.27272727272728
경기도,연천군,202605,4010,편의점,287530000,27652,62.0,국세청,가동사업자,4637580.645161291,446.0
경기도,연천군,202605,4020,슈퍼마켓,303300000,9861,28.0,국세청,가동사업자,10832142.857142856,352.17857142857144
경기도,연천군,202605,8005,중국음식,52330000,1779,26.0,LOCALDATA,식품인허가 영업점,2012692.3076923077,68.42307692307692
경기도,연천군,202605,8301,제과점,31150000,2204,11.0,LOCALDATA,식품인허가 영업점,2831818.1818181816,200.36363636363637
경기도,연천군,202606,4010,편의점,281000000,27778,60.0,국세청,가동사업자,4683333.333333333,462.96666666666664
경기도,연천군,202606,4020,슈퍼마켓,288760000,9450,29.0,국세청,가동사업자,9957241.379310345,325.86206896551727
경기도,연천군,202606,8005,중국음식,44450000,1575,26.0,LOCALDATA,식품인허가 영업점,1709615.3846153845,60.57692307692308
경기도,연천군,202606,8301,제과점,24640000,1815,11.0,LOCALDATA,식품인허가 영업점,2240000.0,165.0
경기도,오산시,202601,4010,편의점,2245030000,261667,281.0,국세청,가동사업자,7989430.604982207,931.1992882562278
경기도,오산시,202601,4020,슈퍼마켓,2539720000,104712,130.0,국세청,가동사업자,19536307.692307692,805.4769230769231
경기도,오산시,202601,8005,중국음식,603760000,19722,150.0,LOCALDATA,식품인허가 영업점,4025066.6666666665,131.48
경기도,오산시,202601,8301,제과점,277440000,23236,76.0,LOCALDATA,식품인허가 영업점,3650526.3157894737,305.7368421052632
경기도,오산시,202602,4010,편의점,2085280000,239834,282.0,국세청,가동사업자,7394609.929078015,850.4751773049645
경기도,오산시,202602,4020,슈퍼마켓,2456070000,96896,132.0,국세청,가동사업자,18606590.90909091,734.060606060606
경기도,오산시,202602,8005,중국음식,589080000,18228,149.0,LOCALDATA,식품인허가 영업점,3953557.046979866,122.33557046979865
경기도,오산시,202602,8301,제과점,281110000,22631,77.0,LOCALDATA,식품인허가 영업점,3650779.2207792206,293.90909090909093
경기도,오산시,202603,4010,편의점,2390610000,285004,282.0,국세청,가동사업자,8477340.425531914,1010.6524822695036
경기도,오산시,202603,4020,슈퍼마켓,2420420000,107487,131.0,국세청,가동사업자,18476488.549618322,820.5114503816794
경기도,오산시,202603,8005,중국음식,586990000,19709,151.0,LOCALDATA,식품인허가 영업점,3887350.9933774834,130.52317880794703
경기도,오산시,202603,8301,제과점,304760000,26150,77.0,LOCALDATA,식품인허가 영업점,3957922.077922078,339.61038961038963
경기도,오산시,202604,4010,편의점,2348860000,291741,278.0,국세청,가동사업자,8449136.690647483,1049.428057553957
경기도,오산시,202604,4020,슈퍼마켓,2289280000,104417,127.0,국세청,가동사업자,18025826.771653544,822.1811023622047
경기도,오산시,202604,8005,중국음식,582500000,19855,151.0,LOCALDATA,식품인허가 영업점,3857615.894039735,131.49006622516555
경기도,오산시,202604,8301,제과점,302260000,27485,76.0,LOCALDATA,식품인허가 영업점,3977105.263157895,361.64473684210526
경기도,오산시,202605,4010,편의점,2535050000,305232,283.0,국세청,가동사업자,8957773.851590106,1078.5583038869258
경기도,오산시,202605,4020,슈퍼마켓,2481930000,109154,129.0,국세청,가동사업자,19239767.441860463,846.1550387596899
경기도,오산시,202605,8005,중국음식,657830000,21027,151.0,LOCALDATA,식품인허가 영업점,4356490.0662251655,139.25165562913907
경기도,오산시,202605,8301,제과점,311380000,26861,76.0,LOCALDATA,식품인허가 영업점,4097105.263157895,353.4342105263158
경기도,오산시,202606,4010,편의점,2477840000,300750,285.0,국세청,가동사업자,8694175.43859649,1055.2631578947369
경기도,오산시,202606,4020,슈퍼마켓,2301440000,104646,129.0,국세청,가동사업자,17840620.15503876,811.2093023255813
경기도,오산시,202606,8005,중국음식,561690000,19099,150.0,LOCALDATA,식품인허가 영업점,3744600.0,127.32666666666667
경기도,오산시,202606,8301,제과점,263950000,23667,75.0,LOCALDATA,식품인허가 영업점,3519333.3333333335,315.56
경기도,용인시 기흥구,202601,4010,편의점,1923900000,243966,342.0,국세청,가동사업자,5625438.596491228,713.3508771929825
경기도,용인시 기흥구,202601,4020,슈퍼마켓,1804420000,74314,167.0,국세청,가동사업자,10804910.179640718,444.9940119760479
경기도,용인시 기흥구,202601,8005,중국음식,385040000,14326,119.0,LOCALDATA,식품인허가 영업점,3235630.25210084,120.38655462184875
경기도,용인시 기흥구,202601,8301,제과점,449480000,40589,117.0,LOCALDATA,식품인허가 영업점,3841709.4017094015,346.9145299145299
경기도,용인시 기흥구,202602,4010,편의점,1784390000,221546,342.0,국세청,가동사업자,5217514.619883041,647.7953216374269
경기도,용인시 기흥구,202602,4020,슈퍼마켓,1777620000,69972,165.0,국세청,가동사업자,10773454.545454545,424.07272727272726
경기도,용인시 기흥구,202602,8005,중국음식,357170000,13200,118.0,LOCALDATA,식품인허가 영업점,3026864.406779661,111.86440677966101
경기도,용인시 기흥구,202602,8301,제과점,440390000,38760,120.0,LOCALDATA,식품인허가 영업점,3669916.6666666665,323.0
경기도,용인시 기흥구,202603,4010,편의점,2155690000,282326,341.0,국세청,가동사업자,6321671.5542522,827.9354838709677
경기도,용인시 기흥구,202603,4020,슈퍼마켓,1704070000,78394,163.0,국세청,가동사업자,10454417.177914111,480.9447852760736
경기도,용인시 기흥구,202603,8005,중국음식,403740000,15875,120.0,LOCALDATA,식품인허가 영업점,3364500.0,132.29166666666666
경기도,용인시 기흥구,202603,8301,제과점,503460000,44757,119.0,LOCALDATA,식품인허가 영업점,4230756.302521008,376.109243697479
경기도,용인시 기흥구,202604,4010,편의점,2086560000,290069,343.0,국세청,가동사업자,6083265.306122449,845.6822157434402
경기도,용인시 기흥구,202604,4020,슈퍼마켓,1625520000,75064,164.0,국세청,가동사업자,9911707.31707317,457.7073170731707
경기도,용인시 기흥구,202604,8005,중국음식,376330000,15082,119.0,LOCALDATA,식품인허가 영업점,3162436.974789916,126.73949579831933
경기도,용인시 기흥구,202604,8301,제과점,477420000,46315,120.0,LOCALDATA,식품인허가 영업점,3978500.0,385.9583333333333
경기도,용인시 기흥구,202605,4010,편의점,2204030000,290882,345.0,국세청,가동사업자,6388492.7536231885,843.136231884058
경기도,용인시 기흥구,202605,4020,슈퍼마켓,1729520000,77350,164.0,국세청,가동사업자,10545853.658536585,471.6463414634146
경기도,용인시 기흥구,202605,8005,중국음식,405510000,15027,120.0,LOCALDATA,식품인허가 영업점,3379250.0,125.225
경기도,용인시 기흥구,202605,8301,제과점,475050000,43289,121.0,LOCALDATA,식품인허가 영업점,3926033.0578512396,357.7603305785124
경기도,용인시 기흥구,202606,4010,편의점,2191520000,291312,338.0,국세청,가동사업자,6483786.9822485205,861.8698224852071
경기도,용인시 기흥구,202606,4020,슈퍼마켓,1622210000,73749,164.0,국세청,가동사업자,9891524.390243903,449.6890243902439
경기도,용인시 기흥구,202606,8005,중국음식,359500000,14158,119.0,LOCALDATA,식품인허가 영업점,3021008.4033613447,118.97478991596638
경기도,용인시 기흥구,202606,8301,제과점,430610000,41692,120.0,LOCALDATA,식품인허가 영업점,3588416.6666666665,347.43333333333334
경기도,용인시 수지구,202601,4010,편의점,1291330000,166227,223.0,국세청,가동사업자,5790717.488789238,745.4125560538116
경기도,용인시 수지구,202601,4020,슈퍼마켓,1401760000,53515,102.0,국세청,가동사업자,13742745.098039215,524.656862745098
경기도,용인시 수지구,202601,8005,중국음식,425940000,12063,97.0,LOCALDATA,식품인허가 영업점,4391134.020618557,124.36082474226804
경기도,용인시 수지구,202601,8301,제과점,392170000,32016,109.0,LOCALDATA,식품인허가 영업점,3597889.908256881,293.72477064220186
경기도,용인시 수지구,202602,4010,편의점,1193350000,151030,221.0,국세청,가동사업자,5399773.755656108,683.393665158371
경기도,용인시 수지구,202602,4020,슈퍼마켓,1380270000,51377,103.0,국세청,가동사업자,13400679.611650486,498.80582524271847
경기도,용인시 수지구,202602,8005,중국음식,400620000,11103,98.0,LOCALDATA,식품인허가 영업점,4087959.1836734693,113.29591836734694
경기도,용인시 수지구,202602,8301,제과점,389040000,30773,109.0,LOCALDATA,식품인허가 영업점,3569174.3119266056,282.3211009174312
경기도,용인시 수지구,202603,4010,편의점,1453000000,187331,221.0,국세청,가동사업자,6574660.633484163,847.6515837104073
경기도,용인시 수지구,202603,4020,슈퍼마켓,1836930000,68274,100.0,국세청,가동사업자,18369300.0,682.74
경기도,용인시 수지구,202603,8005,중국음식,408020000,12412,97.0,LOCALDATA,식품인허가 영업점,4206391.75257732,127.95876288659794
경기도,용인시 수지구,202603,8301,제과점,429880000,35381,113.0,LOCALDATA,식품인허가 영업점,3804247.7876106193,313.1061946902655
경기도,용인시 수지구,202604,4010,편의점,1359560000,191926,220.0,국세청,가동사업자,6179818.181818182,872.3909090909091
경기도,용인시 수지구,202604,4020,슈퍼마켓,1533810000,62464,102.0,국세청,가동사업자,15037352.94117647,612.3921568627451
경기도,용인시 수지구,202604,8005,중국음식,371220000,12028,97.0,LOCALDATA,식품인허가 영업점,3827010.3092783503,124.0
경기도,용인시 수지구,202604,8301,제과점,426300000,37583,113.0,LOCALDATA,식품인허가 영업점,3772566.371681416,332.5929203539823
경기도,용인시 수지구,202605,4010,편의점,1442300000,192503,221.0,국세청,가동사업자,6526244.343891403,871.0542986425339
경기도,용인시 수지구,202605,4020,슈퍼마켓,1532190000,57225,102.0,국세청,가동사업자,15021470.588235294,561.0294117647059
경기도,용인시 수지구,202605,8005,중국음식,441330000,12057,99.0,LOCALDATA,식품인허가 영업점,4457878.787878788,121.78787878787878
경기도,용인시 수지구,202605,8301,제과점,453560000,36790,113.0,LOCALDATA,식품인허가 영업점,4013805.309734513,325.57522123893807
경기도,용인시 수지구,202606,4010,편의점,1444200000,191905,219.0,국세청,가동사업자,6594520.547945205,876.2785388127854
경기도,용인시 수지구,202606,4020,슈퍼마켓,1424100000,53951,103.0,국세청,가동사업자,13826213.59223301,523.7961165048544
경기도,용인시 수지구,202606,8005,중국음식,368290000,11318,98.0,LOCALDATA,식품인허가 영업점,3758061.224489796,115.48979591836735
경기도,용인시 수지구,202606,8301,제과점,395410000,34419,113.0,LOCALDATA,식품인허가 영업점,3499203.5398230087,304.5929203539823
경기도,용인시 처인구,202601,4010,편의점,2547750000,277919,430.0,국세청,가동사업자,5925000.0,646.3232558139534
경기도,용인시 처인구,202601,4020,슈퍼마켓,1747470000,74547,192.0,국세청,가동사업자,9101406.25,388.265625
경기도,용인시 처인구,202601,8005,중국음식,440370000,14659,132.0,LOCALDATA,식품인허가 영업점,3336136.3636363638,111.0530303030303
경기도,용인시 처인구,202601,8301,제과점,252190000,19931,77.0,LOCALDATA,식품인허가 영업점,3275194.8051948054,258.84415584415586
경기도,용인시 처인구,202602,4010,편의점,2375010000,259207,429.0,국세청,가동사업자,5536153.846153846,604.2121212121212
경기도,용인시 처인구,202602,4020,슈퍼마켓,1813740000,75362,194.0,국세청,가동사업자,9349175.25773196,388.4639175257732
경기도,용인시 처인구,202602,8005,중국음식,433440000,13945,134.0,LOCALDATA,식품인허가 영업점,3234626.8656716417,104.06716417910448
경기도,용인시 처인구,202602,8301,제과점,246720000,18582,77.0,LOCALDATA,식품인허가 영업점,3204155.8441558443,241.32467532467533
경기도,용인시 처인구,202603,4010,편의점,2943430000,337164,433.0,국세청,가동사업자,6797759.815242494,778.6697459584295
경기도,용인시 처인구,202603,4020,슈퍼마켓,1815800000,78363,191.0,국세청,가동사업자,9506806.282722512,410.27748691099475
경기도,용인시 처인구,202603,8005,중국음식,478250000,16544,134.0,LOCALDATA,식품인허가 영업점,3569029.850746269,123.46268656716418
경기도,용인시 처인구,202603,8301,제과점,270200000,23082,78.0,LOCALDATA,식품인허가 영업점,3464102.564102564,295.9230769230769
경기도,용인시 처인구,202604,4010,편의점,2952900000,355138,437.0,국세청,가동사업자,6757208.23798627,812.6727688787186
경기도,용인시 처인구,202604,4020,슈퍼마켓,1845910000,79903,193.0,국세청,가동사업자,9564300.518134715,414.00518134715026
경기도,용인시 처인구,202604,8005,중국음식,448210000,15618,133.0,LOCALDATA,식품인허가 영업점,3370000.0,117.42857142857143
경기도,용인시 처인구,202604,8301,제과점,262170000,23718,78.0,LOCALDATA,식품인허가 영업점,3361153.846153846,304.0769230769231
경기도,용인시 처인구,202605,4010,편의점,3174650000,370532,438.0,국세청,가동사업자,7248059.360730594,845.9634703196347
경기도,용인시 처인구,202605,4020,슈퍼마켓,1989420000,87294,192.0,국세청,가동사업자,10361562.5,454.65625
경기도,용인시 처인구,202605,8005,중국음식,505980000,16576,135.0,LOCALDATA,식품인허가 영업점,3748000.0,122.78518518518518
경기도,용인시 처인구,202605,8301,제과점,275150000,23439,78.0,LOCALDATA,식품인허가 영업점,3527564.1025641025,300.5
경기도,용인시 처인구,202606,4010,편의점,3121160000,366362,437.0,국세청,가동사업자,7142242.562929062,838.3569794050343
경기도,용인시 처인구,202606,4020,슈퍼마켓,1818820000,80470,195.0,국세청,가동사업자,9327282.051282052,412.6666666666667
경기도,용인시 처인구,202606,8005,중국음식,442660000,14988,136.0,LOCALDATA,식품인허가 영업점,3254852.9411764704,110.20588235294117
경기도,용인시 처인구,202606,8301,제과점,238110000,21351,78.0,LOCALDATA,식품인허가 영업점,3052692.3076923075,273.7307692307692
경기도,의왕시,202601,4010,편의점,706800000,90085,108.0,국세청,가동사업자,6544444.444444444,834.1203703703703
경기도,의왕시,202601,4020,슈퍼마켓,588050000,34568,57.0,국세청,가동사업자,10316666.666666666,606.4561403508771
경기도,의왕시,202601,8005,중국음식,155350000,5514,39.0,LOCALDATA,식품인허가 영업점,3983333.3333333335,141.3846153846154
경기도,의왕시,202601,8301,제과점,135090000,11614,50.0,LOCALDATA,식품인허가 영업점,2701800.0,232.28
경기도,의왕시,202602,4010,편의점,647140000,82511,108.0,국세청,가동사업자,5992037.037037037,763.9907407407408
경기도,의왕시,202602,4020,슈퍼마켓,568660000,32283,55.0,국세청,가동사업자,10339272.727272727,586.9636363636364
경기도,의왕시,202602,8005,중국음식,143980000,5043,39.0,LOCALDATA,식품인허가 영업점,3691794.871794872,129.30769230769232
경기도,의왕시,202602,8301,제과점,134890000,11056,50.0,LOCALDATA,식품인허가 영업점,2697800.0,221.12
경기도,의왕시,202603,4010,편의점,770330000,100436,113.0,국세청,가동사업자,6817079.6460176995,888.8141592920354
경기도,의왕시,202603,4020,슈퍼마켓,582470000,36642,57.0,국세청,가동사업자,10218771.92982456,642.8421052631579
경기도,의왕시,202603,8005,중국음식,154260000,5721,39.0,LOCALDATA,식품인허가 영업점,3955384.6153846155,146.69230769230768
경기도,의왕시,202603,8301,제과점,158370000,13232,50.0,LOCALDATA,식품인허가 영업점,3167400.0,264.64
경기도,의왕시,202604,4010,편의점,761120000,103691,117.0,국세청,가동사업자,6505299.145299145,886.2478632478633
경기도,의왕시,202604,4020,슈퍼마켓,570070000,35474,58.0,국세청,가동사업자,9828793.103448275,611.6206896551724
경기도,의왕시,202604,8005,중국음식,146960000,5575,38.0,LOCALDATA,식품인허가 영업점,3867368.4210526315,146.71052631578948
경기도,의왕시,202604,8301,제과점,155300000,13651,51.0,LOCALDATA,식품인허가 영업점,3045098.0392156863,267.6666666666667
경기도,의왕시,202605,4010,편의점,824480000,108415,116.0,국세청,가동사업자,7107586.206896552,934.6120689655172
경기도,의왕시,202605,4020,슈퍼마켓,607180000,36101,57.0,국세청,가동사업자,10652280.701754386,633.3508771929825
경기도,의왕시,202605,8005,중국음식,157540000,5591,38.0,LOCALDATA,식품인허가 영업점,4145789.4736842103,147.1315789473684
경기도,의왕시,202605,8301,제과점,169150000,13427,52.0,LOCALDATA,식품인허가 영업점,3252884.6153846155,258.21153846153845
경기도,의왕시,202606,4010,편의점,800310000,107863,117.0,국세청,가동사업자,6840256.41025641,921.9059829059829
경기도,의왕시,202606,4020,슈퍼마켓,562510000,35053,57.0,국세청,가동사업자,9868596.49122807,614.9649122807018
경기도,의왕시,202606,8005,중국음식,140470000,5265,38.0,LOCALDATA,식품인허가 영업점,3696578.947368421,138.55263157894737
경기도,의왕시,202606,8301,제과점,138430000,12547,52.0,LOCALDATA,식품인허가 영업점,2662115.3846153845,241.28846153846155
경기도,의정부시,202601,4010,편의점,3075000000,376128,429.0,국세청,가동사업자,7167832.167832168,876.7552447552448
경기도,의정부시,202601,4020,슈퍼마켓,3616750000,162366,208.0,국세청,가동사업자,17388221.153846152,780.6057692307693
경기도,의정부시,202601,8005,중국음식,499290000,18354,179.0,LOCALDATA,식품인허가 영업점,2789329.6089385473,102.53631284916202
경기도,의정부시,202601,8301,제과점,509160000,44380,162.0,LOCALDATA,식품인허가 영업점,3142962.962962963,273.95061728395063
경기도,의정부시,202602,4010,편의점,2876270000,346519,431.0,국세청,가동사업자,6673480.278422274,803.9883990719258
경기도,의정부시,202602,4020,슈퍼마켓,3663230000,154462,206.0,국세청,가동사업자,17782669.90291262,749.8155339805825
경기도,의정부시,202602,8005,중국음식,443350000,16410,180.0,LOCALDATA,식품인허가 영업점,2463055.5555555555,91.16666666666667
경기도,의정부시,202602,8301,제과점,522910000,44214,162.0,LOCALDATA,식품인허가 영업점,3227839.5061728396,272.9259259259259
경기도,의정부시,202603,4010,편의점,3248060000,403660,431.0,국세청,가동사업자,7536102.088167054,936.5661252900233
경기도,의정부시,202603,4020,슈퍼마켓,3383320000,164579,209.0,국세청,가동사업자,16188133.971291866,787.4593301435407
경기도,의정부시,202603,8005,중국음식,489080000,18967,179.0,LOCALDATA,식품인허가 영업점,2732290.5027932962,105.9608938547486
경기도,의정부시,202603,8301,제과점,544790000,48285,167.0,LOCALDATA,식품인허가 영업점,3262215.568862275,289.1317365269461
경기도,의정부시,202604,4010,편의점,3161980000,410148,428.0,국세청,가동사업자,7387803.738317757,958.2897196261682
경기도,의정부시,202604,4020,슈퍼마켓,3388670000,162810,209.0,국세청,가동사업자,16213732.057416268,778.9952153110048
경기도,의정부시,202604,8005,중국음식,454280000,18037,182.0,LOCALDATA,식품인허가 영업점,2496043.956043956,99.1043956043956
경기도,의정부시,202604,8301,제과점,527520000,50569,167.0,LOCALDATA,식품인허가 영업점,3158802.3952095807,302.80838323353294
경기도,의정부시,202605,4010,편의점,3386140000,423041,430.0,국세청,가동사업자,7874744.186046512,983.8162790697675
경기도,의정부시,202605,4020,슈퍼마켓,3829980000,167880,210.0,국세청,가동사업자,18238000.0,799.4285714285714
경기도,의정부시,202605,8005,중국음식,506800000,19205,184.0,LOCALDATA,식품인허가 영업점,2754347.8260869565,104.375
경기도,의정부시,202605,8301,제과점,537690000,47941,167.0,LOCALDATA,식품인허가 영업점,3219700.598802395,287.07185628742513
경기도,의정부시,202606,4010,편의점,3294500000,419224,425.0,국세청,가동사업자,7751764.705882353,986.4094117647059
경기도,의정부시,202606,4020,슈퍼마켓,3472840000,158475,210.0,국세청,가동사업자,16537333.333333334,754.6428571428571
경기도,의정부시,202606,8005,중국음식,438200000,17314,185.0,LOCALDATA,식품인허가 영업점,2368648.6486486485,93.58918918918918
경기도,의정부시,202606,8301,제과점,443710000,42991,169.0,LOCALDATA,식품인허가 영업점,2625502.9585798816,254.3846153846154
경기도,이천시,202601,4010,편의점,2168650000,235651,362.0,국세청,가동사업자,5990745.856353591,650.9696132596686
경기도,이천시,202601,4020,슈퍼마켓,2035160000,67471,102.0,국세청,가동사업자,19952549.019607842,661.4803921568628
경기도,이천시,202601,8005,중국음식,388890000,13843,148.0,LOCALDATA,식품인허가 영업점,2627635.135135135,93.53378378378379
경기도,이천시,202601,8301,제과점,259550000,17640,86.0,LOCALDATA,식품인허가 영업점,3018023.2558139535,205.11627906976744
경기도,이천시,202602,4010,편의점,2013650000,215360,358.0,국세청,가동사업자,5624720.670391061,601.5642458100559
경기도,이천시,202602,4020,슈퍼마켓,1984480000,62883,102.0,국세청,가동사업자,19455686.274509802,616.5
경기도,이천시,202602,8005,중국음식,351400000,12240,148.0,LOCALDATA,식품인허가 영업점,2374324.3243243243,82.70270270270271
경기도,이천시,202602,8301,제과점,259450000,17063,87.0,LOCALDATA,식품인허가 영업점,2982183.908045977,196.1264367816092
경기도,이천시,202603,4010,편의점,2317850000,252667,354.0,국세청,가동사업자,6547598.870056497,713.7485875706215
경기도,이천시,202603,4020,슈퍼마켓,1948760000,68594,101.0,국세청,가동사업자,19294653.465346534,679.1485148514852
경기도,이천시,202603,8005,중국음식,391040000,14350,149.0,LOCALDATA,식품인허가 영업점,2624429.5302013424,96.30872483221476
경기도,이천시,202603,8301,제과점,265230000,18813,87.0,LOCALDATA,식품인허가 영업점,3048620.6896551726,216.24137931034483
경기도,이천시,202604,4010,편의점,2306950000,259802,354.0,국세청,가동사업자,6516807.90960452,733.9039548022599
경기도,이천시,202604,4020,슈퍼마켓,1886160000,66052,98.0,국세청,가동사업자,19246530.612244897,674.0
경기도,이천시,202604,8005,중국음식,365440000,13820,151.0,LOCALDATA,식품인허가 영업점,2420132.450331126,91.52317880794702
경기도,이천시,202604,8301,제과점,254180000,18601,87.0,LOCALDATA,식품인허가 영업점,2921609.195402299,213.80459770114942
경기도,이천시,202605,4010,편의점,2412070000,265761,354.0,국세청,가동사업자,6813757.062146893,750.7372881355932
경기도,이천시,202605,4020,슈퍼마켓,2056430000,71777,99.0,국세청,가동사업자,20772020.2020202,725.020202020202
경기도,이천시,202605,8005,중국음식,397970000,14449,150.0,LOCALDATA,식품인허가 영업점,2653133.3333333335,96.32666666666667
경기도,이천시,202605,8301,제과점,256930000,18301,87.0,LOCALDATA,식품인허가 영업점,2953218.3908045976,210.35632183908046
경기도,이천시,202606,4010,편의점,2400960000,266731,352.0,국세청,가동사업자,6820909.090909091,757.7585227272727
경기도,이천시,202606,4020,슈퍼마켓,1935250000,69538,99.0,국세청,가동사업자,19547979.7979798,702.4040404040404
경기도,이천시,202606,8005,중국음식,357640000,13375,149.0,LOCALDATA,식품인허가 영업점,2400268.4563758387,89.76510067114094
경기도,이천시,202606,8301,제과점,219100000,16619,88.0,LOCALDATA,식품인허가 영업점,2489772.727272727,188.85227272727272
경기도,파주시,202601,4010,편의점,3464680000,371230,544.0,국세청,가동사업자,6368897.05882353,682.4080882352941
경기도,파주시,202601,4020,슈퍼마켓,4278690000,137748,302.0,국세청,가동사업자,14167847.682119206,456.11920529801324
경기도,파주시,202601,8005,중국음식,627400000,21940,227.0,LOCALDATA,식품인허가 영업점,2763876.6519823787,96.65198237885463
경기도,파주시,202601,8301,제과점,559660000,40934,178.0,LOCALDATA,식품인허가 영업점,3144157.3033707864,229.96629213483146
경기도,파주시,202602,4010,편의점,3257640000,344918,542.0,국세청,가동사업자,6010405.90405904,636.380073800738
경기도,파주시,202602,4020,슈퍼마켓,4602140000,142149,300.0,국세청,가동사업자,15340466.666666666,473.83
경기도,파주시,202602,8005,중국음식,613340000,20868,227.0,LOCALDATA,식품인허가 영업점,2701938.3259911896,91.9295154185022
경기도,파주시,202602,8301,제과점,557900000,39247,179.0,LOCALDATA,식품인허가 영업점,3116759.776536313,219.25698324022346
경기도,파주시,202603,4010,편의점,3751030000,405717,543.0,국세청,가동사업자,6907974.217311234,747.1767955801105
경기도,파주시,202603,4020,슈퍼마켓,4440580000,156559,306.0,국세청,가동사업자,14511699.346405229,511.6307189542484
경기도,파주시,202603,8005,중국음식,644570000,23471,227.0,LOCALDATA,식품인허가 영업점,2839515.4185022027,103.39647577092511
경기도,파주시,202603,8301,제과점,603920000,44605,178.0,LOCALDATA,식품인허가 영업점,3392808.988764045,250.58988764044943
경기도,파주시,202604,4010,편의점,3733860000,420469,549.0,국세청,가동사업자,6801202.185792349,765.8816029143898
경기도,파주시,202604,4020,슈퍼마켓,4360110000,154418,311.0,국세청,가동사업자,14019646.302250804,496.5209003215434
경기도,파주시,202604,8005,중국음식,597850000,22235,229.0,LOCALDATA,식품인허가 영업점,2610698.689956332,97.09606986899563
경기도,파주시,202604,8301,제과점,569400000,44653,181.0,LOCALDATA,식품인허가 영업점,3145856.3535911604,246.70165745856355
경기도,파주시,202605,4010,편의점,3884190000,428813,549.0,국세청,가동사업자,7075027.322404372,781.08014571949
경기도,파주시,202605,4020,슈퍼마켓,4677910000,161139,308.0,국세청,가동사업자,15188019.480519481,523.1785714285714
경기도,파주시,202605,8005,중국음식,654250000,22885,230.0,LOCALDATA,식품인허가 영업점,2844565.217391304,99.5
경기도,파주시,202605,8301,제과점,601930000,44074,177.0,LOCALDATA,식품인허가 영업점,3400734.463276836,249.00564971751413
경기도,파주시,202606,4010,편의점,3871270000,432022,540.0,국세청,가동사업자,7169018.518518519,800.0407407407407
경기도,파주시,202606,4020,슈퍼마켓,4362440000,152483,304.0,국세청,가동사업자,14350131.578947369,501.5888157894737
경기도,파주시,202606,8005,중국음식,558210000,20493,228.0,LOCALDATA,식품인허가 영업점,2448289.4736842103,89.88157894736842
경기도,파주시,202606,8301,제과점,491320000,39053,176.0,LOCALDATA,식품인허가 영업점,2791590.909090909,221.89204545454547
경기도,평택시,202601,4010,편의점,6646390000,747341,869.0,국세청,가동사업자,7648319.907940161,860.0011507479862
경기도,평택시,202601,4020,슈퍼마켓,6142810000,248548,454.0,국세청,가동사업자,13530418.502202643,547.4625550660793
경기도,평택시,202601,8005,중국음식,1107600000,36851,386.0,LOCALDATA,식품인허가 영업점,2869430.0518134716,95.46891191709845
경기도,평택시,202601,8301,제과점,650730000,46965,182.0,LOCALDATA,식품인허가 영업점,3575439.5604395606,258.04945054945057
경기도,평택시,202602,4010,편의점,6160530000,689073,872.0,국세청,가동사업자,7064827.981651376,790.2213302752293
경기도,평택시,202602,4020,슈퍼마켓,5939880000,231041,450.0,국세청,가동사업자,13199733.333333334,513.4244444444445
경기도,평택시,202602,8005,중국음식,1021230000,33496,382.0,LOCALDATA,식품인허가 영업점,2673376.9633507854,87.68586387434554
경기도,평택시,202602,8301,제과점,641180000,45229,179.0,LOCALDATA,식품인허가 영업점,3582011.1731843576,252.6759776536313
경기도,평택시,202603,4010,편의점,7307570000,835497,873.0,국세청,가동사업자,8370641.466208477,957.0412371134021
경기도,평택시,202603,4020,슈퍼마켓,5947970000,255802,446.0,국세청,가동사업자,13336255.605381167,573.5470852017937
경기도,평택시,202603,8005,중국음식,1134410000,39118,384.0,LOCALDATA,식품인허가 영업점,2954192.7083333335,101.86979166666667
경기도,평택시,202603,8301,제과점,679830000,51022,183.0,LOCALDATA,식품인허가 영업점,3714918.0327868853,278.8087431693989
경기도,평택시,202604,4010,편의점,7403240000,878788,877.0,국세청,가동사업자,8441550.741163056,1002.0387685290764
경기도,평택시,202604,4020,슈퍼마켓,5745200000,252032,437.0,국세청,가동사업자,13146910.755148742,576.7322654462242
경기도,평택시,202604,8005,중국음식,1091300000,38735,383.0,LOCALDATA,식품인허가 영업점,2849347.2584856395,101.13577023498695
경기도,평택시,202604,8301,제과점,656180000,53057,185.0,LOCALDATA,식품인허가 영업점,3546918.918918919,286.79459459459457
경기도,평택시,202605,4010,편의점,7849250000,912540,874.0,국세청,가동사업자,8980835.240274599,1044.096109839817
경기도,평택시,202605,4020,슈퍼마켓,6251520000,267225,438.0,국세청,가동사업자,14272876.712328767,610.1027397260274
경기도,평택시,202605,8005,중국음식,1181510000,40804,382.0,LOCALDATA,식품인허가 영업점,3092958.115183246,106.81675392670157
경기도,평택시,202605,8301,제과점,697840000,53196,183.0,LOCALDATA,식품인허가 영업점,3813333.3333333335,290.6885245901639
경기도,평택시,202606,4010,편의점,7812810000,924851,873.0,국세청,가동사업자,8949381.44329897,1059.3940435280642
경기도,평택시,202606,4020,슈퍼마켓,5856770000,256043,439.0,국세청,가동사업자,13341161.731207289,583.2414578587699
경기도,평택시,202606,8005,중국음식,1042430000,36894,385.0,LOCALDATA,식품인허가 영업점,2707610.3896103897,95.82857142857142
경기도,평택시,202606,8301,제과점,593210000,48660,183.0,LOCALDATA,식품인허가 영업점,3241584.699453552,265.9016393442623
경기도,포천시,202601,4010,편의점,1420020000,141089,278.0,국세청,가동사업자,5107985.611510792,507.5143884892086
경기도,포천시,202601,4020,슈퍼마켓,1490670000,49891,179.0,국세청,가동사업자,8327765.363128492,278.72067039106145
경기도,포천시,202601,8005,중국음식,262320000,8970,103.0,LOCALDATA,식품인허가 영업점,2546796.1165048545,87.0873786407767
경기도,포천시,202601,8301,제과점,105510000,7345,34.0,LOCALDATA,식품인허가 영업점,3103235.294117647,216.02941176470588
경기도,포천시,202602,4010,편의점,1349950000,134253,278.0,국세청,가동사업자,4855935.251798561,482.92446043165467
경기도,포천시,202602,4020,슈퍼마켓,1468760000,47691,177.0,국세청,가동사업자,8298079.096045198,269.4406779661017
경기도,포천시,202602,8005,중국음식,244090000,8183,103.0,LOCALDATA,식품인허가 영업점,2369805.825242718,79.44660194174757
경기도,포천시,202602,8301,제과점,108740000,7106,35.0,LOCALDATA,식품인허가 영업점,3106857.1428571427,203.02857142857144
경기도,포천시,202603,4010,편의점,1588570000,165928,275.0,국세청,가동사업자,5776618.181818182,603.3745454545455
경기도,포천시,202603,4020,슈퍼마켓,1437230000,51200,174.0,국세청,가동사업자,8259942.528735632,294.2528735632184
경기도,포천시,202603,8005,중국음식,285010000,9961,103.0,LOCALDATA,식품인허가 영업점,2767087.3786407765,96.70873786407768
경기도,포천시,202603,8301,제과점,101840000,7642,36.0,LOCALDATA,식품인허가 영업점,2828888.888888889,212.27777777777777
경기도,포천시,202604,4010,편의점,1659660000,180368,275.0,국세청,가동사업자,6035127.2727272725,655.8836363636364
경기도,포천시,202604,4020,슈퍼마켓,1415170000,50614,191.0,국세청,가동사업자,7409267.015706806,264.9947643979058
경기도,포천시,202604,8005,중국음식,284570000,10041,104.0,LOCALDATA,식품인허가 영업점,2736250.0,96.54807692307692
경기도,포천시,202604,8301,제과점,99690000,7801,36.0,LOCALDATA,식품인허가 영업점,2769166.6666666665,216.69444444444446
경기도,포천시,202605,4010,편의점,1782600000,188768,275.0,국세청,가동사업자,6482181.818181818,686.4290909090909
경기도,포천시,202605,4020,슈퍼마켓,1536770000,54091,199.0,국세청,가동사업자,7722462.311557789,271.8140703517588
경기도,포천시,202605,8005,중국음식,320650000,10713,105.0,LOCALDATA,식품인허가 영업점,3053809.523809524,102.02857142857142
경기도,포천시,202605,8301,제과점,106160000,8018,36.0,LOCALDATA,식품인허가 영업점,2948888.888888889,222.72222222222223
경기도,포천시,202606,4010,편의점,1723720000,183129,276.0,국세청,가동사업자,6245362.31884058,663.5108695652174
경기도,포천시,202606,4020,슈퍼마켓,1430370000,51230,198.0,국세청,가동사업자,7224090.909090909,258.73737373737373
경기도,포천시,202606,8005,중국음식,272900000,9606,104.0,LOCALDATA,식품인허가 영업점,2624038.4615384615,92.36538461538461
경기도,포천시,202606,8301,제과점,88310000,7141,36.0,LOCALDATA,식품인허가 영업점,2453055.5555555555,198.36111111111111
경기도,하남시,202601,4010,편의점,1757230000,212358,268.0,국세청,가동사업자,6556828.358208955,792.3805970149253
경기도,하남시,202601,4020,슈퍼마켓,1654360000,91447,141.0,국세청,가동사업자,11733049.645390071,648.5602836879433
경기도,하남시,202601,8005,중국음식,451810000,14882,116.0,LOCALDATA,식품인허가 영업점,3894913.793103448,128.29310344827587
경기도,하남시,202601,8301,제과점,348170000,28401,106.0,LOCALDATA,식품인허가 영업점,3284622.6415094337,267.9339622641509
경기도,하남시,202602,4010,편의점,1645040000,194422,271.0,국세청,가동사업자,6070258.302583026,717.4243542435424
경기도,하남시,202602,4020,슈퍼마켓,1589850000,88170,139.0,국세청,가동사업자,11437769.784172662,634.31654676259
경기도,하남시,202602,8005,중국음식,416790000,13202,115.0,LOCALDATA,식품인허가 영업점,3624260.8695652173,114.8
경기도,하남시,202602,8301,제과점,345680000,27258,105.0,LOCALDATA,식품인허가 영업점,3292190.476190476,259.6
경기도,하남시,202603,4010,편의점,1885850000,227106,269.0,국세청,가동사업자,7010594.795539034,844.2602230483271
경기도,하남시,202603,4020,슈퍼마켓,1767430000,101055,141.0,국세청,가동사업자,12534964.539007092,716.7021276595744
경기도,하남시,202603,8005,중국음식,419260000,14599,114.0,LOCALDATA,식품인허가 영업점,3677719.298245614,128.06140350877192
경기도,하남시,202603,8301,제과점,389810000,31382,104.0,LOCALDATA,식품인허가 영업점,3748173.076923077,301.75
경기도,하남시,202604,4010,편의점,1829980000,233329,270.0,국세청,가동사업자,6777703.703703703,864.1814814814815
경기도,하남시,202604,4020,슈퍼마켓,1722940000,100778,143.0,국세청,가동사업자,12048531.468531469,704.7412587412588
경기도,하남시,202604,8005,중국음식,396330000,14463,115.0,LOCALDATA,식품인허가 영업점,3446347.8260869565,125.76521739130435
경기도,하남시,202604,8301,제과점,370810000,33032,104.0,LOCALDATA,식품인허가 영업점,3565480.769230769,317.61538461538464
경기도,하남시,202605,4010,편의점,1944070000,240663,270.0,국세청,가동사업자,7200259.259259259,891.3444444444444
경기도,하남시,202605,4020,슈퍼마켓,1790460000,103826,140.0,국세청,가동사업자,12789000.0,741.6142857142858
경기도,하남시,202605,8005,중국음식,449950000,15015,113.0,LOCALDATA,식품인허가 영업점,3981858.407079646,132.87610619469027
경기도,하남시,202605,8301,제과점,403100000,32949,107.0,LOCALDATA,식품인허가 영업점,3767289.7196261683,307.93457943925233
경기도,하남시,202606,4010,편의점,1906960000,238623,266.0,국세청,가동사업자,7169022.556390977,897.078947368421
경기도,하남시,202606,4020,슈퍼마켓,1721020000,100040,140.0,국세청,가동사업자,12293000.0,714.5714285714286
경기도,하남시,202606,8005,중국음식,370870000,13962,111.0,LOCALDATA,식품인허가 영업점,3341171.171171171,125.78378378378379
경기도,하남시,202606,8301,제과점,339770000,29928,108.0,LOCALDATA,식품인허가 영업점,3146018.5185185187,277.1111111111111
경기도,화성시 동탄구,202601,4010,편의점,2111310000,256157,348.0,국세청,가동사업자,6066982.75862069,736.0833333333334
경기도,화성시 동탄구,202601,4020,슈퍼마켓,942290000,34529,150.0,국세청,가동사업자,6281933.333333333,230.19333333333333
경기도,화성시 동탄구,202601,8005,중국음식,463610000,14715,153.0,LOCALDATA,식품인허가 영업점,3030130.7189542484,96.17647058823529
경기도,화성시 동탄구,202601,8301,제과점,412280000,33123,148.0,LOCALDATA,식품인허가 영업점,2785675.6756756757,223.80405405405406
경기도,화성시 동탄구,202602,4010,편의점,1930280000,232756,351.0,국세청,가동사업자,5499373.21937322,663.1225071225072
경기도,화성시 동탄구,202602,4020,슈퍼마켓,874230000,31254,153.0,국세청,가동사업자,5713921.568627451,204.27450980392157
경기도,화성시 동탄구,202602,8005,중국음식,404200000,13155,154.0,LOCALDATA,식품인허가 영업점,2624675.324675325,85.42207792207792
경기도,화성시 동탄구,202602,8301,제과점,410160000,32003,149.0,LOCALDATA,식품인허가 영업점,2752751.677852349,214.78523489932886
경기도,화성시 동탄구,202603,4010,편의점,2320850000,282346,351.0,국세청,가동사업자,6612108.262108262,804.4045584045584
경기도,화성시 동탄구,202603,4020,슈퍼마켓,889670000,35885,153.0,국세청,가동사업자,5814836.601307189,234.54248366013073
경기도,화성시 동탄구,202603,8005,중국음식,456980000,14947,155.0,LOCALDATA,식품인허가 영업점,2948258.064516129,96.43225806451613
경기도,화성시 동탄구,202603,8301,제과점,499310000,39031,149.0,LOCALDATA,식품인허가 영업점,3351073.825503356,261.9530201342282
경기도,화성시 동탄구,202604,4010,편의점,2216460000,289188,352.0,국세청,가동사업자,6296761.363636363,821.5568181818181
경기도,화성시 동탄구,202604,4020,슈퍼마켓,832320000,34890,152.0,국세청,가동사업자,5475789.47368421,229.53947368421052
경기도,화성시 동탄구,202604,8005,중국음식,424150000,14741,154.0,LOCALDATA,식품인허가 영업점,2754220.7792207794,95.72077922077922
경기도,화성시 동탄구,202604,8301,제과점,464870000,40425,151.0,LOCALDATA,식품인허가 영업점,3078609.271523179,267.71523178807945
경기도,화성시 동탄구,202605,4010,편의점,2380140000,296627,353.0,국세청,가동사업자,6742606.232294617,840.3031161473087
경기도,화성시 동탄구,202605,4020,슈퍼마켓,857990000,35573,154.0,국세청,가동사업자,5571363.636363637,230.9935064935065
경기도,화성시 동탄구,202605,8005,중국음식,457290000,15511,155.0,LOCALDATA,식품인허가 영업점,2950258.064516129,100.07096774193549
경기도,화성시 동탄구,202605,8301,제과점,482630000,39854,154.0,LOCALDATA,식품인허가 영업점,3133961.038961039,258.7922077922078
경기도,화성시 동탄구,202606,4010,편의점,2387380000,302520,344.0,국세청,가동사업자,6940058.139534884,879.4186046511628
경기도,화성시 동탄구,202606,4020,슈퍼마켓,832080000,33559,153.0,국세청,가동사업자,5438431.37254902,219.33986928104576
경기도,화성시 동탄구,202606,8005,중국음식,418580000,14834,157.0,LOCALDATA,식품인허가 영업점,2666114.6496815286,94.48407643312102
경기도,화성시 동탄구,202606,8301,제과점,423780000,36886,156.0,LOCALDATA,식품인허가 영업점,2716538.4615384615,236.44871794871796
경기도,화성시 만세구,202601,4010,편의점,4040460000,391553,485.0,국세청,가동사업자,8330845.360824742,807.3257731958763
경기도,화성시 만세구,202601,4020,슈퍼마켓,5194910000,185001,238.0,국세청,가동사업자,21827352.94117647,777.3151260504202
경기도,화성시 만세구,202601,8005,중국음식,577010000,20825,141.0,LOCALDATA,식품인허가 영업점,4092269.503546099,147.6950354609929
경기도,화성시 만세구,202601,8301,제과점,262800000,19299,61.0,LOCALDATA,식품인허가 영업점,4308196.721311475,316.37704918032784
경기도,화성시 만세구,202602,4010,편의점,3674650000,355617,487.0,국세청,가동사업자,7545482.546201232,730.2197125256673
경기도,화성시 만세구,202602,4020,슈퍼마켓,5089540000,171559,236.0,국세청,가동사업자,21565847.457627118,726.9449152542373
경기도,화성시 만세구,202602,8005,중국음식,521660000,18767,141.0,LOCALDATA,식품인허가 영업점,3699716.3120567375,133.09929078014184
경기도,화성시 만세구,202602,8301,제과점,262700000,18475,61.0,LOCALDATA,식품인허가 영업점,4306557.377049181,302.8688524590164
경기도,화성시 만세구,202603,4010,편의점,4308030000,426153,483.0,국세청,가동사업자,8919316.770186335,882.304347826087
경기도,화성시 만세구,202603,4020,슈퍼마켓,4981940000,187146,240.0,국세청,가동사업자,20758083.333333332,779.775
경기도,화성시 만세구,202603,8005,중국음식,613450000,22192,141.0,LOCALDATA,식품인허가 영업점,4350709.219858156,157.39007092198582
경기도,화성시 만세구,202603,8301,제과점,280440000,21530,62.0,LOCALDATA,식품인허가 영업점,4523225.806451613,347.258064516129
경기도,화성시 만세구,202604,4010,편의점,4393500000,449598,482.0,국세청,가동사업자,9115145.228215767,932.7759336099585
경기도,화성시 만세구,202604,4020,슈퍼마켓,4775750000,185128,241.0,국세청,가동사업자,19816390.041493777,768.1659751037345
경기도,화성시 만세구,202604,8005,중국음식,584140000,21433,141.0,LOCALDATA,식품인허가 영업점,4142836.879432624,152.00709219858157
경기도,화성시 만세구,202604,8301,제과점,288430000,23136,63.0,LOCALDATA,식품인허가 영업점,4578253.968253968,367.23809523809524
경기도,화성시 만세구,202605,4010,편의점,4702870000,475978,482.0,국세청,가동사업자,9756991.701244812,987.50622406639
경기도,화성시 만세구,202605,4020,슈퍼마켓,5419680000,208176,238.0,국세청,가동사업자,22771764.70588235,874.6890756302521
경기도,화성시 만세구,202605,8005,중국음식,638180000,22566,140.0,LOCALDATA,식품인허가 영업점,4558428.571428572,161.18571428571428
경기도,화성시 만세구,202605,8301,제과점,283250000,21821,62.0,LOCALDATA,식품인허가 영업점,4568548.387096774,351.9516129032258
경기도,화성시 만세구,202606,4010,편의점,4741700000,487558,483.0,국세청,가동사업자,9817184.265010351,1009.4368530020704
경기도,화성시 만세구,202606,4020,슈퍼마켓,4887710000,191779,240.0,국세청,가동사업자,20365458.333333332,799.0791666666667
경기도,화성시 만세구,202606,8005,중국음식,586100000,21421,140.0,LOCALDATA,식품인허가 영업점,4186428.5714285714,153.00714285714287
경기도,화성시 만세구,202606,8301,제과점,248580000,20264,59.0,LOCALDATA,식품인허가 영업점,4213220.338983051,343.45762711864404
경기도,화성시 병점구,202601,4010,편의점,1083860000,130113,134.0,국세청,가동사업자,8088507.462686568,970.9925373134329
경기도,화성시 병점구,202601,4020,슈퍼마켓,1620330000,58136,71.0,국세청,가동사업자,22821549.295774646,818.8169014084507
경기도,화성시 병점구,202601,8005,중국음식,191490000,6841,54.0,LOCALDATA,식품인허가 영업점,3546111.111111111,126.68518518518519
경기도,화성시 병점구,202601,8301,제과점,129370000,12765,28.0,LOCALDATA,식품인허가 영업점,4620357.142857143,455.89285714285717
경기도,화성시 병점구,202602,4010,편의점,1015020000,119743,136.0,국세청,가동사업자,7463382.352941177,880.4632352941177
경기도,화성시 병점구,202602,4020,슈퍼마켓,1616480000,53871,69.0,국세청,가동사업자,23427246.376811594,780.7391304347826
경기도,화성시 병점구,202602,8005,중국음식,170000000,6166,54.0,LOCALDATA,식품인허가 영업점,3148148.1481481483,114.18518518518519
경기도,화성시 병점구,202602,8301,제과점,133140000,11692,28.0,LOCALDATA,식품인허가 영업점,4755000.0,417.57142857142856
경기도,화성시 병점구,202603,4010,편의점,1176990000,141577,135.0,국세청,가동사업자,8718444.444444444,1048.7185185185185
경기도,화성시 병점구,202603,4020,슈퍼마켓,1526580000,59915,72.0,국세청,가동사업자,21202500.0,832.1527777777778
경기도,화성시 병점구,202603,8005,중국음식,196100000,7232,53.0,LOCALDATA,식품인허가 영업점,3700000.0,136.45283018867926
경기도,화성시 병점구,202603,8301,제과점,174080000,15213,28.0,LOCALDATA,식품인허가 영업점,6217142.857142857,543.3214285714286
경기도,화성시 병점구,202604,4010,편의점,1150220000,145975,135.0,국세청,가동사업자,8520148.148148147,1081.2962962962963
경기도,화성시 병점구,202604,4020,슈퍼마켓,1501920000,58747,72.0,국세청,가동사업자,20860000.0,815.9305555555555
경기도,화성시 병점구,202604,8005,중국음식,172900000,6658,51.0,LOCALDATA,식품인허가 영업점,3390196.0784313725,130.54901960784315
경기도,화성시 병점구,202604,8301,제과점,158620000,15331,30.0,LOCALDATA,식품인허가 영업점,5287333.333333333,511.03333333333336
경기도,화성시 병점구,202605,4010,편의점,1222560000,148842,136.0,국세청,가동사업자,8989411.764705881,1094.4264705882354
경기도,화성시 병점구,202605,4020,슈퍼마켓,1601450000,61645,71.0,국세청,가동사업자,22555633.8028169,868.2394366197183
경기도,화성시 병점구,202605,8005,중국음식,193980000,6961,51.0,LOCALDATA,식품인허가 영업점,3803529.411764706,136.49019607843138
경기도,화성시 병점구,202605,8301,제과점,177740000,15188,30.0,LOCALDATA,식품인허가 영업점,5924666.666666667,506.26666666666665
경기도,화성시 병점구,202606,4010,편의점,1220650000,150697,133.0,국세청,가동사업자,9177819.54887218,1133.0601503759399
경기도,화성시 병점구,202606,4020,슈퍼마켓,1503380000,59661,71.0,국세청,가동사업자,21174366.1971831,840.2957746478874
경기도,화성시 병점구,202606,8005,중국음식,167030000,6323,52.0,LOCALDATA,식품인허가 영업점,3212115.3846153845,121.59615384615384
경기도,화성시 병점구,202606,8301,제과점,141960000,13517,30.0,LOCALDATA,식품인허가 영업점,4732000.0,450.56666666666666
경기도,화성시 효행구,202601,4010,편의점,1288360000,136407,202.0,국세청,가동사업자,6378019.801980198,675.2821782178218
경기도,화성시 효행구,202601,4020,슈퍼마켓,1595620000,54368,85.0,국세청,가동사업자,18772000.0,639.6235294117647
경기도,화성시 효행구,202601,8005,중국음식,218250000,7838,46.0,LOCALDATA,식품인허가 영업점,4744565.217391305,170.3913043478261
경기도,화성시 효행구,202601,8301,제과점,132320000,9530,41.0,LOCALDATA,식품인허가 영업점,3227317.073170732,232.4390243902439
경기도,화성시 효행구,202602,4010,편의점,1183250000,124171,203.0,국세청,가동사업자,5828817.733990148,611.679802955665
경기도,화성시 효행구,202602,4020,슈퍼마켓,1586100000,49772,84.0,국세청,가동사업자,18882142.85714286,592.5238095238095
경기도,화성시 효행구,202602,8005,중국음식,205920000,7181,46.0,LOCALDATA,식품인허가 영업점,4476521.739130435,156.1086956521739
경기도,화성시 효행구,202602,8301,제과점,145320000,9600,41.0,LOCALDATA,식품인허가 영업점,3544390.2439024393,234.14634146341464
경기도,화성시 효행구,202603,4010,편의점,1422600000,161932,204.0,국세청,가동사업자,6973529.411764706,793.7843137254902
경기도,화성시 효행구,202603,4020,슈퍼마켓,1470520000,55438,84.0,국세청,가동사업자,17506190.476190478,659.9761904761905
경기도,화성시 효행구,202603,8005,중국음식,218320000,8373,46.0,LOCALDATA,식품인허가 영업점,4746086.956521739,182.02173913043478
경기도,화성시 효행구,202603,8301,제과점,147940000,11114,41.0,LOCALDATA,식품인허가 영업점,3608292.6829268294,271.0731707317073
경기도,화성시 효행구,202604,4010,편의점,1425780000,167435,203.0,국세청,가동사업자,7023546.798029557,824.8029556650247
경기도,화성시 효행구,202604,4020,슈퍼마켓,1398850000,54110,81.0,국세청,가동사업자,17269753.086419754,668.0246913580247
경기도,화성시 효행구,202604,8005,중국음식,208550000,8132,46.0,LOCALDATA,식품인허가 영업점,4533695.652173913,176.7826086956522
경기도,화성시 효행구,202604,8301,제과점,143300000,11918,41.0,LOCALDATA,식품인허가 영업점,3495121.951219512,290.6829268292683
경기도,화성시 효행구,202605,4010,편의점,1517510000,171563,201.0,국세청,가동사업자,7549800.995024876,853.5472636815921
경기도,화성시 효행구,202605,4020,슈퍼마켓,1542020000,57758,80.0,국세청,가동사업자,19275250.0,721.975
경기도,화성시 효행구,202605,8005,중국음식,231580000,8672,46.0,LOCALDATA,식품인허가 영업점,5034347.826086956,188.52173913043478
경기도,화성시 효행구,202605,8301,제과점,153700000,11440,41.0,LOCALDATA,식품인허가 영업점,3748780.487804878,279.0243902439024
경기도,화성시 효행구,202606,4010,편의점,1496940000,169886,198.0,국세청,가동사업자,7560303.03030303,858.010101010101
경기도,화성시 효행구,202606,4020,슈퍼마켓,1444240000,54682,79.0,국세청,가동사업자,18281518.987341773,692.1772151898734
경기도,화성시 효행구,202606,8005,중국음식,199660000,7828,46.0,LOCALDATA,식품인허가 영업점,4340434.782608695,170.17391304347825
경기도,화성시 효행구,202606,8301,제과점,131180000,10764,40.0,LOCALDATA,식품인허가 영업점,3279500.0,269.1
경상남도,거제시,202601,4010,편의점,2103320000,224737,303.0,국세청,가동사업자,6941650.165016501,741.7062706270627
경상남도,거제시,202601,4020,슈퍼마켓,1781390000,91019,114.0,국세청,가동사업자,15626228.07017544,798.4122807017544
경상남도,거제시,202601,8005,중국음식,283750000,9211,142.0,LOCALDATA,식품인허가 영업점,1998239.4366197183,64.86619718309859
경상남도,거제시,202601,8301,제과점,219630000,15921,107.0,LOCALDATA,식품인허가 영업점,2052616.8224299066,148.79439252336448
경상남도,거제시,202602,4010,편의점,1978590000,205912,301.0,국세청,가동사업자,6573388.704318937,684.0930232558139
경상남도,거제시,202602,4020,슈퍼마켓,1635510000,80235,113.0,국세청,가동사업자,14473539.82300885,710.0442477876106
경상남도,거제시,202602,8005,중국음식,263870000,8246,142.0,LOCALDATA,식품인허가 영업점,1858239.4366197183,58.070422535211264
경상남도,거제시,202602,8301,제과점,219460000,15197,108.0,LOCALDATA,식품인허가 영업점,2032037.037037037,140.71296296296296
경상남도,거제시,202603,4010,편의점,2106380000,226295,301.0,국세청,가동사업자,6997940.199335548,751.8106312292359
경상남도,거제시,202603,4020,슈퍼마켓,1621290000,85797,113.0,국세청,가동사업자,14347699.115044247,759.2654867256637
경상남도,거제시,202603,8005,중국음식,266600000,8556,142.0,LOCALDATA,식품인허가 영업점,1877464.7887323943,60.25352112676056
경상남도,거제시,202603,8301,제과점,249750000,17140,109.0,LOCALDATA,식품인허가 영업점,2291284.4036697247,157.24770642201835
경상남도,거제시,202604,4010,편의점,2112980000,232014,303.0,국세청,가동사업자,6973531.353135314,765.7227722772277
경상남도,거제시,202604,4020,슈퍼마켓,1709270000,89166,112.0,국세청,가동사업자,15261339.285714285,796.125
경상남도,거제시,202604,8005,중국음식,247520000,8000,142.0,LOCALDATA,식품인허가 영업점,1743098.5915492957,56.33802816901409
경상남도,거제시,202604,8301,제과점,227680000,17017,104.0,LOCALDATA,식품인허가 영업점,2189230.769230769,163.625
경상남도,거제시,202605,4010,편의점,2737710000,289866,303.0,국세청,가동사업자,9035346.534653466,956.6534653465346
경상남도,거제시,202605,4020,슈퍼마켓,2029130000,112465,113.0,국세청,가동사업자,17956902.654867258,995.2654867256637
경상남도,거제시,202605,8005,중국음식,330650000,10799,143.0,LOCALDATA,식품인허가 영업점,2312237.762237762,75.51748251748252
경상남도,거제시,202605,8301,제과점,317430000,22724,106.0,LOCALDATA,식품인허가 영업점,2994622.6415094337,214.37735849056602
경상남도,거제시,202606,4010,편의점,2467530000,270131,306.0,국세청,가동사업자,8063823.529411765,882.781045751634
경상남도,거제시,202606,4020,슈퍼마켓,1780940000,102096,112.0,국세청,가동사업자,15901250.0,911.5714285714286
경상남도,거제시,202606,8005,중국음식,272270000,9223,141.0,LOCALDATA,식품인허가 영업점,1930992.9078014183,65.41134751773049
경상남도,거제시,202606,8301,제과점,242940000,19209,108.0,LOCALDATA,식품인허가 영업점,2249444.4444444445,177.86111111111111
경상남도,거창군,202601,4010,편의점,210310000,22297,58.0,국세청,가동사업자,3626034.4827586208,384.4310344827586
경상남도,거창군,202601,4020,슈퍼마켓,409760000,16073,33.0,국세청,가동사업자,12416969.696969697,487.06060606060606
경상남도,거창군,202601,8005,중국음식,61260000,1877,50.0,LOCALDATA,식품인허가 영업점,1225200.0,37.54
경상남도,거창군,202601,8301,제과점,41610000,2801,19.0,LOCALDATA,식품인허가 영업점,2190000.0,147.42105263157896
경상남도,거창군,202602,4010,편의점,212740000,22090,57.0,국세청,가동사업자,3732280.701754386,387.5438596491228
경상남도,거창군,202602,4020,슈퍼마켓,443550000,16922,32.0,국세청,가동사업자,13860937.5,528.8125
경상남도,거창군,202602,8005,중국음식,68500000,1929,50.0,LOCALDATA,식품인허가 영업점,1370000.0,38.58
경상남도,거창군,202602,8301,제과점,47900000,3144,19.0,LOCALDATA,식품인허가 영업점,2521052.6315789474,165.47368421052633
경상남도,거창군,202603,4010,편의점,233910000,25548,58.0,국세청,가동사업자,4032931.0344827585,440.48275862068965
경상남도,거창군,202603,4020,슈퍼마켓,387950000,16683,31.0,국세청,가동사업자,12514516.129032258,538.1612903225806
경상남도,거창군,202603,8005,중국음식,61400000,1971,50.0,LOCALDATA,식품인허가 영업점,1228000.0,39.42
경상남도,거창군,202603,8301,제과점,47370000,3233,19.0,LOCALDATA,식품인허가 영업점,2493157.8947368423,170.1578947368421
경상남도,거창군,202604,4010,편의점,242170000,27005,58.0,국세청,가동사업자,4175344.827586207,465.6034482758621
경상남도,거창군,202604,4020,슈퍼마켓,417410000,17685,30.0,국세청,가동사업자,13913666.666666666,589.5
경상남도,거창군,202604,8005,중국음식,58750000,1935,50.0,LOCALDATA,식품인허가 영업점,1175000.0,38.7
경상남도,거창군,202604,8301,제과점,51630000,3435,19.0,LOCALDATA,식품인허가 영업점,2717368.4210526315,180.78947368421052
경상남도,거창군,202605,4010,편의점,321740000,35135,58.0,국세청,가동사업자,5547241.379310345,605.7758620689655
경상남도,거창군,202605,4020,슈퍼마켓,651620000,28598,31.0,국세청,가동사업자,21020000.0,922.516129032258
경상남도,거창군,202605,8005,중국음식,82800000,2836,50.0,LOCALDATA,식품인허가 영업점,1656000.0,56.72
경상남도,거창군,202605,8301,제과점,74550000,4902,19.0,LOCALDATA,식품인허가 영업점,3923684.210526316,258.0
경상남도,거창군,202606,4010,편의점,284850000,31002,56.0,국세청,가동사업자,5086607.142857143,553.6071428571429
경상남도,거창군,202606,4020,슈퍼마켓,526490000,23314,31.0,국세청,가동사업자,16983548.387096774,752.0645161290323
경상남도,거창군,202606,8005,중국음식,63210000,2268,49.0,LOCALDATA,식품인허가 영업점,1290000.0,46.285714285714285
경상남도,거창군,202606,8301,제과점,57640000,3967,19.0,LOCALDATA,식품인허가 영업점,3033684.210526316,208.78947368421052
경상남도,고성군,202601,4010,편의점,297950000,29898,55.0,국세청,가동사업자,5417272.7272727275,543.6
경상남도,고성군,202601,4020,슈퍼마켓,341100000,12672,34.0,국세청,가동사업자,10032352.94117647,372.70588235294116
경상남도,고성군,202601,8005,중국음식,57540000,2056,30.0,LOCALDATA,식품인허가 영업점,1918000.0,68.53333333333333
경상남도,고성군,202601,8301,제과점,31160000,1491,17.0,LOCALDATA,식품인허가 영업점,1832941.1764705882,87.70588235294117
경상남도,고성군,202602,4010,편의점,298140000,29817,55.0,국세청,가동사업자,5420727.2727272725,542.1272727272727
경상남도,고성군,202602,4020,슈퍼마켓,368690000,12953,34.0,국세청,가동사업자,10843823.529411765,380.97058823529414
경상남도,고성군,202602,8005,중국음식,53890000,1944,30.0,LOCALDATA,식품인허가 영업점,1796333.3333333333,64.8
경상남도,고성군,202602,8301,제과점,29370000,1470,17.0,LOCALDATA,식품인허가 영업점,1727647.0588235294,86.47058823529412
경상남도,고성군,202603,4010,편의점,326840000,32436,56.0,국세청,가동사업자,5836428.571428572,579.2142857142857
경상남도,고성군,202603,4020,슈퍼마켓,454580000,15820,34.0,국세청,가동사업자,13370000.0,465.29411764705884
경상남도,고성군,202603,8005,중국음식,64350000,2470,30.0,LOCALDATA,식품인허가 영업점,2145000.0,82.33333333333333
경상남도,고성군,202603,8301,제과점,31660000,1584,18.0,LOCALDATA,식품인허가 영업점,1758888.888888889,88.0
경상남도,고성군,202604,4010,편의점,338280000,34751,57.0,국세청,가동사업자,5934736.842105263,609.6666666666666
경상남도,고성군,202604,4020,슈퍼마켓,416030000,15285,33.0,국세청,가동사업자,12606969.696969697,463.1818181818182
경상남도,고성군,202604,8005,중국음식,61550000,2395,30.0,LOCALDATA,식품인허가 영업점,2051666.6666666667,79.83333333333333
경상남도,고성군,202604,8301,제과점,30890000,1651,18.0,LOCALDATA,식품인허가 영업점,1716111.111111111,91.72222222222223
경상남도,고성군,202605,4010,편의점,414180000,40403,59.0,국세청,가동사업자,7020000.0,684.7966101694915
경상남도,고성군,202605,4020,슈퍼마켓,499330000,17725,33.0,국세청,가동사업자,15131212.121212121,537.1212121212121
경상남도,고성군,202605,8005,중국음식,68760000,2547,30.0,LOCALDATA,식품인허가 영업점,2292000.0,84.9
경상남도,고성군,202605,8301,제과점,37650000,1940,18.0,LOCALDATA,식품인허가 영업점,2091666.6666666667,107.77777777777777
경상남도,고성군,202606,4010,편의점,520590000,48095,59.0,국세청,가동사업자,8823559.322033899,815.1694915254237
경상남도,고성군,202606,4020,슈퍼마켓,516920000,19890,33.0,국세청,가동사업자,15664242.424242424,602.7272727272727
경상남도,고성군,202606,8005,중국음식,82790000,3158,30.0,LOCALDATA,식품인허가 영업점,2759666.6666666665,105.26666666666667
경상남도,고성군,202606,8301,제과점,55420000,2996,18.0,LOCALDATA,식품인허가 영업점,3078888.888888889,166.44444444444446
경상남도,김해시,202601,4010,편의점,4402270000,476616,545.0,국세청,가동사업자,8077559.633027523,874.5247706422018
경상남도,김해시,202601,4020,슈퍼마켓,4414420000,210652,290.0,국세청,가동사업자,15222137.931034483,726.3862068965517
경상남도,김해시,202601,8005,중국음식,700250000,26844,249.0,LOCALDATA,식품인허가 영업점,2812248.995983936,107.80722891566265
경상남도,김해시,202601,8301,제과점,823600000,53271,197.0,LOCALDATA,식품인허가 영업점,4180710.659898477,270.4111675126904
경상남도,김해시,202602,4010,편의점,4194560000,446769,549.0,국세청,가동사업자,7640364.298724954,813.7868852459017
경상남도,김해시,202602,4020,슈퍼마켓,4104520000,193177,288.0,국세청,가동사업자,14251805.555555556,670.7534722222222
경상남도,김해시,202602,8005,중국음식,691190000,24990,248.0,LOCALDATA,식품인허가 영업점,2787056.4516129033,100.76612903225806
경상남도,김해시,202602,8301,제과점,801990000,50644,199.0,LOCALDATA,식품인허가 영업점,4030100.502512563,254.4924623115578
경상남도,김해시,202603,4010,편의점,4712100000,512218,553.0,국세청,가동사업자,8520976.491862567,926.253164556962
경상남도,김해시,202603,4020,슈퍼마켓,4067460000,206290,288.0,국세청,가동사업자,14123125.0,716.2847222222222
경상남도,김해시,202603,8005,중국음식,697860000,27487,246.0,LOCALDATA,식품인허가 영업점,2836829.2682926827,111.73577235772358
경상남도,김해시,202603,8301,제과점,844760000,57001,199.0,LOCALDATA,식품인허가 영업점,4245025.125628141,286.43718592964825
경상남도,김해시,202604,4010,편의점,4699830000,528630,554.0,국세청,가동사업자,8483447.653429603,954.2057761732852
경상남도,김해시,202604,4020,슈퍼마켓,4014790000,205339,283.0,국세청,가동사업자,14186537.102473497,725.5795053003534
경상남도,김해시,202604,8005,중국음식,661150000,26086,248.0,LOCALDATA,식품인허가 영업점,2665927.419354839,105.18548387096774
경상남도,김해시,202604,8301,제과점,794350000,55981,202.0,LOCALDATA,식품인허가 영업점,3932425.7425742573,277.13366336633663
경상남도,김해시,202605,4010,편의점,5973740000,645222,547.0,국세청,가동사업자,10920914.07678245,1179.5648994515539
경상남도,김해시,202605,4020,슈퍼마켓,5225810000,276061,286.0,국세청,가동사업자,18272062.937062938,965.2482517482517
경상남도,김해시,202605,8005,중국음식,973650000,37781,246.0,LOCALDATA,식품인허가 영업점,3957926.8292682925,153.58130081300814
경상남도,김해시,202605,8301,제과점,988700000,69246,199.0,LOCALDATA,식품인허가 영업점,4968341.708542714,347.96984924623115
경상남도,김해시,202606,4010,편의점,5330560000,594228,540.0,국세청,가동사업자,9871407.407407407,1100.4222222222222
경상남도,김해시,202606,4020,슈퍼마켓,4419600000,244095,286.0,국세청,가동사업자,15453146.853146853,853.479020979021
경상남도,김해시,202606,8005,중국음식,734750000,29919,244.0,LOCALDATA,식품인허가 영업점,3011270.4918032787,122.6188524590164
경상남도,김해시,202606,8301,제과점,782440000,58454,199.0,LOCALDATA,식품인허가 영업점,3931859.296482412,293.7386934673367
경상남도,남해군,202601,4010,편의점,261910000,26180,60.0,국세청,가동사업자,4365166.666666667,436.3333333333333
경상남도,남해군,202601,4020,슈퍼마켓,423200000,15197,25.0,국세청,가동사업자,16928000.0,607.88
경상남도,남해군,202601,8005,중국음식,67160000,2330,30.0,LOCALDATA,식품인허가 영업점,2238666.6666666665,77.66666666666667
경상남도,남해군,202601,8301,제과점,57730000,2832,21.0,LOCALDATA,식품인허가 영업점,2749047.619047619,134.85714285714286
경상남도,남해군,202602,4010,편의점,275010000,26594,59.0,국세청,가동사업자,4661186.440677966,450.7457627118644
경상남도,남해군,202602,4020,슈퍼마켓,443960000,15092,25.0,국세청,가동사업자,17758400.0,603.68
경상남도,남해군,202602,8005,중국음식,62790000,2137,30.0,LOCALDATA,식품인허가 영업점,2093000.0,71.23333333333333
경상남도,남해군,202602,8301,제과점,60400000,2953,21.0,LOCALDATA,식품인허가 영업점,2876190.476190476,140.61904761904762
경상남도,남해군,202603,4010,편의점,321180000,32115,60.0,국세청,가동사업자,5353000.0,535.25
경상남도,남해군,202603,4020,슈퍼마켓,532180000,19485,26.0,국세청,가동사업자,20468461.53846154,749.4230769230769
경상남도,남해군,202603,8005,중국음식,85510000,3065,30.0,LOCALDATA,식품인허가 영업점,2850333.3333333335,102.16666666666667
경상남도,남해군,202603,8301,제과점,66340000,3465,21.0,LOCALDATA,식품인허가 영업점,3159047.619047619,165.0
경상남도,남해군,202604,4010,편의점,378840000,37605,61.0,국세청,가동사업자,6210491.803278688,616.4754098360655
경상남도,남해군,202604,4020,슈퍼마켓,698270000,22672,26.0,국세청,가동사업자,26856538.46153846,872.0
경상남도,남해군,202604,8005,중국음식,98290000,3630,30.0,LOCALDATA,식품인허가 영업점,3276333.3333333335,121.0
경상남도,남해군,202604,8301,제과점,77670000,4038,21.0,LOCALDATA,식품인허가 영업점,3698571.4285714286,192.28571428571428
경상남도,남해군,202605,4010,편의점,429380000,42921,60.0,국세청,가동사업자,7156333.333333333,715.35
경상남도,남해군,202605,4020,슈퍼마켓,710750000,22905,26.0,국세청,가동사업자,27336538.46153846,880.9615384615385
경상남도,남해군,202605,8005,중국음식,109040000,3864,29.0,LOCALDATA,식품인허가 영업점,3760000.0,133.24137931034483
경상남도,남해군,202605,8301,제과점,93670000,4740,21.0,LOCALDATA,식품인허가 영업점,4460476.19047619,225.71428571428572
경상남도,남해군,202606,4010,편의점,389970000,40420,60.0,국세청,가동사업자,6499500.0,673.6666666666666
경상남도,남해군,202606,4020,슈퍼마켓,598800000,20753,27.0,국세청,가동사업자,22177777.777777776,768.6296296296297
경상남도,남해군,202606,8005,중국음식,93300000,3491,29.0,LOCALDATA,식품인허가 영업점,3217241.379310345,120.37931034482759
경상남도,남해군,202606,8301,제과점,67840000,3711,21.0,LOCALDATA,식품인허가 영업점,3230476.1904761903,176.71428571428572
경상남도,밀양시,202601,4010,편의점,477060000,50708,99.0,국세청,가동사업자,4818787.878787879,512.2020202020202
경상남도,밀양시,202601,4020,슈퍼마켓,980650000,38033,66.0,국세청,가동사업자,14858333.333333334,576.2575757575758
경상남도,밀양시,202601,8005,중국음식,127460000,4432,61.0,LOCALDATA,식품인허가 영업점,2089508.1967213114,72.65573770491804
경상남도,밀양시,202601,8301,제과점,73100000,4673,36.0,LOCALDATA,식품인허가 영업점,2030555.5555555555,129.80555555555554
경상남도,밀양시,202602,4010,편의점,463430000,49229,98.0,국세청,가동사업자,4728877.551020408,502.33673469387753
경상남도,밀양시,202602,4020,슈퍼마켓,1041950000,38691,64.0,국세청,가동사업자,16280468.75,604.546875
경상남도,밀양시,202602,8005,중국음식,116530000,3896,62.0,LOCALDATA,식품인허가 영업점,1879516.1290322582,62.83870967741935
경상남도,밀양시,202602,8301,제과점,79070000,4701,37.0,LOCALDATA,식품인허가 영업점,2137027.027027027,127.05405405405405
경상남도,밀양시,202603,4010,편의점,524640000,56513,98.0,국세청,가동사업자,5353469.3877551025,576.6632653061224
경상남도,밀양시,202603,4020,슈퍼마켓,989430000,40112,64.0,국세청,가동사업자,15459843.75,626.75
경상남도,밀양시,202603,8005,중국음식,119980000,4394,61.0,LOCALDATA,식품인허가 영업점,1966885.2459016393,72.0327868852459
경상남도,밀양시,202603,8301,제과점,81900000,5087,37.0,LOCALDATA,식품인허가 영업점,2213513.5135135134,137.48648648648648
경상남도,밀양시,202604,4010,편의점,533620000,59564,97.0,국세청,가동사업자,5501237.113402062,614.0618556701031
경상남도,밀양시,202604,4020,슈퍼마켓,992560000,41130,64.0,국세청,가동사업자,15508750.0,642.65625
경상남도,밀양시,202604,8005,중국음식,114860000,4222,61.0,LOCALDATA,식품인허가 영업점,1882950.8196721312,69.21311475409836
경상남도,밀양시,202604,8301,제과점,73790000,4998,37.0,LOCALDATA,식품인허가 영업점,1994324.3243243243,135.0810810810811
경상남도,밀양시,202605,4010,편의점,538680000,60152,98.0,국세청,가동사업자,5496734.693877551,613.795918367347
경상남도,밀양시,202605,4020,슈퍼마켓,1088880000,43438,65.0,국세청,가동사업자,16752000.0,668.276923076923
경상남도,밀양시,202605,8005,중국음식,121650000,4142,61.0,LOCALDATA,식품인허가 영업점,1994262.2950819673,67.90163934426229
경상남도,밀양시,202605,8301,제과점,79980000,4777,37.0,LOCALDATA,식품인허가 영업점,2161621.621621622,129.1081081081081
경상남도,밀양시,202606,4010,편의점,517330000,57981,97.0,국세청,가동사업자,5333298.969072165,597.7422680412371
경상남도,밀양시,202606,4020,슈퍼마켓,981790000,40339,65.0,국세청,가동사업자,15104461.538461538,620.6
경상남도,밀양시,202606,8005,중국음식,94910000,3531,61.0,LOCALDATA,식품인허가 영업점,1555901.6393442622,57.885245901639344
경상남도,밀양시,202606,8301,제과점,64610000,4137,36.0,LOCALDATA,식품인허가 영업점,1794722.2222222222,114.91666666666667
경상남도,사천시,202601,4010,편의점,781330000,80316,130.0,국세청,가동사업자,6010230.769230769,617.8153846153846
경상남도,사천시,202601,4020,슈퍼마켓,639420000,28910,39.0,국세청,가동사업자,16395384.615384616,741.2820512820513
경상남도,사천시,202601,8005,중국음식,184410000,6039,72.0,LOCALDATA,식품인허가 영업점,2561250.0,83.875
경상남도,사천시,202601,8301,제과점,121360000,7148,40.0,LOCALDATA,식품인허가 영업점,3034000.0,178.7
경상남도,사천시,202602,4010,편의점,767450000,77100,130.0,국세청,가동사업자,5903461.538461538,593.0769230769231
경상남도,사천시,202602,4020,슈퍼마켓,657350000,27957,39.0,국세청,가동사업자,16855128.205128204,716.8461538461538
경상남도,사천시,202602,8005,중국음식,179200000,5670,72.0,LOCALDATA,식품인허가 영업점,2488888.888888889,78.75
경상남도,사천시,202602,8301,제과점,121000000,6981,40.0,LOCALDATA,식품인허가 영업점,3025000.0,174.525
경상남도,사천시,202603,4010,편의점,809070000,83489,129.0,국세청,가동사업자,6271860.465116279,647.2015503875969
경상남도,사천시,202603,4020,슈퍼마켓,585030000,28254,38.0,국세청,가동사업자,15395526.315789474,743.5263157894736
경상남도,사천시,202603,8005,중국음식,177640000,6125,75.0,LOCALDATA,식품인허가 영업점,2368533.3333333335,81.66666666666667
경상남도,사천시,202603,8301,제과점,133900000,7944,40.0,LOCALDATA,식품인허가 영업점,3347500.0,198.6
경상남도,사천시,202604,4010,편의점,831160000,87402,125.0,국세청,가동사업자,6649280.0,699.216
경상남도,사천시,202604,4020,슈퍼마켓,617640000,29098,38.0,국세청,가동사업자,16253684.210526315,765.7368421052631
경상남도,사천시,202604,8005,중국음식,170750000,5941,75.0,LOCALDATA,식품인허가 영업점,2276666.6666666665,79.21333333333334
경상남도,사천시,202604,8301,제과점,124210000,7774,39.0,LOCALDATA,식품인허가 영업점,3184871.794871795,199.33333333333334
경상남도,사천시,202605,4010,편의점,1040610000,104345,125.0,국세청,가동사업자,8324880.0,834.76
경상남도,사천시,202605,4020,슈퍼마켓,1002150000,47070,39.0,국세청,가동사업자,25696153.846153848,1206.923076923077
경상남도,사천시,202605,8005,중국음식,217140000,7677,76.0,LOCALDATA,식품인허가 영업점,2857105.263157895,101.01315789473684
경상남도,사천시,202605,8301,제과점,166450000,9992,40.0,LOCALDATA,식품인허가 영업점,4161250.0,249.8
경상남도,사천시,202606,4010,편의점,918870000,95937,123.0,국세청,가동사업자,7470487.804878049,779.9756097560976
경상남도,사천시,202606,4020,슈퍼마켓,720620000,37816,39.0,국세청,가동사업자,18477435.897435896,969.6410256410256
경상남도,사천시,202606,8005,중국음식,177710000,6374,75.0,LOCALDATA,식품인허가 영업점,2369466.6666666665,84.98666666666666
경상남도,사천시,202606,8301,제과점,124580000,8293,41.0,LOCALDATA,식품인허가 영업점,3038536.5853658537,202.26829268292684
경상남도,산청군,202601,4010,편의점,92050000,9182,19.0,국세청,가동사업자,4844736.842105263,483.2631578947368
경상남도,산청군,202601,4020,슈퍼마켓,303650000,10946,21.0,국세청,가동사업자,14459523.80952381,521.2380952380952
경상남도,산청군,202601,8005,중국음식,41770000,1447,24.0,LOCALDATA,식품인허가 영업점,1740416.6666666667,60.291666666666664
경상남도,산청군,202601,8301,제과점,22310000,1423,12.0,LOCALDATA,식품인허가 영업점,1859166.6666666667,118.58333333333333
경상남도,산청군,202602,4010,편의점,92810000,9244,20.0,국세청,가동사업자,4640500.0,462.2
경상남도,산청군,202602,4020,슈퍼마켓,331650000,11034,21.0,국세청,가동사업자,15792857.142857144,525.4285714285714
경상남도,산청군,202602,8005,중국음식,34500000,1194,24.0,LOCALDATA,식품인허가 영업점,1437500.0,49.75
경상남도,산청군,202602,8301,제과점,29930000,1595,12.0,LOCALDATA,식품인허가 영업점,2494166.6666666665,132.91666666666666
경상남도,산청군,202603,4010,편의점,99700000,9969,19.0,국세청,가동사업자,5247368.421052632,524.6842105263158
경상남도,산청군,202603,4020,슈퍼마켓,292870000,11244,21.0,국세청,가동사업자,13946190.476190476,535.4285714285714
경상남도,산청군,202603,8005,중국음식,36990000,1325,23.0,LOCALDATA,식품인허가 영업점,1608260.8695652173,57.608695652173914
경상남도,산청군,202603,8301,제과점,22150000,1529,12.0,LOCALDATA,식품인허가 영업점,1845833.3333333333,127.41666666666667
경상남도,산청군,202604,4010,편의점,97530000,10202,19.0,국세청,가동사업자,5133157.894736842,536.9473684210526
경상남도,산청군,202604,4020,슈퍼마켓,275490000,10411,21.0,국세청,가동사업자,13118571.42857143,495.76190476190476
경상남도,산청군,202604,8005,중국음식,34690000,1284,23.0,LOCALDATA,식품인허가 영업점,1508260.8695652173,55.82608695652174
경상남도,산청군,202604,8301,제과점,26830000,1611,12.0,LOCALDATA,식품인허가 영업점,2235833.3333333335,134.25
경상남도,산청군,202605,4010,편의점,128640000,13122,18.0,국세청,가동사업자,7146666.666666667,729.0
경상남도,산청군,202605,4020,슈퍼마켓,395790000,15110,21.0,국세청,가동사업자,18847142.85714286,719.5238095238095
경상남도,산청군,202605,8005,중국음식,44580000,1604,23.0,LOCALDATA,식품인허가 영업점,1938260.8695652173,69.73913043478261
경상남도,산청군,202605,8301,제과점,36050000,2197,12.0,LOCALDATA,식품인허가 영업점,3004166.6666666665,183.08333333333334
경상남도,산청군,202606,4010,편의점,121700000,12170,18.0,국세청,가동사업자,6761111.111111111,676.1111111111111
경상남도,산청군,202606,4020,슈퍼마켓,351800000,13471,21.0,국세청,가동사업자,16752380.952380951,641.4761904761905
경상남도,산청군,202606,8005,중국음식,37270000,1371,23.0,LOCALDATA,식품인허가 영업점,1620434.7826086956,59.608695652173914
경상남도,산청군,202606,8301,제과점,25450000,1850,11.0,LOCALDATA,식품인허가 영업점,2313636.3636363638,168.1818181818182
경상남도,양산시,202601,4010,편의점,2488310000,286303,344.0,국세청,가동사업자,7233459.302325581,832.2761627906976
경상남도,양산시,202601,4020,슈퍼마켓,3716210000,157662,194.0,국세청,가동사업자,19155721.649484538,812.6907216494845
경상남도,양산시,202601,8005,중국음식,388560000,14876,174.0,LOCALDATA,식품인허가 영업점,2233103.4482758623,85.49425287356321
경상남도,양산시,202601,8301,제과점,472160000,33594,143.0,LOCALDATA,식품인허가 영업점,3301818.1818181816,234.92307692307693
경상남도,양산시,202602,4010,편의점,2347110000,266187,347.0,국세청,가동사업자,6764005.763688761,767.1095100864553
경상남도,양산시,202602,4020,슈퍼마켓,3496190000,140969,194.0,국세청,가동사업자,18021597.93814433,726.6443298969073
경상남도,양산시,202602,8005,중국음식,388770000,13973,173.0,LOCALDATA,식품인허가 영업점,2247225.4335260116,80.76878612716763
경상남도,양산시,202602,8301,제과점,473360000,32069,144.0,LOCALDATA,식품인허가 영업점,3287222.222222222,222.70138888888889
경상남도,양산시,202603,4010,편의점,2628200000,303641,350.0,국세청,가동사업자,7509142.857142857,867.5457142857143
경상남도,양산시,202603,4020,슈퍼마켓,3482240000,152593,196.0,국세청,가동사업자,17766530.612244897,778.5357142857143
경상남도,양산시,202603,8005,중국음식,387240000,15046,175.0,LOCALDATA,식품인허가 영업점,2212800.0,85.97714285714285
경상남도,양산시,202603,8301,제과점,516250000,36130,145.0,LOCALDATA,식품인허가 영업점,3560344.827586207,249.17241379310346
경상남도,양산시,202604,4010,편의점,2572810000,309326,352.0,국세청,가동사업자,7309119.318181818,878.7670454545455
경상남도,양산시,202604,4020,슈퍼마켓,2916630000,139187,196.0,국세청,가동사업자,14880765.306122448,710.1377551020408
경상남도,양산시,202604,8005,중국음식,364650000,14330,175.0,LOCALDATA,식품인허가 영업점,2083714.2857142857,81.88571428571429
경상남도,양산시,202604,8301,제과점,492030000,36420,148.0,LOCALDATA,식품인허가 영업점,3324527.027027027,246.0810810810811
경상남도,양산시,202605,4010,편의점,2549750000,298090,348.0,국세청,가동사업자,7326867.816091954,856.580459770115
경상남도,양산시,202605,4020,슈퍼마켓,2557250000,126278,196.0,국세청,가동사업자,13047193.877551021,644.2755102040817
경상남도,양산시,202605,8005,중국음식,361470000,13327,176.0,LOCALDATA,식품인허가 영업점,2053806.8181818181,75.7215909090909
경상남도,양산시,202605,8301,제과점,460230000,32652,149.0,LOCALDATA,식품인허가 영업점,3088791.946308725,219.14093959731542
경상남도,양산시,202606,4010,편의점,2556860000,302301,350.0,국세청,가동사업자,7305314.285714285,863.7171428571429
경상남도,양산시,202606,4020,슈퍼마켓,2736350000,130912,199.0,국세청,가동사업자,13750502.512562813,657.8492462311558
경상남도,양산시,202606,8005,중국음식,314720000,12410,178.0,LOCALDATA,식품인허가 영업점,1768089.8876404495,69.71910112359551
경상남도,양산시,202606,8301,제과점,384380000,29896,149.0,LOCALDATA,식품인허가 영업점,2579731.5436241613,200.64429530201343
경상남도,의령군,202601,4010,편의점,89620000,8804,16.0,국세청,가동사업자,5601250.0,550.25
경상남도,의령군,202601,4020,슈퍼마켓,240900000,8933,11.0,국세청,가동사업자,21900000.0,812.0909090909091
경상남도,의령군,202601,8005,중국음식,20120000,811,20.0,LOCALDATA,식품인허가 영업점,1006000.0,40.55
경상남도,의령군,202601,8301,제과점,54240000,2423,6.0,LOCALDATA,식품인허가 영업점,9040000.0,403.8333333333333
경상남도,의령군,202602,4010,편의점,83850000,8664,16.0,국세청,가동사업자,5240625.0,541.5
경상남도,의령군,202602,4020,슈퍼마켓,273750000,9363,10.0,국세청,가동사업자,27375000.0,936.3
경상남도,의령군,202602,8005,중국음식,18890000,709,20.0,LOCALDATA,식품인허가 영업점,944500.0,35.45
경상남도,의령군,202602,8301,제과점,64010000,2672,5.0,LOCALDATA,식품인허가 영업점,12802000.0,534.4
경상남도,의령군,202603,4010,편의점,91620000,9249,16.0,국세청,가동사업자,5726250.0,578.0625
경상남도,의령군,202603,4020,슈퍼마켓,243290000,9374,10.0,국세청,가동사업자,24329000.0,937.4
경상남도,의령군,202603,8005,중국음식,21250000,827,20.0,LOCALDATA,식품인허가 영업점,1062500.0,41.35
경상남도,의령군,202603,8301,제과점,61860000,2821,5.0,LOCALDATA,식품인허가 영업점,12372000.0,564.2
경상남도,의령군,202604,4010,편의점,95680000,9844,16.0,국세청,가동사업자,5980000.0,615.25
경상남도,의령군,202604,4020,슈퍼마켓,243720000,9782,10.0,국세청,가동사업자,24372000.0,978.2
경상남도,의령군,202604,8005,중국음식,19430000,756,20.0,LOCALDATA,식품인허가 영업점,971500.0,37.8
경상남도,의령군,202604,8301,제과점,70360000,3284,5.0,LOCALDATA,식품인허가 영업점,14072000.0,656.8
경상남도,의령군,202605,4010,편의점,109430000,11009,16.0,국세청,가동사업자,6839375.0,688.0625
경상남도,의령군,202605,4020,슈퍼마켓,286850000,10832,10.0,국세청,가동사업자,28685000.0,1083.2
경상남도,의령군,202605,8005,중국음식,24690000,916,20.0,LOCALDATA,식품인허가 영업점,1234500.0,45.8
경상남도,의령군,202605,8301,제과점,81370000,3682,5.0,LOCALDATA,식품인허가 영업점,16274000.0,736.4
경상남도,의령군,202606,4010,편의점,103130000,10425,17.0,국세청,가동사업자,6066470.588235294,613.2352941176471
경상남도,의령군,202606,4020,슈퍼마켓,263910000,10026,10.0,국세청,가동사업자,26391000.0,1002.6
경상남도,의령군,202606,8005,중국음식,17870000,709,20.0,LOCALDATA,식품인허가 영업점,893500.0,35.45
경상남도,의령군,202606,8301,제과점,49280000,2425,5.0,LOCALDATA,식품인허가 영업점,9856000.0,485.0
경상남도,진주시,202601,4010,편의점,1834520000,221159,312.0,국세청,가동사업자,5879871.794871795,708.8429487179487
경상남도,진주시,202601,4020,슈퍼마켓,1235460000,70742,166.0,국세청,가동사업자,7442530.120481928,426.1566265060241
경상남도,진주시,202601,8005,중국음식,340430000,11944,206.0,LOCALDATA,식품인허가 영업점,1652572.8155339805,57.980582524271846
경상남도,진주시,202601,8301,제과점,418260000,28282,184.0,LOCALDATA,식품인허가 영업점,2273152.1739130435,153.70652173913044
경상남도,진주시,202602,4010,편의점,1767890000,207643,310.0,국세청,가동사업자,5702870.9677419355,669.8161290322581
경상남도,진주시,202602,4020,슈퍼마켓,1238110000,69826,166.0,국세청,가동사업자,7458493.975903614,420.6385542168675
경상남도,진주시,202602,8005,중국음식,341740000,11231,205.0,LOCALDATA,식품인허가 영업점,1667024.3902439023,54.78536585365854
경상남도,진주시,202602,8301,제과점,427710000,27996,184.0,LOCALDATA,식품인허가 영업점,2324510.8695652173,152.15217391304347
경상남도,진주시,202603,4010,편의점,2050100000,253004,309.0,국세청,가동사업자,6634627.83171521,818.7831715210356
경상남도,진주시,202603,4020,슈퍼마켓,1224200000,75179,166.0,국세청,가동사업자,7374698.795180723,452.8855421686747
경상남도,진주시,202603,8005,중국음식,341590000,12786,205.0,LOCALDATA,식품인허가 영업점,1666292.6829268292,62.37073170731707
경상남도,진주시,202603,8301,제과점,438160000,30857,185.0,LOCALDATA,식품인허가 영업점,2368432.4324324327,166.7945945945946
경상남도,진주시,202604,4010,편의점,2018320000,261846,308.0,국세청,가동사업자,6552987.012987013,850.1493506493506
경상남도,진주시,202604,4020,슈퍼마켓,1264790000,76600,169.0,국세청,가동사업자,7483964.49704142,453.2544378698225
경상남도,진주시,202604,8005,중국음식,320160000,12078,206.0,LOCALDATA,식품인허가 영업점,1554174.7572815535,58.63106796116505
경상남도,진주시,202604,8301,제과점,411580000,30714,189.0,LOCALDATA,식품인허가 영업점,2177671.9576719576,162.5079365079365
경상남도,진주시,202605,4010,편의점,2358680000,289143,308.0,국세청,가동사업자,7658051.948051948,938.775974025974
경상남도,진주시,202605,4020,슈퍼마켓,1710640000,99052,171.0,국세청,가동사업자,10003742.69005848,579.2514619883041
경상남도,진주시,202605,8005,중국음식,407020000,14788,206.0,LOCALDATA,식품인허가 영업점,1975825.2427184465,71.7864077669903
경상남도,진주시,202605,8301,제과점,507270000,35918,187.0,LOCALDATA,식품인허가 영업점,2712673.796791444,192.07486631016042
경상남도,진주시,202606,4010,편의점,2144170000,270967,306.0,국세청,가동사업자,7007091.503267974,885.5130718954248
경상남도,진주시,202606,4020,슈퍼마켓,1391230000,86293,172.0,국세청,가동사업자,8088546.511627907,501.70348837209303
경상남도,진주시,202606,8005,중국음식,328080000,12393,206.0,LOCALDATA,식품인허가 영업점,1592621.359223301,60.16019417475728
경상남도,진주시,202606,8301,제과점,396050000,30807,186.0,LOCALDATA,식품인허가 영업점,2129301.075268817,165.6290322580645
경상남도,창녕군,202601,4010,편의점,353470000,35113,55.0,국세청,가동사업자,6426727.2727272725,638.4181818181818
경상남도,창녕군,202601,4020,슈퍼마켓,732310000,27675,35.0,국세청,가동사업자,20923142.85714286,790.7142857142857
경상남도,창녕군,202601,8005,중국음식,93620000,3636,53.0,LOCALDATA,식품인허가 영업점,1766415.0943396227,68.60377358490567
경상남도,창녕군,202601,8301,제과점,31090000,1953,17.0,LOCALDATA,식품인허가 영업점,1828823.5294117648,114.88235294117646
경상남도,창녕군,202602,4010,편의점,331020000,33638,55.0,국세청,가동사업자,6018545.454545454,611.6
경상남도,창녕군,202602,4020,슈퍼마켓,777020000,28431,35.0,국세청,가동사업자,22200571.42857143,812.3142857142857
경상남도,창녕군,202602,8005,중국음식,85450000,3324,53.0,LOCALDATA,식품인허가 영업점,1612264.1509433961,62.716981132075475
경상남도,창녕군,202602,8301,제과점,33520000,1922,17.0,LOCALDATA,식품인허가 영업점,1971764.705882353,113.05882352941177
경상남도,창녕군,202603,4010,편의점,363260000,37827,57.0,국세청,가동사업자,6372982.456140351,663.6315789473684
경상남도,창녕군,202603,4020,슈퍼마켓,715110000,28548,36.0,국세청,가동사업자,19864166.666666668,793.0
경상남도,창녕군,202603,8005,중국음식,90480000,3576,53.0,LOCALDATA,식품인허가 영업점,1707169.8113207547,67.47169811320755
경상남도,창녕군,202603,8301,제과점,30670000,1875,17.0,LOCALDATA,식품인허가 영업점,1804117.6470588236,110.29411764705883
경상남도,창녕군,202604,4010,편의점,379970000,40676,57.0,국세청,가동사업자,6666140.350877193,713.6140350877193
경상남도,창녕군,202604,4020,슈퍼마켓,749400000,29696,36.0,국세청,가동사업자,20816666.666666668,824.8888888888889
경상남도,창녕군,202604,8005,중국음식,88160000,3537,53.0,LOCALDATA,식품인허가 영업점,1663396.2264150945,66.73584905660377
경상남도,창녕군,202604,8301,제과점,32860000,2005,17.0,LOCALDATA,식품인허가 영업점,1932941.1764705882,117.94117647058823
경상남도,창녕군,202605,4010,편의점,404130000,42920,60.0,국세청,가동사업자,6735500.0,715.3333333333334
경상남도,창녕군,202605,4020,슈퍼마켓,842910000,33033,36.0,국세청,가동사업자,23414166.666666668,917.5833333333334
경상남도,창녕군,202605,8005,중국음식,88300000,3378,53.0,LOCALDATA,식품인허가 영업점,1666037.7358490566,63.735849056603776
경상남도,창녕군,202605,8301,제과점,35680000,1994,17.0,LOCALDATA,식품인허가 영업점,2098823.529411765,117.29411764705883
경상남도,창녕군,202606,4010,편의점,384980000,41679,58.0,국세청,가동사업자,6637586.206896552,718.6034482758621
경상남도,창녕군,202606,4020,슈퍼마켓,756040000,30170,35.0,국세청,가동사업자,21601142.85714286,862.0
경상남도,창녕군,202606,8005,중국음식,70300000,2916,53.0,LOCALDATA,식품인허가 영업점,1326415.0943396227,55.0188679245283
경상남도,창녕군,202606,8301,제과점,26240000,1694,17.0,LOCALDATA,식품인허가 영업점,1543529.4117647058,99.6470588235294
경상남도,창원시 마산합포구,202601,4010,편의점,1275000000,148378,172.0,국세청,가동사업자,7412790.697674419,862.6627906976744
경상남도,창원시 마산합포구,202601,4020,슈퍼마켓,2049780000,98886,103.0,국세청,가동사업자,19900776.699029125,960.0582524271845
경상남도,창원시 마산합포구,202601,8005,중국음식,273180000,10504,97.0,LOCALDATA,식품인허가 영업점,2816288.6597938146,108.28865979381443
경상남도,창원시 마산합포구,202601,8301,제과점,300660000,20918,56.0,LOCALDATA,식품인허가 영업점,5368928.571428572,373.5357142857143
경상남도,창원시 마산합포구,202602,4010,편의점,1213560000,139713,171.0,국세청,가동사업자,7096842.105263158,817.0350877192982
경상남도,창원시 마산합포구,202602,4020,슈퍼마켓,1977220000,92639,104.0,국세청,가동사업자,19011730.769230768,890.7596153846154
경상남도,창원시 마산합포구,202602,8005,중국음식,279880000,10190,97.0,LOCALDATA,식품인허가 영업점,2885360.824742268,105.05154639175258
경상남도,창원시 마산합포구,202602,8301,제과점,299290000,20094,57.0,LOCALDATA,식품인허가 영업점,5250701.754385965,352.5263157894737
경상남도,창원시 마산합포구,202603,4010,편의점,1399980000,167712,171.0,국세청,가동사업자,8187017.543859649,980.7719298245614
경상남도,창원시 마산합포구,202603,4020,슈퍼마켓,2015980000,103246,103.0,국세청,가동사업자,19572621.359223302,1002.3883495145631
경상남도,창원시 마산합포구,202603,8005,중국음식,285510000,11447,97.0,LOCALDATA,식품인허가 영업점,2943402.06185567,118.01030927835052
경상남도,창원시 마산합포구,202603,8301,제과점,333890000,23461,59.0,LOCALDATA,식품인허가 영업점,5659152.542372881,397.64406779661016
경상남도,창원시 마산합포구,202604,4010,편의점,1383200000,170842,172.0,국세청,가동사업자,8041860.465116279,993.2674418604652
경상남도,창원시 마산합포구,202604,4020,슈퍼마켓,1942570000,101152,103.0,국세청,가동사업자,18859902.91262136,982.0582524271845
경상남도,창원시 마산합포구,202604,8005,중국음식,278240000,11360,97.0,LOCALDATA,식품인허가 영업점,2868453.6082474226,117.11340206185567
경상남도,창원시 마산합포구,202604,8301,제과점,316040000,23340,60.0,LOCALDATA,식품인허가 영업점,5267333.333333333,389.0
경상남도,창원시 마산합포구,202605,4010,편의점,1842370000,217604,174.0,국세청,가동사업자,10588333.333333334,1250.5977011494253
경상남도,창원시 마산합포구,202605,4020,슈퍼마켓,2692110000,145030,103.0,국세청,가동사업자,26136990.291262135,1408.0582524271845
경상남도,창원시 마산합포구,202605,8005,중국음식,402040000,15953,96.0,LOCALDATA,식품인허가 영업점,4187916.6666666665,166.17708333333334
경상남도,창원시 마산합포구,202605,8301,제과점,460080000,33618,60.0,LOCALDATA,식품인허가 영업점,7668000.0,560.3
경상남도,창원시 마산합포구,202606,4010,편의점,1563400000,191765,171.0,국세청,가동사업자,9142690.058479533,1121.4327485380118
경상남도,창원시 마산합포구,202606,4020,슈퍼마켓,2157580000,119486,102.0,국세청,가동사업자,21152745.098039217,1171.4313725490197
경상남도,창원시 마산합포구,202606,8005,중국음식,289410000,11811,96.0,LOCALDATA,식품인허가 영업점,3014687.5,123.03125
경상남도,창원시 마산합포구,202606,8301,제과점,337500000,26340,60.0,LOCALDATA,식품인허가 영업점,5625000.0,439.0
경상남도,창원시 마산회원구,202601,4010,편의점,1251670000,156260,149.0,국세청,가동사업자,8400469.798657719,1048.724832214765
경상남도,창원시 마산회원구,202601,4020,슈퍼마켓,1679460000,104361,106.0,국세청,가동사업자,15843962.264150944,984.5377358490566
경상남도,창원시 마산회원구,202601,8005,중국음식,191860000,7993,84.0,LOCALDATA,식품인허가 영업점,2284047.619047619,95.1547619047619
경상남도,창원시 마산회원구,202601,8301,제과점,293510000,21721,53.0,LOCALDATA,식품인허가 영업점,5537924.528301887,409.8301886792453
경상남도,창원시 마산회원구,202602,4010,편의점,1198670000,147916,148.0,국세청,가동사업자,8099121.621621622,999.4324324324324
경상남도,창원시 마산회원구,202602,4020,슈퍼마켓,1697180000,99404,108.0,국세청,가동사업자,15714629.629629629,920.4074074074074
경상남도,창원시 마산회원구,202602,8005,중국음식,179970000,7358,84.0,LOCALDATA,식품인허가 영업점,2142500.0,87.5952380952381
경상남도,창원시 마산회원구,202602,8301,제과점,300380000,20945,51.0,LOCALDATA,식품인허가 영업점,5889803.9215686275,410.6862745098039
경상남도,창원시 마산회원구,202603,4010,편의점,1353870000,172391,146.0,국세청,가동사업자,9273082.191780822,1180.7602739726028
경상남도,창원시 마산회원구,202603,4020,슈퍼마켓,1649750000,107107,107.0,국세청,가동사업자,15418224.29906542,1001.0
경상남도,창원시 마산회원구,202603,8005,중국음식,184940000,8112,84.0,LOCALDATA,식품인허가 영업점,2201666.6666666665,96.57142857142857
경상남도,창원시 마산회원구,202603,8301,제과점,321360000,23864,51.0,LOCALDATA,식품인허가 영업점,6301176.470588235,467.921568627451
경상남도,창원시 마산회원구,202604,4010,편의점,1374560000,179194,146.0,국세청,가동사업자,9414794.520547945,1227.3561643835617
경상남도,창원시 마산회원구,202604,4020,슈퍼마켓,1669570000,107274,104.0,국세청,가동사업자,16053557.692307692,1031.4807692307693
경상남도,창원시 마산회원구,202604,8005,중국음식,181120000,7746,84.0,LOCALDATA,식품인허가 영업점,2156190.476190476,92.21428571428571
경상남도,창원시 마산회원구,202604,8301,제과점,315430000,23614,50.0,LOCALDATA,식품인허가 영업점,6308600.0,472.28
경상남도,창원시 마산회원구,202605,4010,편의점,1947590000,238583,146.0,국세청,가동사업자,13339657.534246575,1634.1301369863013
경상남도,창원시 마산회원구,202605,4020,슈퍼마켓,3018460000,191435,102.0,국세청,가동사업자,29592745.098039217,1876.813725490196
경상남도,창원시 마산회원구,202605,8005,중국음식,310330000,13603,84.0,LOCALDATA,식품인허가 영업점,3694404.761904762,161.9404761904762
경상남도,창원시 마산회원구,202605,8301,제과점,477340000,35098,51.0,LOCALDATA,식품인허가 영업점,9359607.843137255,688.1960784313726
경상남도,창원시 마산회원구,202606,4010,편의점,1633840000,208644,143.0,국세청,가동사업자,11425454.545454545,1459.048951048951
경상남도,창원시 마산회원구,202606,4020,슈퍼마켓,2284780000,156302,102.0,국세청,가동사업자,22399803.92156863,1532.3725490196077
경상남도,창원시 마산회원구,202606,8005,중국음식,220730000,10070,84.0,LOCALDATA,식품인허가 영업점,2627738.095238095,119.88095238095238
경상남도,창원시 마산회원구,202606,8301,제과점,348840000,28664,51.0,LOCALDATA,식품인허가 영업점,6840000.0,562.0392156862745
경상남도,창원시 성산구,202601,4010,편의점,2133240000,254529,237.0,국세청,가동사업자,9001012.658227848,1073.9620253164558
경상남도,창원시 성산구,202601,4020,슈퍼마켓,1351230000,94741,111.0,국세청,가동사업자,12173243.243243244,853.5225225225225
경상남도,창원시 성산구,202601,8005,중국음식,447910000,14420,99.0,LOCALDATA,식품인허가 영업점,4524343.434343434,145.65656565656565
경상남도,창원시 성산구,202601,8301,제과점,546210000,37599,99.0,LOCALDATA,식품인허가 영업점,5517272.7272727275,379.7878787878788
경상남도,창원시 성산구,202602,4010,편의점,1999090000,233358,241.0,국세청,가동사업자,8294979.253112033,968.2904564315353
경상남도,창원시 성산구,202602,4020,슈퍼마켓,1259810000,85279,110.0,국세청,가동사업자,11452818.181818182,775.2636363636364
경상남도,창원시 성산구,202602,8005,중국음식,398890000,12837,99.0,LOCALDATA,식품인허가 영업점,4029191.9191919193,129.66666666666666
경상남도,창원시 성산구,202602,8301,제과점,512420000,34836,99.0,LOCALDATA,식품인허가 영업점,5175959.595959596,351.8787878787879
경상남도,창원시 성산구,202603,4010,편의점,2288410000,267571,239.0,국세청,가동사업자,9574937.238493724,1119.5439330543934
경상남도,창원시 성산구,202603,4020,슈퍼마켓,1308980000,95354,112.0,국세청,가동사업자,11687321.42857143,851.375
경상남도,창원시 성산구,202603,8005,중국음식,416680000,14077,99.0,LOCALDATA,식품인허가 영업점,4208888.888888889,142.1919191919192
경상남도,창원시 성산구,202603,8301,제과점,539500000,38792,101.0,LOCALDATA,식품인허가 영업점,5341584.158415842,384.0792079207921
경상남도,창원시 성산구,202604,4010,편의점,2211380000,271627,239.0,국세청,가동사업자,9252635.983263599,1136.5146443514645
경상남도,창원시 성산구,202604,4020,슈퍼마켓,1284620000,91953,112.0,국세청,가동사업자,11469821.42857143,821.0089285714286
경상남도,창원시 성산구,202604,8005,중국음식,384930000,13209,99.0,LOCALDATA,식품인허가 영업점,3888181.8181818184,133.42424242424244
경상남도,창원시 성산구,202604,8301,제과점,491390000,37140,103.0,LOCALDATA,식품인허가 영업점,4770776.699029126,360.58252427184465
경상남도,창원시 성산구,202605,4010,편의점,2876710000,337470,239.0,국세청,가동사업자,12036443.51464435,1412.008368200837
경상남도,창원시 성산구,202605,4020,슈퍼마켓,2013100000,140673,112.0,국세청,가동사업자,17974107.14285714,1256.0089285714287
경상남도,창원시 성산구,202605,8005,중국음식,532630000,18601,98.0,LOCALDATA,식품인허가 영업점,5435000.0,189.80612244897958
경상남도,창원시 성산구,202605,8301,제과점,666540000,49578,102.0,LOCALDATA,식품인허가 영업점,6534705.882352941,486.05882352941177
경상남도,창원시 성산구,202606,4010,편의점,2579490000,312949,238.0,국세청,가동사업자,10838193.277310925,1314.9117647058824
경상남도,창원시 성산구,202606,4020,슈퍼마켓,1621640000,122019,111.0,국세청,가동사업자,14609369.369369369,1099.2702702702702
경상남도,창원시 성산구,202606,8005,중국음식,421590000,15161,98.0,LOCALDATA,식품인허가 영업점,4301938.775510204,154.70408163265307
경상남도,창원시 성산구,202606,8301,제과점,542420000,43183,102.0,LOCALDATA,식품인허가 영업점,5317843.137254902,423.3627450980392
경상남도,창원시 의창구,202601,4010,편의점,1567220000,189781,206.0,국세청,가동사업자,7607864.077669903,921.2669902912621
경상남도,창원시 의창구,202601,4020,슈퍼마켓,1922320000,103761,116.0,국세청,가동사업자,16571724.137931034,894.4913793103449
경상남도,창원시 의창구,202601,8005,중국음식,258760000,10588,89.0,LOCALDATA,식품인허가 영업점,2907415.7303370787,118.96629213483146
경상남도,창원시 의창구,202601,8301,제과점,465450000,29902,69.0,LOCALDATA,식품인허가 영업점,6745652.173913044,433.3623188405797
경상남도,창원시 의창구,202602,4010,편의점,1483870000,177555,205.0,국세청,가동사업자,7238390.243902439,866.1219512195122
경상남도,창원시 의창구,202602,4020,슈퍼마켓,1750750000,93931,115.0,국세청,가동사업자,15223913.043478262,816.7913043478261
경상남도,창원시 의창구,202602,8005,중국음식,251260000,9625,87.0,LOCALDATA,식품인허가 영업점,2888045.9770114943,110.63218390804597
경상남도,창원시 의창구,202602,8301,제과점,452730000,28525,71.0,LOCALDATA,식품인허가 영업점,6376478.873239436,401.76056338028167
경상남도,창원시 의창구,202603,4010,편의점,1672260000,206455,206.0,국세청,가동사업자,8117766.990291262,1002.2087378640776
경상남도,창원시 의창구,202603,4020,슈퍼마켓,1752440000,103578,113.0,국세청,가동사업자,15508318.584070796,916.6194690265487
경상남도,창원시 의창구,202603,8005,중국음식,252560000,10288,88.0,LOCALDATA,식품인허가 영업점,2870000.0,116.9090909090909
경상남도,창원시 의창구,202603,8301,제과점,487790000,32438,71.0,LOCALDATA,식품인허가 영업점,6870281.690140845,456.8732394366197
경상남도,창원시 의창구,202604,4010,편의점,1685740000,212480,206.0,국세청,가동사업자,8183203.8834951455,1031.4563106796118
경상남도,창원시 의창구,202604,4020,슈퍼마켓,1759580000,103273,115.0,국세청,가동사업자,15300695.652173912,898.0260869565218
경상남도,창원시 의창구,202604,8005,중국음식,242440000,9874,87.0,LOCALDATA,식품인허가 영업점,2786666.6666666665,113.49425287356321
경상남도,창원시 의창구,202604,8301,제과점,456250000,31945,72.0,LOCALDATA,식품인허가 영업점,6336805.555555556,443.68055555555554
경상남도,창원시 의창구,202605,4010,편의점,2321020000,274815,205.0,국세청,가동사업자,11322048.780487806,1340.560975609756
경상남도,창원시 의창구,202605,4020,슈퍼마켓,2945930000,173661,115.0,국세청,가동사업자,25616782.608695652,1510.095652173913
경상남도,창원시 의창구,202605,8005,중국음식,384850000,15790,89.0,LOCALDATA,식품인허가 영업점,4324157.303370787,177.41573033707866
경상남도,창원시 의창구,202605,8301,제과점,629980000,42915,72.0,LOCALDATA,식품인허가 영업점,8749722.222222222,596.0416666666666
경상남도,창원시 의창구,202606,4010,편의점,1951410000,243052,207.0,국세청,가동사업자,9427101.449275363,1174.1642512077294
경상남도,창원시 의창구,202606,4020,슈퍼마켓,2266270000,142158,111.0,국세청,가동사업자,20416846.846846845,1280.7027027027027
경상남도,창원시 의창구,202606,8005,중국음식,289400000,12181,90.0,LOCALDATA,식품인허가 영업점,3215555.5555555555,135.34444444444443
경상남도,창원시 의창구,202606,8301,제과점,505980000,37204,73.0,LOCALDATA,식품인허가 영업점,6931232.876712329,509.64383561643837
경상남도,창원시 진해구,202601,4010,편의점,1722270000,193061,210.0,국세청,가동사업자,8201285.714285715,919.3380952380952
경상남도,창원시 진해구,202601,4020,슈퍼마켓,1513740000,80274,85.0,국세청,가동사업자,17808705.88235294,944.4
경상남도,창원시 진해구,202601,8005,중국음식,278050000,10138,85.0,LOCALDATA,식품인허가 영업점,3271176.470588235,119.27058823529411
경상남도,창원시 진해구,202601,8301,제과점,237030000,15853,71.0,LOCALDATA,식품인허가 영업점,3338450.704225352,223.28169014084506
경상남도,창원시 진해구,202602,4010,편의점,1600640000,178144,210.0,국세청,가동사업자,7622095.238095238,848.3047619047619
경상남도,창원시 진해구,202602,4020,슈퍼마켓,1454370000,74834,85.0,국세청,가동사업자,17110235.29411765,880.4
경상남도,창원시 진해구,202602,8005,중국음식,255300000,9171,85.0,LOCALDATA,식품인허가 영업점,3003529.411764706,107.89411764705882
경상남도,창원시 진해구,202602,8301,제과점,246130000,15392,72.0,LOCALDATA,식품인허가 영업점,3418472.222222222,213.77777777777777
경상남도,창원시 진해구,202603,4010,편의점,1854390000,212417,208.0,국세청,가동사업자,8915336.538461538,1021.2355769230769
경상남도,창원시 진해구,202603,4020,슈퍼마켓,1451440000,81470,92.0,국세청,가동사업자,15776521.739130436,885.5434782608696
경상남도,창원시 진해구,202603,8005,중국음식,266620000,10214,86.0,LOCALDATA,식품인허가 영업점,3100232.5581395347,118.76744186046511
경상남도,창원시 진해구,202603,8301,제과점,267210000,18223,71.0,LOCALDATA,식품인허가 영업점,3763521.1267605633,256.6619718309859
경상남도,창원시 진해구,202604,4010,편의점,1863140000,217106,208.0,국세청,가동사업자,8957403.846153846,1043.7788461538462
경상남도,창원시 진해구,202604,4020,슈퍼마켓,1368940000,77902,90.0,국세청,가동사업자,15210444.444444444,865.5777777777778
경상남도,창원시 진해구,202604,8005,중국음식,276690000,10638,85.0,LOCALDATA,식품인허가 영업점,3255176.470588235,125.15294117647059
경상남도,창원시 진해구,202604,8301,제과점,256720000,18043,72.0,LOCALDATA,식품인허가 영업점,3565555.5555555555,250.59722222222223
경상남도,창원시 진해구,202605,4010,편의점,2605890000,282423,211.0,국세청,가동사업자,12350189.573459717,1338.4976303317535
경상남도,창원시 진해구,202605,4020,슈퍼마켓,2143970000,118529,91.0,국세청,가동사업자,23560109.89010989,1302.5164835164835
경상남도,창원시 진해구,202605,8005,중국음식,418200000,16092,85.0,LOCALDATA,식품인허가 영업점,4920000.0,189.31764705882352
경상남도,창원시 진해구,202605,8301,제과점,406220000,28428,74.0,LOCALDATA,식품인허가 영업점,5489459.459459459,384.1621621621622
경상남도,창원시 진해구,202606,4010,편의점,2195760000,254542,207.0,국세청,가동사업자,10607536.231884059,1229.6714975845412
경상남도,창원시 진해구,202606,4020,슈퍼마켓,1712230000,103795,89.0,국세청,가동사업자,19238539.325842697,1166.2359550561798
경상남도,창원시 진해구,202606,8005,중국음식,325180000,12522,86.0,LOCALDATA,식품인허가 영업점,3781162.7906976743,145.6046511627907
경상남도,창원시 진해구,202606,8301,제과점,303210000,23435,73.0,LOCALDATA,식품인허가 영업점,4153561.6438356163,321.027397260274
경상남도,통영시,202601,4010,편의점,959440000,101602,147.0,국세청,가동사업자,6526802.7210884355,691.1700680272108
경상남도,통영시,202601,4020,슈퍼마켓,1254560000,49166,69.0,국세청,가동사업자,18182028.985507246,712.5507246376811
경상남도,통영시,202601,8005,중국음식,165800000,6126,70.0,LOCALDATA,식품인허가 영업점,2368571.4285714286,87.51428571428572
경상남도,통영시,202601,8301,제과점,140960000,8187,46.0,LOCALDATA,식품인허가 영업점,3064347.8260869565,177.97826086956522
경상남도,통영시,202602,4010,편의점,938410000,97301,146.0,국세청,가동사업자,6427465.7534246575,666.445205479452
경상남도,통영시,202602,4020,슈퍼마켓,1187180000,45779,68.0,국세청,가동사업자,17458529.411764707,673.2205882352941
경상남도,통영시,202602,8005,중국음식,159360000,5636,70.0,LOCALDATA,식품인허가 영업점,2276571.4285714286,80.51428571428572
경상남도,통영시,202602,8301,제과점,136430000,7818,47.0,LOCALDATA,식품인허가 영업점,2902765.9574468085,166.3404255319149
경상남도,통영시,202603,4010,편의점,960500000,102268,147.0,국세청,가동사업자,6534013.605442177,695.7006802721088
경상남도,통영시,202603,4020,슈퍼마켓,1136760000,47589,69.0,국세청,가동사업자,16474782.608695652,689.695652173913
경상남도,통영시,202603,8005,중국음식,141680000,5404,69.0,LOCALDATA,식품인허가 영업점,2053333.3333333333,78.31884057971014
경상남도,통영시,202603,8301,제과점,140640000,8299,47.0,LOCALDATA,식품인허가 영업점,2992340.425531915,176.5744680851064
경상남도,통영시,202604,4010,편의점,947120000,104266,146.0,국세청,가동사업자,6487123.287671233,714.1506849315068
경상남도,통영시,202604,4020,슈퍼마켓,1162670000,47987,68.0,국세청,가동사업자,17098088.23529412,705.6911764705883
경상남도,통영시,202604,8005,중국음식,137720000,5234,69.0,LOCALDATA,식품인허가 영업점,1995942.0289855073,75.85507246376811
경상남도,통영시,202604,8301,제과점,147570000,8998,48.0,LOCALDATA,식품인허가 영업점,3074375.0,187.45833333333334
경상남도,통영시,202605,4010,편의점,1306270000,134240,144.0,국세청,가동사업자,9071319.444444444,932.2222222222222
경상남도,통영시,202605,4020,슈퍼마켓,1493410000,60641,67.0,국세청,가동사업자,22289701.492537312,905.0895522388059
경상남도,통영시,202605,8005,중국음식,209220000,7902,69.0,LOCALDATA,식품인허가 영업점,3032173.913043478,114.52173913043478
경상남도,통영시,202605,8301,제과점,214880000,13000,47.0,LOCALDATA,식품인허가 영업점,4571914.893617021,276.59574468085106
경상남도,통영시,202606,4010,편의점,1131500000,121268,143.0,국세청,가동사업자,7912587.412587413,848.027972027972
경상남도,통영시,202606,4020,슈퍼마켓,1350990000,57116,66.0,국세청,가동사업자,20469545.454545453,865.3939393939394
경상남도,통영시,202606,8005,중국음식,163250000,6287,70.0,LOCALDATA,식품인허가 영업점,2332142.8571428573,89.81428571428572
경상남도,통영시,202606,8301,제과점,161670000,10562,47.0,LOCALDATA,식품인허가 영업점,3439787.234042553,224.72340425531914
경상남도,하동군,202601,4010,편의점,150510000,14093,36.0,국세청,가동사업자,4180833.3333333335,391.47222222222223
경상남도,하동군,202601,4020,슈퍼마켓,218780000,8310,22.0,국세청,가동사업자,9944545.454545455,377.72727272727275
경상남도,하동군,202601,8005,중국음식,45510000,1654,20.0,LOCALDATA,식품인허가 영업점,2275500.0,82.7
경상남도,하동군,202601,8301,제과점,24390000,1088,17.0,LOCALDATA,식품인허가 영업점,1434705.8823529412,64.0
경상남도,하동군,202602,4010,편의점,154090000,14614,36.0,국세청,가동사업자,4280277.777777778,405.94444444444446
경상남도,하동군,202602,4020,슈퍼마켓,241930000,8728,23.0,국세청,가동사업자,10518695.652173912,379.4782608695652
경상남도,하동군,202602,8005,중국음식,44400000,1568,19.0,LOCALDATA,식품인허가 영업점,2336842.1052631577,82.52631578947368
경상남도,하동군,202602,8301,제과점,30100000,1412,17.0,LOCALDATA,식품인허가 영업점,1770588.2352941176,83.05882352941177
경상남도,하동군,202603,4010,편의점,167960000,16798,36.0,국세청,가동사업자,4665555.555555556,466.6111111111111
경상남도,하동군,202603,4020,슈퍼마켓,217820000,8766,23.0,국세청,가동사업자,9470434.782608695,381.1304347826087
경상남도,하동군,202603,8005,중국음식,51970000,1932,20.0,LOCALDATA,식품인허가 영업점,2598500.0,96.6
경상남도,하동군,202603,8301,제과점,49060000,2345,17.0,LOCALDATA,식품인허가 영업점,2885882.3529411764,137.94117647058823
경상남도,하동군,202604,4010,편의점,173690000,16851,36.0,국세청,가동사업자,4824722.222222222,468.0833333333333
경상남도,하동군,202604,4020,슈퍼마켓,229050000,8951,23.0,국세청,가동사업자,9958695.652173912,389.17391304347825
경상남도,하동군,202604,8005,중국음식,47910000,1857,21.0,LOCALDATA,식품인허가 영업점,2281428.5714285714,88.42857142857143
경상남도,하동군,202604,8301,제과점,43110000,2053,17.0,LOCALDATA,식품인허가 영업점,2535882.3529411764,120.76470588235294
경상남도,하동군,202605,4010,편의점,243460000,21404,38.0,국세청,가동사업자,6406842.105263158,563.2631578947369
경상남도,하동군,202605,4020,슈퍼마켓,345460000,12784,24.0,국세청,가동사업자,14394166.666666666,532.6666666666666
경상남도,하동군,202605,8005,중국음식,80610000,2790,20.0,LOCALDATA,식품인허가 영업점,4030500.0,139.5
경상남도,하동군,202605,8301,제과점,56870000,2785,17.0,LOCALDATA,식품인허가 영업점,3345294.117647059,163.8235294117647
경상남도,하동군,202606,4010,편의점,219740000,20750,37.0,국세청,가동사업자,5938918.918918919,560.8108108108108
경상남도,하동군,202606,4020,슈퍼마켓,272120000,11161,23.0,국세청,가동사업자,11831304.347826088,485.2608695652174
경상남도,하동군,202606,8005,중국음식,63700000,2402,20.0,LOCALDATA,식품인허가 영업점,3185000.0,120.1
경상남도,하동군,202606,8301,제과점,39900000,2111,17.0,LOCALDATA,식품인허가 영업점,2347058.8235294116,124.17647058823529
경상남도,함안군,202601,4010,편의점,505510000,50920,65.0,국세청,가동사업자,7777076.923076923,783.3846153846154
경상남도,함안군,202601,4020,슈퍼마켓,1183700000,42512,39.0,국세청,가동사업자,30351282.051282052,1090.051282051282
경상남도,함안군,202601,8005,중국음식,113140000,4996,34.0,LOCALDATA,식품인허가 영업점,3327647.0588235296,146.94117647058823
경상남도,함안군,202601,8301,제과점,47500000,3105,16.0,LOCALDATA,식품인허가 영업점,2968750.0,194.0625
경상남도,함안군,202602,4010,편의점,464100000,46451,64.0,국세청,가동사업자,7251562.5,725.796875
경상남도,함안군,202602,4020,슈퍼마켓,1191070000,41073,40.0,국세청,가동사업자,29776750.0,1026.825
경상남도,함안군,202602,8005,중국음식,114120000,4751,34.0,LOCALDATA,식품인허가 영업점,3356470.588235294,139.73529411764707
경상남도,함안군,202602,8301,제과점,50460000,3045,16.0,LOCALDATA,식품인허가 영업점,3153750.0,190.3125
경상남도,함안군,202603,4010,편의점,548120000,55558,63.0,국세청,가동사업자,8700317.46031746,881.8730158730159
경상남도,함안군,202603,4020,슈퍼마켓,1147540000,44029,39.0,국세청,가동사업자,29424102.564102564,1128.948717948718
경상남도,함안군,202603,8005,중국음식,118960000,5494,34.0,LOCALDATA,식품인허가 영업점,3498823.529411765,161.58823529411765
경상남도,함안군,202603,8301,제과점,50420000,3394,16.0,LOCALDATA,식품인허가 영업점,3151250.0,212.125
경상남도,함안군,202604,4010,편의점,578700000,59105,63.0,국세청,가동사업자,9185714.285714285,938.1746031746031
경상남도,함안군,202604,4020,슈퍼마켓,1123760000,43576,39.0,국세청,가동사업자,28814358.974358976,1117.3333333333333
경상남도,함안군,202604,8005,중국음식,107950000,5010,33.0,LOCALDATA,식품인허가 영업점,3271212.121212121,151.8181818181818
경상남도,함안군,202604,8301,제과점,51980000,3421,16.0,LOCALDATA,식품인허가 영업점,3248750.0,213.8125
경상남도,함안군,202605,4010,편의점,604880000,60987,61.0,국세청,가동사업자,9916065.573770491,999.7868852459017
경상남도,함안군,202605,4020,슈퍼마켓,1227660000,47964,40.0,국세청,가동사업자,30691500.0,1199.1
경상남도,함안군,202605,8005,중국음식,132580000,5730,33.0,LOCALDATA,식품인허가 영업점,4017575.757575758,173.63636363636363
경상남도,함안군,202605,8301,제과점,57780000,3602,16.0,LOCALDATA,식품인허가 영업점,3611250.0,225.125
경상남도,함안군,202606,4010,편의점,591490000,61021,61.0,국세청,가동사업자,9696557.37704918,1000.344262295082
경상남도,함안군,202606,4020,슈퍼마켓,1143530000,45165,40.0,국세청,가동사업자,28588250.0,1129.125
경상남도,함안군,202606,8005,중국음식,108050000,4987,33.0,LOCALDATA,식품인허가 영업점,3274242.4242424243,151.12121212121212
경상남도,함안군,202606,8301,제과점,42440000,3194,16.0,LOCALDATA,식품인허가 영업점,2652500.0,199.625
경상남도,함양군,202601,4010,편의점,177560000,18840,30.0,국세청,가동사업자,5918666.666666667,628.0
경상남도,함양군,202601,4020,슈퍼마켓,157770000,6808,25.0,국세청,가동사업자,6310800.0,272.32
경상남도,함양군,202601,8005,중국음식,30860000,1222,25.0,LOCALDATA,식품인허가 영업점,1234400.0,48.88
경상남도,함양군,202601,8301,제과점,21450000,1325,10.0,LOCALDATA,식품인허가 영업점,2145000.0,132.5
경상남도,함양군,202602,4010,편의점,187520000,20016,30.0,국세청,가동사업자,6250666.666666667,667.2
경상남도,함양군,202602,4020,슈퍼마켓,169300000,7226,25.0,국세청,가동사업자,6772000.0,289.04
경상남도,함양군,202602,8005,중국음식,26850000,1032,25.0,LOCALDATA,식품인허가 영업점,1074000.0,41.28
경상남도,함양군,202602,8301,제과점,23010000,1408,10.0,LOCALDATA,식품인허가 영업점,2301000.0,140.8
경상남도,함양군,202603,4010,편의점,181180000,19400,30.0,국세청,가동사업자,6039333.333333333,646.6666666666666
경상남도,함양군,202603,4020,슈퍼마켓,151030000,7137,25.0,국세청,가동사업자,6041200.0,285.48
경상남도,함양군,202603,8005,중국음식,27300000,1098,24.0,LOCALDATA,식품인허가 영업점,1137500.0,45.75
경상남도,함양군,202603,8301,제과점,21820000,1419,10.0,LOCALDATA,식품인허가 영업점,2182000.0,141.9
경상남도,함양군,202604,4010,편의점,198710000,21590,30.0,국세청,가동사업자,6623666.666666667,719.6666666666666
경상남도,함양군,202604,4020,슈퍼마켓,163000000,7679,25.0,국세청,가동사업자,6520000.0,307.16
경상남도,함양군,202604,8005,중국음식,27920000,1148,25.0,LOCALDATA,식품인허가 영업점,1116800.0,45.92
경상남도,함양군,202604,8301,제과점,25520000,1584,10.0,LOCALDATA,식품인허가 영업점,2552000.0,158.4
경상남도,함양군,202605,4010,편의점,256680000,26433,30.0,국세청,가동사업자,8556000.0,881.1
경상남도,함양군,202605,4020,슈퍼마켓,208550000,8806,25.0,국세청,가동사업자,8342000.0,352.24
경상남도,함양군,202605,8005,중국음식,40530000,1537,24.0,LOCALDATA,식품인허가 영업점,1688750.0,64.04166666666667
경상남도,함양군,202605,8301,제과점,33480000,1913,10.0,LOCALDATA,식품인허가 영업점,3348000.0,191.3
경상남도,함양군,202606,4010,편의점,226100000,23803,29.0,국세청,가동사업자,7796551.724137931,820.7931034482758
경상남도,함양군,202606,4020,슈퍼마켓,181370000,8183,25.0,국세청,가동사업자,7254800.0,327.32
경상남도,함양군,202606,8005,중국음식,29860000,1270,24.0,LOCALDATA,식품인허가 영업점,1244166.6666666667,52.916666666666664
경상남도,함양군,202606,8301,제과점,25540000,1629,10.0,LOCALDATA,식품인허가 영업점,2554000.0,162.9
경상남도,합천군,202601,4010,편의점,123470000,12179,21.0,국세청,가동사업자,5879523.80952381,579.952380952381
경상남도,합천군,202601,4020,슈퍼마켓,172950000,7918,27.0,국세청,가동사업자,6405555.555555556,293.25925925925924
경상남도,합천군,202601,8005,중국음식,45050000,1633,27.0,LOCALDATA,식품인허가 영업점,1668518.5185185184,60.48148148148148
경상남도,합천군,202601,8301,제과점,21070000,1162,9.0,LOCALDATA,식품인허가 영업점,2341111.111111111,129.11111111111111
경상남도,합천군,202602,4010,편의점,120770000,12126,21.0,국세청,가동사업자,5750952.380952381,577.4285714285714
경상남도,합천군,202602,4020,슈퍼마켓,206840000,8453,27.0,국세청,가동사업자,7660740.740740741,313.0740740740741
경상남도,합천군,202602,8005,중국음식,47660000,1626,28.0,LOCALDATA,식품인허가 영업점,1702142.857142857,58.07142857142857
경상남도,합천군,202602,8301,제과점,23560000,1144,9.0,LOCALDATA,식품인허가 영업점,2617777.777777778,127.11111111111111
경상남도,합천군,202603,4010,편의점,132520000,13090,22.0,국세청,가동사업자,6023636.363636363,595.0
경상남도,합천군,202603,4020,슈퍼마켓,182550000,8621,27.0,국세청,가동사업자,6761111.111111111,319.2962962962963
경상남도,합천군,202603,8005,중국음식,53950000,1942,28.0,LOCALDATA,식품인허가 영업점,1926785.7142857143,69.35714285714286
경상남도,합천군,202603,8301,제과점,20170000,1196,9.0,LOCALDATA,식품인허가 영업점,2241111.111111111,132.88888888888889
경상남도,합천군,202604,4010,편의점,140860000,14383,23.0,국세청,가동사업자,6124347.826086956,625.3478260869565
경상남도,합천군,202604,4020,슈퍼마켓,197180000,9476,27.0,국세청,가동사업자,7302962.962962963,350.962962962963
경상남도,합천군,202604,8005,중국음식,53800000,1950,28.0,LOCALDATA,식품인허가 영업점,1921428.5714285714,69.64285714285714
경상남도,합천군,202604,8301,제과점,23680000,1295,9.0,LOCALDATA,식품인허가 영업점,2631111.111111111,143.88888888888889
경상남도,합천군,202605,4010,편의점,199590000,19378,23.0,국세청,가동사업자,8677826.086956521,842.5217391304348
경상남도,합천군,202605,4020,슈퍼마켓,338490000,14899,27.0,국세청,가동사업자,12536666.666666666,551.8148148148148
경상남도,합천군,202605,8005,중국음식,80060000,2897,28.0,LOCALDATA,식품인허가 영업점,2859285.714285714,103.46428571428571
경상남도,합천군,202605,8301,제과점,41050000,2372,9.0,LOCALDATA,식품인허가 영업점,4561111.111111111,263.55555555555554
경상남도,합천군,202606,4010,편의점,185770000,17992,24.0,국세청,가동사업자,7740416.666666667,749.6666666666666
경상남도,합천군,202606,4020,슈퍼마켓,281220000,12508,27.0,국세청,가동사업자,10415555.555555556,463.25925925925924
경상남도,합천군,202606,8005,중국음식,55680000,2187,28.0,LOCALDATA,식품인허가 영업점,1988571.4285714286,78.10714285714286
경상남도,합천군,202606,8301,제과점,31560000,1968,9.0,LOCALDATA,식품인허가 영업점,3506666.6666666665,218.66666666666666
경상북도,경산시,202601,4010,편의점,2118730000,259784,316.0,국세청,가동사업자,6704841.772151899,822.1012658227849
경상북도,경산시,202601,4020,슈퍼마켓,4834700000,255130,137.0,국세청,가동사업자,35289781.02189781,1862.2627737226278
경상북도,경산시,202601,8005,중국음식,247140000,9802,170.0,LOCALDATA,식품인허가 영업점,1453764.705882353,57.65882352941176
경상북도,경산시,202601,8301,제과점,335370000,28771,112.0,LOCALDATA,식품인허가 영업점,2994375.0,256.88392857142856
경상북도,경산시,202602,4010,편의점,1956600000,234998,318.0,국세청,가동사업자,6152830.188679245,738.9874213836478
경상북도,경산시,202602,4020,슈퍼마켓,4655530000,235280,139.0,국세청,가동사업자,33493021.582733814,1692.6618705035971
경상북도,경산시,202602,8005,중국음식,236860000,9009,168.0,LOCALDATA,식품인허가 영업점,1409880.9523809524,53.625
경상북도,경산시,202602,8301,제과점,342400000,27772,111.0,LOCALDATA,식품인허가 영업점,3084684.6846846845,250.19819819819818
경상북도,경산시,202603,4010,편의점,2610550000,348530,311.0,국세청,가동사업자,8394051.446945338,1120.6752411575562
경상북도,경산시,202603,4020,슈퍼마켓,4752240000,268526,139.0,국세청,가동사업자,34188776.97841727,1931.841726618705
경상북도,경산시,202603,8005,중국음식,312210000,14895,168.0,LOCALDATA,식품인허가 영업점,1858392.857142857,88.66071428571429
경상북도,경산시,202603,8301,제과점,387660000,34669,112.0,LOCALDATA,식품인허가 영업점,3461250.0,309.54464285714283
경상북도,경산시,202604,4010,편의점,2555480000,360316,308.0,국세청,가동사업자,8297012.987012987,1169.857142857143
경상북도,경산시,202604,4020,슈퍼마켓,4564040000,264784,138.0,국세청,가동사업자,33072753.623188406,1918.7246376811595
경상북도,경산시,202604,8005,중국음식,300710000,14599,168.0,LOCALDATA,식품인허가 영업점,1789940.4761904762,86.89880952380952
경상북도,경산시,202604,8301,제과점,375350000,35440,112.0,LOCALDATA,식품인허가 영업점,3351339.285714286,316.42857142857144
경상북도,경산시,202605,4010,편의점,2743090000,365033,310.0,국세청,가동사업자,8848677.41935484,1177.5258064516129
경상북도,경산시,202605,4020,슈퍼마켓,4899480000,277929,137.0,국세청,가동사업자,35762627.73722628,2028.6788321167883
경상북도,경산시,202605,8005,중국음식,341850000,14833,167.0,LOCALDATA,식품인허가 영업점,2047005.988023952,88.82035928143712
경상북도,경산시,202605,8301,제과점,410940000,36761,112.0,LOCALDATA,식품인허가 영업점,3669107.1428571427,328.2232142857143
경상북도,경산시,202606,4010,편의점,2652010000,345375,307.0,국세청,가동사업자,8638469.055374593,1125.0
경상북도,경산시,202606,4020,슈퍼마켓,4515890000,261510,138.0,국세청,가동사업자,32723840.579710145,1895.0
경상북도,경산시,202606,8005,중국음식,273170000,12093,166.0,LOCALDATA,식품인허가 영업점,1645602.4096385543,72.84939759036145
경상북도,경산시,202606,8301,제과점,347760000,33106,111.0,LOCALDATA,식품인허가 영업점,3132972.972972973,298.2522522522523
경상북도,경주시,202601,4010,편의점,2186110000,233599,325.0,국세청,가동사업자,6726492.307692308,718.7661538461539
경상북도,경주시,202601,4020,슈퍼마켓,2961520000,136140,238.0,국세청,가동사업자,12443361.344537815,572.0168067226891
경상북도,경주시,202601,8005,중국음식,398460000,14093,190.0,LOCALDATA,식품인허가 영업점,2097157.8947368423,74.17368421052632
경상북도,경주시,202601,8301,제과점,742370000,34420,182.0,LOCALDATA,식품인허가 영업점,4078956.043956044,189.12087912087912
경상북도,경주시,202602,4010,편의점,2158250000,229890,328.0,국세청,가동사업자,6580030.4878048785,700.8841463414634
경상북도,경주시,202602,4020,슈퍼마켓,2888670000,128074,239.0,국세청,가동사업자,12086485.355648536,535.8744769874477
경상북도,경주시,202602,8005,중국음식,391150000,13540,190.0,LOCALDATA,식품인허가 영업점,2058684.2105263157,71.26315789473684
경상북도,경주시,202602,8301,제과점,780730000,35579,179.0,LOCALDATA,식품인허가 영업점,4361620.111731844,198.76536312849163
경상북도,경주시,202603,4010,편의점,2320190000,254034,328.0,국세청,가동사업자,7073750.0,774.4939024390244
경상북도,경주시,202603,4020,슈퍼마켓,2785190000,134193,239.0,국세청,가동사업자,11653514.644351464,561.4769874476988
경상북도,경주시,202603,8005,중국음식,392170000,14431,189.0,LOCALDATA,식품인허가 영업점,2074973.544973545,76.35449735449735
경상북도,경주시,202603,8301,제과점,751780000,36053,177.0,LOCALDATA,식품인허가 영업점,4247344.632768362,203.68926553672316
경상북도,경주시,202604,4010,편의점,2439140000,276072,328.0,국세청,가동사업자,7436402.439024391,841.6829268292682
경상북도,경주시,202604,4020,슈퍼마켓,2865060000,138719,239.0,국세청,가동사업자,11987698.744769875,580.4142259414226
경상북도,경주시,202604,8005,중국음식,381450000,14098,186.0,LOCALDATA,식품인허가 영업점,2050806.4516129033,75.79569892473118
경상북도,경주시,202604,8301,제과점,948870000,41434,173.0,LOCALDATA,식품인허가 영업점,5484797.687861272,239.5028901734104
경상북도,경주시,202605,4010,편의점,2638050000,295499,332.0,국세청,가동사업자,7945933.734939759,890.0572289156627
경상북도,경주시,202605,4020,슈퍼마켓,3039110000,146396,239.0,국세청,가동사업자,12715941.422594143,612.5355648535565
경상북도,경주시,202605,8005,중국음식,407340000,14439,186.0,LOCALDATA,식품인허가 영업점,2190000.0,77.62903225806451
경상북도,경주시,202605,8301,제과점,865480000,39290,173.0,LOCALDATA,식품인허가 영업점,5002774.566473989,227.10982658959537
경상북도,경주시,202606,4010,편의점,2441680000,274208,332.0,국세청,가동사업자,7354457.831325301,825.9277108433735
경상북도,경주시,202606,4020,슈퍼마켓,2830820000,140279,237.0,국세청,가동사업자,11944388.185654009,591.8945147679325
경상북도,경주시,202606,8005,중국음식,334580000,12789,186.0,LOCALDATA,식품인허가 영업점,1798817.2043010753,68.75806451612904
경상북도,경주시,202606,8301,제과점,690100000,32693,172.0,LOCALDATA,식품인허가 영업점,4012209.302325581,190.07558139534885
경상북도,고령군,202601,4010,편의점,208010000,20842,34.0,국세청,가동사업자,6117941.176470588,613.0
경상북도,고령군,202601,4020,슈퍼마켓,497270000,23076,34.0,국세청,가동사업자,14625588.235294119,678.7058823529412
경상북도,고령군,202601,8005,중국음식,53210000,2372,26.0,LOCALDATA,식품인허가 영업점,2046538.4615384615,91.23076923076923
경상북도,고령군,202601,8301,제과점,34030000,2363,9.0,LOCALDATA,식품인허가 영업점,3781111.111111111,262.55555555555554
경상북도,고령군,202602,4010,편의점,198930000,20219,34.0,국세청,가동사업자,5850882.352941177,594.6764705882352
경상북도,고령군,202602,4020,슈퍼마켓,512260000,22811,35.0,국세청,가동사업자,14636000.0,651.7428571428571
경상북도,고령군,202602,8005,중국음식,51490000,2198,26.0,LOCALDATA,식품인허가 영업점,1980384.6153846155,84.53846153846153
경상북도,고령군,202602,8301,제과점,35770000,2399,9.0,LOCALDATA,식품인허가 영업점,3974444.4444444445,266.55555555555554
경상북도,고령군,202603,4010,편의점,228880000,23778,34.0,국세청,가동사업자,6731764.705882353,699.3529411764706
경상북도,고령군,202603,4020,슈퍼마켓,495330000,24423,34.0,국세청,가동사업자,14568529.411764706,718.3235294117648
경상북도,고령군,202603,8005,중국음식,56840000,2714,26.0,LOCALDATA,식품인허가 영업점,2186153.846153846,104.38461538461539
경상북도,고령군,202603,8301,제과점,38250000,2675,9.0,LOCALDATA,식품인허가 영업점,4250000.0,297.22222222222223
경상북도,고령군,202604,4010,편의점,239700000,24909,32.0,국세청,가동사업자,7490625.0,778.40625
경상북도,고령군,202604,4020,슈퍼마켓,487780000,24257,33.0,국세청,가동사업자,14781212.121212121,735.060606060606
경상북도,고령군,202604,8005,중국음식,59080000,2718,26.0,LOCALDATA,식품인허가 영업점,2272307.6923076925,104.53846153846153
경상북도,고령군,202604,8301,제과점,41040000,2838,9.0,LOCALDATA,식품인허가 영업점,4560000.0,315.3333333333333
경상북도,고령군,202605,4010,편의점,268410000,27446,33.0,국세청,가동사업자,8133636.363636363,831.6969696969697
경상북도,고령군,202605,4020,슈퍼마켓,550110000,26451,32.0,국세청,가동사업자,17190937.5,826.59375
경상북도,고령군,202605,8005,중국음식,59330000,2553,25.0,LOCALDATA,식품인허가 영업점,2373200.0,102.12
경상북도,고령군,202605,8301,제과점,38360000,2754,9.0,LOCALDATA,식품인허가 영업점,4262222.222222222,306.0
경상북도,고령군,202606,4010,편의점,268260000,27899,33.0,국세청,가동사업자,8129090.909090909,845.4242424242424
경상북도,고령군,202606,4020,슈퍼마켓,527970000,25865,31.0,국세청,가동사업자,17031290.322580647,834.3548387096774
경상북도,고령군,202606,8005,중국음식,49410000,2282,25.0,LOCALDATA,식품인허가 영업점,1976400.0,91.28
경상북도,고령군,202606,8301,제과점,33920000,2472,9.0,LOCALDATA,식품인허가 영업점,3768888.888888889,274.6666666666667
경상북도,구미시,202601,4010,편의점,3330450000,381591,468.0,국세청,가동사업자,7116346.153846154,815.3653846153846
경상북도,구미시,202601,4020,슈퍼마켓,5408770000,253569,227.0,국세청,가동사업자,23827180.61674009,1117.044052863436
경상북도,구미시,202601,8005,중국음식,440540000,16678,190.0,LOCALDATA,식품인허가 영업점,2318631.5789473685,87.77894736842106
경상북도,구미시,202601,8301,제과점,505020000,37965,159.0,LOCALDATA,식품인허가 영업점,3176226.4150943398,238.77358490566039
경상북도,구미시,202602,4010,편의점,3126610000,356056,473.0,국세청,가동사업자,6610169.133192389,752.7610993657505
경상북도,구미시,202602,4020,슈퍼마켓,5037530000,231898,228.0,국세청,가동사업자,22094429.824561402,1017.0964912280701
경상북도,구미시,202602,8005,중국음식,423400000,15375,191.0,LOCALDATA,식품인허가 영업점,2216753.926701571,80.49738219895288
경상북도,구미시,202602,8301,제과점,509250000,37000,160.0,LOCALDATA,식품인허가 영업점,3182812.5,231.25
경상북도,구미시,202603,4010,편의점,3574860000,424619,475.0,국세청,가동사업자,7526021.052631579,893.9347368421053
경상북도,구미시,202603,4020,슈퍼마켓,4981610000,262243,230.0,국세청,가동사업자,21659173.913043477,1140.1869565217391
경상북도,구미시,202603,8005,중국음식,443700000,17115,191.0,LOCALDATA,식품인허가 영업점,2323036.64921466,89.60732984293193
경상북도,구미시,202603,8301,제과점,566490000,42635,161.0,LOCALDATA,식품인허가 영업점,3518571.4285714286,264.81366459627327
경상북도,구미시,202604,4010,편의점,3525890000,434866,478.0,국세청,가동사업자,7376338.912133891,909.7615062761506
경상북도,구미시,202604,4020,슈퍼마켓,4767780000,256300,233.0,국세청,가동사업자,20462575.10729614,1100.0
경상북도,구미시,202604,8005,중국음식,398190000,15833,193.0,LOCALDATA,식품인허가 영업점,2063160.621761658,82.03626943005182
경상북도,구미시,202604,8301,제과점,551700000,42850,167.0,LOCALDATA,식품인허가 영업점,3303592.8143712576,256.58682634730536
경상북도,구미시,202605,4010,편의점,3788020000,451967,478.0,국세청,가동사업자,7924728.033472803,945.5376569037657
경상북도,구미시,202605,4020,슈퍼마켓,5142480000,264430,236.0,국세청,가동사업자,21790169.491525423,1120.4661016949153
경상북도,구미시,202605,8005,중국음식,484500000,18145,194.0,LOCALDATA,식품인허가 영업점,2497422.680412371,93.53092783505154
경상북도,구미시,202605,8301,제과점,551960000,41951,169.0,LOCALDATA,식품인허가 영업점,3266035.50295858,248.23076923076923
경상북도,구미시,202606,4010,편의점,3705120000,447736,479.0,국세청,가동사업자,7735114.822546973,934.7306889352818
경상북도,구미시,202606,4020,슈퍼마켓,4882720000,257160,238.0,국세청,가동사업자,20515630.25210084,1080.5042016806722
경상북도,구미시,202606,8005,중국음식,405760000,16032,193.0,LOCALDATA,식품인허가 영업점,2102383.4196891193,83.06735751295336
경상북도,구미시,202606,8301,제과점,484600000,39600,169.0,LOCALDATA,식품인허가 영업점,2867455.6213017753,234.31952662721895
경상북도,김천시,202601,4010,편의점,703360000,80748,127.0,국세청,가동사업자,5538267.716535433,635.8110236220473
경상북도,김천시,202601,4020,슈퍼마켓,738440000,38640,76.0,국세청,가동사업자,9716315.789473685,508.42105263157896
경상북도,김천시,202601,8005,중국음식,139340000,5738,96.0,LOCALDATA,식품인허가 영업점,1451458.3333333333,59.770833333333336
경상북도,김천시,202601,8301,제과점,83870000,5941,54.0,LOCALDATA,식품인허가 영업점,1553148.148148148,110.01851851851852
경상북도,김천시,202602,4010,편의점,673630000,76775,127.0,국세청,가동사업자,5304173.228346457,604.5275590551181
경상북도,김천시,202602,4020,슈퍼마켓,789070000,38454,75.0,국세청,가동사업자,10520933.333333334,512.72
경상북도,김천시,202602,8005,중국음식,132860000,5136,96.0,LOCALDATA,식품인허가 영업점,1383958.3333333333,53.5
경상북도,김천시,202602,8301,제과점,84620000,5840,55.0,LOCALDATA,식품인허가 영업점,1538545.4545454546,106.18181818181819
경상북도,김천시,202603,4010,편의점,766280000,91019,127.0,국세청,가동사업자,6033700.787401575,716.6850393700787
경상북도,김천시,202603,4020,슈퍼마켓,763060000,41173,74.0,국세청,가동사업자,10311621.621621622,556.3918918918919
경상북도,김천시,202603,8005,중국음식,142600000,5940,96.0,LOCALDATA,식품인허가 영업점,1485416.6666666667,61.875
경상북도,김천시,202603,8301,제과점,95940000,6841,54.0,LOCALDATA,식품인허가 영업점,1776666.6666666667,126.68518518518519
경상북도,김천시,202604,4010,편의점,780170000,97011,127.0,국세청,가동사업자,6143070.866141732,763.8661417322835
경상북도,김천시,202604,4020,슈퍼마켓,747040000,41851,75.0,국세청,가동사업자,9960533.333333334,558.0133333333333
경상북도,김천시,202604,8005,중국음식,140940000,5924,96.0,LOCALDATA,식품인허가 영업점,1468125.0,61.708333333333336
경상북도,김천시,202604,8301,제과점,93110000,7346,53.0,LOCALDATA,식품인허가 영업점,1756792.4528301887,138.60377358490567
경상북도,김천시,202605,4010,편의점,851380000,101026,127.0,국세청,가동사업자,6703779.527559055,795.4803149606299
경상북도,김천시,202605,4020,슈퍼마켓,833010000,45527,75.0,국세청,가동사업자,11106800.0,607.0266666666666
경상북도,김천시,202605,8005,중국음식,148670000,6040,95.0,LOCALDATA,식품인허가 영업점,1564947.3684210526,63.578947368421055
경상북도,김천시,202605,8301,제과점,96200000,6951,53.0,LOCALDATA,식품인허가 영업점,1815094.3396226414,131.1509433962264
경상북도,김천시,202606,4010,편의점,852120000,102626,127.0,국세청,가동사업자,6709606.299212598,808.0787401574803
경상북도,김천시,202606,4020,슈퍼마켓,868120000,46908,77.0,국세청,가동사업자,11274285.714285715,609.1948051948052
경상북도,김천시,202606,8005,중국음식,129990000,5366,95.0,LOCALDATA,식품인허가 영업점,1368315.7894736843,56.48421052631579
경상북도,김천시,202606,8301,제과점,83770000,6569,53.0,LOCALDATA,식품인허가 영업점,1580566.0377358492,123.94339622641509
경상북도,문경시,202601,4010,편의점,357150000,36671,64.0,국세청,가동사업자,5580468.75,572.984375
경상북도,문경시,202601,4020,슈퍼마켓,374530000,17586,34.0,국세청,가동사업자,11015588.235294119,517.2352941176471
경상북도,문경시,202601,8005,중국음식,69430000,2642,67.0,LOCALDATA,식품인허가 영업점,1036268.6567164179,39.43283582089552
경상북도,문경시,202601,8301,제과점,63550000,4660,25.0,LOCALDATA,식품인허가 영업점,2542000.0,186.4
경상북도,문경시,202602,4010,편의점,375720000,39169,65.0,국세청,가동사업자,5780307.692307692,602.6
경상북도,문경시,202602,4020,슈퍼마켓,404840000,18164,34.0,국세청,가동사업자,11907058.823529411,534.2352941176471
경상북도,문경시,202602,8005,중국음식,65530000,2345,68.0,LOCALDATA,식품인허가 영업점,963676.4705882353,34.48529411764706
경상북도,문경시,202602,8301,제과점,75050000,5317,25.0,LOCALDATA,식품인허가 영업점,3002000.0,212.68
경상북도,문경시,202603,4010,편의점,390240000,41545,63.0,국세청,가동사업자,6194285.714285715,659.4444444444445
경상북도,문경시,202603,4020,슈퍼마켓,381710000,18710,34.0,국세청,가동사업자,11226764.705882354,550.2941176470588
경상북도,문경시,202603,8005,중국음식,66270000,2579,69.0,LOCALDATA,식품인허가 영업점,960434.7826086957,37.3768115942029
경상북도,문경시,202603,8301,제과점,73030000,4897,26.0,LOCALDATA,식품인허가 영업점,2808846.153846154,188.34615384615384
경상북도,문경시,202604,4010,편의점,401740000,43950,62.0,국세청,가동사업자,6479677.419354838,708.8709677419355
경상북도,문경시,202604,4020,슈퍼마켓,399150000,19367,35.0,국세청,가동사업자,11404285.714285715,553.3428571428572
경상북도,문경시,202604,8005,중국음식,70820000,2737,69.0,LOCALDATA,식품인허가 영업점,1026376.8115942029,39.666666666666664
경상북도,문경시,202604,8301,제과점,69730000,5034,26.0,LOCALDATA,식품인허가 영업점,2681923.076923077,193.6153846153846
경상북도,문경시,202605,4010,편의점,467380000,50005,63.0,국세청,가동사업자,7418730.158730159,793.7301587301587
경상북도,문경시,202605,4020,슈퍼마켓,412670000,20752,35.0,국세청,가동사업자,11790571.42857143,592.9142857142857
경상북도,문경시,202605,8005,중국음식,81230000,2849,68.0,LOCALDATA,식품인허가 영업점,1194558.8235294118,41.89705882352941
경상북도,문경시,202605,8301,제과점,89250000,6534,26.0,LOCALDATA,식품인허가 영업점,3432692.3076923075,251.30769230769232
경상북도,문경시,202606,4010,편의점,442200000,46521,63.0,국세청,가동사업자,7019047.619047619,738.4285714285714
경상북도,문경시,202606,4020,슈퍼마켓,379070000,19125,35.0,국세청,가동사업자,10830571.42857143,546.4285714285714
경상북도,문경시,202606,8005,중국음식,65040000,2459,69.0,LOCALDATA,식품인허가 영업점,942608.695652174,35.63768115942029
경상북도,문경시,202606,8301,제과점,70990000,5099,26.0,LOCALDATA,식품인허가 영업점,2730384.6153846155,196.1153846153846
경상북도,봉화군,202601,4010,편의점,73750000,6322,12.0,국세청,가동사업자,6145833.333333333,526.8333333333334
경상북도,봉화군,202601,4020,슈퍼마켓,189290000,7745,,국세청,가동사업자,,
경상북도,봉화군,202601,8005,중국음식,20600000,758,29.0,LOCALDATA,식품인허가 영업점,710344.8275862068,26.137931034482758
경상북도,봉화군,202601,8301,제과점,16470000,892,9.0,LOCALDATA,식품인허가 영업점,1830000.0,99.11111111111111
경상북도,봉화군,202602,4010,편의점,69860000,6091,12.0,국세청,가동사업자,5821666.666666667,507.5833333333333
경상북도,봉화군,202602,4020,슈퍼마켓,217830000,8536,,국세청,가동사업자,,
경상북도,봉화군,202602,8005,중국음식,20710000,756,29.0,LOCALDATA,식품인허가 영업점,714137.9310344828,26.06896551724138
경상북도,봉화군,202602,8301,제과점,17380000,934,9.0,LOCALDATA,식품인허가 영업점,1931111.111111111,103.77777777777777
경상북도,봉화군,202603,4010,편의점,76500000,7176,12.0,국세청,가동사업자,6375000.0,598.0
경상북도,봉화군,202603,4020,슈퍼마켓,203770000,8926,,국세청,가동사업자,,
경상북도,봉화군,202603,8005,중국음식,25000000,923,29.0,LOCALDATA,식품인허가 영업점,862068.9655172414,31.82758620689655
경상북도,봉화군,202603,8301,제과점,16350000,1006,9.0,LOCALDATA,식품인허가 영업점,1816666.6666666667,111.77777777777777
경상북도,봉화군,202604,4010,편의점,82680000,7655,12.0,국세청,가동사업자,6890000.0,637.9166666666666
경상북도,봉화군,202604,4020,슈퍼마켓,204450000,9297,,국세청,가동사업자,,
경상북도,봉화군,202604,8005,중국음식,24540000,927,29.0,LOCALDATA,식품인허가 영업점,846206.8965517242,31.96551724137931
경상북도,봉화군,202604,8301,제과점,19980000,1130,9.0,LOCALDATA,식품인허가 영업점,2220000.0,125.55555555555556
경상북도,봉화군,202605,4010,편의점,97190000,8781,12.0,국세청,가동사업자,8099166.666666667,731.75
경상북도,봉화군,202605,4020,슈퍼마켓,250490000,11024,,국세청,가동사업자,,
경상북도,봉화군,202605,8005,중국음식,27780000,988,29.0,LOCALDATA,식품인허가 영업점,957931.0344827586,34.06896551724138
경상북도,봉화군,202605,8301,제과점,21310000,1163,9.0,LOCALDATA,식품인허가 영업점,2367777.777777778,129.22222222222223
경상북도,봉화군,202606,4010,편의점,93370000,8375,12.0,국세청,가동사업자,7780833.333333333,697.9166666666666
경상북도,봉화군,202606,4020,슈퍼마켓,233340000,10550,,국세청,가동사업자,,
경상북도,봉화군,202606,8005,중국음식,23450000,881,29.0,LOCALDATA,식품인허가 영업점,808620.6896551724,30.379310344827587
경상북도,봉화군,202606,8301,제과점,16530000,985,9.0,LOCALDATA,식품인허가 영업점,1836666.6666666667,109.44444444444444
경상북도,상주시,202601,4010,편의점,618860000,58103,64.0,국세청,가동사업자,9669687.5,907.859375
경상북도,상주시,202601,4020,슈퍼마켓,981040000,39498,43.0,국세청,가동사업자,22814883.720930234,918.5581395348837
경상북도,상주시,202601,8005,중국음식,212370000,7641,62.0,LOCALDATA,식품인허가 영업점,3425322.580645161,123.24193548387096
경상북도,상주시,202601,8301,제과점,114990000,7446,27.0,LOCALDATA,식품인허가 영업점,4258888.888888889,275.77777777777777
경상북도,상주시,202602,4010,편의점,715310000,67524,66.0,국세청,가동사업자,10838030.303030303,1023.0909090909091
경상북도,상주시,202602,4020,슈퍼마켓,1181350000,46661,43.0,국세청,가동사업자,27473255.81395349,1085.139534883721
경상북도,상주시,202602,8005,중국음식,269250000,9056,62.0,LOCALDATA,식품인허가 영업점,4342741.935483871,146.06451612903226
경상북도,상주시,202602,8301,제과점,173670000,10113,28.0,LOCALDATA,식품인허가 영업점,6202500.0,361.17857142857144
경상북도,상주시,202603,4010,편의점,766300000,77625,64.0,국세청,가동사업자,11973437.5,1212.890625
경상북도,상주시,202603,4020,슈퍼마켓,1050810000,48531,43.0,국세청,가동사업자,24437441.860465117,1128.6279069767443
경상북도,상주시,202603,8005,중국음식,267200000,9968,62.0,LOCALDATA,식품인허가 영업점,4309677.419354838,160.7741935483871
경상북도,상주시,202603,8301,제과점,157260000,10838,29.0,LOCALDATA,식품인허가 영업점,5422758.620689655,373.7241379310345
경상북도,상주시,202604,4010,편의점,762520000,80704,64.0,국세청,가동사업자,11914375.0,1261.0
경상북도,상주시,202604,4020,슈퍼마켓,1062150000,49874,43.0,국세청,가동사업자,24701162.790697675,1159.860465116279
경상북도,상주시,202604,8005,중국음식,262070000,9822,62.0,LOCALDATA,식품인허가 영업점,4226935.483870967,158.41935483870967
경상북도,상주시,202604,8301,제과점,160910000,11131,30.0,LOCALDATA,식품인허가 영업점,5363666.666666667,371.03333333333336
경상북도,상주시,202605,4010,편의점,874090000,86610,63.0,국세청,가동사업자,13874444.444444444,1374.7619047619048
경상북도,상주시,202605,4020,슈퍼마켓,1235850000,55886,45.0,국세청,가동사업자,27463333.333333332,1241.911111111111
경상북도,상주시,202605,8005,중국음식,282450000,10120,62.0,LOCALDATA,식품인허가 영업점,4555645.161290322,163.2258064516129
경상북도,상주시,202605,8301,제과점,171670000,11106,30.0,LOCALDATA,식품인허가 영업점,5722333.333333333,370.2
경상북도,상주시,202606,4010,편의점,844930000,84965,63.0,국세청,가동사업자,13411587.301587302,1348.6507936507937
경상북도,상주시,202606,4020,슈퍼마켓,1173190000,53758,45.0,국세청,가동사업자,26070888.888888888,1194.6222222222223
경상북도,상주시,202606,8005,중국음식,239420000,9256,62.0,LOCALDATA,식품인허가 영업점,3861612.9032258065,149.29032258064515
경상북도,상주시,202606,8301,제과점,138470000,10010,28.0,LOCALDATA,식품인허가 영업점,4945357.142857143,357.5
경상북도,성주군,202601,4010,편의점,250090000,22437,40.0,국세청,가동사업자,6252250.0,560.925
경상북도,성주군,202601,4020,슈퍼마켓,176950000,8997,18.0,국세청,가동사업자,9830555.555555556,499.8333333333333
경상북도,성주군,202601,8005,중국음식,55760000,2234,40.0,LOCALDATA,식품인허가 영업점,1394000.0,55.85
경상북도,성주군,202601,8301,제과점,20400000,1338,14.0,LOCALDATA,식품인허가 영업점,1457142.857142857,95.57142857142857
경상북도,성주군,202602,4010,편의점,240470000,22129,38.0,국세청,가동사업자,6328157.894736842,582.3421052631579
경상북도,성주군,202602,4020,슈퍼마켓,179540000,9114,18.0,국세청,가동사업자,9974444.444444444,506.3333333333333
경상북도,성주군,202602,8005,중국음식,52120000,2149,40.0,LOCALDATA,식품인허가 영업점,1303000.0,53.725
경상북도,성주군,202602,8301,제과점,22470000,1498,14.0,LOCALDATA,식품인허가 영업점,1605000.0,107.0
경상북도,성주군,202603,4010,편의점,276410000,25414,38.0,국세청,가동사업자,7273947.368421053,668.7894736842105
경상북도,성주군,202603,4020,슈퍼마켓,201130000,9804,18.0,국세청,가동사업자,11173888.888888888,544.6666666666666
경상북도,성주군,202603,8005,중국음식,58000000,2401,40.0,LOCALDATA,식품인허가 영업점,1450000.0,60.025
경상북도,성주군,202603,8301,제과점,25340000,1651,14.0,LOCALDATA,식품인허가 영업점,1810000.0,117.92857142857143
경상북도,성주군,202604,4010,편의점,290160000,27524,38.0,국세청,가동사업자,7635789.47368421,724.3157894736842
경상북도,성주군,202604,4020,슈퍼마켓,179910000,9801,17.0,국세청,가동사업자,10582941.176470589,576.5294117647059
경상북도,성주군,202604,8005,중국음식,58320000,2482,40.0,LOCALDATA,식품인허가 영업점,1458000.0,62.05
경상북도,성주군,202604,8301,제과점,24470000,1723,14.0,LOCALDATA,식품인허가 영업점,1747857.142857143,123.07142857142857
경상북도,성주군,202605,4010,편의점,308880000,29660,38.0,국세청,가동사업자,8128421.052631579,780.5263157894736
경상북도,성주군,202605,4020,슈퍼마켓,193330000,10640,17.0,국세청,가동사업자,11372352.94117647,625.8823529411765
경상북도,성주군,202605,8005,중국음식,61480000,2493,40.0,LOCALDATA,식품인허가 영업점,1537000.0,62.325
경상북도,성주군,202605,8301,제과점,27200000,1768,14.0,LOCALDATA,식품인허가 영업점,1942857.142857143,126.28571428571429
경상북도,성주군,202606,4010,편의점,298140000,28490,38.0,국세청,가동사업자,7845789.47368421,749.7368421052631
경상북도,성주군,202606,4020,슈퍼마켓,183060000,10165,18.0,국세청,가동사업자,10170000.0,564.7222222222222
경상북도,성주군,202606,8005,중국음식,53630000,2135,40.0,LOCALDATA,식품인허가 영업점,1340750.0,53.375
경상북도,성주군,202606,8301,제과점,23980000,1605,14.0,LOCALDATA,식품인허가 영업점,1712857.142857143,114.64285714285714
경상북도,안동시,202601,4010,편의점,870970000,97159,138.0,국세청,가동사업자,6311376.811594203,704.0507246376811
경상북도,안동시,202601,4020,슈퍼마켓,1135390000,52466,97.0,국세청,가동사업자,11705051.546391753,540.8865979381443
경상북도,안동시,202601,8005,중국음식,185300000,8905,110.0,LOCALDATA,식품인허가 영업점,1684545.4545454546,80.95454545454545
경상북도,안동시,202601,8301,제과점,199610000,13167,72.0,LOCALDATA,식품인허가 영업점,2772361.111111111,182.875
경상북도,안동시,202602,4010,편의점,853750000,93720,137.0,국세청,가동사업자,6231751.824817519,684.0875912408759
경상북도,안동시,202602,4020,슈퍼마켓,1183650000,52651,98.0,국세청,가동사업자,12078061.224489795,537.2551020408164
경상북도,안동시,202602,8005,중국음식,170030000,8023,110.0,LOCALDATA,식품인허가 영업점,1545727.2727272727,72.93636363636364
경상북도,안동시,202602,8301,제과점,209650000,13285,72.0,LOCALDATA,식품인허가 영업점,2911805.5555555555,184.51388888888889
경상북도,안동시,202603,4010,편의점,944270000,108797,137.0,국세청,가동사업자,6892481.751824818,794.1386861313869
경상북도,안동시,202603,4020,슈퍼마켓,1120070000,55158,97.0,국세청,가동사업자,11547113.402061855,568.639175257732
경상북도,안동시,202603,8005,중국음식,182390000,9110,110.0,LOCALDATA,식품인허가 영업점,1658090.9090909092,82.81818181818181
경상북도,안동시,202603,8301,제과점,216870000,14985,76.0,LOCALDATA,식품인허가 영업점,2853552.6315789474,197.17105263157896
경상북도,안동시,202604,4010,편의점,965080000,115079,137.0,국세청,가동사업자,7044379.562043795,839.992700729927
경상북도,안동시,202604,4020,슈퍼마켓,1128890000,55779,97.0,국세청,가동사업자,11638041.237113401,575.0412371134021
경상북도,안동시,202604,8005,중국음식,174590000,9137,115.0,LOCALDATA,식품인허가 영업점,1518173.9130434783,79.45217391304348
경상북도,안동시,202604,8301,제과점,214130000,15281,75.0,LOCALDATA,식품인허가 영업점,2855066.6666666665,203.74666666666667
경상북도,안동시,202605,4010,편의점,1048220000,121159,137.0,국세청,가동사업자,7651240.875912408,884.3722627737226
경상북도,안동시,202605,4020,슈퍼마켓,1189460000,58185,96.0,국세청,가동사업자,12390208.333333334,606.09375
경상북도,안동시,202605,8005,중국음식,195320000,9881,110.0,LOCALDATA,식품인허가 영업점,1775636.3636363635,89.82727272727273
경상북도,안동시,202605,8301,제과점,241870000,15762,73.0,LOCALDATA,식품인허가 영업점,3313287.671232877,215.91780821917808
경상북도,안동시,202606,4010,편의점,1000120000,115581,140.0,국세청,가동사업자,7143714.285714285,825.5785714285714
경상북도,안동시,202606,4020,슈퍼마켓,1129030000,56956,95.0,국세청,가동사업자,11884526.315789474,599.5368421052632
경상북도,안동시,202606,8005,중국음식,168590000,9023,110.0,LOCALDATA,식품인허가 영업점,1532636.3636363635,82.02727272727273
경상북도,안동시,202606,8301,제과점,198670000,14344,74.0,LOCALDATA,식품인허가 영업점,2684729.7297297297,193.83783783783784
경상북도,영덕군,202601,4010,편의점,247940000,22582,39.0,국세청,가동사업자,6357435.897435897,579.025641025641
경상북도,영덕군,202601,4020,슈퍼마켓,503180000,24009,49.0,국세청,가동사업자,10268979.591836736,489.9795918367347
경상북도,영덕군,202601,8005,중국음식,72040000,2552,31.0,LOCALDATA,식품인허가 영업점,2323870.9677419355,82.3225806451613
경상북도,영덕군,202601,8301,제과점,33500000,2131,12.0,LOCALDATA,식품인허가 영업점,2791666.6666666665,177.58333333333334
경상북도,영덕군,202602,4010,편의점,231260000,21281,37.0,국세청,가동사업자,6250270.27027027,575.1621621621622
경상북도,영덕군,202602,4020,슈퍼마켓,523370000,24163,49.0,국세청,가동사업자,10681020.408163264,493.1224489795918
경상북도,영덕군,202602,8005,중국음식,66450000,2402,31.0,LOCALDATA,식품인허가 영업점,2143548.3870967743,77.48387096774194
경상북도,영덕군,202602,8301,제과점,35710000,2083,12.0,LOCALDATA,식품인허가 영업점,2975833.3333333335,173.58333333333334
경상북도,영덕군,202603,4010,편의점,236380000,21924,36.0,국세청,가동사업자,6566111.111111111,609.0
경상북도,영덕군,202603,4020,슈퍼마켓,467690000,21647,49.0,국세청,가동사업자,9544693.877551021,441.7755102040816
경상북도,영덕군,202603,8005,중국음식,67020000,2429,31.0,LOCALDATA,식품인허가 영업점,2161935.4838709678,78.35483870967742
경상북도,영덕군,202603,8301,제과점,29780000,1995,12.0,LOCALDATA,식품인허가 영업점,2481666.6666666665,166.25
경상북도,영덕군,202604,4010,편의점,231390000,21839,36.0,국세청,가동사업자,6427500.0,606.6388888888889
경상북도,영덕군,202604,4020,슈퍼마켓,420690000,20366,49.0,국세청,가동사업자,8585510.204081632,415.6326530612245
경상북도,영덕군,202604,8005,중국음식,60490000,2374,31.0,LOCALDATA,식품인허가 영업점,1951290.322580645,76.58064516129032
경상북도,영덕군,202604,8301,제과점,28980000,1941,12.0,LOCALDATA,식품인허가 영업점,2415000.0,161.75
경상북도,영덕군,202605,4010,편의점,281120000,26138,36.0,국세청,가동사업자,7808888.888888889,726.0555555555555
경상북도,영덕군,202605,4020,슈퍼마켓,501500000,25050,50.0,국세청,가동사업자,10030000.0,501.0
경상북도,영덕군,202605,8005,중국음식,76130000,2816,31.0,LOCALDATA,식품인허가 영업점,2455806.4516129033,90.83870967741936
경상북도,영덕군,202605,8301,제과점,32270000,2135,12.0,LOCALDATA,식품인허가 영업점,2689166.6666666665,177.91666666666666
경상북도,영덕군,202606,4010,편의점,258970000,24228,33.0,국세청,가동사업자,7847575.757575758,734.1818181818181
경상북도,영덕군,202606,4020,슈퍼마켓,453040000,22642,51.0,국세청,가동사업자,8883137.25490196,443.96078431372547
경상북도,영덕군,202606,8005,중국음식,68900000,2556,31.0,LOCALDATA,식품인허가 영업점,2222580.64516129,82.45161290322581
경상북도,영덕군,202606,8301,제과점,28840000,1980,12.0,LOCALDATA,식품인허가 영업점,2403333.3333333335,165.0
경상북도,영양군,202601,4010,편의점,40290000,3899,,국세청,가동사업자,,
경상북도,영양군,202601,4020,슈퍼마켓,79910000,3830,7.0,국세청,가동사업자,11415714.285714285,547.1428571428571
경상북도,영양군,202601,8005,중국음식,13670000,491,10.0,LOCALDATA,식품인허가 영업점,1367000.0,49.1
경상북도,영양군,202601,8301,제과점,15140000,1089,16.0,LOCALDATA,식품인허가 영업점,946250.0,68.0625
경상북도,영양군,202602,4010,편의점,37850000,3590,,국세청,가동사업자,,
경상북도,영양군,202602,4020,슈퍼마켓,101570000,4354,8.0,국세청,가동사업자,12696250.0,544.25
경상북도,영양군,202602,8005,중국음식,14040000,514,10.0,LOCALDATA,식품인허가 영업점,1404000.0,51.4
경상북도,영양군,202602,8301,제과점,16850000,1111,16.0,LOCALDATA,식품인허가 영업점,1053125.0,69.4375
경상북도,영양군,202603,4010,편의점,61910000,5620,,국세청,가동사업자,,
경상북도,영양군,202603,4020,슈퍼마켓,158770000,6702,8.0,국세청,가동사업자,19846250.0,837.75
경상북도,영양군,202603,8005,중국음식,22830000,894,10.0,LOCALDATA,식품인허가 영업점,2283000.0,89.4
경상북도,영양군,202603,8301,제과점,27620000,1756,16.0,LOCALDATA,식품인허가 영업점,1726250.0,109.75
경상북도,영양군,202604,4010,편의점,73010000,7007,,국세청,가동사업자,,
경상북도,영양군,202604,4020,슈퍼마켓,230690000,9039,9.0,국세청,가동사업자,25632222.222222224,1004.3333333333334
경상북도,영양군,202604,8005,중국음식,32050000,1202,10.0,LOCALDATA,식품인허가 영업점,3205000.0,120.2
경상북도,영양군,202604,8301,제과점,34090000,2248,16.0,LOCALDATA,식품인허가 영업점,2130625.0,140.5
경상북도,영양군,202605,4010,편의점,73510000,6893,,국세청,가동사업자,,
경상북도,영양군,202605,4020,슈퍼마켓,223900000,9095,9.0,국세청,가동사업자,24877777.777777776,1010.5555555555555
경상북도,영양군,202605,8005,중국음식,28050000,1096,10.0,LOCALDATA,식품인허가 영업점,2805000.0,109.6
경상북도,영양군,202605,8301,제과점,36870000,2320,16.0,LOCALDATA,식품인허가 영업점,2304375.0,145.0
경상북도,영양군,202606,4010,편의점,74050000,7127,,국세청,가동사업자,,
경상북도,영양군,202606,4020,슈퍼마켓,191690000,8349,9.0,국세청,가동사업자,21298888.888888888,927.6666666666666
경상북도,영양군,202606,8005,중국음식,25520000,1056,10.0,LOCALDATA,식품인허가 영업점,2552000.0,105.6
경상북도,영양군,202606,8301,제과점,27900000,1890,16.0,LOCALDATA,식품인허가 영업점,1743750.0,118.125
경상북도,영주시,202601,4010,편의점,419300000,41211,81.0,국세청,가동사업자,5176543.209876543,508.77777777777777
경상북도,영주시,202601,4020,슈퍼마켓,707230000,34765,51.0,국세청,가동사업자,13867254.901960785,681.6666666666666
경상북도,영주시,202601,8005,중국음식,104750000,4132,87.0,LOCALDATA,식품인허가 영업점,1204022.9885057472,47.49425287356322
경상북도,영주시,202601,8301,제과점,83880000,5642,48.0,LOCALDATA,식품인허가 영업점,1747500.0,117.54166666666667
경상북도,영주시,202602,4010,편의점,423420000,41259,81.0,국세청,가동사업자,5227407.407407408,509.3703703703704
경상북도,영주시,202602,4020,슈퍼마켓,776520000,35646,52.0,국세청,가동사업자,14933076.923076924,685.5
경상북도,영주시,202602,8005,중국음식,99590000,3882,87.0,LOCALDATA,식품인허가 영업점,1144712.6436781608,44.62068965517241
경상북도,영주시,202602,8301,제과점,96120000,6195,48.0,LOCALDATA,식품인허가 영업점,2002500.0,129.0625
경상북도,영주시,202603,4010,편의점,473090000,47871,80.0,국세청,가동사업자,5913625.0,598.3875
경상북도,영주시,202603,4020,슈퍼마켓,698840000,36423,52.0,국세청,가동사업자,13439230.76923077,700.4423076923077
경상북도,영주시,202603,8005,중국음식,104710000,4373,87.0,LOCALDATA,식품인허가 영업점,1203563.2183908045,50.264367816091955
경상북도,영주시,202603,8301,제과점,90910000,6287,49.0,LOCALDATA,식품인허가 영업점,1855306.1224489796,128.30612244897958
경상북도,영주시,202604,4010,편의점,478270000,50710,79.0,국세청,가동사업자,6054050.6329113925,641.8987341772151
경상북도,영주시,202604,4020,슈퍼마켓,710060000,37427,52.0,국세청,가동사업자,13655000.0,719.75
경상북도,영주시,202604,8005,중국음식,103930000,4466,85.0,LOCALDATA,식품인허가 영업점,1222705.8823529412,52.54117647058823
경상북도,영주시,202604,8301,제과점,88480000,6517,50.0,LOCALDATA,식품인허가 영업점,1769600.0,130.34
경상북도,영주시,202605,4010,편의점,517450000,53308,80.0,국세청,가동사업자,6468125.0,666.35
경상북도,영주시,202605,4020,슈퍼마켓,813180000,41099,52.0,국세청,가동사업자,15638076.923076924,790.3653846153846
경상북도,영주시,202605,8005,중국음식,114280000,4595,85.0,LOCALDATA,식품인허가 영업점,1344470.5882352942,54.05882352941177
경상북도,영주시,202605,8301,제과점,100150000,7031,50.0,LOCALDATA,식품인허가 영업점,2003000.0,140.62
경상북도,영주시,202606,4010,편의점,495270000,51613,80.0,국세청,가동사업자,6190875.0,645.1625
경상북도,영주시,202606,4020,슈퍼마켓,746930000,38674,50.0,국세청,가동사업자,14938600.0,773.48
경상북도,영주시,202606,8005,중국음식,95580000,4141,85.0,LOCALDATA,식품인허가 영업점,1124470.5882352942,48.71764705882353
경상북도,영주시,202606,8301,제과점,78590000,5915,50.0,LOCALDATA,식품인허가 영업점,1571800.0,118.3
경상북도,영천시,202601,4010,편의점,538310000,55395,94.0,국세청,가동사업자,5726702.127659574,589.3085106382979
경상북도,영천시,202601,4020,슈퍼마켓,1267100000,57214,72.0,국세청,가동사업자,17598611.111111112,794.6388888888889
경상북도,영천시,202601,8005,중국음식,126700000,5533,64.0,LOCALDATA,식품인허가 영업점,1979687.5,86.453125
경상북도,영천시,202601,8301,제과점,71420000,4765,40.0,LOCALDATA,식품인허가 영업점,1785500.0,119.125
경상북도,영천시,202602,4010,편의점,519290000,54063,95.0,국세청,가동사업자,5466210.52631579,569.0842105263158
경상북도,영천시,202602,4020,슈퍼마켓,1335950000,58547,73.0,국세청,가동사업자,18300684.93150685,802.013698630137
경상북도,영천시,202602,8005,중국음식,128740000,5431,63.0,LOCALDATA,식품인허가 영업점,2043492.0634920634,86.2063492063492
경상북도,영천시,202602,8301,제과점,80480000,5263,40.0,LOCALDATA,식품인허가 영업점,2012000.0,131.575
경상북도,영천시,202603,4010,편의점,585630000,62082,94.0,국세청,가동사업자,6230106.382978723,660.4468085106383
경상북도,영천시,202603,4020,슈퍼마켓,1285330000,61245,73.0,국세청,가동사업자,17607260.273972604,838.972602739726
경상북도,영천시,202603,8005,중국음식,144000000,6456,63.0,LOCALDATA,식품인허가 영업점,2285714.285714286,102.47619047619048
경상북도,영천시,202603,8301,제과점,85720000,6005,40.0,LOCALDATA,식품인허가 영업점,2143000.0,150.125
경상북도,영천시,202604,4010,편의점,586140000,63795,94.0,국세청,가동사업자,6235531.914893617,678.6702127659574
경상북도,영천시,202604,4020,슈퍼마켓,1272200000,61806,73.0,국세청,가동사업자,17427397.260273974,846.6575342465753
경상북도,영천시,202604,8005,중국음식,139490000,6185,63.0,LOCALDATA,식품인허가 영업점,2214126.984126984,98.17460317460318
경상북도,영천시,202604,8301,제과점,81610000,6151,42.0,LOCALDATA,식품인허가 영업점,1943095.238095238,146.45238095238096
경상북도,영천시,202605,4010,편의점,642060000,69036,95.0,국세청,가동사업자,6758526.315789473,726.6947368421053
경상북도,영천시,202605,4020,슈퍼마켓,1414880000,67528,73.0,국세청,가동사업자,19381917.80821918,925.0410958904109
경상북도,영천시,202605,8005,중국음식,147700000,6450,63.0,LOCALDATA,식품인허가 영업점,2344444.4444444445,102.38095238095238
경상북도,영천시,202605,8301,제과점,91680000,6396,40.0,LOCALDATA,식품인허가 영업점,2292000.0,159.9
경상북도,영천시,202606,4010,편의점,633030000,68048,95.0,국세청,가동사업자,6663473.684210527,716.2947368421053
경상북도,영천시,202606,4020,슈퍼마켓,1309790000,63672,73.0,국세청,가동사업자,17942328.76712329,872.2191780821918
경상북도,영천시,202606,8005,중국음식,128020000,5871,63.0,LOCALDATA,식품인허가 영업점,2032063.492063492,93.19047619047619
경상북도,영천시,202606,8301,제과점,78220000,5961,40.0,LOCALDATA,식품인허가 영업점,1955500.0,149.025
경상북도,예천군,202601,4010,편의점,181940000,17751,29.0,국세청,가동사업자,6273793.1034482755,612.1034482758621
경상북도,예천군,202601,4020,슈퍼마켓,254950000,10923,20.0,국세청,가동사업자,12747500.0,546.15
경상북도,예천군,202601,8005,중국음식,44170000,1561,37.0,LOCALDATA,식품인허가 영업점,1193783.7837837837,42.189189189189186
경상북도,예천군,202601,8301,제과점,41130000,2630,13.0,LOCALDATA,식품인허가 영업점,3163846.153846154,202.30769230769232
경상북도,예천군,202602,4010,편의점,181500000,17594,30.0,국세청,가동사업자,6050000.0,586.4666666666667
경상북도,예천군,202602,4020,슈퍼마켓,284700000,11637,20.0,국세청,가동사업자,14235000.0,581.85
경상북도,예천군,202602,8005,중국음식,42350000,1399,36.0,LOCALDATA,식품인허가 영업점,1176388.888888889,38.861111111111114
경상북도,예천군,202602,8301,제과점,44770000,2915,13.0,LOCALDATA,식품인허가 영업점,3443846.153846154,224.23076923076923
경상북도,예천군,202603,4010,편의점,206590000,20148,30.0,국세청,가동사업자,6886333.333333333,671.6
경상북도,예천군,202603,4020,슈퍼마켓,258220000,11573,21.0,국세청,가동사업자,12296190.476190476,551.0952380952381
경상북도,예천군,202603,8005,중국음식,42420000,1569,37.0,LOCALDATA,식품인허가 영업점,1146486.4864864864,42.4054054054054
경상북도,예천군,202603,8301,제과점,48260000,3240,13.0,LOCALDATA,식품인허가 영업점,3712307.6923076925,249.23076923076923
경상북도,예천군,202604,4010,편의점,203970000,20837,30.0,국세청,가동사업자,6799000.0,694.5666666666667
경상북도,예천군,202604,4020,슈퍼마켓,268100000,12229,21.0,국세청,가동사업자,12766666.666666666,582.3333333333334
경상북도,예천군,202604,8005,중국음식,43530000,1652,37.0,LOCALDATA,식품인허가 영업점,1176486.4864864864,44.648648648648646
경상북도,예천군,202604,8301,제과점,44780000,3166,13.0,LOCALDATA,식품인허가 영업점,3444615.3846153845,243.53846153846155
경상북도,예천군,202605,4010,편의점,219760000,22501,30.0,국세청,가동사업자,7325333.333333333,750.0333333333333
경상북도,예천군,202605,4020,슈퍼마켓,271210000,12694,21.0,국세청,가동사업자,12914761.904761905,604.4761904761905
경상북도,예천군,202605,8005,중국음식,48130000,1715,37.0,LOCALDATA,식품인허가 영업점,1300810.810810811,46.351351351351354
경상북도,예천군,202605,8301,제과점,46740000,3126,13.0,LOCALDATA,식품인허가 영업점,3595384.6153846155,240.46153846153845
경상북도,예천군,202606,4010,편의점,222770000,22766,30.0,국세청,가동사업자,7425666.666666667,758.8666666666667
경상북도,예천군,202606,4020,슈퍼마켓,266420000,12134,21.0,국세청,가동사업자,12686666.666666666,577.8095238095239
경상북도,예천군,202606,8005,중국음식,43420000,1627,37.0,LOCALDATA,식품인허가 영업점,1173513.5135135136,43.972972972972975
경상북도,예천군,202606,8301,제과점,39640000,2864,13.0,LOCALDATA,식품인허가 영업점,3049230.769230769,220.30769230769232
경상북도,울릉군,202601,4010,편의점,94920000,7020,12.0,국세청,가동사업자,7910000.0,585.0
경상북도,울릉군,202601,4020,슈퍼마켓,31740000,1352,5.0,국세청,가동사업자,6348000.0,270.4
경상북도,울릉군,202601,8005,중국음식,9950000,257,8.0,LOCALDATA,식품인허가 영업점,1243750.0,32.125
경상북도,울릉군,202602,4010,편의점,93660000,7189,12.0,국세청,가동사업자,7805000.0,599.0833333333334
경상북도,울릉군,202602,4020,슈퍼마켓,30280000,1272,5.0,국세청,가동사업자,6056000.0,254.4
경상북도,울릉군,202602,8005,중국음식,10950000,304,8.0,LOCALDATA,식품인허가 영업점,1368750.0,38.0
경상북도,울릉군,202603,4010,편의점,116550000,9549,13.0,국세청,가동사업자,8965384.615384616,734.5384615384615
경상북도,울릉군,202603,4020,슈퍼마켓,34570000,1561,5.0,국세청,가동사업자,6914000.0,312.2
경상북도,울릉군,202603,8005,중국음식,16870000,426,8.0,LOCALDATA,식품인허가 영업점,2108750.0,53.25
경상북도,울릉군,202603,8301,제과점,2730000,83,3.0,LOCALDATA,식품인허가 영업점,910000.0,27.666666666666668
경상북도,울릉군,202604,4010,편의점,152000000,12561,14.0,국세청,가동사업자,10857142.857142856,897.2142857142857
경상북도,울릉군,202604,4020,슈퍼마켓,33320000,1692,6.0,국세청,가동사업자,5553333.333333333,282.0
경상북도,울릉군,202604,8005,중국음식,23800000,575,8.0,LOCALDATA,식품인허가 영업점,2975000.0,71.875
경상북도,울릉군,202604,8301,제과점,13010000,366,3.0,LOCALDATA,식품인허가 영업점,4336666.666666667,122.0
경상북도,울릉군,202605,4010,편의점,177430000,15518,13.0,국세청,가동사업자,13648461.538461538,1193.6923076923076
경상북도,울릉군,202605,4020,슈퍼마켓,34670000,1713,6.0,국세청,가동사업자,5778333.333333333,285.5
경상북도,울릉군,202605,8005,중국음식,26260000,636,8.0,LOCALDATA,식품인허가 영업점,3282500.0,79.5
경상북도,울릉군,202605,8301,제과점,19740000,619,3.0,LOCALDATA,식품인허가 영업점,6580000.0,206.33333333333334
경상북도,울릉군,202606,4010,편의점,161010000,14033,13.0,국세청,가동사업자,12385384.615384616,1079.4615384615386
경상북도,울릉군,202606,4020,슈퍼마켓,32720000,1662,6.0,국세청,가동사업자,5453333.333333333,277.0
경상북도,울릉군,202606,8005,중국음식,24470000,566,8.0,LOCALDATA,식품인허가 영업점,3058750.0,70.75
경상북도,울릉군,202606,8301,제과점,7170000,262,3.0,LOCALDATA,식품인허가 영업점,2390000.0,87.33333333333333
경상북도,울진군,202601,4010,편의점,319160000,30458,52.0,국세청,가동사업자,6137692.307692308,585.7307692307693
경상북도,울진군,202601,4020,슈퍼마켓,381630000,15479,28.0,국세청,가동사업자,13629642.857142856,552.8214285714286
경상북도,울진군,202601,8005,중국음식,57600000,2147,33.0,LOCALDATA,식품인허가 영업점,1745454.5454545454,65.06060606060606
경상북도,울진군,202601,8301,제과점,37820000,2682,21.0,LOCALDATA,식품인허가 영업점,1800952.380952381,127.71428571428571
경상북도,울진군,202602,4010,편의점,299860000,28789,51.0,국세청,가동사업자,5879607.843137255,564.4901960784314
경상북도,울진군,202602,4020,슈퍼마켓,377770000,14543,28.0,국세청,가동사업자,13491785.714285715,519.3928571428571
경상북도,울진군,202602,8005,중국음식,58110000,2085,32.0,LOCALDATA,식품인허가 영업점,1815937.5,65.15625
경상북도,울진군,202602,8301,제과점,41350000,2895,21.0,LOCALDATA,식품인허가 영업점,1969047.619047619,137.85714285714286
경상북도,울진군,202603,4010,편의점,286640000,27843,52.0,국세청,가동사업자,5512307.692307692,535.4423076923077
경상북도,울진군,202603,4020,슈퍼마켓,319310000,13253,29.0,국세청,가동사업자,11010689.655172413,457.0
경상북도,울진군,202603,8005,중국음식,49810000,1901,32.0,LOCALDATA,식품인허가 영업점,1556562.5,59.40625
경상북도,울진군,202603,8301,제과점,34330000,2482,20.0,LOCALDATA,식품인허가 영업점,1716500.0,124.1
경상북도,울진군,202604,4010,편의점,309180000,29991,53.0,국세청,가동사업자,5833584.905660378,565.8679245283018
경상북도,울진군,202604,4020,슈퍼마켓,337140000,14514,30.0,국세청,가동사업자,11238000.0,483.8
경상북도,울진군,202604,8005,중국음식,45580000,1851,32.0,LOCALDATA,식품인허가 영업점,1424375.0,57.84375
경상북도,울진군,202604,8301,제과점,37670000,2754,20.0,LOCALDATA,식품인허가 영업점,1883500.0,137.7
경상북도,울진군,202605,4010,편의점,349250000,33702,53.0,국세청,가동사업자,6589622.641509434,635.8867924528302
경상북도,울진군,202605,4020,슈퍼마켓,392380000,16380,31.0,국세청,가동사업자,12657419.35483871,528.3870967741935
경상북도,울진군,202605,8005,중국음식,62580000,2220,32.0,LOCALDATA,식품인허가 영업점,1955625.0,69.375
경상북도,울진군,202605,8301,제과점,40100000,2753,20.0,LOCALDATA,식품인허가 영업점,2005000.0,137.65
경상북도,울진군,202606,4010,편의점,345760000,33405,54.0,국세청,가동사업자,6402962.962962963,618.6111111111111
경상북도,울진군,202606,4020,슈퍼마켓,358020000,15267,32.0,국세청,가동사업자,11188125.0,477.09375
경상북도,울진군,202606,8005,중국음식,49710000,1937,30.0,LOCALDATA,식품인허가 영업점,1657000.0,64.56666666666666
경상북도,울진군,202606,8301,제과점,31870000,2403,20.0,LOCALDATA,식품인허가 영업점,1593500.0,120.15
경상북도,의성군,202601,4010,편의점,97190000,10928,27.0,국세청,가동사업자,3599629.6296296297,404.74074074074076
경상북도,의성군,202601,4020,슈퍼마켓,122880000,6210,19.0,국세청,가동사업자,6467368.421052632,326.8421052631579
경상북도,의성군,202601,8005,중국음식,37780000,1429,38.0,LOCALDATA,식품인허가 영업점,994210.5263157894,37.60526315789474
경상북도,의성군,202601,8301,제과점,13350000,873,12.0,LOCALDATA,식품인허가 영업점,1112500.0,72.75
경상북도,의성군,202602,4010,편의점,110500000,12177,28.0,국세청,가동사업자,3946428.5714285714,434.89285714285717
경상북도,의성군,202602,4020,슈퍼마켓,176890000,8014,19.0,국세청,가동사업자,9310000.0,421.7894736842105
경상북도,의성군,202602,8005,중국음식,39590000,1507,38.0,LOCALDATA,식품인허가 영업점,1041842.1052631579,39.6578947368421
경상북도,의성군,202602,8301,제과점,16110000,1075,12.0,LOCALDATA,식품인허가 영업점,1342500.0,89.58333333333333
경상북도,의성군,202603,4010,편의점,126420000,13527,27.0,국세청,가동사업자,4682222.222222222,501.0
경상북도,의성군,202603,4020,슈퍼마켓,171420000,8942,19.0,국세청,가동사업자,9022105.263157895,470.63157894736844
경상북도,의성군,202603,8005,중국음식,47300000,1856,38.0,LOCALDATA,식품인허가 영업점,1244736.8421052631,48.8421052631579
경상북도,의성군,202603,8301,제과점,19090000,1300,12.0,LOCALDATA,식품인허가 영업점,1590833.3333333333,108.33333333333333
경상북도,의성군,202604,4010,편의점,130380000,13832,27.0,국세청,가동사업자,4828888.888888889,512.2962962962963
경상북도,의성군,202604,4020,슈퍼마켓,187070000,9624,19.0,국세청,가동사업자,9845789.47368421,506.5263157894737
경상북도,의성군,202604,8005,중국음식,45880000,1857,38.0,LOCALDATA,식품인허가 영업점,1207368.4210526317,48.86842105263158
경상북도,의성군,202604,8301,제과점,17730000,1286,12.0,LOCALDATA,식품인허가 영업점,1477500.0,107.16666666666667
경상북도,의성군,202605,4010,편의점,141040000,15669,27.0,국세청,가동사업자,5223703.703703703,580.3333333333334
경상북도,의성군,202605,4020,슈퍼마켓,198930000,10164,19.0,국세청,가동사업자,10470000.0,534.9473684210526
경상북도,의성군,202605,8005,중국음식,45980000,1766,38.0,LOCALDATA,식품인허가 영업점,1210000.0,46.473684210526315
경상북도,의성군,202605,8301,제과점,20650000,1416,12.0,LOCALDATA,식품인허가 영업점,1720833.3333333333,118.0
경상북도,의성군,202606,4010,편의점,130470000,14579,25.0,국세청,가동사업자,5218800.0,583.16
경상북도,의성군,202606,4020,슈퍼마켓,170770000,8944,19.0,국세청,가동사업자,8987894.736842105,470.7368421052632
경상북도,의성군,202606,8005,중국음식,36570000,1523,38.0,LOCALDATA,식품인허가 영업점,962368.4210526316,40.078947368421055
경상북도,의성군,202606,8301,제과점,15920000,1189,12.0,LOCALDATA,식품인허가 영업점,1326666.6666666667,99.08333333333333
경상북도,청도군,202601,4010,편의점,135480000,15083,29.0,국세청,가동사업자,4671724.137931035,520.1034482758621
경상북도,청도군,202601,4020,슈퍼마켓,281500000,11589,25.0,국세청,가동사업자,11260000.0,463.56
경상북도,청도군,202601,8005,중국음식,63090000,2268,24.0,LOCALDATA,식품인허가 영업점,2628750.0,94.5
경상북도,청도군,202601,8301,제과점,35860000,2962,15.0,LOCALDATA,식품인허가 영업점,2390666.6666666665,197.46666666666667
경상북도,청도군,202602,4010,편의점,138430000,14995,28.0,국세청,가동사업자,4943928.571428572,535.5357142857143
경상북도,청도군,202602,4020,슈퍼마켓,320350000,12311,25.0,국세청,가동사업자,12814000.0,492.44
경상북도,청도군,202602,8005,중국음식,62570000,2273,24.0,LOCALDATA,식품인허가 영업점,2607083.3333333335,94.70833333333333
경상북도,청도군,202602,8301,제과점,41550000,3407,15.0,LOCALDATA,식품인허가 영업점,2770000.0,227.13333333333333
경상북도,청도군,202603,4010,편의점,147410000,16509,28.0,국세청,가동사업자,5264642.857142857,589.6071428571429
경상북도,청도군,202603,4020,슈퍼마켓,291340000,12441,25.0,국세청,가동사업자,11653600.0,497.64
경상북도,청도군,202603,8005,중국음식,67470000,2588,24.0,LOCALDATA,식품인허가 영업점,2811250.0,107.83333333333333
경상북도,청도군,202603,8301,제과점,39710000,3264,15.0,LOCALDATA,식품인허가 영업점,2647333.3333333335,217.6
경상북도,청도군,202604,4010,편의점,152220000,17342,28.0,국세청,가동사업자,5436428.571428572,619.3571428571429
경상북도,청도군,202604,4020,슈퍼마켓,268330000,12258,24.0,국세청,가동사업자,11180416.666666666,510.75
경상북도,청도군,202604,8005,중국음식,65440000,2509,24.0,LOCALDATA,식품인허가 영업점,2726666.6666666665,104.54166666666667
경상북도,청도군,202604,8301,제과점,41700000,3328,15.0,LOCALDATA,식품인허가 영업점,2780000.0,221.86666666666667
경상북도,청도군,202605,4010,편의점,180810000,19680,28.0,국세청,가동사업자,6457500.0,702.8571428571429
경상북도,청도군,202605,4020,슈퍼마켓,354720000,15166,24.0,국세청,가동사업자,14780000.0,631.9166666666666
경상북도,청도군,202605,8005,중국음식,71640000,2580,24.0,LOCALDATA,식품인허가 영업점,2985000.0,107.5
경상북도,청도군,202605,8301,제과점,50530000,4083,15.0,LOCALDATA,식품인허가 영업점,3368666.6666666665,272.2
경상북도,청도군,202606,4010,편의점,165090000,18249,28.0,국세청,가동사업자,5896071.428571428,651.75
경상북도,청도군,202606,4020,슈퍼마켓,317510000,13770,24.0,국세청,가동사업자,13229583.333333334,573.75
경상북도,청도군,202606,8005,중국음식,54760000,2126,24.0,LOCALDATA,식품인허가 영업점,2281666.6666666665,88.58333333333333
경상북도,청도군,202606,8301,제과점,39960000,3419,15.0,LOCALDATA,식품인허가 영업점,2664000.0,227.93333333333334
경상북도,청송군,202601,4010,편의점,87640000,8341,16.0,국세청,가동사업자,5477500.0,521.3125
경상북도,청송군,202601,4020,슈퍼마켓,198360000,7192,13.0,국세청,가동사업자,15258461.538461538,553.2307692307693
경상북도,청송군,202601,8005,중국음식,28230000,1113,16.0,LOCALDATA,식품인허가 영업점,1764375.0,69.5625
경상북도,청송군,202601,8301,제과점,9830000,620,9.0,LOCALDATA,식품인허가 영업점,1092222.2222222222,68.88888888888889
경상북도,청송군,202602,4010,편의점,87120000,8084,16.0,국세청,가동사업자,5445000.0,505.25
경상북도,청송군,202602,4020,슈퍼마켓,217720000,7255,14.0,국세청,가동사업자,15551428.57142857,518.2142857142857
경상북도,청송군,202602,8005,중국음식,25200000,907,16.0,LOCALDATA,식품인허가 영업점,1575000.0,56.6875
경상북도,청송군,202602,8301,제과점,10090000,579,9.0,LOCALDATA,식품인허가 영업점,1121111.111111111,64.33333333333333
경상북도,청송군,202603,4010,편의점,92580000,8984,16.0,국세청,가동사업자,5786250.0,561.5
경상북도,청송군,202603,4020,슈퍼마켓,196300000,7393,13.0,국세청,가동사업자,15100000.0,568.6923076923077
경상북도,청송군,202603,8005,중국음식,29160000,1121,16.0,LOCALDATA,식품인허가 영업점,1822500.0,70.0625
경상북도,청송군,202603,8301,제과점,9300000,612,9.0,LOCALDATA,식품인허가 영업점,1033333.3333333334,68.0
경상북도,청송군,202604,4010,편의점,92350000,9436,16.0,국세청,가동사업자,5771875.0,589.75
경상북도,청송군,202604,4020,슈퍼마켓,203950000,7743,13.0,국세청,가동사업자,15688461.538461538,595.6153846153846
경상북도,청송군,202604,8005,중국음식,29230000,1188,16.0,LOCALDATA,식품인허가 영업점,1826875.0,74.25
경상북도,청송군,202604,8301,제과점,9600000,649,9.0,LOCALDATA,식품인허가 영업점,1066666.6666666667,72.11111111111111
경상북도,청송군,202605,4010,편의점,105570000,10701,16.0,국세청,가동사업자,6598125.0,668.8125
경상북도,청송군,202605,4020,슈퍼마켓,237350000,8914,13.0,국세청,가동사업자,18257692.307692308,685.6923076923077
경상북도,청송군,202605,8005,중국음식,30250000,1145,16.0,LOCALDATA,식품인허가 영업점,1890625.0,71.5625
경상북도,청송군,202605,8301,제과점,10580000,664,9.0,LOCALDATA,식품인허가 영업점,1175555.5555555555,73.77777777777777
경상북도,청송군,202606,4010,편의점,108170000,10655,16.0,국세청,가동사업자,6760625.0,665.9375
경상북도,청송군,202606,4020,슈퍼마켓,234650000,8492,13.0,국세청,가동사업자,18050000.0,653.2307692307693
경상북도,청송군,202606,8005,중국음식,27240000,1091,16.0,LOCALDATA,식품인허가 영업점,1702500.0,68.1875
경상북도,청송군,202606,8301,제과점,10730000,679,9.0,LOCALDATA,식품인허가 영업점,1192222.2222222222,75.44444444444444
경상북도,칠곡군,202601,4010,편의점,1108820000,118599,147.0,국세청,가동사업자,7542993.197278911,806.795918367347
경상북도,칠곡군,202601,4020,슈퍼마켓,1612050000,77284,86.0,국세청,가동사업자,18744767.441860463,898.6511627906976
경상북도,칠곡군,202601,8005,중국음식,176240000,7589,70.0,LOCALDATA,식품인허가 영업점,2517714.285714286,108.41428571428571
경상북도,칠곡군,202601,8301,제과점,146670000,9898,41.0,LOCALDATA,식품인허가 영업점,3577317.073170732,241.41463414634146
경상북도,칠곡군,202602,4010,편의점,1047950000,112163,148.0,국세청,가동사업자,7080743.243243244,757.8581081081081
경상북도,칠곡군,202602,4020,슈퍼마켓,1564370000,72485,87.0,국세청,가동사업자,17981264.36781609,833.1609195402299
경상북도,칠곡군,202602,8005,중국음식,174020000,7224,69.0,LOCALDATA,식품인허가 영업점,2522028.9855072466,104.69565217391305
경상북도,칠곡군,202602,8301,제과점,135390000,9002,41.0,LOCALDATA,식품인허가 영업점,3302195.1219512196,219.5609756097561
경상북도,칠곡군,202603,4010,편의점,1195050000,128614,150.0,국세청,가동사업자,7967000.0,857.4266666666666
경상북도,칠곡군,202603,4020,슈퍼마켓,1595690000,79227,86.0,국세청,가동사업자,18554534.88372093,921.2441860465116
경상북도,칠곡군,202603,8005,중국음식,178100000,7958,69.0,LOCALDATA,식품인허가 영업점,2581159.420289855,115.33333333333333
경상북도,칠곡군,202603,8301,제과점,131180000,9628,41.0,LOCALDATA,식품인허가 영업점,3199512.1951219514,234.82926829268294
경상북도,칠곡군,202604,4010,편의점,1208190000,133491,151.0,국세청,가동사업자,8001258.278145695,884.0463576158941
경상북도,칠곡군,202604,4020,슈퍼마켓,1518020000,77387,86.0,국세청,가동사업자,17651395.348837208,899.8488372093024
경상북도,칠곡군,202604,8005,중국음식,172760000,7757,69.0,LOCALDATA,식품인허가 영업점,2503768.115942029,112.42028985507247
경상북도,칠곡군,202604,8301,제과점,122670000,9170,43.0,LOCALDATA,식품인허가 영업점,2852790.697674419,213.25581395348837
경상북도,칠곡군,202605,4010,편의점,1310170000,142305,151.0,국세청,가동사업자,8676622.51655629,942.4172185430464
경상북도,칠곡군,202605,4020,슈퍼마켓,1664710000,83508,86.0,국세청,가동사업자,19357093.023255814,971.0232558139535
경상북도,칠곡군,202605,8005,중국음식,185890000,8108,69.0,LOCALDATA,식품인허가 영업점,2694057.9710144927,117.5072463768116
경상북도,칠곡군,202605,8301,제과점,137770000,10129,42.0,LOCALDATA,식품인허가 영업점,3280238.095238095,241.16666666666666
경상북도,칠곡군,202606,4010,편의점,1300440000,142198,151.0,국세청,가동사업자,8612185.430463577,941.7086092715232
경상북도,칠곡군,202606,4020,슈퍼마켓,1562170000,79469,86.0,국세청,가동사업자,18164767.441860463,924.0581395348837
경상북도,칠곡군,202606,8005,중국음식,156310000,7062,69.0,LOCALDATA,식품인허가 영업점,2265362.3188405796,102.34782608695652
경상북도,칠곡군,202606,8301,제과점,114520000,9072,41.0,LOCALDATA,식품인허가 영업점,2793170.7317073173,221.26829268292684
경상북도,포항시 남구,202601,4010,편의점,2133380000,238233,248.0,국세청,가동사업자,8602338.709677419,960.616935483871
경상북도,포항시 남구,202601,4020,슈퍼마켓,3230710000,165065,135.0,국세청,가동사업자,23931185.185185187,1222.7037037037037
경상북도,포항시 남구,202601,8005,중국음식,544630000,18013,131.0,LOCALDATA,식품인허가 영업점,4157480.9160305345,137.50381679389312
경상북도,포항시 남구,202601,8301,제과점,472460000,35105,88.0,LOCALDATA,식품인허가 영업점,5368863.636363637,398.92045454545456
경상북도,포항시 남구,202602,4010,편의점,2090000000,228904,247.0,국세청,가동사업자,8461538.461538462,926.7368421052631
경상북도,포항시 남구,202602,4020,슈퍼마켓,3243670000,163443,132.0,국세청,가동사업자,24573257.575757574,1238.2045454545455
경상북도,포항시 남구,202602,8005,중국음식,570360000,18273,131.0,LOCALDATA,식품인허가 영업점,4353893.129770992,139.4885496183206
경상북도,포항시 남구,202602,8301,제과점,504350000,36382,88.0,LOCALDATA,식품인허가 영업점,5731250.0,413.4318181818182
경상북도,포항시 남구,202603,4010,편의점,2402370000,275161,247.0,국세청,가동사업자,9726194.331983807,1114.012145748988
경상북도,포항시 남구,202603,4020,슈퍼마켓,3152450000,171180,134.0,국세청,가동사업자,23525746.268656716,1277.4626865671642
경상북도,포항시 남구,202603,8005,중국음식,558940000,19405,131.0,LOCALDATA,식품인허가 영업점,4266717.557251909,148.12977099236642
경상북도,포항시 남구,202603,8301,제과점,548960000,41536,88.0,LOCALDATA,식품인허가 영업점,6238181.818181818,472.0
경상북도,포항시 남구,202604,4010,편의점,2308470000,274507,247.0,국세청,가동사업자,9346032.388663968,1111.3643724696356
경상북도,포항시 남구,202604,4020,슈퍼마켓,3252940000,178556,137.0,국세청,가동사업자,23744087.591240875,1303.3284671532847
경상북도,포항시 남구,202604,8005,중국음식,502100000,18033,130.0,LOCALDATA,식품인허가 영업점,3862307.6923076925,138.7153846153846
경상북도,포항시 남구,202604,8301,제과점,503510000,39663,89.0,LOCALDATA,식품인허가 영업점,5657415.730337079,445.65168539325845
경상북도,포항시 남구,202605,4010,편의점,2701790000,302379,248.0,국세청,가동사업자,10894314.516129032,1219.2701612903227
경상북도,포항시 남구,202605,4020,슈퍼마켓,4490000000,229193,135.0,국세청,가동사업자,33259259.259259257,1697.7259259259258
경상북도,포항시 남구,202605,8005,중국음식,590140000,20280,131.0,LOCALDATA,식품인허가 영업점,4504885.496183206,154.8091603053435
경상북도,포항시 남구,202605,8301,제과점,532140000,40112,89.0,LOCALDATA,식품인허가 영업점,5979101.123595506,450.69662921348316
경상북도,포항시 남구,202606,4010,편의점,2508640000,287814,248.0,국세청,가동사업자,10115483.870967742,1160.5403225806451
경상북도,포항시 남구,202606,4020,슈퍼마켓,3973860000,219478,136.0,국세청,가동사업자,29219558.82352941,1613.8088235294117
경상북도,포항시 남구,202606,8005,중국음식,489940000,17581,131.0,LOCALDATA,식품인허가 영업점,3740000.0,134.206106870229
경상북도,포항시 남구,202606,8301,제과점,475230000,38280,89.0,LOCALDATA,식품인허가 영업점,5339662.921348315,430.1123595505618
경상북도,포항시 북구,202601,4010,편의점,2069680000,231025,259.0,국세청,가동사업자,7991042.471042471,891.988416988417
경상북도,포항시 북구,202601,4020,슈퍼마켓,3526630000,192055,147.0,국세청,가동사업자,23990680.27210884,1306.4965986394557
경상북도,포항시 북구,202601,8005,중국음식,542930000,18984,135.0,LOCALDATA,식품인허가 영업점,4021703.703703704,140.62222222222223
경상북도,포항시 북구,202601,8301,제과점,628540000,44592,98.0,LOCALDATA,식품인허가 영업점,6413673.469387755,455.0204081632653
경상북도,포항시 북구,202602,4010,편의점,2100240000,232814,256.0,국세청,가동사업자,8204062.5,909.4296875
경상북도,포항시 북구,202602,4020,슈퍼마켓,3560440000,193512,147.0,국세청,가동사업자,24220680.27210884,1316.408163265306
경상북도,포항시 북구,202602,8005,중국음식,578950000,19618,134.0,LOCALDATA,식품인허가 영업점,4320522.388059702,146.40298507462686
경상북도,포항시 북구,202602,8301,제과점,703460000,48085,98.0,LOCALDATA,식품인허가 영업점,7178163.265306123,490.66326530612247
경상북도,포항시 북구,202603,4010,편의점,2297110000,260930,256.0,국세청,가동사업자,8973085.9375,1019.2578125
경상북도,포항시 북구,202603,4020,슈퍼마켓,3536750000,205425,145.0,국세청,가동사업자,24391379.310344826,1416.7241379310344
경상북도,포항시 북구,202603,8005,중국음식,536390000,19696,134.0,LOCALDATA,식품인허가 영업점,4002910.447761194,146.98507462686567
경상북도,포항시 북구,202603,8301,제과점,719280000,52065,101.0,LOCALDATA,식품인허가 영업점,7121584.158415842,515.4950495049505
경상북도,포항시 북구,202604,4010,편의점,2146360000,254628,258.0,국세청,가동사업자,8319224.80620155,986.9302325581396
경상북도,포항시 북구,202604,4020,슈퍼마켓,3269960000,193809,146.0,국세청,가동사업자,22396986.301369864,1327.458904109589
경상북도,포항시 북구,202604,8005,중국음식,476760000,17891,133.0,LOCALDATA,식품인허가 영업점,3584661.6541353385,134.5187969924812
경상북도,포항시 북구,202604,8301,제과점,659590000,50868,104.0,LOCALDATA,식품인허가 영업점,6342211.538461538,489.11538461538464
경상북도,포항시 북구,202605,4010,편의점,2619750000,292500,259.0,국세청,가동사업자,10114864.864864865,1129.3436293436293
경상북도,포항시 북구,202605,4020,슈퍼마켓,4302890000,238024,148.0,국세청,가동사업자,29073581.08108108,1608.2702702702702
경상북도,포항시 북구,202605,8005,중국음식,604530000,21394,132.0,LOCALDATA,식품인허가 영업점,4579772.7272727275,162.07575757575756
경상북도,포항시 북구,202605,8301,제과점,723870000,52771,102.0,LOCALDATA,식품인허가 영업점,7096764.705882353,517.3627450980392
경상북도,포항시 북구,202606,4010,편의점,2400940000,277552,258.0,국세청,가동사업자,9305968.992248062,1075.7829457364342
경상북도,포항시 북구,202606,4020,슈퍼마켓,3899450000,229837,149.0,국세청,가동사업자,26170805.369127516,1542.5302013422818
경상북도,포항시 북구,202606,8005,중국음식,503710000,18812,132.0,LOCALDATA,식품인허가 영업점,3815984.8484848486,142.5151515151515
경상북도,포항시 북구,202606,8301,제과점,619720000,49716,104.0,LOCALDATA,식품인허가 영업점,5958846.153846154,478.03846153846155
광주광역시,광산구,202601,4010,편의점,3591030000,414615,382.0,국세청,가동사업자,9400602.094240837,1085.3795811518326
광주광역시,광산구,202601,4020,슈퍼마켓,7559050000,397162,238.0,국세청,가동사업자,31760714.285714287,1668.7478991596638
광주광역시,광산구,202601,8005,중국음식,794400000,25416,191.0,LOCALDATA,식품인허가 영업점,4159162.3036649213,133.06806282722513
광주광역시,광산구,202601,8301,제과점,782500000,57449,150.0,LOCALDATA,식품인허가 영업점,5216666.666666667,382.99333333333334
광주광역시,광산구,202602,4010,편의점,3353810000,381600,385.0,국세청,가동사업자,8711194.805194804,991.1688311688312
광주광역시,광산구,202602,4020,슈퍼마켓,7670320000,370989,238.0,국세청,가동사업자,32228235.29411765,1558.7773109243697
광주광역시,광산구,202602,8005,중국음식,696940000,22331,191.0,LOCALDATA,식품인허가 영업점,3648900.523560209,116.91623036649214
광주광역시,광산구,202602,8301,제과점,781890000,55185,149.0,LOCALDATA,식품인허가 영업점,5247583.89261745,370.3691275167785
광주광역시,광산구,202603,4010,편의점,3888490000,447254,383.0,국세청,가동사업자,10152715.40469974,1167.7650130548302
광주광역시,광산구,202603,4020,슈퍼마켓,7297730000,408340,242.0,국세청,가동사업자,30155909.09090909,1687.3553719008264
광주광역시,광산구,202603,8005,중국음식,749030000,25935,190.0,LOCALDATA,식품인허가 영업점,3942263.1578947366,136.5
광주광역시,광산구,202603,8301,제과점,852500000,63924,148.0,LOCALDATA,식품인허가 영업점,5760135.135135135,431.9189189189189
광주광역시,광산구,202604,4010,편의점,3830880000,459522,388.0,국세청,가동사업자,9873402.06185567,1184.3350515463917
광주광역시,광산구,202604,4020,슈퍼마켓,7113810000,403201,243.0,국세청,가동사업자,29274938.271604937,1659.2633744855966
광주광역시,광산구,202604,8005,중국음식,700960000,24936,194.0,LOCALDATA,식품인허가 영업점,3613195.87628866,128.53608247422682
광주광역시,광산구,202604,8301,제과점,809830000,64971,148.0,LOCALDATA,식품인허가 영업점,5471824.324324325,438.9932432432432
광주광역시,광산구,202605,4010,편의점,4545150000,521990,382.0,국세청,가동사업자,11898298.429319372,1366.4659685863874
광주광역시,광산구,202605,4020,슈퍼마켓,8620440000,475399,241.0,국세청,가동사업자,35769460.580912866,1972.609958506224
광주광역시,광산구,202605,8005,중국음식,886570000,30852,196.0,LOCALDATA,식품인허가 영업점,4523316.326530612,157.40816326530611
광주광역시,광산구,202605,8301,제과점,918260000,70620,149.0,LOCALDATA,식품인허가 영업점,6162818.791946309,473.9597315436242
광주광역시,광산구,202606,4010,편의점,4370350000,510519,384.0,국세청,가동사업자,11381119.791666666,1329.4765625
광주광역시,광산구,202606,4020,슈퍼마켓,7784110000,449890,240.0,국세청,가동사업자,32433791.666666668,1874.5416666666667
광주광역시,광산구,202606,8005,중국음식,731260000,26796,200.0,LOCALDATA,식품인허가 영업점,3656300.0,133.98
광주광역시,광산구,202606,8301,제과점,795400000,63902,148.0,LOCALDATA,식품인허가 영업점,5374324.324324325,431.77027027027026
광주광역시,남구,202601,4010,편의점,1251690000,154077,147.0,국세청,가동사업자,8514897.959183674,1048.142857142857
광주광역시,남구,202601,4020,슈퍼마켓,3909290000,224679,101.0,국세청,가동사업자,38705841.58415841,2224.5445544554455
광주광역시,남구,202601,8005,중국음식,350310000,11810,42.0,LOCALDATA,식품인허가 영업점,8340714.285714285,281.1904761904762
광주광역시,남구,202601,8301,제과점,452320000,33391,62.0,LOCALDATA,식품인허가 영업점,7295483.870967742,538.5645161290323
광주광역시,남구,202602,4010,편의점,1195540000,144783,148.0,국세청,가동사업자,8077972.972972973,978.2635135135135
광주광역시,남구,202602,4020,슈퍼마켓,4004160000,213230,104.0,국세청,가동사업자,38501538.461538464,2050.2884615384614
광주광역시,남구,202602,8005,중국음식,318330000,10658,42.0,LOCALDATA,식품인허가 영업점,7579285.714285715,253.76190476190476
광주광역시,남구,202602,8301,제과점,509930000,34443,62.0,LOCALDATA,식품인허가 영업점,8224677.419354838,555.5322580645161
광주광역시,남구,202603,4010,편의점,1333360000,169785,152.0,국세청,가동사업자,8772105.263157895,1117.0065789473683
광주광역시,남구,202603,4020,슈퍼마켓,3667330000,230113,103.0,국세청,가동사업자,35605145.63106796,2234.106796116505
광주광역시,남구,202603,8005,중국음식,332500000,11651,43.0,LOCALDATA,식품인허가 영업점,7732558.139534884,270.95348837209303
광주광역시,남구,202603,8301,제과점,484700000,37017,62.0,LOCALDATA,식품인허가 영업점,7817741.935483871,597.0483870967741
광주광역시,남구,202604,4010,편의점,1351770000,176616,149.0,국세청,가동사업자,9072281.87919463,1185.3422818791946
광주광역시,남구,202604,4020,슈퍼마켓,3705890000,227406,105.0,국세청,가동사업자,35294190.47619048,2165.7714285714287
광주광역시,남구,202604,8005,중국음식,313270000,11416,43.0,LOCALDATA,식품인허가 영업점,7285348.837209302,265.48837209302326
광주광역시,남구,202604,8301,제과점,462580000,37111,62.0,LOCALDATA,식품인허가 영업점,7460967.741935484,598.5645161290323
광주광역시,남구,202605,4010,편의점,1612370000,198731,151.0,국세청,가동사업자,10677947.01986755,1316.0993377483444
광주광역시,남구,202605,4020,슈퍼마켓,4429500000,261457,104.0,국세청,가동사업자,42591346.15384615,2514.0096153846152
광주광역시,남구,202605,8005,중국음식,409920000,14504,44.0,LOCALDATA,식품인허가 영업점,9316363.636363637,329.6363636363636
광주광역시,남구,202605,8301,제과점,508810000,38667,61.0,LOCALDATA,식품인허가 영업점,8341147.540983606,633.8852459016393
광주광역시,남구,202606,4010,편의점,1489110000,191948,149.0,국세청,가동사업자,9994026.845637584,1288.241610738255
광주광역시,남구,202606,4020,슈퍼마켓,3970050000,246128,104.0,국세청,가동사업자,38173557.692307696,2366.6153846153848
광주광역시,남구,202606,8005,중국음식,347110000,12800,45.0,LOCALDATA,식품인허가 영업점,7713555.555555556,284.44444444444446
광주광역시,남구,202606,8301,제과점,446890000,36167,61.0,LOCALDATA,식품인허가 영업점,7326065.573770491,592.9016393442623
광주광역시,동구,202601,4010,편의점,1118690000,144534,132.0,국세청,가동사업자,8474924.242424242,1094.9545454545455
광주광역시,동구,202601,4020,슈퍼마켓,2013190000,112413,62.0,국세청,가동사업자,32470806.451612905,1813.1129032258063
광주광역시,동구,202601,8005,중국음식,340680000,10995,66.0,LOCALDATA,식품인허가 영업점,5161818.181818182,166.5909090909091
광주광역시,동구,202601,8301,제과점,422030000,29149,57.0,LOCALDATA,식품인허가 영업점,7404035.087719298,511.3859649122807
광주광역시,동구,202602,4010,편의점,1068750000,131620,134.0,국세청,가동사업자,7975746.268656717,982.2388059701492
광주광역시,동구,202602,4020,슈퍼마켓,2060040000,106628,63.0,국세청,가동사업자,32699047.61904762,1692.5079365079366
광주광역시,동구,202602,8005,중국음식,316430000,9863,66.0,LOCALDATA,식품인허가 영업점,4794393.939393939,149.43939393939394
광주광역시,동구,202602,8301,제과점,494600000,30629,56.0,LOCALDATA,식품인허가 영업점,8832142.857142856,546.9464285714286
광주광역시,동구,202603,4010,편의점,1273210000,172146,137.0,국세청,가동사업자,9293503.649635037,1256.5401459854015
광주광역시,동구,202603,4020,슈퍼마켓,1961550000,118242,63.0,국세청,가동사업자,31135714.285714287,1876.857142857143
광주광역시,동구,202603,8005,중국음식,307090000,11210,67.0,LOCALDATA,식품인허가 영업점,4583432.835820896,167.3134328358209
광주광역시,동구,202603,8301,제과점,484450000,34495,58.0,LOCALDATA,식품인허가 영업점,8352586.206896552,594.7413793103449
광주광역시,동구,202604,4010,편의점,1237840000,177086,137.0,국세청,가동사업자,9035328.467153285,1292.5985401459855
광주광역시,동구,202604,4020,슈퍼마켓,1932950000,118179,60.0,국세청,가동사업자,32215833.333333332,1969.65
광주광역시,동구,202604,8005,중국음식,298980000,10689,66.0,LOCALDATA,식품인허가 영업점,4530000.0,161.95454545454547
광주광역시,동구,202604,8301,제과점,521590000,36089,58.0,LOCALDATA,식품인허가 영업점,8992931.034482758,622.2241379310345
광주광역시,동구,202605,4010,편의점,1498550000,198393,135.0,국세청,가동사업자,11100370.370370371,1469.5777777777778
광주광역시,동구,202605,4020,슈퍼마켓,2430360000,142401,60.0,국세청,가동사업자,40506000.0,2373.35
광주광역시,동구,202605,8005,중국음식,389190000,13543,67.0,LOCALDATA,식품인허가 영업점,5808805.9701492535,202.13432835820896
광주광역시,동구,202605,8301,제과점,584270000,39411,60.0,LOCALDATA,식품인허가 영업점,9737833.333333334,656.85
광주광역시,동구,202606,4010,편의점,1346760000,182068,134.0,국세청,가동사업자,10050447.76119403,1358.7164179104477
광주광역시,동구,202606,4020,슈퍼마켓,2228000000,136864,61.0,국세청,가동사업자,36524590.163934425,2243.6721311475408
광주광역시,동구,202606,8005,중국음식,309620000,11102,67.0,LOCALDATA,식품인허가 영업점,4621194.0298507465,165.70149253731344
광주광역시,동구,202606,8301,제과점,465650000,33848,60.0,LOCALDATA,식품인허가 영업점,7760833.333333333,564.1333333333333
광주광역시,북구,202601,4010,편의점,3178970000,385445,349.0,국세청,가동사업자,9108796.561604584,1104.4269340974213
광주광역시,북구,202601,4020,슈퍼마켓,7044170000,420230,200.0,국세청,가동사업자,35220850.0,2101.15
광주광역시,북구,202601,8005,중국음식,719550000,27203,92.0,LOCALDATA,식품인허가 영업점,7821195.652173913,295.6847826086956
광주광역시,북구,202601,8301,제과점,939360000,69809,137.0,LOCALDATA,식품인허가 영업점,6856642.3357664235,509.55474452554745
광주광역시,북구,202602,4010,편의점,2972930000,355131,353.0,국세청,가동사업자,8421898.016997168,1006.0368271954674
광주광역시,북구,202602,4020,슈퍼마켓,7174140000,394449,201.0,국세청,가동사업자,35692238.80597015,1962.4328358208954
광주광역시,북구,202602,8005,중국음식,677960000,24725,91.0,LOCALDATA,식품인허가 영업점,7450109.89010989,271.7032967032967
광주광역시,북구,202602,8301,제과점,1026750000,69575,136.0,LOCALDATA,식품인허가 영업점,7549632.352941177,511.58088235294116
광주광역시,북구,202603,4010,편의점,3438460000,428829,354.0,국세청,가동사업자,9713163.84180791,1211.3813559322034
광주광역시,북구,202603,4020,슈퍼마켓,7047420000,447500,205.0,국세청,가동사업자,34377658.53658537,2182.9268292682927
광주광역시,북구,202603,8005,중국음식,705330000,28076,91.0,LOCALDATA,식품인허가 영업점,7750879.120879121,308.5274725274725
광주광역시,북구,202603,8301,제과점,1029330000,79611,135.0,LOCALDATA,식품인허가 영업점,7624666.666666667,589.7111111111111
광주광역시,북구,202604,4010,편의점,3495830000,451258,355.0,국세청,가동사업자,9847408.450704226,1271.149295774648
광주광역시,북구,202604,4020,슈퍼마켓,7031930000,443881,203.0,국세청,가동사업자,34640049.261083744,2186.6059113300494
광주광역시,북구,202604,8005,중국음식,672290000,27206,91.0,LOCALDATA,식품인허가 영업점,7387802.197802198,298.967032967033
광주광역시,북구,202604,8301,제과점,1051540000,83089,136.0,LOCALDATA,식품인허가 영업점,7731911.764705882,610.9485294117648
광주광역시,북구,202605,4010,편의점,4262450000,519114,355.0,국세청,가동사업자,12006901.408450704,1462.2929577464788
광주광역시,북구,202605,4020,슈퍼마켓,8551030000,521981,209.0,국세청,가동사업자,40914019.13875598,2497.5167464114834
광주광역시,북구,202605,8005,중국음식,845790000,33412,93.0,LOCALDATA,식품인허가 영업점,9094516.129032258,359.26881720430106
광주광역시,북구,202605,8301,제과점,1195720000,89728,135.0,LOCALDATA,식품인허가 영업점,8857185.185185185,664.6518518518518
광주광역시,북구,202606,4010,편의점,3912600000,496451,355.0,국세청,가동사업자,11021408.450704226,1398.4535211267605
광주광역시,북구,202606,4020,슈퍼마켓,7652460000,491569,207.0,국세청,가동사업자,36968405.79710145,2374.7294685990337
광주광역시,북구,202606,8005,중국음식,705770000,28862,92.0,LOCALDATA,식품인허가 영업점,7671413.043478261,313.7173913043478
광주광역시,북구,202606,8301,제과점,979450000,78992,136.0,LOCALDATA,식품인허가 영업점,7201838.235294118,580.8235294117648
광주광역시,서구,202601,4010,편의점,2650040000,316725,274.0,국세청,가동사업자,9671678.832116788,1155.9306569343066
광주광역시,서구,202601,4020,슈퍼마켓,4707770000,250154,140.0,국세청,가동사업자,33626928.571428575,1786.8142857142857
광주광역시,서구,202601,8005,중국음식,578080000,19386,89.0,LOCALDATA,식품인허가 영업점,6495280.898876404,217.82022471910113
광주광역시,서구,202601,8301,제과점,745050000,55907,109.0,LOCALDATA,식품인허가 영업점,6835321.1009174315,512.9082568807339
광주광역시,서구,202602,4010,편의점,2545520000,300370,275.0,국세청,가동사업자,9256436.363636363,1092.2545454545455
광주광역시,서구,202602,4020,슈퍼마켓,4684120000,232979,141.0,국세청,가동사업자,33220709.219858155,1652.3333333333333
광주광역시,서구,202602,8005,중국음식,549280000,17537,90.0,LOCALDATA,식품인허가 영업점,6103111.111111111,194.85555555555555
광주광역시,서구,202602,8301,제과점,814280000,56986,110.0,LOCALDATA,식품인허가 영업점,7402545.454545454,518.0545454545454
광주광역시,서구,202603,4010,편의점,2811760000,337551,279.0,국세청,가동사업자,10077992.831541218,1209.8602150537633
광주광역시,서구,202603,4020,슈퍼마켓,4415780000,251599,144.0,국세청,가동사업자,30665138.888888888,1747.2152777777778
광주광역시,서구,202603,8005,중국음식,563080000,18548,90.0,LOCALDATA,식품인허가 영업점,6256444.444444444,206.0888888888889
광주광역시,서구,202603,8301,제과점,753520000,58943,109.0,LOCALDATA,식품인허가 영업점,6913027.52293578,540.7614678899082
광주광역시,서구,202604,4010,편의점,2752520000,343805,279.0,국세청,가동사업자,9865663.082437277,1232.2759856630823
광주광역시,서구,202604,4020,슈퍼마켓,4430370000,252640,149.0,국세청,가동사업자,29734026.845637582,1695.5704697986578
광주광역시,서구,202604,8005,중국음식,526470000,18227,91.0,LOCALDATA,식품인허가 영업점,5785384.615384615,200.2967032967033
광주광역시,서구,202604,8301,제과점,748020000,61371,110.0,LOCALDATA,식품인허가 영업점,6800181.818181818,557.9181818181818
광주광역시,서구,202605,4010,편의점,3272980000,392839,283.0,국세청,가동사업자,11565300.35335689,1388.1236749116608
광주광역시,서구,202605,4020,슈퍼마켓,5110870000,286612,150.0,국세청,가동사업자,34072466.666666664,1910.7466666666667
광주광역시,서구,202605,8005,중국음식,660380000,22379,91.0,LOCALDATA,식품인허가 영업점,7256923.076923077,245.92307692307693
광주광역시,서구,202605,8301,제과점,829620000,64615,110.0,LOCALDATA,식품인허가 영업점,7542000.0,587.4090909090909
광주광역시,서구,202606,4010,편의점,3053840000,373904,285.0,국세청,가동사업자,10715228.07017544,1311.9438596491227
광주광역시,서구,202606,4020,슈퍼마켓,4698360000,274884,148.0,국세청,가동사업자,31745675.675675675,1857.3243243243244
광주광역시,서구,202606,8005,중국음식,557160000,19448,92.0,LOCALDATA,식품인허가 영업점,6056086.956521739,211.3913043478261
광주광역시,서구,202606,8301,제과점,699780000,58706,111.0,LOCALDATA,식품인허가 영업점,6304324.324324325,528.8828828828829
대구광역시,군위군,202601,4010,편의점,127590000,13446,16.0,국세청,가동사업자,7974375.0,840.375
대구광역시,군위군,202601,4020,슈퍼마켓,89400000,4535,12.0,국세청,가동사업자,7450000.0,377.9166666666667
대구광역시,군위군,202601,8005,중국음식,23200000,979,14.0,LOCALDATA,식품인허가 영업점,1657142.857142857,69.92857142857143
대구광역시,군위군,202601,8301,제과점,18240000,954,8.0,LOCALDATA,식품인허가 영업점,2280000.0,119.25
대구광역시,군위군,202602,4010,편의점,146750000,16077,16.0,국세청,가동사업자,9171875.0,1004.8125
대구광역시,군위군,202602,4020,슈퍼마켓,93650000,4617,12.0,국세청,가동사업자,7804166.666666667,384.75
대구광역시,군위군,202602,8005,중국음식,27630000,1104,14.0,LOCALDATA,식품인허가 영업점,1973571.4285714286,78.85714285714286
대구광역시,군위군,202602,8301,제과점,28020000,1195,8.0,LOCALDATA,식품인허가 영업점,3502500.0,149.375
대구광역시,군위군,202603,4010,편의점,154460000,15652,16.0,국세청,가동사업자,9653750.0,978.25
대구광역시,군위군,202603,4020,슈퍼마켓,102120000,5521,12.0,국세청,가동사업자,8510000.0,460.0833333333333
대구광역시,군위군,202603,8005,중국음식,35100000,1478,14.0,LOCALDATA,식품인허가 영업점,2507142.8571428573,105.57142857142857
대구광역시,군위군,202603,8301,제과점,23150000,1244,8.0,LOCALDATA,식품인허가 영업점,2893750.0,155.5
대구광역시,군위군,202604,4010,편의점,155310000,16682,16.0,국세청,가동사업자,9706875.0,1042.625
대구광역시,군위군,202604,4020,슈퍼마켓,110860000,5701,12.0,국세청,가동사업자,9238333.333333334,475.0833333333333
대구광역시,군위군,202604,8005,중국음식,31880000,1407,14.0,LOCALDATA,식품인허가 영업점,2277142.8571428573,100.5
대구광역시,군위군,202604,8301,제과점,22460000,1212,8.0,LOCALDATA,식품인허가 영업점,2807500.0,151.5
대구광역시,군위군,202605,4010,편의점,205390000,21565,16.0,국세청,가동사업자,12836875.0,1347.8125
대구광역시,군위군,202605,4020,슈퍼마켓,232940000,10420,12.0,국세청,가동사업자,19411666.666666668,868.3333333333334
대구광역시,군위군,202605,8005,중국음식,46790000,1883,14.0,LOCALDATA,식품인허가 영업점,3342142.8571428573,134.5
대구광역시,군위군,202605,8301,제과점,34680000,1685,8.0,LOCALDATA,식품인허가 영업점,4335000.0,210.625
대구광역시,군위군,202606,4010,편의점,184630000,19481,16.0,국세청,가동사업자,11539375.0,1217.5625
대구광역시,군위군,202606,4020,슈퍼마켓,238540000,12127,11.0,국세청,가동사업자,21685454.545454547,1102.4545454545455
대구광역시,군위군,202606,8005,중국음식,41230000,1786,14.0,LOCALDATA,식품인허가 영업점,2945000.0,127.57142857142857
대구광역시,군위군,202606,8301,제과점,26760000,1496,8.0,LOCALDATA,식품인허가 영업점,3345000.0,187.0
대구광역시,남구,202601,4010,편의점,1117640000,149806,150.0,국세청,가동사업자,7450933.333333333,998.7066666666667
대구광역시,남구,202601,4020,슈퍼마켓,1656270000,120212,93.0,국세청,가동사업자,17809354.83870968,1292.6021505376343
대구광역시,남구,202601,8005,중국음식,224180000,10246,90.0,LOCALDATA,식품인허가 영업점,2490888.888888889,113.84444444444445
대구광역시,남구,202601,8301,제과점,265430000,23536,68.0,LOCALDATA,식품인허가 영업점,3903382.3529411764,346.11764705882354
대구광역시,남구,202602,4010,편의점,1126110000,148457,149.0,국세청,가동사업자,7557785.234899329,996.3557046979865
대구광역시,남구,202602,4020,슈퍼마켓,1673890000,119919,94.0,국세청,가동사업자,17807340.425531916,1275.7340425531916
대구광역시,남구,202602,8005,중국음식,229860000,10317,89.0,LOCALDATA,식품인허가 영업점,2582696.629213483,115.92134831460675
대구광역시,남구,202602,8301,제과점,305970000,25904,71.0,LOCALDATA,식품인허가 영업점,4309436.6197183095,364.84507042253523
대구광역시,남구,202603,4010,편의점,1336700000,183608,149.0,국세청,가동사업자,8971140.939597316,1232.268456375839
대구광역시,남구,202603,4020,슈퍼마켓,1769160000,139466,93.0,국세청,가동사업자,19023225.80645161,1499.6344086021506
대구광역시,남구,202603,8005,중국음식,265720000,12919,89.0,LOCALDATA,식품인허가 영업점,2985617.9775280897,145.1573033707865
대구광역시,남구,202603,8301,제과점,337620000,30270,72.0,LOCALDATA,식품인허가 영업점,4689166.666666667,420.4166666666667
대구광역시,남구,202604,4010,편의점,1252890000,177685,151.0,국세청,가동사업자,8297284.768211921,1176.7218543046358
대구광역시,남구,202604,4020,슈퍼마켓,1677950000,133638,90.0,국세청,가동사업자,18643888.888888888,1484.8666666666666
대구광역시,남구,202604,8005,중국음식,229840000,11752,89.0,LOCALDATA,식품인허가 영업점,2582471.9101123596,132.04494382022472
대구광역시,남구,202604,8301,제과점,312870000,29647,70.0,LOCALDATA,식품인허가 영업점,4469571.428571428,423.5285714285714
대구광역시,남구,202605,4010,편의점,1562400000,204658,154.0,국세청,가동사업자,10145454.545454545,1328.948051948052
대구광역시,남구,202605,4020,슈퍼마켓,2530980000,179205,91.0,국세청,가동사업자,27812967.032967035,1969.2857142857142
대구광역시,남구,202605,8005,중국음식,290420000,14302,88.0,LOCALDATA,식품인허가 영업점,3300227.272727273,162.52272727272728
대구광역시,남구,202605,8301,제과점,394070000,34429,70.0,LOCALDATA,식품인허가 영업점,5629571.428571428,491.84285714285716
대구광역시,남구,202606,4010,편의점,1419780000,196392,155.0,국세청,가동사업자,9159870.967741935,1267.0451612903225
대구광역시,남구,202606,4020,슈퍼마켓,2184870000,169399,91.0,국세청,가동사업자,24009560.43956044,1861.5274725274726
대구광역시,남구,202606,8005,중국음식,236860000,12413,89.0,LOCALDATA,식품인허가 영업점,2661348.3146067415,139.47191011235955
대구광역시,남구,202606,8301,제과점,319040000,30562,75.0,LOCALDATA,식품인허가 영업점,4253866.666666667,407.49333333333334
대구광역시,달서구,202601,4010,편의점,4206230000,540080,456.0,국세청,가동사업자,9224188.596491229,1184.3859649122808
대구광역시,달서구,202601,4020,슈퍼마켓,8426040000,499040,262.0,국세청,가동사업자,32160458.015267175,1904.7328244274809
대구광역시,달서구,202601,8005,중국음식,874980000,35859,242.0,LOCALDATA,식품인허가 영업점,3615619.8347107437,148.17768595041323
대구광역시,달서구,202601,8301,제과점,1004830000,83045,176.0,LOCALDATA,식품인허가 영업점,5709261.363636363,471.84659090909093
대구광역시,달서구,202602,4010,편의점,4249500000,536679,459.0,국세청,가동사업자,9258169.934640523,1169.235294117647
대구광역시,달서구,202602,4020,슈퍼마켓,8480080000,495529,260.0,국세청,가동사업자,32615692.307692308,1905.8807692307691
대구광역시,달서구,202602,8005,중국음식,1005990000,39247,240.0,LOCALDATA,식품인허가 영업점,4191625.0,163.52916666666667
대구광역시,달서구,202602,8301,제과점,1216340000,96286,174.0,LOCALDATA,식품인허가 영업점,6990459.770114942,553.3678160919541
대구광역시,달서구,202603,4010,편의점,5050660000,656466,456.0,국세청,가동사업자,11076008.771929825,1439.6184210526317
대구광역시,달서구,202603,4020,슈퍼마켓,8469550000,553413,258.0,국세청,가동사업자,32827713.178294573,2145.0116279069766
대구광역시,달서구,202603,8005,중국음식,1042800000,44662,240.0,LOCALDATA,식품인허가 영업점,4345000.0,186.09166666666667
대구광역시,달서구,202603,8301,제과점,1369810000,118562,173.0,LOCALDATA,식품인허가 영업점,7917976.878612717,685.3294797687861
대구광역시,달서구,202604,4010,편의점,4686140000,640009,452.0,국세청,가동사업자,10367566.371681416,1415.9491150442477
대구광역시,달서구,202604,4020,슈퍼마켓,8167740000,531061,256.0,국세청,가동사업자,31905234.375,2074.45703125
대구광역시,달서구,202604,8005,중국음식,921460000,39805,241.0,LOCALDATA,식품인허가 영업점,3823485.477178423,165.16597510373444
대구광역시,달서구,202604,8301,제과점,1220820000,111401,172.0,LOCALDATA,식품인허가 영업점,7097790.697674419,647.6802325581396
대구광역시,달서구,202605,4010,편의점,5449180000,699815,449.0,국세청,가동사업자,12136258.351893095,1558.608017817372
대구광역시,달서구,202605,4020,슈퍼마켓,10153750000,630006,255.0,국세청,가동사업자,39818627.450980395,2470.6117647058823
대구광역시,달서구,202605,8005,중국음식,1115320000,44824,241.0,LOCALDATA,식품인허가 영업점,4627883.817427386,185.99170124481327
대구광역시,달서구,202605,8301,제과점,1276720000,108850,168.0,LOCALDATA,식품인허가 영업점,7599523.80952381,647.9166666666666
대구광역시,달서구,202606,4010,편의점,5092540000,672500,447.0,국세청,가동사업자,11392706.935123043,1504.4742729306488
대구광역시,달서구,202606,4020,슈퍼마켓,9075610000,594535,257.0,국세청,가동사업자,35313657.587548636,2313.3657587548637
대구광역시,달서구,202606,8005,중국음식,893590000,37652,242.0,LOCALDATA,식품인허가 영업점,3692520.661157025,155.58677685950414
대구광역시,달서구,202606,8301,제과점,1100760000,100164,167.0,LOCALDATA,식품인허가 영업점,6591377.245508982,599.7844311377246
대구광역시,달성군,202601,4010,편의점,1893380000,219829,240.0,국세청,가동사업자,7889083.333333333,915.9541666666667
대구광역시,달성군,202601,4020,슈퍼마켓,4626410000,225896,152.0,국세청,가동사업자,30436907.89473684,1486.157894736842
대구광역시,달성군,202601,8005,중국음식,419780000,16787,115.0,LOCALDATA,식품인허가 영업점,3650260.8695652173,145.97391304347826
대구광역시,달성군,202601,8301,제과점,375300000,28591,76.0,LOCALDATA,식품인허가 영업점,4938157.894736842,376.19736842105266
대구광역시,달성군,202602,4010,편의점,1910990000,219401,242.0,국세청,가동사업자,7896652.892561983,906.6157024793389
대구광역시,달성군,202602,4020,슈퍼마켓,4673360000,223888,154.0,국세청,가동사업자,30346493.506493505,1453.8181818181818
대구광역시,달성군,202602,8005,중국음식,483470000,18276,117.0,LOCALDATA,식품인허가 영업점,4132222.222222222,156.2051282051282
대구광역시,달성군,202602,8301,제과점,417420000,30941,77.0,LOCALDATA,식품인허가 영업점,5421038.961038961,401.83116883116884
대구광역시,달성군,202603,4010,편의점,2252730000,264579,242.0,국세청,가동사업자,9308801.652892562,1093.301652892562
대구광역시,달성군,202603,4020,슈퍼마켓,4614770000,246010,156.0,국세청,가동사업자,29581858.974358976,1576.9871794871794
대구광역시,달성군,202603,8005,중국음식,503320000,20236,118.0,LOCALDATA,식품인허가 영업점,4265423.72881356,171.4915254237288
대구광역시,달성군,202603,8301,제과점,493980000,37747,79.0,LOCALDATA,식품인허가 영업점,6252911.392405063,477.8101265822785
대구광역시,달성군,202604,4010,편의점,2166460000,263489,241.0,국세청,가동사업자,8989460.580912864,1093.3153526970955
대구광역시,달성군,202604,4020,슈퍼마켓,4386150000,231588,157.0,국세청,가동사업자,27937261.146496814,1475.0828025477706
대구광역시,달성군,202604,8005,중국음식,419340000,17698,120.0,LOCALDATA,식품인허가 영업점,3494500.0,147.48333333333332
대구광역시,달성군,202604,8301,제과점,427200000,35291,78.0,LOCALDATA,식품인허가 영업점,5476923.076923077,452.44871794871796
대구광역시,달성군,202605,4010,편의점,2524640000,291517,240.0,국세청,가동사업자,10519333.333333334,1214.6541666666667
대구광역시,달성군,202605,4020,슈퍼마켓,5147610000,260216,155.0,국세청,가동사업자,33210387.096774194,1678.8129032258064
대구광역시,달성군,202605,8005,중국음식,537570000,20853,120.0,LOCALDATA,식품인허가 영업점,4479750.0,173.775
대구광역시,달성군,202605,8301,제과점,469400000,35550,77.0,LOCALDATA,식품인허가 영업점,6096103.896103896,461.68831168831167
대구광역시,달성군,202606,4010,편의점,2359630000,280833,239.0,국세청,가동사업자,9872928.870292887,1175.0334728033472
대구광역시,달성군,202606,4020,슈퍼마켓,4749740000,252690,153.0,국세청,가동사업자,31044052.2875817,1651.5686274509803
대구광역시,달성군,202606,8005,중국음식,425190000,17847,125.0,LOCALDATA,식품인허가 영업점,3401520.0,142.776
대구광역시,달성군,202606,8301,제과점,397320000,33074,78.0,LOCALDATA,식품인허가 영업점,5093846.153846154,424.02564102564105
대구광역시,동구,202601,4010,편의점,2863760000,376852,274.0,국세청,가동사업자,10451678.832116788,1375.3722627737227
대구광역시,동구,202601,4020,슈퍼마켓,4708790000,293674,182.0,국세청,가동사업자,25872472.527472526,1613.5934065934066
대구광역시,동구,202601,8005,중국음식,441800000,17994,97.0,LOCALDATA,식품인허가 영업점,4554639.175257732,185.50515463917526
대구광역시,동구,202601,8301,제과점,519670000,45574,121.0,LOCALDATA,식품인허가 영업점,4294793.388429752,376.64462809917353
대구광역시,동구,202602,4010,편의점,2990530000,385722,274.0,국세청,가동사업자,10914343.06569343,1407.7445255474452
대구광역시,동구,202602,4020,슈퍼마켓,5121510000,309798,185.0,국세청,가동사업자,27683837.837837838,1674.5837837837837
대구광역시,동구,202602,8005,중국음식,519890000,20381,96.0,LOCALDATA,식품인허가 영업점,5415520.833333333,212.30208333333334
대구광역시,동구,202602,8301,제과점,639660000,52782,125.0,LOCALDATA,식품인허가 영업점,5117280.0,422.256
대구광역시,동구,202603,4010,편의점,3329300000,436488,272.0,국세청,가동사업자,12240073.529411765,1604.735294117647
대구광역시,동구,202603,4020,슈퍼마켓,5053220000,340863,185.0,국세청,가동사업자,27314702.7027027,1842.5027027027027
대구광역시,동구,202603,8005,중국음식,574180000,24211,96.0,LOCALDATA,식품인허가 영업점,5981041.666666667,252.19791666666666
대구광역시,동구,202603,8301,제과점,692730000,61426,125.0,LOCALDATA,식품인허가 영업점,5541840.0,491.408
대구광역시,동구,202604,4010,편의점,3121810000,422243,274.0,국세청,가동사업자,11393467.15328467,1541.0328467153286
대구광역시,동구,202604,4020,슈퍼마켓,4810960000,318382,184.0,국세청,가동사업자,26146521.739130434,1730.3369565217392
대구광역시,동구,202604,8005,중국음식,483690000,20657,96.0,LOCALDATA,식품인허가 영업점,5038437.5,215.17708333333334
대구광역시,동구,202604,8301,제과점,611520000,57347,124.0,LOCALDATA,식품인허가 영업점,4931612.903225807,462.4758064516129
대구광역시,동구,202605,4010,편의점,3713590000,477092,277.0,국세청,가동사업자,13406462.093862817,1722.3537906137185
대구광역시,동구,202605,4020,슈퍼마켓,6291060000,386574,180.0,국세청,가동사업자,34950333.333333336,2147.633333333333
대구광역시,동구,202605,8005,중국음식,560500000,23778,94.0,LOCALDATA,식품인허가 영업점,5962765.957446809,252.95744680851064
대구광역시,동구,202605,8301,제과점,699130000,59449,122.0,LOCALDATA,식품인허가 영업점,5730573.770491803,487.28688524590166
대구광역시,동구,202606,4010,편의점,3321690000,442498,273.0,국세청,가동사업자,12167362.637362637,1620.871794871795
대구광역시,동구,202606,4020,슈퍼마켓,5546940000,367599,181.0,국세청,가동사업자,30646077.3480663,2030.9337016574586
대구광역시,동구,202606,8005,중국음식,455880000,20316,94.0,LOCALDATA,식품인허가 영업점,4849787.234042553,216.12765957446808
대구광역시,동구,202606,8301,제과점,562410000,52511,121.0,LOCALDATA,식품인허가 영업점,4648016.52892562,433.97520661157023
대구광역시,북구,202601,4010,편의점,3186370000,415920,355.0,국세청,가동사업자,8975690.14084507,1171.605633802817
대구광역시,북구,202601,4020,슈퍼마켓,6112880000,354582,225.0,국세청,가동사업자,27168355.555555556,1575.92
대구광역시,북구,202601,8005,중국음식,627350000,26440,166.0,LOCALDATA,식품인허가 영업점,3779216.8674698793,159.27710843373495
대구광역시,북구,202601,8301,제과점,753370000,58881,162.0,LOCALDATA,식품인허가 영업점,4650432.098765432,363.462962962963
대구광역시,북구,202602,4010,편의점,3260940000,413900,350.0,국세청,가동사업자,9316971.42857143,1182.5714285714287
대구광역시,북구,202602,4020,슈퍼마켓,6452060000,362464,225.0,국세청,가동사업자,28675822.222222224,1610.951111111111
대구광역시,북구,202602,8005,중국음식,741280000,29534,166.0,LOCALDATA,식품인허가 영업점,4465542.168674699,177.9156626506024
대구광역시,북구,202602,8301,제과점,904680000,68258,164.0,LOCALDATA,식품인허가 영업점,5516341.463414635,416.2073170731707
대구광역시,북구,202603,4010,편의점,3945140000,529897,347.0,국세청,가동사업자,11369279.5389049,1527.0806916426513
대구광역시,북구,202603,4020,슈퍼마켓,6426540000,407132,227.0,국세청,가동사업자,28310748.898678415,1793.5330396475772
대구광역시,북구,202603,8005,중국음식,780570000,34544,166.0,LOCALDATA,식품인허가 영업점,4702228.915662651,208.09638554216866
대구광역시,북구,202603,8301,제과점,1020070000,84242,160.0,LOCALDATA,식품인허가 영업점,6375437.5,526.5125
대구광역시,북구,202604,4010,편의점,3666460000,524121,351.0,국세청,가동사업자,10445754.985754985,1493.2222222222222
대구광역시,북구,202604,4020,슈퍼마켓,5934550000,376397,228.0,국세청,가동사업자,26028728.07017544,1650.8640350877192
대구광역시,북구,202604,8005,중국음식,643460000,30024,163.0,LOCALDATA,식품인허가 영업점,3947607.36196319,184.19631901840492
대구광역시,북구,202604,8301,제과점,909310000,80769,160.0,LOCALDATA,식품인허가 영업점,5683187.5,504.80625
대구광역시,북구,202605,4010,편의점,4209110000,554602,349.0,국세청,가동사업자,12060487.106017193,1589.1174785100286
대구광역시,북구,202605,4020,슈퍼마켓,7388140000,442914,226.0,국세청,가동사업자,32690884.955752213,1959.796460176991
대구광역시,북구,202605,8005,중국음식,770030000,33383,166.0,LOCALDATA,식품인허가 영업점,4638734.9397590365,201.1024096385542
대구광역시,북구,202605,8301,제과점,966130000,81553,160.0,LOCALDATA,식품인허가 영업점,6038312.5,509.70625
대구광역시,북구,202606,4010,편의점,3977680000,542039,352.0,국세청,가동사업자,11300227.272727273,1539.8835227272727
대구광역시,북구,202606,4020,슈퍼마켓,6693410000,425797,223.0,국세청,가동사업자,30015291.479820628,1909.4035874439462
대구광역시,북구,202606,8005,중국음식,635070000,29768,166.0,LOCALDATA,식품인허가 영업점,3825722.891566265,179.32530120481928
대구광역시,북구,202606,8301,제과점,790800000,70877,157.0,LOCALDATA,식품인허가 영업점,5036942.6751592355,451.4458598726115
대구광역시,서구,202601,4010,편의점,1285240000,160899,147.0,국세청,가동사업자,8743129.25170068,1094.5510204081634
대구광역시,서구,202601,4020,슈퍼마켓,3558650000,216969,132.0,국세청,가동사업자,26959469.696969695,1643.7045454545455
대구광역시,서구,202601,8005,중국음식,235660000,9593,92.0,LOCALDATA,식품인허가 영업점,2561521.7391304346,104.27173913043478
대구광역시,서구,202601,8301,제과점,207490000,17325,46.0,LOCALDATA,식품인허가 영업점,4510652.173913044,376.6304347826087
대구광역시,서구,202602,4010,편의점,1296490000,160971,147.0,국세청,가동사업자,8819659.86394558,1095.0408163265306
대구광역시,서구,202602,4020,슈퍼마켓,5348390000,254433,131.0,국세청,가동사업자,40827404.58015267,1942.2366412213742
대구광역시,서구,202602,8005,중국음식,236620000,9711,92.0,LOCALDATA,식품인허가 영업점,2571956.5217391304,105.55434782608695
대구광역시,서구,202602,8301,제과점,236460000,18556,47.0,LOCALDATA,식품인허가 영업점,5031063.829787234,394.8085106382979
대구광역시,서구,202603,4010,편의점,1479830000,190766,145.0,국세청,가동사업자,10205724.137931034,1315.6275862068965
대구광역시,서구,202603,4020,슈퍼마켓,4611480000,263066,129.0,국세청,가동사업자,35747906.97674418,2039.2713178294573
대구광역시,서구,202603,8005,중국음식,262680000,11531,92.0,LOCALDATA,식품인허가 영업점,2855217.3913043477,125.33695652173913
대구광역시,서구,202603,8301,제과점,266900000,22222,48.0,LOCALDATA,식품인허가 영업점,5560416.666666667,462.9583333333333
대구광역시,서구,202604,4010,편의점,1397400000,184871,147.0,국세청,가동사업자,9506122.448979592,1257.6258503401361
대구광역시,서구,202604,4020,슈퍼마켓,4188020000,248417,129.0,국세청,가동사업자,32465271.317829456,1925.7131782945737
대구광역시,서구,202604,8005,중국음식,236630000,10709,94.0,LOCALDATA,식품인허가 영업점,2517340.425531915,113.92553191489361
대구광역시,서구,202604,8301,제과점,237850000,21231,47.0,LOCALDATA,식품인허가 영업점,5060638.29787234,451.72340425531917
대구광역시,서구,202605,4010,편의점,1787050000,218382,148.0,국세청,가동사업자,12074662.162162162,1475.554054054054
대구광역시,서구,202605,4020,슈퍼마켓,5615190000,318643,127.0,국세청,가동사업자,44214094.488188975,2509.0
대구광역시,서구,202605,8005,중국음식,299520000,13494,94.0,LOCALDATA,식품인허가 영업점,3186382.9787234045,143.5531914893617
대구광역시,서구,202605,8301,제과점,305490000,24273,47.0,LOCALDATA,식품인허가 영업점,6499787.234042553,516.4468085106383
대구광역시,서구,202606,4010,편의점,1587310000,207799,149.0,국세청,가동사업자,10653087.248322148,1394.6241610738255
대구광역시,서구,202606,4020,슈퍼마켓,4980400000,302849,127.0,국세청,가동사업자,39215748.03149606,2384.6377952755906
대구광역시,서구,202606,8005,중국음식,234640000,10748,94.0,LOCALDATA,식품인허가 영업점,2496170.212765957,114.34042553191489
대구광역시,서구,202606,8301,제과점,239930000,21719,47.0,LOCALDATA,식품인허가 영업점,5104893.617021277,462.1063829787234
대구광역시,수성구,202601,4010,편의점,2525160000,340039,303.0,국세청,가동사업자,8333861.386138614,1122.2409240924092
대구광역시,수성구,202601,4020,슈퍼마켓,4500430000,269601,192.0,국세청,가동사업자,23439739.583333332,1404.171875
대구광역시,수성구,202601,8005,중국음식,887660000,26300,156.0,LOCALDATA,식품인허가 영업점,5690128.205128205,168.5897435897436
대구광역시,수성구,202601,8301,제과점,923290000,73089,199.0,LOCALDATA,식품인허가 영업점,4639648.24120603,367.2814070351759
대구광역시,수성구,202602,4010,편의점,2633650000,345209,303.0,국세청,가동사업자,8691914.191419141,1139.3036303630363
대구광역시,수성구,202602,4020,슈퍼마켓,4832690000,283063,192.0,국세청,가동사업자,25170260.416666668,1474.2864583333333
대구광역시,수성구,202602,8005,중국음식,986050000,29066,158.0,LOCALDATA,식품인허가 영업점,6240822.784810127,183.9620253164557
대구광역시,수성구,202602,8301,제과점,1094010000,83008,197.0,LOCALDATA,식품인허가 영업점,5553350.253807107,421.3604060913706
대구광역시,수성구,202603,4010,편의점,3116850000,414915,299.0,국세청,가동사업자,10424247.491638796,1387.675585284281
대구광역시,수성구,202603,4020,슈퍼마켓,4825620000,317812,192.0,국세청,가동사업자,25133437.5,1655.2708333333333
대구광역시,수성구,202603,8005,중국음식,1002420000,32408,157.0,LOCALDATA,식품인허가 영업점,6384840.76433121,206.4203821656051
대구광역시,수성구,202603,8301,제과점,1213250000,97583,192.0,LOCALDATA,식품인허가 영업점,6319010.416666667,508.2447916666667
대구광역시,수성구,202604,4010,편의점,2878210000,405105,297.0,국세청,가동사업자,9690942.76094276,1363.989898989899
대구광역시,수성구,202604,4020,슈퍼마켓,4541640000,302070,190.0,국세청,가동사업자,23903368.42105263,1589.842105263158
대구광역시,수성구,202604,8005,중국음식,838710000,27592,157.0,LOCALDATA,식품인허가 영업점,5342101.910828025,175.74522292993632
대구광역시,수성구,202604,8301,제과점,1051120000,89302,192.0,LOCALDATA,식품인허가 영업점,5474583.333333333,465.1145833333333
대구광역시,수성구,202605,4010,편의점,3292490000,432268,294.0,국세청,가동사업자,11198945.578231292,1470.299319727891
대구광역시,수성구,202605,4020,슈퍼마켓,5298280000,335459,190.0,국세청,가동사업자,27885684.210526317,1765.5736842105264
대구광역시,수성구,202605,8005,중국음식,980080000,29219,158.0,LOCALDATA,식품인허가 영업점,6203037.974683545,184.93037974683546
대구광역시,수성구,202605,8301,제과점,1074800000,86102,193.0,LOCALDATA,식품인허가 영업점,5568911.917098446,446.1243523316062
대구광역시,수성구,202606,4010,편의점,3124840000,424759,297.0,국세청,가동사업자,10521346.801346801,1430.1649831649831
대구광역시,수성구,202606,4020,슈퍼마켓,4851460000,319223,189.0,국세청,가동사업자,25669100.52910053,1689.010582010582
대구광역시,수성구,202606,8005,중국음식,779160000,25650,157.0,LOCALDATA,식품인허가 영업점,4962802.5477707,163.37579617834396
대구광역시,수성구,202606,8301,제과점,929060000,80550,193.0,LOCALDATA,식품인허가 영업점,4813782.383419689,417.35751295336786
대구광역시,중구,202601,4010,편의점,1569380000,203092,153.0,국세청,가동사업자,10257385.620915033,1327.3986928104575
대구광역시,중구,202601,4020,슈퍼마켓,592650000,48338,88.0,국세청,가동사업자,6734659.090909091,549.2954545454545
대구광역시,중구,202601,8005,중국음식,612530000,19584,101.0,LOCALDATA,식품인허가 영업점,6064653.465346535,193.9009900990099
대구광역시,중구,202601,8301,제과점,452110000,36414,150.0,LOCALDATA,식품인허가 영업점,3014066.6666666665,242.76
대구광역시,중구,202602,4010,편의점,1603530000,203253,155.0,국세청,가동사업자,10345354.838709677,1311.3096774193548
대구광역시,중구,202602,4020,슈퍼마켓,637890000,50684,91.0,국세청,가동사업자,7009780.21978022,556.967032967033
대구광역시,중구,202602,8005,중국음식,689920000,21946,102.0,LOCALDATA,식품인허가 영업점,6763921.568627451,215.15686274509804
대구광역시,중구,202602,8301,제과점,504670000,40334,156.0,LOCALDATA,식품인허가 영업점,3235064.1025641025,258.55128205128204
대구광역시,중구,202603,4010,편의점,1854630000,234974,155.0,국세청,가동사업자,11965354.838709677,1515.9612903225807
대구광역시,중구,202603,4020,슈퍼마켓,675820000,60369,100.0,국세청,가동사업자,6758200.0,603.69
대구광역시,중구,202603,8005,중국음식,766810000,25793,103.0,LOCALDATA,식품인허가 영업점,7444757.281553398,250.41747572815535
대구광역시,중구,202603,8301,제과점,531890000,46023,155.0,LOCALDATA,식품인허가 영업점,3431548.3870967743,296.9225806451613
대구광역시,중구,202604,4010,편의점,1644000000,224665,157.0,국세청,가동사업자,10471337.579617834,1430.9872611464968
대구광역시,중구,202604,4020,슈퍼마켓,607700000,53454,99.0,국세청,가동사업자,6138383.838383839,539.939393939394
대구광역시,중구,202604,8005,중국음식,624330000,21828,102.0,LOCALDATA,식품인허가 영업점,6120882.352941177,214.0
대구광역시,중구,202604,8301,제과점,476570000,42348,162.0,LOCALDATA,식품인허가 영업점,2941790.12345679,261.4074074074074
대구광역시,중구,202605,4010,편의점,1995400000,253878,157.0,국세청,가동사업자,12709554.140127389,1617.0573248407643
대구광역시,중구,202605,4020,슈퍼마켓,802830000,62297,102.0,국세청,가동사업자,7870882.352941177,610.7549019607843
대구광역시,중구,202605,8005,중국음식,719610000,25231,103.0,LOCALDATA,식품인허가 영업점,6986504.854368932,244.96116504854368
대구광역시,중구,202605,8301,제과점,597710000,49672,155.0,LOCALDATA,식품인허가 영업점,3856193.5483870967,320.46451612903223
대구광역시,중구,202606,4010,편의점,1871420000,233628,156.0,국세청,가동사업자,11996282.051282052,1497.6153846153845
대구광역시,중구,202606,4020,슈퍼마켓,727070000,60899,103.0,국세청,가동사업자,7058932.038834952,591.252427184466
대구광역시,중구,202606,8005,중국음식,577440000,20354,105.0,LOCALDATA,식품인허가 영업점,5499428.571428572,193.84761904761905
대구광역시,중구,202606,8301,제과점,466490000,40984,154.0,LOCALDATA,식품인허가 영업점,3029155.8441558443,266.12987012987014
대전광역시,대덕구,202601,4010,편의점,940090000,116135,165.0,국세청,가동사업자,5697515.151515151,703.8484848484849
대전광역시,대덕구,202601,4020,슈퍼마켓,1306430000,77362,101.0,국세청,가동사업자,12934950.495049505,765.960396039604
대전광역시,대덕구,202601,8005,중국음식,159780000,6682,78.0,LOCALDATA,식품인허가 영업점,2048461.5384615385,85.66666666666667
대전광역시,대덕구,202601,8301,제과점,152590000,13023,50.0,LOCALDATA,식품인허가 영업점,3051800.0,260.46
대전광역시,대덕구,202602,4010,편의점,878600000,106966,162.0,국세청,가동사업자,5423456.790123457,660.283950617284
대전광역시,대덕구,202602,4020,슈퍼마켓,1326870000,73976,100.0,국세청,가동사업자,13268700.0,739.76
대전광역시,대덕구,202602,8005,중국음식,153360000,6318,78.0,LOCALDATA,식품인허가 영업점,1966153.8461538462,81.0
대전광역시,대덕구,202602,8301,제과점,165420000,13206,50.0,LOCALDATA,식품인허가 영업점,3308400.0,264.12
대전광역시,대덕구,202603,4010,편의점,1015110000,130352,159.0,국세청,가동사업자,6384339.622641509,819.8238993710692
대전광역시,대덕구,202603,4020,슈퍼마켓,1320770000,80921,100.0,국세청,가동사업자,13207700.0,809.21
대전광역시,대덕구,202603,8005,중국음식,154620000,6770,78.0,LOCALDATA,식품인허가 영업점,1982307.6923076923,86.7948717948718
대전광역시,대덕구,202603,8301,제과점,170000000,14359,51.0,LOCALDATA,식품인허가 영업점,3333333.3333333335,281.54901960784315
대전광역시,대덕구,202604,4010,편의점,1016480000,133950,159.0,국세청,가동사업자,6392955.974842767,842.4528301886793
대전광역시,대덕구,202604,4020,슈퍼마켓,1327950000,82802,101.0,국세청,가동사업자,13148019.801980197,819.8217821782179
대전광역시,대덕구,202604,8005,중국음식,159370000,6839,77.0,LOCALDATA,식품인허가 영업점,2069740.2597402597,88.81818181818181
대전광역시,대덕구,202604,8301,제과점,184980000,15954,51.0,LOCALDATA,식품인허가 영업점,3627058.8235294116,312.8235294117647
대전광역시,대덕구,202605,4010,편의점,1100870000,139930,161.0,국세청,가동사업자,6837701.8633540375,869.1304347826087
대전광역시,대덕구,202605,4020,슈퍼마켓,1492280000,89466,101.0,국세청,가동사업자,14775049.504950495,885.8019801980198
대전광역시,대덕구,202605,8005,중국음식,178900000,7587,76.0,LOCALDATA,식품인허가 영업점,2353947.3684210526,99.82894736842105
대전광역시,대덕구,202605,8301,제과점,192770000,16163,51.0,LOCALDATA,식품인허가 영업점,3779803.9215686275,316.921568627451
대전광역시,대덕구,202606,4010,편의점,1062670000,138248,168.0,국세청,가동사업자,6325416.666666667,822.9047619047619
대전광역시,대덕구,202606,4020,슈퍼마켓,1379040000,85303,105.0,국세청,가동사업자,13133714.285714285,812.4095238095238
대전광역시,대덕구,202606,8005,중국음식,158030000,6796,76.0,LOCALDATA,식품인허가 영업점,2079342.105263158,89.42105263157895
대전광역시,대덕구,202606,8301,제과점,169610000,15100,53.0,LOCALDATA,식품인허가 영업점,3200188.679245283,284.9056603773585
대전광역시,동구,202601,4010,편의점,1506100000,193017,225.0,국세청,가동사업자,6693777.777777778,857.8533333333334
대전광역시,동구,202601,4020,슈퍼마켓,1674690000,102939,132.0,국세청,가동사업자,12687045.454545455,779.8409090909091
대전광역시,동구,202601,8005,중국음식,283090000,9894,93.0,LOCALDATA,식품인허가 영업점,3043978.494623656,106.38709677419355
대전광역시,동구,202601,8301,제과점,212560000,17841,87.0,LOCALDATA,식품인허가 영업점,2443218.3908045976,205.06896551724137
대전광역시,동구,202602,4010,편의점,1429040000,181632,227.0,국세청,가동사업자,6295330.3964757705,800.1409691629956
대전광역시,동구,202602,4020,슈퍼마켓,1703140000,98087,132.0,국세청,가동사업자,12902575.757575758,743.0833333333334
대전광역시,동구,202602,8005,중국음식,259720000,8944,94.0,LOCALDATA,식품인허가 영업점,2762978.723404255,95.14893617021276
대전광역시,동구,202602,8301,제과점,226140000,18006,87.0,LOCALDATA,식품인허가 영업점,2599310.3448275863,206.9655172413793
대전광역시,동구,202603,4010,편의점,1639290000,216859,226.0,국세청,가동사업자,7253495.575221239,959.5530973451328
대전광역시,동구,202603,4020,슈퍼마켓,1635230000,107682,130.0,국세청,가동사업자,12578692.307692308,828.3230769230769
대전광역시,동구,202603,8005,중국음식,281780000,10987,95.0,LOCALDATA,식품인허가 영업점,2966105.263157895,115.65263157894736
대전광역시,동구,202603,8301,제과점,245270000,20218,87.0,LOCALDATA,식품인허가 영업점,2819195.4022988505,232.39080459770116
대전광역시,동구,202604,4010,편의점,1624640000,225074,224.0,국세청,가동사업자,7252857.142857143,1004.7946428571429
대전광역시,동구,202604,4020,슈퍼마켓,1638410000,108072,130.0,국세청,가동사업자,12603153.846153846,831.3230769230769
대전광역시,동구,202604,8005,중국음식,271260000,10792,95.0,LOCALDATA,식품인허가 영업점,2855368.4210526315,113.6
대전광역시,동구,202604,8301,제과점,263450000,21717,86.0,LOCALDATA,식품인허가 영업점,3063372.093023256,252.52325581395348
대전광역시,동구,202605,4010,편의점,1832240000,240848,224.0,국세청,가동사업자,8179642.857142857,1075.2142857142858
대전광역시,동구,202605,4020,슈퍼마켓,1912790000,120658,128.0,국세청,가동사업자,14943671.875,942.640625
대전광역시,동구,202605,8005,중국음식,307920000,11885,95.0,LOCALDATA,식품인허가 영업점,3241263.1578947366,125.10526315789474
대전광역시,동구,202605,8301,제과점,258330000,22344,88.0,LOCALDATA,식품인허가 영업점,2935568.1818181816,253.9090909090909
대전광역시,동구,202606,4010,편의점,1737660000,232770,222.0,국세청,가동사업자,7827297.297297297,1048.5135135135135
대전광역시,동구,202606,4020,슈퍼마켓,1701020000,113364,127.0,국세청,가동사업자,13393858.267716536,892.6299212598425
대전광역시,동구,202606,8005,중국음식,262210000,10135,94.0,LOCALDATA,식품인허가 영업점,2789468.085106383,107.81914893617021
대전광역시,동구,202606,8301,제과점,247390000,20165,88.0,LOCALDATA,식품인허가 영업점,2811250.0,229.14772727272728
대전광역시,서구,202601,4010,편의점,2553130000,319748,453.0,국세청,가동사업자,5636048.565121413,705.8454746136865
대전광역시,서구,202601,4020,슈퍼마켓,1960300000,126179,182.0,국세청,가동사업자,10770879.120879121,693.2912087912088
대전광역시,서구,202601,8005,중국음식,533260000,18811,154.0,LOCALDATA,식품인허가 영업점,3462727.272727273,122.14935064935065
대전광역시,서구,202601,8301,제과점,572660000,43179,207.0,LOCALDATA,식품인허가 영업점,2766473.4299516906,208.59420289855072
대전광역시,서구,202602,4010,편의점,2361760000,289790,454.0,국세청,가동사업자,5202114.537444934,638.3039647577092
대전광역시,서구,202602,4020,슈퍼마켓,1896570000,116258,187.0,국세청,가동사업자,10142085.561497327,621.7005347593583
대전광역시,서구,202602,8005,중국음식,502340000,17216,155.0,LOCALDATA,식품인허가 영업점,3240903.2258064514,111.07096774193549
대전광역시,서구,202602,8301,제과점,574560000,41572,206.0,LOCALDATA,식품인허가 영업점,2789126.213592233,201.80582524271844
대전광역시,서구,202603,4010,편의점,2751600000,343155,455.0,국세청,가동사업자,6047472.527472528,754.1868131868132
대전광역시,서구,202603,4020,슈퍼마켓,1854150000,127366,188.0,국세청,가동사업자,9862500.0,677.4787234042553
대전광역시,서구,202603,8005,중국음식,509350000,18624,155.0,LOCALDATA,식품인허가 영업점,3286129.0322580645,120.15483870967742
대전광역시,서구,202603,8301,제과점,611270000,47286,212.0,LOCALDATA,식품인허가 영업점,2883349.0566037735,223.04716981132074
대전광역시,서구,202604,4010,편의점,2652680000,353088,456.0,국세청,가동사업자,5817280.701754386,774.3157894736842
대전광역시,서구,202604,4020,슈퍼마켓,1884450000,131726,187.0,국세청,가동사업자,10077272.727272727,704.4171122994652
대전광역시,서구,202604,8005,중국음식,477340000,17966,157.0,LOCALDATA,식품인허가 영업점,3040382.1656050957,114.43312101910828
대전광역시,서구,202604,8301,제과점,575760000,49007,210.0,LOCALDATA,식품인허가 영업점,2741714.285714286,233.36666666666667
대전광역시,서구,202605,4010,편의점,2859570000,365911,448.0,국세청,가동사업자,6382968.75,816.765625
대전광역시,서구,202605,4020,슈퍼마켓,2080830000,139143,186.0,국세청,가동사업자,11187258.064516129,748.0806451612904
대전광역시,서구,202605,8005,중국음식,544880000,19709,160.0,LOCALDATA,식품인허가 영업점,3405500.0,123.18125
대전광역시,서구,202605,8301,제과점,634080000,49863,213.0,LOCALDATA,식품인허가 영업점,2976901.408450704,234.09859154929578
대전광역시,서구,202606,4010,편의점,2797330000,363029,451.0,국세청,가동사업자,6202505.54323725,804.9423503325943
대전광역시,서구,202606,4020,슈퍼마켓,1965870000,134599,188.0,국세청,가동사업자,10456755.319148935,715.9521276595744
대전광역시,서구,202606,8005,중국음식,473760000,17923,160.0,LOCALDATA,식품인허가 영업점,2961000.0,112.01875
대전광역시,서구,202606,8301,제과점,551070000,46141,216.0,LOCALDATA,식품인허가 영업점,2551250.0,213.61574074074073
대전광역시,유성구,202601,4010,편의점,2019740000,254622,387.0,국세청,가동사업자,5218966.408268734,657.937984496124
대전광역시,유성구,202601,4020,슈퍼마켓,1494300000,78730,156.0,국세청,가동사업자,9578846.153846154,504.6794871794872
대전광역시,유성구,202601,8005,중국음식,501850000,16964,152.0,LOCALDATA,식품인허가 영업점,3301644.736842105,111.60526315789474
대전광역시,유성구,202601,8301,제과점,473690000,38018,174.0,LOCALDATA,식품인허가 영업점,2722356.3218390807,218.49425287356323
대전광역시,유성구,202602,4010,편의점,1823140000,227208,385.0,국세청,가동사업자,4735428.571428572,590.1506493506494
대전광역시,유성구,202602,4020,슈퍼마켓,1419100000,70634,157.0,국세청,가동사업자,9038853.503184713,449.8980891719745
대전광역시,유성구,202602,8005,중국음식,453850000,15098,154.0,LOCALDATA,식품인허가 영업점,2947077.922077922,98.03896103896103
대전광역시,유성구,202602,8301,제과점,462160000,34594,175.0,LOCALDATA,식품인허가 영업점,2640914.285714286,197.68
대전광역시,유성구,202603,4010,편의점,2213640000,285809,384.0,국세청,가동사업자,5764687.5,744.2942708333334
대전광역시,유성구,202603,4020,슈퍼마켓,1399570000,77897,157.0,국세청,가동사업자,8914458.598726114,496.1592356687898
대전광역시,유성구,202603,8005,중국음식,501010000,18301,150.0,LOCALDATA,식품인허가 영업점,3340066.6666666665,122.00666666666666
대전광역시,유성구,202603,8301,제과점,509970000,41036,175.0,LOCALDATA,식품인허가 영업점,2914114.285714286,234.49142857142857
대전광역시,유성구,202604,4010,편의점,2193700000,300697,385.0,국세청,가동사업자,5697922.077922078,781.0311688311689
대전광역시,유성구,202604,4020,슈퍼마켓,1425210000,80087,159.0,국세청,가동사업자,8963584.905660378,503.69182389937106
대전광역시,유성구,202604,8005,중국음식,487900000,17999,150.0,LOCALDATA,식품인허가 영업점,3252666.6666666665,119.99333333333334
대전광역시,유성구,202604,8301,제과점,518330000,44659,180.0,LOCALDATA,식품인허가 영업점,2879611.111111111,248.10555555555555
대전광역시,유성구,202605,4010,편의점,2364220000,309463,383.0,국세청,가동사업자,6172898.17232376,807.9973890339426
대전광역시,유성구,202605,4020,슈퍼마켓,1476900000,82266,158.0,국세청,가동사업자,9347468.35443038,520.6708860759494
대전광역시,유성구,202605,8005,중국음식,534520000,18926,151.0,LOCALDATA,식품인허가 영업점,3539867.549668874,125.33774834437087
대전광역시,유성구,202605,8301,제과점,534970000,43625,180.0,LOCALDATA,식품인허가 영업점,2972055.5555555555,242.36111111111111
대전광역시,유성구,202606,4010,편의점,2270550000,303458,384.0,국세청,가동사업자,5912890.625,790.2552083333334
대전광역시,유성구,202606,4020,슈퍼마켓,1407160000,79957,157.0,국세청,가동사업자,8962802.547770701,509.28025477707007
대전광역시,유성구,202606,8005,중국음식,463070000,17024,151.0,LOCALDATA,식품인허가 영업점,3066688.741721854,112.74172185430463
대전광역시,유성구,202606,8301,제과점,477630000,41325,183.0,LOCALDATA,식품인허가 영업점,2610000.0,225.81967213114754
대전광역시,중구,202601,4010,편의점,1261640000,157203,208.0,국세청,가동사업자,6065576.923076923,755.7836538461538
대전광역시,중구,202601,4020,슈퍼마켓,1352990000,86482,114.0,국세청,가동사업자,11868333.333333334,758.6140350877193
대전광역시,중구,202601,8005,중국음식,321300000,12101,101.0,LOCALDATA,식품인허가 영업점,3181188.118811881,119.81188118811882
대전광역시,중구,202601,8301,제과점,2600590000,89998,87.0,LOCALDATA,식품인허가 영업점,29891839.08045977,1034.4597701149426
대전광역시,중구,202602,4010,편의점,1183240000,145931,210.0,국세청,가동사업자,5634476.19047619,694.9095238095238
대전광역시,중구,202602,4020,슈퍼마켓,1375160000,81836,114.0,국세청,가동사업자,12062807.01754386,717.859649122807
대전광역시,중구,202602,8005,중국음식,295750000,11139,102.0,LOCALDATA,식품인허가 영업점,2899509.8039215687,109.20588235294117
대전광역시,중구,202602,8301,제과점,2452380000,84987,84.0,LOCALDATA,식품인허가 영업점,29195000.0,1011.75
대전광역시,중구,202603,4010,편의점,1350680000,170501,210.0,국세청,가동사업자,6431809.523809524,811.9095238095238
대전광역시,중구,202603,4020,슈퍼마켓,1343880000,90760,113.0,국세청,가동사업자,11892743.362831859,803.1858407079646
대전광역시,중구,202603,8005,중국음식,308350000,12376,101.0,LOCALDATA,식품인허가 영업점,3052970.297029703,122.53465346534654
대전광역시,중구,202603,8301,제과점,2170520000,85991,84.0,LOCALDATA,식품인허가 영업점,25839523.80952381,1023.702380952381
대전광역시,중구,202604,4010,편의점,1357510000,178441,209.0,국세청,가동사업자,6495263.157894737,853.7846889952153
대전광역시,중구,202604,4020,슈퍼마켓,1357370000,92784,114.0,국세청,가동사업자,11906754.385964911,813.8947368421053
대전광역시,중구,202604,8005,중국음식,295400000,11971,101.0,LOCALDATA,식품인허가 영업점,2924752.4752475247,118.52475247524752
대전광역시,중구,202604,8301,제과점,2058230000,84550,83.0,LOCALDATA,식품인허가 영업점,24797951.807228915,1018.6746987951807
대전광역시,중구,202605,4010,편의점,1504600000,191802,208.0,국세청,가동사업자,7233653.846153846,922.125
대전광역시,중구,202605,4020,슈퍼마켓,1572760000,102178,113.0,국세청,가동사업자,13918230.088495575,904.2300884955753
대전광역시,중구,202605,8005,중국음식,354580000,13618,101.0,LOCALDATA,식품인허가 영업점,3510693.0693069305,134.83168316831683
대전광역시,중구,202605,8301,제과점,2339360000,91643,85.0,LOCALDATA,식품인허가 영업점,27521882.352941178,1078.1529411764707
대전광역시,중구,202606,4010,편의점,1418300000,185016,209.0,국세청,가동사업자,6786124.401913876,885.244019138756
대전광역시,중구,202606,4020,슈퍼마켓,1429220000,96669,111.0,국세청,가동사업자,12875855.855855856,870.8918918918919
대전광역시,중구,202606,8005,중국음식,344470000,12634,101.0,LOCALDATA,식품인허가 영업점,3410594.0594059406,125.08910891089108
대전광역시,중구,202606,8301,제과점,2081940000,86469,84.0,LOCALDATA,식품인허가 영업점,24785000.0,1029.392857142857
부산광역시,강서구,202601,4010,편의점,1889420000,229371,193.0,국세청,가동사업자,9789740.932642488,1188.4507772020725
부산광역시,강서구,202601,4020,슈퍼마켓,1818140000,87597,82.0,국세청,가동사업자,22172439.024390243,1068.2560975609756
부산광역시,강서구,202601,8005,중국음식,351650000,13634,83.0,LOCALDATA,식품인허가 영업점,4236746.987951808,164.26506024096386
부산광역시,강서구,202601,8301,제과점,244520000,21047,48.0,LOCALDATA,식품인허가 영업점,5094166.666666667,438.4791666666667
부산광역시,강서구,202602,4010,편의점,1762260000,212357,193.0,국세청,가동사업자,9130880.829015544,1100.2953367875648
부산광역시,강서구,202602,4020,슈퍼마켓,1678620000,79426,81.0,국세청,가동사업자,20723703.703703705,980.5679012345679
부산광역시,강서구,202602,8005,중국음식,339320000,12843,84.0,LOCALDATA,식품인허가 영업점,4039523.8095238097,152.89285714285714
부산광역시,강서구,202602,8301,제과점,245500000,20492,47.0,LOCALDATA,식품인허가 영업점,5223404.255319149,436.0
부산광역시,강서구,202603,4010,편의점,1993280000,243786,193.0,국세청,가동사업자,10327875.647668393,1263.139896373057
부산광역시,강서구,202603,4020,슈퍼마켓,1696430000,87049,79.0,국세청,가동사업자,21473797.46835443,1101.886075949367
부산광역시,강서구,202603,8005,중국음식,349730000,14127,83.0,LOCALDATA,식품인허가 영업점,4213614.457831325,170.20481927710844
부산광역시,강서구,202603,8301,제과점,279170000,23944,48.0,LOCALDATA,식품인허가 영업점,5816041.666666667,498.8333333333333
부산광역시,강서구,202604,4010,편의점,2011440000,251276,195.0,국세청,가동사업자,10315076.923076924,1288.5948717948718
부산광역시,강서구,202604,4020,슈퍼마켓,1493120000,78487,81.0,국세청,가동사업자,18433580.246913582,968.9753086419753
부산광역시,강서구,202604,8005,중국음식,351330000,14292,83.0,LOCALDATA,식품인허가 영업점,4232891.566265061,172.19277108433735
부산광역시,강서구,202604,8301,제과점,267540000,24770,48.0,LOCALDATA,식품인허가 영업점,5573750.0,516.0416666666666
부산광역시,강서구,202605,4010,편의점,2295700000,274814,197.0,국세청,가동사업자,11653299.492385786,1394.9949238578681
부산광역시,강서구,202605,4020,슈퍼마켓,1596380000,81347,82.0,국세청,가동사업자,19468048.780487806,992.0365853658536
부산광역시,강서구,202605,8005,중국음식,402120000,15711,83.0,LOCALDATA,식품인허가 영업점,4844819.277108434,189.289156626506
부산광역시,강서구,202605,8301,제과점,301760000,26759,49.0,LOCALDATA,식품인허가 영업점,6158367.346938776,546.1020408163265
부산광역시,강서구,202606,4010,편의점,2195850000,271590,196.0,국세청,가동사업자,11203316.326530613,1385.6632653061224
부산광역시,강서구,202606,4020,슈퍼마켓,1610180000,85602,83.0,국세청,가동사업자,19399759.036144577,1031.3493975903614
부산광역시,강서구,202606,8005,중국음식,340820000,14666,84.0,LOCALDATA,식품인허가 영업점,4057380.9523809524,174.5952380952381
부산광역시,강서구,202606,8301,제과점,259690000,24729,47.0,LOCALDATA,식품인허가 영업점,5525319.14893617,526.1489361702128
부산광역시,금정구,202601,4010,편의점,1760510000,252814,183.0,국세청,가동사업자,9620273.224043716,1381.4972677595629
부산광역시,금정구,202601,4020,슈퍼마켓,1680710000,129974,100.0,국세청,가동사업자,16807100.0,1299.74
부산광역시,금정구,202601,8005,중국음식,385750000,15276,110.0,LOCALDATA,식품인허가 영업점,3506818.1818181816,138.87272727272727
부산광역시,금정구,202601,8301,제과점,630380000,50723,82.0,LOCALDATA,식품인허가 영업점,7687560.975609756,618.5731707317074
부산광역시,금정구,202602,4010,편의점,1637610000,229827,181.0,국세청,가동사업자,9047569.06077348,1269.7624309392265
부산광역시,금정구,202602,4020,슈퍼마켓,1519300000,115301,99.0,국세청,가동사업자,15346464.646464646,1164.6565656565656
부산광역시,금정구,202602,8005,중국음식,361370000,13785,110.0,LOCALDATA,식품인허가 영업점,3285181.8181818184,125.31818181818181
부산광역시,금정구,202602,8301,제과점,639590000,47574,82.0,LOCALDATA,식품인허가 영업점,7799878.048780488,580.170731707317
부산광역시,금정구,202603,4010,편의점,2059860000,307351,180.0,국세청,가동사업자,11443666.666666666,1707.5055555555555
부산광역시,금정구,202603,4020,슈퍼마켓,1535280000,129309,98.0,국세청,가동사업자,15666122.448979592,1319.4795918367347
부산광역시,금정구,202603,8005,중국음식,409470000,17332,110.0,LOCALDATA,식품인허가 영업점,3722454.5454545454,157.56363636363636
부산광역시,금정구,202603,8301,제과점,666000000,56435,82.0,LOCALDATA,식품인허가 영업점,8121951.219512195,688.2317073170732
부산광역시,금정구,202604,4010,편의점,2091080000,326936,181.0,국세청,가동사업자,11552928.17679558,1806.2762430939226
부산광역시,금정구,202604,4020,슈퍼마켓,1587870000,129592,99.0,국세청,가동사업자,16039090.909090908,1309.010101010101
부산광역시,금정구,202604,8005,중국음식,393040000,17100,111.0,LOCALDATA,식품인허가 영업점,3540900.900900901,154.05405405405406
부산광역시,금정구,202604,8301,제과점,649310000,56575,82.0,LOCALDATA,식품인허가 영업점,7918414.634146341,689.939024390244
부산광역시,금정구,202605,4010,편의점,2460890000,356575,181.0,국세청,가동사업자,13596077.348066298,1970.0276243093922
부산광역시,금정구,202605,4020,슈퍼마켓,2401790000,175405,101.0,국세청,가동사업자,23780099.00990099,1736.6831683168316
부산광역시,금정구,202605,8005,중국음식,486460000,20280,111.0,LOCALDATA,식품인허가 영업점,4382522.522522522,182.7027027027027
부산광역시,금정구,202605,8301,제과점,761760000,63265,82.0,LOCALDATA,식품인허가 영업점,9289756.097560976,771.5243902439024
부산광역시,금정구,202606,4010,편의점,2272950000,341064,182.0,국세청,가동사업자,12488736.263736263,1873.978021978022
부산광역시,금정구,202606,4020,슈퍼마켓,1995500000,162544,101.0,국세청,가동사업자,19757425.742574256,1609.3465346534654
부산광역시,금정구,202606,8005,중국음식,393720000,17382,112.0,LOCALDATA,식품인허가 영업점,3515357.1428571427,155.19642857142858
부산광역시,금정구,202606,8301,제과점,636040000,57654,83.0,LOCALDATA,식품인허가 영업점,7663132.530120482,694.6265060240963
부산광역시,기장군,202601,4010,편의점,1580670000,185117,176.0,국세청,가동사업자,8981079.545454545,1051.8011363636363
부산광역시,기장군,202601,4020,슈퍼마켓,1287760000,84547,94.0,국세청,가동사업자,13699574.468085106,899.436170212766
부산광역시,기장군,202601,8005,중국음식,390340000,13658,81.0,LOCALDATA,식품인허가 영업점,4819012.345679012,168.6172839506173
부산광역시,기장군,202601,8301,제과점,239530000,18539,53.0,LOCALDATA,식품인허가 영업점,4519433.962264151,349.79245283018867
부산광역시,기장군,202602,4010,편의점,1478300000,170882,175.0,국세청,가동사업자,8447428.57142857,976.4685714285714
부산광역시,기장군,202602,4020,슈퍼마켓,1200740000,77227,94.0,국세청,가동사업자,12773829.787234042,821.563829787234
부산광역시,기장군,202602,8005,중국음식,380970000,12700,80.0,LOCALDATA,식품인허가 영업점,4762125.0,158.75
부산광역시,기장군,202602,8301,제과점,247690000,18131,53.0,LOCALDATA,식품인허가 영업점,4673396.226415094,342.0943396226415
부산광역시,기장군,202603,4010,편의점,1626640000,189446,175.0,국세청,가동사업자,9295085.714285715,1082.5485714285714
부산광역시,기장군,202603,4020,슈퍼마켓,1236480000,85935,98.0,국세청,가동사업자,12617142.857142856,876.8877551020408
부산광역시,기장군,202603,8005,중국음식,372470000,13361,78.0,LOCALDATA,식품인허가 영업점,4775256.41025641,171.2948717948718
부산광역시,기장군,202603,8301,제과점,277390000,20160,52.0,LOCALDATA,식품인허가 영업점,5334423.076923077,387.6923076923077
부산광역시,기장군,202604,4010,편의점,1660020000,200201,176.0,국세청,가동사업자,9431931.818181818,1137.5056818181818
부산광역시,기장군,202604,4020,슈퍼마켓,1263560000,86081,96.0,국세청,가동사업자,13162083.333333334,896.6770833333334
부산광역시,기장군,202604,8005,중국음식,350540000,12752,78.0,LOCALDATA,식품인허가 영업점,4494102.564102564,163.48717948717947
부산광역시,기장군,202604,8301,제과점,265090000,21476,52.0,LOCALDATA,식품인허가 영업점,5097884.615384615,413.0
부산광역시,기장군,202605,4010,편의점,2070550000,236832,176.0,국세청,가동사업자,11764488.636363637,1345.6363636363637
부산광역시,기장군,202605,4020,슈퍼마켓,1738410000,108716,96.0,국세청,가동사업자,18108437.5,1132.4583333333333
부산광역시,기장군,202605,8005,중국음식,477120000,16718,77.0,LOCALDATA,식품인허가 영업점,6196363.636363637,217.11688311688312
부산광역시,기장군,202605,8301,제과점,333410000,24945,51.0,LOCALDATA,식품인허가 영업점,6537450.980392157,489.11764705882354
부산광역시,기장군,202606,4010,편의점,1901740000,224490,176.0,국세청,가동사업자,10805340.909090908,1275.5113636363637
부산광역시,기장군,202606,4020,슈퍼마켓,1651790000,108122,93.0,국세청,가동사업자,17761182.795698926,1162.6021505376343
부산광역시,기장군,202606,8005,중국음식,389260000,14457,77.0,LOCALDATA,식품인허가 영업점,5055324.675324676,187.75324675324674
부산광역시,기장군,202606,8301,제과점,276120000,22754,52.0,LOCALDATA,식품인허가 영업점,5310000.0,437.5769230769231
부산광역시,남구,202601,4010,편의점,2136590000,300877,193.0,국세청,가동사업자,11070414.507772021,1558.9481865284974
부산광역시,남구,202601,4020,슈퍼마켓,3073730000,193088,115.0,국세청,가동사업자,26728086.95652174,1679.0260869565218
부산광역시,남구,202601,8005,중국음식,522260000,19065,117.0,LOCALDATA,식품인허가 영업점,4463760.683760684,162.94871794871796
부산광역시,남구,202601,8301,제과점,608890000,50195,79.0,LOCALDATA,식품인허가 영업점,7707468.354430379,635.379746835443
부산광역시,남구,202602,4010,편의점,1994040000,273076,194.0,국세청,가동사업자,10278556.701030929,1407.6082474226805
부산광역시,남구,202602,4020,슈퍼마켓,3021090000,181844,106.0,국세청,가동사업자,28500849.056603774,1715.5094339622642
부산광역시,남구,202602,8005,중국음식,515860000,17690,117.0,LOCALDATA,식품인허가 영업점,4409059.829059829,151.1965811965812
부산광역시,남구,202602,8301,제과점,607180000,46898,79.0,LOCALDATA,식품인허가 영업점,7685822.784810127,593.6455696202531
부산광역시,남구,202603,4010,편의점,2450340000,361027,194.0,국세청,가동사업자,12630618.55670103,1860.9639175257732
부산광역시,남구,202603,4020,슈퍼마켓,3130170000,212472,106.0,국세청,가동사업자,29529905.660377357,2004.4528301886792
부산광역시,남구,202603,8005,중국음식,571510000,21881,117.0,LOCALDATA,식품인허가 영업점,4884700.854700855,187.01709401709402
부산광역시,남구,202603,8301,제과점,670190000,57067,80.0,LOCALDATA,식품인허가 영업점,8377375.0,713.3375
부산광역시,남구,202604,4010,편의점,2471660000,380000,196.0,국세청,가동사업자,12610510.204081632,1938.7755102040817
부산광역시,남구,202604,4020,슈퍼마켓,2977990000,206513,106.0,국세청,가동사업자,28094245.28301887,1948.2358490566037
부산광역시,남구,202604,8005,중국음식,529700000,21183,116.0,LOCALDATA,식품인허가 영업점,4566379.310344827,182.61206896551724
부산광역시,남구,202604,8301,제과점,653630000,57930,81.0,LOCALDATA,식품인허가 영업점,8069506.1728395065,715.1851851851852
부산광역시,남구,202605,4010,편의점,2890710000,405976,195.0,국세청,가동사업자,14824153.846153846,2081.9282051282053
부산광역시,남구,202605,4020,슈퍼마켓,3736900000,238972,108.0,국세청,가동사업자,34600925.925925925,2212.703703703704
부산광역시,남구,202605,8005,중국음식,652100000,24640,116.0,LOCALDATA,식품인허가 영업점,5621551.724137931,212.41379310344828
부산광역시,남구,202605,8301,제과점,777240000,64968,82.0,LOCALDATA,식품인허가 영업점,9478536.585365854,792.2926829268292
부산광역시,남구,202606,4010,편의점,2743590000,400558,192.0,국세청,가동사업자,14289531.25,2086.2395833333335
부산광역시,남구,202606,4020,슈퍼마켓,3491700000,234340,107.0,국세청,가동사업자,32632710.28037383,2190.0934579439254
부산광역시,남구,202606,8005,중국음식,535680000,21213,114.0,LOCALDATA,식품인허가 영업점,4698947.368421053,186.07894736842104
부산광역시,남구,202606,8301,제과점,679810000,61968,81.0,LOCALDATA,식품인허가 영업점,8392716.049382716,765.0370370370371
부산광역시,동구,202601,4010,편의점,1934890000,238021,97.0,국세청,가동사업자,19947319.587628867,2453.824742268041
부산광역시,동구,202601,4020,슈퍼마켓,816850000,65870,67.0,국세청,가동사업자,12191791.04477612,983.1343283582089
부산광역시,동구,202601,8005,중국음식,536020000,13706,74.0,LOCALDATA,식품인허가 영업점,7243513.513513514,185.21621621621622
부산광역시,동구,202601,8301,제과점,306980000,25654,52.0,LOCALDATA,식품인허가 영업점,5903461.538461538,493.34615384615387
부산광역시,동구,202602,4010,편의점,1876630000,225832,91.0,국세청,가동사업자,20622307.692307692,2481.6703296703295
부산광역시,동구,202602,4020,슈퍼마켓,784390000,61313,68.0,국세청,가동사업자,11535147.05882353,901.6617647058823
부산광역시,동구,202602,8005,중국음식,525550000,12837,74.0,LOCALDATA,식품인허가 영업점,7102027.027027027,173.47297297297297
부산광역시,동구,202602,8301,제과점,286830000,22932,51.0,LOCALDATA,식품인허가 영업점,5624117.647058823,449.6470588235294
부산광역시,동구,202603,4010,편의점,1887570000,237486,90.0,국세청,가동사업자,20973000.0,2638.733333333333
부산광역시,동구,202603,4020,슈퍼마켓,808590000,69267,70.0,국세청,가동사업자,11551285.714285715,989.5285714285715
부산광역시,동구,202603,8005,중국음식,506360000,13543,75.0,LOCALDATA,식품인허가 영업점,6751466.666666667,180.57333333333332
부산광역시,동구,202603,8301,제과점,304490000,26787,52.0,LOCALDATA,식품인허가 영업점,5855576.923076923,515.1346153846154
부산광역시,동구,202604,4010,편의점,1909080000,242704,90.0,국세청,가동사업자,21212000.0,2696.711111111111
부산광역시,동구,202604,4020,슈퍼마켓,866360000,71045,68.0,국세청,가동사업자,12740588.235294119,1044.7794117647059
부산광역시,동구,202604,8005,중국음식,464370000,12869,75.0,LOCALDATA,식품인허가 영업점,6191600.0,171.58666666666667
부산광역시,동구,202604,8301,제과점,314970000,28679,53.0,LOCALDATA,식품인허가 영업점,5942830.188679245,541.1132075471698
부산광역시,동구,202605,4010,편의점,2307900000,282776,91.0,국세청,가동사업자,25361538.46153846,3107.4285714285716
부산광역시,동구,202605,4020,슈퍼마켓,1315580000,94566,66.0,국세청,가동사업자,19933030.303030305,1432.8181818181818
부산광역시,동구,202605,8005,중국음식,578540000,16274,75.0,LOCALDATA,식품인허가 영업점,7713866.666666667,216.98666666666668
부산광역시,동구,202605,8301,제과점,387120000,33567,53.0,LOCALDATA,식품인허가 영업점,7304150.9433962265,633.3396226415094
부산광역시,동구,202606,4010,편의점,2090530000,262648,93.0,국세청,가동사업자,22478817.204301074,2824.1720430107525
부산광역시,동구,202606,4020,슈퍼마켓,1034870000,83384,65.0,국세청,가동사업자,15921076.923076924,1282.8307692307692
부산광역시,동구,202606,8005,중국음식,499060000,14329,75.0,LOCALDATA,식품인허가 영업점,6654133.333333333,191.05333333333334
부산광역시,동구,202606,8301,제과점,334290000,31779,54.0,LOCALDATA,식품인허가 영업점,6190555.555555556,588.5
부산광역시,동래구,202601,4010,편의점,2043240000,289759,196.0,국세청,가동사업자,10424693.877551021,1478.3622448979593
부산광역시,동래구,202601,4020,슈퍼마켓,2178010000,159915,94.0,국세청,가동사업자,23170319.14893617,1701.223404255319
부산광역시,동래구,202601,8005,중국음식,645860000,22760,117.0,LOCALDATA,식품인허가 영업점,5520170.94017094,194.52991452991452
부산광역시,동래구,202601,8301,제과점,750720000,61122,104.0,LOCALDATA,식품인허가 영업점,7218461.538461538,587.7115384615385
부산광역시,동래구,202602,4010,편의점,1940630000,267927,196.0,국세청,가동사업자,9901173.469387755,1366.9744897959183
부산광역시,동래구,202602,4020,슈퍼마켓,2090010000,148695,93.0,국세청,가동사업자,22473225.80645161,1598.8709677419354
부산광역시,동래구,202602,8005,중국음식,630850000,20878,117.0,LOCALDATA,식품인허가 영업점,5391880.341880342,178.44444444444446
부산광역시,동래구,202602,8301,제과점,767370000,57927,103.0,LOCALDATA,식품인허가 영업점,7450194.174757281,562.3980582524272
부산광역시,동래구,202603,4010,편의점,2194320000,308830,198.0,국세청,가동사업자,11082424.242424242,1559.7474747474748
부산광역시,동래구,202603,4020,슈퍼마켓,2156880000,166323,93.0,국세청,가동사업자,23192258.06451613,1788.4193548387098
부산광역시,동래구,202603,8005,중국음식,631970000,22856,117.0,LOCALDATA,식품인허가 영업점,5401452.991452991,195.35042735042734
부산광역시,동래구,202603,8301,제과점,805440000,66856,105.0,LOCALDATA,식품인허가 영업점,7670857.142857143,636.7238095238096
부산광역시,동래구,202604,4010,편의점,2301160000,329304,195.0,국세청,가동사업자,11800820.512820512,1688.7384615384615
부산광역시,동래구,202604,4020,슈퍼마켓,2179770000,167399,92.0,국세청,가동사업자,23693152.173913043,1819.554347826087
부산광역시,동래구,202604,8005,중국음식,616020000,22685,119.0,LOCALDATA,식품인허가 영업점,5176638.655462185,190.63025210084032
부산광역시,동래구,202604,8301,제과점,789010000,68723,104.0,LOCALDATA,식품인허가 영업점,7586634.615384615,660.7980769230769
부산광역시,동래구,202605,4010,편의점,2750590000,372404,192.0,국세청,가동사업자,14325989.583333334,1939.6041666666667
부산광역시,동래구,202605,4020,슈퍼마켓,2844870000,205622,93.0,국세청,가동사업자,30590000.0,2210.989247311828
부산광역시,동래구,202605,8005,중국음식,777080000,27800,119.0,LOCALDATA,식품인허가 영업점,6530084.033613445,233.61344537815125
부산광역시,동래구,202605,8301,제과점,928870000,76240,104.0,LOCALDATA,식품인허가 영업점,8931442.307692308,733.0769230769231
부산광역시,동래구,202606,4010,편의점,2565760000,359471,194.0,국세청,가동사업자,13225567.010309279,1852.9432989690722
부산광역시,동래구,202606,4020,슈퍼마켓,2542430000,195955,93.0,국세청,가동사업자,27337956.98924731,2107.043010752688
부산광역시,동래구,202606,8005,중국음식,658070000,24370,120.0,LOCALDATA,식품인허가 영업점,5483916.666666667,203.08333333333334
부산광역시,동래구,202606,8301,제과점,781470000,69418,105.0,LOCALDATA,식품인허가 영업점,7442571.428571428,661.1238095238095
부산광역시,부산진구,202601,4010,편의점,4521970000,633050,371.0,국세청,가동사업자,12188598.382749327,1706.33423180593
부산광역시,부산진구,202601,4020,슈퍼마켓,3374510000,245262,166.0,국세청,가동사업자,20328373.493975904,1477.4819277108434
부산광역시,부산진구,202601,8005,중국음식,993510000,37311,220.0,LOCALDATA,식품인허가 영업점,4515954.545454546,169.59545454545454
부산광역시,부산진구,202601,8301,제과점,1064970000,96215,134.0,LOCALDATA,식품인허가 영업점,7947537.313432836,718.0223880597015
부산광역시,부산진구,202602,4010,편의점,4268210000,583349,375.0,국세청,가동사업자,11381893.333333334,1555.5973333333334
부산광역시,부산진구,202602,4020,슈퍼마켓,3276540000,229737,171.0,국세청,가동사업자,19161052.63157895,1343.4912280701753
부산광역시,부산진구,202602,8005,중국음식,950640000,34637,217.0,LOCALDATA,식품인허가 영업점,4380829.493087557,159.61751152073734
부산광역시,부산진구,202602,8301,제과점,1041540000,89504,136.0,LOCALDATA,식품인허가 영업점,7658382.352941177,658.1176470588235
부산광역시,부산진구,202603,4010,편의점,4873950000,687070,378.0,국세청,가동사업자,12894047.61904762,1817.6455026455026
부산광역시,부산진구,202603,4020,슈퍼마켓,3372910000,259402,170.0,국세청,가동사업자,19840647.05882353,1525.894117647059
부산광역시,부산진구,202603,8005,중국음식,962040000,37581,219.0,LOCALDATA,식품인허가 영업점,4392876.712328767,171.6027397260274
부산광역시,부산진구,202603,8301,제과점,1177640000,106753,140.0,LOCALDATA,식품인허가 영업점,8411714.285714285,762.5214285714286
부산광역시,부산진구,202604,4010,편의점,4826760000,702648,377.0,국세청,가동사업자,12803076.923076924,1863.787798408488
부산광역시,부산진구,202604,4020,슈퍼마켓,3412020000,257003,167.0,국세청,가동사업자,20431257.48502994,1538.940119760479
부산광역시,부산진구,202604,8005,중국음식,1010000000,40022,219.0,LOCALDATA,식품인허가 영업점,4611872.146118722,182.74885844748857
부산광역시,부산진구,202604,8301,제과점,1156220000,109809,143.0,LOCALDATA,식품인허가 영업점,8085454.545454546,767.8951048951049
부산광역시,부산진구,202605,4010,편의점,5843530000,801197,379.0,국세청,가동사업자,15418284.960422164,2113.976253298153
부산광역시,부산진구,202605,4020,슈퍼마켓,4580580000,315250,166.0,국세청,가동사업자,27593855.421686746,1899.0963855421687
부산광역시,부산진구,202605,8005,중국음식,1270660000,48525,218.0,LOCALDATA,식품인허가 영업점,5828715.596330275,222.59174311926606
부산광역시,부산진구,202605,8301,제과점,1412620000,129091,142.0,LOCALDATA,식품인허가 영업점,9948028.169014085,909.0915492957746
부산광역시,부산진구,202606,4010,편의점,5392060000,757801,379.0,국세청,가동사업자,14227071.240105541,1999.4749340369392
부산광역시,부산진구,202606,4020,슈퍼마켓,4045110000,302544,170.0,국세청,가동사업자,23794764.70588235,1779.6705882352942
부산광역시,부산진구,202606,8005,중국음식,1048340000,41669,218.0,LOCALDATA,식품인허가 영업점,4808899.0825688075,191.1422018348624
부산광역시,부산진구,202606,8301,제과점,1220310000,120632,144.0,LOCALDATA,식품인허가 영업점,8474375.0,837.7222222222222
부산광역시,북구,202601,4010,편의점,1734720000,229006,150.0,국세청,가동사업자,11564800.0,1526.7066666666667
부산광역시,북구,202601,4020,슈퍼마켓,2130770000,151883,114.0,국세청,가동사업자,18690964.9122807,1332.3070175438597
부산광역시,북구,202601,8005,중국음식,362970000,13586,112.0,LOCALDATA,식품인허가 영업점,3240803.5714285714,121.30357142857143
부산광역시,북구,202601,8301,제과점,566090000,48658,73.0,LOCALDATA,식품인허가 영업점,7754657.534246575,666.5479452054794
부산광역시,북구,202602,4010,편의점,1627970000,214138,152.0,국세청,가동사업자,10710328.94736842,1408.8026315789473
부산광역시,북구,202602,4020,슈퍼마켓,2042440000,141829,111.0,국세청,가동사업자,18400360.36036036,1277.7387387387387
부산광역시,북구,202602,8005,중국음식,356440000,12728,112.0,LOCALDATA,식품인허가 영업점,3182500.0,113.64285714285714
부산광역시,북구,202602,8301,제과점,561160000,45699,71.0,LOCALDATA,식품인허가 영업점,7903661.9718309855,643.6478873239437
부산광역시,북구,202603,4010,편의점,1819860000,246188,150.0,국세청,가동사업자,12132400.0,1641.2533333333333
부산광역시,북구,202603,4020,슈퍼마켓,2034810000,157208,108.0,국세청,가동사업자,18840833.333333332,1455.6296296296296
부산광역시,북구,202603,8005,중국음식,348960000,13364,111.0,LOCALDATA,식품인허가 영업점,3143783.7837837837,120.3963963963964
부산광역시,북구,202603,8301,제과점,574400000,51112,72.0,LOCALDATA,식품인허가 영업점,7977777.777777778,709.8888888888889
부산광역시,북구,202604,4010,편의점,1869270000,256874,149.0,국세청,가동사업자,12545436.241610738,1723.986577181208
부산광역시,북구,202604,4020,슈퍼마켓,2059500000,154252,109.0,국세청,가동사업자,18894495.412844036,1415.1559633027523
부산광역시,북구,202604,8005,중국음식,340920000,13685,111.0,LOCALDATA,식품인허가 영업점,3071351.3513513515,123.28828828828829
부산광역시,북구,202604,8301,제과점,594400000,54468,71.0,LOCALDATA,식품인허가 영업점,8371830.985915493,767.1549295774648
부산광역시,북구,202605,4010,편의점,2372410000,304105,150.0,국세청,가동사업자,15816066.666666666,2027.3666666666666
부산광역시,북구,202605,4020,슈퍼마켓,3068690000,207337,109.0,국세청,가동사업자,28153119.266055048,1902.1743119266055
부산광역시,북구,202605,8005,중국음식,505500000,19199,111.0,LOCALDATA,식품인허가 영업점,4554054.054054054,172.96396396396398
부산광역시,북구,202605,8301,제과점,713520000,62974,69.0,LOCALDATA,식품인허가 영업점,10340869.56521739,912.6666666666666
부산광역시,북구,202606,4010,편의점,2147870000,289560,152.0,국세청,가동사업자,14130723.684210526,1905.0
부산광역시,북구,202606,4020,슈퍼마켓,2537740000,190300,106.0,국세청,가동사업자,23940943.396226414,1795.2830188679245
부산광역시,북구,202606,8005,중국음식,376450000,15468,111.0,LOCALDATA,식품인허가 영업점,3391441.4414414414,139.35135135135135
부산광역시,북구,202606,8301,제과점,599490000,57253,67.0,LOCALDATA,식품인허가 영업점,8947611.940298507,854.5223880597015
부산광역시,사상구,202601,4010,편의점,2055790000,279153,181.0,국세청,가동사업자,11357955.801104972,1542.2817679558011
부산광역시,사상구,202601,4020,슈퍼마켓,2529510000,174691,96.0,국세청,가동사업자,26349062.5,1819.6979166666667
부산광역시,사상구,202601,8005,중국음식,350150000,12942,141.0,LOCALDATA,식품인허가 영업점,2483333.3333333335,91.7872340425532
부산광역시,사상구,202601,8301,제과점,293550000,25258,50.0,LOCALDATA,식품인허가 영업점,5871000.0,505.16
부산광역시,사상구,202602,4010,편의점,1893900000,251932,179.0,국세청,가동사업자,10580446.927374301,1407.441340782123
부산광역시,사상구,202602,4020,슈퍼마켓,2547620000,163109,96.0,국세청,가동사업자,26537708.333333332,1699.0520833333333
부산광역시,사상구,202602,8005,중국음식,341260000,12003,140.0,LOCALDATA,식품인허가 영업점,2437571.4285714286,85.73571428571428
부산광역시,사상구,202602,8301,제과점,289210000,23411,50.0,LOCALDATA,식품인허가 영업점,5784200.0,468.22
부산광역시,사상구,202603,4010,편의점,2282500000,314615,179.0,국세청,가동사업자,12751396.648044692,1757.6256983240223
부산광역시,사상구,202603,4020,슈퍼마켓,2486210000,183413,97.0,국세청,가동사업자,25631030.92783505,1890.8556701030927
부산광역시,사상구,202603,8005,중국음식,380840000,15604,138.0,LOCALDATA,식품인허가 영업점,2759710.144927536,113.07246376811594
부산광역시,사상구,202603,8301,제과점,360610000,30309,50.0,LOCALDATA,식품인허가 영업점,7212200.0,606.18
부산광역시,사상구,202604,4010,편의점,2315390000,325851,179.0,국세청,가동사업자,12935139.66480447,1820.3966480446927
부산광역시,사상구,202604,4020,슈퍼마켓,2546310000,184030,94.0,국세청,가동사업자,27088404.25531915,1957.7659574468084
부산광역시,사상구,202604,8005,중국음식,362430000,14951,137.0,LOCALDATA,식품인허가 영업점,2645474.4525547447,109.13138686131387
부산광역시,사상구,202604,8301,제과점,344940000,30159,49.0,LOCALDATA,식품인허가 영업점,7039591.8367346935,615.4897959183673
부산광역시,사상구,202605,4010,편의점,2751090000,360432,180.0,국세청,가동사업자,15283833.333333334,2002.4
부산광역시,사상구,202605,4020,슈퍼마켓,3682800000,241933,94.0,국세청,가동사업자,39178723.404255316,2573.755319148936
부산광역시,사상구,202605,8005,중국음식,456990000,18044,137.0,LOCALDATA,식품인허가 영업점,3335693.430656934,131.7080291970803
부산광역시,사상구,202605,8301,제과점,432140000,36067,49.0,LOCALDATA,식품인허가 영업점,8819183.673469387,736.0612244897959
부산광역시,사상구,202606,4010,편의점,2616190000,353990,180.0,국세청,가동사업자,14534388.888888888,1966.611111111111
부산광역시,사상구,202606,4020,슈퍼마켓,3144110000,227560,94.0,국세청,가동사업자,33447978.723404255,2420.851063829787
부산광역시,사상구,202606,8005,중국음식,390130000,15936,137.0,LOCALDATA,식품인허가 영업점,2847664.2335766423,116.32116788321167
부산광역시,사상구,202606,8301,제과점,373590000,34033,49.0,LOCALDATA,식품인허가 영업점,7624285.714285715,694.5510204081633
부산광역시,사하구,202601,4010,편의점,2601050000,333828,242.0,국세청,가동사업자,10748140.495867768,1379.4545454545455
부산광역시,사하구,202601,4020,슈퍼마켓,2724120000,180496,125.0,국세청,가동사업자,21792960.0,1443.968
부산광역시,사하구,202601,8005,중국음식,470370000,18640,112.0,LOCALDATA,식품인허가 영업점,4199732.142857143,166.42857142857142
부산광역시,사하구,202601,8301,제과점,646940000,51431,76.0,LOCALDATA,식품인허가 영업점,8512368.421052631,676.7236842105264
부산광역시,사하구,202602,4010,편의점,2443020000,307216,237.0,국세청,가동사업자,10308101.265822785,1296.2700421940929
부산광역시,사하구,202602,4020,슈퍼마켓,2627450000,169791,125.0,국세청,가동사업자,21019600.0,1358.328
부산광역시,사하구,202602,8005,중국음식,444540000,17146,111.0,LOCALDATA,식품인허가 영업점,4004864.864864865,154.46846846846847
부산광역시,사하구,202602,8301,제과점,640080000,48564,77.0,LOCALDATA,식품인허가 영업점,8312727.2727272725,630.7012987012987
부산광역시,사하구,202603,4010,편의점,2826840000,373581,236.0,국세청,가동사업자,11978135.593220338,1582.9703389830509
부산광역시,사하구,202603,4020,슈퍼마켓,2748670000,190193,125.0,국세청,가동사업자,21989360.0,1521.544
부산광역시,사하구,202603,8005,중국음식,453040000,18812,111.0,LOCALDATA,식품인허가 영업점,4081441.4414414414,169.47747747747746
부산광역시,사하구,202603,8301,제과점,694870000,56820,77.0,LOCALDATA,식품인허가 영업점,9024285.714285715,737.922077922078
부산광역시,사하구,202604,4010,편의점,2830250000,385995,238.0,국세청,가동사업자,11891806.722689075,1621.827731092437
부산광역시,사하구,202604,4020,슈퍼마켓,2764970000,186677,128.0,국세청,가동사업자,21601328.125,1458.4140625
부산광역시,사하구,202604,8005,중국음식,433250000,18683,112.0,LOCALDATA,식품인허가 영업점,3868303.5714285714,166.8125
부산광역시,사하구,202604,8301,제과점,690710000,57957,77.0,LOCALDATA,식품인허가 영업점,8970259.74025974,752.6883116883117
부산광역시,사하구,202605,4010,편의점,3486740000,442162,236.0,국세청,가동사업자,14774322.033898305,1873.5677966101696
부산광역시,사하구,202605,4020,슈퍼마켓,3881980000,243228,124.0,국세청,가동사업자,31306290.322580647,1961.516129032258
부산광역시,사하구,202605,8005,중국음식,616070000,25019,112.0,LOCALDATA,식품인허가 영업점,5500625.0,223.38392857142858
부산광역시,사하구,202605,8301,제과점,862450000,69334,77.0,LOCALDATA,식품인허가 영업점,11200649.350649351,900.4415584415584
부산광역시,사하구,202606,4010,편의점,3217190000,426061,237.0,국세청,가동사업자,13574641.35021097,1797.7257383966244
부산광역시,사하구,202606,4020,슈퍼마켓,3229340000,222038,119.0,국세청,가동사업자,27137310.92436975,1865.8655462184875
부산광역시,사하구,202606,8005,중국음식,481440000,20714,110.0,LOCALDATA,식품인허가 영업점,4376727.2727272725,188.3090909090909
부산광역시,사하구,202606,8301,제과점,723320000,63211,78.0,LOCALDATA,식품인허가 영업점,9273333.333333334,810.3974358974359
부산광역시,서구,202601,4010,편의점,939170000,129884,95.0,국세청,가동사업자,9886000.0,1367.2
부산광역시,서구,202601,4020,슈퍼마켓,743140000,58353,47.0,국세청,가동사업자,15811489.361702127,1241.5531914893618
부산광역시,서구,202601,8005,중국음식,175360000,7374,52.0,LOCALDATA,식품인허가 영업점,3372307.6923076925,141.80769230769232
부산광역시,서구,202601,8301,제과점,183390000,15812,28.0,LOCALDATA,식품인허가 영업점,6549642.857142857,564.7142857142857
부산광역시,서구,202602,4010,편의점,876890000,120320,95.0,국세청,가동사업자,9230421.05263158,1266.5263157894738
부산광역시,서구,202602,4020,슈퍼마켓,692390000,53004,46.0,국세청,가동사업자,15051956.52173913,1152.2608695652175
부산광역시,서구,202602,8005,중국음식,163300000,6781,52.0,LOCALDATA,식품인허가 영업점,3140384.6153846155,130.40384615384616
부산광역시,서구,202602,8301,제과점,178080000,14584,28.0,LOCALDATA,식품인허가 영업점,6360000.0,520.8571428571429
부산광역시,서구,202603,4010,편의점,1020430000,150398,96.0,국세청,가동사업자,10629479.166666666,1566.6458333333333
부산광역시,서구,202603,4020,슈퍼마켓,748030000,61821,46.0,국세청,가동사업자,16261521.739130436,1343.9347826086957
부산광역시,서구,202603,8005,중국음식,180810000,8086,53.0,LOCALDATA,식품인허가 영업점,3411509.433962264,152.56603773584905
부산광역시,서구,202603,8301,제과점,228120000,19523,29.0,LOCALDATA,식품인허가 영업점,7866206.8965517245,673.2068965517242
부산광역시,서구,202604,4010,편의점,1059580000,158589,97.0,국세청,가동사업자,10923505.154639175,1634.9381443298969
부산광역시,서구,202604,4020,슈퍼마켓,799200000,63409,46.0,국세청,가동사업자,17373913.04347826,1378.4565217391305
부산광역시,서구,202604,8005,중국음식,186650000,8451,53.0,LOCALDATA,식품인허가 영업점,3521698.113207547,159.45283018867926
부산광역시,서구,202604,8301,제과점,252330000,22267,30.0,LOCALDATA,식품인허가 영업점,8411000.0,742.2333333333333
부산광역시,서구,202605,4010,편의점,1294370000,178424,97.0,국세청,가동사업자,13344020.6185567,1839.4226804123712
부산광역시,서구,202605,4020,슈퍼마켓,1269740000,88815,46.0,국세청,가동사업자,27603043.47826087,1930.7608695652175
부산광역시,서구,202605,8005,중국음식,241700000,10294,53.0,LOCALDATA,식품인허가 영업점,4560377.358490566,194.22641509433961
부산광역시,서구,202605,8301,제과점,316650000,25820,30.0,LOCALDATA,식품인허가 영업점,10555000.0,860.6666666666666
부산광역시,서구,202606,4010,편의점,1180610000,172407,95.0,국세청,가동사업자,12427473.684210526,1814.8105263157895
부산광역시,서구,202606,4020,슈퍼마켓,1057220000,82944,45.0,국세청,가동사업자,23493777.777777776,1843.2
부산광역시,서구,202606,8005,중국음식,196960000,9091,52.0,LOCALDATA,식품인허가 영업점,3787692.3076923075,174.82692307692307
부산광역시,서구,202606,8301,제과점,279940000,24992,30.0,LOCALDATA,식품인허가 영업점,9331333.333333334,833.0666666666667
부산광역시,수영구,202601,4010,편의점,1836020000,244885,167.0,국세청,가동사업자,10994131.736526946,1466.377245508982
부산광역시,수영구,202601,4020,슈퍼마켓,2368030000,173301,93.0,국세청,가동사업자,25462688.17204301,1863.4516129032259
부산광역시,수영구,202601,8005,중국음식,464590000,15393,90.0,LOCALDATA,식품인허가 영업점,5162111.111111111,171.03333333333333
부산광역시,수영구,202601,8301,제과점,643790000,49569,93.0,LOCALDATA,식품인허가 영업점,6922473.11827957,533.0
부산광역시,수영구,202602,4010,편의점,1736510000,226534,170.0,국세청,가동사업자,10214764.705882354,1332.5529411764705
부산광역시,수영구,202602,4020,슈퍼마켓,2298180000,161645,92.0,국세청,가동사업자,24980217.391304348,1757.0108695652175
부산광역시,수영구,202602,8005,중국음식,447060000,14384,90.0,LOCALDATA,식품인허가 영업점,4967333.333333333,159.82222222222222
부산광역시,수영구,202602,8301,제과점,668810000,48603,93.0,LOCALDATA,식품인허가 영업점,7191505.376344086,522.6129032258065
부산광역시,수영구,202603,4010,편의점,1876540000,249383,170.0,국세청,가동사업자,11038470.588235294,1466.9588235294118
부산광역시,수영구,202603,4020,슈퍼마켓,2289020000,178695,91.0,국세청,가동사업자,25154065.934065934,1963.6813186813188
부산광역시,수영구,202603,8005,중국음식,448930000,15002,90.0,LOCALDATA,식품인허가 영업점,4988111.111111111,166.6888888888889
부산광역시,수영구,202603,8301,제과점,665460000,52988,94.0,LOCALDATA,식품인허가 영업점,7079361.70212766,563.7021276595744
부산광역시,수영구,202604,4010,편의점,1863070000,254443,169.0,국세청,가동사업자,11024082.840236686,1505.5798816568047
부산광역시,수영구,202604,4020,슈퍼마켓,2276490000,174536,92.0,국세청,가동사업자,24744456.52173913,1897.1304347826087
부산광역시,수영구,202604,8005,중국음식,426340000,14669,89.0,LOCALDATA,식품인허가 영업점,4790337.078651685,164.82022471910113
부산광역시,수영구,202604,8301,제과점,663840000,54650,93.0,LOCALDATA,식품인허가 영업점,7138064.516129033,587.6344086021505
부산광역시,수영구,202605,4010,편의점,2295070000,300681,166.0,국세청,가동사업자,13825722.891566265,1811.3313253012047
부산광역시,수영구,202605,4020,슈퍼마켓,2937960000,208958,90.0,국세청,가동사업자,32644000.0,2321.7555555555555
부산광역시,수영구,202605,8005,중국음식,574890000,18528,89.0,LOCALDATA,식품인허가 영업점,6459438.202247191,208.17977528089887
부산광역시,수영구,202605,8301,제과점,788450000,61689,93.0,LOCALDATA,식품인허가 영업점,8477956.98924731,663.3225806451613
부산광역시,수영구,202606,4010,편의점,2154860000,290366,167.0,국세청,가동사업자,12903353.293413173,1738.7185628742516
부산광역시,수영구,202606,4020,슈퍼마켓,2634410000,198577,92.0,국세청,가동사업자,28634891.304347824,2158.445652173913
부산광역시,수영구,202606,8005,중국음식,461590000,16140,89.0,LOCALDATA,식품인허가 영업점,5186404.494382023,181.34831460674158
부산광역시,수영구,202606,8301,제과점,665370000,56035,93.0,LOCALDATA,식품인허가 영업점,7154516.129032258,602.5268817204301
부산광역시,연제구,202601,4010,편의점,1684500000,234242,151.0,국세청,가동사업자,11155629.139072848,1551.271523178808
부산광역시,연제구,202601,4020,슈퍼마켓,1819430000,150797,80.0,국세청,가동사업자,22742875.0,1884.9625
부산광역시,연제구,202601,8005,중국음식,455920000,15515,68.0,LOCALDATA,식품인허가 영업점,6704705.882352941,228.16176470588235
부산광역시,연제구,202601,8301,제과점,520570000,44811,71.0,LOCALDATA,식품인허가 영업점,7331971.830985916,631.1408450704225
부산광역시,연제구,202602,4010,편의점,1584700000,215266,150.0,국세청,가동사업자,10564666.666666666,1435.1066666666666
부산광역시,연제구,202602,4020,슈퍼마켓,1736490000,140454,82.0,국세청,가동사업자,21176707.31707317,1712.8536585365853
부산광역시,연제구,202602,8005,중국음식,451230000,14414,67.0,LOCALDATA,식품인허가 영업점,6734776.119402985,215.13432835820896
부산광역시,연제구,202602,8301,제과점,513480000,42091,72.0,LOCALDATA,식품인허가 영업점,7131666.666666667,584.5972222222222
부산광역시,연제구,202603,4010,편의점,1778480000,248179,147.0,국세청,가동사업자,12098503.401360543,1688.2925170068027
부산광역시,연제구,202603,4020,슈퍼마켓,1821460000,160290,82.0,국세청,가동사업자,22212926.82926829,1954.7560975609756
부산광역시,연제구,202603,8005,중국음식,453400000,15791,68.0,LOCALDATA,식품인허가 영업점,6667647.05882353,232.22058823529412
부산광역시,연제구,202603,8301,제과점,542190000,48121,72.0,LOCALDATA,식품인허가 영업점,7530416.666666667,668.3472222222222
부산광역시,연제구,202604,4010,편의점,1777660000,254885,146.0,국세청,가동사업자,12175753.424657535,1745.7876712328766
부산광역시,연제구,202604,4020,슈퍼마켓,1850820000,159172,82.0,국세청,가동사업자,22570975.609756097,1941.121951219512
부산광역시,연제구,202604,8005,중국음식,428160000,15393,68.0,LOCALDATA,식품인허가 영업점,6296470.588235294,226.36764705882354
부산광역시,연제구,202604,8301,제과점,548220000,50651,70.0,LOCALDATA,식품인허가 영업점,7831714.285714285,723.5857142857143
부산광역시,연제구,202605,4010,편의점,2114120000,285154,147.0,국세청,가동사업자,14381768.707482994,1939.8231292517007
부산광역시,연제구,202605,4020,슈퍼마켓,2472460000,196284,82.0,국세청,가동사업자,30151951.219512194,2393.7073170731705
부산광역시,연제구,202605,8005,중국음식,553940000,18720,68.0,LOCALDATA,식품인허가 영업점,8146176.470588235,275.29411764705884
부산광역시,연제구,202605,8301,제과점,633450000,55670,68.0,LOCALDATA,식품인허가 영업점,9315441.176470589,818.6764705882352
부산광역시,연제구,202606,4010,편의점,1989990000,280858,147.0,국세청,가동사업자,13537346.93877551,1910.5986394557824
부산광역시,연제구,202606,4020,슈퍼마켓,2194410000,187900,80.0,국세청,가동사업자,27430125.0,2348.75
부산광역시,연제구,202606,8005,중국음식,464010000,17045,68.0,LOCALDATA,식품인허가 영업점,6823676.470588235,250.66176470588235
부산광역시,연제구,202606,8301,제과점,532170000,51304,67.0,LOCALDATA,식품인허가 영업점,7942835.820895523,765.7313432835821
부산광역시,영도구,202601,4010,편의점,866320000,110407,86.0,국세청,가동사업자,10073488.372093024,1283.8023255813953
부산광역시,영도구,202601,4020,슈퍼마켓,1010850000,69502,49.0,국세청,가동사업자,20629591.836734693,1418.408163265306
부산광역시,영도구,202601,8005,중국음식,176830000,7006,50.0,LOCALDATA,식품인허가 영업점,3536600.0,140.12
부산광역시,영도구,202601,8301,제과점,179380000,14370,24.0,LOCALDATA,식품인허가 영업점,7474166.666666667,598.75
부산광역시,영도구,202602,4010,편의점,816300000,102083,86.0,국세청,가동사업자,9491860.46511628,1187.0116279069769
부산광역시,영도구,202602,4020,슈퍼마켓,976980000,65794,49.0,국세청,가동사업자,19938367.346938774,1342.734693877551
부산광역시,영도구,202602,8005,중국음식,182680000,6876,50.0,LOCALDATA,식품인허가 영업점,3653600.0,137.52
부산광역시,영도구,202602,8301,제과점,186580000,13700,24.0,LOCALDATA,식품인허가 영업점,7774166.666666667,570.8333333333334
부산광역시,영도구,202603,4010,편의점,971600000,130950,86.0,국세청,가동사업자,11297674.418604651,1522.6744186046512
부산광역시,영도구,202603,4020,슈퍼마켓,993660000,72087,47.0,국세청,가동사업자,21141702.127659574,1533.7659574468084
부산광역시,영도구,202603,8005,중국음식,183270000,7284,50.0,LOCALDATA,식품인허가 영업점,3665400.0,145.68
부산광역시,영도구,202603,8301,제과점,196140000,15501,24.0,LOCALDATA,식품인허가 영업점,8172500.0,645.875
부산광역시,영도구,202604,4010,편의점,1013960000,138708,88.0,국세청,가동사업자,11522272.727272727,1576.2272727272727
부산광역시,영도구,202604,4020,슈퍼마켓,1054380000,72384,47.0,국세청,가동사업자,22433617.021276597,1540.0851063829787
부산광역시,영도구,202604,8005,중국음식,173990000,7209,50.0,LOCALDATA,식품인허가 영업점,3479800.0,144.18
부산광역시,영도구,202604,8301,제과점,207600000,16713,24.0,LOCALDATA,식품인허가 영업점,8650000.0,696.375
부산광역시,영도구,202605,4010,편의점,1282030000,159353,87.0,국세청,가동사업자,14735977.011494253,1831.6436781609195
부산광역시,영도구,202605,4020,슈퍼마켓,1718030000,103142,47.0,국세청,가동사업자,36553829.787234046,2194.5106382978724
부산광역시,영도구,202605,8005,중국음식,262490000,10566,50.0,LOCALDATA,식품인허가 영업점,5249800.0,211.32
부산광역시,영도구,202605,8301,제과점,307350000,23953,24.0,LOCALDATA,식품인허가 영업점,12806250.0,998.0416666666666
부산광역시,영도구,202606,4010,편의점,1150480000,151704,87.0,국세청,가동사업자,13223908.045977011,1743.7241379310344
부산광역시,영도구,202606,4020,슈퍼마켓,1426940000,98300,48.0,국세청,가동사업자,29727916.666666668,2047.9166666666667
부산광역시,영도구,202606,8005,중국음식,212570000,8923,50.0,LOCALDATA,식품인허가 영업점,4251400.0,178.46
부산광역시,영도구,202606,8301,제과점,248760000,21060,25.0,LOCALDATA,식품인허가 영업점,9950400.0,842.4
부산광역시,중구,202601,4010,편의점,1005240000,130492,80.0,국세청,가동사업자,12565500.0,1631.15
부산광역시,중구,202601,4020,슈퍼마켓,501310000,41065,61.0,국세청,가동사업자,8218196.721311475,673.1967213114754
부산광역시,중구,202601,8005,중국음식,316550000,10566,55.0,LOCALDATA,식품인허가 영업점,5755454.545454546,192.1090909090909
부산광역시,중구,202601,8301,제과점,280600000,23028,39.0,LOCALDATA,식품인허가 영업점,7194871.794871795,590.4615384615385
부산광역시,중구,202602,4010,편의점,970420000,121125,80.0,국세청,가동사업자,12130250.0,1514.0625
부산광역시,중구,202602,4020,슈퍼마켓,487620000,38059,62.0,국세청,가동사업자,7864838.70967742,613.8548387096774
부산광역시,중구,202602,8005,중국음식,298000000,10040,55.0,LOCALDATA,식품인허가 영업점,5418181.818181818,182.54545454545453
부산광역시,중구,202602,8301,제과점,264270000,21541,39.0,LOCALDATA,식품인허가 영업점,6776153.846153846,552.3333333333334
부산광역시,중구,202603,4010,편의점,1094610000,137664,79.0,국세청,가동사업자,13855822.784810126,1742.5822784810127
부산광역시,중구,202603,4020,슈퍼마켓,518220000,44115,62.0,국세청,가동사업자,8358387.096774193,711.5322580645161
부산광역시,중구,202603,8005,중국음식,314170000,11009,55.0,LOCALDATA,식품인허가 영업점,5712181.818181818,200.16363636363636
부산광역시,중구,202603,8301,제과점,281130000,25236,40.0,LOCALDATA,식품인허가 영업점,7028250.0,630.9
부산광역시,중구,202604,4010,편의점,1070360000,140940,79.0,국세청,가동사업자,13548860.759493671,1784.0506329113923
부산광역시,중구,202604,4020,슈퍼마켓,509620000,42397,63.0,국세청,가동사업자,8089206.349206349,672.968253968254
부산광역시,중구,202604,8005,중국음식,293500000,11106,56.0,LOCALDATA,식품인허가 영업점,5241071.428571428,198.32142857142858
부산광역시,중구,202604,8301,제과점,284910000,26580,40.0,LOCALDATA,식품인허가 영업점,7122750.0,664.5
부산광역시,중구,202605,4010,편의점,1310950000,164630,78.0,국세청,가동사업자,16807051.282051284,2110.641025641026
부산광역시,중구,202605,4020,슈퍼마켓,745160000,54582,63.0,국세청,가동사업자,11827936.507936507,866.3809523809524
부산광역시,중구,202605,8005,중국음식,384520000,14118,56.0,LOCALDATA,식품인허가 영업점,6866428.571428572,252.10714285714286
부산광역시,중구,202605,8301,제과점,351650000,31245,41.0,LOCALDATA,식품인허가 영업점,8576829.268292682,762.0731707317074
부산광역시,중구,202606,4010,편의점,1213770000,154990,78.0,국세청,가동사업자,15561153.846153846,1987.051282051282
부산광역시,중구,202606,4020,슈퍼마켓,595720000,49773,63.0,국세청,가동사업자,9455873.015873017,790.047619047619
부산광역시,중구,202606,8005,중국음식,320590000,11970,56.0,LOCALDATA,식품인허가 영업점,5724821.428571428,213.75
부산광역시,중구,202606,8301,제과점,292380000,27619,41.0,LOCALDATA,식품인허가 영업점,7131219.5121951215,673.6341463414634
부산광역시,해운대구,202601,4010,편의점,3237380000,433932,307.0,국세청,가동사업자,10545211.726384364,1413.4592833876222
부산광역시,해운대구,202601,4020,슈퍼마켓,2576910000,187906,138.0,국세청,가동사업자,18673260.86956522,1361.6376811594203
부산광역시,해운대구,202601,8005,중국음식,616210000,22584,137.0,LOCALDATA,식품인허가 영업점,4497883.211678832,164.84671532846716
부산광역시,해운대구,202601,8301,제과점,808710000,69558,157.0,LOCALDATA,식품인허가 영업점,5151019.1082802545,443.04458598726114
부산광역시,해운대구,202602,4010,편의점,3056040000,402900,308.0,국세청,가동사업자,9922207.792207792,1308.1168831168832
부산광역시,해운대구,202602,4020,슈퍼마켓,2464920000,175372,139.0,국세청,가동사업자,17733237.410071943,1261.6690647482014
부산광역시,해운대구,202602,8005,중국음식,601530000,21171,138.0,LOCALDATA,식품인허가 영업점,4358913.043478261,153.41304347826087
부산광역시,해운대구,202602,8301,제과점,811940000,66113,158.0,LOCALDATA,식품인허가 영업점,5138860.75949367,418.4367088607595
부산광역시,해운대구,202603,4010,편의점,3362330000,448288,311.0,국세청,가동사업자,10811350.482315112,1441.4405144694533
부산광역시,해운대구,202603,4020,슈퍼마켓,2563060000,195442,141.0,국세청,가동사업자,18177730.4964539,1386.113475177305
부산광역시,해운대구,202603,8005,중국음식,597390000,22783,137.0,LOCALDATA,식품인허가 영업점,4360510.948905109,166.2992700729927
부산광역시,해운대구,202603,8301,제과점,862540000,74485,156.0,LOCALDATA,식품인허가 영업점,5529102.564102564,477.46794871794873
부산광역시,해운대구,202604,4010,편의점,3362650000,464040,312.0,국세청,가동사업자,10777724.358974358,1487.3076923076924
부산광역시,해운대구,202604,4020,슈퍼마켓,2683850000,199122,140.0,국세청,가동사업자,19170357.14285714,1422.3
부산광역시,해운대구,202604,8005,중국음식,566860000,22332,139.0,LOCALDATA,식품인허가 영업점,4078129.496402878,160.66187050359713
부산광역시,해운대구,202604,8301,제과점,865690000,77922,159.0,LOCALDATA,식품인허가 영업점,5444591.194968553,490.07547169811323
부산광역시,해운대구,202605,4010,편의점,4184370000,541766,314.0,국세청,가동사업자,13326019.108280255,1725.3694267515923
부산광역시,해운대구,202605,4020,슈퍼마켓,3826610000,261121,142.0,국세청,가동사업자,26947957.746478874,1838.880281690141
부산광역시,해운대구,202605,8005,중국음식,750020000,27866,137.0,LOCALDATA,식품인허가 영업점,5474598.540145986,203.4014598540146
부산광역시,해운대구,202605,8301,제과점,1060790000,89838,157.0,LOCALDATA,식품인허가 영업점,6756624.203821656,572.2165605095541
부산광역시,해운대구,202606,4010,편의점,3889480000,526801,315.0,국세청,가동사업자,12347555.555555556,1672.384126984127
부산광역시,해운대구,202606,4020,슈퍼마켓,3187550000,239828,141.0,국세청,가동사업자,22606737.588652484,1700.9078014184397
부산광역시,해운대구,202606,8005,중국음식,590020000,23522,135.0,LOCALDATA,식품인허가 영업점,4370518.518518519,174.23703703703703
부산광역시,해운대구,202606,8301,제과점,902400000,83127,158.0,LOCALDATA,식품인허가 영업점,5711392.405063291,526.120253164557
서울특별시,강남구,202601,4010,편의점,6163990000,887390,675.0,국세청,가동사업자,9131837.037037037,1314.651851851852
서울특별시,강남구,202601,4020,슈퍼마켓,3396120000,127958,239.0,국세청,가동사업자,14209707.112970712,535.3891213389121
서울특별시,강남구,202601,8005,중국음식,2633950000,66305,419.0,LOCALDATA,식품인허가 영업점,6286276.849642005,158.24582338902147
서울특별시,강남구,202601,8301,제과점,1465550000,122392,468.0,LOCALDATA,식품인허가 영업점,3131517.094017094,261.5213675213675
서울특별시,강남구,202602,4010,편의점,5438880000,766157,678.0,국세청,가동사업자,8021946.902654868,1130.0250737463127
서울특별시,강남구,202602,4020,슈퍼마켓,2839680000,108916,238.0,국세청,가동사업자,11931428.57142857,457.6302521008403
서울특별시,강남구,202602,8005,중국음식,2182790000,56144,421.0,LOCALDATA,식품인허가 영업점,5184774.346793349,133.3586698337292
서울특별시,강남구,202602,8301,제과점,1523670000,113260,466.0,LOCALDATA,식품인허가 영업점,3269678.1115879826,243.04721030042919
서울특별시,강남구,202603,4010,편의점,6495740000,917866,676.0,국세청,가동사업자,9609082.840236686,1357.7899408284025
서울특별시,강남구,202603,4020,슈퍼마켓,3149320000,126361,235.0,국세청,가동사업자,13401361.70212766,537.7063829787234
서울특별시,강남구,202603,8005,중국음식,2364780000,62479,421.0,LOCALDATA,식품인허가 영업점,5617054.631828979,148.4061757719715
서울특별시,강남구,202603,8301,제과점,1595120000,131716,468.0,LOCALDATA,식품인허가 영업점,3408376.0683760685,281.44444444444446
서울특별시,강남구,202604,4010,편의점,6289320000,932956,676.0,국세청,가동사업자,9303727.810650887,1380.112426035503
서울특별시,강남구,202604,4020,슈퍼마켓,3068420000,121919,236.0,국세청,가동사업자,13001779.661016949,516.6059322033898
서울특별시,강남구,202604,8005,중국음식,2138550000,59639,424.0,LOCALDATA,식품인허가 영업점,5043750.0,140.65801886792454
서울특별시,강남구,202604,8301,제과점,1549600000,134255,468.0,LOCALDATA,식품인허가 영업점,3311111.111111111,286.86965811965814
서울특별시,강남구,202605,4010,편의점,6339330000,910938,676.0,국세청,가동사업자,9377707.100591715,1347.5414201183432
서울특별시,강남구,202605,4020,슈퍼마켓,3025880000,119484,236.0,국세청,가동사업자,12821525.423728814,506.2881355932203
서울특별시,강남구,202605,8005,중국음식,2188040000,56963,422.0,LOCALDATA,식품인허가 영업점,5184928.909952607,134.9834123222749
서울특별시,강남구,202605,8301,제과점,1535490000,123158,465.0,LOCALDATA,식품인허가 영업점,3302129.0322580645,264.85591397849464
서울특별시,강남구,202606,4010,편의점,6639180000,954628,671.0,국세청,가동사업자,9894456.03576751,1422.6944858420268
서울특별시,강남구,202606,4020,슈퍼마켓,3029390000,119412,235.0,국세청,가동사업자,12891021.276595745,508.13617021276593
서울특별시,강남구,202606,8005,중국음식,2110020000,57642,421.0,LOCALDATA,식품인허가 영업점,5011923.990498812,136.916864608076
서울특별시,강남구,202606,8301,제과점,1362020000,120382,465.0,LOCALDATA,식품인허가 영업점,2929075.2688172045,258.88602150537633
서울특별시,강동구,202601,4010,편의점,2612750000,345615,333.0,국세청,가동사업자,7846096.096096097,1037.882882882883
서울특별시,강동구,202601,4020,슈퍼마켓,2506820000,146235,131.0,국세청,가동사업자,19136030.534351144,1116.2977099236641
서울특별시,강동구,202601,8005,중국음식,510130000,21641,144.0,LOCALDATA,식품인허가 영업점,3542569.4444444445,150.28472222222223
서울특별시,강동구,202601,8301,제과점,734580000,66926,200.0,LOCALDATA,식품인허가 영업점,3672900.0,334.63
서울특별시,강동구,202602,4010,편의점,2407240000,316441,331.0,국세청,가동사업자,7272628.39879154,956.0151057401813
서울특별시,강동구,202602,4020,슈퍼마켓,2399010000,134006,132.0,국세청,가동사업자,18174318.181818184,1015.1969696969697
서울특별시,강동구,202602,8005,중국음식,489000000,19571,145.0,LOCALDATA,식품인허가 영업점,3372413.793103448,134.97241379310344
서울특별시,강동구,202602,8301,제과점,764250000,64508,201.0,LOCALDATA,식품인허가 영업점,3802238.805970149,320.93532338308455
서울특별시,강동구,202603,4010,편의점,2805860000,368995,330.0,국세청,가동사업자,8502606.06060606,1118.1666666666667
서울특별시,강동구,202603,4020,슈퍼마켓,2429580000,150982,131.0,국세청,가동사업자,18546412.213740457,1152.5343511450383
서울특별시,강동구,202603,8005,중국음식,525850000,22764,144.0,LOCALDATA,식품인허가 영업점,3651736.111111111,158.08333333333334
서울특별시,강동구,202603,8301,제과점,851440000,75626,204.0,LOCALDATA,식품인허가 영업점,4173725.4901960786,370.7156862745098
서울특별시,강동구,202604,4010,편의점,2655520000,369946,333.0,국세청,가동사업자,7974534.534534534,1110.948948948949
서울특별시,강동구,202604,4020,슈퍼마켓,2342090000,146536,126.0,국세청,가동사업자,18588015.873015873,1162.984126984127
서울특별시,강동구,202604,8005,중국음식,496750000,21141,144.0,LOCALDATA,식품인허가 영업점,3449652.777777778,146.8125
서울특별시,강동구,202604,8301,제과점,753810000,73739,202.0,LOCALDATA,식품인허가 영업점,3731732.673267327,365.04455445544556
서울특별시,강동구,202605,4010,편의점,2822850000,377659,332.0,국세청,가동사업자,8502560.240963856,1137.5271084337348
서울특별시,강동구,202605,4020,슈퍼마켓,2360680000,147591,129.0,국세청,가동사업자,18299844.96124031,1144.1162790697674
서울특별시,강동구,202605,8005,중국음식,534570000,21388,143.0,LOCALDATA,식품인허가 영업점,3738251.7482517483,149.56643356643357
서울특별시,강동구,202605,8301,제과점,823410000,72706,202.0,LOCALDATA,식품인허가 영업점,4076287.128712871,359.9306930693069
서울특별시,강동구,202606,4010,편의점,2813950000,378221,332.0,국세청,가동사업자,8475753.012048192,1139.2198795180723
서울특별시,강동구,202606,4020,슈퍼마켓,2272760000,144481,127.0,국세청,가동사업자,17895748.031496063,1137.6456692913387
서울특별시,강동구,202606,8005,중국음식,469570000,19995,145.0,LOCALDATA,식품인허가 영업점,3238413.793103448,137.89655172413794
서울특별시,강동구,202606,8301,제과점,684390000,65827,201.0,LOCALDATA,식품인허가 영업점,3404925.3731343285,327.49751243781094
서울특별시,강북구,202601,4010,편의점,1813650000,224658,236.0,국세청,가동사업자,7684957.627118644,951.9406779661017
서울특별시,강북구,202601,4020,슈퍼마켓,2419560000,146421,93.0,국세청,가동사업자,26016774.19354839,1574.4193548387098
서울특별시,강북구,202601,8005,중국음식,314570000,13577,74.0,LOCALDATA,식품인허가 영업점,4250945.945945946,183.47297297297297
서울특별시,강북구,202601,8301,제과점,315120000,32020,64.0,LOCALDATA,식품인허가 영업점,4923750.0,500.3125
서울특별시,강북구,202602,4010,편의점,1686500000,208000,236.0,국세청,가동사업자,7146186.440677966,881.3559322033898
서울특별시,강북구,202602,4020,슈퍼마켓,2351330000,135782,93.0,국세청,가동사업자,25283118.279569894,1460.021505376344
서울특별시,강북구,202602,8005,중국음식,285160000,12141,75.0,LOCALDATA,식품인허가 영업점,3802133.3333333335,161.88
서울특별시,강북구,202602,8301,제과점,317420000,29467,65.0,LOCALDATA,식품인허가 영업점,4883384.615384615,453.33846153846156
서울특별시,강북구,202603,4010,편의점,1907750000,237543,237.0,국세청,가동사업자,8049578.05907173,1002.2911392405064
서울특별시,강북구,202603,4020,슈퍼마켓,2278700000,150073,93.0,국세청,가동사업자,24502150.53763441,1613.6881720430108
서울특별시,강북구,202603,8005,중국음식,303960000,13536,76.0,LOCALDATA,식품인허가 영업점,3999473.6842105263,178.10526315789474
서울특별시,강북구,202603,8301,제과점,328990000,33016,63.0,LOCALDATA,식품인허가 영업점,5222063.492063492,524.063492063492
서울특별시,강북구,202604,4010,편의점,1811310000,241312,236.0,국세청,가동사업자,7675042.372881356,1022.5084745762712
서울특별시,강북구,202604,4020,슈퍼마켓,2219480000,148474,93.0,국세청,가동사업자,23865376.34408602,1596.494623655914
서울특별시,강북구,202604,8005,중국음식,276890000,12878,76.0,LOCALDATA,식품인허가 영업점,3643289.4736842103,169.44736842105263
서울특별시,강북구,202604,8301,제과점,320660000,34147,64.0,LOCALDATA,식품인허가 영업점,5010312.5,533.546875
서울특별시,강북구,202605,4010,편의점,1950580000,249946,235.0,국세청,가동사업자,8300340.425531914,1063.6
서울특별시,강북구,202605,4020,슈퍼마켓,2229890000,147387,93.0,국세청,가동사업자,23977311.82795699,1584.8064516129032
서울특별시,강북구,202605,8005,중국음식,320400000,13257,73.0,LOCALDATA,식품인허가 영업점,4389041.095890411,181.6027397260274
서울특별시,강북구,202605,8301,제과점,312420000,32021,65.0,LOCALDATA,식품인허가 영업점,4806461.538461538,492.6307692307692
서울특별시,강북구,202606,4010,편의점,1914660000,245805,230.0,국세청,가동사업자,8324608.695652174,1068.7173913043478
서울특별시,강북구,202606,4020,슈퍼마켓,2226360000,147471,93.0,국세청,가동사업자,23939354.83870968,1585.7096774193549
서울특별시,강북구,202606,8005,중국음식,273360000,11912,72.0,LOCALDATA,식품인허가 영업점,3796666.6666666665,165.44444444444446
서울특별시,강북구,202606,8301,제과점,268070000,28768,64.0,LOCALDATA,식품인허가 영업점,4188593.75,449.5
서울특별시,강서구,202601,4010,편의점,3867580000,517509,481.0,국세청,가동사업자,8040706.860706861,1075.902286902287
서울특별시,강서구,202601,4020,슈퍼마켓,2865800000,189051,190.0,국세청,가동사업자,15083157.894736841,995.0052631578948
서울특별시,강서구,202601,8005,중국음식,816900000,29310,235.0,LOCALDATA,식품인허가 영업점,3476170.212765957,124.72340425531915
서울특별시,강서구,202601,8301,제과점,825400000,82493,200.0,LOCALDATA,식품인허가 영업점,4127000.0,412.465
서울특별시,강서구,202602,4010,편의점,3553020000,470372,482.0,국세청,가동사업자,7371410.788381742,975.8755186721992
서울특별시,강서구,202602,4020,슈퍼마켓,2707560000,173400,188.0,국세청,가동사업자,14401914.89361702,922.3404255319149
서울특별시,강서구,202602,8005,중국음식,744870000,25973,240.0,LOCALDATA,식품인허가 영업점,3103625.0,108.22083333333333
서울특별시,강서구,202602,8301,제과점,813420000,77304,204.0,LOCALDATA,식품인허가 영업점,3987352.9411764704,378.94117647058823
서울특별시,강서구,202603,4010,편의점,4118660000,548174,480.0,국세청,가동사업자,8580541.666666666,1142.0291666666667
서울특별시,강서구,202603,4020,슈퍼마켓,2735580000,196818,189.0,국세청,가동사업자,14473968.253968254,1041.3650793650793
서울특별시,강서구,202603,8005,중국음식,808310000,29198,241.0,LOCALDATA,식품인허가 영업점,3353983.402489627,121.15352697095436
서울특별시,강서구,202603,8301,제과점,934980000,90449,202.0,LOCALDATA,식품인허가 영업점,4628613.861386139,447.76732673267327
서울특별시,강서구,202604,4010,편의점,3911000000,547639,483.0,국세청,가동사업자,8097308.488612836,1133.8281573498964
서울특별시,강서구,202604,4020,슈퍼마켓,2677740000,192144,193.0,국세청,가동사업자,13874300.518134715,995.5647668393782
서울특별시,강서구,202604,8005,중국음식,736920000,27661,242.0,LOCALDATA,식품인허가 영업점,3045123.9669421487,114.30165289256199
서울특별시,강서구,202604,8301,제과점,858210000,91019,204.0,LOCALDATA,식품인허가 영업점,4206911.764705882,446.171568627451
서울특별시,강서구,202605,4010,편의점,4110430000,557173,482.0,국세청,가동사업자,8527863.070539419,1155.9605809128632
서울특별시,강서구,202605,4020,슈퍼마켓,2707940000,189208,190.0,국세청,가동사업자,14252315.789473685,995.8315789473684
서울특별시,강서구,202605,8005,중국음식,831450000,28193,246.0,LOCALDATA,식품인허가 영업점,3379878.048780488,114.60569105691057
서울특별시,강서구,202605,8301,제과점,870400000,85993,207.0,LOCALDATA,식품인허가 영업점,4204830.917874396,415.42512077294685
서울특별시,강서구,202606,4010,편의점,4087640000,560329,481.0,국세청,가동사업자,8498212.058212059,1164.9251559251559
서울특별시,강서구,202606,4020,슈퍼마켓,2669150000,189086,189.0,국세청,가동사업자,14122486.772486772,1000.4550264550264
서울특별시,강서구,202606,8005,중국음식,697680000,25839,250.0,LOCALDATA,식품인허가 영업점,2790720.0,103.356
서울특별시,강서구,202606,8301,제과점,767950000,80880,208.0,LOCALDATA,식품인허가 영업점,3692067.3076923075,388.84615384615387
서울특별시,관악구,202601,4010,편의점,3667920000,497105,367.0,국세청,가동사업자,9994332.42506812,1354.5095367847412
서울특별시,관악구,202601,4020,슈퍼마켓,3610040000,252347,163.0,국세청,가동사업자,22147484.662576687,1548.1411042944785
서울특별시,관악구,202601,8005,중국음식,737340000,26843,201.0,LOCALDATA,식품인허가 영업점,3668358.2089552237,133.54726368159203
서울특별시,관악구,202601,8301,제과점,681300000,66740,143.0,LOCALDATA,식품인허가 영업점,4764335.664335664,466.7132867132867
서울특별시,관악구,202602,4010,편의점,3346700000,445434,369.0,국세청,가동사업자,9069647.696476964,1207.138211382114
서울특별시,관악구,202602,4020,슈퍼마켓,3464530000,230668,162.0,국세청,가동사업자,21385987.65432099,1423.8765432098764
서울특별시,관악구,202602,8005,중국음식,664620000,23887,202.0,LOCALDATA,식품인허가 영업점,3290198.0198019804,118.25247524752476
서울특별시,관악구,202602,8301,제과점,653100000,61393,143.0,LOCALDATA,식품인허가 영업점,4567132.867132867,429.32167832167835
서울특별시,관악구,202603,4010,편의점,3969250000,539973,369.0,국세청,가동사업자,10756775.067750677,1463.341463414634
서울특별시,관악구,202603,4020,슈퍼마켓,3479090000,258958,163.0,국세청,가동사업자,21344110.429447852,1588.6993865030674
서울특별시,관악구,202603,8005,중국음식,762980000,28352,200.0,LOCALDATA,식품인허가 영업점,3814900.0,141.76
서울특별시,관악구,202603,8301,제과점,743940000,72578,144.0,LOCALDATA,식품인허가 영업점,5166250.0,504.0138888888889
서울특별시,관악구,202604,4010,편의점,3787250000,546469,368.0,국세청,가동사업자,10291440.217391305,1484.9701086956522
서울특별시,관악구,202604,4020,슈퍼마켓,3330040000,251504,163.0,국세청,가동사업자,20429693.251533743,1542.9693251533743
서울특별시,관악구,202604,8005,중국음식,697550000,26946,198.0,LOCALDATA,식품인허가 영업점,3522979.797979798,136.0909090909091
서울특별시,관악구,202604,8301,제과점,698940000,72623,157.0,LOCALDATA,식품인허가 영업점,4451847.133757962,462.5668789808917
서울특별시,관악구,202605,4010,편의점,4030320000,559873,369.0,국세청,가동사업자,10922276.422764227,1517.271002710027
서울특별시,관악구,202605,4020,슈퍼마켓,3464350000,259035,162.0,국세청,가동사업자,21384876.543209877,1598.9814814814815
서울특별시,관악구,202605,8005,중국음식,777290000,27593,200.0,LOCALDATA,식품인허가 영업점,3886450.0,137.965
서울특별시,관악구,202605,8301,제과점,733110000,70921,147.0,LOCALDATA,식품인허가 영업점,4987142.857142857,482.4557823129252
서울특별시,관악구,202606,4010,편의점,3948520000,551139,368.0,국세청,가동사업자,10729673.913043479,1497.6603260869565
서울특별시,관악구,202606,4020,슈퍼마켓,3351460000,252006,160.0,국세청,가동사업자,20946625.0,1575.0375
서울특별시,관악구,202606,8005,중국음식,692490000,25817,199.0,LOCALDATA,식품인허가 영업점,3479849.246231156,129.73366834170855
서울특별시,관악구,202606,8301,제과점,630760000,64818,146.0,LOCALDATA,식품인허가 영업점,4320273.97260274,443.958904109589
서울특별시,광진구,202601,4010,편의점,2359270000,314871,318.0,국세청,가동사업자,7419088.050314466,990.1603773584906
서울특별시,광진구,202601,4020,슈퍼마켓,2096930000,125407,121.0,국세청,가동사업자,17330000.0,1036.4214876033059
서울특별시,광진구,202601,8005,중국음식,1054190000,29012,243.0,LOCALDATA,식품인허가 영업점,4338230.452674897,119.39094650205762
서울특별시,광진구,202601,8301,제과점,464510000,45948,124.0,LOCALDATA,식품인허가 영업점,3746048.3870967743,370.5483870967742
서울특별시,광진구,202602,4010,편의점,2196510000,290427,318.0,국세청,가동사업자,6907264.150943397,913.2924528301887
서울특별시,광진구,202602,4020,슈퍼마켓,1989430000,113891,123.0,국세청,가동사업자,16174227.642276423,925.9430894308944
서울특별시,광진구,202602,8005,중국음식,979380000,26268,244.0,LOCALDATA,식품인허가 영업점,4013852.4590163934,107.65573770491804
서울특별시,광진구,202602,8301,제과점,448890000,43019,124.0,LOCALDATA,식품인허가 영업점,3620080.64516129,346.9274193548387
서울특별시,광진구,202603,4010,편의점,2667080000,363581,316.0,국세청,가동사업자,8440126.58227848,1150.5727848101267
서울특별시,광진구,202603,4020,슈퍼마켓,1992280000,129535,121.0,국세청,가동사업자,16465123.966942148,1070.5371900826447
서울특별시,광진구,202603,8005,중국음식,1105120000,32353,243.0,LOCALDATA,식품인허가 영업점,4547818.930041152,133.13991769547326
서울특별시,광진구,202603,8301,제과점,533320000,52088,128.0,LOCALDATA,식품인허가 영업점,4166562.5,406.9375
서울특별시,광진구,202604,4010,편의점,2634780000,383814,315.0,국세청,가동사업자,8364380.952380952,1218.4571428571428
서울특별시,광진구,202604,4020,슈퍼마켓,1942390000,126954,122.0,국세청,가동사업자,15921229.50819672,1040.6065573770493
서울특별시,광진구,202604,8005,중국음식,992100000,30337,244.0,LOCALDATA,식품인허가 영업점,4065983.606557377,124.33196721311475
서울특별시,광진구,202604,8301,제과점,492480000,51976,131.0,LOCALDATA,식품인허가 영업점,3759389.3129770993,396.76335877862596
서울특별시,광진구,202605,4010,편의점,2834190000,395002,315.0,국세청,가동사업자,8997428.57142857,1253.974603174603
서울특별시,광진구,202605,4020,슈퍼마켓,1996390000,128561,123.0,국세청,가동사업자,16230813.008130081,1045.2113821138212
서울특별시,광진구,202605,8005,중국음식,1112020000,31704,247.0,LOCALDATA,식품인허가 영업점,4502105.263157895,128.3562753036437
서울특별시,광진구,202605,8301,제과점,514270000,51051,128.0,LOCALDATA,식품인허가 영업점,4017734.375,398.8359375
서울특별시,광진구,202606,4010,편의점,2694140000,376104,312.0,국세청,가동사업자,8635064.102564102,1205.4615384615386
서울특별시,광진구,202606,4020,슈퍼마켓,1917140000,124967,121.0,국세청,가동사업자,15844132.231404958,1032.7851239669421
서울특별시,광진구,202606,8005,중국음식,949310000,28245,247.0,LOCALDATA,식품인허가 영업점,3843360.32388664,114.35222672064778
서울특별시,광진구,202606,8301,제과점,436660000,46170,126.0,LOCALDATA,식품인허가 영업점,3465555.5555555555,366.42857142857144
서울특별시,구로구,202601,4010,편의점,2874960000,385159,320.0,국세청,가동사업자,8984250.0,1203.621875
서울특별시,구로구,202601,4020,슈퍼마켓,3564300000,217981,143.0,국세청,가동사업자,24925174.825174823,1524.3426573426573
서울특별시,구로구,202601,8005,중국음식,955690000,32536,322.0,LOCALDATA,식품인허가 영업점,2967981.366459627,101.04347826086956
서울특별시,구로구,202601,8301,제과점,590180000,63718,112.0,LOCALDATA,식품인허가 영업점,5269464.285714285,568.9107142857143
서울특별시,구로구,202602,4010,편의점,2641990000,346978,322.0,국세청,가동사업자,8204937.888198758,1077.5714285714287
서울특별시,구로구,202602,4020,슈퍼마켓,3465030000,200770,144.0,국세청,가동사업자,24062708.333333332,1394.236111111111
서울특별시,구로구,202602,8005,중국음식,889190000,28605,321.0,LOCALDATA,식품인허가 영업점,2770062.3052959503,89.11214953271028
서울특별시,구로구,202602,8301,제과점,550670000,57001,112.0,LOCALDATA,식품인허가 영업점,4916696.428571428,508.9375
서울특별시,구로구,202603,4010,편의점,3050960000,414351,320.0,국세청,가동사업자,9534250.0,1294.846875
서울특별시,구로구,202603,4020,슈퍼마켓,3149530000,212441,146.0,국세청,가동사업자,21572123.287671234,1455.0753424657535
서울특별시,구로구,202603,8005,중국음식,983300000,34920,324.0,LOCALDATA,식품인허가 영업점,3034876.5432098764,107.77777777777777
서울특별시,구로구,202603,8301,제과점,614710000,65786,113.0,LOCALDATA,식품인허가 영업점,5439911.504424779,582.1769911504425
서울특별시,구로구,202604,4010,편의점,2963750000,419561,321.0,국세청,가동사업자,9232866.043613708,1307.0436137071652
서울특별시,구로구,202604,4020,슈퍼마켓,3411500000,217453,146.0,국세청,가동사업자,23366438.356164385,1489.4041095890411
서울특별시,구로구,202604,8005,중국음식,941370000,33821,323.0,LOCALDATA,식품인허가 영업점,2914458.204334365,104.70897832817337
서울특별시,구로구,202604,8301,제과점,578270000,67412,115.0,LOCALDATA,식품인허가 영업점,5028434.782608695,586.1913043478261
서울특별시,구로구,202605,4010,편의점,3131700000,428909,323.0,국세청,가동사업자,9695665.634674923,1327.891640866873
서울특별시,구로구,202605,4020,슈퍼마켓,3412160000,217317,147.0,국세청,가동사업자,23211972.789115645,1478.3469387755101
서울특별시,구로구,202605,8005,중국음식,1018360000,34533,325.0,LOCALDATA,식품인허가 영업점,3133415.3846153845,106.25538461538461
서울특별시,구로구,202605,8301,제과점,597440000,63896,114.0,LOCALDATA,식품인허가 영업점,5240701.754385965,560.4912280701755
서울특별시,구로구,202606,4010,편의점,3122320000,434214,316.0,국세청,가동사업자,9880759.493670886,1374.0949367088608
서울특별시,구로구,202606,4020,슈퍼마켓,3315190000,212583,145.0,국세청,가동사업자,22863379.310344826,1466.0896551724138
서울특별시,구로구,202606,8005,중국음식,939500000,32950,325.0,LOCALDATA,식품인허가 영업점,2890769.230769231,101.38461538461539
서울특별시,구로구,202606,8301,제과점,520160000,59875,116.0,LOCALDATA,식품인허가 영업점,4484137.931034483,516.1637931034483
서울특별시,금천구,202601,4010,편의점,2222960000,314529,278.0,국세청,가동사업자,7996258.992805756,1131.3992805755395
서울특별시,금천구,202601,4020,슈퍼마켓,2252670000,149189,95.0,국세청,가동사업자,23712315.789473683,1570.4105263157894
서울특별시,금천구,202601,8005,중국음식,554690000,19869,193.0,LOCALDATA,식품인허가 영업점,2874041.450777202,102.94818652849742
서울특별시,금천구,202601,8301,제과점,332370000,33267,74.0,LOCALDATA,식품인허가 영업점,4491486.486486486,449.55405405405406
서울특별시,금천구,202602,4010,편의점,2016950000,279349,276.0,국세청,가동사업자,7307789.855072464,1012.1340579710145
서울특별시,금천구,202602,4020,슈퍼마켓,2222440000,140389,95.0,국세청,가동사업자,23394105.263157893,1477.778947368421
서울특별시,금천구,202602,8005,중국음식,508800000,17153,192.0,LOCALDATA,식품인허가 영업점,2650000.0,89.33854166666667
서울특별시,금천구,202602,8301,제과점,335270000,32429,72.0,LOCALDATA,식품인허가 영업점,4656527.777777778,450.40277777777777
서울특별시,금천구,202603,4010,편의점,2354950000,333635,278.0,국세청,가동사업자,8471043.165467625,1200.1258992805756
서울특별시,금천구,202603,4020,슈퍼마켓,2151830000,154911,95.0,국세청,가동사업자,22650842.10526316,1630.6421052631579
서울특별시,금천구,202603,8005,중국음식,545270000,20243,194.0,LOCALDATA,식품인허가 영업점,2810670.1030927836,104.34536082474227
서울특별시,금천구,202603,8301,제과점,368450000,36648,73.0,LOCALDATA,식품인허가 영업점,5047260.273972603,502.027397260274
서울특별시,금천구,202604,4010,편의점,2302410000,339933,279.0,국세청,가동사업자,8252365.59139785,1218.3978494623657
서울특별시,금천구,202604,4020,슈퍼마켓,2072790000,151160,95.0,국세청,가동사업자,21818842.10526316,1591.157894736842
서울특별시,금천구,202604,8005,중국음식,531300000,20064,195.0,LOCALDATA,식품인허가 영업점,2724615.3846153845,102.8923076923077
서울특별시,금천구,202604,8301,제과점,352010000,37290,77.0,LOCALDATA,식품인허가 영업점,4571558.441558441,484.2857142857143
서울특별시,금천구,202605,4010,편의점,2297450000,327568,276.0,국세청,가동사업자,8324094.202898551,1186.840579710145
서울특별시,금천구,202605,4020,슈퍼마켓,2139880000,153356,95.0,국세청,가동사업자,22525052.63157895,1614.2736842105264
서울특별시,금천구,202605,8005,중국음식,550190000,19046,196.0,LOCALDATA,식품인허가 영업점,2807091.836734694,97.1734693877551
서울특별시,금천구,202605,8301,제과점,340230000,34864,78.0,LOCALDATA,식품인허가 영업점,4361923.076923077,446.97435897435895
서울특별시,금천구,202606,4010,편의점,2350460000,341395,274.0,국세청,가동사업자,8578321.167883212,1245.9671532846714
서울특별시,금천구,202606,4020,슈퍼마켓,2069840000,149553,95.0,국세청,가동사업자,21787789.47368421,1574.2421052631578
서울특별시,금천구,202606,8005,중국음식,507330000,18380,196.0,LOCALDATA,식품인허가 영업점,2588418.3673469387,93.77551020408163
서울특별시,금천구,202606,8301,제과점,305650000,33179,76.0,LOCALDATA,식품인허가 영업점,4021710.5263157897,436.5657894736842
서울특별시,노원구,202601,4010,편의점,2232460000,312225,299.0,국세청,가동사업자,7466421.404682274,1044.2307692307693
서울특별시,노원구,202601,4020,슈퍼마켓,2917920000,162706,120.0,국세청,가동사업자,24316000.0,1355.8833333333334
서울특별시,노원구,202601,8005,중국음식,474790000,18567,141.0,LOCALDATA,식품인허가 영업점,3367304.9645390073,131.68085106382978
서울특별시,노원구,202601,8301,제과점,532530000,53607,148.0,LOCALDATA,식품인허가 영업점,3598175.6756756757,362.2094594594595
서울특별시,노원구,202602,4010,편의점,2093550000,287415,299.0,국세청,가동사업자,7001839.464882943,961.2541806020067
서울특별시,노원구,202602,4020,슈퍼마켓,2951030000,155693,122.0,국세청,가동사업자,24188770.491803277,1276.172131147541
서울특별시,노원구,202602,8005,중국음식,435880000,16469,140.0,LOCALDATA,식품인허가 영업점,3113428.5714285714,117.63571428571429
서울특별시,노원구,202602,8301,제과점,538560000,51440,147.0,LOCALDATA,식품인허가 영업점,3663673.4693877553,349.93197278911566
서울특별시,노원구,202603,4010,편의점,2524260000,361764,299.0,국세청,가동사업자,8442341.137123745,1209.9130434782608
서울특별시,노원구,202603,4020,슈퍼마켓,2818350000,172401,124.0,국세청,가동사업자,22728629.032258064,1390.3306451612902
서울특별시,노원구,202603,8005,중국음식,472800000,19531,139.0,LOCALDATA,식품인허가 영업점,3401438.848920863,140.5107913669065
서울특별시,노원구,202603,8301,제과점,623150000,62226,144.0,LOCALDATA,식품인허가 영업점,4327430.555555556,432.125
서울특별시,노원구,202604,4010,편의점,2408970000,370697,302.0,국세청,가동사업자,7976721.854304636,1227.4735099337747
서울특별시,노원구,202604,4020,슈퍼마켓,2729860000,169717,122.0,국세청,가동사업자,22375901.639344264,1391.122950819672
서울특별시,노원구,202604,8005,중국음식,425040000,18201,139.0,LOCALDATA,식품인허가 영업점,3057841.726618705,130.94244604316546
서울특별시,노원구,202604,8301,제과점,589490000,64916,145.0,LOCALDATA,식품인허가 영업점,4065448.275862069,447.6965517241379
서울특별시,노원구,202605,4010,편의점,2534290000,370656,300.0,국세청,가동사업자,8447633.333333334,1235.52
서울특별시,노원구,202605,4020,슈퍼마켓,2758950000,168082,122.0,국세청,가동사업자,22614344.262295082,1377.72131147541
서울특별시,노원구,202605,8005,중국음식,474100000,18315,139.0,LOCALDATA,식품인허가 영업점,3410791.366906475,131.76258992805757
서울특별시,노원구,202605,8301,제과점,588080000,60366,143.0,LOCALDATA,식품인허가 영업점,4112447.5524475523,422.13986013986016
서울특별시,노원구,202606,4010,편의점,2485320000,364908,300.0,국세청,가동사업자,8284400.0,1216.36
서울특별시,노원구,202606,4020,슈퍼마켓,2704860000,165581,128.0,국세청,가동사업자,21131718.75,1293.6015625
서울특별시,노원구,202606,8005,중국음식,386840000,16093,137.0,LOCALDATA,식품인허가 영업점,2823649.6350364964,117.46715328467154
서울특별시,노원구,202606,8301,제과점,499300000,54609,145.0,LOCALDATA,식품인허가 영업점,3443448.275862069,376.6137931034483
서울특별시,도봉구,202601,4010,편의점,1403860000,184629,225.0,국세청,가동사업자,6239377.777777778,820.5733333333334
서울특별시,도봉구,202601,4020,슈퍼마켓,1669110000,97524,92.0,국세청,가동사업자,18142500.0,1060.0434782608695
서울특별시,도봉구,202601,8005,중국음식,212080000,8897,80.0,LOCALDATA,식품인허가 영업점,2651000.0,111.2125
서울특별시,도봉구,202601,8301,제과점,297290000,27986,78.0,LOCALDATA,식품인허가 영업점,3811410.2564102565,358.79487179487177
서울특별시,도봉구,202602,4010,편의점,1304460000,171144,225.0,국세청,가동사업자,5797600.0,760.64
서울특별시,도봉구,202602,4020,슈퍼마켓,1641710000,91280,95.0,국세청,가동사업자,17281157.89473684,960.8421052631579
서울특별시,도봉구,202602,8005,중국음식,189950000,7681,80.0,LOCALDATA,식품인허가 영업점,2374375.0,96.0125
서울특별시,도봉구,202602,8301,제과점,296270000,26973,78.0,LOCALDATA,식품인허가 영업점,3798333.3333333335,345.8076923076923
서울특별시,도봉구,202603,4010,편의점,1475270000,199400,225.0,국세청,가동사업자,6556755.555555556,886.2222222222222
서울특별시,도봉구,202603,4020,슈퍼마켓,1554840000,98626,95.0,국세청,가동사업자,16366736.842105264,1038.1684210526316
서울특별시,도봉구,202603,8005,중국음식,206170000,8862,80.0,LOCALDATA,식품인허가 영업점,2577125.0,110.775
서울특별시,도봉구,202603,8301,제과점,320690000,29798,81.0,LOCALDATA,식품인허가 영업점,3959135.8024691357,367.87654320987656
서울특별시,도봉구,202604,4010,편의점,1423050000,201301,225.0,국세청,가동사업자,6324666.666666667,894.6711111111111
서울특별시,도봉구,202604,4020,슈퍼마켓,1528870000,97254,119.0,국세청,가동사업자,12847647.05882353,817.2605042016806
서울특별시,도봉구,202604,8005,중국음식,207440000,8997,82.0,LOCALDATA,식품인허가 영업점,2529756.0975609757,109.71951219512195
서울특별시,도봉구,202604,8301,제과점,303790000,30653,82.0,LOCALDATA,식품인허가 영업점,3704756.0975609757,373.8170731707317
서울특별시,도봉구,202605,4010,편의점,1504610000,205464,225.0,국세청,가동사업자,6687155.555555556,913.1733333333333
서울특별시,도봉구,202605,4020,슈퍼마켓,1590840000,98859,122.0,국세청,가동사업자,13039672.131147541,810.3196721311475
서울특별시,도봉구,202605,8005,중국음식,225860000,9431,81.0,LOCALDATA,식품인허가 영업점,2788395.061728395,116.4320987654321
서울특별시,도봉구,202605,8301,제과점,318730000,29882,81.0,LOCALDATA,식품인허가 영업점,3934938.2716049384,368.91358024691357
서울특별시,도봉구,202606,4010,편의점,1519970000,204877,225.0,국세청,가동사업자,6755422.222222222,910.5644444444445
서울특별시,도봉구,202606,4020,슈퍼마켓,1527890000,96035,123.0,국세청,가동사업자,12421869.918699186,780.7723577235772
서울특별시,도봉구,202606,8005,중국음식,190830000,8489,80.0,LOCALDATA,식품인허가 영업점,2385375.0,106.1125
서울특별시,도봉구,202606,8301,제과점,264300000,26504,81.0,LOCALDATA,식품인허가 영업점,3262962.962962963,327.2098765432099
서울특별시,동대문구,202601,4010,편의점,2608850000,352249,312.0,국세청,가동사업자,8361698.717948718,1129.003205128205
서울특별시,동대문구,202601,4020,슈퍼마켓,2236360000,139678,129.0,국세청,가동사업자,17336124.03100775,1082.7751937984497
서울특별시,동대문구,202601,8005,중국음식,517350000,20320,160.0,LOCALDATA,식품인허가 영업점,3233437.5,127.0
서울특별시,동대문구,202601,8301,제과점,489990000,48686,123.0,LOCALDATA,식품인허가 영업점,3983658.536585366,395.8211382113821
서울특별시,동대문구,202602,4010,편의점,2418800000,321552,313.0,국세청,가동사업자,7727795.5271565495,1027.3226837060704
서울특별시,동대문구,202602,4020,슈퍼마켓,2116400000,125663,128.0,국세청,가동사업자,16534375.0,981.7421875
서울특별시,동대문구,202602,8005,중국음식,460000000,17375,158.0,LOCALDATA,식품인허가 영업점,2911392.405063291,109.96835443037975
서울특별시,동대문구,202602,8301,제과점,473310000,44234,120.0,LOCALDATA,식품인허가 영업점,3944250.0,368.6166666666667
서울특별시,동대문구,202603,4010,편의점,2948070000,406163,313.0,국세청,가동사업자,9418753.993610224,1297.6453674121406
서울특별시,동대문구,202603,4020,슈퍼마켓,1971370000,136821,126.0,국세청,가동사업자,15645793.650793651,1085.8809523809523
서울특별시,동대문구,202603,8005,중국음식,543460000,22707,163.0,LOCALDATA,식품인허가 영업점,3334110.4294478525,139.30674846625766
서울특별시,동대문구,202603,8301,제과점,568770000,59344,121.0,LOCALDATA,식품인허가 영업점,4700578.512396694,490.44628099173553
서울특별시,동대문구,202604,4010,편의점,2799630000,413199,313.0,국세청,가동사업자,8944504.79233227,1320.1246006389777
서울특별시,동대문구,202604,4020,슈퍼마켓,1856390000,132287,125.0,국세청,가동사업자,14851120.0,1058.296
서울특별시,동대문구,202604,8005,중국음식,531330000,22938,164.0,LOCALDATA,식품인허가 영업점,3239817.073170732,139.8658536585366
서울특별시,동대문구,202604,8301,제과점,550300000,61607,121.0,LOCALDATA,식품인허가 영업점,4547933.884297521,509.1487603305785
서울특별시,동대문구,202605,4010,편의점,2941610000,416106,316.0,국세청,가동사업자,9308892.405063292,1316.7911392405063
서울특별시,동대문구,202605,4020,슈퍼마켓,1885210000,132197,121.0,국세청,가동사업자,15580247.933884298,1092.5371900826447
서울특별시,동대문구,202605,8005,중국음식,564940000,23134,163.0,LOCALDATA,식품인허가 영업점,3465889.5705521475,141.92638036809817
서울특별시,동대문구,202605,8301,제과점,544120000,56614,122.0,LOCALDATA,식품인허가 영업점,4460000.0,464.04918032786884
서울특별시,동대문구,202606,4010,편의점,2920710000,414196,316.0,국세청,가동사업자,9242753.164556962,1310.746835443038
서울특별시,동대문구,202606,4020,슈퍼마켓,1813970000,129795,119.0,국세청,가동사업자,15243445.37815126,1090.7142857142858
서울특별시,동대문구,202606,8005,중국음식,498970000,21023,164.0,LOCALDATA,식품인허가 영업점,3042500.0,128.1890243902439
서울특별시,동대문구,202606,8301,제과점,475120000,52963,122.0,LOCALDATA,식품인허가 영업점,3894426.229508197,434.12295081967216
서울특별시,동작구,202601,4010,편의점,2240850000,328369,282.0,국세청,가동사업자,7946276.595744681,1164.4290780141844
서울특별시,동작구,202601,4020,슈퍼마켓,1808950000,118719,112.0,국세청,가동사업자,16151339.285714285,1059.9910714285713
서울특별시,동작구,202601,8005,중국음식,431220000,17912,123.0,LOCALDATA,식품인허가 영업점,3505853.6585365855,145.6260162601626
서울특별시,동작구,202601,8301,제과점,497770000,52067,127.0,LOCALDATA,식품인허가 영업점,3919448.818897638,409.9763779527559
서울특별시,동작구,202602,4010,편의점,2039650000,290663,280.0,국세청,가동사업자,7284464.285714285,1038.0821428571428
서울특별시,동작구,202602,4020,슈퍼마켓,1724850000,108022,112.0,국세청,가동사업자,15400446.42857143,964.4821428571429
서울특별시,동작구,202602,8005,중국음식,395770000,15692,123.0,LOCALDATA,식품인허가 영업점,3217642.276422764,127.57723577235772
서울특별시,동작구,202602,8301,제과점,471390000,46744,129.0,LOCALDATA,식품인허가 영업점,3654186.0465116277,362.3565891472868
서울특별시,동작구,202603,4010,편의점,2525090000,377929,278.0,국세청,가동사업자,9083057.553956835,1359.4568345323742
서울특별시,동작구,202603,4020,슈퍼마켓,1783920000,125566,113.0,국세청,가동사업자,15786902.654867256,1111.203539823009
서울특별시,동작구,202603,8005,중국음식,481300000,20757,124.0,LOCALDATA,식품인허가 영업점,3881451.6129032257,167.3951612903226
서울특별시,동작구,202603,8301,제과점,570790000,62125,129.0,LOCALDATA,식품인허가 영업점,4424728.682170543,481.5891472868217
서울특별시,동작구,202604,4010,편의점,2461470000,391452,280.0,국세청,가동사업자,8790964.285714285,1398.0428571428572
서울특별시,동작구,202604,4020,슈퍼마켓,1731430000,123261,115.0,국세청,가동사업자,15055913.043478262,1071.8347826086956
서울특별시,동작구,202604,8005,중국음식,440990000,19956,124.0,LOCALDATA,식품인허가 영업점,3556370.9677419355,160.93548387096774
서울특별시,동작구,202604,8301,제과점,553770000,64592,131.0,LOCALDATA,식품인허가 영업점,4227251.908396946,493.0687022900763
서울특별시,동작구,202605,4010,편의점,2588400000,391364,281.0,국세청,가동사업자,9211387.900355872,1392.7544483985764
서울특별시,동작구,202605,4020,슈퍼마켓,1774670000,125104,115.0,국세청,가동사업자,15431913.043478262,1087.8608695652174
서울특별시,동작구,202605,8005,중국음식,471190000,19431,124.0,LOCALDATA,식품인허가 영업점,3799919.35483871,156.7016129032258
서울특별시,동작구,202605,8301,제과점,544960000,59938,130.0,LOCALDATA,식품인허가 영업점,4192000.0,461.0615384615385
서울특별시,동작구,202606,4010,편의점,2522090000,380160,277.0,국세청,가동사업자,9105018.050541516,1372.4187725631768
서울특별시,동작구,202606,4020,슈퍼마켓,1729820000,121697,114.0,국세청,가동사업자,15173859.649122806,1067.517543859649
서울특별시,동작구,202606,8005,중국음식,419350000,17768,123.0,LOCALDATA,식품인허가 영업점,3409349.5934959347,144.45528455284554
서울특별시,동작구,202606,8301,제과점,485360000,54954,130.0,LOCALDATA,식품인허가 영업점,3733538.4615384615,422.7230769230769
서울특별시,마포구,202601,4010,편의점,3355410000,467355,451.0,국세청,가동사업자,7439933.481152994,1036.2638580931264
서울특별시,마포구,202601,4020,슈퍼마켓,1641150000,90646,145.0,국세청,가동사업자,11318275.862068966,625.1448275862069
서울특별시,마포구,202601,8005,중국음식,1297700000,40714,248.0,LOCALDATA,식품인허가 영업점,5232661.29032258,164.16935483870967
서울특별시,마포구,202601,8301,제과점,856840000,76972,303.0,LOCALDATA,식품인허가 영업점,2827854.7854785477,254.03300330033002
서울특별시,마포구,202602,4010,편의점,3166470000,423915,451.0,국세청,가동사업자,7020997.782705099,939.9445676274945
서울특별시,마포구,202602,4020,슈퍼마켓,1585900000,83788,143.0,국세청,가동사업자,11090209.79020979,585.93006993007
서울특별시,마포구,202602,8005,중국음식,1168960000,35984,249.0,LOCALDATA,식품인허가 영업점,4694618.473895582,144.5140562248996
서울특별시,마포구,202602,8301,제과점,798030000,69535,306.0,LOCALDATA,식품인허가 영업점,2607941.1764705884,227.23856209150327
서울특별시,마포구,202603,4010,편의점,3691670000,510048,452.0,국세청,가동사업자,8167411.504424779,1128.424778761062
서울특별시,마포구,202603,4020,슈퍼마켓,1666470000,97537,145.0,국세청,가동사업자,11492896.551724138,672.6689655172414
서울특별시,마포구,202603,8005,중국음식,1294030000,41896,253.0,LOCALDATA,식품인허가 영업점,5114743.083003952,165.59683794466403
서울특별시,마포구,202603,8301,제과점,905350000,82832,310.0,LOCALDATA,식품인허가 영업점,2920483.870967742,267.2
서울특별시,마포구,202604,4010,편의점,3583320000,527554,451.0,국세청,가동사업자,7945277.161862528,1169.7427937915743
서울특별시,마포구,202604,4020,슈퍼마켓,1618980000,96526,147.0,국세청,가동사업자,11013469.387755102,656.6394557823129
서울특별시,마포구,202604,8005,중국음식,1162580000,39549,258.0,LOCALDATA,식품인허가 영업점,4506124.031007752,153.2906976744186
서울특별시,마포구,202604,8301,제과점,823330000,81699,317.0,LOCALDATA,식품인허가 영업점,2597255.5205047317,257.7255520504732
서울특별시,마포구,202605,4010,편의점,3794120000,542270,453.0,국세청,가동사업자,8375540.838852097,1197.064017660044
서울특별시,마포구,202605,4020,슈퍼마켓,1681630000,97844,145.0,국세청,가동사업자,11597448.27586207,674.7862068965517
서울특별시,마포구,202605,8005,중국음식,1256110000,40023,260.0,LOCALDATA,식품인허가 영업점,4831192.307692308,153.9346153846154
서울특별시,마포구,202605,8301,제과점,865010000,79080,319.0,LOCALDATA,식품인허가 영업점,2711630.094043887,247.89968652037618
서울특별시,마포구,202606,4010,편의점,3757180000,533447,449.0,국세청,가동사업자,8367884.187082405,1188.077951002227
서울특별시,마포구,202606,4020,슈퍼마켓,1588100000,93774,150.0,국세청,가동사업자,10587333.333333334,625.16
서울특별시,마포구,202606,8005,중국음식,1093400000,36511,256.0,LOCALDATA,식품인허가 영업점,4271093.75,142.62109375
서울특별시,마포구,202606,8301,제과점,730050000,71213,322.0,LOCALDATA,식품인허가 영업점,2267236.0248447205,221.1583850931677
서울특별시,서대문구,202601,4010,편의점,2221690000,309457,257.0,국세청,가동사업자,8644708.171206227,1204.1128404669262
서울특별시,서대문구,202601,4020,슈퍼마켓,2313960000,127210,94.0,국세청,가동사업자,24616595.74468085,1353.2978723404256
서울특별시,서대문구,202601,8005,중국음식,640690000,21008,137.0,LOCALDATA,식품인허가 영업점,4676569.343065693,153.34306569343065
서울특별시,서대문구,202601,8301,제과점,553140000,52942,128.0,LOCALDATA,식품인허가 영업점,4321406.25,413.609375
서울특별시,서대문구,202602,4010,편의점,2023000000,275018,258.0,국세청,가동사업자,7841085.271317829,1065.9612403100775
서울특별시,서대문구,202602,4020,슈퍼마켓,2144480000,113227,95.0,국세청,가동사업자,22573473.684210528,1191.8631578947368
서울특별시,서대문구,202602,8005,중국음식,602920000,18676,137.0,LOCALDATA,식품인허가 영업점,4400875.912408759,136.32116788321167
서울특별시,서대문구,202602,8301,제과점,538810000,48668,128.0,LOCALDATA,식품인허가 영업점,4209453.125,380.21875
서울특별시,서대문구,202603,4010,편의점,2585880000,372048,257.0,국세청,가동사업자,10061789.883268483,1447.657587548638
서울특별시,서대문구,202603,4020,슈퍼마켓,2080650000,125901,98.0,국세청,가동사업자,21231122.44897959,1284.704081632653
서울특별시,서대문구,202603,8005,중국음식,715770000,25380,139.0,LOCALDATA,식품인허가 영업점,5149424.460431655,182.58992805755395
서울특별시,서대문구,202603,8301,제과점,659820000,64449,129.0,LOCALDATA,식품인허가 영업점,5114883.720930233,499.6046511627907
서울특별시,서대문구,202604,4010,편의점,2453360000,380103,259.0,국세청,가동사업자,9472432.432432432,1467.5791505791506
서울특별시,서대문구,202604,4020,슈퍼마켓,1990650000,121123,100.0,국세청,가동사업자,19906500.0,1211.23
서울특별시,서대문구,202604,8005,중국음식,665770000,23958,137.0,LOCALDATA,식품인허가 영업점,4859635.036496351,174.87591240875912
서울특별시,서대문구,202604,8301,제과점,633070000,66583,127.0,LOCALDATA,식품인허가 영업점,4984803.1496063,524.2755905511812
서울특별시,서대문구,202605,4010,편의점,2545740000,374710,260.0,국세청,가동사업자,9791307.692307692,1441.1923076923076
서울특별시,서대문구,202605,4020,슈퍼마켓,1938100000,115948,102.0,국세청,가동사업자,19000980.39215686,1136.7450980392157
서울특별시,서대문구,202605,8005,중국음식,701030000,23850,139.0,LOCALDATA,식품인허가 영업점,5043381.2949640285,171.58273381294964
서울특별시,서대문구,202605,8301,제과점,626900000,61946,126.0,LOCALDATA,식품인허가 영업점,4975396.825396826,491.63492063492066
서울특별시,서대문구,202606,4010,편의점,2509600000,366725,256.0,국세청,가동사업자,9803125.0,1432.51953125
서울특별시,서대문구,202606,4020,슈퍼마켓,1907230000,113990,99.0,국세청,가동사업자,19264949.494949494,1151.4141414141413
서울특별시,서대문구,202606,8005,중국음식,630070000,22095,140.0,LOCALDATA,식품인허가 영업점,4500500.0,157.82142857142858
서울특별시,서대문구,202606,8301,제과점,555760000,57713,127.0,LOCALDATA,식품인허가 영업점,4376062.992125984,454.43307086614175
서울특별시,서초구,202601,4010,편의점,3358720000,493667,396.0,국세청,가동사업자,8481616.161616161,1246.6338383838383
서울특별시,서초구,202601,4020,슈퍼마켓,832690000,43299,151.0,국세청,가동사업자,5514503.311258278,286.74834437086093
서울특별시,서초구,202601,8005,중국음식,1700660000,39799,225.0,LOCALDATA,식품인허가 영업점,7558488.888888889,176.88444444444445
서울특별시,서초구,202601,8301,제과점,1060550000,94504,242.0,LOCALDATA,식품인허가 영업점,4382438.016528926,390.5123966942149
서울특별시,서초구,202602,4010,편의점,3058280000,445962,399.0,국세청,가동사업자,7664862.155388471,1117.6992481203008
서울특별시,서초구,202602,4020,슈퍼마켓,739930000,37489,153.0,국세청,가동사업자,4836143.790849674,245.0261437908497
서울특별시,서초구,202602,8005,중국음식,1428460000,34166,226.0,LOCALDATA,식품인허가 영업점,6320619.469026549,151.1769911504425
서울특별시,서초구,202602,8301,제과점,1025410000,85811,241.0,LOCALDATA,식품인허가 영업점,4254813.278008299,356.0622406639004
서울특별시,서초구,202603,4010,편의점,3752460000,537921,398.0,국세청,가동사업자,9428291.457286432,1351.5603015075376
서울특별시,서초구,202603,4020,슈퍼마켓,774140000,42999,152.0,국세청,가동사업자,5093026.315789473,282.8881578947368
서울특별시,서초구,202603,8005,중국음식,1515730000,37975,228.0,LOCALDATA,식품인허가 영업점,6647938.596491228,166.55701754385964
서울특별시,서초구,202603,8301,제과점,1107390000,101080,245.0,LOCALDATA,식품인허가 영업점,4519959.183673469,412.57142857142856
서울특별시,서초구,202604,4010,편의점,3675010000,559950,404.0,국세청,가동사업자,9096559.405940594,1386.0148514851485
서울특별시,서초구,202604,4020,슈퍼마켓,727670000,41650,148.0,국세청,가동사업자,4916689.189189189,281.4189189189189
서울특별시,서초구,202604,8005,중국음식,1420110000,36838,226.0,LOCALDATA,식품인허가 영업점,6283672.566371681,163.0
서울특별시,서초구,202604,8301,제과점,1071460000,101828,242.0,LOCALDATA,식품인허가 영업점,4427520.661157025,420.77685950413223
서울특별시,서초구,202605,4010,편의점,3829600000,561580,404.0,국세청,가동사업자,9479207.920792079,1390.049504950495
서울특별시,서초구,202605,4020,슈퍼마켓,718910000,40211,147.0,국세청,가동사업자,4890544.217687075,273.5442176870748
서울특별시,서초구,202605,8005,중국음식,1519690000,36445,226.0,LOCALDATA,식품인허가 영업점,6724292.03539823,161.26106194690266
서울특별시,서초구,202605,8301,제과점,1084790000,98350,241.0,LOCALDATA,식품인허가 영업점,4501203.319502074,408.09128630705396
서울특별시,서초구,202606,4010,편의점,3824780000,563645,400.0,국세청,가동사업자,9561950.0,1409.1125
서울특별시,서초구,202606,4020,슈퍼마켓,725830000,41029,151.0,국세청,가동사업자,4806821.19205298,271.71523178807945
서울특별시,서초구,202606,8005,중국음식,1428030000,35847,226.0,LOCALDATA,식품인허가 영업점,6318716.814159292,158.6150442477876
서울특별시,서초구,202606,8301,제과점,960300000,92245,240.0,LOCALDATA,식품인허가 영업점,4001250.0,384.3541666666667
서울특별시,성동구,202601,4010,편의점,2140040000,282235,258.0,국세청,가동사업자,8294728.682170543,1093.9341085271317
서울특별시,성동구,202601,4020,슈퍼마켓,1643220000,89334,114.0,국세청,가동사업자,14414210.52631579,783.6315789473684
서울특별시,성동구,202601,8005,중국음식,452810000,17462,109.0,LOCALDATA,식품인허가 영업점,4154220.1834862386,160.2018348623853
서울특별시,성동구,202601,8301,제과점,597840000,51341,154.0,LOCALDATA,식품인허가 영업점,3882077.922077922,333.3831168831169
서울특별시,성동구,202602,4010,편의점,1915460000,253280,260.0,국세청,가동사업자,7367153.846153846,974.1538461538462
서울특별시,성동구,202602,4020,슈퍼마켓,1539030000,80027,112.0,국세청,가동사업자,13741339.285714285,714.5267857142857
서울특별시,성동구,202602,8005,중국음식,410540000,15297,110.0,LOCALDATA,식품인허가 영업점,3732181.8181818184,139.06363636363636
서울특별시,성동구,202602,8301,제과점,571890000,47826,149.0,LOCALDATA,식품인허가 영업점,3838187.9194630873,320.97986577181206
서울특별시,성동구,202603,4010,편의점,2364850000,326024,262.0,국세청,가동사업자,9026145.038167939,1244.3664122137404
서울특별시,성동구,202603,4020,슈퍼마켓,1536120000,90578,112.0,국세청,가동사업자,13715357.142857144,808.7321428571429
서울특별시,성동구,202603,8005,중국음식,469560000,18543,110.0,LOCALDATA,식품인허가 영업점,4268727.2727272725,168.57272727272726
서울특별시,성동구,202603,8301,제과점,572000000,53318,151.0,LOCALDATA,식품인허가 영업점,3788079.4701986755,353.0993377483444
서울특별시,성동구,202604,4010,편의점,2317040000,337427,261.0,국세청,가동사업자,8877547.892720306,1292.823754789272
서울특별시,성동구,202604,4020,슈퍼마켓,1507630000,89172,113.0,국세청,가동사업자,13341858.407079646,789.1327433628319
서울특별시,성동구,202604,8005,중국음식,437480000,17864,108.0,LOCALDATA,식품인허가 영업점,4050740.7407407407,165.40740740740742
서울특별시,성동구,202604,8301,제과점,568460000,54820,151.0,LOCALDATA,식품인허가 영업점,3764635.761589404,363.04635761589407
서울특별시,성동구,202605,4010,편의점,2417170000,340517,263.0,국세청,가동사업자,9190760.456273764,1294.7414448669201
서울특별시,성동구,202605,4020,슈퍼마켓,1501720000,86937,113.0,국세청,가동사업자,13289557.522123894,769.3539823008849
서울특별시,성동구,202605,8005,중국음식,500150000,18047,110.0,LOCALDATA,식품인허가 영업점,4546818.181818182,164.06363636363636
서울특별시,성동구,202605,8301,제과점,607930000,54620,150.0,LOCALDATA,식품인허가 영업점,4052866.6666666665,364.1333333333333
서울특별시,성동구,202606,4010,편의점,2379460000,337031,262.0,국세청,가동사업자,9081908.396946564,1286.3778625954199
서울특별시,성동구,202606,4020,슈퍼마켓,1457480000,85656,113.0,국세청,가동사업자,12898053.097345132,758.0176991150443
서울특별시,성동구,202606,8005,중국음식,441000000,16683,110.0,LOCALDATA,식품인허가 영업점,4009090.909090909,151.66363636363636
서울특별시,성동구,202606,8301,제과점,526280000,49938,151.0,LOCALDATA,식품인허가 영업점,3485298.013245033,330.71523178807945
서울특별시,성북구,202601,4010,편의점,2206070000,304281,287.0,국세청,가동사업자,7686655.052264809,1060.212543554007
서울특별시,성북구,202601,4020,슈퍼마켓,3148370000,169807,123.0,국세청,가동사업자,25596504.06504065,1380.5447154471544
서울특별시,성북구,202601,8005,중국음식,475680000,18144,131.0,LOCALDATA,식품인허가 영업점,3631145.038167939,138.50381679389312
서울특별시,성북구,202601,8301,제과점,503360000,45361,128.0,LOCALDATA,식품인허가 영업점,3932500.0,354.3828125
서울특별시,성북구,202602,4010,편의점,2044810000,274538,287.0,국세청,가동사업자,7124773.519163763,956.5783972125436
서울특별시,성북구,202602,4020,슈퍼마켓,2965650000,154586,124.0,국세청,가동사업자,23916532.258064516,1246.6612903225807
서울특별시,성북구,202602,8005,중국음식,438010000,16145,133.0,LOCALDATA,식품인허가 영업점,3293308.2706766916,121.39097744360902
서울특별시,성북구,202602,8301,제과점,508890000,43553,129.0,LOCALDATA,식품인허가 영업점,3944883.7209302327,337.62015503875966
서울특별시,성북구,202603,4010,편의점,2602760000,380915,287.0,국세청,가동사업자,9068850.174216028,1327.2299651567944
서울특별시,성북구,202603,4020,슈퍼마켓,2984760000,179601,122.0,국세청,가동사업자,24465245.901639346,1472.139344262295
서울특별시,성북구,202603,8005,중국음식,531810000,21154,133.0,LOCALDATA,식품인허가 영업점,3998571.4285714286,159.05263157894737
서울특별시,성북구,202603,8301,제과점,568200000,51273,133.0,LOCALDATA,식품인허가 영업점,4272180.45112782,385.5112781954887
서울특별시,성북구,202604,4010,편의점,2579920000,400745,288.0,국세청,가동사업자,8958055.555555556,1391.4756944444443
서울특별시,성북구,202604,4020,슈퍼마켓,2875020000,173922,126.0,국세청,가동사업자,22817619.04761905,1380.3333333333333
서울특별시,성북구,202604,8005,중국음식,494090000,20737,133.0,LOCALDATA,식품인허가 영업점,3714962.4060150376,155.91729323308272
서울특별시,성북구,202604,8301,제과점,549640000,53882,133.0,LOCALDATA,식품인허가 영업점,4132631.5789473685,405.1278195488722
서울특별시,성북구,202605,4010,편의점,2663920000,394494,290.0,국세청,가동사업자,9185931.034482758,1360.3241379310346
서울특별시,성북구,202605,4020,슈퍼마켓,2949340000,172979,124.0,국세청,가동사업자,23785000.0,1394.991935483871
서울특별시,성북구,202605,8005,중국음식,519490000,20591,132.0,LOCALDATA,식품인허가 영업점,3935530.303030303,155.99242424242425
서울특별시,성북구,202605,8301,제과점,576370000,51207,136.0,LOCALDATA,식품인허가 영업점,4238014.705882353,376.5220588235294
서울특별시,성북구,202606,4010,편의점,2588410000,380204,285.0,국세청,가동사업자,9082140.350877194,1334.0491228070175
서울특별시,성북구,202606,4020,슈퍼마켓,2841170000,168651,121.0,국세청,가동사업자,23480743.801652893,1393.809917355372
서울특별시,성북구,202606,8005,중국음식,451990000,18887,133.0,LOCALDATA,식품인허가 영업점,3398421.052631579,142.00751879699249
서울특별시,성북구,202606,8301,제과점,493440000,46436,134.0,LOCALDATA,식품인허가 영업점,3682388.0597014925,346.53731343283584
서울특별시,송파구,202601,4010,편의점,3964420000,554229,511.0,국세청,가동사업자,7758160.469667319,1084.59686888454
서울특별시,송파구,202601,4020,슈퍼마켓,3421100000,201914,197.0,국세청,가동사업자,17365989.847715735,1024.9441624365481
서울특별시,송파구,202601,8005,중국음식,1151550000,36415,221.0,LOCALDATA,식품인허가 영업점,5210633.484162896,164.7737556561086
서울특별시,송파구,202601,8301,제과점,871080000,81886,265.0,LOCALDATA,식품인허가 영업점,3287094.3396226414,309.0037735849057
서울특별시,송파구,202602,4010,편의점,3657220000,504485,489.0,국세청,가동사업자,7478977.505112475,1031.6666666666667
서울특별시,송파구,202602,4020,슈퍼마켓,3331060000,188250,197.0,국세청,가동사업자,16908934.010152284,955.5837563451777
서울특별시,송파구,202602,8005,중국음식,1051700000,32123,222.0,LOCALDATA,식품인허가 영업점,4737387.387387387,144.69819819819818
서울특별시,송파구,202602,8301,제과점,866300000,74977,267.0,LOCALDATA,식품인허가 영업점,3244569.2883895133,280.812734082397
서울특별시,송파구,202603,4010,편의점,4368280000,604412,487.0,국세청,가동사업자,8969774.127310062,1241.0924024640658
서울특별시,송파구,202603,4020,슈퍼마켓,3277570000,209189,192.0,국세청,가동사업자,17070677.083333332,1089.5260416666667
서울특별시,송파구,202603,8005,중국음식,1125970000,36513,220.0,LOCALDATA,식품인허가 영업점,5118045.454545454,165.96818181818182
서울특별시,송파구,202603,8301,제과점,992140000,88391,272.0,LOCALDATA,식품인허가 영업점,3647573.529411765,324.96691176470586
서울특별시,송파구,202604,4010,편의점,4408450000,647961,491.0,국세청,가동사업자,8978513.238289205,1319.6761710794297
서울특별시,송파구,202604,4020,슈퍼마켓,3167290000,204321,192.0,국세청,가동사업자,16496302.083333334,1064.171875
서울특별시,송파구,202604,8005,중국음식,1068090000,35474,219.0,LOCALDATA,식품인허가 영업점,4877123.287671233,161.98173515981736
서울특별시,송파구,202604,8301,제과점,961230000,92220,284.0,LOCALDATA,식품인허가 영업점,3384612.676056338,324.71830985915494
서울특별시,송파구,202605,4010,편의점,4590010000,655785,492.0,국세청,가동사업자,9329288.617886178,1332.8963414634147
서울특별시,송파구,202605,4020,슈퍼마켓,3307030000,207422,195.0,국세청,가동사업자,16959128.205128204,1063.702564102564
서울특별시,송파구,202605,8005,중국음식,1121340000,34634,219.0,LOCALDATA,식품인허가 영업점,5120273.97260274,158.1461187214612
서울특별시,송파구,202605,8301,제과점,1006840000,89356,277.0,LOCALDATA,식품인허가 영업점,3634801.444043321,322.58483754512633
서울특별시,송파구,202606,4010,편의점,4573650000,658867,496.0,국세청,가동사업자,9221068.548387097,1328.3608870967741
서울특별시,송파구,202606,4020,슈퍼마켓,3189600000,202260,194.0,국세청,가동사업자,16441237.113402061,1042.5773195876288
서울특별시,송파구,202606,8005,중국음식,970070000,32782,219.0,LOCALDATA,식품인허가 영업점,4429543.378995433,149.68949771689498
서울특별시,송파구,202606,8301,제과점,881940000,81304,270.0,LOCALDATA,식품인허가 영업점,3266444.4444444445,301.1259259259259
서울특별시,양천구,202601,4010,편의점,1947750000,264449,251.0,국세청,가동사업자,7759960.15936255,1053.581673306773
서울특별시,양천구,202601,4020,슈퍼마켓,3040220000,174076,149.0,국세청,가동사업자,20404161.073825505,1168.2953020134228
서울특별시,양천구,202601,8005,중국음식,454760000,17920,130.0,LOCALDATA,식품인허가 영업점,3498153.846153846,137.84615384615384
서울특별시,양천구,202601,8301,제과점,658600000,64792,147.0,LOCALDATA,식품인허가 영업점,4480272.108843537,440.76190476190476
서울특별시,양천구,202602,4010,편의점,1810460000,243602,252.0,국세청,가동사업자,7184365.079365079,966.6746031746031
서울특별시,양천구,202602,4020,슈퍼마켓,3129030000,164604,150.0,국세청,가동사업자,20860200.0,1097.36
서울특별시,양천구,202602,8005,중국음식,396450000,15527,130.0,LOCALDATA,식품인허가 영업점,3049615.3846153845,119.43846153846154
서울특별시,양천구,202602,8301,제과점,644030000,60415,147.0,LOCALDATA,식품인허가 영업점,4381156.462585034,410.98639455782313
서울특별시,양천구,202603,4010,편의점,2080320000,281685,253.0,국세청,가동사업자,8222608.695652174,1113.3794466403162
서울특별시,양천구,202603,4020,슈퍼마켓,2981960000,181006,153.0,국세청,가동사업자,19489934.640522875,1183.045751633987
서울특별시,양천구,202603,8005,중국음식,427600000,17608,131.0,LOCALDATA,식품인허가 영업점,3264122.13740458,134.41221374045801
서울특별시,양천구,202603,8301,제과점,712770000,70104,147.0,LOCALDATA,식품인허가 영업점,4848775.510204081,476.8979591836735
서울특별시,양천구,202604,4010,편의점,1993880000,287257,251.0,국세청,가동사업자,7943745.019920318,1144.4501992031871
서울특별시,양천구,202604,4020,슈퍼마켓,2831780000,173503,150.0,국세청,가동사업자,18878533.333333332,1156.6866666666667
서울특별시,양천구,202604,8005,중국음식,406020000,17094,128.0,LOCALDATA,식품인허가 영업점,3172031.25,133.546875
서울특별시,양천구,202604,8301,제과점,681800000,71470,147.0,LOCALDATA,식품인허가 영업점,4638095.238095238,486.1904761904762
서울특별시,양천구,202605,4010,편의점,2115690000,289937,253.0,국세청,가동사업자,8362411.067193676,1145.99604743083
서울특별시,양천구,202605,4020,슈퍼마켓,2930710000,173289,147.0,국세청,가동사업자,19936802.721088436,1178.8367346938776
서울특별시,양천구,202605,8005,중국음식,444140000,17342,128.0,LOCALDATA,식품인허가 영업점,3469843.75,135.484375
서울특별시,양천구,202605,8301,제과점,686190000,66656,147.0,LOCALDATA,식품인허가 영업점,4667959.183673469,453.4421768707483
서울특별시,양천구,202606,4010,편의점,2084880000,293316,249.0,국세청,가동사업자,8373012.048192771,1177.9759036144578
서울특별시,양천구,202606,4020,슈퍼마켓,2853310000,171884,147.0,국세청,가동사업자,19410272.10884354,1169.2789115646258
서울특별시,양천구,202606,8005,중국음식,386560000,15891,128.0,LOCALDATA,식품인허가 영업점,3020000.0,124.1484375
서울특별시,양천구,202606,8301,제과점,617750000,65499,146.0,LOCALDATA,식품인허가 영업점,4231164.383561644,448.6232876712329
서울특별시,영등포구,202601,4010,편의점,3687720000,522854,424.0,국세청,가동사업자,8697452.830188679,1233.1462264150944
서울특별시,영등포구,202601,4020,슈퍼마켓,2453460000,160035,179.0,국세청,가동사업자,13706480.446927374,894.0502793296089
서울특별시,영등포구,202601,8005,중국음식,2299410000,60320,518.0,LOCALDATA,식품인허가 영업점,4439015.444015444,116.44787644787645
서울특별시,영등포구,202601,8301,제과점,716050000,65300,197.0,LOCALDATA,식품인허가 영업점,3634771.573604061,331.4720812182741
서울특별시,영등포구,202602,4010,편의점,3388170000,472909,423.0,국세청,가동사업자,8009858.1560283685,1117.9881796690308
서울특별시,영등포구,202602,4020,슈퍼마켓,2446690000,149533,178.0,국세청,가동사업자,13745449.438202247,840.0730337078652
서울특별시,영등포구,202602,8005,중국음식,2164450000,55656,517.0,LOCALDATA,식품인허가 영업점,4186557.0599613152,107.65183752417795
서울특별시,영등포구,202602,8301,제과점,690830000,60222,199.0,LOCALDATA,식품인허가 영업점,3471507.537688442,302.62311557788945
서울특별시,영등포구,202603,4010,편의점,4024780000,567586,422.0,국세청,가동사업자,9537393.36492891,1344.9905213270142
서울특별시,영등포구,202603,4020,슈퍼마켓,2249330000,162611,179.0,국세청,가동사업자,12566089.38547486,908.4413407821229
서울특별시,영등포구,202603,8005,중국음식,2248840000,60996,517.0,LOCALDATA,식품인허가 영업점,4349787.234042553,117.98065764023211
서울특별시,영등포구,202603,8301,제과점,759870000,68663,199.0,LOCALDATA,식품인허가 영업점,3818442.2110552764,345.04020100502515
서울특별시,영등포구,202604,4010,편의점,4104160000,601678,423.0,국세청,가동사업자,9702505.910165485,1422.4066193853428
서울특별시,영등포구,202604,4020,슈퍼마켓,2156500000,157440,178.0,국세청,가동사업자,12115168.539325843,884.4943820224719
서울특별시,영등포구,202604,8005,중국음식,2124960000,58750,515.0,LOCALDATA,식품인허가 영업점,4126135.9223300973,114.07766990291262
서울특별시,영등포구,202604,8301,제과점,751100000,72315,202.0,LOCALDATA,식품인허가 영업점,3718316.831683168,357.9950495049505
서울특별시,영등포구,202605,4010,편의점,4216690000,598989,425.0,국세청,가동사업자,9921623.529411765,1409.3858823529413
서울특별시,영등포구,202605,4020,슈퍼마켓,2318600000,164704,177.0,국세청,가동사업자,13099435.028248588,930.5310734463277
서울특별시,영등포구,202605,8005,중국음식,2351860000,61315,516.0,LOCALDATA,식품인허가 영업점,4557868.217054264,118.82751937984496
서울특별시,영등포구,202605,8301,제과점,724790000,67396,197.0,LOCALDATA,식품인허가 영업점,3679137.0558375632,342.11167512690355
서울특별시,영등포구,202606,4010,편의점,4096000000,593259,419.0,국세청,가동사업자,9775656.324582338,1415.892601431981
서울특별시,영등포구,202606,4020,슈퍼마켓,2288180000,164931,179.0,국세청,가동사업자,12783128.491620112,921.4022346368715
서울특별시,영등포구,202606,8005,중국음식,2058190000,56586,523.0,LOCALDATA,식품인허가 영업점,3935353.7284894837,108.19502868068834
서울특별시,영등포구,202606,8301,제과점,674840000,65799,197.0,LOCALDATA,식품인허가 영업점,3425583.7563451775,334.005076142132
서울특별시,용산구,202601,4010,편의점,2708520000,380153,228.0,국세청,가동사업자,11879473.684210526,1667.3377192982457
서울특별시,용산구,202601,4020,슈퍼마켓,1029860000,72499,105.0,국세청,가동사업자,9808190.476190476,690.4666666666667
서울특별시,용산구,202601,8005,중국음식,2267960000,86171,143.0,LOCALDATA,식품인허가 영업점,15859860.13986014,602.5944055944055
서울특별시,용산구,202601,8301,제과점,526600000,39672,157.0,LOCALDATA,식품인허가 영업점,3354140.127388535,252.68789808917197
서울특별시,용산구,202602,4010,편의점,2577830000,362242,228.0,국세청,가동사업자,11306271.92982456,1588.780701754386
서울특별시,용산구,202602,4020,슈퍼마켓,989400000,66873,104.0,국세청,가동사업자,9513461.538461538,643.0096153846154
서울특별시,용산구,202602,8005,중국음식,2084170000,78662,145.0,LOCALDATA,식품인허가 영업점,14373586.206896551,542.4965517241379
서울특별시,용산구,202602,8301,제과점,538570000,39244,157.0,LOCALDATA,식품인허가 영업점,3430382.1656050957,249.96178343949043
서울특별시,용산구,202603,4010,편의점,2862960000,405911,227.0,국세청,가동사업자,12612158.59030837,1788.1541850220265
서울특별시,용산구,202603,4020,슈퍼마켓,1022060000,77891,104.0,국세청,가동사업자,9827500.0,748.9519230769231
서울특별시,용산구,202603,8005,중국음식,2022350000,78683,144.0,LOCALDATA,식품인허가 영업점,14044097.222222222,546.4097222222222
서울특별시,용산구,202603,8301,제과점,542850000,43452,158.0,LOCALDATA,식품인허가 영업점,3435759.493670886,275.0126582278481
서울특별시,용산구,202604,4010,편의점,2809010000,418536,227.0,국세청,가동사업자,12374493.392070485,1843.770925110132
서울특별시,용산구,202604,4020,슈퍼마켓,952190000,75303,106.0,국세청,가동사업자,8982924.528301887,710.4056603773585
서울특별시,용산구,202604,8005,중국음식,1769810000,69696,142.0,LOCALDATA,식품인허가 영업점,12463450.704225352,490.8169014084507
서울특별시,용산구,202604,8301,제과점,510470000,41920,158.0,LOCALDATA,식품인허가 영업점,3230822.7848101268,265.3164556962025
서울특별시,용산구,202605,4010,편의점,3013690000,441394,228.0,국세청,가동사업자,13217938.596491229,1935.938596491228
서울특별시,용산구,202605,4020,슈퍼마켓,947450000,71793,105.0,국세청,가동사업자,9023333.333333334,683.7428571428571
서울특별시,용산구,202605,8005,중국음식,2109450000,80063,142.0,LOCALDATA,식품인허가 영업점,14855281.690140845,563.8239436619718
서울특별시,용산구,202605,8301,제과점,539590000,42185,155.0,LOCALDATA,식품인허가 영업점,3481225.806451613,272.16129032258067
서울특별시,용산구,202606,4010,편의점,2871000000,421720,225.0,국세청,가동사업자,12760000.0,1874.3111111111111
서울특별시,용산구,202606,4020,슈퍼마켓,917730000,71049,102.0,국세청,가동사업자,8997352.94117647,696.5588235294117
서울특별시,용산구,202606,8005,중국음식,1862630000,73035,142.0,LOCALDATA,식품인허가 영업점,13117112.676056338,514.330985915493
서울특별시,용산구,202606,8301,제과점,471420000,39027,153.0,LOCALDATA,식품인허가 영업점,3081176.470588235,255.07843137254903
서울특별시,은평구,202601,4010,편의점,2489450000,317151,313.0,국세청,가동사업자,7953514.376996805,1013.261980830671
서울특별시,은평구,202601,4020,슈퍼마켓,2915050000,170861,120.0,국세청,가동사업자,24292083.333333332,1423.8416666666667
서울특별시,은평구,202601,8005,중국음식,439800000,17124,112.0,LOCALDATA,식품인허가 영업점,3926785.714285714,152.89285714285714
서울특별시,은평구,202601,8301,제과점,533890000,54276,149.0,LOCALDATA,식품인허가 영업점,3583154.362416107,364.2684563758389
서울특별시,은평구,202602,4010,편의점,2298940000,292257,320.0,국세청,가동사업자,7184187.5,913.303125
서울특별시,은평구,202602,4020,슈퍼마켓,2882780000,160754,122.0,국세청,가동사업자,23629344.262295082,1317.655737704918
서울특별시,은평구,202602,8005,중국음식,393330000,15211,113.0,LOCALDATA,식품인허가 영업점,3480796.4601769913,134.61061946902655
서울특별시,은평구,202602,8301,제과점,526380000,51368,148.0,LOCALDATA,식품인허가 영업점,3556621.621621622,347.0810810810811
서울특별시,은평구,202603,4010,편의점,2653210000,343165,321.0,국세청,가동사업자,8265451.713395638,1069.0498442367602
서울특별시,은평구,202603,4020,슈퍼마켓,2783510000,179172,119.0,국세청,가동사업자,23390840.336134452,1505.6470588235295
서울특별시,은평구,202603,8005,중국음식,444770000,17911,110.0,LOCALDATA,식품인허가 영업점,4043363.6363636362,162.8272727272727
서울특별시,은평구,202603,8301,제과점,590180000,59352,149.0,LOCALDATA,식품인허가 영업점,3960939.597315436,398.33557046979865
서울특별시,은평구,202604,4010,편의점,2542090000,344003,318.0,국세청,가동사업자,7993993.710691824,1081.7704402515724
서울특별시,은평구,202604,4020,슈퍼마켓,2701560000,173982,120.0,국세청,가동사업자,22513000.0,1449.85
서울특별시,은평구,202604,8005,중국음식,410020000,16878,110.0,LOCALDATA,식품인허가 영업점,3727454.5454545454,153.43636363636364
서울특별시,은평구,202604,8301,제과점,576950000,62216,148.0,LOCALDATA,식품인허가 영업점,3898310.810810811,420.3783783783784
서울특별시,은평구,202605,4010,편의점,2684810000,351309,316.0,국세청,가동사업자,8496234.17721519,1111.737341772152
서울특별시,은평구,202605,4020,슈퍼마켓,2843900000,177125,118.0,국세청,가동사업자,24100847.457627118,1501.0593220338983
서울특별시,은평구,202605,8005,중국음식,444130000,17813,111.0,LOCALDATA,식품인허가 영업점,4001171.171171171,160.47747747747746
서울특별시,은평구,202605,8301,제과점,569990000,57758,148.0,LOCALDATA,식품인허가 영업점,3851283.7837837837,390.2567567567568
서울특별시,은평구,202606,4010,편의점,2649180000,352214,316.0,국세청,가동사업자,8383481.012658228,1114.6012658227849
서울특별시,은평구,202606,4020,슈퍼마켓,2673090000,169112,118.0,국세청,가동사업자,22653305.08474576,1433.1525423728813
서울특별시,은평구,202606,8005,중국음식,399500000,16378,110.0,LOCALDATA,식품인허가 영업점,3631818.1818181816,148.8909090909091
서울특별시,은평구,202606,8301,제과점,494810000,53313,151.0,LOCALDATA,식품인허가 영업점,3276887.417218543,353.0662251655629
서울특별시,종로구,202601,4010,편의점,2180540000,312677,248.0,국세청,가동사업자,8792500.0,1260.7943548387098
서울특별시,종로구,202601,4020,슈퍼마켓,826480000,56879,116.0,국세청,가동사업자,7124827.586206896,490.33620689655174
서울특별시,종로구,202601,8005,중국음식,998170000,28130,163.0,LOCALDATA,식품인허가 영업점,6123742.331288343,172.57668711656441
서울특별시,종로구,202601,8301,제과점,611750000,49910,142.0,LOCALDATA,식품인허가 영업점,4308098.591549296,351.4788732394366
서울특별시,종로구,202602,4010,편의점,2074080000,291289,248.0,국세청,가동사업자,8363225.806451613,1174.5524193548388
서울특별시,종로구,202602,4020,슈퍼마켓,807800000,52381,118.0,국세청,가동사업자,6845762.711864407,443.90677966101697
서울특별시,종로구,202602,8005,중국음식,887680000,24468,163.0,LOCALDATA,식품인허가 영업점,5445889.570552147,150.11042944785277
서울특별시,종로구,202602,8301,제과점,627350000,47119,143.0,LOCALDATA,식품인허가 영업점,4387062.937062937,329.5034965034965
서울특별시,종로구,202603,4010,편의점,2542640000,365739,248.0,국세청,가동사업자,10252580.64516129,1474.7540322580646
서울특별시,종로구,202603,4020,슈퍼마켓,832390000,60885,119.0,국세청,가동사업자,6994873.949579832,511.6386554621849
서울특별시,종로구,202603,8005,중국음식,972540000,28437,164.0,LOCALDATA,식품인허가 영업점,5930121.951219512,173.39634146341464
서울특별시,종로구,202603,8301,제과점,675190000,55070,150.0,LOCALDATA,식품인허가 영업점,4501266.666666667,367.1333333333333
서울특별시,종로구,202604,4010,편의점,2473820000,379163,250.0,국세청,가동사업자,9895280.0,1516.652
서울특별시,종로구,202604,4020,슈퍼마켓,818510000,60844,121.0,국세청,가동사업자,6764545.454545454,502.8429752066116
서울특별시,종로구,202604,8005,중국음식,887240000,27331,164.0,LOCALDATA,식품인허가 영업점,5410000.0,166.65243902439025
서울특별시,종로구,202604,8301,제과점,646510000,55572,149.0,LOCALDATA,식품인허가 영업점,4338993.288590604,372.96644295302013
서울특별시,종로구,202605,4010,편의점,2632810000,392005,247.0,국세청,가동사업자,10659149.79757085,1587.0647773279352
서울특별시,종로구,202605,4020,슈퍼마켓,807080000,59875,121.0,국세청,가동사업자,6670082.644628099,494.8347107438017
서울특별시,종로구,202605,8005,중국음식,986890000,27824,166.0,LOCALDATA,식품인허가 영업점,5945120.481927711,167.6144578313253
서울특별시,종로구,202605,8301,제과점,681700000,54860,150.0,LOCALDATA,식품인허가 영업점,4544666.666666667,365.73333333333335
서울특별시,종로구,202606,4010,편의점,2602570000,382831,248.0,국세청,가동사업자,10494233.870967742,1543.6733870967741
서울특별시,종로구,202606,4020,슈퍼마켓,798320000,59648,120.0,국세청,가동사업자,6652666.666666667,497.06666666666666
서울특별시,종로구,202606,8005,중국음식,891360000,25726,166.0,LOCALDATA,식품인허가 영업점,5369638.554216867,154.97590361445782
서울특별시,종로구,202606,8301,제과점,579880000,49158,152.0,LOCALDATA,식품인허가 영업점,3815000.0,323.4078947368421
서울특별시,중구,202601,4010,편의점,2835370000,391445,308.0,국세청,가동사업자,9205746.753246753,1270.9253246753246
서울특별시,중구,202601,4020,슈퍼마켓,1935390000,109469,150.0,국세청,가동사업자,12902600.0,729.7933333333333
서울특별시,중구,202601,8005,중국음식,1316220000,40253,231.0,LOCALDATA,식품인허가 영업점,5697922.077922078,174.25541125541125
서울특별시,중구,202601,8301,제과점,703110000,67671,160.0,LOCALDATA,식품인허가 영업점,4394437.5,422.94375
서울특별시,중구,202602,4010,편의점,2616590000,346547,309.0,국세청,가동사업자,8467928.802588997,1121.5113268608413
서울특별시,중구,202602,4020,슈퍼마켓,1965690000,104079,149.0,국세청,가동사업자,13192550.33557047,698.51677852349
서울특별시,중구,202602,8005,중국음식,1162390000,34722,230.0,LOCALDATA,식품인허가 영업점,5053869.565217392,150.96521739130435
서울특별시,중구,202602,8301,제과점,691130000,61456,162.0,LOCALDATA,식품인허가 영업점,4266234.567901234,379.358024691358
서울특별시,중구,202603,4010,편의점,3095100000,428640,309.0,국세청,가동사업자,10016504.854368933,1387.1844660194174
서울특별시,중구,202603,4020,슈퍼마켓,1631430000,103987,148.0,국세청,가동사업자,11023175.675675675,702.6148648648649
서울특별시,중구,202603,8005,중국음식,1257000000,40268,233.0,LOCALDATA,식품인허가 영업점,5394849.785407726,172.82403433476395
서울특별시,중구,202603,8301,제과점,768060000,70640,161.0,LOCALDATA,식품인허가 영업점,4770559.00621118,438.7577639751553
서울특별시,중구,202604,4010,편의점,3021390000,441908,308.0,국세청,가동사업자,9809707.792207792,1434.7662337662337
서울특별시,중구,202604,4020,슈퍼마켓,1752160000,108162,148.0,국세청,가동사업자,11838918.918918919,730.8243243243244
서울특별시,중구,202604,8005,중국음식,1216340000,39072,230.0,LOCALDATA,식품인허가 영업점,5288434.782608695,169.87826086956522
서울특별시,중구,202604,8301,제과점,688580000,68839,164.0,LOCALDATA,식품인허가 영업점,4198658.536585365,419.75
서울특별시,중구,202605,4010,편의점,3132520000,436820,309.0,국세청,가동사업자,10137605.177993527,1413.6569579288025
서울특별시,중구,202605,4020,슈퍼마켓,2011880000,115063,148.0,국세청,가동사업자,13593783.783783784,777.4527027027027
서울특별시,중구,202605,8005,중국음식,1196270000,37576,230.0,LOCALDATA,식품인허가 영업점,5201173.9130434785,163.37391304347827
서울특별시,중구,202605,8301,제과점,694460000,64212,163.0,LOCALDATA,식품인허가 영업점,4260490.797546012,393.93865030674846
서울특별시,중구,202606,4010,편의점,3242810000,446481,310.0,국세청,가동사업자,10460677.41935484,1440.2612903225806
서울특별시,중구,202606,4020,슈퍼마켓,1821750000,108236,145.0,국세청,가동사업자,12563793.103448275,746.4551724137931
서울특별시,중구,202606,8005,중국음식,1129430000,36373,229.0,LOCALDATA,식품인허가 영업점,4932008.733624455,158.83406113537117
서울특별시,중구,202606,8301,제과점,596640000,59345,164.0,LOCALDATA,식품인허가 영업점,3638048.7804878047,361.859756097561
서울특별시,중랑구,202601,4010,편의점,2282300000,291761,303.0,국세청,가동사업자,7532343.234323433,962.9075907590759
서울특별시,중랑구,202601,4020,슈퍼마켓,2301850000,155078,142.0,국세청,가동사업자,16210211.267605634,1092.0985915492959
서울특별시,중랑구,202601,8005,중국음식,289950000,14093,112.0,LOCALDATA,식품인허가 영업점,2588839.285714286,125.83035714285714
서울특별시,중랑구,202601,8301,제과점,389380000,37991,108.0,LOCALDATA,식품인허가 영업점,3605370.3703703703,351.76851851851853
서울특별시,중랑구,202602,4010,편의점,2130720000,269813,303.0,국세청,가동사업자,7032079.2079207925,890.4719471947195
서울특별시,중랑구,202602,4020,슈퍼마켓,2268580000,145308,142.0,국세청,가동사업자,15975915.492957747,1023.2957746478874
서울특별시,중랑구,202602,8005,중국음식,263680000,12710,112.0,LOCALDATA,식품인허가 영업점,2354285.714285714,113.48214285714286
서울특별시,중랑구,202602,8301,제과점,392900000,36422,109.0,LOCALDATA,식품인허가 영업점,3604587.1559633026,334.1467889908257
서울특별시,중랑구,202603,4010,편의점,2437080000,312901,304.0,국세청,가동사업자,8016710.52631579,1029.279605263158
서울특별시,중랑구,202603,4020,슈퍼마켓,2199860000,159686,137.0,국세청,가동사업자,16057372.262773722,1165.5912408759125
서울특별시,중랑구,202603,8005,중국음식,299800000,14973,110.0,LOCALDATA,식품인허가 영업점,2725454.5454545454,136.11818181818182
서울특별시,중랑구,202603,8301,제과점,427620000,41099,110.0,LOCALDATA,식품인허가 영업점,3887454.5454545454,373.6272727272727
서울특별시,중랑구,202604,4010,편의점,2321300000,313333,304.0,국세청,가동사업자,7635855.263157895,1030.7006578947369
서울특별시,중랑구,202604,4020,슈퍼마켓,2140060000,156125,138.0,국세청,가동사업자,15507681.15942029,1131.340579710145
서울특별시,중랑구,202604,8005,중국음식,273980000,14048,111.0,LOCALDATA,식품인허가 영업점,2468288.2882882883,126.55855855855856
서울특별시,중랑구,202604,8301,제과점,406420000,42216,110.0,LOCALDATA,식품인허가 영업점,3694727.272727273,383.7818181818182
서울특별시,중랑구,202605,4010,편의점,2473340000,323683,302.0,국세청,가동사업자,8189867.549668875,1071.7980132450332
서울특별시,중랑구,202605,4020,슈퍼마켓,2227330000,158656,137.0,국세청,가동사업자,16257883.211678833,1158.0729927007299
서울특별시,중랑구,202605,8005,중국음식,297140000,14438,112.0,LOCALDATA,식품인허가 영업점,2653035.714285714,128.91071428571428
서울특별시,중랑구,202605,8301,제과점,433700000,41533,111.0,LOCALDATA,식품인허가 영업점,3907207.207207207,374.1711711711712
서울특별시,중랑구,202606,4010,편의점,2407500000,317719,298.0,국세청,가동사업자,8078859.060402685,1066.1711409395973
서울특별시,중랑구,202606,4020,슈퍼마켓,2126270000,154110,134.0,국세청,가동사업자,15867686.567164179,1150.0746268656717
서울특별시,중랑구,202606,8005,중국음식,251550000,12811,111.0,LOCALDATA,식품인허가 영업점,2266216.2162162163,115.41441441441441
서울특별시,중랑구,202606,8301,제과점,361960000,37481,113.0,LOCALDATA,식품인허가 영업점,3203185.8407079647,331.69026548672565
세종특별자치시,세종특별자치시,202601,8005,중국음식,531270000,16808,170.0,LOCALDATA,식품인허가 영업점,3125117.6470588236,98.87058823529412
세종특별자치시,세종특별자치시,202601,8301,제과점,456080000,37100,140.0,LOCALDATA,식품인허가 영업점,3257714.285714286,265.0
세종특별자치시,세종특별자치시,202602,8005,중국음식,436990000,14298,171.0,LOCALDATA,식품인허가 영업점,2555497.076023392,83.6140350877193
세종특별자치시,세종특별자치시,202602,8301,제과점,428960000,34101,139.0,LOCALDATA,식품인허가 영업점,3086043.165467626,245.33093525179856
세종특별자치시,세종특별자치시,202603,8005,중국음식,488560000,17009,171.0,LOCALDATA,식품인허가 영업점,2857076.023391813,99.46783625730994
세종특별자치시,세종특별자치시,202603,8301,제과점,510900000,41152,139.0,LOCALDATA,식품인허가 영업점,3675539.5683453237,296.0575539568345
세종특별자치시,세종특별자치시,202604,8005,중국음식,462440000,15931,170.0,LOCALDATA,식품인허가 영업점,2720235.294117647,93.71176470588236
세종특별자치시,세종특별자치시,202604,8301,제과점,470360000,41729,139.0,LOCALDATA,식품인허가 영업점,3383884.892086331,300.2086330935252
세종특별자치시,세종특별자치시,202605,8005,중국음식,516240000,17001,171.0,LOCALDATA,식품인허가 영업점,3018947.3684210526,99.42105263157895
세종특별자치시,세종특별자치시,202605,8301,제과점,510040000,41824,140.0,LOCALDATA,식품인허가 영업점,3643142.8571428573,298.74285714285713
세종특별자치시,세종특별자치시,202606,8005,중국음식,435380000,15109,171.0,LOCALDATA,식품인허가 영업점,2546081.871345029,88.35672514619883
세종특별자치시,세종특별자치시,202606,8301,제과점,440490000,39433,142.0,LOCALDATA,식품인허가 영업점,3102042.2535211267,277.69718309859155
울산광역시,남구,202601,4010,편의점,2817750000,335219,343.0,국세청,가동사업자,8215014.577259475,977.3148688046647
울산광역시,남구,202601,4020,슈퍼마켓,2469310000,155285,170.0,국세청,가동사업자,14525352.94117647,913.4411764705883
울산광역시,남구,202601,8005,중국음식,590480000,19570,148.0,LOCALDATA,식품인허가 영업점,3989729.7297297297,132.22972972972974
울산광역시,남구,202601,8301,제과점,466260000,34358,122.0,LOCALDATA,식품인허가 영업점,3821803.2786885244,281.62295081967216
울산광역시,남구,202602,4010,편의점,2638710000,309599,342.0,국세청,가동사업자,7715526.315789473,905.2602339181286
울산광역시,남구,202602,4020,슈퍼마켓,2362220000,144019,170.0,국세청,가동사업자,13895411.764705881,847.1705882352941
울산광역시,남구,202602,8005,중국음식,541300000,17856,148.0,LOCALDATA,식품인허가 영업점,3657432.4324324327,120.64864864864865
울산광역시,남구,202602,8301,제과점,477760000,33167,124.0,LOCALDATA,식품인허가 영업점,3852903.2258064514,267.4758064516129
울산광역시,남구,202603,4010,편의점,2927000000,355641,339.0,국세청,가동사업자,8634218.289085547,1049.0884955752213
울산광역시,남구,202603,4020,슈퍼마켓,2412730000,160155,171.0,국세청,가동사업자,14109532.16374269,936.578947368421
울산광역시,남구,202603,8005,중국음식,537600000,18580,149.0,LOCALDATA,식품인허가 영업점,3608053.6912751677,124.69798657718121
울산광역시,남구,202603,8301,제과점,490560000,36323,125.0,LOCALDATA,식품인허가 영업점,3924480.0,290.584
울산광역시,남구,202604,4010,편의점,2873570000,365198,345.0,국세청,가동사업자,8329188.405797102,1058.5449275362319
울산광역시,남구,202604,4020,슈퍼마켓,2298530000,157691,175.0,국세청,가동사업자,13134457.142857144,901.0914285714285
울산광역시,남구,202604,8005,중국음식,492660000,17244,148.0,LOCALDATA,식품인허가 영업점,3328783.7837837837,116.51351351351352
울산광역시,남구,202604,8301,제과점,493000000,38400,125.0,LOCALDATA,식품인허가 영업점,3944000.0,307.2
울산광역시,남구,202605,4010,편의점,3120640000,384699,343.0,국세청,가동사업자,9098075.80174927,1121.5714285714287
울산광역시,남구,202605,4020,슈퍼마켓,2471870000,161242,172.0,국세청,가동사업자,14371337.209302325,937.453488372093
울산광역시,남구,202605,8005,중국음식,555420000,18587,147.0,LOCALDATA,식품인허가 영업점,3778367.3469387754,126.4421768707483
울산광역시,남구,202605,8301,제과점,489540000,37310,124.0,LOCALDATA,식품인허가 영업점,3947903.2258064514,300.88709677419354
울산광역시,남구,202606,4010,편의점,2995780000,376190,338.0,국세청,가동사업자,8863254.437869823,1112.9881656804735
울산광역시,남구,202606,4020,슈퍼마켓,2335120000,156778,175.0,국세청,가동사업자,13343542.857142856,895.8742857142857
울산광역시,남구,202606,8005,중국음식,483680000,16983,146.0,LOCALDATA,식품인허가 영업점,3312876.712328767,116.32191780821918
울산광역시,남구,202606,8301,제과점,416370000,34814,126.0,LOCALDATA,식품인허가 영업점,3304523.8095238097,276.3015873015873
울산광역시,동구,202601,4010,편의점,1378700000,156795,154.0,국세청,가동사업자,8952597.402597403,1018.1493506493506
울산광역시,동구,202601,4020,슈퍼마켓,2050440000,118380,128.0,국세청,가동사업자,16019062.5,924.84375
울산광역시,동구,202601,8005,중국음식,272380000,11511,90.0,LOCALDATA,식품인허가 영업점,3026444.4444444445,127.9
울산광역시,동구,202601,8301,제과점,229170000,18705,50.0,LOCALDATA,식품인허가 영업점,4583400.0,374.1
울산광역시,동구,202602,4010,편의점,1289140000,143717,155.0,국세청,가동사업자,8317032.258064516,927.2064516129033
울산광역시,동구,202602,4020,슈퍼마켓,1968420000,111706,128.0,국세청,가동사업자,15378281.25,872.703125
울산광역시,동구,202602,8005,중국음식,242940000,10232,90.0,LOCALDATA,식품인허가 영업점,2699333.3333333335,113.68888888888888
울산광역시,동구,202602,8301,제과점,231090000,17723,50.0,LOCALDATA,식품인허가 영업점,4621800.0,354.46
울산광역시,동구,202603,4010,편의점,1419750000,163014,155.0,국세청,가동사업자,9159677.41935484,1051.7032258064517
울산광역시,동구,202603,4020,슈퍼마켓,2034440000,124483,129.0,국세청,가동사업자,15770852.713178294,964.984496124031
울산광역시,동구,202603,8005,중국음식,269540000,11435,90.0,LOCALDATA,식품인허가 영업점,2994888.888888889,127.05555555555556
울산광역시,동구,202603,8301,제과점,255670000,20043,49.0,LOCALDATA,식품인허가 영업점,5217755.102040816,409.0408163265306
울산광역시,동구,202604,4010,편의점,1415520000,167067,155.0,국세청,가동사업자,9132387.096774194,1077.8516129032257
울산광역시,동구,202604,4020,슈퍼마켓,1964780000,121467,128.0,국세청,가동사업자,15349843.75,948.9609375
울산광역시,동구,202604,8005,중국음식,252810000,10713,90.0,LOCALDATA,식품인허가 영업점,2809000.0,119.03333333333333
울산광역시,동구,202604,8301,제과점,256350000,20502,49.0,LOCALDATA,식품인허가 영업점,5231632.653061224,418.40816326530614
울산광역시,동구,202605,4010,편의점,1758620000,199835,154.0,국세청,가동사업자,11419610.38961039,1297.6298701298701
울산광역시,동구,202605,4020,슈퍼마켓,2566260000,151385,131.0,국세청,가동사업자,19589770.99236641,1155.6106870229007
울산광역시,동구,202605,8005,중국음식,333310000,13779,90.0,LOCALDATA,식품인허가 영업점,3703444.4444444445,153.1
울산광역시,동구,202605,8301,제과점,302480000,23627,49.0,LOCALDATA,식품인허가 영업점,6173061.224489796,482.18367346938777
울산광역시,동구,202606,4010,편의점,1605660000,191199,156.0,국세청,가동사업자,10292692.307692308,1225.6346153846155
울산광역시,동구,202606,4020,슈퍼마켓,2384280000,149925,130.0,국세청,가동사업자,18340615.384615384,1153.2692307692307
울산광역시,동구,202606,8005,중국음식,261650000,11972,90.0,LOCALDATA,식품인허가 영업점,2907222.222222222,133.0222222222222
울산광역시,동구,202606,8301,제과점,246950000,21586,49.0,LOCALDATA,식품인허가 영업점,5039795.918367347,440.53061224489795
울산광역시,북구,202601,4010,편의점,1411810000,156018,172.0,국세청,가동사업자,8208197.674418605,907.0813953488372
울산광역시,북구,202601,4020,슈퍼마켓,1400600000,76973,106.0,국세청,가동사업자,13213207.547169812,726.1603773584906
울산광역시,북구,202601,8005,중국음식,195930000,7648,101.0,LOCALDATA,식품인허가 영업점,1939900.9900990098,75.72277227722772
울산광역시,북구,202601,8301,제과점,214580000,16127,66.0,LOCALDATA,식품인허가 영업점,3251212.121212121,244.34848484848484
울산광역시,북구,202602,4010,편의점,1336070000,144475,176.0,국세청,가동사업자,7591306.818181818,820.8806818181819
울산광역시,북구,202602,4020,슈퍼마켓,1301650000,70740,107.0,국세청,가동사업자,12164953.271028038,661.1214953271028
울산광역시,북구,202602,8005,중국음식,172540000,6723,101.0,LOCALDATA,식품인허가 영업점,1708316.8316831684,66.56435643564356
울산광역시,북구,202602,8301,제과점,209760000,15585,66.0,LOCALDATA,식품인허가 영업점,3178181.8181818184,236.13636363636363
울산광역시,북구,202603,4010,편의점,1458460000,160669,175.0,국세청,가동사업자,8334057.142857143,918.1085714285714
울산광역시,북구,202603,4020,슈퍼마켓,1328460000,79082,107.0,국세청,가동사업자,12415514.018691588,739.0841121495328
울산광역시,북구,202603,8005,중국음식,166010000,6278,102.0,LOCALDATA,식품인허가 영업점,1627549.0196078431,61.549019607843135
울산광역시,북구,202603,8301,제과점,229000000,17422,66.0,LOCALDATA,식품인허가 영업점,3469696.9696969697,263.969696969697
울산광역시,북구,202604,4010,편의점,1413350000,162404,175.0,국세청,가동사업자,8076285.714285715,928.0228571428571
울산광역시,북구,202604,4020,슈퍼마켓,1296880000,77462,106.0,국세청,가동사업자,12234716.981132075,730.7735849056604
울산광역시,북구,202604,8005,중국음식,161930000,6252,101.0,LOCALDATA,식품인허가 영업점,1603267.3267326732,61.9009900990099
울산광역시,북구,202604,8301,제과점,228370000,18081,66.0,LOCALDATA,식품인허가 영업점,3460151.515151515,273.95454545454544
울산광역시,북구,202605,4010,편의점,1713980000,189031,176.0,국세청,가동사업자,9738522.727272727,1074.0397727272727
울산광역시,북구,202605,4020,슈퍼마켓,1589400000,92018,108.0,국세청,가동사업자,14716666.666666666,852.0185185185185
울산광역시,북구,202605,8005,중국음식,203070000,7824,101.0,LOCALDATA,식품인허가 영업점,2010594.0594059406,77.46534653465346
울산광역시,북구,202605,8301,제과점,265900000,20317,67.0,LOCALDATA,식품인허가 영업점,3968656.7164179105,303.23880597014926
울산광역시,북구,202606,4010,편의점,1634610000,184823,173.0,국세청,가동사업자,9448612.716763007,1068.3410404624278
울산광역시,북구,202606,4020,슈퍼마켓,1499300000,90618,107.0,국세청,가동사업자,14012149.53271028,846.8971962616822
울산광역시,북구,202606,8005,중국음식,176520000,6862,100.0,LOCALDATA,식품인허가 영업점,1765200.0,68.62
울산광역시,북구,202606,8301,제과점,223480000,18771,67.0,LOCALDATA,식품인허가 영업점,3335522.3880597013,280.1641791044776
울산광역시,울주군,202601,4010,편의점,2040240000,220022,240.0,국세청,가동사업자,8501000.0,916.7583333333333
울산광역시,울주군,202601,4020,슈퍼마켓,1640070000,86068,135.0,국세청,가동사업자,12148666.666666666,637.5407407407407
울산광역시,울주군,202601,8005,중국음식,329740000,11861,121.0,LOCALDATA,식품인허가 영업점,2725123.9669421487,98.02479338842976
울산광역시,울주군,202601,8301,제과점,294740000,21961,68.0,LOCALDATA,식품인허가 영업점,4334411.764705882,322.95588235294116
울산광역시,울주군,202602,4010,편의점,1878840000,201272,240.0,국세청,가동사업자,7828500.0,838.6333333333333
울산광역시,울주군,202602,4020,슈퍼마켓,1472400000,76003,134.0,국세청,가동사업자,10988059.701492537,567.1865671641791
울산광역시,울주군,202602,8005,중국음식,304090000,11000,121.0,LOCALDATA,식품인허가 영업점,2513140.495867769,90.9090909090909
울산광역시,울주군,202602,8301,제과점,311840000,21496,69.0,LOCALDATA,식품인허가 영업점,4519420.289855072,311.536231884058
울산광역시,울주군,202603,4010,편의점,2163050000,242677,242.0,국세청,가동사업자,8938223.140495868,1002.797520661157
울산광역시,울주군,202603,4020,슈퍼마켓,1447760000,82474,133.0,국세청,가동사업자,10885413.533834586,620.1052631578947
울산광역시,울주군,202603,8005,중국음식,321820000,12009,121.0,LOCALDATA,식품인허가 영업점,2659669.4214876033,99.24793388429752
울산광역시,울주군,202603,8301,제과점,325490000,25179,70.0,LOCALDATA,식품인허가 영업점,4649857.142857143,359.7
울산광역시,울주군,202604,4010,편의점,2209550000,256300,241.0,국세청,가동사업자,9168257.261410788,1063.4854771784233
울산광역시,울주군,202604,4020,슈퍼마켓,1418950000,79912,135.0,국세청,가동사업자,10510740.74074074,591.9407407407407
울산광역시,울주군,202604,8005,중국음식,316140000,11647,122.0,LOCALDATA,식품인허가 영업점,2591311.475409836,95.4672131147541
울산광역시,울주군,202604,8301,제과점,317140000,24838,71.0,LOCALDATA,식품인허가 영업점,4466760.563380281,349.83098591549293
울산광역시,울주군,202605,4010,편의점,2647460000,290176,243.0,국세청,가동사업자,10894897.119341563,1194.1399176954733
울산광역시,울주군,202605,4020,슈퍼마켓,1986710000,102670,132.0,국세청,가동사업자,15050833.333333334,777.8030303030303
울산광역시,울주군,202605,8005,중국음식,393490000,14375,120.0,LOCALDATA,식품인허가 영업점,3279083.3333333335,119.79166666666667
울산광역시,울주군,202605,8301,제과점,383750000,27741,71.0,LOCALDATA,식품인허가 영업점,5404929.577464789,390.71830985915494
울산광역시,울주군,202606,4010,편의점,2458720000,277792,243.0,국세청,가동사업자,10118189.300411522,1143.1769547325102
울산광역시,울주군,202606,4020,슈퍼마켓,2003290000,107007,132.0,국세청,가동사업자,15176439.393939395,810.6590909090909
울산광역시,울주군,202606,8005,중국음식,326550000,12243,119.0,LOCALDATA,식품인허가 영업점,2744117.6470588236,102.88235294117646
울산광역시,울주군,202606,8301,제과점,310810000,25371,71.0,LOCALDATA,식품인허가 영업점,4377605.633802817,357.3380281690141
울산광역시,중구,202601,4010,편의점,1195830000,138352,167.0,국세청,가동사업자,7160658.682634731,828.4550898203593
울산광역시,중구,202601,4020,슈퍼마켓,1607370000,108458,110.0,국세청,가동사업자,14612454.545454545,985.9818181818182
울산광역시,중구,202601,8005,중국음식,270640000,8676,84.0,LOCALDATA,식품인허가 영업점,3221904.761904762,103.28571428571429
울산광역시,중구,202601,8301,제과점,237390000,18416,69.0,LOCALDATA,식품인허가 영업점,3440434.782608696,266.8985507246377
울산광역시,중구,202602,4010,편의점,1132000000,128931,166.0,국세청,가동사업자,6819277.108433735,776.6927710843373
울산광역시,중구,202602,4020,슈퍼마켓,1536950000,101103,111.0,국세청,가동사업자,13846396.396396397,910.8378378378378
울산광역시,중구,202602,8005,중국음식,229660000,7778,84.0,LOCALDATA,식품인허가 영업점,2734047.619047619,92.5952380952381
울산광역시,중구,202602,8301,제과점,255740000,18816,69.0,LOCALDATA,식품인허가 영업점,3706376.811594203,272.69565217391306
울산광역시,중구,202603,4010,편의점,1214820000,142324,168.0,국세청,가동사업자,7231071.428571428,847.1666666666666
울산광역시,중구,202603,4020,슈퍼마켓,1543720000,109679,112.0,국세청,가동사업자,13783214.285714285,979.2767857142857
울산광역시,중구,202603,8005,중국음식,229610000,7762,84.0,LOCALDATA,식품인허가 영업점,2733452.380952381,92.4047619047619
울산광역시,중구,202603,8301,제과점,271180000,20578,68.0,LOCALDATA,식품인허가 영업점,3987941.1764705884,302.61764705882354
울산광역시,중구,202604,4010,편의점,1215870000,146764,167.0,국세청,가동사업자,7280658.682634731,878.8263473053893
울산광역시,중구,202604,4020,슈퍼마켓,1475190000,105694,115.0,국세청,가동사업자,12827739.130434783,919.0782608695653
울산광역시,중구,202604,8005,중국음식,215410000,7309,84.0,LOCALDATA,식품인허가 영업점,2564404.761904762,87.01190476190476
울산광역시,중구,202604,8301,제과점,260060000,20601,68.0,LOCALDATA,식품인허가 영업점,3824411.7647058824,302.95588235294116
울산광역시,중구,202605,4010,편의점,1321490000,157635,166.0,국세청,가동사업자,7960783.13253012,949.6084337349398
울산광역시,중구,202605,4020,슈퍼마켓,1530730000,107495,108.0,국세청,가동사업자,14173425.925925925,995.324074074074
울산광역시,중구,202605,8005,중국음식,261240000,8265,84.0,LOCALDATA,식품인허가 영업점,3110000.0,98.39285714285714
울산광역시,중구,202605,8301,제과점,274590000,20984,67.0,LOCALDATA,식품인허가 영업점,4098358.2089552237,313.1940298507463
울산광역시,중구,202606,4010,편의점,1312270000,155275,166.0,국세청,가동사업자,7905240.963855422,935.3915662650602
울산광역시,중구,202606,4020,슈퍼마켓,1469570000,103744,104.0,국세청,가동사업자,14130480.76923077,997.5384615384615
울산광역시,중구,202606,8005,중국음식,218560000,7336,83.0,LOCALDATA,식품인허가 영업점,2633253.012048193,88.3855421686747
울산광역시,중구,202606,8301,제과점,229140000,19105,69.0,LOCALDATA,식품인허가 영업점,3320869.565217391,276.8840579710145
인천광역시,강화군,202601,4010,편의점,377770000,35278,117.0,국세청,가동사업자,3228803.418803419,301.5213675213675
인천광역시,강화군,202601,4020,슈퍼마켓,522370000,18327,50.0,국세청,가동사업자,10447400.0,366.54
인천광역시,강화군,202601,8005,중국음식,98960000,3168,44.0,LOCALDATA,식품인허가 영업점,2249090.909090909,72.0
인천광역시,강화군,202601,8301,제과점,67200000,3867,29.0,LOCALDATA,식품인허가 영업점,2317241.379310345,133.3448275862069
인천광역시,강화군,202602,4010,편의점,379120000,36304,117.0,국세청,가동사업자,3240341.8803418805,310.29059829059827
인천광역시,강화군,202602,4020,슈퍼마켓,573920000,18545,49.0,국세청,가동사업자,11712653.06122449,378.46938775510205
인천광역시,강화군,202602,8005,중국음식,101080000,3206,43.0,LOCALDATA,식품인허가 영업점,2350697.6744186045,74.55813953488372
인천광역시,강화군,202602,8301,제과점,72440000,4021,28.0,LOCALDATA,식품인허가 영업점,2587142.8571428573,143.60714285714286
인천광역시,강화군,202603,4010,편의점,428950000,41816,118.0,국세청,가동사업자,3635169.4915254237,354.3728813559322
인천광역시,강화군,202603,4020,슈퍼마켓,523830000,19221,49.0,국세청,가동사업자,10690408.163265307,392.265306122449
인천광역시,강화군,202603,8005,중국음식,111080000,3640,43.0,LOCALDATA,식품인허가 영업점,2583255.8139534886,84.65116279069767
인천광역시,강화군,202603,8301,제과점,70100000,4240,28.0,LOCALDATA,식품인허가 영업점,2503571.4285714286,151.42857142857142
인천광역시,강화군,202604,4010,편의점,459480000,46158,119.0,국세청,가동사업자,3861176.470588235,387.88235294117646
인천광역시,강화군,202604,4020,슈퍼마켓,522070000,19217,49.0,국세청,가동사업자,10654489.795918368,392.18367346938777
인천광역시,강화군,202604,8005,중국음식,113600000,3639,44.0,LOCALDATA,식품인허가 영업점,2581818.1818181816,82.70454545454545
인천광역시,강화군,202604,8301,제과점,79120000,4690,28.0,LOCALDATA,식품인허가 영업점,2825714.285714286,167.5
인천광역시,강화군,202605,4010,편의점,533640000,53067,117.0,국세청,가동사업자,4561025.641025641,453.56410256410254
인천광역시,강화군,202605,4020,슈퍼마켓,601430000,21231,48.0,국세청,가동사업자,12529791.666666666,442.3125
인천광역시,강화군,202605,8005,중국음식,142460000,4066,45.0,LOCALDATA,식품인허가 영업점,3165777.777777778,90.35555555555555
인천광역시,강화군,202605,8301,제과점,77700000,4605,27.0,LOCALDATA,식품인허가 영업점,2877777.777777778,170.55555555555554
인천광역시,강화군,202606,4010,편의점,471150000,47453,118.0,국세청,가동사업자,3992796.6101694917,402.14406779661016
인천광역시,강화군,202606,4020,슈퍼마켓,520970000,18975,49.0,국세청,가동사업자,10632040.81632653,387.2448979591837
인천광역시,강화군,202606,8005,중국음식,98150000,3067,44.0,LOCALDATA,식품인허가 영업점,2230681.8181818184,69.70454545454545
인천광역시,강화군,202606,8301,제과점,61370000,3674,27.0,LOCALDATA,식품인허가 영업점,2272962.962962963,136.07407407407408
인천광역시,계양구,202601,4010,편의점,1785750000,220455,241.0,국세청,가동사업자,7409751.037344398,914.7510373443984
인천광역시,계양구,202601,4020,슈퍼마켓,2702380000,139060,125.0,국세청,가동사업자,21619040.0,1112.48
인천광역시,계양구,202601,8005,중국음식,263790000,10139,101.0,LOCALDATA,식품인허가 영업점,2611782.1782178218,100.38613861386139
인천광역시,계양구,202601,8301,제과점,531930000,35693,78.0,LOCALDATA,식품인허가 영업점,6819615.384615385,457.6025641025641
인천광역시,계양구,202602,4010,편의점,1664060000,204230,240.0,국세청,가동사업자,6933583.333333333,850.9583333333334
인천광역시,계양구,202602,4020,슈퍼마켓,2662950000,130088,127.0,국세청,가동사업자,20968110.23622047,1024.3149606299212
인천광역시,계양구,202602,8005,중국음식,237970000,8896,101.0,LOCALDATA,식품인허가 영업점,2356138.613861386,88.07920792079207
인천광역시,계양구,202602,8301,제과점,520550000,32166,78.0,LOCALDATA,식품인허가 영업점,6673717.948717949,412.38461538461536
인천광역시,계양구,202603,4010,편의점,1889610000,236977,239.0,국세청,가동사업자,7906317.991631799,991.5355648535565
인천광역시,계양구,202603,4020,슈퍼마켓,2614550000,145484,125.0,국세청,가동사업자,20916400.0,1163.872
인천광역시,계양구,202603,8005,중국음식,267400000,10299,101.0,LOCALDATA,식품인허가 영업점,2647524.7524752477,101.97029702970298
인천광역시,계양구,202603,8301,제과점,430610000,34844,76.0,LOCALDATA,식품인허가 영업점,5665921.052631579,458.4736842105263
인천광역시,계양구,202604,4010,편의점,1851900000,241515,237.0,국세청,가동사업자,7813924.050632912,1019.0506329113924
인천광역시,계양구,202604,4020,슈퍼마켓,2528010000,139462,128.0,국세청,가동사업자,19750078.125,1089.546875
인천광역시,계양구,202604,8005,중국음식,250900000,9961,97.0,LOCALDATA,식품인허가 영업점,2586597.93814433,102.69072164948453
인천광역시,계양구,202604,8301,제과점,376640000,35302,76.0,LOCALDATA,식품인허가 영업점,4955789.47368421,464.5
인천광역시,계양구,202605,4010,편의점,1884220000,237968,238.0,국세청,가동사업자,7916890.756302521,999.8655462184873
인천광역시,계양구,202605,4020,슈퍼마켓,2517660000,133148,127.0,국세청,가동사업자,19824094.488188975,1048.4094488188975
인천광역시,계양구,202605,8005,중국음식,259450000,9633,98.0,LOCALDATA,식품인허가 영업점,2647448.9795918367,98.29591836734694
인천광역시,계양구,202605,8301,제과점,338130000,30514,76.0,LOCALDATA,식품인허가 영업점,4449078.947368421,401.5
인천광역시,계양구,202606,4010,편의점,1807770000,231928,241.0,국세청,가동사업자,7501120.331950207,962.356846473029
인천광역시,계양구,202606,4020,슈퍼마켓,2346840000,126182,125.0,국세청,가동사업자,18774720.0,1009.456
인천광역시,계양구,202606,8005,중국음식,209490000,8240,97.0,LOCALDATA,식품인허가 영업점,2159690.7216494847,84.94845360824742
인천광역시,계양구,202606,8301,제과점,279290000,27067,76.0,LOCALDATA,식품인허가 영업점,3674868.4210526315,356.14473684210526
인천광역시,남동구,202601,4010,편의점,3538920000,417958,456.0,국세청,가동사업자,7760789.47368421,916.5745614035088
인천광역시,남동구,202601,4020,슈퍼마켓,4256330000,216427,246.0,국세청,가동사업자,17302154.471544717,879.7845528455284
인천광역시,남동구,202601,8005,중국음식,608820000,22433,254.0,LOCALDATA,식품인허가 영업점,2396929.1338582677,88.31889763779527
인천광역시,남동구,202601,8301,제과점,591880000,47244,128.0,LOCALDATA,식품인허가 영업점,4624062.5,369.09375
인천광역시,남동구,202602,4010,편의점,3306190000,386937,454.0,국세청,가동사업자,7282356.828193832,852.284140969163
인천광역시,남동구,202602,4020,슈퍼마켓,4127490000,205012,244.0,국세청,가동사업자,16915942.62295082,840.2131147540983
인천광역시,남동구,202602,8005,중국음식,546560000,19796,253.0,LOCALDATA,식품인허가 영업점,2160316.2055335967,78.24505928853755
인천광역시,남동구,202602,8301,제과점,582470000,45081,130.0,LOCALDATA,식품인허가 영업점,4480538.461538462,346.7769230769231
인천광역시,남동구,202603,4010,편의점,3751030000,445561,450.0,국세청,가동사업자,8335622.222222222,990.1355555555556
인천광역시,남동구,202603,4020,슈퍼마켓,4026790000,227243,246.0,국세청,가동사업자,16369065.040650407,923.7520325203252
인천광역시,남동구,202603,8005,중국음식,607680000,22584,250.0,LOCALDATA,식품인허가 영업점,2430720.0,90.336
인천광역시,남동구,202603,8301,제과점,629650000,50542,130.0,LOCALDATA,식품인허가 영업점,4843461.538461538,388.7846153846154
인천광역시,남동구,202604,4010,편의점,3659390000,453860,447.0,국세청,가동사업자,8186554.8098434005,1015.3467561521253
인천광역시,남동구,202604,4020,슈퍼마켓,3952570000,224526,247.0,국세청,가동사업자,16002307.692307692,909.0121457489879
인천광역시,남동구,202604,8005,중국음식,556070000,21612,249.0,LOCALDATA,식품인허가 영업점,2233212.8514056224,86.79518072289157
인천광역시,남동구,202604,8301,제과점,603850000,52397,132.0,LOCALDATA,식품인허가 영업점,4574621.212121212,396.9469696969697
인천광역시,남동구,202605,4010,편의점,3672390000,444894,450.0,국세청,가동사업자,8160866.666666667,988.6533333333333
인천광역시,남동구,202605,4020,슈퍼마켓,4027620000,220562,248.0,국세청,가동사업자,16240403.225806452,889.3629032258065
인천광역시,남동구,202605,8005,중국음식,583920000,21243,249.0,LOCALDATA,식품인허가 영업점,2345060.2409638553,85.3132530120482
인천광역시,남동구,202605,8301,제과점,567310000,46199,130.0,LOCALDATA,식품인허가 영업점,4363923.076923077,355.37692307692305
인천광역시,남동구,202606,4010,편의점,3524050000,433661,446.0,국세청,가동사업자,7901457.399103139,972.3340807174887
인천광역시,남동구,202606,4020,슈퍼마켓,3741810000,211021,247.0,국세청,가동사업자,15149028.34008097,854.336032388664
인천광역시,남동구,202606,8005,중국음식,481550000,18149,248.0,LOCALDATA,식품인허가 영업점,1941733.8709677418,73.18145161290323
인천광역시,남동구,202606,8301,제과점,467140000,41089,133.0,LOCALDATA,식품인허가 영업점,3512330.827067669,308.9398496240602
인천광역시,동구,202601,4010,편의점,317790000,37386,56.0,국세청,가동사업자,5674821.428571428,667.6071428571429
인천광역시,동구,202601,4020,슈퍼마켓,593210000,28891,31.0,국세청,가동사업자,19135806.451612905,931.9677419354839
인천광역시,동구,202601,8005,중국음식,58320000,3077,28.0,LOCALDATA,식품인허가 영업점,2082857.142857143,109.89285714285714
인천광역시,동구,202601,8301,제과점,48590000,3740,14.0,LOCALDATA,식품인허가 영업점,3470714.285714286,267.14285714285717
인천광역시,동구,202602,4010,편의점,287830000,33899,55.0,국세청,가동사업자,5233272.7272727275,616.3454545454546
인천광역시,동구,202602,4020,슈퍼마켓,583880000,27024,31.0,국세청,가동사업자,18834838.70967742,871.741935483871
인천광역시,동구,202602,8005,중국음식,53790000,2732,28.0,LOCALDATA,식품인허가 영업점,1921071.4285714286,97.57142857142857
인천광역시,동구,202602,8301,제과점,53750000,3855,14.0,LOCALDATA,식품인허가 영업점,3839285.714285714,275.35714285714283
인천광역시,동구,202603,4010,편의점,332750000,41532,56.0,국세청,가동사업자,5941964.285714285,741.6428571428571
인천광역시,동구,202603,4020,슈퍼마켓,570780000,30249,29.0,국세청,가동사업자,19682068.96551724,1043.0689655172414
인천광역시,동구,202603,8005,중국음식,60440000,3206,28.0,LOCALDATA,식품인허가 영업점,2158571.4285714286,114.5
인천광역시,동구,202603,8301,제과점,54770000,4316,14.0,LOCALDATA,식품인허가 영업점,3912142.8571428573,308.2857142857143
인천광역시,동구,202604,4010,편의점,342150000,44141,55.0,국세청,가동사업자,6220909.090909091,802.5636363636364
인천광역시,동구,202604,4020,슈퍼마켓,561130000,30010,28.0,국세청,가동사업자,20040357.14285714,1071.7857142857142
인천광역시,동구,202604,8005,중국음식,58730000,3224,27.0,LOCALDATA,식품인허가 영업점,2175185.185185185,119.4074074074074
인천광역시,동구,202604,8301,제과점,51180000,4348,14.0,LOCALDATA,식품인허가 영업점,3655714.285714286,310.57142857142856
인천광역시,동구,202605,4010,편의점,332360000,40948,55.0,국세청,가동사업자,6042909.090909091,744.5090909090909
인천광역시,동구,202605,4020,슈퍼마켓,560220000,29370,28.0,국세청,가동사업자,20007857.14285714,1048.9285714285713
인천광역시,동구,202605,8005,중국음식,58330000,2984,27.0,LOCALDATA,식품인허가 영업점,2160370.3703703703,110.51851851851852
인천광역시,동구,202605,8301,제과점,48900000,3897,14.0,LOCALDATA,식품인허가 영업점,3492857.1428571427,278.35714285714283
인천광역시,동구,202606,8005,중국음식,49430000,2640,27.0,LOCALDATA,식품인허가 영업점,1830740.7407407407,97.77777777777777
인천광역시,동구,202606,8301,제과점,39020000,3366,14.0,LOCALDATA,식품인허가 영업점,2787142.8571428573,240.42857142857142
인천광역시,미추홀구,202601,4010,편의점,3238210000,387589,413.0,국세청,가동사업자,7840702.179176755,938.4721549636804
인천광역시,미추홀구,202601,4020,슈퍼마켓,2905780000,184510,230.0,국세청,가동사업자,12633826.086956521,802.2173913043479
인천광역시,미추홀구,202601,8005,중국음식,470720000,16780,225.0,LOCALDATA,식품인허가 영업점,2092088.888888889,74.57777777777778
인천광역시,미추홀구,202601,8301,제과점,426380000,34507,106.0,LOCALDATA,식품인허가 영업점,4022452.830188679,325.5377358490566
인천광역시,미추홀구,202602,4010,편의점,3004000000,357080,416.0,국세청,가동사업자,7221153.846153846,858.3653846153846
인천광역시,미추홀구,202602,4020,슈퍼마켓,2848230000,173655,231.0,국세청,가동사업자,12330000.0,751.7532467532468
인천광역시,미추홀구,202602,8005,중국음식,431920000,15178,225.0,LOCALDATA,식품인허가 영업점,1919644.4444444445,67.45777777777778
인천광역시,미추홀구,202602,8301,제과점,430950000,33537,109.0,LOCALDATA,식품인허가 영업점,3953669.7247706424,307.6788990825688
인천광역시,미추홀구,202603,4010,편의점,3451030000,430249,413.0,국세청,가동사업자,8356004.842615012,1041.7651331719128
인천광역시,미추홀구,202603,4020,슈퍼마켓,2816660000,193419,230.0,국세청,가동사업자,12246347.826086957,840.9521739130435
인천광역시,미추홀구,202603,8005,중국음식,491400000,18503,224.0,LOCALDATA,식품인허가 영업점,2193750.0,82.60267857142857
인천광역시,미추홀구,202603,8301,제과점,500200000,39966,108.0,LOCALDATA,식품인허가 영업점,4631481.481481481,370.05555555555554
인천광역시,미추홀구,202604,4010,편의점,3420300000,444484,414.0,국세청,가동사업자,8261594.202898551,1073.6328502415458
인천광역시,미추홀구,202604,4020,슈퍼마켓,2748330000,189933,231.0,국세청,가동사업자,11897532.467532467,822.2207792207793
인천광역시,미추홀구,202604,8005,중국음식,469700000,17992,222.0,LOCALDATA,식품인허가 영업점,2115765.7657657657,81.04504504504504
인천광역시,미추홀구,202604,8301,제과점,440620000,39031,108.0,LOCALDATA,식품인허가 영업점,4079814.814814815,361.39814814814815
인천광역시,미추홀구,202605,4010,편의점,3445020000,431732,412.0,국세청,가동사업자,8361699.029126214,1047.893203883495
인천광역시,미추홀구,202605,4020,슈퍼마켓,2746560000,183177,234.0,국세청,가동사업자,11737435.897435898,782.8076923076923
인천광역시,미추홀구,202605,8005,중국음식,485090000,17719,221.0,LOCALDATA,식품인허가 영업점,2194977.375565611,80.17647058823529
인천광역시,미추홀구,202605,8301,제과점,441730000,36377,107.0,LOCALDATA,식품인허가 영업점,4128317.7570093456,339.97196261682245
인천광역시,미추홀구,202606,4010,편의점,3290440000,416667,405.0,국세청,가동사업자,8124543.209876543,1028.8074074074075
인천광역시,미추홀구,202606,4020,슈퍼마켓,2554500000,173739,234.0,국세청,가동사업자,10916666.666666666,742.474358974359
인천광역시,미추홀구,202606,8005,중국음식,396440000,15354,218.0,LOCALDATA,식품인허가 영업점,1818532.110091743,70.43119266055047
인천광역시,미추홀구,202606,8301,제과점,371770000,32669,107.0,LOCALDATA,식품인허가 영업점,3474485.9813084113,305.31775700934577
인천광역시,부평구,202601,4010,편의점,3393400000,418592,426.0,국세청,가동사업자,7965727.699530517,982.6103286384977
인천광역시,부평구,202601,4020,슈퍼마켓,5164280000,244107,319.0,국세청,가동사업자,16188965.51724138,765.2257053291536
인천광역시,부평구,202601,8005,중국음식,725670000,25040,288.0,LOCALDATA,식품인허가 영업점,2519687.5,86.94444444444444
인천광역시,부평구,202601,8301,제과점,586740000,49011,128.0,LOCALDATA,식품인허가 영업점,4583906.25,382.8984375
인천광역시,부평구,202602,4010,편의점,3182310000,386676,424.0,국세청,가동사업자,7505448.113207547,911.9716981132076
인천광역시,부평구,202602,4020,슈퍼마켓,5132190000,227480,318.0,국세청,가동사업자,16138962.264150944,715.3459119496855
인천광역시,부평구,202602,8005,중국음식,672240000,22885,288.0,LOCALDATA,식품인허가 영업점,2334166.6666666665,79.46180555555556
인천광역시,부평구,202602,8301,제과점,571310000,46802,129.0,LOCALDATA,식품인허가 영업점,4428759.689922481,362.8062015503876
인천광역시,부평구,202603,4010,편의점,3590580000,447703,425.0,국세청,가동사업자,8448423.529411765,1053.4188235294118
인천광역시,부평구,202603,4020,슈퍼마켓,4939190000,252439,317.0,국세청,가동사업자,15581041.009463722,796.3375394321766
인천광역시,부평구,202603,8005,중국음식,730860000,25996,289.0,LOCALDATA,식품인허가 영업점,2528927.3356401385,89.9515570934256
인천광역시,부평구,202603,8301,제과점,620870000,52928,129.0,LOCALDATA,식품인허가 영업점,4812945.736434109,410.29457364341084
인천광역시,부평구,202604,4010,편의점,3482430000,452863,426.0,국세청,가동사업자,8174718.309859155,1063.0586854460093
인천광역시,부평구,202604,4020,슈퍼마켓,4759000000,243795,316.0,국세청,가동사업자,15060126.58227848,771.503164556962
인천광역시,부평구,202604,8005,중국음식,687760000,25120,288.0,LOCALDATA,식품인허가 영업점,2388055.5555555555,87.22222222222223
인천광역시,부평구,202604,8301,제과점,588210000,53825,130.0,LOCALDATA,식품인허가 영업점,4524692.307692308,414.03846153846155
인천광역시,부평구,202605,4010,편의점,3590500000,450213,428.0,국세청,가동사업자,8389018.691588785,1051.8995327102805
인천광역시,부평구,202605,4020,슈퍼마켓,4916960000,241260,313.0,국세청,가동사업자,15709137.380191693,770.7987220447284
인천광역시,부평구,202605,8005,중국음식,723720000,25294,289.0,LOCALDATA,식품인허가 영업점,2504221.4532871973,87.52249134948097
인천광역시,부평구,202605,8301,제과점,551060000,47588,132.0,LOCALDATA,식품인허가 영업점,4174696.9696969697,360.5151515151515
인천광역시,부평구,202606,4010,편의점,3426360000,441241,427.0,국세청,가동사업자,8024262.2950819675,1033.3512880562062
인천광역시,부평구,202606,4020,슈퍼마켓,4654080000,230264,308.0,국세청,가동사업자,15110649.350649351,747.6103896103896
인천광역시,부평구,202606,8005,중국음식,609090000,22110,290.0,LOCALDATA,식품인허가 영업점,2100310.3448275863,76.24137931034483
인천광역시,부평구,202606,8301,제과점,464320000,43570,132.0,LOCALDATA,식품인허가 영업점,3517575.757575758,330.07575757575756
인천광역시,서구,202601,4010,편의점,4315740000,504537,582.0,국세청,가동사업자,7415360.824742268,866.9020618556701
인천광역시,서구,202601,4020,슈퍼마켓,4726100000,229146,298.0,국세청,가동사업자,15859395.973154362,768.9463087248322
인천광역시,서구,202601,8005,중국음식,727170000,27335,252.0,LOCALDATA,식품인허가 영업점,2885595.238095238,108.47222222222223
인천광역시,서구,202601,8301,제과점,678730000,54953,172.0,LOCALDATA,식품인허가 영업점,3946104.6511627906,319.49418604651163
인천광역시,서구,202602,4010,편의점,3938840000,459791,577.0,국세청,가동사업자,6826412.478336222,796.8648180242634
인천광역시,서구,202602,4020,슈퍼마켓,4628720000,212460,295.0,국세청,가동사업자,15690576.271186441,720.2033898305085
인천광역시,서구,202602,8005,중국음식,668100000,24731,249.0,LOCALDATA,식품인허가 영업점,2683132.5301204817,99.32128514056225
인천광역시,서구,202602,8301,제과점,682930000,53770,177.0,LOCALDATA,식품인허가 영업점,3858361.581920904,303.7853107344633
인천광역시,서구,202603,4010,편의점,4545230000,539116,574.0,국세청,가동사업자,7918519.163763066,939.226480836237
인천광역시,서구,202603,4020,슈퍼마켓,4579200000,239947,313.0,국세청,가동사업자,14630031.94888179,766.6038338658147
인천광역시,서구,202603,8005,중국음식,728010000,28172,250.0,LOCALDATA,식품인허가 영업점,2912040.0,112.688
인천광역시,서구,202603,8301,제과점,740780000,60864,178.0,LOCALDATA,식품인허가 영업점,4161685.393258427,341.9325842696629
인천광역시,서구,202604,4010,편의점,4481860000,552516,576.0,국세청,가동사업자,7781006.944444444,959.2291666666666
인천광역시,서구,202604,4020,슈퍼마켓,4414140000,232772,322.0,국세청,가동사업자,13708509.316770187,722.8944099378882
인천광역시,서구,202604,8005,중국음식,689520000,27105,247.0,LOCALDATA,식품인허가 영업점,2791578.947368421,109.73684210526316
인천광역시,서구,202604,8301,제과점,729930000,63975,181.0,LOCALDATA,식품인허가 영업점,4032762.4309392264,353.45303867403317
인천광역시,서구,202605,4010,편의점,4486360000,538027,575.0,국세청,가동사업자,7802365.217391305,935.6991304347827
인천광역시,서구,202605,4020,슈퍼마켓,4959110000,235732,333.0,국세청,가동사업자,14892222.222222222,707.9039039039039
인천광역시,서구,202605,8005,중국음식,697170000,26295,250.0,LOCALDATA,식품인허가 영업점,2788680.0,105.18
인천광역시,서구,202605,8301,제과점,650360000,55091,183.0,LOCALDATA,식품인허가 영업점,3553879.781420765,301.04371584699453
인천광역시,서구,202606,8005,중국음식,578440000,23028,248.0,LOCALDATA,식품인허가 영업점,2332419.35483871,92.85483870967742
인천광역시,서구,202606,8301,제과점,547650000,49157,187.0,LOCALDATA,식품인허가 영업점,2928609.6256684493,262.8716577540107
인천광역시,연수구,202601,4010,편의점,2553930000,314512,370.0,국세청,가동사업자,6902513.513513514,850.0324324324324
인천광역시,연수구,202601,4020,슈퍼마켓,2629140000,141347,160.0,국세청,가동사업자,16432125.0,883.41875
인천광역시,연수구,202601,8005,중국음식,518880000,16369,169.0,LOCALDATA,식품인허가 영업점,3070295.8579881657,96.85798816568047
인천광역시,연수구,202601,8301,제과점,627610000,51401,175.0,LOCALDATA,식품인허가 영업점,3586342.8571428573,293.72
인천광역시,연수구,202602,4010,편의점,2410530000,290284,369.0,국세청,가동사업자,6532601.62601626,786.6775067750677
인천광역시,연수구,202602,4020,슈퍼마켓,2471650000,128245,161.0,국세청,가동사업자,15351863.354037266,796.5527950310559
인천광역시,연수구,202602,8005,중국음식,476410000,14769,169.0,LOCALDATA,식품인허가 영업점,2818994.082840237,87.3905325443787
인천광역시,연수구,202602,8301,제과점,622220000,49569,175.0,LOCALDATA,식품인허가 영업점,3555542.8571428573,283.25142857142856
인천광역시,연수구,202603,4010,편의점,2805930000,361490,369.0,국세청,가동사업자,7604146.341463415,979.6476964769648
인천광역시,연수구,202603,4020,슈퍼마켓,2494890000,144147,161.0,국세청,가동사업자,15496211.180124223,895.3229813664597
인천광역시,연수구,202603,8005,중국음식,550690000,18150,169.0,LOCALDATA,식품인허가 영업점,3258520.7100591715,107.39644970414201
인천광역시,연수구,202603,8301,제과점,685900000,55977,176.0,LOCALDATA,식품인허가 영업점,3897159.090909091,318.0511363636364
인천광역시,연수구,202604,4010,편의점,2739670000,373373,368.0,국세청,가동사업자,7444755.434782608,1014.6005434782609
인천광역시,연수구,202604,4020,슈퍼마켓,2376360000,140637,164.0,국세청,가동사업자,14490000.0,857.5426829268292
인천광역시,연수구,202604,8005,중국음식,506430000,16911,172.0,LOCALDATA,식품인허가 영업점,2944360.465116279,98.31976744186046
인천광역시,연수구,202604,8301,제과점,643770000,56389,176.0,LOCALDATA,식품인허가 영업점,3657784.090909091,320.39204545454544
인천광역시,연수구,202605,4010,편의점,2813690000,365039,367.0,국세청,가동사업자,7666730.245231608,994.6566757493188
인천광역시,연수구,202605,4020,슈퍼마켓,2346940000,137349,163.0,국세청,가동사업자,14398404.90797546,842.6319018404907
인천광역시,연수구,202605,8005,중국음식,509370000,16318,172.0,LOCALDATA,식품인허가 영업점,2961453.488372093,94.87209302325581
인천광역시,연수구,202605,8301,제과점,640280000,53108,174.0,LOCALDATA,식품인허가 영업점,3679770.114942529,305.2183908045977
인천광역시,연수구,202606,4010,편의점,2704720000,355001,364.0,국세청,가동사업자,7430549.450549451,975.2774725274726
인천광역시,연수구,202606,4020,슈퍼마켓,2183040000,131185,162.0,국세청,가동사업자,13475555.555555556,809.783950617284
인천광역시,연수구,202606,8005,중국음식,399560000,14242,171.0,LOCALDATA,식품인허가 영업점,2336608.187134503,83.28654970760233
인천광역시,연수구,202606,8301,제과점,534270000,47443,177.0,LOCALDATA,식품인허가 영업점,3018474.5762711866,268.03954802259886
인천광역시,옹진군,202601,4010,편의점,267490000,20107,35.0,국세청,가동사업자,7642571.428571428,574.4857142857143
인천광역시,옹진군,202601,4020,슈퍼마켓,83520000,3678,49.0,국세청,가동사업자,1704489.7959183673,75.06122448979592
인천광역시,옹진군,202601,8005,중국음식,33120000,952,14.0,LOCALDATA,식품인허가 영업점,2365714.285714286,68.0
인천광역시,옹진군,202601,8301,제과점,2940000,226,3.0,LOCALDATA,식품인허가 영업점,980000.0,75.33333333333333
인천광역시,옹진군,202602,4010,편의점,250030000,19310,35.0,국세청,가동사업자,7143714.285714285,551.7142857142857
인천광역시,옹진군,202602,4020,슈퍼마켓,83120000,3762,48.0,국세청,가동사업자,1731666.6666666667,78.375
인천광역시,옹진군,202602,8005,중국음식,26550000,791,14.0,LOCALDATA,식품인허가 영업점,1896428.5714285714,56.5
인천광역시,옹진군,202602,8301,제과점,3390000,244,3.0,LOCALDATA,식품인허가 영업점,1130000.0,81.33333333333333
인천광역시,옹진군,202603,4010,편의점,289800000,22372,34.0,국세청,가동사업자,8523529.411764706,658.0
인천광역시,옹진군,202603,4020,슈퍼마켓,96500000,4386,47.0,국세청,가동사업자,2053191.4893617022,93.31914893617021
인천광역시,옹진군,202603,8005,중국음식,34430000,1113,14.0,LOCALDATA,식품인허가 영업점,2459285.714285714,79.5
인천광역시,옹진군,202603,8301,제과점,4200000,306,3.0,LOCALDATA,식품인허가 영업점,1400000.0,102.0
인천광역시,옹진군,202604,4010,편의점,329690000,25599,34.0,국세청,가동사업자,9696764.705882354,752.9117647058823
인천광역시,옹진군,202604,4020,슈퍼마켓,108390000,4928,46.0,국세청,가동사업자,2356304.347826087,107.1304347826087
인천광역시,옹진군,202604,8005,중국음식,37460000,1198,14.0,LOCALDATA,식품인허가 영업점,2675714.285714286,85.57142857142857
인천광역시,옹진군,202604,8301,제과점,4160000,260,3.0,LOCALDATA,식품인허가 영업점,1386666.6666666667,86.66666666666667
인천광역시,옹진군,202605,4010,편의점,380180000,30324,35.0,국세청,가동사업자,10862285.714285715,866.4
인천광역시,옹진군,202605,4020,슈퍼마켓,139170000,6378,46.0,국세청,가동사업자,3025434.782608696,138.65217391304347
인천광역시,옹진군,202605,8005,중국음식,48410000,1500,14.0,LOCALDATA,식품인허가 영업점,3457857.1428571427,107.14285714285714
인천광역시,옹진군,202605,8301,제과점,5580000,340,3.0,LOCALDATA,식품인허가 영업점,1860000.0,113.33333333333333
인천광역시,옹진군,202606,4010,편의점,363290000,28185,34.0,국세청,가동사업자,10685000.0,828.9705882352941
인천광역시,옹진군,202606,4020,슈퍼마켓,125630000,5719,47.0,국세청,가동사업자,2672978.723404255,121.68085106382979
인천광역시,옹진군,202606,8005,중국음식,39210000,1223,14.0,LOCALDATA,식품인허가 영업점,2800714.285714286,87.35714285714286
인천광역시,옹진군,202606,8301,제과점,4600000,327,3.0,LOCALDATA,식품인허가 영업점,1533333.3333333333,109.0
인천광역시,중구,202601,4010,편의점,2535240000,328157,275.0,국세청,가동사업자,9219054.545454545,1193.2981818181818
인천광역시,중구,202601,4020,슈퍼마켓,1150760000,50703,126.0,국세청,가동사업자,9133015.873015873,402.4047619047619
인천광역시,중구,202601,8005,중국음식,642320000,17762,177.0,LOCALDATA,식품인허가 영업점,3628926.5536723165,100.35028248587571
인천광역시,중구,202601,8301,제과점,646170000,56489,104.0,LOCALDATA,식품인허가 영업점,6213173.076923077,543.1634615384615
인천광역시,중구,202602,4010,편의점,2402090000,310224,272.0,국세청,가동사업자,8831213.235294119,1140.5294117647059
인천광역시,중구,202602,4020,슈퍼마켓,1116110000,47124,127.0,국세청,가동사업자,8788267.716535432,371.0551181102362
인천광역시,중구,202602,8005,중국음식,691500000,18559,178.0,LOCALDATA,식품인허가 영업점,3884831.4606741574,104.26404494382022
인천광역시,중구,202602,8301,제과점,614040000,53183,104.0,LOCALDATA,식품인허가 영업점,5904230.769230769,511.375
인천광역시,중구,202603,4010,편의점,2503750000,326296,275.0,국세청,가동사업자,9104545.454545455,1186.530909090909
인천광역시,중구,202603,4020,슈퍼마켓,1101740000,52985,127.0,국세청,가동사업자,8675118.11023622,417.20472440944883
인천광역시,중구,202603,8005,중국음식,678970000,19567,180.0,LOCALDATA,식품인허가 영업점,3772055.5555555555,108.70555555555555
인천광역시,중구,202603,8301,제과점,571060000,49523,100.0,LOCALDATA,식품인허가 영업점,5710600.0,495.23
인천광역시,중구,202604,4010,편의점,2408750000,322589,274.0,국세청,가동사업자,8791058.394160584,1177.3321167883212
인천광역시,중구,202604,4020,슈퍼마켓,1065990000,52106,128.0,국세청,가동사업자,8328046.875,407.078125
인천광역시,중구,202604,8005,중국음식,686670000,19966,180.0,LOCALDATA,식품인허가 영업점,3814833.3333333335,110.92222222222222
인천광역시,중구,202604,8301,제과점,556020000,50011,99.0,LOCALDATA,식품인허가 영업점,5616363.636363637,505.16161616161617
인천광역시,중구,202605,4010,편의점,2625120000,345242,273.0,국세청,가동사업자,9615824.175824177,1264.6227106227107
인천광역시,중구,202605,4020,슈퍼마켓,1134540000,54066,130.0,국세청,가동사업자,8727230.76923077,415.89230769230767
인천광역시,중구,202605,8005,중국음식,796540000,21850,179.0,LOCALDATA,식품인허가 영업점,4449944.134078212,122.06703910614524
인천광역시,중구,202605,8301,제과점,586590000,51186,101.0,LOCALDATA,식품인허가 영업점,5807821.782178218,506.7920792079208
인천광역시,중구,202606,8005,중국음식,556380000,16258,178.0,LOCALDATA,식품인허가 영업점,3125730.337078652,91.33707865168539
인천광역시,중구,202606,8301,제과점,495510000,44739,101.0,LOCALDATA,식품인허가 영업점,4906039.603960396,442.96039603960395
전라남도,강진군,202601,4010,편의점,132270000,12970,24.0,국세청,가동사업자,5511250.0,540.4166666666666
전라남도,강진군,202601,4020,슈퍼마켓,203990000,8729,31.0,국세청,가동사업자,6580322.580645162,281.5806451612903
전라남도,강진군,202601,8005,중국음식,31750000,1049,19.0,LOCALDATA,식품인허가 영업점,1671052.6315789474,55.21052631578947
전라남도,강진군,202601,8301,제과점,32540000,1825,7.0,LOCALDATA,식품인허가 영업점,4648571.428571428,260.7142857142857
전라남도,강진군,202602,4010,편의점,136060000,12954,24.0,국세청,가동사업자,5669166.666666667,539.75
전라남도,강진군,202602,4020,슈퍼마켓,235000000,9217,31.0,국세청,가동사업자,7580645.161290322,297.3225806451613
전라남도,강진군,202602,8005,중국음식,33050000,1073,19.0,LOCALDATA,식품인허가 영업점,1739473.6842105263,56.473684210526315
전라남도,강진군,202602,8301,제과점,36930000,2026,7.0,LOCALDATA,식품인허가 영업점,5275714.285714285,289.42857142857144
전라남도,강진군,202603,4010,편의점,141780000,14032,24.0,국세청,가동사업자,5907500.0,584.6666666666666
전라남도,강진군,202603,4020,슈퍼마켓,205820000,9333,30.0,국세청,가동사업자,6860666.666666667,311.1
전라남도,강진군,202603,8005,중국음식,31540000,1117,19.0,LOCALDATA,식품인허가 영업점,1660000.0,58.78947368421053
전라남도,강진군,202603,8301,제과점,32770000,2022,7.0,LOCALDATA,식품인허가 영업점,4681428.571428572,288.85714285714283
전라남도,강진군,202604,4010,편의점,147450000,14498,24.0,국세청,가동사업자,6143750.0,604.0833333333334
전라남도,강진군,202604,4020,슈퍼마켓,232000000,10685,32.0,국세청,가동사업자,7250000.0,333.90625
전라남도,강진군,202604,8005,중국음식,38790000,1319,20.0,LOCALDATA,식품인허가 영업점,1939500.0,65.95
전라남도,강진군,202604,8301,제과점,36940000,2191,7.0,LOCALDATA,식품인허가 영업점,5277142.857142857,313.0
전라남도,강진군,202605,4010,편의점,154670000,15354,23.0,국세청,가동사업자,6724782.608695652,667.5652173913044
전라남도,강진군,202605,4020,슈퍼마켓,229100000,10268,32.0,국세청,가동사업자,7159375.0,320.875
전라남도,강진군,202605,8005,중국음식,41780000,1312,20.0,LOCALDATA,식품인허가 영업점,2089000.0,65.6
전라남도,강진군,202605,8301,제과점,34070000,2018,7.0,LOCALDATA,식품인허가 영업점,4867142.857142857,288.2857142857143
전라남도,강진군,202606,4010,편의점,153140000,14914,23.0,국세청,가동사업자,6658260.869565218,648.4347826086956
전라남도,강진군,202606,4020,슈퍼마켓,218890000,9903,33.0,국세청,가동사업자,6633030.303030303,300.09090909090907
전라남도,강진군,202606,8005,중국음식,36190000,1238,20.0,LOCALDATA,식품인허가 영업점,1809500.0,61.9
전라남도,강진군,202606,8301,제과점,28620000,1821,7.0,LOCALDATA,식품인허가 영업점,4088571.4285714286,260.14285714285717
전라남도,고흥군,202601,4010,편의점,271080000,24385,51.0,국세청,가동사업자,5315294.117647059,478.1372549019608
전라남도,고흥군,202601,4020,슈퍼마켓,574720000,19400,42.0,국세청,가동사업자,13683809.523809524,461.9047619047619
전라남도,고흥군,202601,8005,중국음식,77560000,2636,33.0,LOCALDATA,식품인허가 영업점,2350303.0303030303,79.87878787878788
전라남도,고흥군,202601,8301,제과점,52590000,2949,21.0,LOCALDATA,식품인허가 영업점,2504285.714285714,140.42857142857142
전라남도,고흥군,202602,4010,편의점,284590000,25865,52.0,국세청,가동사업자,5472884.615384615,497.40384615384613
전라남도,고흥군,202602,4020,슈퍼마켓,649040000,20570,41.0,국세청,가동사업자,15830243.902439024,501.7073170731707
전라남도,고흥군,202602,8005,중국음식,78240000,2536,33.0,LOCALDATA,식품인허가 영업점,2370909.090909091,76.84848484848484
전라남도,고흥군,202602,8301,제과점,57020000,3184,21.0,LOCALDATA,식품인허가 영업점,2715238.095238095,151.61904761904762
전라남도,고흥군,202603,4010,편의점,279440000,25860,53.0,국세청,가동사업자,5272452.8301886795,487.92452830188677
전라남도,고흥군,202603,4020,슈퍼마켓,567270000,20321,41.0,국세청,가동사업자,13835853.658536585,495.6341463414634
전라남도,고흥군,202603,8005,중국음식,78620000,2750,33.0,LOCALDATA,식품인허가 영업점,2382424.242424242,83.33333333333333
전라남도,고흥군,202603,8301,제과점,51180000,2953,21.0,LOCALDATA,식품인허가 영업점,2437142.8571428573,140.61904761904762
전라남도,고흥군,202604,4010,편의점,292550000,28100,51.0,국세청,가동사업자,5736274.509803922,550.9803921568628
전라남도,고흥군,202604,4020,슈퍼마켓,551350000,20074,40.0,국세청,가동사업자,13783750.0,501.85
전라남도,고흥군,202604,8005,중국음식,79180000,2779,32.0,LOCALDATA,식품인허가 영업점,2474375.0,86.84375
전라남도,고흥군,202604,8301,제과점,55520000,3317,21.0,LOCALDATA,식품인허가 영업점,2643809.523809524,157.95238095238096
전라남도,고흥군,202605,4010,편의점,311180000,30107,52.0,국세청,가동사업자,5984230.769230769,578.9807692307693
전라남도,고흥군,202605,4020,슈퍼마켓,557350000,20685,40.0,국세청,가동사업자,13933750.0,517.125
전라남도,고흥군,202605,8005,중국음식,83050000,2890,32.0,LOCALDATA,식품인허가 영업점,2595312.5,90.3125
전라남도,고흥군,202605,8301,제과점,60190000,3290,21.0,LOCALDATA,식품인허가 영업점,2866190.476190476,156.66666666666666
전라남도,고흥군,202606,4010,편의점,300500000,28576,52.0,국세청,가동사업자,5778846.153846154,549.5384615384615
전라남도,고흥군,202606,4020,슈퍼마켓,508990000,19856,40.0,국세청,가동사업자,12724750.0,496.4
전라남도,고흥군,202606,8005,중국음식,79130000,2781,32.0,LOCALDATA,식품인허가 영업점,2472812.5,86.90625
전라남도,고흥군,202606,8301,제과점,48780000,2952,21.0,LOCALDATA,식품인허가 영업점,2322857.1428571427,140.57142857142858
전라남도,곡성군,202601,4010,편의점,96880000,9488,22.0,국세청,가동사업자,4403636.363636363,431.27272727272725
전라남도,곡성군,202601,4020,슈퍼마켓,27760000,1385,13.0,국세청,가동사업자,2135384.6153846155,106.53846153846153
전라남도,곡성군,202601,8005,중국음식,41410000,1468,22.0,LOCALDATA,식품인허가 영업점,1882272.7272727273,66.72727272727273
전라남도,곡성군,202601,8301,제과점,10250000,619,8.0,LOCALDATA,식품인허가 영업점,1281250.0,77.375
전라남도,곡성군,202602,4010,편의점,97810000,9306,22.0,국세청,가동사업자,4445909.090909091,423.0
전라남도,곡성군,202602,4020,슈퍼마켓,39710000,1648,13.0,국세청,가동사업자,3054615.3846153845,126.76923076923077
전라남도,곡성군,202602,8005,중국음식,48940000,1663,23.0,LOCALDATA,식품인허가 영업점,2127826.086956522,72.30434782608695
전라남도,곡성군,202602,8301,제과점,15240000,891,7.0,LOCALDATA,식품인허가 영업점,2177142.8571428573,127.28571428571429
전라남도,곡성군,202603,4010,편의점,114140000,11767,22.0,국세청,가동사업자,5188181.818181818,534.8636363636364
전라남도,곡성군,202603,4020,슈퍼마켓,20850000,998,14.0,국세청,가동사업자,1489285.7142857143,71.28571428571429
전라남도,곡성군,202603,8005,중국음식,56750000,1975,23.0,LOCALDATA,식품인허가 영업점,2467391.304347826,85.8695652173913
전라남도,곡성군,202603,8301,제과점,11540000,729,7.0,LOCALDATA,식품인허가 영업점,1648571.4285714286,104.14285714285714
전라남도,곡성군,202604,4010,편의점,138130000,14227,22.0,국세청,가동사업자,6278636.363636363,646.6818181818181
전라남도,곡성군,202604,4020,슈퍼마켓,48090000,2522,14.0,국세청,가동사업자,3435000.0,180.14285714285714
전라남도,곡성군,202604,8005,중국음식,69630000,2459,24.0,LOCALDATA,식품인허가 영업점,2901250.0,102.45833333333333
전라남도,곡성군,202604,8301,제과점,20450000,1333,7.0,LOCALDATA,식품인허가 영업점,2921428.5714285714,190.42857142857142
전라남도,곡성군,202605,4010,편의점,151060000,15863,22.0,국세청,가동사업자,6866363.636363637,721.0454545454545
전라남도,곡성군,202605,4020,슈퍼마켓,82050000,3924,14.0,국세청,가동사업자,5860714.285714285,280.2857142857143
전라남도,곡성군,202605,8005,중국음식,91270000,3042,23.0,LOCALDATA,식품인허가 영업점,3968260.8695652173,132.2608695652174
전라남도,곡성군,202605,8301,제과점,35660000,1940,7.0,LOCALDATA,식품인허가 영업점,5094285.714285715,277.14285714285717
전라남도,곡성군,202606,4010,편의점,138170000,14564,22.0,국세청,가동사업자,6280454.545454546,662.0
전라남도,곡성군,202606,4020,슈퍼마켓,67620000,3149,14.0,국세청,가동사업자,4830000.0,224.92857142857142
전라남도,곡성군,202606,8005,중국음식,69290000,2390,23.0,LOCALDATA,식품인허가 영업점,3012608.695652174,103.91304347826087
전라남도,곡성군,202606,8301,제과점,23130000,1360,7.0,LOCALDATA,식품인허가 영업점,3304285.714285714,194.28571428571428
전라남도,광양시,202601,4010,편의점,1031280000,104139,151.0,국세청,가동사업자,6829668.874172186,689.6622516556291
전라남도,광양시,202601,4020,슈퍼마켓,1556890000,62779,98.0,국세청,가동사업자,15886632.653061224,640.6020408163265
전라남도,광양시,202601,8005,중국음식,206110000,7064,76.0,LOCALDATA,식품인허가 영업점,2711973.6842105263,92.94736842105263
전라남도,광양시,202601,8301,제과점,168120000,11313,52.0,LOCALDATA,식품인허가 영업점,3233076.923076923,217.55769230769232
전라남도,광양시,202602,4010,편의점,981800000,96817,150.0,국세청,가동사업자,6545333.333333333,645.4466666666667
전라남도,광양시,202602,4020,슈퍼마켓,1529480000,58566,98.0,국세청,가동사업자,15606938.775510205,597.6122448979592
전라남도,광양시,202602,8005,중국음식,191650000,6496,76.0,LOCALDATA,식품인허가 영업점,2521710.5263157897,85.47368421052632
전라남도,광양시,202602,8301,제과점,173640000,11202,51.0,LOCALDATA,식품인허가 영업점,3404705.882352941,219.64705882352942
전라남도,광양시,202603,4010,편의점,1119920000,112054,149.0,국세청,가동사업자,7516241.610738255,752.0402684563759
전라남도,광양시,202603,4020,슈퍼마켓,1479560000,62927,100.0,국세청,가동사업자,14795600.0,629.27
전라남도,광양시,202603,8005,중국음식,195770000,7167,76.0,LOCALDATA,식품인허가 영업점,2575921.052631579,94.30263157894737
전라남도,광양시,202603,8301,제과점,191830000,12640,52.0,LOCALDATA,식품인허가 영업점,3689038.4615384615,243.07692307692307
전라남도,광양시,202604,4010,편의점,1047560000,109719,145.0,국세청,가동사업자,7224551.724137931,756.6827586206897
전라남도,광양시,202604,4020,슈퍼마켓,1448180000,62120,99.0,국세청,가동사업자,14628080.808080807,627.4747474747475
전라남도,광양시,202604,8005,중국음식,180400000,6608,76.0,LOCALDATA,식품인허가 영업점,2373684.210526316,86.94736842105263
전라남도,광양시,202604,8301,제과점,190810000,12986,53.0,LOCALDATA,식품인허가 영업점,3600188.679245283,245.0188679245283
전라남도,광양시,202605,4010,편의점,1120830000,114257,143.0,국세청,가동사업자,7837972.027972028,799.0
전라남도,광양시,202605,4020,슈퍼마켓,1583190000,65265,96.0,국세청,가동사업자,16491562.5,679.84375
전라남도,광양시,202605,8005,중국음식,195930000,6845,75.0,LOCALDATA,식품인허가 영업점,2612400.0,91.26666666666667
전라남도,광양시,202605,8301,제과점,192220000,12138,52.0,LOCALDATA,식품인허가 영업점,3696538.4615384615,233.42307692307693
전라남도,광양시,202606,4010,편의점,1120830000,114548,144.0,국세청,가동사업자,7783541.666666667,795.4722222222222
전라남도,광양시,202606,4020,슈퍼마켓,1545270000,65396,95.0,국세청,가동사업자,16266000.0,688.3789473684211
전라남도,광양시,202606,8005,중국음식,181060000,6437,75.0,LOCALDATA,식품인허가 영업점,2414133.3333333335,85.82666666666667
전라남도,광양시,202606,8301,제과점,163250000,11392,51.0,LOCALDATA,식품인허가 영업점,3200980.3921568627,223.37254901960785
전라남도,구례군,202601,4010,편의점,78270000,7086,18.0,국세청,가동사업자,4348333.333333333,393.6666666666667
전라남도,구례군,202601,4020,슈퍼마켓,115430000,3781,16.0,국세청,가동사업자,7214375.0,236.3125
전라남도,구례군,202601,8005,중국음식,24200000,797,17.0,LOCALDATA,식품인허가 영업점,1423529.4117647058,46.88235294117647
전라남도,구례군,202601,8301,제과점,40050000,2208,17.0,LOCALDATA,식품인허가 영업점,2355882.3529411764,129.88235294117646
전라남도,구례군,202602,4010,편의점,68530000,6545,17.0,국세청,가동사업자,4031176.470588235,385.0
전라남도,구례군,202602,4020,슈퍼마켓,110530000,3280,15.0,국세청,가동사업자,7368666.666666667,218.66666666666666
전라남도,구례군,202602,8005,중국음식,20940000,622,17.0,LOCALDATA,식품인허가 영업점,1231764.705882353,36.588235294117645
전라남도,구례군,202602,8301,제과점,44150000,2367,17.0,LOCALDATA,식품인허가 영업점,2597058.8235294116,139.23529411764707
전라남도,구례군,202603,4010,편의점,99600000,9408,17.0,국세청,가동사업자,5858823.529411765,553.4117647058823
전라남도,구례군,202603,4020,슈퍼마켓,127130000,4004,16.0,국세청,가동사업자,7945625.0,250.25
전라남도,구례군,202603,8005,중국음식,31020000,1048,17.0,LOCALDATA,식품인허가 영업점,1824705.8823529412,61.64705882352941
전라남도,구례군,202603,8301,제과점,71630000,3663,17.0,LOCALDATA,식품인허가 영업점,4213529.411764706,215.47058823529412
전라남도,구례군,202604,4010,편의점,91040000,8477,17.0,국세청,가동사업자,5355294.117647059,498.6470588235294
전라남도,구례군,202604,4020,슈퍼마켓,127600000,4101,16.0,국세청,가동사업자,7975000.0,256.3125
전라남도,구례군,202604,8005,중국음식,25620000,881,17.0,LOCALDATA,식품인허가 영업점,1507058.8235294118,51.8235294117647
전라남도,구례군,202604,8301,제과점,63240000,3454,18.0,LOCALDATA,식품인허가 영업점,3513333.3333333335,191.88888888888889
전라남도,구례군,202605,4010,편의점,93140000,8945,17.0,국세청,가동사업자,5478823.529411765,526.1764705882352
전라남도,구례군,202605,4020,슈퍼마켓,142150000,4554,17.0,국세청,가동사업자,8361764.705882353,267.88235294117646
전라남도,구례군,202605,8005,중국음식,26120000,868,17.0,LOCALDATA,식품인허가 영업점,1536470.5882352942,51.05882352941177
전라남도,구례군,202605,8301,제과점,68240000,3711,19.0,LOCALDATA,식품인허가 영업점,3591578.947368421,195.31578947368422
전라남도,구례군,202606,4010,편의점,77730000,7831,17.0,국세청,가동사업자,4572352.94117647,460.6470588235294
전라남도,구례군,202606,4020,슈퍼마켓,119320000,4003,17.0,국세청,가동사업자,7018823.529411765,235.47058823529412
전라남도,구례군,202606,8005,중국음식,24250000,785,17.0,LOCALDATA,식품인허가 영업점,1426470.5882352942,46.1764705882353
전라남도,구례군,202606,8301,제과점,51170000,2928,19.0,LOCALDATA,식품인허가 영업점,2693157.8947368423,154.10526315789474
전라남도,나주시,202601,4010,편의점,681830000,71243,115.0,국세청,가동사업자,5928956.521739131,619.5043478260869
전라남도,나주시,202601,4020,슈퍼마켓,944490000,38825,60.0,국세청,가동사업자,15741500.0,647.0833333333334
전라남도,나주시,202601,8005,중국음식,180210000,5872,61.0,LOCALDATA,식품인허가 영업점,2954262.295081967,96.26229508196721
전라남도,나주시,202601,8301,제과점,112510000,6860,46.0,LOCALDATA,식품인허가 영업점,2445869.565217391,149.1304347826087
전라남도,나주시,202602,4010,편의점,632130000,66012,114.0,국세청,가동사업자,5545000.0,579.0526315789474
전라남도,나주시,202602,4020,슈퍼마켓,962000000,36585,60.0,국세청,가동사업자,16033333.333333334,609.75
전라남도,나주시,202602,8005,중국음식,167110000,5337,61.0,LOCALDATA,식품인허가 영업점,2739508.1967213117,87.49180327868852
전라남도,나주시,202602,8301,제과점,114890000,6772,47.0,LOCALDATA,식품인허가 영업점,2444468.085106383,144.08510638297872
전라남도,나주시,202603,4010,편의점,752680000,80917,111.0,국세청,가동사업자,6780900.900900901,728.981981981982
전라남도,나주시,202603,4020,슈퍼마켓,924290000,41628,62.0,국세청,가동사업자,14907903.225806452,671.4193548387096
전라남도,나주시,202603,8005,중국음식,183380000,6415,61.0,LOCALDATA,식품인허가 영업점,3006229.5081967213,105.1639344262295
전라남도,나주시,202603,8301,제과점,123030000,8001,47.0,LOCALDATA,식품인허가 영업점,2617659.574468085,170.2340425531915
전라남도,나주시,202604,4010,편의점,743010000,83538,112.0,국세청,가동사업자,6634017.857142857,745.875
전라남도,나주시,202604,4020,슈퍼마켓,900800000,40074,58.0,국세청,가동사업자,15531034.48275862,690.9310344827586
전라남도,나주시,202604,8005,중국음식,174640000,6225,60.0,LOCALDATA,식품인허가 영업점,2910666.6666666665,103.75
전라남도,나주시,202604,8301,제과점,129600000,8622,47.0,LOCALDATA,식품인허가 영업점,2757446.8085106383,183.4468085106383
전라남도,나주시,202605,4010,편의점,785380000,85983,112.0,국세청,가동사업자,7012321.428571428,767.7053571428571
전라남도,나주시,202605,4020,슈퍼마켓,982300000,41982,58.0,국세청,가동사업자,16936206.896551725,723.8275862068965
전라남도,나주시,202605,8005,중국음식,198780000,6529,60.0,LOCALDATA,식품인허가 영업점,3313000.0,108.81666666666666
전라남도,나주시,202605,8301,제과점,129440000,8225,48.0,LOCALDATA,식품인허가 영업점,2696666.6666666665,171.35416666666666
전라남도,나주시,202606,4010,편의점,776800000,85413,114.0,국세청,가동사업자,6814035.087719298,749.2368421052631
전라남도,나주시,202606,4020,슈퍼마켓,927800000,40367,59.0,국세청,가동사업자,15725423.728813559,684.1864406779661
전라남도,나주시,202606,8005,중국음식,168740000,6023,61.0,LOCALDATA,식품인허가 영업점,2766229.5081967213,98.73770491803279
전라남도,나주시,202606,8301,제과점,107500000,7286,49.0,LOCALDATA,식품인허가 영업점,2193877.551020408,148.69387755102042
전라남도,담양군,202601,4010,편의점,146710000,14272,28.0,국세청,가동사업자,5239642.857142857,509.7142857142857
전라남도,담양군,202601,4020,슈퍼마켓,512970000,16420,26.0,국세청,가동사업자,19729615.384615384,631.5384615384615
전라남도,담양군,202601,8005,중국음식,91720000,3221,25.0,LOCALDATA,식품인허가 영업점,3668800.0,128.84
전라남도,담양군,202601,8301,제과점,199970000,8230,22.0,LOCALDATA,식품인허가 영업점,9089545.454545455,374.09090909090907
전라남도,담양군,202602,4010,편의점,146450000,14029,28.0,국세청,가동사업자,5230357.142857143,501.0357142857143
전라남도,담양군,202602,4020,슈퍼마켓,553690000,16089,25.0,국세청,가동사업자,22147600.0,643.56
전라남도,담양군,202602,8005,중국음식,91370000,3050,25.0,LOCALDATA,식품인허가 영업점,3654800.0,122.0
전라남도,담양군,202602,8301,제과점,230930000,8887,22.0,LOCALDATA,식품인허가 영업점,10496818.181818182,403.95454545454544
전라남도,담양군,202603,4010,편의점,152810000,15362,30.0,국세청,가동사업자,5093666.666666667,512.0666666666667
전라남도,담양군,202603,4020,슈퍼마켓,475650000,16768,26.0,국세청,가동사업자,18294230.769230768,644.9230769230769
전라남도,담양군,202603,8005,중국음식,90760000,3280,25.0,LOCALDATA,식품인허가 영업점,3630400.0,131.2
전라남도,담양군,202603,8301,제과점,191440000,8307,21.0,LOCALDATA,식품인허가 영업점,9116190.476190476,395.57142857142856
전라남도,담양군,202604,4010,편의점,163100000,16613,30.0,국세청,가동사업자,5436666.666666667,553.7666666666667
전라남도,담양군,202604,4020,슈퍼마켓,501600000,16923,26.0,국세청,가동사업자,19292307.692307692,650.8846153846154
전라남도,담양군,202604,8005,중국음식,79630000,3127,26.0,LOCALDATA,식품인허가 영업점,3062692.3076923075,120.26923076923077
전라남도,담양군,202604,8301,제과점,183170000,7996,22.0,LOCALDATA,식품인허가 영업점,8325909.090909091,363.45454545454544
전라남도,담양군,202605,4010,편의점,184830000,19036,30.0,국세청,가동사업자,6161000.0,634.5333333333333
전라남도,담양군,202605,4020,슈퍼마켓,542030000,18694,26.0,국세청,가동사업자,20847307.692307692,719.0
전라남도,담양군,202605,8005,중국음식,94650000,3311,26.0,LOCALDATA,식품인허가 영업점,3640384.6153846155,127.34615384615384
전라남도,담양군,202605,8301,제과점,219150000,9309,21.0,LOCALDATA,식품인허가 영업점,10435714.285714285,443.2857142857143
전라남도,담양군,202606,4010,편의점,172380000,17693,29.0,국세청,가동사업자,5944137.931034483,610.1034482758621
전라남도,담양군,202606,4020,슈퍼마켓,520440000,17693,26.0,국세청,가동사업자,20016923.076923076,680.5
전라남도,담양군,202606,8005,중국음식,82170000,3058,26.0,LOCALDATA,식품인허가 영업점,3160384.6153846155,117.61538461538461
전라남도,담양군,202606,8301,제과점,173760000,7645,21.0,LOCALDATA,식품인허가 영업점,8274285.714285715,364.04761904761904
전라남도,목포시,202601,4010,편의점,1885960000,195226,222.0,국세청,가동사업자,8495315.315315315,879.3963963963964
전라남도,목포시,202601,4020,슈퍼마켓,3017990000,135067,118.0,국세청,가동사업자,25576186.440677967,1144.635593220339
전라남도,목포시,202601,8005,중국음식,394190000,13669,99.0,LOCALDATA,식품인허가 영업점,3981717.1717171716,138.07070707070707
전라남도,목포시,202601,8301,제과점,482270000,29618,75.0,LOCALDATA,식품인허가 영업점,6430266.666666667,394.9066666666667
전라남도,목포시,202602,4010,편의점,1768010000,182799,222.0,국세청,가동사업자,7964009.009009009,823.418918918919
전라남도,목포시,202602,4020,슈퍼마켓,2921520000,124716,116.0,국세청,가동사업자,25185517.24137931,1075.1379310344828
전라남도,목포시,202602,8005,중국음식,371410000,12203,98.0,LOCALDATA,식품인허가 영업점,3789897.9591836734,124.5204081632653
전라남도,목포시,202602,8301,제과점,508330000,30319,75.0,LOCALDATA,식품인허가 영업점,6777733.333333333,404.25333333333333
전라남도,목포시,202603,4010,편의점,1910630000,202138,222.0,국세청,가동사업자,8606441.441441441,910.5315315315315
전라남도,목포시,202603,4020,슈퍼마켓,2879510000,131501,117.0,국세청,가동사업자,24611196.58119658,1123.940170940171
전라남도,목포시,202603,8005,중국음식,358140000,13189,97.0,LOCALDATA,식품인허가 영업점,3692164.9484536084,135.96907216494844
전라남도,목포시,202603,8301,제과점,488700000,30593,76.0,LOCALDATA,식품인허가 영업점,6430263.157894737,402.5394736842105
전라남도,목포시,202604,4010,편의점,1923400000,209240,225.0,국세청,가동사업자,8548444.444444444,929.9555555555555
전라남도,목포시,202604,4020,슈퍼마켓,3096590000,138650,116.0,국세청,가동사업자,26694741.379310343,1195.2586206896551
전라남도,목포시,202604,8005,중국음식,339650000,12677,97.0,LOCALDATA,식품인허가 영업점,3501546.3917525774,130.69072164948454
전라남도,목포시,202604,8301,제과점,475520000,31254,78.0,LOCALDATA,식품인허가 영업점,6096410.256410256,400.6923076923077
전라남도,목포시,202605,4010,편의점,2483580000,261808,226.0,국세청,가동사업자,10989292.03539823,1158.4424778761063
전라남도,목포시,202605,4020,슈퍼마켓,4277770000,200383,117.0,국세청,가동사업자,36562136.75213675,1712.6752136752136
전라남도,목포시,202605,8005,중국음식,517650000,18692,97.0,LOCALDATA,식품인허가 영업점,5336597.93814433,192.70103092783506
전라남도,목포시,202605,8301,제과점,622550000,39837,76.0,LOCALDATA,식품인허가 영업점,8191447.368421053,524.171052631579
전라남도,목포시,202606,4010,편의점,2165340000,235876,224.0,국세청,가동사업자,9666696.42857143,1053.017857142857
전라남도,목포시,202606,4020,슈퍼마켓,3448980000,174531,117.0,국세청,가동사업자,29478461.53846154,1491.7179487179487
전라남도,목포시,202606,8005,중국음식,391710000,14903,97.0,LOCALDATA,식품인허가 영업점,4038247.4226804124,153.63917525773195
전라남도,목포시,202606,8301,제과점,470840000,31859,75.0,LOCALDATA,식품인허가 영업점,6277866.666666667,424.7866666666667
전라남도,무안군,202601,4010,편의점,522610000,51044,87.0,국세청,가동사업자,6007011.494252874,586.7126436781609
전라남도,무안군,202601,4020,슈퍼마켓,508970000,22991,48.0,국세청,가동사업자,10603541.666666666,478.9791666666667
전라남도,무안군,202601,8005,중국음식,137530000,4569,47.0,LOCALDATA,식품인허가 영업점,2926170.212765957,97.2127659574468
전라남도,무안군,202601,8301,제과점,108040000,7119,37.0,LOCALDATA,식품인허가 영업점,2920000.0,192.40540540540542
전라남도,무안군,202602,4010,편의점,489170000,46909,87.0,국세청,가동사업자,5622643.67816092,539.183908045977
전라남도,무안군,202602,4020,슈퍼마켓,495410000,21524,48.0,국세청,가동사업자,10321041.666666666,448.4166666666667
전라남도,무안군,202602,8005,중국음식,130660000,4215,47.0,LOCALDATA,식품인허가 영업점,2780000.0,89.68085106382979
전라남도,무안군,202602,8301,제과점,105440000,6746,37.0,LOCALDATA,식품인허가 영업점,2849729.7297297297,182.32432432432432
전라남도,무안군,202603,4010,편의점,562740000,57244,86.0,국세청,가동사업자,6543488.372093023,665.6279069767442
전라남도,무안군,202603,4020,슈퍼마켓,490830000,23646,50.0,국세청,가동사업자,9816600.0,472.92
전라남도,무안군,202603,8005,중국음식,150400000,4873,47.0,LOCALDATA,식품인허가 영업점,3200000.0,103.68085106382979
전라남도,무안군,202603,8301,제과점,116600000,7968,36.0,LOCALDATA,식품인허가 영업점,3238888.888888889,221.33333333333334
전라남도,무안군,202604,4010,편의점,560290000,59367,86.0,국세청,가동사업자,6515000.0,690.3139534883721
전라남도,무안군,202604,4020,슈퍼마켓,485070000,23419,48.0,국세청,가동사업자,10105625.0,487.8958333333333
전라남도,무안군,202604,8005,중국음식,149900000,4890,47.0,LOCALDATA,식품인허가 영업점,3189361.7021276597,104.04255319148936
전라남도,무안군,202604,8301,제과점,116600000,8231,36.0,LOCALDATA,식품인허가 영업점,3238888.888888889,228.63888888888889
전라남도,무안군,202605,4010,편의점,608540000,61293,87.0,국세청,가동사업자,6994712.643678161,704.5172413793103
전라남도,무안군,202605,4020,슈퍼마켓,627930000,27555,48.0,국세청,가동사업자,13081875.0,574.0625
전라남도,무안군,202605,8005,중국음식,154140000,5026,47.0,LOCALDATA,식품인허가 영업점,3279574.4680851065,106.93617021276596
전라남도,무안군,202605,8301,제과점,111300000,7671,36.0,LOCALDATA,식품인허가 영업점,3091666.6666666665,213.08333333333334
전라남도,무안군,202606,4010,편의점,597390000,61273,87.0,국세청,가동사업자,6866551.724137931,704.2873563218391
전라남도,무안군,202606,4020,슈퍼마켓,712760000,29599,49.0,국세청,가동사업자,14546122.448979592,604.0612244897959
전라남도,무안군,202606,8005,중국음식,138370000,4674,47.0,LOCALDATA,식품인허가 영업점,2944042.5531914895,99.44680851063829
전라남도,무안군,202606,8301,제과점,95510000,7212,36.0,LOCALDATA,식품인허가 영업점,2653055.5555555555,200.33333333333334
전라남도,보성군,202601,4010,편의점,111900000,10829,25.0,국세청,가동사업자,4476000.0,433.16
전라남도,보성군,202601,4020,슈퍼마켓,377090000,14878,43.0,국세청,가동사업자,8769534.88372093,346.0
전라남도,보성군,202601,8005,중국음식,54520000,1856,20.0,LOCALDATA,식품인허가 영업점,2726000.0,92.8
전라남도,보성군,202601,8301,제과점,52980000,3097,13.0,LOCALDATA,식품인허가 영업점,4075384.6153846155,238.23076923076923
전라남도,보성군,202602,4010,편의점,107140000,10575,25.0,국세청,가동사업자,4285600.0,423.0
전라남도,보성군,202602,4020,슈퍼마켓,376820000,13920,43.0,국세청,가동사업자,8763255.813953489,323.72093023255815
전라남도,보성군,202602,8005,중국음식,43000000,1397,20.0,LOCALDATA,식품인허가 영업점,2150000.0,69.85
전라남도,보성군,202602,8301,제과점,51100000,3003,13.0,LOCALDATA,식품인허가 영업점,3930769.230769231,231.0
전라남도,보성군,202603,4010,편의점,123890000,12335,25.0,국세청,가동사업자,4955600.0,493.4
전라남도,보성군,202603,4020,슈퍼마켓,355940000,14806,43.0,국세청,가동사업자,8277674.4186046515,344.3255813953488
전라남도,보성군,202603,8005,중국음식,46220000,1667,20.0,LOCALDATA,식품인허가 영업점,2311000.0,83.35
전라남도,보성군,202603,8301,제과점,53440000,3074,13.0,LOCALDATA,식품인허가 영업점,4110769.230769231,236.46153846153845
전라남도,보성군,202604,4010,편의점,131380000,13206,25.0,국세청,가동사업자,5255200.0,528.24
전라남도,보성군,202604,4020,슈퍼마켓,384230000,15734,43.0,국세청,가동사업자,8935581.395348838,365.90697674418607
전라남도,보성군,202604,8005,중국음식,44630000,1649,20.0,LOCALDATA,식품인허가 영업점,2231500.0,82.45
전라남도,보성군,202604,8301,제과점,57340000,3287,13.0,LOCALDATA,식품인허가 영업점,4410769.230769231,252.84615384615384
전라남도,보성군,202605,4010,편의점,146370000,14956,25.0,국세청,가동사업자,5854800.0,598.24
전라남도,보성군,202605,4020,슈퍼마켓,410180000,16955,43.0,국세청,가동사업자,9539069.767441861,394.30232558139534
전라남도,보성군,202605,8005,중국음식,58500000,1887,20.0,LOCALDATA,식품인허가 영업점,2925000.0,94.35
전라남도,보성군,202605,8301,제과점,61380000,3383,13.0,LOCALDATA,식품인허가 영업점,4721538.461538462,260.2307692307692
전라남도,보성군,202606,4010,편의점,140380000,14555,25.0,국세청,가동사업자,5615200.0,582.2
전라남도,보성군,202606,4020,슈퍼마켓,365670000,15402,43.0,국세청,가동사업자,8503953.488372093,358.1860465116279
전라남도,보성군,202606,8005,중국음식,55700000,1938,20.0,LOCALDATA,식품인허가 영업점,2785000.0,96.9
전라남도,보성군,202606,8301,제과점,48860000,2899,13.0,LOCALDATA,식품인허가 영업점,3758461.5384615385,223.0
전라남도,순천시,202601,4010,편의점,1418750000,154713,244.0,국세청,가동사업자,5814549.180327869,634.0696721311475
전라남도,순천시,202601,4020,슈퍼마켓,2692460000,123758,181.0,국세청,가동사업자,14875469.61325967,683.7458563535912
전라남도,순천시,202601,8005,중국음식,276240000,8983,163.0,LOCALDATA,식품인허가 영업점,1694723.9263803682,55.11042944785276
전라남도,순천시,202601,8301,제과점,346640000,21989,119.0,LOCALDATA,식품인허가 영업점,2912941.1764705884,184.78151260504202
전라남도,순천시,202602,4010,편의점,1383850000,149829,245.0,국세청,가동사업자,5648367.346938776,611.5469387755102
전라남도,순천시,202602,4020,슈퍼마켓,2805360000,121066,182.0,국세청,가동사업자,15414065.934065934,665.1978021978022
전라남도,순천시,202602,8005,중국음식,267460000,8507,162.0,LOCALDATA,식품인허가 영업점,1650987.6543209876,52.51234567901235
전라남도,순천시,202602,8301,제과점,366090000,22062,120.0,LOCALDATA,식품인허가 영업점,3050750.0,183.85
전라남도,순천시,202603,4010,편의점,1583600000,175341,239.0,국세청,가동사업자,6625941.422594142,733.6443514644351
전라남도,순천시,202603,4020,슈퍼마켓,2764900000,135393,178.0,국세청,가동사업자,15533146.067415731,760.6348314606741
전라남도,순천시,202603,8005,중국음식,296350000,9619,162.0,LOCALDATA,식품인허가 영업점,1829320.987654321,59.376543209876544
전라남도,순천시,202603,8301,제과점,422980000,26608,122.0,LOCALDATA,식품인허가 영업점,3467049.180327869,218.0983606557377
전라남도,순천시,202604,4010,편의점,1525880000,179326,243.0,국세청,가동사업자,6279341.563786008,737.9670781893004
전라남도,순천시,202604,4020,슈퍼마켓,2677250000,130200,178.0,국세청,가동사업자,15040730.337078651,731.4606741573034
전라남도,순천시,202604,8005,중국음식,263820000,8907,162.0,LOCALDATA,식품인허가 영업점,1628518.5185185184,54.98148148148148
전라남도,순천시,202604,8301,제과점,419210000,26671,123.0,LOCALDATA,식품인허가 영업점,3408211.3821138213,216.83739837398375
전라남도,순천시,202605,4010,편의점,1607960000,184566,242.0,국세청,가동사업자,6644462.809917355,762.6694214876034
전라남도,순천시,202605,4020,슈퍼마켓,2703990000,131477,179.0,국세청,가동사업자,15106089.38547486,734.5083798882681
전라남도,순천시,202605,8005,중국음식,285670000,8881,161.0,LOCALDATA,식품인허가 영업점,1774347.8260869565,55.161490683229815
전라남도,순천시,202605,8301,제과점,440020000,26707,124.0,LOCALDATA,식품인허가 영업점,3548548.3870967743,215.3790322580645
전라남도,순천시,202606,4010,편의점,1578080000,180392,241.0,국세청,가동사업자,6548049.792531121,748.5145228215767
전라남도,순천시,202606,4020,슈퍼마켓,2735650000,134845,182.0,국세청,가동사업자,15031043.956043957,740.9065934065934
전라남도,순천시,202606,8005,중국음식,256340000,8487,161.0,LOCALDATA,식품인허가 영업점,1592173.9130434783,52.714285714285715
전라남도,순천시,202606,8301,제과점,382940000,24116,123.0,LOCALDATA,식품인허가 영업점,3113333.3333333335,196.0650406504065
전라남도,신안군,202601,4010,편의점,96660000,7262,18.0,국세청,가동사업자,5370000.0,403.44444444444446
전라남도,신안군,202601,4020,슈퍼마켓,176660000,6556,31.0,국세청,가동사업자,5698709.677419355,211.48387096774192
전라남도,신안군,202601,8005,중국음식,23400000,732,20.0,LOCALDATA,식품인허가 영업점,1170000.0,36.6
전라남도,신안군,202601,8301,제과점,4050000,166,8.0,LOCALDATA,식품인허가 영업점,506250.0,20.75
전라남도,신안군,202602,4010,편의점,99200000,7592,17.0,국세청,가동사업자,5835294.117647059,446.5882352941176
전라남도,신안군,202602,4020,슈퍼마켓,192410000,6736,31.0,국세청,가동사업자,6206774.193548387,217.29032258064515
전라남도,신안군,202602,8005,중국음식,24570000,718,20.0,LOCALDATA,식품인허가 영업점,1228500.0,35.9
전라남도,신안군,202602,8301,제과점,4310000,212,8.0,LOCALDATA,식품인허가 영업점,538750.0,26.5
전라남도,신안군,202603,4010,편의점,107280000,8141,17.0,국세청,가동사업자,6310588.235294118,478.88235294117646
전라남도,신안군,202603,4020,슈퍼마켓,174980000,6448,32.0,국세청,가동사업자,5468125.0,201.5
전라남도,신안군,202603,8005,중국음식,27000000,819,20.0,LOCALDATA,식품인허가 영업점,1350000.0,40.95
전라남도,신안군,202603,8301,제과점,3410000,190,8.0,LOCALDATA,식품인허가 영업점,426250.0,23.75
전라남도,신안군,202604,4010,편의점,106410000,8698,17.0,국세청,가동사업자,6259411.764705882,511.6470588235294
전라남도,신안군,202604,4020,슈퍼마켓,176360000,6932,32.0,국세청,가동사업자,5511250.0,216.625
전라남도,신안군,202604,8005,중국음식,29540000,860,19.0,LOCALDATA,식품인허가 영업점,1554736.8421052631,45.26315789473684
전라남도,신안군,202604,8301,제과점,2940000,173,8.0,LOCALDATA,식품인허가 영업점,367500.0,21.625
전라남도,신안군,202605,4010,편의점,126030000,9702,17.0,국세청,가동사업자,7413529.411764706,570.7058823529412
전라남도,신안군,202605,4020,슈퍼마켓,182810000,6880,32.0,국세청,가동사업자,5712812.5,215.0
전라남도,신안군,202605,8005,중국음식,31970000,889,19.0,LOCALDATA,식품인허가 영업점,1682631.5789473683,46.78947368421053
전라남도,신안군,202605,8301,제과점,4660000,297,8.0,LOCALDATA,식품인허가 영업점,582500.0,37.125
전라남도,신안군,202606,4010,편의점,132440000,9905,17.0,국세청,가동사업자,7790588.235294118,582.6470588235294
전라남도,신안군,202606,4020,슈퍼마켓,179570000,6737,32.0,국세청,가동사업자,5611562.5,210.53125
전라남도,신안군,202606,8005,중국음식,29590000,954,19.0,LOCALDATA,식품인허가 영업점,1557368.4210526317,50.21052631578947
전라남도,신안군,202606,8301,제과점,5080000,312,8.0,LOCALDATA,식품인허가 영업점,635000.0,39.0
전라남도,여수시,202601,4010,편의점,2231470000,229023,344.0,국세청,가동사업자,6486831.395348838,665.7645348837209
전라남도,여수시,202601,4020,슈퍼마켓,2551200000,116734,235.0,국세청,가동사업자,10856170.212765958,496.74042553191487
전라남도,여수시,202601,8005,중국음식,416910000,13196,131.0,LOCALDATA,식품인허가 영업점,3182519.0839694655,100.73282442748092
전라남도,여수시,202601,8301,제과점,322470000,22855,98.0,LOCALDATA,식품인허가 영업점,3290510.2040816327,233.21428571428572
전라남도,여수시,202602,4010,편의점,2154860000,218990,345.0,국세청,가동사업자,6245971.014492754,634.7536231884058
전라남도,여수시,202602,4020,슈퍼마켓,2601230000,110492,233.0,국세청,가동사업자,11164077.253218884,474.2145922746781
전라남도,여수시,202602,8005,중국음식,382480000,12018,131.0,LOCALDATA,식품인허가 영업점,2919694.6564885494,91.74045801526718
전라남도,여수시,202602,8301,제과점,332760000,22582,98.0,LOCALDATA,식품인허가 영업점,3395510.2040816327,230.42857142857142
전라남도,여수시,202603,4010,편의점,2237260000,235012,344.0,국세청,가동사업자,6503662.790697674,683.1744186046511
전라남도,여수시,202603,4020,슈퍼마켓,2401440000,116662,231.0,국세청,가동사업자,10395844.155844156,505.030303030303
전라남도,여수시,202603,8005,중국음식,375920000,12669,131.0,LOCALDATA,식품인허가 영업점,2869618.320610687,96.70992366412214
전라남도,여수시,202603,8301,제과점,347340000,25121,97.0,LOCALDATA,식품인허가 영업점,3580824.7422680412,258.97938144329896
전라남도,여수시,202604,4010,편의점,2257170000,244163,344.0,국세청,가동사업자,6561540.697674419,709.7761627906976
전라남도,여수시,202604,4020,슈퍼마켓,2350260000,114208,231.0,국세청,가동사업자,10174285.714285715,494.4069264069264
전라남도,여수시,202604,8005,중국음식,355170000,11965,129.0,LOCALDATA,식품인허가 영업점,2753255.8139534886,92.75193798449612
전라남도,여수시,202604,8301,제과점,329160000,24297,99.0,LOCALDATA,식품인허가 영업점,3324848.484848485,245.42424242424244
전라남도,여수시,202605,4010,편의점,2523990000,266014,339.0,국세청,가동사업자,7445398.230088496,784.7020648967551
전라남도,여수시,202605,4020,슈퍼마켓,2535450000,119042,231.0,국세청,가동사업자,10975974.025974026,515.3333333333334
전라남도,여수시,202605,8005,중국음식,427010000,13754,129.0,LOCALDATA,식품인허가 영업점,3310155.03875969,106.62015503875969
전라남도,여수시,202605,8301,제과점,359310000,25008,101.0,LOCALDATA,식품인허가 영업점,3557524.7524752477,247.6039603960396
전라남도,여수시,202606,4010,편의점,2435550000,259143,344.0,국세청,가동사업자,7080087.209302326,753.3226744186046
전라남도,여수시,202606,4020,슈퍼마켓,2451730000,120454,233.0,국세청,가동사업자,10522446.35193133,516.9699570815451
전라남도,여수시,202606,8005,중국음식,380870000,12938,128.0,LOCALDATA,식품인허가 영업점,2975546.875,101.078125
전라남도,여수시,202606,8301,제과점,313890000,23365,102.0,LOCALDATA,식품인허가 영업점,3077352.9411764704,229.0686274509804
전라남도,영광군,202601,4010,편의점,191210000,18568,40.0,국세청,가동사업자,4780250.0,464.2
전라남도,영광군,202601,4020,슈퍼마켓,349610000,9946,31.0,국세청,가동사업자,11277741.935483871,320.83870967741933
전라남도,영광군,202601,8005,중국음식,52730000,1685,27.0,LOCALDATA,식품인허가 영업점,1952962.962962963,62.407407407407405
전라남도,영광군,202601,8301,제과점,46230000,2185,19.0,LOCALDATA,식품인허가 영업점,2433157.8947368423,115.0
전라남도,영광군,202602,4010,편의점,221990000,20766,40.0,국세청,가동사업자,5549750.0,519.15
전라남도,영광군,202602,4020,슈퍼마켓,399750000,11205,32.0,국세청,가동사업자,12492187.5,350.15625
전라남도,영광군,202602,8005,중국음식,60060000,1831,27.0,LOCALDATA,식품인허가 영업점,2224444.4444444445,67.81481481481481
전라남도,영광군,202602,8301,제과점,83200000,3165,19.0,LOCALDATA,식품인허가 영업점,4378947.368421053,166.57894736842104
전라남도,영광군,202603,4010,편의점,256990000,23851,39.0,국세청,가동사업자,6589487.179487179,611.5641025641025
전라남도,영광군,202603,4020,슈퍼마켓,390050000,11614,32.0,국세청,가동사업자,12189062.5,362.9375
전라남도,영광군,202603,8005,중국음식,74300000,2264,27.0,LOCALDATA,식품인허가 영업점,2751851.8518518517,83.85185185185185
전라남도,영광군,202603,8301,제과점,60090000,2942,19.0,LOCALDATA,식품인허가 영업점,3162631.5789473685,154.8421052631579
전라남도,영광군,202604,4010,편의점,257980000,24972,39.0,국세청,가동사업자,6614871.794871795,640.3076923076923
전라남도,영광군,202604,4020,슈퍼마켓,429670000,12508,32.0,국세청,가동사업자,13427187.5,390.875
전라남도,영광군,202604,8005,중국음식,69420000,2238,27.0,LOCALDATA,식품인허가 영업점,2571111.111111111,82.88888888888889
전라남도,영광군,202604,8301,제과점,76530000,3432,19.0,LOCALDATA,식품인허가 영업점,4027894.736842105,180.6315789473684
전라남도,영광군,202605,4010,편의점,266260000,25090,39.0,국세청,가동사업자,6827179.487179487,643.3333333333334
전라남도,영광군,202605,4020,슈퍼마켓,486210000,13688,32.0,국세청,가동사업자,15194062.5,427.75
전라남도,영광군,202605,8005,중국음식,68290000,2190,27.0,LOCALDATA,식품인허가 영업점,2529259.2592592593,81.11111111111111
전라남도,영광군,202605,8301,제과점,78790000,3453,19.0,LOCALDATA,식품인허가 영업점,4146842.1052631577,181.73684210526315
전라남도,영광군,202606,4010,편의점,268390000,25306,40.0,국세청,가동사업자,6709750.0,632.65
전라남도,영광군,202606,4020,슈퍼마켓,457890000,13473,32.0,국세청,가동사업자,14309062.5,421.03125
전라남도,영광군,202606,8005,중국음식,64140000,2110,27.0,LOCALDATA,식품인허가 영업점,2375555.5555555555,78.14814814814815
전라남도,영광군,202606,8301,제과점,67020000,3098,19.0,LOCALDATA,식품인허가 영업점,3527368.4210526315,163.05263157894737
전라남도,영암군,202601,4010,편의점,486190000,50430,58.0,국세청,가동사업자,8382586.206896552,869.4827586206897
전라남도,영암군,202601,4020,슈퍼마켓,809390000,39132,40.0,국세청,가동사업자,20234750.0,978.3
전라남도,영암군,202601,8005,중국음식,128590000,3432,52.0,LOCALDATA,식품인허가 영업점,2472884.6153846155,66.0
전라남도,영암군,202601,8301,제과점,38540000,2494,17.0,LOCALDATA,식품인허가 영업점,2267058.8235294116,146.7058823529412
전라남도,영암군,202602,4010,편의점,441040000,45731,58.0,국세청,가동사업자,7604137.931034483,788.4655172413793
전라남도,영암군,202602,4020,슈퍼마켓,753650000,35502,40.0,국세청,가동사업자,18841250.0,887.55
전라남도,영암군,202602,8005,중국음식,118710000,3075,51.0,LOCALDATA,식품인허가 영업점,2327647.0588235296,60.294117647058826
전라남도,영암군,202602,8301,제과점,31910000,2230,17.0,LOCALDATA,식품인허가 영업점,1877058.8235294118,131.1764705882353
전라남도,영암군,202603,4010,편의점,502340000,53227,58.0,국세청,가동사업자,8661034.48275862,917.7068965517242
전라남도,영암군,202603,4020,슈퍼마켓,757320000,39386,41.0,국세청,가동사업자,18471219.51219512,960.6341463414634
전라남도,영암군,202603,8005,중국음식,120120000,3429,51.0,LOCALDATA,식품인허가 영업점,2355294.117647059,67.23529411764706
전라남도,영암군,202603,8301,제과점,36650000,2675,17.0,LOCALDATA,식품인허가 영업점,2155882.3529411764,157.35294117647058
전라남도,영암군,202604,4010,편의점,515600000,55785,59.0,국세청,가동사업자,8738983.050847458,945.5084745762712
전라남도,영암군,202604,4020,슈퍼마켓,767730000,40682,43.0,국세청,가동사업자,17854186.046511628,946.0930232558139
전라남도,영암군,202604,8005,중국음식,126840000,3659,51.0,LOCALDATA,식품인허가 영업점,2487058.8235294116,71.74509803921569
전라남도,영암군,202604,8301,제과점,38910000,2652,17.0,LOCALDATA,식품인허가 영업점,2288823.529411765,156.0
전라남도,영암군,202605,4010,편의점,543160000,58916,59.0,국세청,가동사업자,9206101.694915254,998.5762711864406
전라남도,영암군,202605,4020,슈퍼마켓,826480000,44227,43.0,국세청,가동사업자,19220465.11627907,1028.5348837209303
전라남도,영암군,202605,8005,중국음식,130720000,3637,52.0,LOCALDATA,식품인허가 영업점,2513846.153846154,69.9423076923077
전라남도,영암군,202605,8301,제과점,38720000,2432,17.0,LOCALDATA,식품인허가 영업점,2277647.0588235296,143.05882352941177
전라남도,영암군,202606,4010,편의점,536690000,58229,59.0,국세청,가동사업자,9096440.677966101,986.9322033898305
전라남도,영암군,202606,4020,슈퍼마켓,757900000,42027,43.0,국세청,가동사업자,17625581.395348836,977.3720930232558
전라남도,영암군,202606,8005,중국음식,123280000,3422,52.0,LOCALDATA,식품인허가 영업점,2370769.230769231,65.8076923076923
전라남도,영암군,202606,8301,제과점,32670000,2330,17.0,LOCALDATA,식품인허가 영업점,1921764.705882353,137.05882352941177
전라남도,완도군,202601,4010,편의점,441150000,37016,48.0,국세청,가동사업자,9190625.0,771.1666666666666
전라남도,완도군,202601,4020,슈퍼마켓,330580000,11245,44.0,국세청,가동사업자,7513181.818181818,255.5681818181818
전라남도,완도군,202601,8005,중국음식,96570000,2682,31.0,LOCALDATA,식품인허가 영업점,3115161.290322581,86.51612903225806
전라남도,완도군,202601,8301,제과점,37570000,2322,20.0,LOCALDATA,식품인허가 영업점,1878500.0,116.1
전라남도,완도군,202602,4010,편의점,416930000,35399,47.0,국세청,가동사업자,8870851.063829787,753.1702127659574
전라남도,완도군,202602,4020,슈퍼마켓,324370000,10748,44.0,국세청,가동사업자,7372045.454545454,244.27272727272728
전라남도,완도군,202602,8005,중국음식,94350000,2502,31.0,LOCALDATA,식품인허가 영업점,3043548.3870967743,80.70967741935483
전라남도,완도군,202602,8301,제과점,41800000,2386,20.0,LOCALDATA,식품인허가 영업점,2090000.0,119.3
전라남도,완도군,202603,4010,편의점,445520000,37937,47.0,국세청,가동사업자,9479148.936170213,807.1702127659574
전라남도,완도군,202603,4020,슈퍼마켓,311210000,11398,44.0,국세청,가동사업자,7072954.545454546,259.04545454545456
전라남도,완도군,202603,8005,중국음식,95810000,2639,31.0,LOCALDATA,식품인허가 영업점,3090645.1612903224,85.12903225806451
전라남도,완도군,202603,8301,제과점,39330000,2455,20.0,LOCALDATA,식품인허가 영업점,1966500.0,122.75
전라남도,완도군,202604,4010,편의점,441940000,39098,50.0,국세청,가동사업자,8838800.0,781.96
전라남도,완도군,202604,4020,슈퍼마켓,303780000,11499,43.0,국세청,가동사업자,7064651.162790698,267.4186046511628
전라남도,완도군,202604,8005,중국음식,102070000,2767,32.0,LOCALDATA,식품인허가 영업점,3189687.5,86.46875
전라남도,완도군,202604,8301,제과점,41540000,2583,20.0,LOCALDATA,식품인허가 영업점,2077000.0,129.15
전라남도,완도군,202605,4010,편의점,475410000,43253,49.0,국세청,가동사업자,9702244.897959184,882.7142857142857
전라남도,완도군,202605,4020,슈퍼마켓,354400000,12871,42.0,국세청,가동사업자,8438095.238095239,306.45238095238096
전라남도,완도군,202605,8005,중국음식,107280000,3020,32.0,LOCALDATA,식품인허가 영업점,3352500.0,94.375
전라남도,완도군,202605,8301,제과점,44290000,2827,20.0,LOCALDATA,식품인허가 영업점,2214500.0,141.35
전라남도,완도군,202606,4010,편의점,438840000,40492,48.0,국세청,가동사업자,9142500.0,843.5833333333334
전라남도,완도군,202606,4020,슈퍼마켓,295550000,11630,42.0,국세청,가동사업자,7036904.761904762,276.9047619047619
전라남도,완도군,202606,8005,중국음식,91990000,2683,32.0,LOCALDATA,식품인허가 영업점,2874687.5,83.84375
전라남도,완도군,202606,8301,제과점,34550000,2312,20.0,LOCALDATA,식품인허가 영업점,1727500.0,115.6
전라남도,장성군,202601,4010,편의점,191970000,18834,27.0,국세청,가동사업자,7110000.0,697.5555555555555
전라남도,장성군,202601,4020,슈퍼마켓,144950000,7626,23.0,국세청,가동사업자,6302173.9130434785,331.5652173913044
전라남도,장성군,202601,8005,중국음식,79310000,2641,23.0,LOCALDATA,식품인허가 영업점,3448260.8695652173,114.82608695652173
전라남도,장성군,202601,8301,제과점,28080000,1883,14.0,LOCALDATA,식품인허가 영업점,2005714.2857142857,134.5
전라남도,장성군,202602,4010,편의점,181430000,17955,28.0,국세청,가동사업자,6479642.857142857,641.25
전라남도,장성군,202602,4020,슈퍼마켓,151990000,7361,23.0,국세청,가동사업자,6608260.869565218,320.04347826086956
전라남도,장성군,202602,8005,중국음식,72560000,2407,23.0,LOCALDATA,식품인허가 영업점,3154782.6086956523,104.65217391304348
전라남도,장성군,202602,8301,제과점,33520000,1985,15.0,LOCALDATA,식품인허가 영업점,2234666.6666666665,132.33333333333334
전라남도,장성군,202603,4010,편의점,203750000,20805,28.0,국세청,가동사업자,7276785.714285715,743.0357142857143
전라남도,장성군,202603,4020,슈퍼마켓,137480000,7880,23.0,국세청,가동사업자,5977391.304347826,342.60869565217394
전라남도,장성군,202603,8005,중국음식,88050000,3081,23.0,LOCALDATA,식품인허가 영업점,3828260.8695652173,133.95652173913044
전라남도,장성군,202603,8301,제과점,34000000,2256,15.0,LOCALDATA,식품인허가 영업점,2266666.6666666665,150.4
전라남도,장성군,202604,4010,편의점,207440000,21436,28.0,국세청,가동사업자,7408571.428571428,765.5714285714286
전라남도,장성군,202604,4020,슈퍼마켓,151260000,8463,23.0,국세청,가동사업자,6576521.739130435,367.95652173913044
전라남도,장성군,202604,8005,중국음식,85280000,2982,22.0,LOCALDATA,식품인허가 영업점,3876363.6363636362,135.54545454545453
전라남도,장성군,202604,8301,제과점,32750000,2124,15.0,LOCALDATA,식품인허가 영업점,2183333.3333333335,141.6
전라남도,장성군,202605,4010,편의점,217010000,22078,28.0,국세청,가동사업자,7750357.142857143,788.5
전라남도,장성군,202605,4020,슈퍼마켓,169780000,9091,23.0,국세청,가동사업자,7381739.130434782,395.2608695652174
전라남도,장성군,202605,8005,중국음식,90520000,3048,22.0,LOCALDATA,식품인허가 영업점,4114545.4545454546,138.54545454545453
전라남도,장성군,202605,8301,제과점,39850000,2594,15.0,LOCALDATA,식품인허가 영업점,2656666.6666666665,172.93333333333334
전라남도,장성군,202606,4010,편의점,215380000,22114,28.0,국세청,가동사업자,7692142.857142857,789.7857142857143
전라남도,장성군,202606,4020,슈퍼마켓,154370000,8885,22.0,국세청,가동사업자,7016818.181818182,403.8636363636364
전라남도,장성군,202606,8005,중국음식,85230000,3008,23.0,LOCALDATA,식품인허가 영업점,3705652.1739130435,130.7826086956522
전라남도,장성군,202606,8301,제과점,33570000,2236,18.0,LOCALDATA,식품인허가 영업점,1865000.0,124.22222222222223
전라남도,장흥군,202601,4010,편의점,156090000,15556,27.0,국세청,가동사업자,5781111.111111111,576.1481481481482
전라남도,장흥군,202601,4020,슈퍼마켓,404790000,12689,26.0,국세청,가동사업자,15568846.153846154,488.03846153846155
전라남도,장흥군,202601,8005,중국음식,39690000,1261,19.0,LOCALDATA,식품인허가 영업점,2088947.3684210526,66.36842105263158
전라남도,장흥군,202601,8301,제과점,28100000,1719,12.0,LOCALDATA,식품인허가 영업점,2341666.6666666665,143.25
전라남도,장흥군,202602,4010,편의점,158500000,15349,26.0,국세청,가동사업자,6096153.846153846,590.3461538461538
전라남도,장흥군,202602,4020,슈퍼마켓,443940000,13074,26.0,국세청,가동사업자,17074615.384615384,502.84615384615387
전라남도,장흥군,202602,8005,중국음식,33000000,1017,19.0,LOCALDATA,식품인허가 영업점,1736842.105263158,53.526315789473685
전라남도,장흥군,202602,8301,제과점,34820000,2014,12.0,LOCALDATA,식품인허가 영업점,2901666.6666666665,167.83333333333334
전라남도,장흥군,202603,4010,편의점,169140000,16685,26.0,국세청,가동사업자,6505384.615384615,641.7307692307693
전라남도,장흥군,202603,4020,슈퍼마켓,366940000,12613,25.0,국세청,가동사업자,14677600.0,504.52
전라남도,장흥군,202603,8005,중국음식,41570000,1380,19.0,LOCALDATA,식품인허가 영업점,2187894.736842105,72.63157894736842
전라남도,장흥군,202603,8301,제과점,29780000,1888,12.0,LOCALDATA,식품인허가 영업점,2481666.6666666665,157.33333333333334
전라남도,장흥군,202604,4010,편의점,173560000,17446,28.0,국세청,가동사업자,6198571.428571428,623.0714285714286
전라남도,장흥군,202604,4020,슈퍼마켓,391980000,12858,25.0,국세청,가동사업자,15679200.0,514.32
전라남도,장흥군,202604,8005,중국음식,36820000,1234,19.0,LOCALDATA,식품인허가 영업점,1937894.7368421052,64.94736842105263
전라남도,장흥군,202604,8301,제과점,28420000,1783,12.0,LOCALDATA,식품인허가 영업점,2368333.3333333335,148.58333333333334
전라남도,장흥군,202605,4010,편의점,182810000,18143,28.0,국세청,가동사업자,6528928.571428572,647.9642857142857
전라남도,장흥군,202605,4020,슈퍼마켓,388630000,13445,26.0,국세청,가동사업자,14947307.692307692,517.1153846153846
전라남도,장흥군,202605,8005,중국음식,43570000,1305,17.0,LOCALDATA,식품인허가 영업점,2562941.1764705884,76.76470588235294
전라남도,장흥군,202605,8301,제과점,30390000,1892,12.0,LOCALDATA,식품인허가 영업점,2532500.0,157.66666666666666
전라남도,장흥군,202606,4010,편의점,175380000,17800,27.0,국세청,가동사업자,6495555.555555556,659.2592592592592
전라남도,장흥군,202606,4020,슈퍼마켓,386360000,13609,26.0,국세청,가동사업자,14860000.0,523.4230769230769
전라남도,장흥군,202606,8005,중국음식,38280000,1221,17.0,LOCALDATA,식품인허가 영업점,2251764.705882353,71.82352941176471
전라남도,장흥군,202606,8301,제과점,25720000,1588,11.0,LOCALDATA,식품인허가 영업점,2338181.8181818184,144.36363636363637
전라남도,진도군,202601,4010,편의점,238070000,17002,23.0,국세청,가동사업자,10350869.56521739,739.2173913043479
전라남도,진도군,202601,4020,슈퍼마켓,412950000,11135,38.0,국세청,가동사업자,10867105.263157895,293.0263157894737
전라남도,진도군,202601,8005,중국음식,28450000,848,17.0,LOCALDATA,식품인허가 영업점,1673529.4117647058,49.88235294117647
전라남도,진도군,202601,8301,제과점,20000000,1164,10.0,LOCALDATA,식품인허가 영업점,2000000.0,116.4
전라남도,진도군,202602,4010,편의점,223840000,16500,23.0,국세청,가동사업자,9732173.913043479,717.3913043478261
전라남도,진도군,202602,4020,슈퍼마켓,448830000,11008,38.0,국세청,가동사업자,11811315.789473685,289.6842105263158
전라남도,진도군,202602,8005,중국음식,27440000,833,17.0,LOCALDATA,식품인허가 영업점,1614117.6470588236,49.0
전라남도,진도군,202602,8301,제과점,21640000,1216,10.0,LOCALDATA,식품인허가 영업점,2164000.0,121.6
전라남도,진도군,202603,4010,편의점,240040000,17684,23.0,국세청,가동사업자,10436521.739130436,768.8695652173913
전라남도,진도군,202603,4020,슈퍼마켓,379470000,10984,35.0,국세청,가동사업자,10842000.0,313.8285714285714
전라남도,진도군,202603,8005,중국음식,28870000,913,17.0,LOCALDATA,식품인허가 영업점,1698235.294117647,53.705882352941174
전라남도,진도군,202603,8301,제과점,20390000,1332,10.0,LOCALDATA,식품인허가 영업점,2039000.0,133.2
전라남도,진도군,202604,4010,편의점,252160000,18247,23.0,국세청,가동사업자,10963478.260869564,793.3478260869565
전라남도,진도군,202604,4020,슈퍼마켓,381900000,11005,34.0,국세청,가동사업자,11232352.94117647,323.6764705882353
전라남도,진도군,202604,8005,중국음식,28690000,900,17.0,LOCALDATA,식품인허가 영업점,1687647.0588235294,52.94117647058823
전라남도,진도군,202604,8301,제과점,22000000,1475,11.0,LOCALDATA,식품인허가 영업점,2000000.0,134.0909090909091
전라남도,진도군,202605,4010,편의점,250130000,18653,22.0,국세청,가동사업자,11369545.454545455,847.8636363636364
전라남도,진도군,202605,4020,슈퍼마켓,379420000,10972,34.0,국세청,가동사업자,11159411.764705881,322.70588235294116
전라남도,진도군,202605,8005,중국음식,33840000,981,17.0,LOCALDATA,식품인허가 영업점,1990588.2352941176,57.705882352941174
전라남도,진도군,202605,8301,제과점,25980000,1673,11.0,LOCALDATA,식품인허가 영업점,2361818.1818181816,152.0909090909091
전라남도,진도군,202606,4010,편의점,218180000,17347,23.0,국세청,가동사업자,9486086.956521738,754.2173913043479
전라남도,진도군,202606,4020,슈퍼마켓,309530000,9888,34.0,국세청,가동사업자,9103823.529411765,290.8235294117647
전라남도,진도군,202606,8005,중국음식,28080000,896,17.0,LOCALDATA,식품인허가 영업점,1651764.705882353,52.705882352941174
전라남도,진도군,202606,8301,제과점,21030000,1394,11.0,LOCALDATA,식품인허가 영업점,1911818.1818181819,126.72727272727273
전라남도,함평군,202601,4010,편의점,82890000,7726,13.0,국세청,가동사업자,6376153.846153846,594.3076923076923
전라남도,함평군,202601,4020,슈퍼마켓,53190000,2421,18.0,국세청,가동사업자,2955000.0,134.5
전라남도,함평군,202601,8005,중국음식,33910000,1114,16.0,LOCALDATA,식품인허가 영업점,2119375.0,69.625
전라남도,함평군,202601,8301,제과점,15090000,879,9.0,LOCALDATA,식품인허가 영업점,1676666.6666666667,97.66666666666667
전라남도,함평군,202602,4010,편의점,85970000,8091,13.0,국세청,가동사업자,6613076.923076923,622.3846153846154
전라남도,함평군,202602,4020,슈퍼마켓,59940000,2395,18.0,국세청,가동사업자,3330000.0,133.05555555555554
전라남도,함평군,202602,8005,중국음식,31660000,978,16.0,LOCALDATA,식품인허가 영업점,1978750.0,61.125
전라남도,함평군,202602,8301,제과점,19260000,917,9.0,LOCALDATA,식품인허가 영업점,2140000.0,101.88888888888889
전라남도,함평군,202603,4010,편의점,89110000,8516,13.0,국세청,가동사업자,6854615.384615385,655.0769230769231
전라남도,함평군,202603,4020,슈퍼마켓,51730000,2457,17.0,국세청,가동사업자,3042941.1764705884,144.52941176470588
전라남도,함평군,202603,8005,중국음식,32990000,1104,16.0,LOCALDATA,식품인허가 영업점,2061875.0,69.0
전라남도,함평군,202603,8301,제과점,17480000,877,9.0,LOCALDATA,식품인허가 영업점,1942222.2222222222,97.44444444444444
전라남도,함평군,202604,4010,편의점,96950000,8759,13.0,국세청,가동사업자,7457692.307692308,673.7692307692307
전라남도,함평군,202604,4020,슈퍼마켓,54770000,2508,18.0,국세청,가동사업자,3042777.777777778,139.33333333333334
전라남도,함평군,202604,8005,중국음식,29150000,1083,17.0,LOCALDATA,식품인허가 영업점,1714705.8823529412,63.705882352941174
전라남도,함평군,202604,8301,제과점,17630000,1004,9.0,LOCALDATA,식품인허가 영업점,1958888.888888889,111.55555555555556
전라남도,함평군,202605,4010,편의점,102970000,9850,13.0,국세청,가동사업자,7920769.230769231,757.6923076923077
전라남도,함평군,202605,4020,슈퍼마켓,58730000,2722,18.0,국세청,가동사업자,3262777.777777778,151.22222222222223
전라남도,함평군,202605,8005,중국음식,40700000,1311,17.0,LOCALDATA,식품인허가 영업점,2394117.6470588236,77.11764705882354
전라남도,함평군,202605,8301,제과점,19450000,1221,9.0,LOCALDATA,식품인허가 영업점,2161111.111111111,135.66666666666666
전라남도,함평군,202606,4010,편의점,106180000,9745,13.0,국세청,가동사업자,8167692.307692308,749.6153846153846
전라남도,함평군,202606,4020,슈퍼마켓,53630000,2658,18.0,국세청,가동사업자,2979444.4444444445,147.66666666666666
전라남도,함평군,202606,8005,중국음식,35380000,1235,17.0,LOCALDATA,식품인허가 영업점,2081176.4705882352,72.6470588235294
전라남도,함평군,202606,8301,제과점,15260000,934,6.0,LOCALDATA,식품인허가 영업점,2543333.3333333335,155.66666666666666
전라남도,해남군,202601,4010,편의점,413370000,34805,67.0,국세청,가동사업자,6169701.492537313,519.4776119402985
전라남도,해남군,202601,4020,슈퍼마켓,553430000,18984,55.0,국세청,가동사업자,10062363.636363637,345.1636363636364
전라남도,해남군,202601,8005,중국음식,81110000,2686,36.0,LOCALDATA,식품인허가 영업점,2253055.5555555555,74.61111111111111
전라남도,해남군,202601,8301,제과점,73550000,3999,19.0,LOCALDATA,식품인허가 영업점,3871052.6315789474,210.47368421052633
전라남도,해남군,202602,4010,편의점,417940000,34520,66.0,국세청,가동사업자,6332424.242424242,523.030303030303
전라남도,해남군,202602,4020,슈퍼마켓,493050000,17263,56.0,국세청,가동사업자,8804464.285714285,308.26785714285717
전라남도,해남군,202602,8005,중국음식,76030000,2462,36.0,LOCALDATA,식품인허가 영업점,2111944.4444444445,68.38888888888889
전라남도,해남군,202602,8301,제과점,82020000,4233,19.0,LOCALDATA,식품인허가 영업점,4316842.105263158,222.78947368421052
전라남도,해남군,202603,4010,편의점,434950000,37266,65.0,국세청,가동사업자,6691538.461538462,573.3230769230769
전라남도,해남군,202603,4020,슈퍼마켓,466650000,17587,55.0,국세청,가동사업자,8484545.454545455,319.76363636363635
전라남도,해남군,202603,8005,중국음식,82840000,2804,35.0,LOCALDATA,식품인허가 영업점,2366857.1428571427,80.11428571428571
전라남도,해남군,202603,8301,제과점,77330000,4150,19.0,LOCALDATA,식품인허가 영업점,4070000.0,218.42105263157896
전라남도,해남군,202604,4010,편의점,426270000,38035,67.0,국세청,가동사업자,6362238.805970149,567.6865671641791
전라남도,해남군,202604,4020,슈퍼마켓,449970000,17409,55.0,국세청,가동사업자,8181272.7272727275,316.5272727272727
전라남도,해남군,202604,8005,중국음식,78820000,2665,35.0,LOCALDATA,식품인허가 영업점,2252000.0,76.14285714285714
전라남도,해남군,202604,8301,제과점,77520000,4208,21.0,LOCALDATA,식품인허가 영업점,3691428.5714285714,200.38095238095238
전라남도,해남군,202605,4010,편의점,449040000,39416,67.0,국세청,가동사업자,6702089.552238806,588.2985074626865
전라남도,해남군,202605,4020,슈퍼마켓,478930000,18926,56.0,국세청,가동사업자,8552321.42857143,337.9642857142857
전라남도,해남군,202605,8005,중국음식,82680000,2727,36.0,LOCALDATA,식품인허가 영업점,2296666.6666666665,75.75
전라남도,해남군,202605,8301,제과점,85010000,4450,19.0,LOCALDATA,식품인허가 영업점,4474210.52631579,234.21052631578948
전라남도,해남군,202606,4010,편의점,423730000,37525,68.0,국세청,가동사업자,6231323.529411765,551.8382352941177
전라남도,해남군,202606,4020,슈퍼마켓,682120000,21067,56.0,국세청,가동사업자,12180714.285714285,376.19642857142856
전라남도,해남군,202606,8005,중국음식,80940000,2752,36.0,LOCALDATA,식품인허가 영업점,2248333.3333333335,76.44444444444444
전라남도,해남군,202606,8301,제과점,70680000,3955,19.0,LOCALDATA,식품인허가 영업점,3720000.0,208.1578947368421
전라남도,화순군,202601,4010,편의점,289750000,32000,35.0,국세청,가동사업자,8278571.428571428,914.2857142857143
전라남도,화순군,202601,4020,슈퍼마켓,444300000,18832,39.0,국세청,가동사업자,11392307.692307692,482.87179487179486
전라남도,화순군,202601,8005,중국음식,87700000,2962,26.0,LOCALDATA,식품인허가 영업점,3373076.923076923,113.92307692307692
전라남도,화순군,202601,8301,제과점,80940000,4633,24.0,LOCALDATA,식품인허가 영업점,3372500.0,193.04166666666666
전라남도,화순군,202602,4010,편의점,285810000,30334,35.0,국세청,가동사업자,8166000.0,866.6857142857143
전라남도,화순군,202602,4020,슈퍼마켓,464930000,18274,39.0,국세청,가동사업자,11921282.051282052,468.56410256410254
전라남도,화순군,202602,8005,중국음식,81050000,2672,26.0,LOCALDATA,식품인허가 영업점,3117307.6923076925,102.76923076923077
전라남도,화순군,202602,8301,제과점,92950000,4848,25.0,LOCALDATA,식품인허가 영업점,3718000.0,193.92
전라남도,화순군,202603,4010,편의점,303270000,33734,36.0,국세청,가동사업자,8424166.666666666,937.0555555555555
전라남도,화순군,202603,4020,슈퍼마켓,434760000,19136,39.0,국세청,가동사업자,11147692.307692308,490.6666666666667
전라남도,화순군,202603,8005,중국음식,85400000,2992,26.0,LOCALDATA,식품인허가 영업점,3284615.3846153845,115.07692307692308
전라남도,화순군,202603,8301,제과점,92620000,5145,25.0,LOCALDATA,식품인허가 영업점,3704800.0,205.8
전라남도,화순군,202604,4010,편의점,305570000,35860,36.0,국세청,가동사업자,8488055.555555556,996.1111111111111
전라남도,화순군,202604,4020,슈퍼마켓,457290000,19873,39.0,국세청,가동사업자,11725384.615384616,509.56410256410254
전라남도,화순군,202604,8005,중국음식,85590000,3061,26.0,LOCALDATA,식품인허가 영업점,3291923.076923077,117.73076923076923
전라남도,화순군,202604,8301,제과점,96710000,5438,25.0,LOCALDATA,식품인허가 영업점,3868400.0,217.52
전라남도,화순군,202605,4010,편의점,311370000,35296,36.0,국세청,가동사업자,8649166.666666666,980.4444444444445
전라남도,화순군,202605,4020,슈퍼마켓,465520000,20330,39.0,국세청,가동사업자,11936410.256410256,521.2820512820513
전라남도,화순군,202605,8005,중국음식,89130000,2978,25.0,LOCALDATA,식품인허가 영업점,3565200.0,119.12
전라남도,화순군,202605,8301,제과점,105030000,5663,25.0,LOCALDATA,식품인허가 영업점,4201200.0,226.52
전라남도,화순군,202606,4010,편의점,305550000,35271,36.0,국세청,가동사업자,8487500.0,979.75
전라남도,화순군,202606,4020,슈퍼마켓,451940000,19864,39.0,국세청,가동사업자,11588205.128205128,509.3333333333333
전라남도,화순군,202606,8005,중국음식,78370000,2731,25.0,LOCALDATA,식품인허가 영업점,3134800.0,109.24
전라남도,화순군,202606,8301,제과점,83460000,4978,25.0,LOCALDATA,식품인허가 영업점,3338400.0,199.12
전북특별자치도,고창군,202601,4010,편의점,210090000,18016,51.0,국세청,가동사업자,4119411.7647058824,353.2549019607843
전북특별자치도,고창군,202601,4020,슈퍼마켓,287270000,11178,41.0,국세청,가동사업자,7006585.365853659,272.6341463414634
전북특별자치도,고창군,202601,8005,중국음식,52500000,1757,28.0,LOCALDATA,식품인허가 영업점,1875000.0,62.75
전북특별자치도,고창군,202601,8301,제과점,38460000,2507,15.0,LOCALDATA,식품인허가 영업점,2564000.0,167.13333333333333
전북특별자치도,고창군,202602,4010,편의점,202820000,18334,52.0,국세청,가동사업자,3900384.6153846155,352.5769230769231
전북특별자치도,고창군,202602,4020,슈퍼마켓,312110000,11198,40.0,국세청,가동사업자,7802750.0,279.95
전북특별자치도,고창군,202602,8005,중국음식,52270000,1655,28.0,LOCALDATA,식품인허가 영업점,1866785.7142857143,59.107142857142854
전북특별자치도,고창군,202602,8301,제과점,41200000,2479,15.0,LOCALDATA,식품인허가 영업점,2746666.6666666665,165.26666666666668
전북특별자치도,고창군,202603,4010,편의점,233170000,21629,53.0,국세청,가동사업자,4399433.962264151,408.0943396226415
전북특별자치도,고창군,202603,4020,슈퍼마켓,271480000,11222,40.0,국세청,가동사업자,6787000.0,280.55
전북특별자치도,고창군,202603,8005,중국음식,62240000,2132,28.0,LOCALDATA,식품인허가 영업점,2222857.1428571427,76.14285714285714
전북특별자치도,고창군,202603,8301,제과점,33560000,2429,15.0,LOCALDATA,식품인허가 영업점,2237333.3333333335,161.93333333333334
전북특별자치도,고창군,202604,4010,편의점,254590000,24886,53.0,국세청,가동사업자,4803584.905660378,469.54716981132077
전북특별자치도,고창군,202604,4020,슈퍼마켓,309700000,12212,40.0,국세청,가동사업자,7742500.0,305.3
전북특별자치도,고창군,202604,8005,중국음식,62130000,2253,29.0,LOCALDATA,식품인허가 영업점,2142413.793103448,77.6896551724138
전북특별자치도,고창군,202604,8301,제과점,42570000,2804,15.0,LOCALDATA,식품인허가 영업점,2838000.0,186.93333333333334
전북특별자치도,고창군,202605,4010,편의점,286270000,27657,53.0,국세청,가동사업자,5401320.754716981,521.8301886792453
전북특별자치도,고창군,202605,4020,슈퍼마켓,345000000,13722,40.0,국세청,가동사업자,8625000.0,343.05
전북특별자치도,고창군,202605,8005,중국음식,77500000,2506,29.0,LOCALDATA,식품인허가 영업점,2672413.793103448,86.41379310344827
전북특별자치도,고창군,202605,8301,제과점,45210000,2941,15.0,LOCALDATA,식품인허가 영업점,3014000.0,196.06666666666666
전북특별자치도,고창군,202606,4010,편의점,295630000,28221,51.0,국세청,가동사업자,5796666.666666667,553.3529411764706
전북특별자치도,고창군,202606,4020,슈퍼마켓,346650000,13611,39.0,국세청,가동사업자,8888461.538461538,349.0
전북특별자치도,고창군,202606,8005,중국음식,76500000,2515,29.0,LOCALDATA,식품인허가 영업점,2637931.0344827585,86.72413793103448
전북특별자치도,고창군,202606,8301,제과점,40470000,2854,15.0,LOCALDATA,식품인허가 영업점,2698000.0,190.26666666666668
전북특별자치도,군산시,202601,4010,편의점,1729850000,181867,265.0,국세청,가동사업자,6527735.849056603,686.2905660377359
전북특별자치도,군산시,202601,4020,슈퍼마켓,3386790000,156372,209.0,국세청,가동사업자,16204736.842105264,748.1913875598086
전북특별자치도,군산시,202601,8005,중국음식,504740000,16382,174.0,LOCALDATA,식품인허가 영업점,2900804.5977011495,94.14942528735632
전북특별자치도,군산시,202601,8301,제과점,506460000,26780,87.0,LOCALDATA,식품인허가 영업점,5821379.310344827,307.81609195402297
전북특별자치도,군산시,202602,4010,편의점,1640280000,172706,262.0,국세청,가동사업자,6260610.687022901,659.1832061068702
전북특별자치도,군산시,202602,4020,슈퍼마켓,3480860000,148660,209.0,국세청,가동사업자,16654832.535885168,711.2918660287081
전북특별자치도,군산시,202602,8005,중국음식,525910000,16357,174.0,LOCALDATA,식품인허가 영업점,3022471.264367816,94.00574712643679
전북특별자치도,군산시,202602,8301,제과점,543510000,27285,87.0,LOCALDATA,식품인허가 영업점,6247241.379310345,313.62068965517244
전북특별자치도,군산시,202603,4010,편의점,1856730000,200162,264.0,국세청,가동사업자,7033068.181818182,758.189393939394
전북특별자치도,군산시,202603,4020,슈퍼마켓,3230490000,157245,212.0,국세청,가동사업자,15238160.37735849,741.7216981132076
전북특별자치도,군산시,202603,8005,중국음식,525030000,17709,176.0,LOCALDATA,식품인허가 영업점,2983125.0,100.61931818181819
전북특별자치도,군산시,202603,8301,제과점,542440000,28566,86.0,LOCALDATA,식품인허가 영업점,6307441.860465116,332.16279069767444
전북특별자치도,군산시,202604,4010,편의점,1842150000,207613,269.0,국세청,가동사업자,6848141.263940521,771.7955390334572
전북특별자치도,군산시,202604,4020,슈퍼마켓,3120740000,154484,207.0,국세청,가동사업자,15076038.647342995,746.2995169082126
전북특별자치도,군산시,202604,8005,중국음식,506860000,17107,174.0,LOCALDATA,식품인허가 영업점,2912988.5057471264,98.316091954023
전북특별자치도,군산시,202604,8301,제과점,524940000,29051,85.0,LOCALDATA,식품인허가 영업점,6175764.705882353,341.77647058823527
전북특별자치도,군산시,202605,4010,편의점,1958140000,215461,268.0,국세청,가동사업자,7306492.537313432,803.9589552238806
전북특별자치도,군산시,202605,4020,슈퍼마켓,3334380000,161868,209.0,국세청,가동사업자,15953971.291866029,774.4880382775119
전북특별자치도,군산시,202605,8005,중국음식,575220000,18640,173.0,LOCALDATA,식품인허가 영업점,3324971.098265896,107.74566473988439
전북특별자치도,군산시,202605,8301,제과점,616580000,31842,85.0,LOCALDATA,식품인허가 영업점,7253882.352941177,374.61176470588236
전북특별자치도,군산시,202606,4010,편의점,1922130000,214640,266.0,국세청,가동사업자,7226052.631578947,806.9172932330827
전북특별자치도,군산시,202606,4020,슈퍼마켓,3215810000,160275,210.0,국세청,가동사업자,15313380.952380951,763.2142857142857
전북특별자치도,군산시,202606,8005,중국음식,471860000,15934,173.0,LOCALDATA,식품인허가 영업점,2727514.450867052,92.10404624277457
전북특별자치도,군산시,202606,8301,제과점,483060000,27466,85.0,LOCALDATA,식품인허가 영업점,5683058.823529412,323.1294117647059
전북특별자치도,김제시,202601,4010,편의점,366020000,35985,79.0,국세청,가동사업자,4633164.556962025,455.50632911392404
전북특별자치도,김제시,202601,4020,슈퍼마켓,757890000,27205,34.0,국세청,가동사업자,22290882.352941178,800.1470588235294
전북특별자치도,김제시,202601,8005,중국음식,100490000,3566,53.0,LOCALDATA,식품인허가 영업점,1896037.7358490566,67.28301886792453
전북특별자치도,김제시,202601,8301,제과점,56230000,3173,20.0,LOCALDATA,식품인허가 영업점,2811500.0,158.65
전북특별자치도,김제시,202602,4010,편의점,357720000,35462,78.0,국세청,가동사업자,4586153.846153846,454.64102564102564
전북특별자치도,김제시,202602,4020,슈퍼마켓,817530000,27100,34.0,국세청,가동사업자,24045000.0,797.0588235294117
전북특별자치도,김제시,202602,8005,중국음식,92760000,3436,53.0,LOCALDATA,식품인허가 영업점,1750188.6792452831,64.83018867924528
전북특별자치도,김제시,202602,8301,제과점,62630000,3427,20.0,LOCALDATA,식품인허가 영업점,3131500.0,171.35
전북특별자치도,김제시,202603,4010,편의점,395720000,39404,79.0,국세청,가동사업자,5009113.924050633,498.7848101265823
전북특별자치도,김제시,202603,4020,슈퍼마켓,755310000,28155,36.0,국세청,가동사업자,20980833.333333332,782.0833333333334
전북특별자치도,김제시,202603,8005,중국음식,100770000,3818,55.0,LOCALDATA,식품인허가 영업점,1832181.8181818181,69.41818181818182
전북특별자치도,김제시,202603,8301,제과점,54770000,3224,21.0,LOCALDATA,식품인허가 영업점,2608095.238095238,153.52380952380952
전북특별자치도,김제시,202604,4010,편의점,405080000,41245,79.0,국세청,가동사업자,5127594.936708861,522.0886075949367
전북특별자치도,김제시,202604,4020,슈퍼마켓,746970000,28789,36.0,국세청,가동사업자,20749166.666666668,799.6944444444445
전북특별자치도,김제시,202604,8005,중국음식,99580000,3861,55.0,LOCALDATA,식품인허가 영업점,1810545.4545454546,70.2
전북특별자치도,김제시,202604,8301,제과점,60480000,3487,20.0,LOCALDATA,식품인허가 영업점,3024000.0,174.35
전북특별자치도,김제시,202605,4010,편의점,420980000,42308,78.0,국세청,가동사업자,5397179.487179487,542.4102564102565
전북특별자치도,김제시,202605,4020,슈퍼마켓,822610000,30547,37.0,국세청,가동사업자,22232702.7027027,825.5945945945946
전북특별자치도,김제시,202605,8005,중국음식,109660000,4021,55.0,LOCALDATA,식품인허가 영업점,1993818.1818181819,73.10909090909091
전북특별자치도,김제시,202605,8301,제과점,59600000,3388,19.0,LOCALDATA,식품인허가 영업점,3136842.1052631577,178.31578947368422
전북특별자치도,김제시,202606,4010,편의점,433920000,44403,79.0,국세청,가동사업자,5492658.227848101,562.0632911392405
전북특별자치도,김제시,202606,4020,슈퍼마켓,803310000,30509,36.0,국세청,가동사업자,22314166.666666668,847.4722222222222
전북특별자치도,김제시,202606,8005,중국음식,96560000,3745,54.0,LOCALDATA,식품인허가 영업점,1788148.148148148,69.35185185185185
전북특별자치도,김제시,202606,8301,제과점,48100000,2974,19.0,LOCALDATA,식품인허가 영업점,2531578.947368421,156.52631578947367
전북특별자치도,남원시,202601,4010,편의점,387680000,40328,55.0,국세청,가동사업자,7048727.2727272725,733.2363636363636
전북특별자치도,남원시,202601,4020,슈퍼마켓,616330000,29957,39.0,국세청,가동사업자,15803333.333333334,768.1282051282051
전북특별자치도,남원시,202601,8005,중국음식,153840000,4965,61.0,LOCALDATA,식품인허가 영업점,2521967.2131147543,81.39344262295081
전북특별자치도,남원시,202601,8301,제과점,76770000,4241,31.0,LOCALDATA,식품인허가 영업점,2476451.6129032257,136.80645161290323
전북특별자치도,남원시,202602,4010,편의점,370700000,38639,55.0,국세청,가동사업자,6740000.0,702.5272727272727
전북특별자치도,남원시,202602,4020,슈퍼마켓,586240000,25509,39.0,국세청,가동사업자,15031794.871794872,654.0769230769231
전북특별자치도,남원시,202602,8005,중국음식,132150000,4002,61.0,LOCALDATA,식품인허가 영업점,2166393.4426229508,65.60655737704919
전북특별자치도,남원시,202602,8301,제과점,73250000,3970,31.0,LOCALDATA,식품인허가 영업점,2362903.2258064514,128.06451612903226
전북특별자치도,남원시,202603,4010,편의점,426400000,46266,55.0,국세청,가동사업자,7752727.2727272725,841.2
전북특별자치도,남원시,202603,4020,슈퍼마켓,600230000,29622,39.0,국세청,가동사업자,15390512.82051282,759.5384615384615
전북특별자치도,남원시,202603,8005,중국음식,145050000,4771,61.0,LOCALDATA,식품인허가 영업점,2377868.8524590163,78.21311475409836
전북특별자치도,남원시,202603,8301,제과점,81360000,4566,30.0,LOCALDATA,식품인허가 영업점,2712000.0,152.2
전북특별자치도,남원시,202604,4010,편의점,425550000,45848,57.0,국세청,가동사업자,7465789.47368421,804.3508771929825
전북특별자치도,남원시,202604,4020,슈퍼마켓,630790000,30872,40.0,국세청,가동사업자,15769750.0,771.8
전북특별자치도,남원시,202604,8005,중국음식,143850000,4712,61.0,LOCALDATA,식품인허가 영업점,2358196.7213114756,77.24590163934427
전북특별자치도,남원시,202604,8301,제과점,85990000,4963,29.0,LOCALDATA,식품인허가 영업점,2965172.4137931033,171.13793103448276
전북특별자치도,남원시,202605,4010,편의점,485220000,51959,57.0,국세청,가동사업자,8512631.578947369,911.561403508772
전북특별자치도,남원시,202605,4020,슈퍼마켓,691170000,33450,40.0,국세청,가동사업자,17279250.0,836.25
전북특별자치도,남원시,202605,8005,중국음식,179530000,5580,61.0,LOCALDATA,식품인허가 영업점,2943114.7540983604,91.47540983606558
전북특별자치도,남원시,202605,8301,제과점,94530000,5375,29.0,LOCALDATA,식품인허가 영업점,3259655.172413793,185.3448275862069
전북특별자치도,남원시,202606,4010,편의점,437970000,46801,58.0,국세청,가동사업자,7551206.8965517245,806.9137931034483
전북특별자치도,남원시,202606,4020,슈퍼마켓,639940000,31269,40.0,국세청,가동사업자,15998500.0,781.725
전북특별자치도,남원시,202606,8005,중국음식,132090000,4371,61.0,LOCALDATA,식품인허가 영업점,2165409.8360655736,71.65573770491804
전북특별자치도,남원시,202606,8301,제과점,76090000,4486,30.0,LOCALDATA,식품인허가 영업점,2536333.3333333335,149.53333333333333
전북특별자치도,무주군,202601,4010,편의점,211800000,20574,33.0,국세청,가동사업자,6418181.818181818,623.4545454545455
전북특별자치도,무주군,202601,4020,슈퍼마켓,37660000,1884,6.0,국세청,가동사업자,6276666.666666667,314.0
전북특별자치도,무주군,202601,8005,중국음식,71890000,2022,25.0,LOCALDATA,식품인허가 영업점,2875600.0,80.88
전북특별자치도,무주군,202601,8301,제과점,9510000,520,9.0,LOCALDATA,식품인허가 영업점,1056666.6666666667,57.77777777777778
전북특별자치도,무주군,202602,4010,편의점,181830000,18052,33.0,국세청,가동사업자,5510000.0,547.030303030303
전북특별자치도,무주군,202602,4020,슈퍼마켓,43630000,2092,6.0,국세청,가동사업자,7271666.666666667,348.6666666666667
전북특별자치도,무주군,202602,8005,중국음식,62870000,1769,25.0,LOCALDATA,식품인허가 영업점,2514800.0,70.76
전북특별자치도,무주군,202602,8301,제과점,9870000,512,9.0,LOCALDATA,식품인허가 영업점,1096666.6666666667,56.888888888888886
전북특별자치도,무주군,202603,4010,편의점,90740000,9252,33.0,국세청,가동사업자,2749696.9696969697,280.3636363636364
전북특별자치도,무주군,202603,4020,슈퍼마켓,33250000,1913,6.0,국세청,가동사업자,5541666.666666667,318.8333333333333
전북특별자치도,무주군,202603,8005,중국음식,36040000,1180,25.0,LOCALDATA,식품인허가 영업점,1441600.0,47.2
전북특별자치도,무주군,202603,8301,제과점,8370000,445,9.0,LOCALDATA,식품인허가 영업점,930000.0,49.44444444444444
전북특별자치도,무주군,202604,4010,편의점,87240000,9158,34.0,국세청,가동사업자,2565882.3529411764,269.3529411764706
전북특별자치도,무주군,202604,4020,슈퍼마켓,39070000,2067,6.0,국세청,가동사업자,6511666.666666667,344.5
전북특별자치도,무주군,202604,8005,중국음식,35030000,1152,25.0,LOCALDATA,식품인허가 영업점,1401200.0,46.08
전북특별자치도,무주군,202604,8301,제과점,7570000,424,9.0,LOCALDATA,식품인허가 영업점,841111.1111111111,47.111111111111114
전북특별자치도,무주군,202605,4010,편의점,117920000,11852,34.0,국세청,가동사업자,3468235.294117647,348.5882352941176
전북특별자치도,무주군,202605,4020,슈퍼마켓,54020000,2715,6.0,국세청,가동사업자,9003333.333333334,452.5
전북특별자치도,무주군,202605,8005,중국음식,56120000,1680,25.0,LOCALDATA,식품인허가 영업점,2244800.0,67.2
전북특별자치도,무주군,202605,8301,제과점,14820000,693,10.0,LOCALDATA,식품인허가 영업점,1482000.0,69.3
전북특별자치도,무주군,202606,4010,편의점,127000000,12922,33.0,국세청,가동사업자,3848484.8484848486,391.57575757575756
전북특별자치도,무주군,202606,4020,슈퍼마켓,59520000,2934,6.0,국세청,가동사업자,9920000.0,489.0
전북특별자치도,무주군,202606,8005,중국음식,49590000,1536,25.0,LOCALDATA,식품인허가 영업점,1983600.0,61.44
전북특별자치도,무주군,202606,8301,제과점,13220000,795,9.0,LOCALDATA,식품인허가 영업점,1468888.888888889,88.33333333333333
전북특별자치도,부안군,202601,4010,편의점,274930000,28180,61.0,국세청,가동사업자,4507049.180327869,461.9672131147541
전북특별자치도,부안군,202601,4020,슈퍼마켓,534770000,18235,30.0,국세청,가동사업자,17825666.666666668,607.8333333333334
전북특별자치도,부안군,202601,8005,중국음식,61290000,2213,34.0,LOCALDATA,식품인허가 영업점,1802647.0588235294,65.08823529411765
전북특별자치도,부안군,202601,8301,제과점,22760000,1249,17.0,LOCALDATA,식품인허가 영업점,1338823.5294117648,73.47058823529412
전북특별자치도,부안군,202602,4010,편의점,303120000,31538,60.0,국세청,가동사업자,5052000.0,525.6333333333333
전북특별자치도,부안군,202602,4020,슈퍼마켓,614520000,19186,29.0,국세청,가동사업자,21190344.827586208,661.5862068965517
전북특별자치도,부안군,202602,8005,중국음식,63010000,2103,34.0,LOCALDATA,식품인허가 영업점,1853235.294117647,61.85294117647059
전북특별자치도,부안군,202602,8301,제과점,27360000,1393,17.0,LOCALDATA,식품인허가 영업점,1609411.7647058824,81.94117647058823
전북특별자치도,부안군,202603,4010,편의점,293950000,30599,59.0,국세청,가동사업자,4982203.389830508,518.6271186440678
전북특별자치도,부안군,202603,4020,슈퍼마켓,540360000,19271,29.0,국세청,가동사업자,18633103.44827586,664.5172413793103
전북특별자치도,부안군,202603,8005,중국음식,62250000,2259,34.0,LOCALDATA,식품인허가 영업점,1830882.3529411764,66.44117647058823
전북특별자치도,부안군,202603,8301,제과점,24760000,1336,17.0,LOCALDATA,식품인허가 영업점,1456470.5882352942,78.58823529411765
전북특별자치도,부안군,202604,4010,편의점,318820000,33363,60.0,국세청,가동사업자,5313666.666666667,556.05
전북특별자치도,부안군,202604,4020,슈퍼마켓,547960000,19775,30.0,국세청,가동사업자,18265333.333333332,659.1666666666666
전북특별자치도,부안군,202604,8005,중국음식,63810000,2323,34.0,LOCALDATA,식품인허가 영업점,1876764.705882353,68.32352941176471
전북특별자치도,부안군,202604,8301,제과점,23330000,1335,17.0,LOCALDATA,식품인허가 영업점,1372352.9411764706,78.52941176470588
전북특별자치도,부안군,202605,4010,편의점,377840000,39846,60.0,국세청,가동사업자,6297333.333333333,664.1
전북특별자치도,부안군,202605,4020,슈퍼마켓,645910000,23207,30.0,국세청,가동사업자,21530333.333333332,773.5666666666667
전북특별자치도,부안군,202605,8005,중국음식,80570000,2670,33.0,LOCALDATA,식품인허가 영업점,2441515.1515151514,80.9090909090909
전북특별자치도,부안군,202605,8301,제과점,24800000,1432,17.0,LOCALDATA,식품인허가 영업점,1458823.5294117648,84.23529411764706
전북특별자치도,부안군,202606,4010,편의점,349590000,35976,60.0,국세청,가동사업자,5826500.0,599.6
전북특별자치도,부안군,202606,4020,슈퍼마켓,608800000,21785,29.0,국세청,가동사업자,20993103.44827586,751.2068965517242
전북특별자치도,부안군,202606,8005,중국음식,63350000,2262,33.0,LOCALDATA,식품인허가 영업점,1919696.9696969697,68.54545454545455
전북특별자치도,부안군,202606,8301,제과점,19960000,1182,17.0,LOCALDATA,식품인허가 영업점,1174117.6470588236,69.52941176470588
전북특별자치도,순창군,202601,4010,편의점,105940000,11705,13.0,국세청,가동사업자,8149230.769230769,900.3846153846154
전북특별자치도,순창군,202601,4020,슈퍼마켓,198940000,6820,11.0,국세청,가동사업자,18085454.545454547,620.0
전북특별자치도,순창군,202601,8005,중국음식,35590000,1262,17.0,LOCALDATA,식품인허가 영업점,2093529.4117647058,74.23529411764706
전북특별자치도,순창군,202601,8301,제과점,23820000,1181,8.0,LOCALDATA,식품인허가 영업점,2977500.0,147.625
전북특별자치도,순창군,202602,4010,편의점,121260000,13422,14.0,국세청,가동사업자,8661428.57142857,958.7142857142857
전북특별자치도,순창군,202602,4020,슈퍼마켓,242330000,7693,11.0,국세청,가동사업자,22030000.0,699.3636363636364
전북특별자치도,순창군,202602,8005,중국음식,39620000,1305,16.0,LOCALDATA,식품인허가 영업점,2476250.0,81.5625
전북특별자치도,순창군,202602,8301,제과점,30290000,1480,8.0,LOCALDATA,식품인허가 영업점,3786250.0,185.0
전북특별자치도,순창군,202603,4010,편의점,142070000,16318,15.0,국세청,가동사업자,9471333.333333334,1087.8666666666666
전북특별자치도,순창군,202603,4020,슈퍼마켓,305340000,11688,11.0,국세청,가동사업자,27758181.818181816,1062.5454545454545
전북특별자치도,순창군,202603,8005,중국음식,52430000,1919,16.0,LOCALDATA,식품인허가 영업점,3276875.0,119.9375
전북특별자치도,순창군,202603,8301,제과점,33280000,1847,8.0,LOCALDATA,식품인허가 영업점,4160000.0,230.875
전북특별자치도,순창군,202604,4010,편의점,164790000,19235,15.0,국세청,가동사업자,10986000.0,1282.3333333333333
전북특별자치도,순창군,202604,4020,슈퍼마켓,397810000,15211,13.0,국세청,가동사업자,30600769.230769232,1170.076923076923
전북특별자치도,순창군,202604,8005,중국음식,63620000,2355,16.0,LOCALDATA,식품인허가 영업점,3976250.0,147.1875
전북특별자치도,순창군,202604,8301,제과점,46720000,2310,8.0,LOCALDATA,식품인허가 영업점,5840000.0,288.75
전북특별자치도,순창군,202605,4010,편의점,170880000,20168,15.0,국세청,가동사업자,11392000.0,1344.5333333333333
전북특별자치도,순창군,202605,4020,슈퍼마켓,307780000,14765,13.0,국세청,가동사업자,23675384.615384616,1135.7692307692307
전북특별자치도,순창군,202605,8005,중국음식,61880000,2216,16.0,LOCALDATA,식품인허가 영업점,3867500.0,138.5
전북특별자치도,순창군,202605,8301,제과점,51130000,2721,8.0,LOCALDATA,식품인허가 영업점,6391250.0,340.125
전북특별자치도,순창군,202606,4010,편의점,143350000,16865,15.0,국세청,가동사업자,9556666.666666666,1124.3333333333333
전북특별자치도,순창군,202606,4020,슈퍼마켓,307300000,14319,13.0,국세청,가동사업자,23638461.53846154,1101.4615384615386
전북특별자치도,순창군,202606,8005,중국음식,55170000,2012,15.0,LOCALDATA,식품인허가 영업점,3678000.0,134.13333333333333
전북특별자치도,순창군,202606,8301,제과점,42490000,2384,8.0,LOCALDATA,식품인허가 영업점,5311250.0,298.0
전북특별자치도,완주군,202601,4010,편의점,489470000,51263,94.0,국세청,가동사업자,5207127.659574468,545.3510638297872
전북특별자치도,완주군,202601,4020,슈퍼마켓,788400000,40603,78.0,국세청,가동사업자,10107692.307692308,520.5512820512821
전북특별자치도,완주군,202601,8005,중국음식,101310000,3633,60.0,LOCALDATA,식품인허가 영업점,1688500.0,60.55
전북특별자치도,완주군,202601,8301,제과점,66340000,3852,36.0,LOCALDATA,식품인허가 영업점,1842777.7777777778,107.0
전북특별자치도,완주군,202602,4010,편의점,465590000,49088,96.0,국세청,가동사업자,4849895.833333333,511.3333333333333
전북특별자치도,완주군,202602,4020,슈퍼마켓,799140000,38641,77.0,국세청,가동사업자,10378441.558441559,501.83116883116884
전북특별자치도,완주군,202602,8005,중국음식,92170000,3258,60.0,LOCALDATA,식품인허가 영업점,1536166.6666666667,54.3
전북특별자치도,완주군,202602,8301,제과점,95830000,4270,35.0,LOCALDATA,식품인허가 영업점,2738000.0,122.0
전북특별자치도,완주군,202603,4010,편의점,540440000,60198,96.0,국세청,가동사업자,5629583.333333333,627.0625
전북특별자치도,완주군,202603,4020,슈퍼마켓,772830000,42986,77.0,국세청,가동사업자,10036753.246753247,558.2597402597403
전북특별자치도,완주군,202603,8005,중국음식,111190000,4128,60.0,LOCALDATA,식품인허가 영업점,1853166.6666666667,68.8
전북특별자치도,완주군,202603,8301,제과점,79730000,4844,36.0,LOCALDATA,식품인허가 영업점,2214722.222222222,134.55555555555554
전북특별자치도,완주군,202604,4010,편의점,560570000,64542,94.0,국세청,가동사업자,5963510.638297873,686.6170212765958
전북특별자치도,완주군,202604,4020,슈퍼마켓,769310000,43266,77.0,국세청,가동사업자,9991038.96103896,561.8961038961039
전북특별자치도,완주군,202604,8005,중국음식,106500000,3949,60.0,LOCALDATA,식품인허가 영업점,1775000.0,65.81666666666666
전북특별자치도,완주군,202604,8301,제과점,75790000,5034,36.0,LOCALDATA,식품인허가 영업점,2105277.777777778,139.83333333333334
전북특별자치도,완주군,202605,4010,편의점,586680000,65708,94.0,국세청,가동사업자,6241276.595744681,699.0212765957447
전북특별자치도,완주군,202605,4020,슈퍼마켓,853160000,46352,77.0,국세청,가동사업자,11080000.0,601.974025974026
전북특별자치도,완주군,202605,8005,중국음식,112860000,4082,59.0,LOCALDATA,식품인허가 영업점,1912881.3559322034,69.1864406779661
전북특별자치도,완주군,202605,8301,제과점,86230000,5148,36.0,LOCALDATA,식품인허가 영업점,2395277.777777778,143.0
전북특별자치도,완주군,202606,4010,편의점,572860000,66132,94.0,국세청,가동사업자,6094255.319148936,703.531914893617
전북특별자치도,완주군,202606,4020,슈퍼마켓,792530000,45236,75.0,국세청,가동사업자,10567066.666666666,603.1466666666666
전북특별자치도,완주군,202606,8005,중국음식,98860000,3733,60.0,LOCALDATA,식품인허가 영업점,1647666.6666666667,62.21666666666667
전북특별자치도,완주군,202606,8301,제과점,67480000,4615,37.0,LOCALDATA,식품인허가 영업점,1823783.7837837837,124.72972972972973
전북특별자치도,익산시,202601,4010,편의점,1556630000,171757,226.0,국세청,가동사업자,6887743.362831858,759.9867256637168
전북특별자치도,익산시,202601,4020,슈퍼마켓,2857920000,123423,144.0,국세청,가동사업자,19846666.666666668,857.1041666666666
전북특별자치도,익산시,202601,8005,중국음식,284020000,9588,154.0,LOCALDATA,식품인허가 영업점,1844285.7142857143,62.25974025974026
전북특별자치도,익산시,202601,8301,제과점,193550000,13039,84.0,LOCALDATA,식품인허가 영업점,2304166.6666666665,155.22619047619048
전북특별자치도,익산시,202602,4010,편의점,1597640000,174256,226.0,국세청,가동사업자,7069203.539823009,771.0442477876106
전북특별자치도,익산시,202602,4020,슈퍼마켓,2976750000,119883,142.0,국세청,가동사업자,20963028.169014085,844.2464788732394
전북특별자치도,익산시,202602,8005,중국음식,273540000,9171,154.0,LOCALDATA,식품인허가 영업점,1776233.7662337662,59.55194805194805
전북특별자치도,익산시,202602,8301,제과점,208790000,13295,84.0,LOCALDATA,식품인허가 영업점,2485595.238095238,158.27380952380952
전북특별자치도,익산시,202603,4010,편의점,1732570000,197975,223.0,국세청,가동사업자,7769372.197309417,887.780269058296
전북특별자치도,익산시,202603,4020,슈퍼마켓,2761890000,127348,143.0,국세청,가동사업자,19313916.083916083,890.5454545454545
전북특별자치도,익산시,202603,8005,중국음식,285390000,10386,155.0,LOCALDATA,식품인허가 영업점,1841225.8064516129,67.00645161290322
전북특별자치도,익산시,202603,8301,제과점,223010000,15310,83.0,LOCALDATA,식품인허가 영업점,2686867.4698795183,184.4578313253012
전북특별자치도,익산시,202604,4010,편의점,1703830000,203320,223.0,국세청,가동사업자,7640493.273542601,911.7488789237668
전북특별자치도,익산시,202604,4020,슈퍼마켓,2678810000,126817,148.0,국세청,가동사업자,18100067.56756757,856.8716216216217
전북특별자치도,익산시,202604,8005,중국음식,262770000,10035,156.0,LOCALDATA,식품인허가 영업점,1684423.076923077,64.32692307692308
전북특별자치도,익산시,202604,8301,제과점,213810000,15417,84.0,LOCALDATA,식품인허가 영업점,2545357.1428571427,183.53571428571428
전북특별자치도,익산시,202605,4010,편의점,1913440000,221017,226.0,국세청,가동사업자,8466548.672566371,977.9513274336283
전북특별자치도,익산시,202605,4020,슈퍼마켓,2823440000,130837,148.0,국세청,가동사업자,19077297.2972973,884.0337837837837
전북특별자치도,익산시,202605,8005,중국음식,297140000,10500,156.0,LOCALDATA,식품인허가 영업점,1904743.5897435897,67.3076923076923
전북특별자치도,익산시,202605,8301,제과점,220950000,15260,83.0,LOCALDATA,식품인허가 영업점,2662048.192771084,183.85542168674698
전북특별자치도,익산시,202606,4010,편의점,1755520000,207198,226.0,국세청,가동사업자,7767787.610619469,916.8053097345132
전북특별자치도,익산시,202606,4020,슈퍼마켓,2747760000,129947,146.0,국세청,가동사업자,18820273.97260274,890.0479452054794
전북특별자치도,익산시,202606,8005,중국음식,251470000,9250,153.0,LOCALDATA,식품인허가 영업점,1643594.77124183,60.45751633986928
전북특별자치도,익산시,202606,8301,제과점,194570000,14355,83.0,LOCALDATA,식품인허가 영업점,2344216.8674698793,172.95180722891567
전북특별자치도,임실군,202601,4010,편의점,66540000,7682,20.0,국세청,가동사업자,3327000.0,384.1
전북특별자치도,임실군,202601,4020,슈퍼마켓,87550000,3904,13.0,국세청,가동사업자,6734615.384615385,300.3076923076923
전북특별자치도,임실군,202601,8005,중국음식,33650000,1279,29.0,LOCALDATA,식품인허가 영업점,1160344.8275862068,44.10344827586207
전북특별자치도,임실군,202601,8301,제과점,10280000,583,5.0,LOCALDATA,식품인허가 영업점,2056000.0,116.6
전북특별자치도,임실군,202602,4010,편의점,76350000,8765,20.0,국세청,가동사업자,3817500.0,438.25
전북특별자치도,임실군,202602,4020,슈퍼마켓,120870000,4745,13.0,국세청,가동사업자,9297692.307692308,365.0
전북특별자치도,임실군,202602,8005,중국음식,38620000,1352,29.0,LOCALDATA,식품인허가 영업점,1331724.1379310344,46.62068965517241
전북특별자치도,임실군,202602,8301,제과점,15080000,696,5.0,LOCALDATA,식품인허가 영업점,3016000.0,139.2
전북특별자치도,임실군,202603,4010,편의점,84230000,9811,20.0,국세청,가동사업자,4211500.0,490.55
전북특별자치도,임실군,202603,4020,슈퍼마켓,106010000,5073,13.0,국세청,가동사업자,8154615.384615385,390.2307692307692
전북특별자치도,임실군,202603,8005,중국음식,41740000,1555,29.0,LOCALDATA,식품인허가 영업점,1439310.3448275863,53.62068965517241
전북특별자치도,임실군,202603,8301,제과점,11620000,717,5.0,LOCALDATA,식품인허가 영업점,2324000.0,143.4
전북특별자치도,임실군,202604,4010,편의점,91290000,10331,20.0,국세청,가동사업자,4564500.0,516.55
전북특별자치도,임실군,202604,4020,슈퍼마켓,128550000,5919,13.0,국세청,가동사업자,9888461.538461538,455.3076923076923
전북특별자치도,임실군,202604,8005,중국음식,47840000,1866,29.0,LOCALDATA,식품인허가 영업점,1649655.1724137932,64.34482758620689
전북특별자치도,임실군,202604,8301,제과점,13570000,773,5.0,LOCALDATA,식품인허가 영업점,2714000.0,154.6
전북특별자치도,임실군,202605,4010,편의점,97760000,11478,21.0,국세청,가동사업자,4655238.095238095,546.5714285714286
전북특별자치도,임실군,202605,4020,슈퍼마켓,149740000,7244,13.0,국세청,가동사업자,11518461.538461538,557.2307692307693
전북특별자치도,임실군,202605,8005,중국음식,51440000,1879,29.0,LOCALDATA,식품인허가 영업점,1773793.103448276,64.79310344827586
전북특별자치도,임실군,202605,8301,제과점,15900000,828,5.0,LOCALDATA,식품인허가 영업점,3180000.0,165.6
전북특별자치도,임실군,202606,4010,편의점,91920000,10483,23.0,국세청,가동사업자,3996521.7391304346,455.7826086956522
전북특별자치도,임실군,202606,4020,슈퍼마켓,139580000,6453,13.0,국세청,가동사업자,10736923.076923076,496.38461538461536
전북특별자치도,임실군,202606,8005,중국음식,43830000,1642,28.0,LOCALDATA,식품인허가 영업점,1565357.142857143,58.642857142857146
전북특별자치도,임실군,202606,8301,제과점,13230000,815,5.0,LOCALDATA,식품인허가 영업점,2646000.0,163.0
전북특별자치도,장수군,202601,4010,편의점,67240000,6382,17.0,국세청,가동사업자,3955294.117647059,375.4117647058824
전북특별자치도,장수군,202601,4020,슈퍼마켓,89300000,3291,6.0,국세청,가동사업자,14883333.333333334,548.5
전북특별자치도,장수군,202601,8005,중국음식,21660000,817,25.0,LOCALDATA,식품인허가 영업점,866400.0,32.68
전북특별자치도,장수군,202601,8301,제과점,5920000,371,7.0,LOCALDATA,식품인허가 영업점,845714.2857142857,53.0
전북특별자치도,장수군,202602,4010,편의점,70470000,6326,16.0,국세청,가동사업자,4404375.0,395.375
전북특별자치도,장수군,202602,4020,슈퍼마켓,109040000,3678,7.0,국세청,가동사업자,15577142.857142856,525.4285714285714
전북특별자치도,장수군,202602,8005,중국음식,24050000,906,25.0,LOCALDATA,식품인허가 영업점,962000.0,36.24
전북특별자치도,장수군,202602,8301,제과점,6160000,306,7.0,LOCALDATA,식품인허가 영업점,880000.0,43.714285714285715
전북특별자치도,장수군,202603,4010,편의점,96070000,9196,17.0,국세청,가동사업자,5651176.470588235,540.9411764705883
전북특별자치도,장수군,202603,4020,슈퍼마켓,164200000,7143,7.0,국세청,가동사업자,23457142.85714286,1020.4285714285714
전북특별자치도,장수군,202603,8005,중국음식,44550000,1809,25.0,LOCALDATA,식품인허가 영업점,1782000.0,72.36
전북특별자치도,장수군,202603,8301,제과점,13420000,776,7.0,LOCALDATA,식품인허가 영업점,1917142.857142857,110.85714285714286
전북특별자치도,장수군,202604,4010,편의점,112390000,10971,17.0,국세청,가동사업자,6611176.470588235,645.3529411764706
전북특별자치도,장수군,202604,4020,슈퍼마켓,197950000,8843,7.0,국세청,가동사업자,28278571.42857143,1263.2857142857142
전북특별자치도,장수군,202604,8005,중국음식,51420000,1970,25.0,LOCALDATA,식품인허가 영업점,2056800.0,78.8
전북특별자치도,장수군,202604,8301,제과점,19870000,1116,7.0,LOCALDATA,식품인허가 영업점,2838571.4285714286,159.42857142857142
전북특별자치도,장수군,202605,4010,편의점,117040000,11357,16.0,국세청,가동사업자,7315000.0,709.8125
전북특별자치도,장수군,202605,4020,슈퍼마켓,210590000,9574,7.0,국세청,가동사업자,30084285.714285713,1367.7142857142858
전북특별자치도,장수군,202605,8005,중국음식,64100000,2271,25.0,LOCALDATA,식품인허가 영업점,2564000.0,90.84
전북특별자치도,장수군,202605,8301,제과점,20520000,1013,7.0,LOCALDATA,식품인허가 영업점,2931428.5714285714,144.71428571428572
전북특별자치도,장수군,202606,4010,편의점,110620000,10705,16.0,국세청,가동사업자,6913750.0,669.0625
전북특별자치도,장수군,202606,4020,슈퍼마켓,183960000,8515,7.0,국세청,가동사업자,26280000.0,1216.4285714285713
전북특별자치도,장수군,202606,8005,중국음식,51550000,1964,25.0,LOCALDATA,식품인허가 영업점,2062000.0,78.56
전북특별자치도,장수군,202606,8301,제과점,14200000,849,7.0,LOCALDATA,식품인허가 영업점,2028571.4285714286,121.28571428571429
전북특별자치도,전주시 덕진구,202601,4010,편의점,1610020000,199033,330.0,국세청,가동사업자,4878848.484848484,603.130303030303
전북특별자치도,전주시 덕진구,202601,4020,슈퍼마켓,2542880000,136849,173.0,국세청,가동사업자,14698728.323699422,791.0346820809249
전북특별자치도,전주시 덕진구,202601,8005,중국음식,380370000,12798,142.0,LOCALDATA,식품인허가 영업점,2678661.971830986,90.12676056338029
전북특별자치도,전주시 덕진구,202601,8301,제과점,311910000,24862,123.0,LOCALDATA,식품인허가 영업점,2535853.6585365855,202.130081300813
전북특별자치도,전주시 덕진구,202602,4010,편의점,1528410000,185443,328.0,국세청,가동사업자,4659786.585365853,565.375
전북특별자치도,전주시 덕진구,202602,4020,슈퍼마켓,2512170000,127975,175.0,국세청,가동사업자,14355257.142857144,731.2857142857143
전북특별자치도,전주시 덕진구,202602,8005,중국음식,378610000,12320,143.0,LOCALDATA,식품인허가 영업점,2647622.3776223776,86.15384615384616
전북특별자치도,전주시 덕진구,202602,8301,제과점,332360000,24681,124.0,LOCALDATA,식품인허가 영업점,2680322.580645161,199.04032258064515
전북특별자치도,전주시 덕진구,202603,4010,편의점,1808240000,229321,330.0,국세청,가동사업자,5479515.151515151,694.9121212121212
전북특별자치도,전주시 덕진구,202603,4020,슈퍼마켓,2462240000,146422,174.0,국세청,가동사업자,14150804.597701149,841.5057471264367
전북특별자치도,전주시 덕진구,202603,8005,중국음식,374790000,13302,143.0,LOCALDATA,식품인허가 영업점,2620909.090909091,93.02097902097903
전북특별자치도,전주시 덕진구,202603,8301,제과점,355590000,27970,123.0,LOCALDATA,식품인허가 영업점,2890975.6097560977,227.39837398373984
전북특별자치도,전주시 덕진구,202604,4010,편의점,1781480000,241171,333.0,국세청,가동사업자,5349789.789789789,724.2372372372372
전북특별자치도,전주시 덕진구,202604,4020,슈퍼마켓,2358810000,143266,176.0,국세청,가동사업자,13402329.545454545,814.0113636363636
전북특별자치도,전주시 덕진구,202604,8005,중국음식,352810000,12970,144.0,LOCALDATA,식품인허가 영업점,2450069.4444444445,90.06944444444444
전북특별자치도,전주시 덕진구,202604,8301,제과점,343070000,28962,123.0,LOCALDATA,식품인허가 영업점,2789186.9918699185,235.46341463414635
전북특별자치도,전주시 덕진구,202605,4010,편의점,1922960000,247487,336.0,국세청,가동사업자,5723095.238095238,736.5684523809524
전북특별자치도,전주시 덕진구,202605,4020,슈퍼마켓,2519820000,146461,174.0,국세청,가동사업자,14481724.137931034,841.7298850574713
전북특별자치도,전주시 덕진구,202605,8005,중국음식,389240000,14059,143.0,LOCALDATA,식품인허가 영업점,2721958.041958042,98.31468531468532
전북특별자치도,전주시 덕진구,202605,8301,제과점,360600000,29037,123.0,LOCALDATA,식품인허가 영업점,2931707.3170731706,236.0731707317073
전북특별자치도,전주시 덕진구,202606,4010,편의점,1864450000,242057,337.0,국세청,가동사업자,5532492.581602374,718.2700296735906
전북특별자치도,전주시 덕진구,202606,4020,슈퍼마켓,2423740000,143960,174.0,국세청,가동사업자,13929540.229885057,827.3563218390805
전북특별자치도,전주시 덕진구,202606,8005,중국음식,343480000,12755,143.0,LOCALDATA,식품인허가 영업점,2401958.041958042,89.1958041958042
전북특별자치도,전주시 덕진구,202606,8301,제과점,314290000,26618,123.0,LOCALDATA,식품인허가 영업점,2555203.2520325202,216.40650406504065
전북특별자치도,전주시 완산구,202601,4010,편의점,1600870000,186001,287.0,국세청,가동사업자,5577944.25087108,648.0871080139373
전북특별자치도,전주시 완산구,202601,4020,슈퍼마켓,2287730000,126644,206.0,국세청,가동사업자,11105485.436893204,614.7766990291262
전북특별자치도,전주시 완산구,202601,8005,중국음식,382590000,12117,104.0,LOCALDATA,식품인허가 영업점,3678750.0,116.50961538461539
전북특별자치도,전주시 완산구,202601,8301,제과점,462610000,30697,166.0,LOCALDATA,식품인허가 영업점,2786807.2289156625,184.92168674698794
전북특별자치도,전주시 완산구,202602,4010,편의점,1536330000,175784,287.0,국세청,가동사업자,5353066.202090592,612.4878048780488
전북특별자치도,전주시 완산구,202602,4020,슈퍼마켓,2312330000,120068,206.0,국세청,가동사업자,11224902.912621358,582.8543689320388
전북특별자치도,전주시 완산구,202602,8005,중국음식,383740000,12020,104.0,LOCALDATA,식품인허가 영업점,3689807.6923076925,115.57692307692308
전북특별자치도,전주시 완산구,202602,8301,제과점,523440000,32170,168.0,LOCALDATA,식품인허가 영업점,3115714.285714286,191.48809523809524
전북특별자치도,전주시 완산구,202603,4010,편의점,1736120000,205423,289.0,국세청,가동사업자,6007335.640138408,710.8062283737024
전북특별자치도,전주시 완산구,202603,4020,슈퍼마켓,2191020000,130623,207.0,국세청,가동사업자,10584637.68115942,631.0289855072464
전북특별자치도,전주시 완산구,202603,8005,중국음식,378610000,12708,104.0,LOCALDATA,식품인허가 영업점,3640480.769230769,122.1923076923077
전북특별자치도,전주시 완산구,202603,8301,제과점,492760000,32929,169.0,LOCALDATA,식품인허가 영업점,2915739.644970414,194.84615384615384
전북특별자치도,전주시 완산구,202604,4010,편의점,1689700000,210776,287.0,국세청,가동사업자,5887456.445993031,734.4111498257839
전북특별자치도,전주시 완산구,202604,4020,슈퍼마켓,2160640000,129251,204.0,국세청,가동사업자,10591372.549019609,633.5833333333334
전북특별자치도,전주시 완산구,202604,8005,중국음식,344550000,12038,102.0,LOCALDATA,식품인허가 영업점,3377941.1764705884,118.01960784313725
전북특별자치도,전주시 완산구,202604,8301,제과점,514850000,35031,171.0,LOCALDATA,식품인허가 영업점,3010818.7134502926,204.859649122807
전북특별자치도,전주시 완산구,202605,4010,편의점,1816970000,220946,285.0,국세청,가동사업자,6375333.333333333,775.2491228070176
전북특별자치도,전주시 완산구,202605,4020,슈퍼마켓,2330090000,136071,206.0,국세청,가동사업자,11311116.504854368,660.5388349514564
전북특별자치도,전주시 완산구,202605,8005,중국음식,394560000,12954,103.0,LOCALDATA,식품인허가 영업점,3830679.6116504855,125.76699029126213
전북특별자치도,전주시 완산구,202605,8301,제과점,588150000,37261,173.0,LOCALDATA,식품인허가 영업점,3399710.9826589595,215.3815028901734
전북특별자치도,전주시 완산구,202606,4010,편의점,1787840000,217495,286.0,국세청,가동사업자,6251188.811188811,760.472027972028
전북특별자치도,전주시 완산구,202606,4020,슈퍼마켓,2242370000,133457,200.0,국세청,가동사업자,11211850.0,667.285
전북특별자치도,전주시 완산구,202606,8005,중국음식,329050000,11552,102.0,LOCALDATA,식품인허가 영업점,3225980.3921568627,113.25490196078431
전북특별자치도,전주시 완산구,202606,8301,제과점,441960000,31220,161.0,LOCALDATA,식품인허가 영업점,2745093.167701863,193.91304347826087
전북특별자치도,정읍시,202601,4010,편의점,481560000,51299,97.0,국세청,가동사업자,4964536.082474227,528.8556701030927
전북특별자치도,정읍시,202601,4020,슈퍼마켓,787850000,35448,49.0,국세청,가동사업자,16078571.42857143,723.4285714285714
전북특별자치도,정읍시,202601,8005,중국음식,129270000,4772,61.0,LOCALDATA,식품인허가 영업점,2119180.3278688523,78.22950819672131
전북특별자치도,정읍시,202601,8301,제과점,67100000,4521,25.0,LOCALDATA,식품인허가 영업점,2684000.0,180.84
전북특별자치도,정읍시,202602,4010,편의점,454400000,48759,95.0,국세청,가동사업자,4783157.894736842,513.2526315789473
전북특별자치도,정읍시,202602,4020,슈퍼마켓,757760000,31711,48.0,국세청,가동사업자,15786666.666666666,660.6458333333334
전북특별자치도,정읍시,202602,8005,중국음식,115950000,4191,61.0,LOCALDATA,식품인허가 영업점,1900819.6721311475,68.70491803278688
전북특별자치도,정읍시,202602,8301,제과점,74080000,4524,25.0,LOCALDATA,식품인허가 영업점,2963200.0,180.96
전북특별자치도,정읍시,202603,4010,편의점,529700000,57660,98.0,국세청,가동사업자,5405102.040816327,588.3673469387755
전북특별자치도,정읍시,202603,4020,슈퍼마켓,841120000,39618,51.0,국세청,가동사업자,16492549.019607844,776.8235294117648
전북특별자치도,정읍시,202603,8005,중국음식,134780000,5226,61.0,LOCALDATA,식품인허가 영업점,2209508.1967213117,85.67213114754098
전북특별자치도,정읍시,202603,8301,제과점,81760000,5518,27.0,LOCALDATA,식품인허가 영업점,3028148.1481481483,204.37037037037038
전북특별자치도,정읍시,202604,4010,편의점,558960000,61584,97.0,국세청,가동사업자,5762474.226804123,634.8865979381443
전북특별자치도,정읍시,202604,4020,슈퍼마켓,895500000,41338,50.0,국세청,가동사업자,17910000.0,826.76
전북특별자치도,정읍시,202604,8005,중국음식,135290000,5304,62.0,LOCALDATA,식품인허가 영업점,2182096.7741935486,85.54838709677419
전북특별자치도,정읍시,202604,8301,제과점,81140000,5753,26.0,LOCALDATA,식품인허가 영업점,3120769.230769231,221.26923076923077
전북특별자치도,정읍시,202605,4010,편의점,576030000,63086,98.0,국세청,가동사업자,5877857.142857143,643.734693877551
전북특별자치도,정읍시,202605,4020,슈퍼마켓,953000000,43794,48.0,국세청,가동사업자,19854166.666666668,912.375
전북특별자치도,정읍시,202605,8005,중국음식,155140000,5704,62.0,LOCALDATA,식품인허가 영업점,2502258.064516129,92.0
전북특별자치도,정읍시,202605,8301,제과점,76450000,5323,26.0,LOCALDATA,식품인허가 영업점,2940384.6153846155,204.73076923076923
전북특별자치도,정읍시,202606,4010,편의점,576670000,63217,97.0,국세청,가동사업자,5945051.546391753,651.7216494845361
전북특별자치도,정읍시,202606,4020,슈퍼마켓,922840000,43520,47.0,국세청,가동사업자,19634893.617021278,925.9574468085107
전북특별자치도,정읍시,202606,8005,중국음식,137670000,5335,62.0,LOCALDATA,식품인허가 영업점,2220483.870967742,86.04838709677419
전북특별자치도,정읍시,202606,8301,제과점,69460000,4787,26.0,LOCALDATA,식품인허가 영업점,2671538.4615384615,184.1153846153846
전북특별자치도,진안군,202601,4010,편의점,47940000,4973,12.0,국세청,가동사업자,3995000.0,414.4166666666667
전북특별자치도,진안군,202601,4020,슈퍼마켓,80030000,3786,19.0,국세청,가동사업자,4212105.263157895,199.26315789473685
전북특별자치도,진안군,202601,8005,중국음식,27360000,918,17.0,LOCALDATA,식품인허가 영업점,1609411.7647058824,54.0
전북특별자치도,진안군,202601,8301,제과점,9290000,498,3.0,LOCALDATA,식품인허가 영업점,3096666.6666666665,166.0
전북특별자치도,진안군,202602,4010,편의점,50290000,5212,12.0,국세청,가동사업자,4190833.3333333335,434.3333333333333
전북특별자치도,진안군,202602,4020,슈퍼마켓,97570000,4197,18.0,국세청,가동사업자,5420555.555555556,233.16666666666666
전북특별자치도,진안군,202602,8005,중국음식,25980000,863,17.0,LOCALDATA,식품인허가 영업점,1528235.294117647,50.76470588235294
전북특별자치도,진안군,202602,8301,제과점,14290000,684,3.0,LOCALDATA,식품인허가 영업점,4763333.333333333,228.0
전북특별자치도,진안군,202603,4010,편의점,53570000,5826,12.0,국세청,가동사업자,4464166.666666667,485.5
전북특별자치도,진안군,202603,4020,슈퍼마켓,81120000,4216,18.0,국세청,가동사업자,4506666.666666667,234.22222222222223
전북특별자치도,진안군,202603,8005,중국음식,27850000,1015,17.0,LOCALDATA,식품인허가 영업점,1638235.294117647,59.705882352941174
전북특별자치도,진안군,202603,8301,제과점,9070000,574,3.0,LOCALDATA,식품인허가 영업점,3023333.3333333335,191.33333333333334
전북특별자치도,진안군,202604,4010,편의점,60940000,6795,12.0,국세청,가동사업자,5078333.333333333,566.25
전북특별자치도,진안군,202604,4020,슈퍼마켓,97090000,4809,18.0,국세청,가동사업자,5393888.888888889,267.1666666666667
전북특별자치도,진안군,202604,8005,중국음식,37060000,1277,17.0,LOCALDATA,식품인허가 영업점,2180000.0,75.11764705882354
전북특별자치도,진안군,202604,8301,제과점,11780000,698,3.0,LOCALDATA,식품인허가 영업점,3926666.6666666665,232.66666666666666
전북특별자치도,진안군,202605,4010,편의점,64400000,6972,13.0,국세청,가동사업자,4953846.153846154,536.3076923076923
전북특별자치도,진안군,202605,4020,슈퍼마켓,108400000,5215,18.0,국세청,가동사업자,6022222.222222222,289.72222222222223
전북특별자치도,진안군,202605,8005,중국음식,36660000,1174,17.0,LOCALDATA,식품인허가 영업점,2156470.588235294,69.05882352941177
전북특별자치도,진안군,202605,8301,제과점,12410000,671,3.0,LOCALDATA,식품인허가 영업점,4136666.6666666665,223.66666666666666
전북특별자치도,진안군,202606,4010,편의점,61790000,6639,13.0,국세청,가동사업자,4753076.923076923,510.6923076923077
전북특별자치도,진안군,202606,4020,슈퍼마켓,100340000,4997,18.0,국세청,가동사업자,5574444.444444444,277.6111111111111
전북특별자치도,진안군,202606,8005,중국음식,31070000,1085,17.0,LOCALDATA,식품인허가 영업점,1827647.0588235294,63.8235294117647
전북특별자치도,진안군,202606,8301,제과점,9200000,527,3.0,LOCALDATA,식품인허가 영업점,3066666.6666666665,175.66666666666666
제주특별자치도,서귀포시,202601,4010,편의점,3002290000,309938,400.0,국세청,가동사업자,7505725.0,774.845
제주특별자치도,서귀포시,202601,4020,슈퍼마켓,3635540000,114142,95.0,국세청,가동사업자,38268842.10526316,1201.4947368421053
제주특별자치도,서귀포시,202601,8005,중국음식,605490000,20540,163.0,LOCALDATA,식품인허가 영업점,3714662.5766871166,126.0122699386503
제주특별자치도,서귀포시,202601,8301,제과점,601740000,41919,174.0,LOCALDATA,식품인허가 영업점,3458275.8620689656,240.91379310344828
제주특별자치도,서귀포시,202602,4010,편의점,2935520000,296522,399.0,국세청,가동사업자,7357192.98245614,743.1629072681704
제주특별자치도,서귀포시,202602,4020,슈퍼마켓,3504520000,108727,95.0,국세청,가동사업자,36889684.21052632,1144.4947368421053
제주특별자치도,서귀포시,202602,8005,중국음식,616600000,20377,164.0,LOCALDATA,식품인허가 영업점,3759756.0975609757,124.25
제주특별자치도,서귀포시,202602,8301,제과점,693620000,44685,174.0,LOCALDATA,식품인허가 영업점,3986321.83908046,256.8103448275862
제주특별자치도,서귀포시,202603,4010,편의점,3047380000,326256,393.0,국세청,가동사업자,7754147.582697201,830.1679389312977
제주특별자치도,서귀포시,202603,4020,슈퍼마켓,3381190000,115210,96.0,국세청,가동사업자,35220729.166666664,1200.1041666666667
제주특별자치도,서귀포시,202603,8005,중국음식,608700000,21662,165.0,LOCALDATA,식품인허가 영업점,3689090.909090909,131.28484848484848
제주특별자치도,서귀포시,202603,8301,제과점,665800000,48583,173.0,LOCALDATA,식품인허가 영업점,3848554.9132947978,280.8265895953757
제주특별자치도,서귀포시,202604,4010,편의점,3110140000,337710,401.0,국세청,가동사업자,7755960.099750623,842.1695760598503
제주특별자치도,서귀포시,202604,4020,슈퍼마켓,3455180000,115122,97.0,국세청,가동사업자,35620412.37113402,1186.8247422680413
제주특별자치도,서귀포시,202604,8005,중국음식,620570000,21821,164.0,LOCALDATA,식품인허가 영업점,3783963.4146341463,133.0548780487805
제주특별자치도,서귀포시,202604,8301,제과점,666460000,49499,173.0,LOCALDATA,식품인허가 영업점,3852369.9421965317,286.12138728323697
제주특별자치도,서귀포시,202605,4010,편의점,3701220000,394724,398.0,국세청,가동사업자,9299547.738693466,991.7688442211055
제주특별자치도,서귀포시,202605,4020,슈퍼마켓,4181860000,136884,98.0,국세청,가동사업자,42672040.81632653,1396.7755102040817
제주특별자치도,서귀포시,202605,8005,중국음식,752680000,25799,165.0,LOCALDATA,식품인허가 영업점,4561696.96969697,156.35757575757575
제주특별자치도,서귀포시,202605,8301,제과점,753480000,53907,174.0,LOCALDATA,식품인허가 영업점,4330344.827586207,309.8103448275862
제주특별자치도,서귀포시,202606,4010,편의점,3433420000,370628,390.0,국세청,가동사업자,8803641.025641026,950.3282051282051
제주특별자치도,서귀포시,202606,4020,슈퍼마켓,3793300000,128658,98.0,국세청,가동사업자,38707142.85714286,1312.8367346938776
제주특별자치도,서귀포시,202606,8005,중국음식,640140000,22941,163.0,LOCALDATA,식품인허가 영업점,3927239.263803681,140.74233128834356
제주특별자치도,서귀포시,202606,8301,제과점,660330000,49617,175.0,LOCALDATA,식품인허가 영업점,3773314.285714286,283.5257142857143
제주특별자치도,제주시,202601,4010,편의점,7414280000,862660,903.0,국세청,가동사업자,8210719.822812846,955.326688815061
제주특별자치도,제주시,202601,4020,슈퍼마켓,10800380000,426628,360.0,국세청,가동사업자,30001055.555555556,1185.0777777777778
제주특별자치도,제주시,202601,8005,중국음식,1417600000,47142,259.0,LOCALDATA,식품인허가 영업점,5473359.073359073,182.01544401544402
제주특별자치도,제주시,202601,8301,제과점,2160140000,130327,418.0,LOCALDATA,식품인허가 영업점,5167799.043062201,311.7870813397129
제주특별자치도,제주시,202602,4010,편의점,7588080000,845142,903.0,국세청,가동사업자,8403189.368770763,935.9269102990033
제주특별자치도,제주시,202602,4020,슈퍼마켓,10346760000,395622,367.0,국세청,가동사업자,28192806.53950954,1077.9891008174386
제주특별자치도,제주시,202602,8005,중국음식,1447470000,47800,258.0,LOCALDATA,식품인허가 영업점,5610348.837209302,185.27131782945736
제주특별자치도,제주시,202602,8301,제과점,2554250000,139426,417.0,LOCALDATA,식품인허가 영업점,6125299.760191847,334.3549160671463
제주특별자치도,제주시,202603,4010,편의점,8241300000,980996,894.0,국세청,가동사업자,9218456.375838926,1097.31096196868
제주특별자치도,제주시,202603,4020,슈퍼마켓,10332870000,439295,373.0,국세청,가동사업자,27702064.34316354,1177.734584450402
제주특별자치도,제주시,202603,8005,중국음식,1512210000,53430,258.0,LOCALDATA,식품인허가 영업점,5861279.069767442,207.09302325581396
제주특별자치도,제주시,202603,8301,제과점,2384860000,151657,417.0,LOCALDATA,식품인허가 영업점,5719088.729016786,363.68585131894486
제주특별자치도,제주시,202604,4010,편의점,8256260000,1013218,894.0,국세청,가동사업자,9235190.156599553,1133.3534675615213
제주특별자치도,제주시,202604,4020,슈퍼마켓,10164690000,434419,374.0,국세청,가동사업자,27178315.508021392,1161.548128342246
제주특별자치도,제주시,202604,8005,중국음식,1491560000,53259,262.0,LOCALDATA,식품인허가 영업점,5692977.099236641,203.27862595419847
제주특별자치도,제주시,202604,8301,제과점,2419120000,153027,427.0,LOCALDATA,식품인허가 영업점,5665386.416861827,358.37704918032784
제주특별자치도,제주시,202605,4010,편의점,9602260000,1136687,896.0,국세청,가동사업자,10716808.035714285,1268.6238839285713
제주특별자치도,제주시,202605,4020,슈퍼마켓,11488000000,488907,378.0,국세청,가동사업자,30391534.39153439,1293.404761904762
제주특별자치도,제주시,202605,8005,중국음식,1711440000,59951,262.0,LOCALDATA,식품인허가 영업점,6532213.740458015,228.8206106870229
제주특별자치도,제주시,202605,8301,제과점,2642890000,165597,431.0,LOCALDATA,식품인허가 영업점,6131995.3596287705,384.21577726218095
제주특별자치도,제주시,202606,4010,편의점,9268670000,1113027,898.0,국세청,가동사업자,10321458.797327394,1239.4510022271716
제주특별자치도,제주시,202606,4020,슈퍼마켓,10820360000,472809,381.0,국세청,가동사업자,28399895.01312336,1240.9685039370079
제주특별자치도,제주시,202606,8005,중국음식,1547650000,55203,262.0,LOCALDATA,식품인허가 영업점,5907061.06870229,210.69847328244273
제주특별자치도,제주시,202606,8301,제과점,2359560000,154927,437.0,LOCALDATA,식품인허가 영업점,5399450.800915332,354.52402745995425
충청남도,계룡시,202601,4010,편의점,163320000,17586,31.0,국세청,가동사업자,5268387.096774193,567.2903225806451
충청남도,계룡시,202601,4020,슈퍼마켓,81620000,4886,12.0,국세청,가동사업자,6801666.666666667,407.1666666666667
충청남도,계룡시,202601,8005,중국음식,46610000,1592,14.0,LOCALDATA,식품인허가 영업점,3329285.714285714,113.71428571428571
충청남도,계룡시,202601,8301,제과점,37970000,2746,20.0,LOCALDATA,식품인허가 영업점,1898500.0,137.3
충청남도,계룡시,202602,4010,편의점,157150000,16118,30.0,국세청,가동사업자,5238333.333333333,537.2666666666667
충청남도,계룡시,202602,4020,슈퍼마켓,80290000,4519,13.0,국세청,가동사업자,6176153.846153846,347.61538461538464
충청남도,계룡시,202602,8005,중국음식,41820000,1426,14.0,LOCALDATA,식품인허가 영업점,2987142.8571428573,101.85714285714286
충청남도,계룡시,202602,8301,제과점,37490000,2772,19.0,LOCALDATA,식품인허가 영업점,1973157.894736842,145.89473684210526
충청남도,계룡시,202603,4010,편의점,176890000,18783,31.0,국세청,가동사업자,5706129.0322580645,605.9032258064516
충청남도,계룡시,202603,4020,슈퍼마켓,73310000,4796,11.0,국세청,가동사업자,6664545.454545454,436.0
충청남도,계룡시,202603,8005,중국음식,41900000,1488,14.0,LOCALDATA,식품인허가 영업점,2992857.1428571427,106.28571428571429
충청남도,계룡시,202603,8301,제과점,39590000,3058,20.0,LOCALDATA,식품인허가 영업점,1979500.0,152.9
충청남도,계룡시,202604,4010,편의점,174230000,19577,31.0,국세청,가동사업자,5620322.580645162,631.516129032258
충청남도,계룡시,202604,4020,슈퍼마켓,74570000,4752,11.0,국세청,가동사업자,6779090.909090909,432.0
충청남도,계룡시,202604,8005,중국음식,38820000,1401,14.0,LOCALDATA,식품인허가 영업점,2772857.1428571427,100.07142857142857
충청남도,계룡시,202604,8301,제과점,38060000,3075,20.0,LOCALDATA,식품인허가 영업점,1903000.0,153.75
충청남도,계룡시,202605,4010,편의점,195560000,21215,31.0,국세청,가동사업자,6308387.096774193,684.3548387096774
충청남도,계룡시,202605,4020,슈퍼마켓,85150000,5194,11.0,국세청,가동사업자,7740909.090909091,472.1818181818182
충청남도,계룡시,202605,8005,중국음식,42000000,1466,14.0,LOCALDATA,식품인허가 영업점,3000000.0,104.71428571428571
충청남도,계룡시,202605,8301,제과점,41830000,3129,20.0,LOCALDATA,식품인허가 영업점,2091500.0,156.45
충청남도,계룡시,202606,4010,편의점,194480000,21432,31.0,국세청,가동사업자,6273548.387096774,691.3548387096774
충청남도,계룡시,202606,4020,슈퍼마켓,82450000,5252,11.0,국세청,가동사업자,7495454.545454546,477.45454545454544
충청남도,계룡시,202606,8005,중국음식,37520000,1367,14.0,LOCALDATA,식품인허가 영업점,2680000.0,97.64285714285714
충청남도,계룡시,202606,8301,제과점,34270000,2877,19.0,LOCALDATA,식품인허가 영업점,1803684.2105263157,151.42105263157896
충청남도,공주시,202601,4010,편의점,508440000,56237,118.0,국세청,가동사업자,4308813.559322034,476.58474576271186
충청남도,공주시,202601,4020,슈퍼마켓,785910000,30155,68.0,국세청,가동사업자,11557500.0,443.45588235294116
충청남도,공주시,202601,8005,중국음식,179960000,6209,75.0,LOCALDATA,식품인허가 영업점,2399466.6666666665,82.78666666666666
충청남도,공주시,202601,8301,제과점,116870000,6566,43.0,LOCALDATA,식품인허가 영업점,2717906.976744186,152.69767441860466
충청남도,공주시,202602,4010,편의점,515610000,57014,116.0,국세청,가동사업자,4444913.793103448,491.5
충청남도,공주시,202602,4020,슈퍼마켓,830370000,29999,69.0,국세청,가동사업자,12034347.826086957,434.768115942029
충청남도,공주시,202602,8005,중국음식,174950000,5931,76.0,LOCALDATA,식품인허가 영업점,2301973.6842105263,78.03947368421052
충청남도,공주시,202602,8301,제과점,148590000,7453,43.0,LOCALDATA,식품인허가 영업점,3455581.395348837,173.32558139534885
충청남도,공주시,202603,4010,편의점,589540000,68623,115.0,국세청,가동사업자,5126434.782608695,596.7217391304348
충청남도,공주시,202603,4020,슈퍼마켓,767680000,31624,70.0,국세청,가동사업자,10966857.142857144,451.77142857142854
충청남도,공주시,202603,8005,중국음식,196430000,6846,76.0,LOCALDATA,식품인허가 영업점,2584605.263157895,90.07894736842105
충청남도,공주시,202603,8301,제과점,145190000,8066,43.0,LOCALDATA,식품인허가 영업점,3376511.6279069767,187.58139534883722
충청남도,공주시,202604,4010,편의점,616930000,74619,113.0,국세청,가동사업자,5459557.522123894,660.3451327433628
충청남도,공주시,202604,4020,슈퍼마켓,826300000,34821,71.0,국세청,가동사업자,11638028.169014085,490.4366197183099
충청남도,공주시,202604,8005,중국음식,191610000,6974,76.0,LOCALDATA,식품인허가 영업점,2521184.210526316,91.76315789473684
충청남도,공주시,202604,8301,제과점,152880000,8499,43.0,LOCALDATA,식품인허가 영업점,3555348.8372093025,197.65116279069767
충청남도,공주시,202605,4010,편의점,678920000,79796,115.0,국세청,가동사업자,5903652.173913044,693.8782608695652
충청남도,공주시,202605,4020,슈퍼마켓,935370000,37887,70.0,국세청,가동사업자,13362428.57142857,541.2428571428571
충청남도,공주시,202605,8005,중국음식,225530000,7801,77.0,LOCALDATA,식품인허가 영업점,2928961.038961039,101.31168831168831
충청남도,공주시,202605,8301,제과점,191970000,9746,43.0,LOCALDATA,식품인허가 영업점,4464418.604651162,226.65116279069767
충청남도,공주시,202606,4010,편의점,661190000,78320,114.0,국세청,가동사업자,5799912.280701755,687.0175438596491
충청남도,공주시,202606,4020,슈퍼마켓,895890000,36841,71.0,국세청,가동사업자,12618169.014084507,518.887323943662
충청남도,공주시,202606,8005,중국음식,193180000,6850,78.0,LOCALDATA,식품인허가 영업점,2476666.6666666665,87.82051282051282
충청남도,공주시,202606,8301,제과점,157850000,8732,45.0,LOCALDATA,식품인허가 영업점,3507777.777777778,194.04444444444445
충청남도,금산군,202601,4010,편의점,206040000,21497,42.0,국세청,가동사업자,4905714.285714285,511.8333333333333
충청남도,금산군,202601,4020,슈퍼마켓,671060000,24843,25.0,국세청,가동사업자,26842400.0,993.72
충청남도,금산군,202601,8005,중국음식,86770000,3179,48.0,LOCALDATA,식품인허가 영업점,1807708.3333333333,66.22916666666667
충청남도,금산군,202601,8301,제과점,50330000,3492,18.0,LOCALDATA,식품인허가 영업점,2796111.111111111,194.0
충청남도,금산군,202602,4010,편의점,193290000,20156,42.0,국세청,가동사업자,4602142.857142857,479.9047619047619
충청남도,금산군,202602,4020,슈퍼마켓,760200000,25344,25.0,국세청,가동사업자,30408000.0,1013.76
충청남도,금산군,202602,8005,중국음식,89830000,3193,48.0,LOCALDATA,식품인허가 영업점,1871458.3333333333,66.52083333333333
충청남도,금산군,202602,8301,제과점,59730000,3984,17.0,LOCALDATA,식품인허가 영업점,3513529.411764706,234.35294117647058
충청남도,금산군,202603,4010,편의점,232210000,26254,43.0,국세청,가동사업자,5400232.558139535,610.5581395348837
충청남도,금산군,202603,4020,슈퍼마켓,659810000,26516,25.0,국세청,가동사업자,26392400.0,1060.64
충청남도,금산군,202603,8005,중국음식,94790000,3747,48.0,LOCALDATA,식품인허가 영업점,1974791.6666666667,78.0625
충청남도,금산군,202603,8301,제과점,46340000,3511,16.0,LOCALDATA,식품인허가 영업점,2896250.0,219.4375
충청남도,금산군,202604,4010,편의점,207490000,24673,42.0,국세청,가동사업자,4940238.095238095,587.452380952381
충청남도,금산군,202604,4020,슈퍼마켓,657560000,25675,28.0,국세청,가동사업자,23484285.714285713,916.9642857142857
충청남도,금산군,202604,8005,중국음식,79600000,3229,47.0,LOCALDATA,식품인허가 영업점,1693617.0212765958,68.70212765957447
충청남도,금산군,202604,8301,제과점,47360000,3410,16.0,LOCALDATA,식품인허가 영업점,2960000.0,213.125
충청남도,금산군,202605,4010,편의점,245500000,27591,42.0,국세청,가동사업자,5845238.095238095,656.9285714285714
충청남도,금산군,202605,4020,슈퍼마켓,747800000,29215,28.0,국세청,가동사업자,26707142.85714286,1043.392857142857
충청남도,금산군,202605,8005,중국음식,102700000,3772,47.0,LOCALDATA,식품인허가 영업점,2185106.3829787234,80.25531914893617
충청남도,금산군,202605,8301,제과점,60650000,4502,16.0,LOCALDATA,식품인허가 영업점,3790625.0,281.375
충청남도,금산군,202606,4010,편의점,244760000,27777,42.0,국세청,가동사업자,5827619.047619048,661.3571428571429
충청남도,금산군,202606,4020,슈퍼마켓,710150000,28963,28.0,국세청,가동사업자,25362500.0,1034.392857142857
충청남도,금산군,202606,8005,중국음식,89620000,3403,47.0,LOCALDATA,식품인허가 영업점,1906808.5106382978,72.40425531914893
충청남도,금산군,202606,8301,제과점,51480000,3863,16.0,LOCALDATA,식품인허가 영업점,3217500.0,241.4375
충청남도,논산시,202601,4010,편의점,659170000,69927,120.0,국세청,가동사업자,5493083.333333333,582.725
충청남도,논산시,202601,4020,슈퍼마켓,913500000,42998,86.0,국세청,가동사업자,10622093.023255814,499.9767441860465
충청남도,논산시,202601,8005,중국음식,149440000,5936,86.0,LOCALDATA,식품인허가 영업점,1737674.4186046512,69.02325581395348
충청남도,논산시,202601,8301,제과점,124370000,8063,36.0,LOCALDATA,식품인허가 영업점,3454722.222222222,223.97222222222223
충청남도,논산시,202602,4010,편의점,631030000,66443,120.0,국세청,가동사업자,5258583.333333333,553.6916666666667
충청남도,논산시,202602,4020,슈퍼마켓,977660000,42300,86.0,국세청,가동사업자,11368139.53488372,491.86046511627904
충청남도,논산시,202602,8005,중국음식,145640000,5585,86.0,LOCALDATA,식품인허가 영업점,1693488.3720930233,64.94186046511628
충청남도,논산시,202602,8301,제과점,139620000,8583,36.0,LOCALDATA,식품인허가 영업점,3878333.3333333335,238.41666666666666
충청남도,논산시,202603,4010,편의점,737730000,82099,116.0,국세청,가동사업자,6359741.379310345,707.75
충청남도,논산시,202603,4020,슈퍼마켓,914970000,44596,85.0,국세청,가동사업자,10764352.94117647,524.6588235294117
충청남도,논산시,202603,8005,중국음식,161530000,6622,86.0,LOCALDATA,식품인허가 영업점,1878255.8139534884,77.0
충청남도,논산시,202603,8301,제과점,150240000,10170,39.0,LOCALDATA,식품인허가 영업점,3852307.6923076925,260.7692307692308
충청남도,논산시,202604,4010,편의점,749950000,84691,117.0,국세청,가동사업자,6409829.05982906,723.8547008547008
충청남도,논산시,202604,4020,슈퍼마켓,945600000,46425,85.0,국세청,가동사업자,11124705.88235294,546.1764705882352
충청남도,논산시,202604,8005,중국음식,146700000,6147,86.0,LOCALDATA,식품인허가 영업점,1705813.953488372,71.47674418604652
충청남도,논산시,202604,8301,제과점,149600000,10330,39.0,LOCALDATA,식품인허가 영업점,3835897.435897436,264.87179487179486
충청남도,논산시,202605,4010,편의점,807920000,88256,119.0,국세청,가동사업자,6789243.697478992,741.6470588235294
충청남도,논산시,202605,4020,슈퍼마켓,1089040000,52172,86.0,국세청,가동사업자,12663255.813953489,606.6511627906976
충청남도,논산시,202605,8005,중국음식,168350000,6607,85.0,LOCALDATA,식품인허가 영업점,1980588.2352941176,77.72941176470589
충청남도,논산시,202605,8301,제과점,161740000,10618,38.0,LOCALDATA,식품인허가 영업점,4256315.7894736845,279.42105263157896
충청남도,논산시,202606,4010,편의점,776370000,86476,117.0,국세청,가동사업자,6635641.025641026,739.1111111111111
충청남도,논산시,202606,4020,슈퍼마켓,995770000,49343,84.0,국세청,가동사업자,11854404.761904761,587.4166666666666
충청남도,논산시,202606,8005,중국음식,143870000,5873,85.0,LOCALDATA,식품인허가 영업점,1692588.2352941176,69.09411764705882
충청남도,논산시,202606,8301,제과점,139770000,9623,37.0,LOCALDATA,식품인허가 영업점,3777567.5675675673,260.0810810810811
충청남도,당진시,202601,4010,편의점,1568300000,152517,267.0,국세청,가동사업자,5873782.771535581,571.2247191011236
충청남도,당진시,202601,4020,슈퍼마켓,1234800000,47461,121.0,국세청,가동사업자,10204958.67768595,392.2396694214876
충청남도,당진시,202601,8005,중국음식,282120000,9187,101.0,LOCALDATA,식품인허가 영업점,2793267.326732673,90.96039603960396
충청남도,당진시,202601,8301,제과점,192880000,12888,64.0,LOCALDATA,식품인허가 영업점,3013750.0,201.375
충청남도,당진시,202602,4010,편의점,1462410000,142045,269.0,국세청,가동사업자,5436468.401486989,528.0483271375465
충청남도,당진시,202602,4020,슈퍼마켓,1200720000,44042,121.0,국세청,가동사업자,9923305.785123967,363.9834710743802
충청남도,당진시,202602,8005,중국음식,261130000,8489,102.0,LOCALDATA,식품인허가 영업점,2560098.0392156863,83.22549019607843
충청남도,당진시,202602,8301,제과점,205490000,13484,66.0,LOCALDATA,식품인허가 영업점,3113484.8484848486,204.3030303030303
충청남도,당진시,202603,4010,편의점,1712570000,170023,267.0,국세청,가동사업자,6414119.850187266,636.7902621722847
충청남도,당진시,202603,4020,슈퍼마켓,1202680000,48461,118.0,국세청,가동사업자,10192203.38983051,410.6864406779661
충청남도,당진시,202603,8005,중국음식,295510000,9971,102.0,LOCALDATA,식품인허가 영업점,2897156.862745098,97.75490196078431
충청남도,당진시,202603,8301,제과점,224730000,15197,66.0,LOCALDATA,식품인허가 영업점,3405000.0,230.25757575757575
충청남도,당진시,202604,4010,편의점,1762040000,180609,269.0,국세청,가동사업자,6550334.572490706,671.4089219330855
충청남도,당진시,202604,4020,슈퍼마켓,1238160000,49631,117.0,국세청,가동사업자,10582564.102564102,424.1965811965812
충청남도,당진시,202604,8005,중국음식,295020000,9891,105.0,LOCALDATA,식품인허가 영업점,2809714.285714286,94.2
충청남도,당진시,202604,8301,제과점,219070000,16033,66.0,LOCALDATA,식품인허가 영업점,3319242.4242424243,242.92424242424244
충청남도,당진시,202605,4010,편의점,1930640000,194326,269.0,국세청,가동사업자,7177100.371747212,722.4014869888476
충청남도,당진시,202605,4020,슈퍼마켓,1329760000,54163,117.0,국세청,가동사업자,11365470.085470086,462.9316239316239
충청남도,당진시,202605,8005,중국음식,324640000,10396,104.0,LOCALDATA,식품인허가 영업점,3121538.4615384615,99.96153846153847
충청남도,당진시,202605,8301,제과점,252410000,17302,66.0,LOCALDATA,식품인허가 영업점,3824393.9393939395,262.1515151515151
충청남도,당진시,202606,4010,편의점,1870750000,192037,269.0,국세청,가동사업자,6954460.966542751,713.8921933085502
충청남도,당진시,202606,4020,슈퍼마켓,1255740000,51668,117.0,국세청,가동사업자,10732820.512820512,441.6068376068376
충청남도,당진시,202606,8005,중국음식,282080000,9348,105.0,LOCALDATA,식품인허가 영업점,2686476.1904761903,89.02857142857142
충청남도,당진시,202606,8301,제과점,202900000,14784,67.0,LOCALDATA,식품인허가 영업점,3028358.2089552237,220.65671641791045
충청남도,보령시,202601,4010,편의점,780080000,73999,158.0,국세청,가동사업자,4937215.189873418,468.3481012658228
충청남도,보령시,202601,4020,슈퍼마켓,689670000,25920,71.0,국세청,가동사업자,9713661.971830986,365.07042253521126
충청남도,보령시,202601,8005,중국음식,180340000,6261,69.0,LOCALDATA,식품인허가 영업점,2613623.188405797,90.73913043478261
충청남도,보령시,202601,8301,제과점,110180000,6768,37.0,LOCALDATA,식품인허가 영업점,2977837.8378378376,182.9189189189189
충청남도,보령시,202602,4010,편의점,770510000,75226,156.0,국세청,가동사업자,4939166.666666667,482.21794871794873
충청남도,보령시,202602,4020,슈퍼마켓,687980000,23731,72.0,국세청,가동사업자,9555277.777777778,329.59722222222223
충청남도,보령시,202602,8005,중국음식,178460000,6059,71.0,LOCALDATA,식품인허가 영업점,2513521.1267605633,85.33802816901408
충청남도,보령시,202602,8301,제과점,108730000,6753,37.0,LOCALDATA,식품인허가 영업점,2938648.6486486485,182.51351351351352
충청남도,보령시,202603,4010,편의점,834920000,82370,155.0,국세청,가동사업자,5386580.645161291,531.4193548387096
충청남도,보령시,202603,4020,슈퍼마켓,679460000,25240,72.0,국세청,가동사업자,9436944.444444444,350.55555555555554
충청남도,보령시,202603,8005,중국음식,184330000,6608,71.0,LOCALDATA,식품인허가 영업점,2596197.1830985914,93.07042253521126
충청남도,보령시,202603,8301,제과점,111950000,7050,37.0,LOCALDATA,식품인허가 영업점,3025675.6756756757,190.54054054054055
충청남도,보령시,202604,4010,편의점,893450000,89203,155.0,국세청,가동사업자,5764193.548387097,575.5032258064516
충청남도,보령시,202604,4020,슈퍼마켓,715410000,26248,71.0,국세청,가동사업자,10076197.183098592,369.6901408450704
충청남도,보령시,202604,8005,중국음식,183180000,6466,70.0,LOCALDATA,식품인허가 영업점,2616857.1428571427,92.37142857142857
충청남도,보령시,202604,8301,제과점,109660000,7236,37.0,LOCALDATA,식품인허가 영업점,2963783.7837837837,195.56756756756758
충청남도,보령시,202605,4010,편의점,1069340000,105114,153.0,국세청,가동사업자,6989150.326797386,687.0196078431372
충청남도,보령시,202605,4020,슈퍼마켓,846240000,30340,71.0,국세청,가동사업자,11918873.239436619,427.32394366197184
충청남도,보령시,202605,8005,중국음식,210910000,7042,70.0,LOCALDATA,식품인허가 영업점,3013000.0,100.6
충청남도,보령시,202605,8301,제과점,126420000,7725,37.0,LOCALDATA,식품인허가 영업점,3416756.756756757,208.78378378378378
충청남도,보령시,202606,4010,편의점,965630000,96811,151.0,국세청,가동사업자,6394900.662251656,641.1324503311258
충청남도,보령시,202606,4020,슈퍼마켓,732450000,27929,70.0,국세청,가동사업자,10463571.42857143,398.98571428571427
충청남도,보령시,202606,8005,중국음식,181470000,6263,69.0,LOCALDATA,식품인허가 영업점,2630000.0,90.76811594202898
충청남도,보령시,202606,8301,제과점,101440000,6846,37.0,LOCALDATA,식품인허가 영업점,2741621.621621622,185.02702702702703
충청남도,부여군,202601,4010,편의점,201570000,19528,55.0,국세청,가동사업자,3664909.090909091,355.05454545454546
충청남도,부여군,202601,4020,슈퍼마켓,348420000,12405,27.0,국세청,가동사업자,12904444.444444444,459.44444444444446
충청남도,부여군,202601,8005,중국음식,43000000,1579,43.0,LOCALDATA,식품인허가 영업점,1000000.0,36.72093023255814
충청남도,부여군,202601,8301,제과점,29450000,1757,15.0,LOCALDATA,식품인허가 영업점,1963333.3333333333,117.13333333333334
충청남도,부여군,202602,4010,편의점,211010000,20099,52.0,국세청,가동사업자,4057884.6153846155,386.5192307692308
충청남도,부여군,202602,4020,슈퍼마켓,391860000,13448,28.0,국세청,가동사업자,13995000.0,480.2857142857143
충청남도,부여군,202602,8005,중국음식,41040000,1507,43.0,LOCALDATA,식품인허가 영업점,954418.6046511628,35.04651162790697
충청남도,부여군,202602,8301,제과점,37030000,2095,15.0,LOCALDATA,식품인허가 영업점,2468666.6666666665,139.66666666666666
충청남도,부여군,202603,4010,편의점,215940000,21917,50.0,국세청,가동사업자,4318800.0,438.34
충청남도,부여군,202603,4020,슈퍼마켓,333090000,12609,28.0,국세청,가동사업자,11896071.42857143,450.32142857142856
충청남도,부여군,202603,8005,중국음식,45410000,1720,43.0,LOCALDATA,식품인허가 영업점,1056046.511627907,40.0
충청남도,부여군,202603,8301,제과점,33950000,1977,15.0,LOCALDATA,식품인허가 영업점,2263333.3333333335,131.8
충청남도,부여군,202604,4010,편의점,245740000,25606,50.0,국세청,가동사업자,4914800.0,512.12
충청남도,부여군,202604,4020,슈퍼마켓,346260000,13318,28.0,국세청,가동사업자,12366428.57142857,475.64285714285717
충청남도,부여군,202604,8005,중국음식,42800000,1648,43.0,LOCALDATA,식품인허가 영업점,995348.8372093023,38.325581395348834
충청남도,부여군,202604,8301,제과점,36690000,2212,15.0,LOCALDATA,식품인허가 영업점,2446000.0,147.46666666666667
충청남도,부여군,202605,4010,편의점,278340000,28211,50.0,국세청,가동사업자,5566800.0,564.22
충청남도,부여군,202605,4020,슈퍼마켓,388910000,14864,28.0,국세청,가동사업자,13889642.857142856,530.8571428571429
충청남도,부여군,202605,8005,중국음식,48130000,1772,41.0,LOCALDATA,식품인허가 영업점,1173902.4390243902,43.21951219512195
충청남도,부여군,202605,8301,제과점,42640000,2454,15.0,LOCALDATA,식품인허가 영업점,2842666.6666666665,163.6
충청남도,부여군,202606,4010,편의점,262630000,27225,49.0,국세청,가동사업자,5359795.918367347,555.6122448979592
충청남도,부여군,202606,4020,슈퍼마켓,358090000,14114,28.0,국세청,가동사업자,12788928.57142857,504.07142857142856
충청남도,부여군,202606,8005,중국음식,35230000,1429,40.0,LOCALDATA,식품인허가 영업점,880750.0,35.725
충청남도,부여군,202606,8301,제과점,30000000,1933,15.0,LOCALDATA,식품인허가 영업점,2000000.0,128.86666666666667
충청남도,서산시,202601,4010,편의점,1286760000,126889,237.0,국세청,가동사업자,5429367.088607595,535.3966244725739
충청남도,서산시,202601,4020,슈퍼마켓,983290000,41059,107.0,국세청,가동사업자,9189626.1682243,383.7289719626168
충청남도,서산시,202601,8005,중국음식,265330000,8811,137.0,LOCALDATA,식품인허가 영업점,1936715.3284671532,64.31386861313868
충청남도,서산시,202601,8301,제과점,149690000,10194,65.0,LOCALDATA,식품인허가 영업점,2302923.076923077,156.83076923076922
충청남도,서산시,202602,4010,편의점,1249550000,123656,237.0,국세청,가동사업자,5272362.869198312,521.7552742616034
충청남도,서산시,202602,4020,슈퍼마켓,1010920000,38714,106.0,국세청,가동사업자,9536981.132075472,365.22641509433964
충청남도,서산시,202602,8005,중국음식,237360000,7979,137.0,LOCALDATA,식품인허가 영업점,1732554.7445255474,58.24087591240876
충청남도,서산시,202602,8301,제과점,169600000,10287,64.0,LOCALDATA,식품인허가 영업점,2650000.0,160.734375
충청남도,서산시,202603,4010,편의점,1394480000,142303,238.0,국세청,가동사업자,5859159.663865546,597.9117647058823
충청남도,서산시,202603,4020,슈퍼마켓,971120000,42773,107.0,국세청,가동사업자,9075887.850467289,399.74766355140184
충청남도,서산시,202603,8005,중국음식,270620000,9575,137.0,LOCALDATA,식품인허가 영업점,1975328.4671532847,69.8905109489051
충청남도,서산시,202603,8301,제과점,173930000,12312,65.0,LOCALDATA,식품인허가 영업점,2675846.153846154,189.41538461538462
충청남도,서산시,202604,4010,편의점,1498950000,156409,242.0,국세청,가동사업자,6194008.26446281,646.3181818181819
충청남도,서산시,202604,4020,슈퍼마켓,1009700000,43784,107.0,국세청,가동사업자,9436448.59813084,409.196261682243
충청남도,서산시,202604,8005,중국음식,284380000,9940,137.0,LOCALDATA,식품인허가 영업점,2075766.4233576641,72.55474452554745
충청남도,서산시,202604,8301,제과점,159220000,12276,66.0,LOCALDATA,식품인허가 영업점,2412424.242424242,186.0
충청남도,서산시,202605,4010,편의점,1593310000,165383,240.0,국세청,가동사업자,6638791.666666667,689.0958333333333
충청남도,서산시,202605,4020,슈퍼마켓,1110110000,46455,106.0,국세청,가동사업자,10472735.849056603,438.25471698113205
충청남도,서산시,202605,8005,중국음식,289690000,9597,139.0,LOCALDATA,식품인허가 영업점,2084100.7194244603,69.0431654676259
충청남도,서산시,202605,8301,제과점,181510000,12944,66.0,LOCALDATA,식품인허가 영업점,2750151.515151515,196.12121212121212
충청남도,서산시,202606,4010,편의점,1490010000,155972,241.0,국세청,가동사업자,6182614.1078838175,647.1867219917012
충청남도,서산시,202606,4020,슈퍼마켓,1021040000,44594,107.0,국세청,가동사업자,9542429.906542055,416.76635514018693
충청남도,서산시,202606,8005,중국음식,238430000,8449,139.0,LOCALDATA,식품인허가 영업점,1715323.7410071942,60.78417266187051
충청남도,서산시,202606,8301,제과점,149400000,11465,66.0,LOCALDATA,식품인허가 영업점,2263636.3636363638,173.71212121212122
충청남도,서천군,202601,4010,편의점,220360000,21215,46.0,국세청,가동사업자,4790434.782608695,461.19565217391306
충청남도,서천군,202601,4020,슈퍼마켓,614980000,22015,25.0,국세청,가동사업자,24599200.0,880.6
충청남도,서천군,202601,8005,중국음식,70710000,2450,44.0,LOCALDATA,식품인허가 영업점,1607045.4545454546,55.68181818181818
충청남도,서천군,202601,8301,제과점,45540000,2547,23.0,LOCALDATA,식품인허가 영업점,1980000.0,110.73913043478261
충청남도,서천군,202602,4010,편의점,216440000,20997,45.0,국세청,가동사업자,4809777.777777778,466.6
충청남도,서천군,202602,4020,슈퍼마켓,669740000,21976,25.0,국세청,가동사업자,26789600.0,879.04
충청남도,서천군,202602,8005,중국음식,78430000,2591,45.0,LOCALDATA,식품인허가 영업점,1742888.888888889,57.577777777777776
충청남도,서천군,202602,8301,제과점,61090000,2845,23.0,LOCALDATA,식품인허가 영업점,2656086.9565217393,123.69565217391305
충청남도,서천군,202603,4010,편의점,242220000,23843,46.0,국세청,가동사업자,5265652.173913044,518.3260869565217
충청남도,서천군,202603,4020,슈퍼마켓,585250000,22266,25.0,국세청,가동사업자,23410000.0,890.64
충청남도,서천군,202603,8005,중국음식,83300000,2960,45.0,LOCALDATA,식품인허가 영업점,1851111.111111111,65.77777777777777
충청남도,서천군,202603,8301,제과점,46260000,2780,23.0,LOCALDATA,식품인허가 영업점,2011304.347826087,120.8695652173913
충청남도,서천군,202604,4010,편의점,259760000,25410,46.0,국세청,가동사업자,5646956.521739131,552.3913043478261
충청남도,서천군,202604,4020,슈퍼마켓,563320000,20853,26.0,국세청,가동사업자,21666153.846153848,802.0384615384615
충청남도,서천군,202604,8005,중국음식,81350000,2893,45.0,LOCALDATA,식품인허가 영업점,1807777.7777777778,64.28888888888889
충청남도,서천군,202604,8301,제과점,50170000,2748,23.0,LOCALDATA,식품인허가 영업점,2181304.347826087,119.47826086956522
충청남도,서천군,202605,4010,편의점,312160000,30775,42.0,국세청,가동사업자,7432380.952380952,732.7380952380952
충청남도,서천군,202605,4020,슈퍼마켓,640840000,23213,26.0,국세청,가동사업자,24647692.307692308,892.8076923076923
충청남도,서천군,202605,8005,중국음식,95730000,3177,45.0,LOCALDATA,식품인허가 영업점,2127333.3333333335,70.6
충청남도,서천군,202605,8301,제과점,54210000,2932,23.0,LOCALDATA,식품인허가 영업점,2356956.5217391304,127.47826086956522
충청남도,서천군,202606,4010,편의점,283540000,27380,42.0,국세청,가동사업자,6750952.380952381,651.9047619047619
충청남도,서천군,202606,4020,슈퍼마켓,542960000,20932,29.0,국세청,가동사업자,18722758.620689657,721.7931034482758
충청남도,서천군,202606,8005,중국음식,70500000,2626,45.0,LOCALDATA,식품인허가 영업점,1566666.6666666667,58.355555555555554
충청남도,서천군,202606,8301,제과점,43610000,2602,23.0,LOCALDATA,식품인허가 영업점,1896086.956521739,113.1304347826087
충청남도,아산시,202601,4010,편의점,3656020000,399810,509.0,국세청,가동사업자,7182750.4911591355,785.4813359528487
충청남도,아산시,202601,4020,슈퍼마켓,3941270000,165349,193.0,국세청,가동사업자,20421088.082901556,856.7305699481865
충청남도,아산시,202601,8005,중국음식,651600000,21587,259.0,LOCALDATA,식품인허가 영업점,2515830.115830116,83.34749034749035
충청남도,아산시,202601,8301,제과점,405970000,31284,159.0,LOCALDATA,식품인허가 영업점,2553270.4402515725,196.75471698113208
충청남도,아산시,202602,4010,편의점,3382110000,365227,509.0,국세청,가동사업자,6644616.895874264,717.5383104125737
충청남도,아산시,202602,4020,슈퍼마켓,4560390000,166446,193.0,국세청,가동사업자,23628963.730569948,862.4145077720207
충청남도,아산시,202602,8005,중국음식,606730000,19634,260.0,LOCALDATA,식품인허가 영업점,2333576.923076923,75.51538461538462
충청남도,아산시,202602,8301,제과점,437370000,32282,158.0,LOCALDATA,식품인허가 영업점,2768164.5569620254,204.31645569620252
충청남도,아산시,202603,4010,편의점,4067870000,462114,510.0,국세청,가동사업자,7976215.68627451,906.1058823529412
충청남도,아산시,202603,4020,슈퍼마켓,4473240000,183479,195.0,국세청,가동사업자,22939692.307692308,940.9179487179487
충청남도,아산시,202603,8005,중국음식,688630000,24104,263.0,LOCALDATA,식품인허가 영업점,2618365.0190114067,91.65019011406844
충청남도,아산시,202603,8301,제과점,475910000,37313,161.0,LOCALDATA,식품인허가 영업점,2955962.732919255,231.75776397515529
충청남도,아산시,202604,4010,편의점,4087310000,483512,513.0,국세청,가동사업자,7967465.886939571,942.5185185185185
충청남도,아산시,202604,4020,슈퍼마켓,4296350000,182071,197.0,국세청,가동사업자,21808883.248730965,924.2182741116751
충청남도,아산시,202604,8005,중국음식,673790000,23739,264.0,LOCALDATA,식품인허가 영업점,2552234.8484848486,89.92045454545455
충청남도,아산시,202604,8301,제과점,457600000,38783,162.0,LOCALDATA,식품인허가 영업점,2824691.358024691,239.40123456790124
충청남도,아산시,202605,4010,편의점,4260040000,493100,512.0,국세청,가동사업자,8320390.625,963.0859375
충청남도,아산시,202605,4020,슈퍼마켓,4718530000,194095,192.0,국세청,가동사업자,24575677.083333332,1010.9114583333334
충청남도,아산시,202605,8005,중국음식,731800000,24689,264.0,LOCALDATA,식품인허가 영업점,2771969.696969697,93.51893939393939
충청남도,아산시,202605,8301,제과점,484120000,38193,160.0,LOCALDATA,식품인허가 영업점,3025750.0,238.70625
충청남도,아산시,202606,4010,편의점,4167890000,485596,513.0,국세청,가동사업자,8124541.910331384,946.5808966861598
충청남도,아산시,202606,4020,슈퍼마켓,4310780000,185150,188.0,국세청,가동사업자,22929680.85106383,984.8404255319149
충청남도,아산시,202606,8005,중국음식,618290000,21715,260.0,LOCALDATA,식품인허가 영업점,2378038.4615384615,83.51923076923077
충청남도,아산시,202606,8301,제과점,400690000,34502,157.0,LOCALDATA,식품인허가 영업점,2552165.6050955416,219.7579617834395
충청남도,예산군,202601,4010,편의점,590260000,59288,103.0,국세청,가동사업자,5730679.611650486,575.6116504854369
충청남도,예산군,202601,4020,슈퍼마켓,638590000,23526,49.0,국세청,가동사업자,13032448.979591837,480.1224489795918
충청남도,예산군,202601,8005,중국음식,123470000,4300,55.0,LOCALDATA,식품인허가 영업점,2244909.090909091,78.18181818181819
충청남도,예산군,202601,8301,제과점,93970000,6660,30.0,LOCALDATA,식품인허가 영업점,3132333.3333333335,222.0
충청남도,예산군,202602,4010,편의점,629120000,64302,104.0,국세청,가동사업자,6049230.769230769,618.2884615384615
충청남도,예산군,202602,4020,슈퍼마켓,645380000,23167,48.0,국세청,가동사업자,13445416.666666666,482.6458333333333
충청남도,예산군,202602,8005,중국음식,121840000,4133,55.0,LOCALDATA,식품인허가 영업점,2215272.727272727,75.14545454545454
충청남도,예산군,202602,8301,제과점,91830000,6250,30.0,LOCALDATA,식품인허가 영업점,3061000.0,208.33333333333334
충청남도,예산군,202603,4010,편의점,665740000,68761,102.0,국세청,가동사업자,6526862.7450980395,674.1274509803922
충청남도,예산군,202603,4020,슈퍼마켓,617700000,24734,48.0,국세청,가동사업자,12868750.0,515.2916666666666
충청남도,예산군,202603,8005,중국음식,131920000,4751,54.0,LOCALDATA,식품인허가 영업점,2442962.962962963,87.98148148148148
충청남도,예산군,202603,8301,제과점,82910000,6252,30.0,LOCALDATA,식품인허가 영업점,2763666.6666666665,208.4
충청남도,예산군,202604,4010,편의점,708800000,75182,102.0,국세청,가동사업자,6949019.607843137,737.0784313725491
충청남도,예산군,202604,4020,슈퍼마켓,632270000,25592,48.0,국세청,가동사업자,13172291.666666666,533.1666666666666
충청남도,예산군,202604,8005,중국음식,124740000,4625,54.0,LOCALDATA,식품인허가 영업점,2310000.0,85.64814814814815
충청남도,예산군,202604,8301,제과점,83760000,6428,30.0,LOCALDATA,식품인허가 영업점,2792000.0,214.26666666666668
충청남도,예산군,202605,4010,편의점,778610000,81165,103.0,국세청,가동사업자,7559320.388349514,788.0097087378641
충청남도,예산군,202605,4020,슈퍼마켓,716930000,28395,48.0,국세청,가동사업자,14936041.666666666,591.5625
충청남도,예산군,202605,8005,중국음식,137550000,4826,55.0,LOCALDATA,식품인허가 영업점,2500909.090909091,87.74545454545455
충청남도,예산군,202605,8301,제과점,89000000,6702,30.0,LOCALDATA,식품인허가 영업점,2966666.6666666665,223.4
충청남도,예산군,202606,4010,편의점,723860000,76188,101.0,국세청,가동사업자,7166930.693069307,754.3366336633663
충청남도,예산군,202606,4020,슈퍼마켓,647900000,26955,50.0,국세청,가동사업자,12958000.0,539.1
충청남도,예산군,202606,8005,중국음식,123680000,4476,55.0,LOCALDATA,식품인허가 영업점,2248727.272727273,81.38181818181818
충청남도,예산군,202606,8301,제과점,74030000,5696,29.0,LOCALDATA,식품인허가 영업점,2552758.620689655,196.41379310344828
충청남도,천안시 동남구,202601,4010,편의점,1975000000,226510,369.0,국세청,가동사업자,5352303.52303523,613.8482384823848
충청남도,천안시 동남구,202601,4020,슈퍼마켓,2482310000,98408,162.0,국세청,가동사업자,15322901.234567901,607.4567901234568
충청남도,천안시 동남구,202601,8005,중국음식,350090000,11915,141.0,LOCALDATA,식품인허가 영업점,2482907.8014184395,84.50354609929079
충청남도,천안시 동남구,202601,8301,제과점,719600000,43157,162.0,LOCALDATA,식품인허가 영업점,4441975.308641976,266.4012345679012
충청남도,천안시 동남구,202602,4010,편의점,1850700000,209883,367.0,국세청,가동사업자,5042779.291553133,571.8882833787466
충청남도,천안시 동남구,202602,4020,슈퍼마켓,2441050000,92584,167.0,국세청,가동사업자,14617065.868263474,554.3952095808384
충청남도,천안시 동남구,202602,8005,중국음식,347300000,11048,141.0,LOCALDATA,식품인허가 영업점,2463120.5673758867,78.35460992907801
충청남도,천안시 동남구,202602,8301,제과점,764230000,43320,163.0,LOCALDATA,식품인허가 영업점,4688527.607361963,265.76687116564415
충청남도,천안시 동남구,202603,4010,편의점,2291510000,287037,372.0,국세청,가동사업자,6159973.11827957,771.6048387096774
충청남도,천안시 동남구,202603,4020,슈퍼마켓,2349470000,102483,167.0,국세청,가동사업자,14068682.634730538,613.6706586826348
충청남도,천안시 동남구,202603,8005,중국음식,386760000,14390,141.0,LOCALDATA,식품인허가 영업점,2742978.723404255,102.05673758865248
충청남도,천안시 동남구,202603,8301,제과점,730270000,46000,163.0,LOCALDATA,식품인허가 영업점,4480184.049079754,282.2085889570552
충청남도,천안시 동남구,202604,4010,편의점,2302780000,303685,371.0,국세청,가동사업자,6206954.177897574,818.5579514824798
충청남도,천안시 동남구,202604,4020,슈퍼마켓,2325910000,101963,163.0,국세청,가동사업자,14269386.503067484,625.5398773006135
충청남도,천안시 동남구,202604,8005,중국음식,359960000,13736,141.0,LOCALDATA,식품인허가 영업점,2552907.8014184395,97.41843971631205
충청남도,천안시 동남구,202604,8301,제과점,760640000,47950,158.0,LOCALDATA,식품인허가 영업점,4814177.215189873,303.4810126582278
충청남도,천안시 동남구,202605,4010,편의점,2436160000,304742,370.0,국세청,가동사업자,6584216.216216216,823.627027027027
충청남도,천안시 동남구,202605,4020,슈퍼마켓,2438680000,106312,163.0,국세청,가동사업자,14961226.99386503,652.2208588957055
충청남도,천안시 동남구,202605,8005,중국음식,396540000,14014,141.0,LOCALDATA,식품인허가 영업점,2812340.425531915,99.39007092198581
충청남도,천안시 동남구,202605,8301,제과점,857510000,51839,160.0,LOCALDATA,식품인허가 영업점,5359437.5,323.99375
충청남도,천안시 동남구,202606,4010,편의점,2366870000,293702,368.0,국세청,가동사업자,6431711.956521739,798.1032608695652
충청남도,천안시 동남구,202606,4020,슈퍼마켓,2233900000,100520,162.0,국세청,가동사업자,13789506.172839506,620.4938271604939
충청남도,천안시 동남구,202606,8005,중국음식,349110000,12470,141.0,LOCALDATA,식품인허가 영업점,2475957.4468085105,88.43971631205673
충청남도,천안시 동남구,202606,8301,제과점,722290000,45320,156.0,LOCALDATA,식품인허가 영업점,4630064.102564103,290.5128205128205
충청남도,천안시 서북구,202601,4010,편의점,3415160000,390907,570.0,국세청,가동사업자,5991508.771929825,685.801754385965
충청남도,천안시 서북구,202601,4020,슈퍼마켓,3565720000,149801,168.0,국세청,가동사업자,21224523.80952381,891.672619047619
충청남도,천안시 서북구,202601,8005,중국음식,543580000,16960,217.0,LOCALDATA,식품인허가 영업점,2504976.9585253457,78.15668202764977
충청남도,천안시 서북구,202601,8301,제과점,604460000,38816,171.0,LOCALDATA,식품인허가 영업점,3534853.8011695906,226.99415204678363
충청남도,천안시 서북구,202602,4010,편의점,3139750000,356401,575.0,국세청,가동사업자,5460434.782608695,619.8278260869565
충청남도,천안시 서북구,202602,4020,슈퍼마켓,3363210000,139363,170.0,국세청,가동사업자,19783588.23529412,819.7823529411764
충청남도,천안시 서북구,202602,8005,중국음식,497540000,15155,216.0,LOCALDATA,식품인허가 영업점,2303425.925925926,70.16203703703704
충청남도,천안시 서북구,202602,8301,제과점,583180000,36409,168.0,LOCALDATA,식품인허가 영업점,3471309.523809524,216.7202380952381
충청남도,천안시 서북구,202603,4010,편의점,3714240000,433483,576.0,국세청,가동사업자,6448333.333333333,752.5746527777778
충청남도,천안시 서북구,202603,4020,슈퍼마켓,3277160000,150732,169.0,국세청,가동사업자,19391479.289940827,891.905325443787
충청남도,천안시 서북구,202603,8005,중국음식,536770000,17917,218.0,LOCALDATA,식품인허가 영업점,2462247.7064220184,82.18807339449542
충청남도,천안시 서북구,202603,8301,제과점,622680000,42144,167.0,LOCALDATA,식품인허가 영업점,3728622.754491018,252.35928143712576
충청남도,천안시 서북구,202604,4010,편의점,3640020000,445019,581.0,국세청,가동사업자,6265094.664371773,765.9535283993115
충청남도,천안시 서북구,202604,4020,슈퍼마켓,3133820000,146211,167.0,국세청,가동사업자,18765389.221556887,875.5149700598803
충청남도,천안시 서북구,202604,8005,중국음식,487490000,16532,219.0,LOCALDATA,식품인허가 영업점,2225981.735159817,75.48858447488584
충청남도,천안시 서북구,202604,8301,제과점,618830000,44209,170.0,LOCALDATA,식품인허가 영업점,3640176.470588235,260.0529411764706
충청남도,천안시 서북구,202605,4010,편의점,3892700000,462216,573.0,국세청,가동사업자,6793542.757417103,806.6596858638743
충청남도,천안시 서북구,202605,4020,슈퍼마켓,3401010000,155842,167.0,국세청,가동사업자,20365329.341317367,933.185628742515
충청남도,천안시 서북구,202605,8005,중국음식,547430000,17500,221.0,LOCALDATA,식품인허가 영업점,2477058.8235294116,79.18552036199095
충청남도,천안시 서북구,202605,8301,제과점,670850000,45343,168.0,LOCALDATA,식품인허가 영업점,3993154.761904762,269.8988095238095
충청남도,천안시 서북구,202606,4010,편의점,3811520000,458590,572.0,국세청,가동사업자,6663496.503496503,801.7307692307693
충청남도,천안시 서북구,202606,4020,슈퍼마켓,3085290000,145154,168.0,국세청,가동사업자,18364821.42857143,864.0119047619048
충청남도,천안시 서북구,202606,8005,중국음식,470100000,15740,220.0,LOCALDATA,식품인허가 영업점,2136818.1818181816,71.54545454545455
충청남도,천안시 서북구,202606,8301,제과점,581840000,41093,165.0,LOCALDATA,식품인허가 영업점,3526303.0303030303,249.04848484848486
충청남도,청양군,202601,4010,편의점,110060000,10964,26.0,국세청,가동사업자,4233076.923076923,421.6923076923077
충청남도,청양군,202601,4020,슈퍼마켓,94560000,4567,10.0,국세청,가동사업자,9456000.0,456.7
충청남도,청양군,202601,8005,중국음식,56180000,1868,27.0,LOCALDATA,식품인허가 영업점,2080740.7407407407,69.18518518518519
충청남도,청양군,202601,8301,제과점,23290000,1380,7.0,LOCALDATA,식품인허가 영업점,3327142.8571428573,197.14285714285714
충청남도,청양군,202602,4010,편의점,110450000,10699,26.0,국세청,가동사업자,4248076.923076923,411.5
충청남도,청양군,202602,4020,슈퍼마켓,105280000,4735,10.0,국세청,가동사업자,10528000.0,473.5
충청남도,청양군,202602,8005,중국음식,55850000,1826,27.0,LOCALDATA,식품인허가 영업점,2068518.5185185184,67.62962962962963
충청남도,청양군,202602,8301,제과점,36460000,1775,7.0,LOCALDATA,식품인허가 영업점,5208571.428571428,253.57142857142858
충청남도,청양군,202603,4010,편의점,140610000,14379,26.0,국세청,가동사업자,5408076.923076923,553.0384615384615
충청남도,청양군,202603,4020,슈퍼마켓,175290000,7818,10.0,국세청,가동사업자,17529000.0,781.8
충청남도,청양군,202603,8005,중국음식,73530000,2672,27.0,LOCALDATA,식품인허가 영업점,2723333.3333333335,98.96296296296296
충청남도,청양군,202603,8301,제과점,33840000,2204,7.0,LOCALDATA,식품인허가 영업점,4834285.714285715,314.85714285714283
충청남도,청양군,202604,4010,편의점,150570000,15682,27.0,국세청,가동사업자,5576666.666666667,580.8148148148148
충청남도,청양군,202604,4020,슈퍼마켓,222970000,9364,10.0,국세청,가동사업자,22297000.0,936.4
충청남도,청양군,202604,8005,중국음식,77350000,2814,27.0,LOCALDATA,식품인허가 영업점,2864814.814814815,104.22222222222223
충청남도,청양군,202604,8301,제과점,45960000,2549,7.0,LOCALDATA,식품인허가 영업점,6565714.285714285,364.14285714285717
충청남도,청양군,202605,4010,편의점,156600000,15836,28.0,국세청,가동사업자,5592857.142857143,565.5714285714286
충청남도,청양군,202605,4020,슈퍼마켓,231600000,9858,10.0,국세청,가동사업자,23160000.0,985.8
충청남도,청양군,202605,8005,중국음식,88420000,2931,27.0,LOCALDATA,식품인허가 영업점,3274814.814814815,108.55555555555556
충청남도,청양군,202605,8301,제과점,49580000,2538,7.0,LOCALDATA,식품인허가 영업점,7082857.142857143,362.57142857142856
충청남도,청양군,202606,4010,편의점,159110000,16239,28.0,국세청,가동사업자,5682500.0,579.9642857142857
충청남도,청양군,202606,4020,슈퍼마켓,196820000,9070,10.0,국세청,가동사업자,19682000.0,907.0
충청남도,청양군,202606,8005,중국음식,69810000,2529,27.0,LOCALDATA,식품인허가 영업점,2585555.5555555555,93.66666666666667
충청남도,청양군,202606,8301,제과점,33010000,2015,7.0,LOCALDATA,식품인허가 영업점,4715714.285714285,287.85714285714283
충청남도,태안군,202601,4010,편의점,461100000,41263,125.0,국세청,가동사업자,3688800.0,330.104
충청남도,태안군,202601,4020,슈퍼마켓,591200000,22003,46.0,국세청,가동사업자,12852173.913043479,478.32608695652175
충청남도,태안군,202601,8005,중국음식,119310000,3489,54.0,LOCALDATA,식품인허가 영업점,2209444.4444444445,64.61111111111111
충청남도,태안군,202601,8301,제과점,59260000,3427,18.0,LOCALDATA,식품인허가 영업점,3292222.222222222,190.38888888888889
충청남도,태안군,202602,4010,편의점,485860000,43514,122.0,국세청,가동사업자,3982459.0163934426,356.672131147541
충청남도,태안군,202602,4020,슈퍼마켓,701090000,23850,46.0,국세청,가동사업자,15241086.956521738,518.4782608695652
충청남도,태안군,202602,8005,중국음식,137440000,3850,54.0,LOCALDATA,식품인허가 영업점,2545185.185185185,71.29629629629629
충청남도,태안군,202602,8301,제과점,73410000,3881,18.0,LOCALDATA,식품인허가 영업점,4078333.3333333335,215.61111111111111
충청남도,태안군,202603,4010,편의점,565770000,53512,123.0,국세청,가동사업자,4599756.097560976,435.0569105691057
충청남도,태안군,202603,4020,슈퍼마켓,654610000,25108,46.0,국세청,가동사업자,14230652.173913043,545.8260869565217
충청남도,태안군,202603,8005,중국음식,135000000,4082,55.0,LOCALDATA,식품인허가 영업점,2454545.4545454546,74.21818181818182
충청남도,태안군,202603,8301,제과점,66070000,3921,19.0,LOCALDATA,식품인허가 영업점,3477368.4210526315,206.3684210526316
충청남도,태안군,202604,4010,편의점,676600000,65780,123.0,국세청,가동사업자,5500813.008130081,534.7967479674796
충청남도,태안군,202604,4020,슈퍼마켓,728620000,27963,44.0,국세청,가동사업자,16559545.454545455,635.5227272727273
충청남도,태안군,202604,8005,중국음식,144050000,4382,55.0,LOCALDATA,식품인허가 영업점,2619090.909090909,79.67272727272727
충청남도,태안군,202604,8301,제과점,77270000,4451,19.0,LOCALDATA,식품인허가 영업점,4066842.1052631577,234.26315789473685
충청남도,태안군,202605,4010,편의점,841800000,79921,122.0,국세청,가동사업자,6900000.0,655.0901639344262
충청남도,태안군,202605,4020,슈퍼마켓,893540000,34527,44.0,국세청,가동사업자,20307727.272727273,784.7045454545455
충청남도,태안군,202605,8005,중국음식,188550000,5170,55.0,LOCALDATA,식품인허가 영업점,3428181.8181818184,94.0
충청남도,태안군,202605,8301,제과점,97600000,5196,20.0,LOCALDATA,식품인허가 영업점,4880000.0,259.8
충청남도,태안군,202606,4010,편의점,758080000,72605,122.0,국세청,가동사업자,6213770.491803279,595.1229508196722
충청남도,태안군,202606,4020,슈퍼마켓,800480000,31403,45.0,국세청,가동사업자,17788444.444444444,697.8444444444444
충청남도,태안군,202606,8005,중국음식,163160000,4407,55.0,LOCALDATA,식품인허가 영업점,2966545.4545454546,80.12727272727273
충청남도,태안군,202606,8301,제과점,75100000,4493,20.0,LOCALDATA,식품인허가 영업점,3755000.0,224.65
충청남도,홍성군,202601,4010,편의점,556820000,56659,106.0,국세청,가동사업자,5253018.867924528,534.5188679245283
충청남도,홍성군,202601,4020,슈퍼마켓,519240000,21458,50.0,국세청,가동사업자,10384800.0,429.16
충청남도,홍성군,202601,8005,중국음식,129070000,4661,65.0,LOCALDATA,식품인허가 영업점,1985692.3076923077,71.70769230769231
충청남도,홍성군,202601,8301,제과점,102750000,6727,36.0,LOCALDATA,식품인허가 영업점,2854166.6666666665,186.86111111111111
충청남도,홍성군,202602,4010,편의점,541260000,53627,107.0,국세청,가동사업자,5058504.672897196,501.1869158878505
충청남도,홍성군,202602,4020,슈퍼마켓,519190000,20596,50.0,국세청,가동사업자,10383800.0,411.92
충청남도,홍성군,202602,8005,중국음식,123110000,4394,66.0,LOCALDATA,식품인허가 영업점,1865303.0303030303,66.57575757575758
충청남도,홍성군,202602,8301,제과점,105660000,6559,36.0,LOCALDATA,식품인허가 영업점,2935000.0,182.19444444444446
충청남도,홍성군,202603,4010,편의점,640140000,66680,106.0,국세청,가동사업자,6039056.603773585,629.0566037735849
충청남도,홍성군,202603,4020,슈퍼마켓,549620000,22560,50.0,국세청,가동사업자,10992400.0,451.2
충청남도,홍성군,202603,8005,중국음식,143440000,5433,67.0,LOCALDATA,식품인허가 영업점,2140895.5223880596,81.08955223880596
충청남도,홍성군,202603,8301,제과점,122120000,8098,38.0,LOCALDATA,식품인허가 영업점,3213684.210526316,213.10526315789474
충청남도,홍성군,202604,4010,편의점,623710000,68505,107.0,국세청,가동사업자,5829065.420560747,640.2336448598131
충청남도,홍성군,202604,4020,슈퍼마켓,512490000,22736,50.0,국세청,가동사업자,10249800.0,454.72
충청남도,홍성군,202604,8005,중국음식,127410000,5005,67.0,LOCALDATA,식품인허가 영업점,1901641.791044776,74.70149253731343
충청남도,홍성군,202604,8301,제과점,112830000,8137,38.0,LOCALDATA,식품인허가 영업점,2969210.5263157897,214.1315789473684
충청남도,홍성군,202605,4010,편의점,675680000,71233,108.0,국세청,가동사업자,6256296.296296297,659.5648148148148
충청남도,홍성군,202605,4020,슈퍼마켓,564860000,24306,49.0,국세청,가동사업자,11527755.102040816,496.0408163265306
충청남도,홍성군,202605,8005,중국음식,142170000,5132,68.0,LOCALDATA,식품인허가 영업점,2090735.294117647,75.47058823529412
충청남도,홍성군,202605,8301,제과점,123460000,8232,39.0,LOCALDATA,식품인허가 영업점,3165641.0256410255,211.07692307692307
충청남도,홍성군,202606,4010,편의점,660100000,70651,108.0,국세청,가동사업자,6112037.037037037,654.175925925926
충청남도,홍성군,202606,4020,슈퍼마켓,512850000,23563,49.0,국세청,가동사업자,10466326.530612245,480.8775510204082
충청남도,홍성군,202606,8005,중국음식,122780000,4558,68.0,LOCALDATA,식품인허가 영업점,1805588.2352941176,67.02941176470588
충청남도,홍성군,202606,8301,제과점,105450000,7660,39.0,LOCALDATA,식품인허가 영업점,2703846.153846154,196.4102564102564
충청북도,괴산군,202601,4010,편의점,124390000,11683,30.0,국세청,가동사업자,4146333.3333333335,389.43333333333334
충청북도,괴산군,202601,4020,슈퍼마켓,315190000,10648,28.0,국세청,가동사업자,11256785.714285715,380.2857142857143
충청북도,괴산군,202601,8005,중국음식,49130000,1701,29.0,LOCALDATA,식품인허가 영업점,1694137.9310344828,58.6551724137931
충청북도,괴산군,202601,8301,제과점,17690000,928,10.0,LOCALDATA,식품인허가 영업점,1769000.0,92.8
충청북도,괴산군,202602,4010,편의점,174390000,14405,30.0,국세청,가동사업자,5813000.0,480.1666666666667
충청북도,괴산군,202602,4020,슈퍼마켓,711510000,18825,28.0,국세청,가동사업자,25411071.42857143,672.3214285714286
충청북도,괴산군,202602,8005,중국음식,73360000,2459,29.0,LOCALDATA,식품인허가 영업점,2529655.172413793,84.79310344827586
충청북도,괴산군,202602,8301,제과점,41400000,1876,11.0,LOCALDATA,식품인허가 영업점,3763636.3636363638,170.54545454545453
충청북도,괴산군,202603,4010,편의점,176480000,18756,30.0,국세청,가동사업자,5882666.666666667,625.2
충청북도,괴산군,202603,4020,슈퍼마켓,411810000,14958,28.0,국세청,가동사업자,14707500.0,534.2142857142857
충청북도,괴산군,202603,8005,중국음식,70520000,2631,30.0,LOCALDATA,식품인허가 영업점,2350666.6666666665,87.7
충청북도,괴산군,202603,8301,제과점,27920000,1649,11.0,LOCALDATA,식품인허가 영업점,2538181.8181818184,149.9090909090909
충청북도,괴산군,202604,4010,편의점,158460000,18540,30.0,국세청,가동사업자,5282000.0,618.0
충청북도,괴산군,202604,4020,슈퍼마켓,345120000,13673,28.0,국세청,가동사업자,12325714.285714285,488.32142857142856
충청북도,괴산군,202604,8005,중국음식,62200000,2283,29.0,LOCALDATA,식품인허가 영업점,2144827.5862068967,78.72413793103448
충청북도,괴산군,202604,8301,제과점,26800000,1616,11.0,LOCALDATA,식품인허가 영업점,2436363.6363636362,146.9090909090909
충청북도,괴산군,202605,4010,편의점,190550000,20350,30.0,국세청,가동사업자,6351666.666666667,678.3333333333334
충청북도,괴산군,202605,4020,슈퍼마켓,446100000,16846,27.0,국세청,가동사업자,16522222.222222222,623.925925925926
충청북도,괴산군,202605,8005,중국음식,67860000,2473,29.0,LOCALDATA,식품인허가 영업점,2340000.0,85.27586206896552
충청북도,괴산군,202605,8301,제과점,34390000,1854,11.0,LOCALDATA,식품인허가 영업점,3126363.6363636362,168.54545454545453
충청북도,괴산군,202606,4010,편의점,169210000,18672,31.0,국세청,가동사업자,5458387.096774193,602.3225806451613
충청북도,괴산군,202606,4020,슈퍼마켓,312090000,13073,27.0,국세청,가동사업자,11558888.888888888,484.18518518518516
충청북도,괴산군,202606,8005,중국음식,55550000,2005,29.0,LOCALDATA,식품인허가 영업점,1915517.2413793104,69.13793103448276
충청북도,괴산군,202606,8301,제과점,24220000,1466,11.0,LOCALDATA,식품인허가 영업점,2201818.1818181816,133.27272727272728
충청북도,단양군,202601,4010,편의점,197590000,19347,27.0,국세청,가동사업자,7318148.148148148,716.5555555555555
충청북도,단양군,202601,4020,슈퍼마켓,116250000,6220,11.0,국세청,가동사업자,10568181.818181818,565.4545454545455
충청북도,단양군,202601,8005,중국음식,28820000,1064,24.0,LOCALDATA,식품인허가 영업점,1200833.3333333333,44.333333333333336
충청북도,단양군,202601,8301,제과점,27940000,1738,10.0,LOCALDATA,식품인허가 영업점,2794000.0,173.8
충청북도,단양군,202602,4010,편의점,216030000,21125,26.0,국세청,가동사업자,8308846.153846154,812.5
충청북도,단양군,202602,4020,슈퍼마켓,124670000,6298,11.0,국세청,가동사업자,11333636.363636363,572.5454545454545
충청북도,단양군,202602,8005,중국음식,30450000,1064,24.0,LOCALDATA,식품인허가 영업점,1268750.0,44.333333333333336
충청북도,단양군,202602,8301,제과점,34670000,1976,10.0,LOCALDATA,식품인허가 영업점,3467000.0,197.6
충청북도,단양군,202603,4010,편의점,213490000,21100,26.0,국세청,가동사업자,8211153.846153846,811.5384615384615
충청북도,단양군,202603,4020,슈퍼마켓,136300000,7089,11.0,국세청,가동사업자,12390909.090909092,644.4545454545455
충청북도,단양군,202603,8005,중국음식,34400000,1242,24.0,LOCALDATA,식품인허가 영업점,1433333.3333333333,51.75
충청북도,단양군,202603,8301,제과점,33310000,1907,10.0,LOCALDATA,식품인허가 영업점,3331000.0,190.7
충청북도,단양군,202604,4010,편의점,236100000,23556,26.0,국세청,가동사업자,9080769.23076923,906.0
충청북도,단양군,202604,4020,슈퍼마켓,145230000,8086,11.0,국세청,가동사업자,13202727.272727273,735.0909090909091
충청북도,단양군,202604,8005,중국음식,30850000,1179,24.0,LOCALDATA,식품인허가 영업점,1285416.6666666667,49.125
충청북도,단양군,202604,8301,제과점,36550000,2150,10.0,LOCALDATA,식품인허가 영업점,3655000.0,215.0
충청북도,단양군,202605,4010,편의점,283720000,28885,27.0,국세청,가동사업자,10508148.148148147,1069.8148148148148
충청북도,단양군,202605,4020,슈퍼마켓,174390000,9201,12.0,국세청,가동사업자,14532500.0,766.75
충청북도,단양군,202605,8005,중국음식,39480000,1376,24.0,LOCALDATA,식품인허가 영업점,1645000.0,57.333333333333336
충청북도,단양군,202605,8301,제과점,42980000,2505,10.0,LOCALDATA,식품인허가 영업점,4298000.0,250.5
충청북도,단양군,202606,4010,편의점,247350000,24949,27.0,국세청,가동사업자,9161111.111111112,924.0370370370371
충청북도,단양군,202606,4020,슈퍼마켓,149790000,8139,12.0,국세청,가동사업자,12482500.0,678.25
충청북도,단양군,202606,8005,중국음식,30010000,1117,24.0,LOCALDATA,식품인허가 영업점,1250416.6666666667,46.541666666666664
충청북도,단양군,202606,8301,제과점,34490000,1992,10.0,LOCALDATA,식품인허가 영업점,3449000.0,199.2
충청북도,보은군,202601,4010,편의점,131270000,12751,24.0,국세청,가동사업자,5469583.333333333,531.2916666666666
충청북도,보은군,202601,4020,슈퍼마켓,235370000,10260,29.0,국세청,가동사업자,8116206.8965517245,353.7931034482759
충청북도,보은군,202601,8005,중국음식,50960000,1684,24.0,LOCALDATA,식품인허가 영업점,2123333.3333333335,70.16666666666667
충청북도,보은군,202601,8301,제과점,20780000,1214,6.0,LOCALDATA,식품인허가 영업점,3463333.3333333335,202.33333333333334
충청북도,보은군,202602,4010,편의점,111430000,11090,25.0,국세청,가동사업자,4457200.0,443.6
충청북도,보은군,202602,4020,슈퍼마켓,177880000,7953,29.0,국세청,가동사업자,6133793.1034482755,274.2413793103448
충청북도,보은군,202602,8005,중국음식,44770000,1398,25.0,LOCALDATA,식품인허가 영업점,1790800.0,55.92
충청북도,보은군,202602,8301,제과점,22400000,1154,6.0,LOCALDATA,식품인허가 영업점,3733333.3333333335,192.33333333333334
충청북도,보은군,202603,4010,편의점,142240000,14473,24.0,국세청,가동사업자,5926666.666666667,603.0416666666666
충청북도,보은군,202603,4020,슈퍼마켓,213110000,10090,31.0,국세청,가동사업자,6874516.129032258,325.48387096774195
충청북도,보은군,202603,8005,중국음식,54460000,1811,25.0,LOCALDATA,식품인허가 영업점,2178400.0,72.44
충청북도,보은군,202603,8301,제과점,28100000,1530,6.0,LOCALDATA,식품인허가 영업점,4683333.333333333,255.0
충청북도,보은군,202604,4010,편의점,151690000,16050,24.0,국세청,가동사업자,6320416.666666667,668.75
충청북도,보은군,202604,4020,슈퍼마켓,226190000,10528,31.0,국세청,가동사업자,7296451.612903226,339.61290322580646
충청북도,보은군,202604,8005,중국음식,55060000,1896,25.0,LOCALDATA,식품인허가 영업점,2202400.0,75.84
충청북도,보은군,202604,8301,제과점,28270000,1612,6.0,LOCALDATA,식품인허가 영업점,4711666.666666667,268.6666666666667
충청북도,보은군,202605,4010,편의점,145900000,15246,23.0,국세청,가동사업자,6343478.260869565,662.8695652173913
충청북도,보은군,202605,4020,슈퍼마켓,215610000,10075,31.0,국세청,가동사업자,6955161.29032258,325.0
충청북도,보은군,202605,8005,중국음식,54680000,1741,25.0,LOCALDATA,식품인허가 영업점,2187200.0,69.64
충청북도,보은군,202605,8301,제과점,26040000,1335,6.0,LOCALDATA,식품인허가 영업점,4340000.0,222.5
충청북도,보은군,202606,4010,편의점,157250000,16194,23.0,국세청,가동사업자,6836956.521739131,704.0869565217391
충청북도,보은군,202606,4020,슈퍼마켓,232770000,10734,30.0,국세청,가동사업자,7759000.0,357.8
충청북도,보은군,202606,8005,중국음식,51540000,1696,25.0,LOCALDATA,식품인허가 영업점,2061600.0,67.84
충청북도,보은군,202606,8301,제과점,26050000,1468,6.0,LOCALDATA,식품인허가 영업점,4341666.666666667,244.66666666666666
충청북도,영동군,202601,4010,편의점,164970000,15727,36.0,국세청,가동사업자,4582500.0,436.8611111111111
충청북도,영동군,202601,4020,슈퍼마켓,453260000,13489,20.0,국세청,가동사업자,22663000.0,674.45
충청북도,영동군,202601,8005,중국음식,39250000,1399,26.0,LOCALDATA,식품인허가 영업점,1509615.3846153845,53.80769230769231
충청북도,영동군,202601,8301,제과점,18040000,1094,5.0,LOCALDATA,식품인허가 영업점,3608000.0,218.8
충청북도,영동군,202602,4010,편의점,131130000,12554,36.0,국세청,가동사업자,3642500.0,348.72222222222223
충청북도,영동군,202602,4020,슈퍼마켓,452630000,11928,20.0,국세청,가동사업자,22631500.0,596.4
충청북도,영동군,202602,8005,중국음식,28000000,991,26.0,LOCALDATA,식품인허가 영업점,1076923.076923077,38.11538461538461
충청북도,영동군,202602,8301,제과점,17470000,973,5.0,LOCALDATA,식품인허가 영업점,3494000.0,194.6
충청북도,영동군,202603,4010,편의점,174100000,17087,35.0,국세청,가동사업자,4974285.714285715,488.2
충청북도,영동군,202603,4020,슈퍼마켓,441920000,13888,21.0,국세청,가동사업자,21043809.523809522,661.3333333333334
충청북도,영동군,202603,8005,중국음식,35120000,1361,26.0,LOCALDATA,식품인허가 영업점,1350769.2307692308,52.34615384615385
충청북도,영동군,202603,8301,제과점,18900000,1173,5.0,LOCALDATA,식품인허가 영업점,3780000.0,234.6
충청북도,영동군,202604,4010,편의점,186530000,19135,37.0,국세청,가동사업자,5041351.3513513515,517.1621621621622
충청북도,영동군,202604,4020,슈퍼마켓,447390000,14273,20.0,국세청,가동사업자,22369500.0,713.65
충청북도,영동군,202604,8005,중국음식,39960000,1502,26.0,LOCALDATA,식품인허가 영업점,1536923.076923077,57.76923076923077
충청북도,영동군,202604,8301,제과점,23340000,1390,5.0,LOCALDATA,식품인허가 영업점,4668000.0,278.0
충청북도,영동군,202605,4010,편의점,209940000,20677,36.0,국세청,가동사업자,5831666.666666667,574.3611111111111
충청북도,영동군,202605,4020,슈퍼마켓,524820000,15996,20.0,국세청,가동사업자,26241000.0,799.8
충청북도,영동군,202605,8005,중국음식,45130000,1556,26.0,LOCALDATA,식품인허가 영업점,1735769.2307692308,59.84615384615385
충청북도,영동군,202605,8301,제과점,24880000,1512,5.0,LOCALDATA,식품인허가 영업점,4976000.0,302.4
충청북도,영동군,202606,4010,편의점,209350000,20802,35.0,국세청,가동사업자,5981428.571428572,594.3428571428572
충청북도,영동군,202606,4020,슈퍼마켓,491170000,14889,19.0,국세청,가동사업자,25851052.63157895,783.6315789473684
충청북도,영동군,202606,8005,중국음식,37490000,1399,26.0,LOCALDATA,식품인허가 영업점,1441923.076923077,53.80769230769231
충청북도,영동군,202606,8301,제과점,19150000,1279,5.0,LOCALDATA,식품인허가 영업점,3830000.0,255.8
충청북도,옥천군,202601,4010,편의점,194100000,21102,54.0,국세청,가동사업자,3594444.4444444445,390.77777777777777
충청북도,옥천군,202601,4020,슈퍼마켓,517570000,19950,50.0,국세청,가동사업자,10351400.0,399.0
충청북도,옥천군,202601,8005,중국음식,35090000,1490,34.0,LOCALDATA,식품인허가 영업점,1032058.8235294118,43.8235294117647
충청북도,옥천군,202601,8301,제과점,24760000,1798,15.0,LOCALDATA,식품인허가 영업점,1650666.6666666667,119.86666666666666
충청북도,옥천군,202602,4010,편의점,197200000,21895,55.0,국세청,가동사업자,3585454.5454545454,398.09090909090907
충청북도,옥천군,202602,4020,슈퍼마켓,532250000,19676,51.0,국세청,가동사업자,10436274.509803921,385.80392156862746
충청북도,옥천군,202602,8005,중국음식,32700000,1383,34.0,LOCALDATA,식품인허가 영업점,961764.7058823529,40.6764705882353
충청북도,옥천군,202602,8301,제과점,27280000,1753,15.0,LOCALDATA,식품인허가 영업점,1818666.6666666667,116.86666666666666
충청북도,옥천군,202603,4010,편의점,218280000,25015,55.0,국세청,가동사업자,3968727.272727273,454.8181818181818
충청북도,옥천군,202603,4020,슈퍼마켓,457640000,19991,51.0,국세청,가동사업자,8973333.333333334,391.98039215686276
충청북도,옥천군,202603,8005,중국음식,42120000,1715,34.0,LOCALDATA,식품인허가 영업점,1238823.5294117648,50.44117647058823
충청북도,옥천군,202603,8301,제과점,29010000,1885,15.0,LOCALDATA,식품인허가 영업점,1934000.0,125.66666666666667
충청북도,옥천군,202604,4010,편의점,229760000,26758,54.0,국세청,가동사업자,4254814.814814814,495.51851851851853
충청북도,옥천군,202604,4020,슈퍼마켓,470150000,20693,51.0,국세청,가동사업자,9218627.450980391,405.7450980392157
충청북도,옥천군,202604,8005,중국음식,40810000,1677,34.0,LOCALDATA,식품인허가 영업점,1200294.1176470588,49.3235294117647
충청북도,옥천군,202604,8301,제과점,26440000,1790,15.0,LOCALDATA,식품인허가 영업점,1762666.6666666667,119.33333333333333
충청북도,옥천군,202605,4010,편의점,254000000,28452,54.0,국세청,가동사업자,4703703.703703703,526.8888888888889
충청북도,옥천군,202605,4020,슈퍼마켓,545990000,23397,50.0,국세청,가동사업자,10919800.0,467.94
충청북도,옥천군,202605,8005,중국음식,42330000,1762,33.0,LOCALDATA,식품인허가 영업점,1282727.2727272727,53.39393939393939
충청북도,옥천군,202605,8301,제과점,30570000,1927,15.0,LOCALDATA,식품인허가 영업점,2038000.0,128.46666666666667
충청북도,옥천군,202606,4010,편의점,246440000,27958,54.0,국세청,가동사업자,4563703.703703703,517.7407407407408
충청북도,옥천군,202606,4020,슈퍼마켓,485900000,21449,49.0,국세청,가동사업자,9916326.530612245,437.734693877551
충청북도,옥천군,202606,8005,중국음식,35830000,1503,33.0,LOCALDATA,식품인허가 영업점,1085757.5757575757,45.54545454545455
충청북도,옥천군,202606,8301,제과점,25220000,1763,16.0,LOCALDATA,식품인허가 영업점,1576250.0,110.1875
충청북도,음성군,202601,4010,편의점,1395130000,134621,185.0,국세청,가동사업자,7541243.243243244,727.6810810810811
충청북도,음성군,202601,4020,슈퍼마켓,1803360000,61963,76.0,국세청,가동사업자,23728421.05263158,815.3026315789474
충청북도,음성군,202601,8005,중국음식,203450000,7245,79.0,LOCALDATA,식품인허가 영업점,2575316.4556962023,91.70886075949367
충청북도,음성군,202601,8301,제과점,98860000,6949,33.0,LOCALDATA,식품인허가 영업점,2995757.5757575757,210.57575757575756
충청북도,음성군,202602,4010,편의점,1302010000,126776,185.0,국세청,가동사업자,7037891.891891892,685.2756756756756
충청북도,음성군,202602,4020,슈퍼마켓,1948370000,61902,75.0,국세청,가동사업자,25978266.666666668,825.36
충청북도,음성군,202602,8005,중국음식,200150000,6707,80.0,LOCALDATA,식품인허가 영업점,2501875.0,83.8375
충청북도,음성군,202602,8301,제과점,94820000,6474,33.0,LOCALDATA,식품인허가 영업점,2873333.3333333335,196.1818181818182
충청북도,음성군,202603,4010,편의점,1494670000,148593,185.0,국세청,가동사업자,8079297.297297297,803.2054054054054
충청북도,음성군,202603,4020,슈퍼마켓,1866660000,64612,75.0,국세청,가동사업자,24888800.0,861.4933333333333
충청북도,음성군,202603,8005,중국음식,227860000,8147,80.0,LOCALDATA,식품인허가 영업점,2848250.0,101.8375
충청북도,음성군,202603,8301,제과점,105290000,7254,33.0,LOCALDATA,식품인허가 영업점,3190606.0606060605,219.8181818181818
충청북도,음성군,202604,4010,편의점,1529160000,157382,186.0,국세청,가동사업자,8221290.322580645,846.1397849462365
충청북도,음성군,202604,4020,슈퍼마켓,1718910000,62488,77.0,국세청,가동사업자,22323506.493506495,811.5324675324675
충청북도,음성군,202604,8005,중국음식,221050000,8086,80.0,LOCALDATA,식품인허가 영업점,2763125.0,101.075
충청북도,음성군,202604,8301,제과점,109220000,7842,33.0,LOCALDATA,식품인허가 영업점,3309696.9696969697,237.63636363636363
충청북도,음성군,202605,4010,편의점,1668880000,171451,189.0,국세청,가동사업자,8830052.91005291,907.1481481481482
충청북도,음성군,202605,4020,슈퍼마켓,1875370000,69173,77.0,국세청,가동사업자,24355454.545454547,898.3506493506494
충청북도,음성군,202605,8005,중국음식,239030000,8404,78.0,LOCALDATA,식품인허가 영업점,3064487.1794871795,107.74358974358974
충청북도,음성군,202605,8301,제과점,117190000,7943,35.0,LOCALDATA,식품인허가 영업점,3348285.714285714,226.94285714285715
충청북도,음성군,202606,4010,편의점,1663600000,172193,190.0,국세청,가동사업자,8755789.47368421,906.2789473684211
충청북도,음성군,202606,4020,슈퍼마켓,1725880000,64973,76.0,국세청,가동사업자,22708947.36842105,854.9078947368421
충청북도,음성군,202606,8005,중국음식,204730000,7741,78.0,LOCALDATA,식품인허가 영업점,2624743.5897435895,99.24358974358974
충청북도,음성군,202606,8301,제과점,101530000,7345,35.0,LOCALDATA,식품인허가 영업점,2900857.1428571427,209.85714285714286
충청북도,제천시,202601,4010,편의점,752760000,75705,130.0,국세청,가동사업자,5790461.538461538,582.3461538461538
충청북도,제천시,202601,4020,슈퍼마켓,1482250000,59201,58.0,국세청,가동사업자,25556034.48275862,1020.7068965517242
충청북도,제천시,202601,8005,중국음식,184130000,5935,81.0,LOCALDATA,식품인허가 영업점,2273209.87654321,73.27160493827161
충청북도,제천시,202601,8301,제과점,105470000,7288,33.0,LOCALDATA,식품인허가 영업점,3196060.606060606,220.84848484848484
충청북도,제천시,202602,4010,편의점,736570000,74599,129.0,국세청,가동사업자,5709844.96124031,578.2868217054264
충청북도,제천시,202602,4020,슈퍼마켓,1592930000,58462,60.0,국세청,가동사업자,26548833.333333332,974.3666666666667
충청북도,제천시,202602,8005,중국음식,168370000,5487,81.0,LOCALDATA,식품인허가 영업점,2078641.975308642,67.74074074074075
충청북도,제천시,202602,8301,제과점,110420000,7454,33.0,LOCALDATA,식품인허가 영업점,3346060.606060606,225.87878787878788
충청북도,제천시,202603,4010,편의점,845890000,89810,130.0,국세청,가동사업자,6506846.153846154,690.8461538461538
충청북도,제천시,202603,4020,슈퍼마켓,1397180000,60788,60.0,국세청,가동사업자,23286333.333333332,1013.1333333333333
충청북도,제천시,202603,8005,중국음식,180380000,6332,82.0,LOCALDATA,식품인허가 영업점,2199756.0975609757,77.21951219512195
충청북도,제천시,202603,8301,제과점,119630000,8389,33.0,LOCALDATA,식품인허가 영업점,3625151.515151515,254.21212121212122
충청북도,제천시,202604,4010,편의점,852420000,96381,129.0,국세청,가동사업자,6607906.976744186,747.1395348837209
충청북도,제천시,202604,4020,슈퍼마켓,1365300000,60374,59.0,국세청,가동사업자,23140677.966101695,1023.2881355932203
충청북도,제천시,202604,8005,중국음식,175410000,6125,81.0,LOCALDATA,식품인허가 영업점,2165555.5555555555,75.61728395061728
충청북도,제천시,202604,8301,제과점,117840000,8854,33.0,LOCALDATA,식품인허가 영업점,3570909.090909091,268.3030303030303
충청북도,제천시,202605,4010,편의점,933380000,100727,129.0,국세청,가동사업자,7235503.875968993,780.8294573643411
충청북도,제천시,202605,4020,슈퍼마켓,1490590000,63237,60.0,국세청,가동사업자,24843166.666666668,1053.95
충청북도,제천시,202605,8005,중국음식,188030000,6114,81.0,LOCALDATA,식품인허가 영업점,2321358.024691358,75.48148148148148
충청북도,제천시,202605,8301,제과점,124560000,8713,33.0,LOCALDATA,식품인허가 영업점,3774545.4545454546,264.030303030303
충청북도,제천시,202606,4010,편의점,890390000,97315,130.0,국세청,가동사업자,6849153.846153846,748.5769230769231
충청북도,제천시,202606,4020,슈퍼마켓,1367770000,60625,61.0,국세청,가동사업자,22422459.01639344,993.8524590163935
충청북도,제천시,202606,8005,중국음식,156900000,5457,82.0,LOCALDATA,식품인허가 영업점,1913414.6341463414,66.54878048780488
충청북도,제천시,202606,8301,제과점,102260000,7699,33.0,LOCALDATA,식품인허가 영업점,3098787.878787879,233.3030303030303
충청북도,증평군,202601,4010,편의점,282900000,29798,52.0,국세청,가동사업자,5440384.615384615,573.0384615384615
충청북도,증평군,202601,4020,슈퍼마켓,416750000,15332,26.0,국세청,가동사업자,16028846.153846154,589.6923076923077
충청북도,증평군,202601,8005,중국음식,39960000,1477,23.0,LOCALDATA,식품인허가 영업점,1737391.3043478262,64.21739130434783
충청북도,증평군,202601,8301,제과점,38060000,2996,17.0,LOCALDATA,식품인허가 영업점,2238823.529411765,176.23529411764707
충청북도,증평군,202602,4010,편의점,257790000,27539,51.0,국세청,가동사업자,5054705.882352941,539.9803921568628
충청북도,증평군,202602,4020,슈퍼마켓,415720000,14839,27.0,국세청,가동사업자,15397037.037037037,549.5925925925926
충청북도,증평군,202602,8005,중국음식,38130000,1315,24.0,LOCALDATA,식품인허가 영업점,1588750.0,54.791666666666664
충청북도,증평군,202602,8301,제과점,41440000,3091,17.0,LOCALDATA,식품인허가 영업점,2437647.0588235296,181.8235294117647
충청북도,증평군,202603,4010,편의점,292600000,32313,51.0,국세청,가동사업자,5737254.901960785,633.5882352941177
충청북도,증평군,202603,4020,슈퍼마켓,387880000,16026,28.0,국세청,가동사업자,13852857.142857144,572.3571428571429
충청북도,증평군,202603,8005,중국음식,40110000,1593,24.0,LOCALDATA,식품인허가 영업점,1671250.0,66.375
충청북도,증평군,202603,8301,제과점,44650000,3514,17.0,LOCALDATA,식품인허가 영업점,2626470.588235294,206.7058823529412
충청북도,증평군,202604,4010,편의점,313580000,35549,51.0,국세청,가동사업자,6148627.450980392,697.0392156862745
충청북도,증평군,202604,4020,슈퍼마켓,392460000,16281,27.0,국세청,가동사업자,14535555.555555556,603.0
충청북도,증평군,202604,8005,중국음식,38230000,1499,24.0,LOCALDATA,식품인허가 영업점,1592916.6666666667,62.458333333333336
충청북도,증평군,202604,8301,제과점,37360000,3130,17.0,LOCALDATA,식품인허가 영업점,2197647.0588235296,184.11764705882354
충청북도,증평군,202605,4010,편의점,340830000,37113,50.0,국세청,가동사업자,6816600.0,742.26
충청북도,증평군,202605,4020,슈퍼마켓,422440000,17565,27.0,국세청,가동사업자,15645925.925925925,650.5555555555555
충청북도,증평군,202605,8005,중국음식,44020000,1562,24.0,LOCALDATA,식품인허가 영업점,1834166.6666666667,65.08333333333333
충청북도,증평군,202605,8301,제과점,37560000,2978,17.0,LOCALDATA,식품인허가 영업점,2209411.7647058824,175.1764705882353
충청북도,증평군,202606,4010,편의점,328230000,36704,51.0,국세청,가동사업자,6435882.352941177,719.6862745098039
충청북도,증평군,202606,4020,슈퍼마켓,394570000,16717,27.0,국세청,가동사업자,14613703.703703703,619.1481481481482
충청북도,증평군,202606,8005,중국음식,31890000,1301,24.0,LOCALDATA,식품인허가 영업점,1328750.0,54.208333333333336
충청북도,증평군,202606,8301,제과점,31870000,2651,17.0,LOCALDATA,식품인허가 영업점,1874705.8823529412,155.94117647058823
충청북도,진천군,202601,4010,편의점,1008550000,103454,167.0,국세청,가동사업자,6039221.556886228,619.4850299401197
충청북도,진천군,202601,4020,슈퍼마켓,1433750000,46393,55.0,국세청,가동사업자,26068181.818181816,843.5090909090909
충청북도,진천군,202601,8005,중국음식,161240000,5545,46.0,LOCALDATA,식품인허가 영업점,3505217.3913043477,120.54347826086956
충청북도,진천군,202601,8301,제과점,96890000,6914,20.0,LOCALDATA,식품인허가 영업점,4844500.0,345.7
충청북도,진천군,202602,4010,편의점,925620000,94558,165.0,국세청,가동사업자,5609818.181818182,573.0787878787879
충청북도,진천군,202602,4020,슈퍼마켓,1527520000,46234,53.0,국세청,가동사업자,28821132.0754717,872.3396226415094
충청북도,진천군,202602,8005,중국음식,140600000,5039,47.0,LOCALDATA,식품인허가 영업점,2991489.361702128,107.2127659574468
충청북도,진천군,202602,8301,제과점,97310000,6752,20.0,LOCALDATA,식품인허가 영업점,4865500.0,337.6
충청북도,진천군,202603,4010,편의점,1057430000,112522,162.0,국세청,가동사업자,6527345.679012346,694.5802469135803
충청북도,진천군,202603,4020,슈퍼마켓,1373810000,48317,54.0,국세청,가동사업자,25440925.925925925,894.7592592592592
충청북도,진천군,202603,8005,중국음식,147600000,5561,50.0,LOCALDATA,식품인허가 영업점,2952000.0,111.22
충청북도,진천군,202603,8301,제과점,105890000,7569,20.0,LOCALDATA,식품인허가 영업점,5294500.0,378.45
충청북도,진천군,202604,4010,편의점,1089440000,117654,164.0,국세청,가동사업자,6642926.8292682925,717.4024390243902
충청북도,진천군,202604,4020,슈퍼마켓,1272700000,46453,52.0,국세청,가동사업자,24475000.0,893.3269230769231
충청북도,진천군,202604,8005,중국음식,154140000,5657,50.0,LOCALDATA,식품인허가 영업점,3082800.0,113.14
충청북도,진천군,202604,8301,제과점,106790000,7772,20.0,LOCALDATA,식품인허가 영업점,5339500.0,388.6
충청북도,진천군,202605,4010,편의점,1152400000,122977,164.0,국세청,가동사업자,7026829.268292683,749.859756097561
충청북도,진천군,202605,4020,슈퍼마켓,1459270000,52161,54.0,국세청,가동사업자,27023518.51851852,965.9444444444445
충청북도,진천군,202605,8005,중국음식,171680000,5877,50.0,LOCALDATA,식품인허가 영업점,3433600.0,117.54
충청북도,진천군,202605,8301,제과점,113960000,7871,20.0,LOCALDATA,식품인허가 영업점,5698000.0,393.55
충청북도,진천군,202606,4010,편의점,1156970000,125816,163.0,국세청,가동사업자,7097975.4601227,771.8773006134969
충청북도,진천군,202606,4020,슈퍼마켓,1371390000,49398,54.0,국세청,가동사업자,25396111.111111112,914.7777777777778
충청북도,진천군,202606,8005,중국음식,151140000,5407,49.0,LOCALDATA,식품인허가 영업점,3084489.7959183673,110.34693877551021
충청북도,진천군,202606,8301,제과점,92140000,6919,20.0,LOCALDATA,식품인허가 영업점,4607000.0,345.95
충청북도,청주시 상당구,202601,4010,편의점,1082210000,119022,191.0,국세청,가동사업자,5666020.942408377,623.151832460733
충청북도,청주시 상당구,202601,4020,슈퍼마켓,1364830000,63240,96.0,국세청,가동사업자,14216979.166666666,658.75
충청북도,청주시 상당구,202601,8005,중국음식,278150000,9162,81.0,LOCALDATA,식품인허가 영업점,3433950.6172839506,113.11111111111111
충청북도,청주시 상당구,202601,8301,제과점,235460000,16864,74.0,LOCALDATA,식품인허가 영업점,3181891.891891892,227.8918918918919
충청북도,청주시 상당구,202602,4010,편의점,1034410000,113035,191.0,국세청,가동사업자,5415759.162303665,591.8062827225131
충청북도,청주시 상당구,202602,4020,슈퍼마켓,1385250000,60453,96.0,국세청,가동사업자,14429687.5,629.71875
충청북도,청주시 상당구,202602,8005,중국음식,262870000,8747,80.0,LOCALDATA,식품인허가 영업점,3285875.0,109.3375
충청북도,청주시 상당구,202602,8301,제과점,228690000,16387,74.0,LOCALDATA,식품인허가 영업점,3090405.4054054054,221.44594594594594
충청북도,청주시 상당구,202603,4010,편의점,1203330000,132280,190.0,국세청,가동사업자,6333315.7894736845,696.2105263157895
충청북도,청주시 상당구,202603,4020,슈퍼마켓,1328930000,65860,97.0,국세청,가동사업자,13700309.278350515,678.9690721649484
충청북도,청주시 상당구,202603,8005,중국음식,280860000,9915,80.0,LOCALDATA,식품인허가 영업점,3510750.0,123.9375
충청북도,청주시 상당구,202603,8301,제과점,264080000,19797,75.0,LOCALDATA,식품인허가 영업점,3521066.6666666665,263.96
충청북도,청주시 상당구,202604,4010,편의점,1195430000,139271,192.0,국세청,가동사업자,6226197.916666667,725.3697916666666
충청북도,청주시 상당구,202604,4020,슈퍼마켓,1336900000,67577,96.0,국세청,가동사업자,13926041.666666666,703.9270833333334
충청북도,청주시 상당구,202604,8005,중국음식,272100000,9747,82.0,LOCALDATA,식품인허가 영업점,3318292.6829268294,118.86585365853658
충청북도,청주시 상당구,202604,8301,제과점,256510000,20391,76.0,LOCALDATA,식품인허가 영업점,3375131.5789473685,268.30263157894734
충청북도,청주시 상당구,202605,4010,편의점,1312080000,147188,193.0,국세청,가동사업자,6798341.968911917,762.6321243523316
충청북도,청주시 상당구,202605,4020,슈퍼마켓,1506340000,72915,97.0,국세청,가동사업자,15529278.350515464,751.7010309278351
충청북도,청주시 상당구,202605,8005,중국음식,304300000,10330,79.0,LOCALDATA,식품인허가 영업점,3851898.734177215,130.7594936708861
충청북도,청주시 상당구,202605,8301,제과점,276120000,20306,76.0,LOCALDATA,식품인허가 영업점,3633157.8947368423,267.1842105263158
충청북도,청주시 상당구,202606,4010,편의점,1268440000,144117,194.0,국세청,가동사업자,6538350.5154639175,742.8711340206186
충청북도,청주시 상당구,202606,4020,슈퍼마켓,1398510000,69710,95.0,국세청,가동사업자,14721157.894736841,733.7894736842105
충청북도,청주시 상당구,202606,8005,중국음식,257050000,9171,79.0,LOCALDATA,식품인허가 영업점,3253797.4683544305,116.0886075949367
충청북도,청주시 상당구,202606,8301,제과점,229140000,18121,77.0,LOCALDATA,식품인허가 영업점,2975844.1558441557,235.33766233766235
충청북도,청주시 서원구,202601,4010,편의점,1122670000,134897,184.0,국세청,가동사업자,6101467.391304348,733.1358695652174
충청북도,청주시 서원구,202601,4020,슈퍼마켓,1486880000,68174,99.0,국세청,가동사업자,15018989.8989899,688.6262626262626
충청북도,청주시 서원구,202601,8005,중국음식,193220000,6872,91.0,LOCALDATA,식품인허가 영업점,2123296.7032967033,75.51648351648352
충청북도,청주시 서원구,202601,8301,제과점,206900000,16330,66.0,LOCALDATA,식품인허가 영업점,3134848.484848485,247.42424242424244
충청북도,청주시 서원구,202602,4010,편의점,1048650000,122879,185.0,국세청,가동사업자,5668378.378378378,664.2108108108108
충청북도,청주시 서원구,202602,4020,슈퍼마켓,1688690000,70567,101.0,국세청,가동사업자,16719702.97029703,698.6831683168317
충청북도,청주시 서원구,202602,8005,중국음식,186700000,6486,91.0,LOCALDATA,식품인허가 영업점,2051648.3516483516,71.27472527472527
충청북도,청주시 서원구,202602,8301,제과점,217170000,16027,65.0,LOCALDATA,식품인허가 영업점,3341076.923076923,246.56923076923076
충청북도,청주시 서원구,202603,4010,편의점,1270470000,159959,185.0,국세청,가동사업자,6867405.405405405,864.6432432432432
충청북도,청주시 서원구,202603,4020,슈퍼마켓,1520070000,75372,104.0,국세청,가동사업자,14616057.692307692,724.7307692307693
충청북도,청주시 서원구,202603,8005,중국음식,205600000,7972,91.0,LOCALDATA,식품인허가 영업점,2259340.659340659,87.6043956043956
충청북도,청주시 서원구,202603,8301,제과점,233470000,18601,64.0,LOCALDATA,식품인허가 영업점,3647968.75,290.640625
충청북도,청주시 서원구,202604,4010,편의점,1288760000,170543,189.0,국세청,가동사업자,6818835.978835979,902.3439153439153
충청북도,청주시 서원구,202604,4020,슈퍼마켓,1505150000,74367,102.0,국세청,가동사업자,14756372.549019609,729.0882352941177
충청북도,청주시 서원구,202604,8005,중국음식,184300000,7752,90.0,LOCALDATA,식품인허가 영업점,2047777.7777777778,86.13333333333334
충청북도,청주시 서원구,202604,8301,제과점,213080000,18327,64.0,LOCALDATA,식품인허가 영업점,3329375.0,286.359375
충청북도,청주시 서원구,202605,4010,편의점,1391850000,173928,187.0,국세청,가동사업자,7443048.128342246,930.096256684492
충청북도,청주시 서원구,202605,4020,슈퍼마켓,1664850000,79809,103.0,국세청,가동사업자,16163592.233009709,774.8446601941747
충청북도,청주시 서원구,202605,8005,중국음식,213730000,8038,89.0,LOCALDATA,식품인허가 영업점,2401460.6741573033,90.31460674157303
충청북도,청주시 서원구,202605,8301,제과점,237530000,18839,62.0,LOCALDATA,식품인허가 영업점,3831129.0322580645,303.85483870967744
충청북도,청주시 서원구,202606,4010,편의점,1348220000,171895,188.0,국세청,가동사업자,7171382.978723404,914.3351063829788
충청북도,청주시 서원구,202606,4020,슈퍼마켓,1577480000,77216,101.0,국세청,가동사업자,15618613.861386139,764.5148514851485
충청북도,청주시 서원구,202606,8005,중국음식,172780000,7029,90.0,LOCALDATA,식품인허가 영업점,1919777.7777777778,78.1
충청북도,청주시 서원구,202606,8301,제과점,192860000,16921,63.0,LOCALDATA,식품인허가 영업점,3061269.8412698414,268.58730158730157
충청북도,청주시 청원구,202601,4010,편의점,1589060000,177962,257.0,국세청,가동사업자,6183112.840466926,692.4591439688716
충청북도,청주시 청원구,202601,4020,슈퍼마켓,2471780000,94479,82.0,국세청,가동사업자,30143658.536585364,1152.1829268292684
충청북도,청주시 청원구,202601,8005,중국음식,321700000,11175,111.0,LOCALDATA,식품인허가 영업점,2898198.1981981983,100.67567567567568
충청북도,청주시 청원구,202601,8301,제과점,248490000,18897,71.0,LOCALDATA,식품인허가 영업점,3499859.1549295774,266.15492957746477
충청북도,청주시 청원구,202602,4010,편의점,1430880000,160667,259.0,국세청,가동사업자,5524633.204633204,620.3359073359073
충청북도,청주시 청원구,202602,4020,슈퍼마켓,2513510000,90284,82.0,국세청,가동사업자,30652560.975609757,1101.0243902439024
충청북도,청주시 청원구,202602,8005,중국음식,279760000,9576,111.0,LOCALDATA,식품인허가 영업점,2520360.3603603602,86.27027027027027
충청북도,청주시 청원구,202602,8301,제과점,249030000,18463,68.0,LOCALDATA,식품인허가 영업점,3662205.882352941,271.5147058823529
충청북도,청주시 청원구,202603,4010,편의점,1701310000,196858,260.0,국세청,가동사업자,6543500.0,757.1461538461539
충청북도,청주시 청원구,202603,4020,슈퍼마켓,2359230000,98753,82.0,국세청,가동사업자,28771097.56097561,1204.3048780487804
충청북도,청주시 청원구,202603,8005,중국음식,313830000,11434,112.0,LOCALDATA,식품인허가 영업점,2802053.5714285714,102.08928571428571
충청북도,청주시 청원구,202603,8301,제과점,273160000,20630,69.0,LOCALDATA,식품인허가 영업점,3958840.579710145,298.9855072463768
충청북도,청주시 청원구,202604,4010,편의점,1687950000,203938,260.0,국세청,가동사업자,6492115.384615385,784.376923076923
충청북도,청주시 청원구,202604,4020,슈퍼마켓,2355480000,99294,83.0,국세청,가동사업자,28379277.108433735,1196.313253012048
충청북도,청주시 청원구,202604,8005,중국음식,291910000,10929,112.0,LOCALDATA,식품인허가 영업점,2606339.285714286,97.58035714285714
충청북도,청주시 청원구,202604,8301,제과점,267080000,21743,69.0,LOCALDATA,식품인허가 영업점,3870724.637681159,315.1159420289855
충청북도,청주시 청원구,202605,4010,편의점,1790180000,208313,260.0,국세청,가동사업자,6885307.692307692,801.2038461538461
충청북도,청주시 청원구,202605,4020,슈퍼마켓,2551000000,104995,81.0,국세청,가동사업자,31493827.16049383,1296.2345679012346
충청북도,청주시 청원구,202605,8005,중국음식,312620000,11370,111.0,LOCALDATA,식품인허가 영업점,2816396.396396396,102.43243243243244
충청북도,청주시 청원구,202605,8301,제과점,288570000,22028,69.0,LOCALDATA,식품인허가 영업점,4182173.913043478,319.2463768115942
충청북도,청주시 청원구,202606,4010,편의점,1740080000,205741,257.0,국세청,가동사업자,6770739.299610895,800.5486381322958
충청북도,청주시 청원구,202606,4020,슈퍼마켓,2414260000,100526,81.0,국세청,가동사업자,29805679.01234568,1241.0617283950617
충청북도,청주시 청원구,202606,8005,중국음식,271570000,10061,108.0,LOCALDATA,식품인허가 영업점,2514537.037037037,93.1574074074074
충청북도,청주시 청원구,202606,8301,제과점,248170000,20349,70.0,LOCALDATA,식품인허가 영업점,3545285.714285714,290.7
충청북도,청주시 흥덕구,202601,4010,편의점,2753780000,335317,370.0,국세청,가동사업자,7442648.6486486485,906.2621621621622
충청북도,청주시 흥덕구,202601,4020,슈퍼마켓,2820830000,131325,154.0,국세청,가동사업자,18317077.92207792,852.7597402597403
충청북도,청주시 흥덕구,202601,8005,중국음식,433160000,15030,148.0,LOCALDATA,식품인허가 영업점,2926756.756756757,101.55405405405405
충청북도,청주시 흥덕구,202601,8301,제과점,363390000,28686,135.0,LOCALDATA,식품인허가 영업점,2691777.777777778,212.48888888888888
충청북도,청주시 흥덕구,202602,4010,편의점,2516350000,300849,370.0,국세청,가동사업자,6800945.945945946,813.1054054054053
충청북도,청주시 흥덕구,202602,4020,슈퍼마켓,2698780000,121945,153.0,국세청,가동사업자,17639084.96732026,797.0261437908497
충청북도,청주시 흥덕구,202602,8005,중국음식,398300000,13816,147.0,LOCALDATA,식품인허가 영업점,2709523.8095238097,93.98639455782313
충청북도,청주시 흥덕구,202602,8301,제과점,369440000,28438,137.0,LOCALDATA,식품인허가 영업점,2696642.3357664235,207.57664233576642
충청북도,청주시 흥덕구,202603,4010,편의점,2912630000,355209,367.0,국세청,가동사업자,7936321.525885559,967.8719346049046
충청북도,청주시 흥덕구,202603,4020,슈퍼마켓,2655800000,136061,152.0,국세청,가동사업자,17472368.42105263,895.1381578947369
충청북도,청주시 흥덕구,202603,8005,중국음식,424570000,15350,149.0,LOCALDATA,식품인허가 영업점,2849463.087248322,103.02013422818791
충청북도,청주시 흥덕구,202603,8301,제과점,414160000,32802,137.0,LOCALDATA,식품인허가 영업점,3023065.693430657,239.43065693430657
충청북도,청주시 흥덕구,202604,4010,편의점,2798810000,356706,376.0,국세청,가동사업자,7443643.617021277,948.686170212766
충청북도,청주시 흥덕구,202604,4020,슈퍼마켓,2585430000,135417,151.0,국세청,가동사업자,17122052.98013245,896.8013245033112
충청북도,청주시 흥덕구,202604,8005,중국음식,398830000,14852,149.0,LOCALDATA,식품인허가 영업점,2676711.409395973,99.67785234899328
충청북도,청주시 흥덕구,202604,8301,제과점,387810000,32940,138.0,LOCALDATA,식품인허가 영업점,2810217.3913043477,238.69565217391303
충청북도,청주시 흥덕구,202605,4010,편의점,2954330000,363168,379.0,국세청,가동사업자,7795065.963060686,958.2269129287599
충청북도,청주시 흥덕구,202605,4020,슈퍼마켓,2872310000,146532,148.0,국세청,가동사업자,19407500.0,990.081081081081
충청북도,청주시 흥덕구,202605,8005,중국음식,437970000,15701,146.0,LOCALDATA,식품인허가 영업점,2999794.520547945,107.54109589041096
충청북도,청주시 흥덕구,202605,8301,제과점,418800000,33344,138.0,LOCALDATA,식품인허가 영업점,3034782.6086956523,241.6231884057971
충청북도,청주시 흥덕구,202606,4010,편의점,2867190000,358166,379.0,국세청,가동사업자,7565145.118733509,945.0290237467018
충청북도,청주시 흥덕구,202606,4020,슈퍼마켓,2669210000,138453,153.0,국세청,가동사업자,17445816.993464053,904.9215686274509
충청북도,청주시 흥덕구,202606,8005,중국음식,388810000,14058,147.0,LOCALDATA,식품인허가 영업점,2644965.9863945576,95.63265306122449
충청북도,청주시 흥덕구,202606,8301,제과점,351510000,30103,143.0,LOCALDATA,식품인허가 영업점,2458111.888111888,210.51048951048952
충청북도,충주시,202601,4010,편의점,1480600000,155895,260.0,국세청,가동사업자,5694615.384615385,599.5961538461538
충청북도,충주시,202601,4020,슈퍼마켓,2406090000,84435,117.0,국세청,가동사업자,20564871.794871796,721.6666666666666
충청북도,충주시,202601,8005,중국음식,334930000,11368,177.0,LOCALDATA,식품인허가 영업점,1892259.8870056497,64.22598870056497
충청북도,충주시,202601,8301,제과점,317580000,22327,78.0,LOCALDATA,식품인허가 영업점,4071538.4615384615,286.2435897435897
충청북도,충주시,202602,4010,편의점,1361770000,142960,260.0,국세청,가동사업자,5237576.923076923,549.8461538461538
충청북도,충주시,202602,4020,슈퍼마켓,2358250000,77343,116.0,국세청,가동사업자,20329741.379310343,666.75
충청북도,충주시,202602,8005,중국음식,278810000,9594,177.0,LOCALDATA,식품인허가 영업점,1575197.7401129943,54.20338983050848
충청북도,충주시,202602,8301,제과점,274470000,16842,77.0,LOCALDATA,식품인허가 영업점,3564545.4545454546,218.72727272727272
충청북도,충주시,202603,4010,편의점,1578100000,173641,259.0,국세청,가동사업자,6093050.193050193,670.4285714285714
충청북도,충주시,202603,4020,슈퍼마켓,2149410000,81137,116.0,국세청,가동사업자,18529396.55172414,699.4568965517242
충청북도,충주시,202603,8005,중국음식,305750000,11238,178.0,LOCALDATA,식품인허가 영업점,1717696.629213483,63.13483146067416
충청북도,충주시,202603,8301,제과점,281700000,18776,78.0,LOCALDATA,식품인허가 영업점,3611538.4615384615,240.71794871794873
충청북도,충주시,202604,4010,편의점,1610500000,185887,260.0,국세청,가동사업자,6194230.769230769,714.95
충청북도,충주시,202604,4020,슈퍼마켓,2168790000,82299,114.0,국세청,가동사업자,19024473.684210528,721.921052631579
충청북도,충주시,202604,8005,중국음식,304270000,11169,179.0,LOCALDATA,식품인허가 영업점,1699832.402234637,62.39664804469274
충청북도,충주시,202604,8301,제과점,286800000,19707,78.0,LOCALDATA,식품인허가 영업점,3676923.076923077,252.65384615384616
충청북도,충주시,202605,4010,편의점,1774710000,196369,257.0,국세청,가동사업자,6905486.381322958,764.0817120622568
충청북도,충주시,202605,4020,슈퍼마켓,2450230000,90685,115.0,국세청,가동사업자,21306347.826086957,788.5652173913044
충청북도,충주시,202605,8005,중국음식,344000000,12197,180.0,LOCALDATA,식품인허가 영업점,1911111.111111111,67.7611111111111
충청북도,충주시,202605,8301,제과점,327900000,20859,81.0,LOCALDATA,식품인허가 영업점,4048148.1481481483,257.51851851851853
충청북도,충주시,202606,4010,편의점,1707770000,194097,256.0,국세청,가동사업자,6670976.5625,758.19140625
충청북도,충주시,202606,4020,슈퍼마켓,2185980000,83427,115.0,국세청,가동사업자,19008521.739130434,725.4521739130435
충청북도,충주시,202606,8005,중국음식,309560000,11026,179.0,LOCALDATA,식품인허가 영업점,1729385.4748603352,61.597765363128495
충청북도,충주시,202606,8301,제과점,269720000,18668,80.0,LOCALDATA,식품인허가 영업점,3371500.0,233.35
