SIDO_NM,CCG_NM,population_total,TP_BUZ_NM,store_count,TP_BUZ_NO,total_amt_6m,total_cnt_6m,amt_growth_pct_m,cnt_growth_pct_m,ticket_growth_pct_m,store_observed,stores_per_10k_residents,six_month_amt_per_store,six_month_cnt_per_store,cnt_per_resident_6m,mapped_store_total,national_store_count,store_lq,current_supply_position
강원특별자치도,강릉시,205666.0,대형할인점,0.0,4004.0,4517360000.0,101401.0,-6.0768645959975665,-4.377182166022783,-1.7774862407064718,False,0.0,,,0.4930372545778106,4261.0,0,,판정불가
강원특별자치도,강릉시,205666.0,편의점,377.0,4010.0,11125770000.0,1214052.0,3.3450625888364844,4.95823962415464,-1.5369703618265835,True,18.330691509534876,29511326.25994695,3220.297082228117,5.903027238337888,4261.0,54446,1.029696328108877,고특화·결제건수 증가
강원특별자치도,강릉시,205666.0,슈퍼마켓,320.0,4020.0,10557250000.0,332683.0,-0.3559079462610783,1.1445186295577727,-1.4834482344161026,True,15.559207647350558,32991406.25,1039.634375,1.6175887117948518,4261.0,63862,0.7451457959569607,저특화·결제건수 증가
강원특별자치도,강릉시,205666.0,일반한식,695.0,8001.0,33668980000.0,809386.0,0.9846415634713288,1.337913720056352,-0.348608081236919,True,33.7926541090895,48444575.53956834,1164.5841726618705,3.9354390127682746,4261.0,98173,1.0527531141096387,고특화·결제건수 증가
강원특별자치도,강릉시,205666.0,갈비전문점,416.0,8002.0,157530000.0,1749.0,-2.27352112283059,0.231671001917801,-2.499401735705322,True,20.226969941555726,378677.8846153846,4.204326923076923,0.00850407942975504,4261.0,61512,1.0056972796824108,고특화·결제건수 증가
강원특별자치도,강릉시,205666.0,한정식,1267.0,,,,,,,True,61.60473777872862,,,,4261.0,180762,1.0423252768266793,판정불가
강원특별자치도,강릉시,205666.0,일식회집,445.0,8004.0,5749280000.0,64549.0,3.382902600874117,4.131912681863535,-0.7192896602962815,True,21.63702313459687,12919730.337078651,145.05393258426966,0.31385352950900974,4261.0,44227,1.4962574378719817,고특화·결제건수 증가
강원특별자치도,강릉시,205666.0,중국음식,183.0,8005.0,1830490000.0,64489.0,-1.6861556321247553,-0.1606747473149554,-1.5279358919433446,True,8.8979218733286,10002677.595628416,352.39890710382514,0.3135617943656219,4261.0,31984,0.85084824153452,저특화·결제건수 감소
강원특별자치도,강릉시,205666.0,서양음식,143.0,8006.0,10397840000.0,712923.0,0.2400441000726792,2.8388192700603203,-2.527037152345299,True,6.953020917409781,72712167.83216783,4985.475524475524,3.466411560491282,4261.0,23100,0.9205721885092925,저특화·결제건수 증가
강원특별자치도,강릉시,205666.0,스넥,209.0,8021.0,2796610000.0,156085.0,0.5014342255043344,0.2997385294662241,0.2010929430078782,True,10.162107494675833,13380909.090909092,746.8181818181819,0.7589246642614725,4261.0,44410,0.6998408770317296,저특화·결제건수 증가
강원특별자치도,강릉시,205666.0,제과점,206.0,8301.0,2113000000.0,135709.0,-4.685042461388549,-0.668342964765899,-4.0437254511900536,True,10.016239922981923,10257281.553398058,658.7815533980582,0.6598514095669678,4261.0,31168,0.9828609440380663,저특화·결제건수 감소
강원특별자치도,고성군,27204.0,대형할인점,0.0,,,,,,,False,0.0,,,,758.0,0,,판정불가
강원특별자치도,고성군,27204.0,편의점,71.0,4010.0,1990270000.0,206381.0,9.14101046150209,10.513609744693223,-1.2420183236816205,True,26.099103073077487,28031971.830985915,2906.774647887324,7.586421114541979,758.0,54446,1.0901054003594082,고특화·결제건수 증가
강원특별자치도,고성군,27204.0,슈퍼마켓,83.0,4020.0,140000000.0,10443.0,11.9701982156871,13.357120348104567,-1.2234980283183332,True,30.510219085428613,1686746.9879518072,125.81927710843374,0.38387737097485664,758.0,63862,1.0864548880092622,고특화·결제건수 증가
강원특별자치도,고성군,27204.0,일반한식,146.0,8001.0,3566010000.0,72163.0,9.542514465167798,9.95251670264767,-0.3728902709782227,True,53.66857815027202,24424726.02739726,494.2671232876712,2.6526613733274518,758.0,98173,1.2431883009173912,고특화·결제건수 증가
강원특별자치도,고성군,27204.0,갈비전문점,55.0,,,,,,,True,20.217615056609322,,,,758.0,61512,0.7474445211968851,판정불가
강원특별자치도,고성군,27204.0,한정식,207.0,,,,,,,True,76.09175121305691,,,,758.0,180762,0.9572807568452742,판정불가
강원특별자치도,고성군,27204.0,일식회집,98.0,8004.0,680410000.0,7222.0,17.81364284909336,24.3202088695511,-5.233715483284787,True,36.02411410086752,6942959.183673469,73.6938775510204,0.2654756653433319,758.0,44227,1.8523144537419771,고특화·결제건수 증가
강원특별자치도,고성군,27204.0,중국음식,30.0,8005.0,227190000.0,8231.0,1.6437913351177484,4.076235395505926,-2.337175293806977,True,11.027790030877812,7573000.0,274.3666666666667,0.30256579914718423,758.0,31984,0.7840876242870777,저특화·결제건수 증가
강원특별자치도,고성군,27204.0,서양음식,20.0,8006.0,1657540000.0,93209.0,10.207378326943472,11.462387668512092,-1.1259487328595588,True,7.351860020585208,82877000.0,4660.45,3.426297603293633,758.0,23100,0.7237592662394773,저특화·결제건수 증가
강원특별자치도,고성군,27204.0,스넥,32.0,8021.0,325840000.0,14807.0,6.237693170450564,5.22488708705183,0.9625157236432446,True,11.762976032936333,10182500.0,462.71875,0.5442949566240258,758.0,44410,0.6023450231977275,저특화·결제건수 증가
강원특별자치도,고성군,27204.0,제과점,16.0,8301.0,135620000.0,7719.0,-0.4845824167579433,-5.2811776774805255,5.064035999508196,True,5.881488016468166,8476250.0,482.4375,0.2837450374944861,758.0,31168,0.4291283123750494,저특화·결제건수 감소
강원특별자치도,동해시,85589.0,대형할인점,0.0,4004.0,2137040000.0,42061.0,-2.7873190153905942,-1.6015826713736727,-1.20503599164291,False,0.0,,,0.4914299734779002,1574.0,0,,판정불가
강원특별자치도,동해시,85589.0,편의점,123.0,4010.0,4478090000.0,464628.0,3.9803850868426913,4.297554894430338,-0.3041009042912403,True,14.37100561988106,36407235.772357725,3777.4634146341464,5.428594796060241,1574.0,54446,0.9094518934186613,저특화·결제건수 증가
강원특별자치도,동해시,85589.0,슈퍼마켓,156.0,4020.0,7104340000.0,236095.0,-0.9493977815222616,0.7624329726479656,-1.6988779485255776,True,18.22664127399549,45540641.025641024,1513.429487179487,2.758473635630747,1574.0,63862,0.9833829671722664,저특화·결제건수 증가
강원특별자치도,동해시,85589.0,일반한식,283.0,8001.0,10091530000.0,234114.0,3.3889523264868124,2.9112907711515037,0.464148833190219,True,33.06499667013284,35659116.60777385,827.2579505300354,2.735328137961654,1574.0,98173,1.1604728167612108,고특화·결제건수 증가
강원특별자치도,동해시,85589.0,갈비전문점,158.0,8002.0,9540000.0,133.0,14.081470563081735,8.380879936725899,5.259775183301638,True,18.46031616212364,60379.74683544304,0.8417721518987342,0.0015539380060521795,1574.0,61512,1.0340411879013949,고특화·결제건수 증가
강원특별자치도,동해시,85589.0,한정식,458.0,,,,,,,True,53.51154938134573,,,,1574.0,180762,1.0199971047315766,판정불가
강원특별자치도,동해시,85589.0,일식회집,114.0,8004.0,924870000.0,13504.0,4.576186248924705,3.2648233059810594,1.269902858457406,True,13.319468623304395,8112894.736842105,118.45614035087719,0.15777728446412506,1574.0,44227,1.0376669124338858,고특화·결제건수 증가
강원특별자치도,동해시,85589.0,중국음식,75.0,8005.0,974850000.0,31474.0,-1.9644157469562828,-1.695557517008813,-0.2734955035160064,True,8.762808304805525,12998000.0,419.6533333333333,0.36773417144726545,1574.0,31984,0.9439936772706558,저특화·결제건수 감소
강원특별자치도,동해시,85589.0,서양음식,43.0,8006.0,2913790000.0,230845.0,3.981822522758264,3.9997319861102936,-0.0172206822171169,True,5.024010094755167,67762558.13953489,5368.488372093023,2.697133977497108,1574.0,23100,0.7493713317601499,저특화·결제건수 증가
강원특별자치도,동해시,85589.0,스넥,100.0,8021.0,723330000.0,40392.0,1.9845596770765097,1.1027341666457249,0.8722073816295235,True,11.683744406407365,7233300.0,403.92,0.4719298040636063,1574.0,44410,0.9064833378015358,저특화·결제건수 증가
강원특별자치도,동해시,85589.0,제과점,64.0,8301.0,614820000.0,41413.0,-1.649459119890495,-0.4412665105749817,-1.2135475884130702,True,7.4775964201007135,9606562.5,647.078125,0.4838589071025482,1574.0,31168,0.8266309041430432,저특화·결제건수 감소
강원특별자치도,삼척시,60294.0,대형할인점,0.0,4004.0,652120000.0,16767.0,-23.201190952861815,-17.442939272360636,-6.974874868060031,False,0.0,,,0.2780873718777988,1281.0,0,,판정불가
강원특별자치도,삼척시,60294.0,편의점,102.0,4010.0,2372420000.0,248011.0,7.309169537898015,9.172316230605515,-1.7066109404255458,True,16.917106179719376,23259019.60784314,2431.4803921568628,4.113361196802336,1281.0,54446,0.926681280405801,저특화·결제건수 증가
강원특별자치도,삼척시,60294.0,슈퍼마켓,142.0,4020.0,1189900000.0,52326.0,4.348537651297651,7.034074662322933,-2.509048655297596,True,23.551265465883834,8379577.464788732,368.49295774647885,0.867847547019604,1281.0,63862,1.0998716959243524,고특화·결제건수 증가
강원특별자치도,삼척시,60294.0,일반한식,201.0,8001.0,6616590000.0,130836.0,7.652370673517394,7.113430210102326,0.5031492898303622,True,33.33665041297642,32918358.208955225,650.9253731343283,2.1699671609115336,1281.0,98173,1.0127451966634153,고특화·결제건수 증가
강원특별자치도,삼척시,60294.0,갈비전문점,102.0,8002.0,24740000.0,281.0,-0.5168953937273404,2.5375874481824425,-2.9788908808229584,True,16.917106179719376,242549.01960784313,2.7549019607843137,0.004660496898530534,1281.0,61512,0.8202316457435012,저특화·결제건수 증가
강원특별자치도,삼척시,60294.0,한정식,429.0,,,,,,,True,71.15135834411385,,,,1281.0,180762,1.173941218448977,판정불가
강원특별자치도,삼척시,60294.0,일식회집,116.0,8004.0,1148040000.0,12012.0,13.074037396374097,12.799256976743528,0.2436012674154971,True,19.239061929876936,9896896.551724138,103.55172413793103,0.19922380336351875,1281.0,44227,1.297378525136808,고특화·결제건수 증가
강원특별자치도,삼척시,60294.0,중국음식,48.0,8005.0,357980000.0,13235.0,3.024794938668758,4.931521783653882,-1.817115403049649,True,7.960991143397353,7457916.666666667,275.7291666666667,0.2195077453809666,1281.0,31984,0.7423430684897484,저특화·결제건수 증가
강원특별자치도,삼척시,60294.0,서양음식,23.0,8006.0,1323080000.0,97098.0,4.523300776180629,6.263902740613602,-1.6379992824860716,True,3.814641589544565,57525217.39130435,4221.652173913043,1.610408995919992,1281.0,23100,0.4925065982677223,저특화·결제건수 증가
강원특별자치도,삼척시,60294.0,스넥,78.0,8021.0,517020000.0,21616.0,6.093588132512181,7.230086825874047,-1.0598692279410018,True,12.9366106080207,6628461.538461538,277.12820512820514,0.3585099678243275,1281.0,44410,0.8687804242667458,저특화·결제건수 증가
강원특별자치도,삼척시,60294.0,제과점,40.0,8301.0,267840000.0,17467.0,0.5269705010108905,1.4035457335433807,-0.8644423882729146,True,6.634159286164461,6696000.0,436.675,0.2896971506285866,1281.0,31168,0.6348151069092262,저특화·결제건수 증가
강원특별자치도,속초시,78893.0,대형할인점,0.0,4004.0,4517840000.0,107901.0,-0.0777557011490165,3.455430290388916,-3.415176933313831,False,0.0,,,1.367687881054086,2309.0,0,,판정불가
강원특별자치도,속초시,78893.0,편의점,184.0,4010.0,7173850000.0,722728.0,2.157600590373969,3.5391513345549193,-1.3343268960326646,True,23.322728252189677,38988315.217391305,3927.8695652173915,9.160863447961162,2309.0,54446,0.9274131256072526,저특화·결제건수 증가
강원특별자치도,속초시,78893.0,슈퍼마켓,182.0,4020.0,5505640000.0,206651.0,-1.2297171033849217,0.4360493474581031,-1.6585344223171483,True,23.069220336405003,30250769.230769232,1135.4450549450548,2.619383215240896,2309.0,63862,0.7820783551540371,저특화·결제건수 증가
강원특별자치도,속초시,78893.0,일반한식,389.0,8001.0,28923970000.0,629237.0,1.431169045871277,1.6133074441073818,-0.1792465995030488,True,49.30728962011839,74354678.66323908,1617.5758354755785,7.975828020229931,2309.0,98173,1.087373970778739,고특화·결제건수 증가
강원특별자치도,속초시,78893.0,갈비전문점,187.0,8002.0,25060000.0,330.0,22.381930703552538,19.39023115542456,2.505816027974073,True,23.70299012586668,134010.69518716578,1.7647058823529411,0.004182880610447061,2309.0,61512,0.8342633261275931,저특화·결제건수 증가
강원특별자치도,속초시,78893.0,한정식,642.0,,,,,,,True,81.37604096687919,,,,2309.0,180762,0.9746513399324986,판정불가
강원특별자치도,속초시,78893.0,일식회집,358.0,8004.0,4754360000.0,48159.0,1.7330386977369776,3.388400889980313,-1.6011101612886298,True,45.377916925456,13280335.195530726,134.5223463687151,0.610434385813697,2309.0,44227,2.2213497292106217,고특화·결제건수 증가
강원특별자치도,속초시,78893.0,중국음식,75.0,8005.0,842170000.0,29321.0,-1.3723786188703595,0.0450523729567234,-1.4167926930989945,True,9.50654684192514,11228933.333333334,390.94666666666666,0.371655279936116,2309.0,31984,0.6435019696942451,저특화·결제건수 증가
강원특별자치도,속초시,78893.0,서양음식,64.0,8006.0,4874360000.0,352328.0,0.0603815663446783,2.39235213230573,-2.277485102547271,True,8.112253305109451,76161875.0,5505.125,4.465896847629067,2309.0,23100,0.7603076986533027,저특화·결제건수 증가
강원특별자치도,속초시,78893.0,스넥,121.0,8021.0,2464400000.0,129812.0,0.9167911145721804,1.160697401946537,-0.2411077559155579,True,15.337228904972557,20366942.14876033,1072.8264462809918,1.6454184781919816,2309.0,44410,0.7476976076988033,저특화·결제건수 증가
강원특별자치도,속초시,78893.0,제과점,107.0,8301.0,1184470000.0,78453.0,-0.9002752931186601,0.1616693107575921,-1.060230536475511,True,13.562673494479865,11069813.084112149,733.2056074766355,0.9944228258527372,2309.0,31168,0.9420983354128075,저특화·결제건수 증가
강원특별자치도,양구군,20372.0,대형할인점,0.0,,,,,,,False,0.0,,,,410.0,0,,판정불가
강원특별자치도,양구군,20372.0,편의점,26.0,4010.0,896360000.0,84083.0,6.503352041752191,7.761097556664523,-1.1671610102624774,True,12.762615354408013,34475384.615384616,3233.9615384615386,4.127380718633418,410.0,54446,0.7380212033762699,저특화·결제건수 증가
강원특별자치도,양구군,20372.0,슈퍼마켓,35.0,4020.0,1114840000.0,36982.0,2.8290352713638702,3.849545370077836,-0.9826813348843132,True,17.180443746318478,31852571.42857143,1056.6285714285714,1.8153347732181426,410.0,63862,0.847006999085681,저특화·결제건수 증가
강원특별자치도,양구군,20372.0,일반한식,80.0,8001.0,2062640000.0,46829.0,6.487434878397977,7.0246613140601735,-0.5019650882946344,True,39.2695857058708,25783000.0,585.3625,2.2986942862752797,410.0,98173,1.259387547070341,고특화·결제건수 증가
강원특별자치도,양구군,20372.0,갈비전문점,42.0,,,,,,,True,20.61653249558217,,,,410.0,61512,1.0552391918768973,판정불가
강원특별자치도,양구군,20372.0,한정식,149.0,,,,,,,True,73.13960337718437,,,,410.0,180762,1.2739154381951097,판정불가
강원특별자치도,양구군,20372.0,일식회집,13.0,8004.0,48330000.0,1198.0,15.579724024389437,26.213937922020637,-8.425546395835736,True,6.381307677204006,3717692.3076923075,92.15384615384616,0.05880620459454153,410.0,44227,0.45427343522084235,저특화·결제건수 증가
강원특별자치도,양구군,20372.0,중국음식,26.0,8005.0,198870000.0,6339.0,5.420402972390879,3.7304949685789057,1.629133269173972,True,12.762615354408013,7648846.153846154,243.80769230769232,0.31116237973689376,410.0,31984,1.2563251137764004,고특화·결제건수 증가
강원특별자치도,양구군,20372.0,서양음식,7.0,8006.0,497380000.0,38641.0,2.7698098113680585,5.532603043187094,-2.617952321983794,True,3.4360887492636953,71054285.71428572,5520.142857142857,1.896770076575692,410.0,23100,0.46832520325203253,저특화·결제건수 증가
강원특별자치도,양구군,20372.0,스넥,23.0,8021.0,243650000.0,9880.0,4.269418887348967,3.957464880016733,0.3000785058507123,True,11.290005890437856,10593478.260869564,429.5652173913044,0.4849793834675044,410.0,44410,0.8004026779290536,저특화·결제건수 증가
강원특별자치도,양구군,20372.0,제과점,9.0,8301.0,106960000.0,6516.0,-0.79680685431266,1.8180992107728149,-2.568213397573262,True,4.417828391910466,11884444.444444444,724.0,0.3198507755743177,410.0,31168,0.4462672785095407,저특화·결제건수 증가
강원특별자치도,양양군,27326.0,대형할인점,0.0,,,,,,,False,0.0,,,,833.0,0,,판정불가
강원특별자치도,양양군,27326.0,편의점,77.0,4010.0,2158200000.0,213371.0,8.080647687594556,9.06374801874714,-0.9013997309019168,True,28.178291736807438,28028571.42857143,2771.051948051948,7.8083510210056355,833.0,54446,1.0757839777721323,고특화·결제건수 증가
강원특별자치도,양양군,27326.0,슈퍼마켓,89.0,4020.0,1786600000.0,54177.0,4.547305217799265,5.536996062577736,-0.9377667374497014,True,32.56971382566054,20074157.303370785,608.7303370786517,1.9826172875649564,833.0,63862,1.0601023974150745,고특화·결제건수 증가
강원특별자치도,양양군,27326.0,일반한식,139.0,8001.0,6618420000.0,135155.0,7.802728795469065,7.970421084999166,-0.1553131754465227,True,50.867305862548484,47614532.37410072,972.3381294964029,4.94602210349118,833.0,98173,1.0770182519138465,고특화·결제건수 증가
강원특별자치도,양양군,27326.0,갈비전문점,60.0,,,,,,,True,21.957110444265535,,,,833.0,61512,0.741979195111521,판정불가
강원특별자치도,양양군,27326.0,한정식,265.0,,,,,,,True,96.97723779550611,,,,833.0,180762,1.115164823190205,판정불가
강원특별자치도,양양군,27326.0,일식회집,91.0,8004.0,978730000.0,8957.0,8.72703038868887,11.04075824848584,-2.0836744059504255,True,33.301617507136065,10755274.725274725,98.42857142857143,0.32778306374881067,833.0,44227,1.5651437684079441,고특화·결제건수 증가
강원특별자치도,양양군,27326.0,중국음식,24.0,8005.0,262070000.0,8587.0,3.003391100128086,4.375759886276881,-1.3148347735566894,True,8.782844177706213,10919583.333333334,357.7916666666667,0.31424284564151356,833.0,31984,0.5707931997211091,저특화·결제건수 증가
강원특별자치도,양양군,27326.0,서양음식,33.0,8006.0,1271260000.0,73070.0,6.912805284909592,7.240206173515975,-0.3052967728135616,True,12.076410744346045,38523030.303030305,2214.242424242424,2.6740101002708045,833.0,23100,1.086681529754759,고특화·결제건수 증가
강원특별자치도,양양군,27326.0,스넥,31.0,8021.0,323330000.0,10121.0,5.552824440721545,5.7326042933825585,-0.17003255889,True,11.344507062870527,10430000.0,326.48387096774195,0.3703798580106858,833.0,44410,0.5309837693239872,저특화·결제건수 증가
강원특별자치도,양양군,27326.0,제과점,24.0,8301.0,352400000.0,19282.0,1.40848267152451,4.124723094194016,-2.6086411967812237,True,8.782844177706213,14683333.333333334,803.4166666666666,0.7056283393105467,833.0,31168,0.5857369641901935,저특화·결제건수 증가
강원특별자치도,영월군,35714.0,대형할인점,0.0,4004.0,235390000.0,9554.0,0.8704166761251039,2.7893516878457194,-1.8668616741042716,False,0.0,,,0.2675141401131209,772.0,0,,판정불가
강원특별자치도,영월군,35714.0,편의점,49.0,4010.0,1166570000.0,117255.0,9.87641309948473,11.833038344774074,-1.74959499826624,True,13.720109760878088,23807551.020408165,2392.9591836734694,3.283166265330123,772.0,54446,0.7386830398480103,저특화·결제건수 증가
강원특별자치도,영월군,35714.0,슈퍼마켓,131.0,4020.0,455540000.0,23585.0,6.206302405341587,9.317048188103222,-2.845618166901954,True,36.68029344234754,3477404.580152672,180.0381679389313,0.6603852830822646,772.0,63862,1.6836693531048084,고특화·결제건수 증가
강원특별자치도,영월군,35714.0,일반한식,108.0,8001.0,4021130000.0,112668.0,13.961077629654415,12.016658890426696,1.7358299725130206,True,30.24024192193538,37232685.18518519,1043.2222222222222,3.1547292378339025,772.0,98173,0.9029417193049659,저특화·결제건수 증가
강원특별자치도,영월군,35714.0,갈비전문점,65.0,,,,,,,True,18.20014560116481,,,,772.0,61512,0.8673243419540868,판정불가
강원특별자치도,영월군,35714.0,한정식,280.0,,,,,,,True,78.40062720501764,,,,772.0,180762,1.271390377167286,판정불가
강원특별자치도,영월군,35714.0,일식회집,25.0,8004.0,50840000.0,468.0,10.828811808148224,7.171366749152612,3.412707302274421,True,7.000056000448004,2033600.0,18.72,0.013104104832838663,772.0,44227,0.4639600150471934,저특화·결제건수 증가
강원특별자치도,영월군,35714.0,중국음식,30.0,8005.0,222560000.0,7737.0,6.592321772301808,4.737804845501962,1.7706280263706118,True,8.400067200537604,7418666.666666667,257.9,0.21663773310186482,772.0,31984,0.7698684186652912,저특화·결제건수 증가
강원특별자치도,영월군,35714.0,서양음식,17.0,8006.0,580470000.0,40461.0,13.673874578081744,13.321647063470255,0.3108210335261404,True,4.760038080304642,34145294.11764706,2380.0588235294117,1.1329170633365067,772.0,23100,0.6040389834690352,저특화·결제건수 증가
강원특별자치도,영월군,35714.0,스넥,41.0,8021.0,176380000.0,8717.0,7.330417700698175,3.879587202468183,3.3219524558796114,True,11.480091840734726,4301951.219512195,212.609756097561,0.24407795262362098,772.0,44410,0.7577590119389159,저특화·결제건수 증가
강원특별자치도,영월군,35714.0,제과점,26.0,8301.0,152550000.0,8874.0,6.282005413515012,5.862943898455592,0.3958528826304012,True,7.280058240465923,5867307.692307692,341.3076923076923,0.24847398779190233,772.0,31168,0.6846875631709419,저특화·결제건수 증가
강원특별자치도,원주시,364811.0,대형할인점,0.0,4004.0,5770450000.0,164806.0,-5.216384722700864,-2.7361806676775227,-2.5499760055167053,False,0.0,,,0.4517572112683006,5651.0,0,,판정불가
강원특별자치도,원주시,364811.0,편의점,505.0,4010.0,17232060000.0,2034210.0,4.210805899521553,6.040307073498765,-1.725288453483233,True,13.842784345866765,34122891.089108914,4028.138613861386,5.576065414694184,5651.0,54446,1.0400289272086403,고특화·결제건수 증가
강원특별자치도,원주시,364811.0,슈퍼마켓,552.0,4020.0,19838870000.0,714206.0,-1.8062871766461857,0.0946300662654976,-1.8991201042984591,True,15.131122690927631,35939981.88405797,1293.8514492753623,1.9577425022820036,5651.0,63862,0.9692070886724035,저특화·결제건수 증가
강원특별자치도,원주시,364811.0,일반한식,985.0,8001.0,40306250000.0,1085457.0,3.3728539721527997,3.8479400422284185,-0.4574824208188218,True,27.000282337977747,40920050.76142132,1101.9868020304568,2.9753954787547525,5651.0,98173,1.125030217847189,고특화·결제건수 증가
강원특별자치도,원주시,364811.0,갈비전문점,649.0,8002.0,80320000.0,1049.0,-4.963679317242022,-2.9070048013675347,-2.118252209304059,True,17.79003374350006,123759.63020030817,1.6163328197226503,0.0028754615403592545,5651.0,61512,1.1830548178009945,고특화·결제건수 감소
강원특별자치도,원주시,364811.0,한정식,1611.0,,,,,,,True,44.159852636022485,,,,5651.0,180762,0.999328842530991,판정불가
강원특별자치도,원주시,364811.0,일식회집,257.0,8004.0,2804500000.0,46828.0,-0.3104184359623076,2.3994382978531403,-2.646358982881557,True,7.044743716609422,10912451.361867703,182.2101167315175,0.12836235749470273,5651.0,44227,0.6515768736536781,저특화·결제건수 증가
강원특별자치도,원주시,364811.0,중국음식,269.0,8005.0,2899490000.0,98675.0,-1.3442238043303962,0.5193411731799232,-1.853936720794527,True,7.373681166412196,10778773.234200744,366.82156133828994,0.2704825238274065,5651.0,31984,0.9430604304098608,저특화·결제건수 증가
강원특별자치도,원주시,364811.0,서양음식,181.0,8006.0,10218570000.0,930877.0,2.9344457220690603,5.129236061032599,-2.087706922638907,True,4.9614732011918505,56456187.84530387,5142.96685082873,2.5516692205004783,5651.0,23100,0.87859072561957,저특화·결제건수 증가
강원특별자치도,원주시,364811.0,스넥,375.0,8021.0,3306660000.0,194168.0,1.605626918571374,0.6799449265674049,0.9194303718373048,True,10.279295306336707,8817760.0,517.7813333333334,0.5322427229442095,5651.0,44410,0.9468267388733967,저특화·결제건수 증가
강원특별자치도,원주시,364811.0,제과점,267.0,8301.0,2763030000.0,218482.0,1.575729911354275,3.848377977807296,-2.1884290450243995,True,7.318858258111735,10348426.966292135,818.2846441947565,0.5988909325650816,5651.0,31168,0.9605552405363736,저특화·결제건수 증가
강원특별자치도,인제군,30771.0,대형할인점,0.0,4004.0,44810000.0,1799.0,8.600590060495056,2.801052811433322,5.641515422706613,False,0.0,,,0.05846413831204706,813.0,0,,판정불가
강원특별자치도,인제군,30771.0,편의점,55.0,4010.0,1187380000.0,114967.0,7.845754756728994,8.816889313106538,-0.8924483713031454,True,17.87397224659582,21588727.272727273,2090.309090909091,3.736212667771603,813.0,54446,0.7873203773363083,저특화·결제건수 증가
강원특별자치도,인제군,30771.0,슈퍼마켓,102.0,4020.0,564380000.0,20584.0,-22.47934172655244,-12.014211653904256,-11.89411411702442,True,33.14809398459588,5533137.2549019605,201.80392156862746,0.6689415358616879,813.0,63862,1.244836854744796,고특화·결제건수 감소
강원특별자치도,인제군,30771.0,일반한식,138.0,8001.0,2769490000.0,65916.0,6.796427907635391,7.335493067988469,-0.50222451581008,True,44.84742127327679,20068768.115942027,477.6521739130435,2.142146826557473,813.0,98173,1.0955742222207856,고특화·결제건수 증가
강원특별자치도,인제군,30771.0,갈비전문점,71.0,,,,,,,True,23.073673263787335,,,,813.0,61512,0.8996079445772999,판정불가
강원특별자치도,인제군,30771.0,한정식,303.0,,,,,,,True,98.46933801306425,,,,813.0,180762,1.3064424155045813,판정불가
강원특별자치도,인제군,30771.0,일식회집,36.0,8004.0,40950000.0,447.0,-3.891982490456621,0.8458370004989098,-4.698081380327137,True,11.6993272886809,1137500.0,12.416666666666666,0.014526664716778786,813.0,44227,0.634409679615823,저특화·결제건수 증가
강원특별자치도,인제군,30771.0,중국음식,28.0,8005.0,263060000.0,8711.0,-0.4764373088766382,1.5348846098288869,-1.9809171265959,True,9.099476780085144,9395000.0,311.10714285714283,0.28309122225472033,813.0,31984,0.6823073283259096,저특화·결제건수 증가
강원특별자치도,인제군,30771.0,서양음식,20.0,8006.0,1399360000.0,139151.0,3.2213430348183634,3.350087235968376,-0.1245709651468925,True,6.499626271489389,69968000.0,6957.55,4.5221474765201,813.0,23100,0.6747964622503367,저특화·결제건수 증가
강원특별자치도,인제군,30771.0,스넥,43.0,8021.0,227930000.0,9631.0,4.417473398934471,4.250982653781301,0.1597018473256155,True,13.974196483702187,5300697.674418605,223.97674418604652,0.31298950310357154,813.0,44410,0.7546445912556401,저특화·결제건수 증가
강원특별자치도,인제군,30771.0,제과점,17.0,8301.0,84320000.0,5371.0,0.0950968983142306,2.0321687359307465,-1.8984912911435696,True,5.524682330765981,4960000.0,315.94117647058823,0.17454746352084755,813.0,31168,0.42510358496808787,저특화·결제건수 증가
강원특별자치도,정선군,35128.0,대형할인점,0.0,,,,,,,False,0.0,,,,944.0,0,,판정불가
강원특별자치도,정선군,35128.0,편의점,75.0,4010.0,2727090000.0,263156.0,1.617801600926969,2.3538760158184626,-0.7191465956577469,True,21.350489637895695,36361200.0,3508.7466666666664,7.491345934866773,944.0,54446,0.9246313560878544,저특화·결제건수 증가
강원특별자치도,정선군,35128.0,슈퍼마켓,146.0,4020.0,1957780000.0,82314.0,23.811909118243616,23.185511784635622,0.5084991932356022,True,41.56228649510362,13409452.05479452,563.7945205479452,2.3432589387383285,944.0,63862,1.5345592907163699,고특화·결제건수 증가
강원특별자치도,정선군,35128.0,일반한식,100.0,8001.0,6488900000.0,146093.0,3.766734976455489,5.422622906129966,-1.5707140308479306,True,28.467319517194262,64889000.0,1460.93,4.158876110225461,944.0,98173,0.6837247011372348,저특화·결제건수 증가
강원특별자치도,정선군,35128.0,갈비전문점,91.0,,,,,,,True,25.905260760646776,,,,944.0,61512,0.9930128694745521,판정불가
강원특별자치도,정선군,35128.0,한정식,378.0,,,,,,,True,107.6064677749943,,,,944.0,180762,1.403647299876849,판정불가
강원특별자치도,정선군,35128.0,일식회집,29.0,8004.0,121140000.0,1774.0,0.8567231832088523,3.323583886710255,-2.38750981209305,True,8.255522659986337,4177241.379310345,61.172413793103445,0.05050102482350262,944.0,44227,0.4401329159693461,저특화·결제건수 증가
강원특별자치도,정선군,35128.0,중국음식,31.0,8005.0,530510000.0,17469.0,6.370868225053111,8.693250932611203,-2.136639292349368,True,8.824869050330221,17113225.80645161,563.516129032258,0.49729560464586653,944.0,31984,0.6505823091630561,저특화·결제건수 증가
강원특별자치도,정선군,35128.0,서양음식,19.0,8006.0,986330000.0,75907.0,-4.692347369347718,-2.370998867838866,-2.3777243181730454,True,5.40879070826691,51912105.2631579,3995.1052631578946,2.160868822591665,944.0,23100,0.552096448748991,저특화·결제건수 감소
강원특별자치도,정선군,35128.0,스넥,51.0,8021.0,445840000.0,18507.0,5.073927233072773,3.1963358333770913,1.819436111304633,True,14.518332953769072,8741960.784313725,362.88235294117646,0.5268446823047142,944.0,44410,0.7708373247741577,저특화·결제건수 증가
강원특별자치도,정선군,35128.0,제과점,24.0,8301.0,345620000.0,20621.0,10.445602566765782,8.943062709778244,1.3791973711903918,True,6.832156684126622,14400833.333333334,859.2083333333334,0.5870245957640629,944.0,31168,0.516863232172067,저특화·결제건수 증가
강원특별자치도,철원군,39711.0,대형할인점,0.0,,,,,,,False,0.0,,,,842.0,0,,판정불가
강원특별자치도,철원군,39711.0,편의점,57.0,4010.0,1564300000.0,141636.0,5.409258364615742,7.215980568000677,-1.6851239841425236,True,14.353705522399336,27443859.649122808,2484.842105263158,3.566669184860618,842.0,54446,0.7878474110589909,저특화·결제건수 증가
강원특별자치도,철원군,39711.0,슈퍼마켓,86.0,4020.0,1589990000.0,63849.0,0.4233147107350262,2.5962212043296304,-2.1179205901425022,True,21.65646798116391,18488255.81395349,742.4302325581396,1.6078416559643425,842.0,63862,1.0134193005687515,고특화·결제건수 증가
강원특별자치도,철원군,39711.0,일반한식,162.0,8001.0,4279470000.0,91797.0,4.224595061661391,3.90923189835908,0.303498695487206,True,40.79474201102969,26416481.48148148,566.6481481481482,2.3116265014731434,842.0,98173,1.2418129583790387,고특화·결제건수 증가
강원특별자치도,철원군,39711.0,갈비전문점,102.0,,,,,,,True,25.685578303240916,,,,842.0,61512,1.2478821118734262,판정불가
강원특별자치도,철원군,39711.0,한정식,279.0,,,,,,,True,70.2576112412178,,,,842.0,180762,1.1615296511592612,판정불가
강원특별자치도,철원군,39711.0,일식회집,34.0,8004.0,123850000.0,1916.0,-4.03659296563372,-1.3800758626640786,-2.693692097420629,True,8.56185943441364,3642647.0588235296,56.35294117647059,0.048248596106872155,842.0,44227,0.578528383608491,저특화·결제건수 감소
강원특별자치도,철원군,39711.0,중국음식,44.0,8005.0,375890000.0,12531.0,1.5130848631414922,1.359251000844956,0.151770914620605,True,11.080053385711768,8542954.545454545,284.79545454545456,0.3155548840371685,842.0,31984,1.035268822059486,고특화·결제건수 증가
강원특별자치도,철원군,39711.0,서양음식,21.0,8006.0,937510000.0,75702.0,0.8929134927207656,2.272009022903184,-1.3484584329164575,True,5.288207297726071,44643333.333333336,3604.8571428571427,1.9063231850117095,842.0,23100,0.6841330166270784,저특화·결제건수 증가
강원특별자치도,철원군,39711.0,스넥,42.0,8021.0,323560000.0,13700.0,1.5659868829018608,0.5601755812952911,1.000208378508131,True,10.576414595452142,7703809.523809524,326.1904761904762,0.34499257132784367,842.0,44410,0.7117078443632295,저특화·결제건수 증가
강원특별자치도,철원군,39711.0,제과점,15.0,8301.0,204640000.0,13261.0,-2.338034503193816,-0.9812721930158328,-1.37020777809091,True,3.7772909269471935,13642666.666666666,884.0666666666667,0.3339376998816449,842.0,31168,0.36217257361225597,저특화·결제건수 감소
강원특별자치도,춘천시,285027.0,대형할인점,0.0,4004.0,8809520000.0,195677.0,-2.502222675124806,-0.8297563586595953,-1.6864598240918116,False,0.0,,,0.686520926087704,4514.0,0,,판정불가
강원특별자치도,춘천시,285027.0,편의점,373.0,4010.0,10627740000.0,1333439.0,4.54140197520161,6.484921040365369,-1.825158948492855,True,13.086479526500998,28492600.536193028,3574.9034852546915,4.678290126900259,4514.0,54446,0.9616712333622999,저특화·결제건수 증가
강원특별자치도,춘천시,285027.0,슈퍼마켓,369.0,4020.0,13025780000.0,487941.0,-0.4730591225352664,2.2042629078005507,-2.6195796086814163,True,12.946141944447367,35300216.80216802,1322.3333333333333,1.711911503120757,4514.0,63862,0.8110873402852881,저특화·결제건수 증가
강원특별자치도,춘천시,285027.0,일반한식,969.0,8001.0,31568510000.0,729053.0,3.6127398064710734,4.273219502382314,-0.6334125857657136,True,33.99677925249187,32578441.69246646,752.3766769865841,2.557838380223628,4514.0,98173,1.3855285738136236,고특화·결제건수 증가
강원특별자치도,춘천시,285027.0,갈비전문점,539.0,8002.0,113920000.0,1983.0,1.9702270761726828,3.5252055894010867,-1.502028906270119,True,18.910489181726643,211354.3599257885,3.679035250463822,0.006957235630308708,4514.0,61512,1.2300214623967527,고특화·결제건수 증가
강원특별자치도,춘천시,285027.0,한정식,1160.0,8003.0,18030000.0,218.0,-7.740964535850312,-4.417645105955801,-3.4769172966898556,True,40.6978987955527,15543.103448275862,0.1879310344827586,0.0007648398221922836,4514.0,180762,0.9008129553775935,저특화·결제건수 감소
강원특별자치도,춘천시,285027.0,일식회집,243.0,8004.0,2044350000.0,36097.0,2.224035097373721,3.2309974345794807,-0.9754457112980008,True,8.525508109758023,8412962.962962963,148.54732510288065,0.12664414248474706,4514.0,44227,0.7712631190322846,저특화·결제건수 증가
강원특별자치도,춘천시,285027.0,중국음식,222.0,8005.0,2320870000.0,78733.0,0.1206617028268763,1.3319111974382678,-1.1953287767871266,True,7.788735803976465,10454369.369369369,354.65315315315314,0.2762299711957113,4514.0,31984,0.9743252773927948,저특화·결제건수 증가
강원특별자치도,춘천시,285027.0,서양음식,129.0,8006.0,8176700000.0,636552.0,3.4956675784863367,6.391894841205348,-2.7222254731356803,True,4.525887021229567,63385271.31782946,4934.511627906977,2.233304213285057,4514.0,23100,0.7839015127539717,저특화·결제건수 증가
강원특별자치도,춘천시,285027.0,스넥,294.0,8021.0,2337730000.0,130566.0,4.462338024999089,3.6792080636073017,0.7553394513886976,True,10.314812280941807,7951462.585034014,444.1020408163265,0.45808291846035637,4514.0,44410,0.9292880005930161,저특화·결제건수 증가
강원특별자치도,춘천시,285027.0,제과점,216.0,8301.0,1605560000.0,123891.0,1.4842700499133512,4.3868775404129146,-2.7806248820651396,True,7.5782294308960205,7433148.148148148,573.5694444444445,0.43466408445515686,4514.0,31168,0.97281125842576,저특화·결제건수 증가
강원특별자치도,태백시,36811.0,대형할인점,0.0,4004.0,1039000000.0,21491.0,-2.0419843102610935,-1.281977660783798,-0.7698762915506552,False,0.0,,,0.5838200537882698,757.0,0,,판정불가
강원특별자치도,태백시,36811.0,편의점,58.0,4010.0,1272940000.0,123439.0,2.407431992494429,3.82051740771282,-1.3610849285879438,True,15.756159843525035,21947241.379310343,2128.2586206896553,3.353318301594632,757.0,54446,0.8916850023517782,저특화·결제건수 증가
강원특별자치도,태백시,36811.0,슈퍼마켓,89.0,4020.0,885520000.0,33651.0,-0.8000809258906437,2.350150083580014,-3.077895837864568,True,24.177555621960828,9949662.921348315,378.1011235955056,0.9141560946456222,757.0,63862,1.1665327569970372,고특화·결제건수 증가
강원특별자치도,태백시,36811.0,일반한식,141.0,8001.0,3464240000.0,72137.0,-0.7918927844097303,-1.8185685846184985,1.045692434310863,True,38.30376789546603,24569078.014184397,511.6099290780142,1.9596587976420092,757.0,98173,1.2021993741105748,고특화·결제건수 감소
강원특별자치도,태백시,36811.0,갈비전문점,104.0,8002.0,15410000.0,266.0,-5.081077452031935,-3.2831587825758004,-1.8589509818815355,True,28.252424547010406,148173.07692307694,2.5576923076923075,0.007226100893754584,757.0,61512,1.4152166805570516,고특화·결제건수 감소
강원특별자치도,태백시,36811.0,한정식,237.0,,,,,,,True,64.38292901578333,,,,757.0,180762,1.0974649413475908,판정불가
강원특별자치도,태백시,36811.0,일식회집,14.0,8004.0,85470000.0,1289.0,0.6027883527730726,3.468650782214041,-2.769788151073095,True,3.8032109967129393,6105000.0,92.07142857142857,0.0350167069625927,757.0,44227,0.2649659097823021,저특화·결제건수 증가
강원특별자치도,태백시,36811.0,중국음식,32.0,8005.0,223730000.0,8321.0,2.33473531668454,2.235933638625308,0.096640852724528,True,8.693053706772433,6991562.5,260.03125,0.2260465621689169,757.0,31984,0.8374649676225168,저특화·결제건수 증가
강원특별자치도,태백시,36811.0,서양음식,17.0,8006.0,598830000.0,37017.0,-2.607643751716475,-1.6048426331229535,-1.0191569843772728,True,4.618184781722855,35225294.11764706,2177.470588235294,1.0055961533237348,757.0,23100,0.6160080518336793,저특화·결제건수 감소
강원특별자치도,태백시,36811.0,스넥,48.0,8021.0,264810000.0,10573.0,2.191889401450063,0.8840258069122118,1.296403056952805,True,13.039580560158647,5516875.0,220.27083333333334,0.2872239276303279,757.0,44410,0.9047110850407084,저특화·결제건수 증가
강원특별자치도,태백시,36811.0,제과점,17.0,8301.0,159630000.0,9472.0,-0.7001061889052294,-1.799956762816142,1.1200102745926817,True,4.618184781722855,9390000.0,557.1764705882352,0.257314389720464,757.0,31168,0.4565511421123586,저특화·결제건수 감소
강원특별자치도,평창군,39897.0,대형할인점,0.0,4004.0,233690000.0,9128.0,1.0339236401562044,3.7086771672679113,-2.579102925782837,False,0.0,,,0.22878913201493847,1085.0,0,,판정불가
강원특별자치도,평창군,39897.0,편의점,78.0,4010.0,2583550000.0,250396.0,-5.089613244996944,-5.101180272377629,0.0121888000439576,True,19.550342130987293,33122435.897435896,3210.2051282051284,6.276060856706018,1085.0,54446,0.8366507651177991,저특화·결제건수 감소
강원특별자치도,평창군,39897.0,슈퍼마켓,118.0,4020.0,1542730000.0,75895.0,-0.6680948678787393,4.192347520730106,-4.6648746326037,True,29.576158608416673,13073983.050847458,643.1779661016949,1.902273353886257,1085.0,63862,1.0790835711853914,고특화·결제건수 증가
강원특별자치도,평창군,39897.0,일반한식,199.0,8001.0,7940860000.0,157410.0,-1.5892558945113398,-0.5716938940254463,-1.0234127889107618,True,49.878436975211166,39903819.09547739,791.0050251256281,3.945409429280397,1085.0,98173,1.1837952760998744,고특화·결제건수 감소
강원특별자치도,평창군,39897.0,갈비전문점,124.0,,,,,,,True,31.08003108003108,,,,1085.0,61512,1.1772736562436132,판정불가
강원특별자치도,평창군,39897.0,한정식,387.0,,,,,,,True,96.99977441912927,,,,1085.0,180762,1.2503149264121365,판정불가
강원특별자치도,평창군,39897.0,일식회집,41.0,8004.0,119650000.0,1557.0,-12.542433289436266,-11.001402315632353,-1.7315227586722122,True,10.276461889365114,2918292.6829268294,37.97560975609756,0.03902549063839386,1085.0,44227,0.5413921620746089,저특화·결제건수 감소
강원특별자치도,평창군,39897.0,중국음식,32.0,8005.0,334420000.0,11000.0,-2.014496010147626,0.1387682959306473,-2.150280398611422,True,8.020653181943505,10450625.0,343.75,0.27570995312930796,1085.0,31984,0.5842958345532213,저특화·결제건수 증가
강원특별자치도,평창군,39897.0,서양음식,21.0,8006.0,1364670000.0,90742.0,-9.787798402714612,-6.347124379650404,-3.673858384244386,True,5.263553650650425,64984285.71428572,4321.047619047619,2.2744065969872422,1085.0,23100,0.5309124423963133,저특화·결제건수 감소
강원특별자치도,평창군,39897.0,스넥,57.0,8021.0,550930000.0,19171.0,-4.115281452758199,-5.439117333720482,1.399982575918099,True,14.286788480336867,9665438.596491229,336.3333333333333,0.48051231922199666,1085.0,44410,0.7495656414827482,저특화·결제건수 감소
강원특별자치도,평창군,39897.0,제과점,28.0,8301.0,280930000.0,20672.0,-2.6719706514648256,-2.008725719375303,-0.6768408074683322,True,7.018071534200566,10033214.285714285,738.2857142857143,0.5181341955535504,1085.0,31168,0.5246439690004636,저특화·결제건수 감소
강원특별자치도,홍천군,65849.0,대형할인점,0.0,4004.0,233600000.0,10709.0,4.038820636905743,3.762356626347554,0.2664396025175954,False,0.0,,,0.16262965269024587,1338.0,0,,판정불가
강원특별자치도,홍천군,65849.0,편의점,83.0,4010.0,2600410000.0,263749.0,3.636860255734308,4.3781837226916345,-0.7102283643168819,True,12.604595362116356,31330240.963855423,3177.6987951807228,4.005360749593768,1338.0,54446,0.7219403688310471,저특화·결제건수 증가
강원특별자치도,홍천군,65849.0,슈퍼마켓,181.0,4020.0,5020350000.0,239287.0,-3.1487346374253455,-3.654274777507134,0.5247146553875173,True,27.487129645097117,27736740.331491712,1322.0276243093922,3.633874470379201,1338.0,63862,1.3422248430952035,고특화·결제건수 감소
강원특별자치도,홍천군,65849.0,일반한식,273.0,8001.0,10228700000.0,396305.0,3.051241194665072,4.335599396353767,-1.230987514443301,True,41.458488359732115,37467765.56776557,1451.6666666666667,6.018390560221112,1338.0,98173,1.3169212270514132,고특화·결제건수 증가
강원특별자치도,홍천군,65849.0,갈비전문점,129.0,,,,,,,True,19.590274719433857,,,,1338.0,61512,0.9931596707660527,판정불가
강원특별자치도,홍천군,65849.0,한정식,441.0,,,,,,,True,66.97140427341341,,,,1338.0,180762,1.1553688786230965,판정불가
강원특별자치도,홍천군,65849.0,일식회집,41.0,8004.0,411530000.0,6798.0,-5.726895858683215,-10.069486699928122,4.828829150296244,True,6.226366383696031,10037317.07317073,165.8048780487805,0.10323619189357469,1338.0,44227,0.4390212973474968,저특화·결제건수 감소
강원특별자치도,홍천군,65849.0,중국음식,62.0,8005.0,583270000.0,20612.0,-1.4211356524668977,0.6456103389055512,-2.053488457582037,True,9.415480872906194,9407580.64516129,332.4516129032258,0.3130191802457137,1338.0,31984,0.9180115094916667,저특화·결제건수 증가
강원특별자치도,홍천군,65849.0,서양음식,25.0,8006.0,1632690000.0,110067.0,-6.478756430974954,-5.253336638526456,-1.2933645882318354,True,3.7965648681073363,65307600.0,4402.68,1.6715060213518809,1338.0,23100,0.5125275820343085,저특화·결제건수 감소
강원특별자치도,홍천군,65849.0,스넥,62.0,8021.0,636180000.0,38816.0,-1.852891345186055,-5.682679415744609,4.06053527266744,True,9.415480872906194,10260967.741935484,626.0645161290323,0.5894698476818175,1338.0,44410,0.6611501940910035,저특화·결제건수 감소
강원특별자치도,홍천군,65849.0,제과점,41.0,8301.0,411680000.0,22623.0,-5.186044276540598,-1.5960396949883742,-3.648231809395357,True,6.226366383696031,10040975.609756097,551.780487804878,0.3435587480447691,1338.0,31168,0.6229656993643398,저특화·결제건수 감소
강원특별자치도,화천군,22579.0,대형할인점,0.0,,,,,,,False,0.0,,,,494.0,0,,판정불가
강원특별자치도,화천군,22579.0,편의점,33.0,4010.0,1181530000.0,112510.0,4.832112020161299,5.018644928596759,-0.177618849074173,True,14.615350546968422,35803939.39393939,3409.3939393939395,4.982948757695204,494.0,54446,0.7774390284709539,저특화·결제건수 증가
강원특별자치도,화천군,22579.0,슈퍼마켓,59.0,4020.0,957120000.0,47875.0,-0.0509818494151726,2.255774464356598,-2.2558689969883843,True,26.13047522033748,16222372.881355932,811.4406779661017,2.1203330528367066,494.0,63862,1.1850259865750503,고특화·결제건수 증가
강원특별자치도,화천군,22579.0,일반한식,76.0,8001.0,2543100000.0,75797.0,-1.1319759336210231,-7.753804358109482,7.178429829447971,True,33.65959519907879,33461842.10526316,997.328947368421,3.3569688648744407,494.0,98173,0.9929786428823842,저특화·결제건수 감소
강원특별자치도,화천군,22579.0,갈비전문점,69.0,,,,,,,True,30.55936932547943,,,,494.0,61512,1.4388238258240518,판정불가
강원특별자치도,화천군,22579.0,한정식,162.0,,,,,,,True,71.74808450329952,,,,494.0,180762,1.1495457354688365,판정불가
강원특별자치도,화천군,22579.0,일식회집,17.0,8004.0,86550000.0,1308.0,-2.310774514720938,-3.131642826951165,0.8474060427842345,True,7.529119978741309,5091176.470588235,76.94117647058823,0.057929934895256656,494.0,44227,0.49303734716432124,저특화·결제건수 감소
강원특별자치도,화천군,22579.0,중국음식,31.0,8005.0,337080000.0,11591.0,1.5151138024365622,2.5173044045280353,-0.9775818901137808,True,13.729571725940033,10873548.387096774,373.9032258064516,0.5133531157270029,494.0,31984,1.2432180158905364,고특화·결제건수 증가
강원특별자치도,화천군,22579.0,서양음식,4.0,8006.0,618750000.0,55941.0,-0.4957653032434156,-0.5272467192126385,0.0316482804897571,True,1.7715576420567785,154687500.0,13985.25,2.477567651357456,494.0,23100,0.2221091189512242,저특화·결제건수 감소
강원특별자치도,화천군,22579.0,스넥,30.0,8021.0,435150000.0,19244.0,-2.003791875043539,-7.692679817567777,6.162986782934396,True,13.286682315425837,14505000.0,641.4666666666667,0.8522963815935161,494.0,44410,0.8664806318013869,저특화·결제건수 감소
강원특별자치도,화천군,22579.0,제과점,13.0,8301.0,133510000.0,8922.0,-0.9904271924219996,0.4510089462472997,-1.4349643212051872,True,5.757562336684529,10270000.0,686.3076923076923,0.3951459320607644,494.0,31168,0.5349987841781043,저특화·결제건수 증가
강원특별자치도,횡성군,45575.0,대형할인점,0.0,,,,,,,False,0.0,,,,865.0,0,,판정불가
강원특별자치도,횡성군,45575.0,편의점,55.0,4010.0,1547810000.0,150354.0,3.374260592625341,3.099352613325716,0.2666437492878143,True,12.068019747668679,28142000.0,2733.7090909090907,3.29904552934723,865.0,54446,0.739990134999328,저특화·결제건수 증가
강원특별자치도,횡성군,45575.0,슈퍼마켓,95.0,4020.0,3548430000.0,162675.0,-0.334475335782704,0.7174921838244119,-1.0444735038548203,True,20.844761382336806,37351894.7368421,1712.3684210526317,3.569391113549095,865.0,63862,1.0897084265693566,고특화·결제건수 증가
강원특별자치도,횡성군,45575.0,일반한식,171.0,8001.0,4985270000.0,107510.0,7.219832495321092,7.19993843079144,0.0185579066750284,True,37.52057048820625,29153625.730994154,628.7134502923976,2.3589687328579263,865.0,98173,1.2759488572991562,고특화·결제건수 증가
강원특별자치도,횡성군,45575.0,갈비전문점,88.0,,,,,,,True,19.308831596269886,,,,865.0,61512,1.0479777055578987,판정불가
강원특별자치도,횡성군,45575.0,한정식,315.0,,,,,,,True,69.11684037301153,,,,865.0,180762,1.2765347312945525,판정불가
강원특별자치도,횡성군,45575.0,일식회집,27.0,8004.0,176070000.0,2481.0,15.65361483513367,15.296871637103193,0.3094127299076303,True,5.9243006034009875,6521111.111111111,91.88888888888889,0.05443773998902907,865.0,44227,0.4472038175095353,저특화·결제건수 증가
강원특별자치도,횡성군,45575.0,중국음식,39.0,8005.0,326080000.0,11348.0,-0.0020029462400873,1.860166591507592,-1.8281626665854576,True,8.557323093801426,8361025.641025641,290.97435897435895,0.24899616017553483,865.0,31984,0.8932253699103887,저특화·결제건수 증가
강원특별자치도,횡성군,45575.0,서양음식,13.0,8006.0,877230000.0,68916.0,4.60120127100695,6.040239989401766,-1.3570685227971944,True,2.852441031267142,67479230.76923077,5301.2307692307695,1.512144816236972,865.0,23100,0.41224993118634734,저특화·결제건수 증가
강원특별자치도,횡성군,45575.0,스넥,40.0,8021.0,267280000.0,12411.0,-1.8381809504048088,-4.715683234801419,3.0199117568186806,True,8.776741634668129,6682000.0,310.275,0.2723203510696654,865.0,44410,0.6597941150056034,저특화·결제건수 감소
강원특별자치도,횡성군,45575.0,제과점,22.0,8301.0,271930000.0,14755.0,3.765575661928576,5.571761095049836,-1.710860380073672,True,4.827207899067472,12360454.545454545,670.6818181818181,0.32375205704882065,865.0,31168,0.5170624087547923,저특화·결제건수 증가
경기도,가평군,62041.0,대형할인점,0.0,,,,,,,False,0.0,,,,1702.0,0,,판정불가
경기도,가평군,62041.0,편의점,152.0,4010.0,3691740000.0,365995.0,8.526412888730064,9.08574503075372,-0.5127454021292965,True,24.49992746732,24287763.157894738,2407.8618421052633,5.8992440482906465,1702.0,54446,1.0393537330382614,고특화·결제건수 증가
경기도,가평군,62041.0,슈퍼마켓,274.0,4020.0,5212690000.0,162896.0,6.162449291982611,5.9345430178364875,0.2151387712199656,True,44.16434293451105,19024416.05839416,594.5109489051094,2.6256185425766834,1702.0,63862,1.597326947746943,고특화·결제건수 증가
경기도,가평군,62041.0,일반한식,307.0,8001.0,11384930000.0,252060.0,11.937835945510823,10.327417576701516,1.4596719511626983,True,49.48340613465289,37084462.54071661,821.042345276873,4.0627971825083415,1702.0,98173,1.1642120340022313,고특화·결제건수 증가
경기도,가평군,62041.0,갈비전문점,146.0,,,,,,,True,23.53282506729421,,,,1702.0,61512,0.8836469423332645,판정불가
경기도,가평군,62041.0,한정식,582.0,,,,,,,True,93.80893280250157,,,,1702.0,180762,1.198675470083033,판정불가
경기도,가평군,62041.0,일식회집,43.0,8004.0,123660000.0,2237.0,-0.2414842996757224,4.113682798714146,-4.183088121865606,True,6.930900533518157,2875813.9534883723,52.02325581395349,0.03605680114762818,1702.0,44227,0.3619651388838222,저특화·결제건수 증가
경기도,가평군,62041.0,중국음식,50.0,8005.0,620980000.0,21623.0,5.287256310949917,5.199300607577371,0.0836086389021563,True,8.059186666881578,12419600.0,432.46,0.3485275865959607,1702.0,31984,0.5820000188108155,저특화·결제건수 증가
경기도,가평군,62041.0,서양음식,42.0,8006.0,2463460000.0,151570.0,7.731763569202554,8.389792037039056,-0.607094501677437,True,6.769716800180525,58653809.52380952,3608.809523809524,2.4430618461984817,1702.0,23100,0.6768977673325499,저특화·결제건수 증가
경기도,가평군,62041.0,스넥,71.0,8021.0,462460000.0,19908.0,4.9499567427935665,5.3507718719658675,-0.3804577052928519,True,11.44404506697184,6513521.126760564,280.3943661971831,0.32088457632855694,1702.0,44410,0.5952005812730483,저특화·결제건수 증가
경기도,가평군,62041.0,제과점,35.0,8301.0,565570000.0,33886.0,3.7159385758079897,4.669173676551151,-0.9107123590073264,True,5.641430666817105,16159142.857142856,968.1714285714286,0.5461871987878983,1702.0,31168,0.4180660299394118,저특화·결제건수 증가
경기도,고양시 덕양구,483048.0,대형할인점,0.0,4004.0,32318320000.0,881527.0,-3.323398664784409,-1.9229009219699384,-1.4279559203726306,False,0.0,,,1.8249263013199517,4208.0,0,,판정불가
경기도,고양시 덕양구,483048.0,편의점,401.0,4010.0,15986700000.0,2012138.0,2.4003794749862797,3.8297017626918657,-1.3766025168524532,True,8.301452443649492,39867082.29426434,5017.800498753118,4.165503221211971,4208.0,54446,1.1090419900472774,고특화·결제건수 증가
경기도,고양시 덕양구,483048.0,슈퍼마켓,412.0,4020.0,13110980000.0,684308.0,-1.2366060060489807,0.5354176626263675,-1.7625864693991034,True,8.529173084248356,31822766.990291264,1660.9417475728155,1.4166459647902485,4208.0,63862,0.9714585978106547,저특화·결제건수 증가
경기도,고양시 덕양구,483048.0,일반한식,728.0,8001.0,45735220000.0,1206339.0,2.199327212135868,2.760696593818709,-0.5462880267362676,True,15.070966032361174,62823104.395604394,1657.059065934066,2.497348089630844,4208.0,98173,1.1166290252184987,고특화·결제건수 증가
경기도,고양시 덕양구,483048.0,갈비전문점,394.0,,,,,,,True,8.156539308722943,,,,4208.0,61512,0.964508300831715,판정불가
경기도,고양시 덕양구,483048.0,한정식,990.0,,,,,,,True,20.494857653897746,,,,4208.0,180762,0.8247031483071474,판정불가
경기도,고양시 덕양구,483048.0,일식회집,293.0,8004.0,2713390000.0,59772.0,0.4583843906960255,2.7709202112721316,-2.250184989899922,True,6.065649790497011,9260716.723549489,204.0,0.12373925572613902,4208.0,44227,0.9975845966123098,저특화·결제건수 증가
경기도,고양시 덕양구,483048.0,중국음식,209.0,8005.0,3035250000.0,111116.0,-0.4720905157118231,0.6832565844010687,-1.1475066851302766,True,4.326692171378414,14522727.272727273,531.6555023923445,0.23003097000712144,4208.0,31984,0.9839728264797799,저특화·결제건수 증가
경기도,고양시 덕양구,483048.0,서양음식,153.0,8006.0,12673810000.0,1204215.0,1.303563038135194,4.38114229730991,-2.9484054221296105,True,3.167387091966016,82835359.47712418,7870.686274509804,2.4929510110796445,4208.0,23100,0.997353340575774,저특화·결제건수 증가
경기도,고양시 덕양구,483048.0,스넥,352.0,8021.0,3903130000.0,235760.0,2.7205222415297823,2.1108451656881573,0.5970737729693055,True,7.287060499163644,11088437.5,669.7727272727273,0.4880674384326195,4208.0,44410,1.1935249057563337,고특화·결제건수 증가
경기도,고양시 덕양구,483048.0,제과점,276.0,8301.0,3584370000.0,308514.0,-1.9961866919608175,-1.0494564562995476,-0.9567711320788622,True,5.713717891389676,12986847.826086957,1117.804347826087,0.6386818701247081,4208.0,31168,1.3334285286264163,고특화·결제건수 감소
경기도,고양시 일산동구,298269.0,대형할인점,0.0,4004.0,12046060000.0,358698.0,-2.3588574129864477,-1.1393982871779162,-1.2335137604673914,False,0.0,,,1.202598996208121,3167.0,0,,판정불가
경기도,고양시 일산동구,298269.0,편의점,316.0,4010.0,14933370000.0,1685600.0,2.063414676051775,3.4358247381484928,-1.326822757561021,True,10.594463387076766,47257500.0,5334.177215189873,5.651274520650822,3167.0,54446,1.1612303212143198,고특화·결제건수 증가
경기도,고양시 일산동구,298269.0,슈퍼마켓,256.0,4020.0,11631820000.0,432122.0,-0.510855975843454,2.9088122709981463,-3.3230081772164652,True,8.582856414847,45436796.875,1687.9765625,1.4487660467564514,3167.0,63862,0.8020375716002802,저특화·결제건수 증가
경기도,고양시 일산동구,298269.0,일반한식,497.0,8001.0,32019520000.0,858948.0,0.7729565083929584,1.1999135825283007,-0.4218947022985105,True,16.66281108663656,64425593.56136821,1728.2655935613682,2.879776309304688,3167.0,98173,1.0128883820118542,고특화·결제건수 증가
경기도,고양시 일산동구,298269.0,갈비전문점,287.0,,,,,,,True,9.622186683832378,,,,3167.0,61512,0.9335107259999286,판정불가
경기도,고양시 일산동구,298269.0,한정식,761.0,,,,,,,True,25.51388176444753,,,,3167.0,180762,0.8423154804713374,판정불가
경기도,고양시 일산동구,298269.0,일식회집,241.0,8004.0,3522760000.0,67854.0,1.8290280600540505,3.294363569583459,-1.4186016147360576,True,8.07995467178956,14617261.410788381,281.551867219917,0.22749263248946422,3167.0,44227,1.0902518310017106,고특화·결제건수 증가
경기도,고양시 일산동구,298269.0,중국음식,150.0,8005.0,2527800000.0,78732.0,-1.89755615661971,-0.8355582865660226,-1.070946250191828,True,5.029017430574415,16852000.0,524.88,0.26396306689598986,3167.0,31984,0.9383303113508129,저특화·결제건수 감소
경기도,고양시 일산동구,298269.0,서양음식,192.0,8006.0,11213510000.0,896858.0,2.1170302497449236,4.256559310924982,-2.052176932867484,True,6.43714231113525,58403697.916666664,4671.135416666667,3.0068763431667387,3167.0,23100,1.6629780323875683,고특화·결제건수 증가
경기도,고양시 일산동구,298269.0,스넥,213.0,8021.0,2382430000.0,148577.0,5.060985006744159,3.5533937732554497,1.455858836253875,True,7.1412047514156685,11185117.370892018,697.5446009389672,0.49813088185496984,3167.0,44410,0.9596129358952272,저특화·결제건수 증가
경기도,고양시 일산동구,298269.0,제과점,254.0,8301.0,2261120000.0,186030.0,-0.6396474271459711,1.447994007136304,-2.057843976821672,True,8.51580284910601,8902047.244094487,732.4015748031496,0.6236987417398389,3167.0,31168,1.6305046621051669,고특화·결제건수 증가
경기도,고양시 일산서구,276121.0,대형할인점,0.0,4004.0,9095510000.0,266631.0,-5.38065418943708,-4.811389078867463,-0.5980390984393278,False,0.0,,,0.9656310095936201,2187.0,0,,판정불가
경기도,고양시 일산서구,276121.0,편의점,230.0,4010.0,8262110000.0,1061742.0,3.444047009853288,4.701884406606104,-1.20135124967579,True,8.32968155265264,35922217.39130435,4616.269565217392,3.8452055439463133,2187.0,54446,1.2239351320456942,고특화·결제건수 증가
경기도,고양시 일산서구,276121.0,슈퍼마켓,215.0,4020.0,10153180000.0,476693.0,-2.2390783056317365,0.2599254124093589,-2.492525012123931,True,7.786441451392687,47224093.02325582,2217.1767441860466,1.7263916905994112,2187.0,63862,0.9754218690888076,저특화·결제건수 증가
경기도,고양시 일산서구,276121.0,일반한식,377.0,8001.0,19105760000.0,591436.0,1.1734231406239388,1.313479161682901,-0.138240263998294,True,13.653434545000199,50678408.48806366,1568.7957559681697,2.141945016858551,2187.0,98173,1.112617359114441,고특화·결제건수 증가
경기도,고양시 일산서구,276121.0,갈비전문점,201.0,,,,,,,True,7.279417356883395,,,,2187.0,61512,0.9467444183440581,판정불가
경기도,고양시 일산서구,276121.0,한정식,464.0,,,,,,,True,16.804227132307936,,,,2187.0,180762,0.743716448207491,판정불가
경기도,고양시 일산서구,276121.0,일식회집,149.0,8004.0,962930000.0,20548.0,-0.4644641114278426,1.9763979688992177,-2.3935558903261565,True,5.396185005848885,6462617.44966443,137.90604026845637,0.07441665067126368,2187.0,44227,0.9761022882642628,저특화·결제건수 증가
경기도,고양시 일산서구,276121.0,중국음식,108.0,8005.0,1522250000.0,55081.0,-0.543169484874553,0.0239903399499693,-0.5670237938887711,True,3.911328729071675,14094907.407407407,510.00925925925924,0.1994813867833305,2187.0,31984,0.9783348464355635,저특화·결제건수 증가
경기도,고양시 일산서구,276121.0,서양음식,72.0,8006.0,5455700000.0,575110.0,2.2051226287151424,4.470751690429266,-2.168673073615556,True,2.6075524860477834,75773611.1111111,7987.638888888889,2.082818764237418,2187.0,23100,0.903060944542426,저특화·결제건수 증가
경기도,고양시 일산서구,276121.0,스넥,221.0,8021.0,1932160000.0,131268.0,3.773218492080587,1.6902717801444391,2.048324461596042,True,8.003737491896668,8742805.429864254,593.972850678733,0.4754002774146117,2187.0,44410,1.4418100365231614,고특화·결제건수 증가
경기도,고양시 일산서구,276121.0,제과점,150.0,8301.0,2225900000.0,180652.0,-1.4971826690772314,0.6725707927936064,-2.155257827215578,True,5.432401012599549,14839333.333333334,1204.3466666666666,0.6542494051520891,2187.0,31168,1.394372688530039,고특화·결제건수 증가
경기도,과천시,80832.0,대형할인점,0.0,4004.0,1999580000.0,79734.0,-1.815323231270072,0.5382643925454744,-2.340986924765424,False,0.0,,,0.986416270783848,575.0,0,,판정불가
경기도,과천시,80832.0,편의점,73.0,4010.0,2913900000.0,467109.0,6.144739512131888,8.123198326083237,-1.8298189885066551,True,9.031076801266826,39916438.35616438,6398.753424657534,5.77876336104513,575.0,54446,1.4775233857559704,고특화·결제건수 증가
경기도,과천시,80832.0,슈퍼마켓,56.0,4020.0,1381580000.0,69163.0,0.1161359205126024,1.657507019468359,-1.516239325700404,True,6.927949326999208,24671071.42857143,1235.0535714285713,0.855638855898654,575.0,63862,0.9663245067829681,저특화·결제건수 증가
경기도,과천시,80832.0,일반한식,82.0,8001.0,9946310000.0,478606.0,7.1486432716797905,11.142400265717791,-3.593369393219665,True,10.14449722882027,121296463.41463415,5836.658536585366,5.920996634996041,575.0,98173,0.9204480289674969,저특화·결제건수 증가
경기도,과천시,80832.0,갈비전문점,31.0,,,,,,,True,3.835114806017419,,,,575.0,61512,0.5553660508801394,판정불가
경기도,과천시,80832.0,한정식,156.0,,,,,,,True,19.299287410926365,,,,575.0,180762,0.9510315894596932,판정불가
경기도,과천시,80832.0,일식회집,40.0,8004.0,326480000.0,12405.0,10.488350735503952,9.88056322970108,0.5531346836403753,True,4.948535233570863,8162000.0,310.125,0.15346644893111638,575.0,44227,0.9966668010196407,저특화·결제건수 증가
경기도,과천시,80832.0,중국음식,20.0,8005.0,459820000.0,18446.0,0.7460452516419646,1.0812837810261413,-0.3316524254979012,True,2.4742676167854314,22991000.0,922.3,0.22820170229612036,575.0,31984,0.6890880222720056,저특화·결제건수 증가
경기도,과천시,80832.0,서양음식,29.0,8006.0,3321380000.0,299238.0,6.185601545309775,6.780714185001417,-0.5573222133170709,True,3.587688044338876,114530344.8275862,10318.551724137931,3.701974465558195,575.0,23100,1.3834501035196687,고특화·결제건수 증가
경기도,과천시,80832.0,스넥,45.0,8021.0,851300000.0,44814.0,10.653905946369717,8.91724496431653,1.5944775160463909,True,5.567102137767221,18917777.777777776,995.8666666666667,0.5544091448931117,575.0,44410,1.1166298228953526,고특화·결제건수 증가
경기도,과천시,80832.0,제과점,43.0,8301.0,694670000.0,54177.0,1.677306625945219,3.961788933366993,-2.197424968212113,True,5.319675376088678,16155116.279069768,1259.9302325581396,0.6702419833729216,575.0,31168,1.5203269797339523,고특화·결제건수 증가
경기도,광명시,303666.0,대형할인점,0.0,4004.0,7805350000.0,384192.0,-1.8127327762477723,-1.2556400980085185,-0.5641767071984469,False,0.0,,,1.2651795064314082,2257.0,0,,판정불가
경기도,광명시,303666.0,편의점,194.0,4010.0,10254290000.0,1335568.0,1.6609353527993154,2.636751334424768,-0.9507471436287648,True,6.388597999117451,52857164.948453605,6884.371134020618,4.398147965198606,2257.0,54446,1.000344339261588,고특화·결제건수 증가
경기도,광명시,303666.0,슈퍼마켓,211.0,4020.0,5756290000.0,399587.0,-0.9507290931333464,1.224571348863343,-2.1489845923868076,True,6.948423596978259,27280995.260663506,1893.777251184834,1.3158766539553326,2257.0,63862,0.9275849799468606,저특화·결제건수 증가
경기도,광명시,303666.0,일반한식,418.0,8001.0,28295160000.0,757517.0,1.1822294960255424,1.5609424956181732,-0.3728923642166424,True,13.765123523871623,67691770.33492823,1812.2416267942583,2.4945729847925024,2257.0,98173,1.1953579852509695,고특화·결제건수 증가
경기도,광명시,303666.0,갈비전문점,217.0,8002.0,32670000.0,696.0,-9.12648697367892,-8.016459840968885,-1.2067671355014988,True,7.1460091021056025,150552.99539170507,3.207373271889401,0.002291991859477189,2257.0,61512,0.9904068917999826,저특화·결제건수 감소
경기도,광명시,303666.0,한정식,518.0,,,,,,,True,17.05821527599402,,,,2257.0,180762,0.8045191566992991,판정불가
경기도,광명시,303666.0,일식회집,166.0,8004.0,1958690000.0,47044.0,0.7525747901032576,3.059304743933578,-2.2382549150333877,True,5.466532308523179,11799337.34939759,283.3975903614458,0.1549202083868461,2257.0,44227,1.0537422037807345,고특화·결제건수 증가
경기도,광명시,303666.0,중국음식,123.0,8005.0,1972540000.0,72831.0,-0.3292486591895632,0.0410983705756903,-0.3701948856993423,True,4.050502855110549,16036910.56910569,592.1219512195122,0.23983916539882635,2257.0,31984,1.0796577398136376,고특화·결제건수 증가
경기도,광명시,303666.0,서양음식,73.0,8006.0,8692320000.0,855213.0,0.9852838668449196,3.64156700705139,-2.562951542430602,True,2.4039569790493505,119072876.71232876,11715.246575342466,2.816294876607852,2257.0,23100,0.887206363271937,저특화·결제건수 증가
경기도,광명시,303666.0,스넥,195.0,8021.0,2300540000.0,146723.0,3.1223885151965836,2.182584820956223,0.9197298109918586,True,6.4215289166386755,11797641.025641026,752.425641025641,0.48317230114665455,2257.0,44410,1.2327289803784907,고특화·결제건수 증가
경기도,광명시,303666.0,제과점,142.0,8301.0,2163820000.0,190237.0,-1.4588286273673277,0.1699700457017897,-1.6260349008051167,True,4.676190288013805,15238169.014084507,1339.6971830985915,0.6264678956485086,2257.0,31168,1.2790666545968326,고특화·결제건수 증가
경기도,광주시,399111.0,대형할인점,0.0,4004.0,5535510000.0,129360.0,-2.218705380667425,0.0787069834828619,-2.2956055622595475,False,0.0,,,0.3241203574945316,3840.0,0,,판정불가
경기도,광주시,399111.0,편의점,457.0,4010.0,19113350000.0,2062169.0,3.112400894417848,4.3358530968532545,-1.1726095739109994,True,11.450448622062535,41823522.975929976,4512.404814004376,5.166905948470475,3840.0,54446,1.3850464030109344,고특화·결제건수 증가
경기도,광주시,399111.0,슈퍼마켓,368.0,4020.0,30367260000.0,1247280.0,-1.3681426818342008,0.4168550025446809,-1.7775877210390856,True,9.220492544680551,82519728.26086956,3389.3478260869565,3.125145636176402,3840.0,63862,0.9508661906402347,저특화·결제건수 증가
경기도,광주시,399111.0,일반한식,674.0,8001.0,40384380000.0,1155109.0,3.735747317254248,3.153734322278378,0.564219025903128,True,16.887532541072535,59917477.744807124,1713.8115727002967,2.894204870324296,3840.0,98173,1.13287485272597,고특화·결제건수 증가
경기도,광주시,399111.0,갈비전문점,387.0,,,,,,,True,9.696550583672211,,,,3840.0,61512,1.0381622183476396,판정불가
경기도,광주시,399111.0,한정식,1051.0,,,,,,,True,26.333526262117555,,,,3840.0,180762,0.9594220173948802,판정불가
경기도,광주시,399111.0,일식회집,188.0,8004.0,2346100000.0,46589.0,1.4760006705962745,2.6455908963381356,-1.1394451681056876,True,4.710469017391151,12479255.319148935,247.81382978723406,0.11673193672938105,3840.0,44227,0.701430216082182,저특화·결제건수 증가
경기도,광주시,399111.0,중국음식,193.0,8005.0,2926230000.0,103695.0,-0.438224856152423,0.7568528704609129,-1.1861006894983062,True,4.835747448704746,15161813.47150259,537.279792746114,0.25981493870126354,3840.0,31984,0.9957232196827581,저특화·결제건수 증가
경기도,광주시,399111.0,서양음식,99.0,8006.0,8554590000.0,741856.0,4.143755168887988,5.591709060534159,-1.37127612056747,True,2.4805129400091706,86410000.0,7493.49494949495,1.8587711188115588,3840.0,23100,0.7071919642857142,저특화·결제건수 증가
경기도,광주시,399111.0,스넥,256.0,8021.0,3168240000.0,175247.0,3.2315547062470187,2.171657519247389,1.0373690832997655,True,6.4142556832560365,12375937.5,684.55859375,0.4390933850482698,3840.0,44410,0.9512031824664114,저특화·결제건수 증가
경기도,광주시,399111.0,제과점,167.0,8301.0,1968100000.0,149948.0,-0.5607038007681652,1.3680843997924863,-1.9027568805124235,True,4.184299605874055,11785029.94011976,897.8922155688623,0.37570500437221727,3840.0,31168,0.884141219894336,저특화·결제건수 증가
경기도,구리시,187782.0,대형할인점,0.0,4004.0,4243780000.0,128331.0,-0.5542764778787287,0.7584062898568622,-1.3028022336511396,False,0.0,,,0.6834041601431448,1927.0,0,,판정불가
경기도,구리시,187782.0,편의점,187.0,4010.0,6968100000.0,888593.0,3.0391789586231015,4.004634474567557,-0.9282812451791106,True,9.95835596596053,37262566.844919786,4751.834224598931,4.732045669979018,1927.0,54446,1.1293777825807076,고특화·결제건수 증가
경기도,구리시,187782.0,슈퍼마켓,189.0,4020.0,8443860000.0,403918.0,-2.116930299399222,-0.2454845607303918,-1.8760511546048089,True,10.064862446879893,44676507.93650793,2137.132275132275,2.1509942379993823,1927.0,63862,0.9731569776729101,저특화·결제건수 감소
경기도,구리시,187782.0,일반한식,341.0,8001.0,21640670000.0,561146.0,2.141125854510411,2.16459372802114,-0.0229706522136223,True,18.159354996751553,63462375.366568916,1645.5894428152492,2.98828428709887,1927.0,98173,1.1421573232738995,고특화·결제건수 증가
경기도,구리시,187782.0,갈비전문점,184.0,,,,,,,True,9.798596244581482,,,,1927.0,61512,0.9836069468356085,판정불가
경기도,구리시,187782.0,한정식,491.0,,,,,,,True,26.14734106570385,,,,1927.0,180762,0.8931778954073952,판정불가
경기도,구리시,187782.0,일식회집,146.0,8004.0,1421270000.0,29942.0,0.4692114942751935,2.916467369662387,-2.3779050505076156,True,7.774973107113568,9734726.02739726,205.08219178082192,0.15945085258437977,1927.0,44227,1.0854978975817182,고특화·결제건수 증가
경기도,구리시,187782.0,중국음식,99.0,8005.0,1284060000.0,49132.0,0.1133963087568442,1.0976348753883824,-0.9735525147000113,True,5.272070805508515,12970303.030303031,496.2828282828283,0.26164382102650946,1927.0,31984,1.0178083982312902,고특화·결제건수 증가
경기도,구리시,187782.0,서양음식,54.0,8006.0,4447710000.0,469635.0,2.8520892851754005,5.152704917691595,-2.1878806011856984,True,2.8756749848228265,82365000.0,8696.944444444445,2.500958558328274,1927.0,23100,0.7686796649121506,저특화·결제건수 증가
경기도,구리시,187782.0,스넥,143.0,8021.0,1696820000.0,98217.0,5.204430621881745,1.6292430745647488,3.517872847575861,True,7.6152133857345214,11865874.125874126,686.8321678321678,0.5230373518228584,1927.0,44410,1.0588120531346408,고특화·결제건수 증가
경기도,구리시,187782.0,제과점,93.0,8301.0,1030810000.0,93018.0,0.4367945432749381,1.9997628224667112,-1.5323254054150302,True,4.952551362750423,11083978.494623655,1000.1935483870968,0.49535099210786976,1927.0,31168,0.9811550094890611,저특화·결제건수 증가
경기도,군포시,249462.0,대형할인점,0.0,4004.0,13809800000.0,424359.0,-2.254798554750975,-0.8639475198007954,-1.4029719765450006,False,0.0,,,1.7010967602280107,2162.0,0,,판정불가
경기도,군포시,249462.0,편의점,232.0,4010.0,9445790000.0,1240044.0,2.9041212186657086,3.713702566112427,-0.780592465041604,True,9.30001362933032,40714612.06896552,5345.017241379311,4.970873319383313,2162.0,54446,1.2488539255879667,고특화·결제건수 증가
경기도,군포시,249462.0,슈퍼마켓,224.0,4020.0,6687970000.0,465640.0,-0.5434510608288092,1.421919216404527,-1.9378160977607215,True,8.979323504180998,29857008.92857143,2078.75,1.8665768734316248,2162.0,63862,1.028004794449966,고특화·결제건수 증가
경기도,군포시,249462.0,일반한식,381.0,8001.0,21861980000.0,649551.0,1.5895494221504456,2.185095538068419,-0.5828111357944055,True,15.272867210236427,57380524.9343832,1704.8582677165355,2.6038073935108352,2162.0,98173,1.1374244260398818,고특화·결제건수 증가
경기도,군포시,249462.0,갈비전문점,220.0,,,,,,,True,8.818978441606337,,,,2162.0,61512,1.0482200685795353,판정불가
경기도,군포시,249462.0,한정식,480.0,,,,,,,True,19.24140750895928,,,,2162.0,180762,0.7782582565136604,판정불가
경기도,군포시,249462.0,일식회집,133.0,8004.0,1832570000.0,41054.0,2.885358735766428,3.0689110577674645,-0.1780869906525137,True,5.3314733306074675,13778721.804511279,308.6766917293233,0.16457015497350297,2162.0,44227,0.8813609344123152,저특화·결제건수 증가
경기도,군포시,249462.0,중국음식,142.0,8005.0,1843840000.0,74596.0,-0.7642500030081189,-0.0364408172901884,-0.7280745020169116,True,5.6922497214004535,12984788.732394366,525.3239436619718,0.2990275071954847,2162.0,31984,1.3012034463114999,고특화·결제건수 감소
경기도,군포시,249462.0,서양음식,59.0,8006.0,5985800000.0,633887.0,2.6766250154818723,5.384965001032231,-2.569949124643943,True,2.3650896729762447,101454237.28813559,10743.847457627118,2.541016267006598,2162.0,23100,0.7485652614422271,저특화·결제건수 증가
경기도,군포시,249462.0,스넥,167.0,8021.0,2288540000.0,156797.0,4.192442453780742,2.4908502316959837,1.6602381756401048,True,6.694406362492082,13703832.33532934,938.9041916167664,0.6285406194129767,2162.0,44410,1.1021109954108976,고특화·결제건수 증가
경기도,군포시,249462.0,제과점,124.0,8301.0,2038080000.0,200104.0,-1.3808244715523874,0.1660180731675078,-1.5442787628734227,True,4.970696939814481,16436129.032258065,1613.741935483871,0.8021422100359975,2162.0,31168,1.1660103011319278,고특화·결제건수 증가
경기도,김포시,484042.0,대형할인점,0.0,4004.0,17209660000.0,473928.0,-4.246259009711753,-3.1221109740082085,-1.1603762705873704,False,0.0,,,0.9791051189772788,4934.0,0,,판정불가
경기도,김포시,484042.0,편의점,545.0,4010.0,23913760000.0,2652744.0,3.610785389318553,4.653577677977575,-0.9964229716710608,True,11.259353527173262,43878458.71559633,4867.420183486239,5.480400461117011,4934.0,54446,1.28551368755595,고특화·결제건수 증가
경기도,김포시,484042.0,슈퍼마켓,510.0,4020.0,27974640000.0,1116078.0,-1.0494198582091907,1.6275420995227083,-2.6340910174826133,True,10.536275777721768,54852235.294117644,2188.3882352941177,2.30574619557807,4934.0,63862,1.0255901529261444,고특화·결제건수 증가
경기도,김포시,484042.0,일반한식,883.0,8001.0,42680590000.0,1159799.0,1.8600994304939928,2.4183715772287835,-0.5450898487620072,True,18.24221865044769,48335889.01472253,1313.475651189128,2.396071002103123,4934.0,98173,1.155087337013264,고특화·결제건수 증가
경기도,김포시,484042.0,갈비전문점,437.0,,,,,,,True,9.028142186008653,,,,4934.0,61512,0.9123632231579888,판정불가
경기도,김포시,484042.0,한정식,1218.0,,,,,,,True,25.163105680911986,,,,4934.0,180762,0.8653391091615688,판정불가
경기도,김포시,484042.0,일식회집,298.0,8004.0,3058510000.0,61946.0,1.11225873852682,2.609847127300658,-1.459497729214869,True,6.15649055247272,10263456.375838926,207.8724832214765,0.1279764979072064,4934.0,44227,0.8653164590328103,저특화·결제건수 증가
경기도,김포시,484042.0,중국음식,254.0,8005.0,3868440000.0,139326.0,-1.2636751906309207,-0.1079579726213881,-1.1569662553227174,True,5.247478524590841,15230078.74015748,548.5275590551181,0.28783865862879665,4934.0,31984,1.0198754119662183,고특화·결제건수 감소
경기도,김포시,484042.0,서양음식,162.0,8006.0,13455070000.0,1166779.0,3.06137567678237,4.483688027472083,-1.361276939531203,True,3.3468170117469147,83055987.65432099,7202.33950617284,2.4104912383636132,4934.0,23100,0.9006358214140946,저특화·결제건수 증가
경기도,김포시,484042.0,스넥,361.0,8021.0,4204560000.0,240452.0,5.08666234791202,3.913966137582404,1.1285260816404246,True,7.458030501485409,11646980.609418282,666.0720221606648,0.4967585457460303,4934.0,44410,1.043932961705638,고특화·결제건수 증가
경기도,김포시,484042.0,제과점,266.0,8301.0,3532400000.0,287679.0,-1.8811903602042237,0.3661256159455479,-2.239117991611252,True,5.4953908958313535,13279699.2481203,1081.5,0.5943265253841609,4934.0,31168,1.0960210195525495,고특화·결제건수 증가
경기도,남양주시,727440.0,대형할인점,0.0,4004.0,16261310000.0,465962.0,-2.387433483808895,-0.2553645247620297,-2.1375274458505804,False,0.0,,,0.6405504234026174,6662.0,0,,판정불가
경기도,남양주시,727440.0,편의점,661.0,4010.0,22897550000.0,2689040.0,3.1684968468771175,4.146866242124496,-0.939413186924806,True,9.086660068184319,34640771.558245085,4068.139183055976,3.6965797866490706,6662.0,54446,1.1547186472473208,고특화·결제건수 증가
경기도,남양주시,727440.0,슈퍼마켓,755.0,4020.0,25768850000.0,1109760.0,-0.4728697112136369,1.4414729387909098,-1.8871400370532896,True,10.378862861541846,34130927.15231788,1469.8807947019868,1.5255691191026064,6662.0,63862,1.1244629093235516,고특화·결제건수 증가
경기도,남양주시,727440.0,일반한식,1104.0,8001.0,58302830000.0,1527599.0,2.8873229034588004,2.7045382763468835,0.1779713245193432,True,15.176509402837347,52810534.42028985,1383.6947463768115,2.099965632904432,6662.0,98173,1.0695909248459905,고특화·결제건수 증가
경기도,남양주시,727440.0,갈비전문점,603.0,,,,,,,True,8.289343451006268,,,,6662.0,61512,0.9323911931485087,판정불가
경기도,남양주시,727440.0,한정식,1809.0,,,,,,,True,24.868030353018803,,,,6662.0,180762,0.9518579193572388,판정불가
경기도,남양주시,727440.0,일식회집,365.0,8004.0,2660220000.0,61094.0,1.3153077267804685,4.0768627117679355,-2.653380312428681,True,5.017595952930826,7288273.97260274,167.38082191780822,0.08398493346530297,6662.0,44227,0.7849573884118773,저특화·결제건수 증가
경기도,남양주시,727440.0,중국음식,323.0,8005.0,3646930000.0,136407.0,-0.2271994920821882,0.276927168945406,-0.5027344527403528,True,4.4402287473881,11290804.953560371,422.312693498452,0.18751649620587266,6662.0,31984,0.9605289172655976,저특화·결제건수 증가
경기도,남양주시,727440.0,서양음식,215.0,8006.0,17779580000.0,1335892.0,2.884435269535341,4.623268182245628,-1.6619944520194028,True,2.9555702188496644,82695720.93023255,6213.451162790698,1.8364291213021005,6662.0,23100,0.8852525339165987,저특화·결제건수 증가
경기도,남양주시,727440.0,스넥,461.0,8021.0,4417990000.0,262772.0,4.8122358324255075,3.595000032296565,1.1749947388865156,True,6.337292422742769,9583492.40780911,570.0043383947939,0.36122841746398326,6662.0,44410,0.9873266296540432,저특화·결제건수 증가
경기도,남양주시,727440.0,제과점,366.0,8301.0,3947430000.0,319406.0,0.424496828879491,2.057577351456677,-1.600156073618484,True,5.031342791158034,10785327.868852459,872.6939890710382,0.43908226107995163,6662.0,31168,1.1168962909560307,고특화·결제건수 증가
경기도,동두천시,86265.0,대형할인점,0.0,4004.0,1044040000.0,29543.0,-2.620690266685406,-4.538732815987193,2.0092364221444075,False,0.0,,,0.34246797658378253,1224.0,0,,판정불가
경기도,동두천시,86265.0,편의점,109.0,4010.0,4045480000.0,457150.0,3.0755614122530264,4.667201188519673,-1.5206671795875149,True,12.635483683996986,37114495.41284404,4194.036697247707,5.2993682258158,1224.0,54446,1.0363928977779506,고특화·결제건수 증가
경기도,동두천시,86265.0,슈퍼마켓,152.0,4020.0,3971550000.0,205091.0,-3.284446008885427,0.235037291690234,-3.511230599270138,True,17.620124036399467,26128618.42105263,1349.282894736842,2.3774531965455283,1224.0,63862,1.2321539725261352,고특화·결제건수 증가
경기도,동두천시,86265.0,일반한식,202.0,8001.0,8183950000.0,215126.0,2.6700445234191332,3.216616285029889,-0.5295385387382048,True,23.416217469425607,40514603.96039604,1064.980198019802,2.493780791746363,1224.0,98173,1.0651805213272634,고특화·결제건수 증가
경기도,동두천시,86265.0,갈비전문점,128.0,,,,,,,True,14.83799918854692,,,,1224.0,61512,1.0772438684582084,판정불가
경기도,동두천시,86265.0,한정식,355.0,,,,,,,True,41.1522633744856,,,,1224.0,180762,1.016681975859204,판정불가
경기도,동두천시,86265.0,일식회집,52.0,8004.0,438330000.0,10078.0,0.1278638988409002,-0.4983621281787844,0.6293625315257998,True,6.027937170347186,8429423.076923076,193.80769230769232,0.11682605923607489,1224.0,44227,0.6086670210475339,저특화·결제건수 감소
경기도,동두천시,86265.0,중국음식,55.0,8005.0,504890000.0,18689.0,0.0909660884002069,2.4882146122842266,-2.3390479900082983,True,6.375702776328754,9179818.181818182,339.8,0.21664638033965108,1224.0,31984,0.8902127738705955,저특화·결제건수 증가
경기도,동두천시,86265.0,서양음식,46.0,8006.0,1957650000.0,167071.0,2.9984414997419133,5.529012498034868,-2.39798604989322,True,5.332405958384049,42557608.69565217,3631.978260869565,1.9367182518982207,1224.0,23100,1.030883909119203,고특화·결제건수 증가
경기도,동두천시,86265.0,스넥,75.0,8021.0,613320000.0,31125.0,6.350922732082051,6.137782708339531,0.2008144680468945,True,8.69414014953921,8177600.0,415.0,0.36080681620587723,1224.0,44410,0.8742676309433929,저특화·결제건수 증가
경기도,동두천시,86265.0,제과점,50.0,8301.0,525380000.0,42375.0,-0.5591712077982272,1.5461584856655093,-2.073273597800275,True,5.79609343302614,10507600.0,847.5,0.4912189184489654,1224.0,31168,0.8304719689039202,저특화·결제건수 증가
경기도,부천시 소사구,224202.0,대형할인점,0.0,4004.0,16385470000.0,434410.0,-4.942408516432517,-3.672172541336984,-1.3186594243918062,False,0.0,,,1.937583072407918,1770.0,0,,판정불가
경기도,부천시 소사구,224202.0,편의점,178.0,4010.0,8461830000.0,1119153.0,2.588139875851921,3.7906555403388977,-1.1585972342371524,True,7.939269052015594,47538370.78651685,6287.376404494382,4.991717290657532,1770.0,54446,1.1703778231725377,고특화·결제건수 증가
경기도,부천시 소사구,224202.0,슈퍼마켓,233.0,4020.0,9786560000.0,593681.0,-1.6915760380813507,0.0064218157027693,-1.6978888184934082,True,10.392413983818164,42002403.433476396,2547.987124463519,2.647973702286331,1770.0,63862,1.3061271771211476,고특화·결제건수 증가
경기도,부천시 소사구,224202.0,일반한식,292.0,8001.0,13319070000.0,399414.0,0.7278144061421319,1.0154376803005736,-0.2847319981612347,True,13.023969456115466,45613253.42465753,1367.8561643835617,1.7814916905290765,1770.0,98173,1.064787267904387,고특화·결제건수 증가
경기도,부천시 소사구,224202.0,갈비전문점,145.0,,,,,,,True,6.467382092934051,,,,1770.0,61512,0.8438790685644544,판정불가
경기도,부천시 소사구,224202.0,한정식,354.0,,,,,,,True,15.78933283378382,,,,1770.0,180762,0.7010809794093892,판정불가
경기도,부천시 소사구,224202.0,일식회집,94.0,8004.0,913230000.0,18278.0,-0.2853432981155422,3.0684406837779963,-3.253938799931175,True,4.192647701626212,9715212.765957447,194.4468085106383,0.08152469647906799,1770.0,44227,0.7608734547332143,저특화·결제건수 증가
경기도,부천시 소사구,224202.0,중국음식,167.0,8005.0,2188130000.0,69004.0,0.5454175296681617,2.756145575693888,-2.151431462945688,True,7.44864006565508,13102574.850299401,413.1976047904192,0.3077760234074629,1770.0,31984,1.8691999248211677,고특화·결제건수 증가
경기도,부천시 소사구,224202.0,서양음식,31.0,8006.0,3876270000.0,444871.0,3.1464789084713187,4.981678696903967,-1.748114348343699,True,1.3826816888341762,125040967.74193548,14350.677419354839,1.9842418890108027,1770.0,23100,0.48042076943771855,저특화·결제건수 증가
경기도,부천시 소사구,224202.0,스넥,168.0,8021.0,1682920000.0,118948.0,4.729582233158925,4.231889170311378,0.4774863689118941,True,7.493242700778762,10017380.952380951,708.0238095238095,0.5305394242691859,1770.0,44410,1.3542553784267555,고특화·결제건수 증가
경기도,부천시 소사구,224202.0,제과점,108.0,8301.0,1429700000.0,131824.0,-0.8415190090055467,0.6286981339633956,-1.4610316641597156,True,4.817084593357776,13237962.962962963,1220.5925925925926,0.5879697772544402,1770.0,31168,1.2404717572129607,고특화·결제건수 증가
경기도,부천시 오정구,148912.0,대형할인점,0.0,4004.0,169800000.0,11394.0,-21.523042948221295,-17.014701931016095,-5.432698468417255,False,0.0,,,0.07651498871816911,1361.0,0,,판정불가
경기도,부천시 오정구,148912.0,편의점,136.0,4010.0,6870230000.0,862512.0,2.8544659831101944,3.913496448611984,-1.0191462145877148,True,9.132910712367035,50516397.058823526,6342.0,5.792091973783174,1361.0,54446,1.1629475583637825,고특화·결제건수 증가
경기도,부천시 오정구,148912.0,슈퍼마켓,178.0,4020.0,10411620000.0,682376.0,0.0076401418804967,1.8016571490449216,-1.7622669978130865,True,11.953368432362737,58492247.191011235,3833.5730337078653,4.582411088428065,1361.0,63862,1.29767126678436,고특화·결제건수 증가
경기도,부천시 오정구,148912.0,일반한식,244.0,8001.0,15258940000.0,397922.0,1.5197380114867427,1.698555770395208,-0.1758311684506089,True,16.38551627807027,62536639.344262294,1630.827868852459,2.6721956591812615,1361.0,98173,1.157137492734358,고특화·결제건수 증가
경기도,부천시 오정구,148912.0,갈비전문점,135.0,,,,,,,True,9.065756957129043,,,,1361.0,61512,1.021788762996156,판정불가
경기도,부천시 오정구,148912.0,한정식,365.0,,,,,,,True,24.51112066186741,,,,1361.0,180762,0.9400975660706358,판정불가
경기도,부천시 오정구,148912.0,일식회집,62.0,8004.0,606600000.0,10126.0,-0.4676828668398825,1.8000745696239413,-2.2276579325222725,True,4.16353282475556,9783870.967741935,163.32258064516128,0.06799989255399162,1361.0,44227,0.6526666321886516,저특화·결제건수 증가
경기도,부천시 오정구,148912.0,중국음식,65.0,8005.0,936560000.0,40158.0,-0.0862290939748939,0.5699949940139913,-0.6525048430478189,True,4.364994090469539,14408615.384615384,617.8153846153846,0.2696760502847319,1361.0,31984,0.9461669666574655,저특화·결제건수 증가
경기도,부천시 오정구,148912.0,서양음식,31.0,8006.0,3063430000.0,363508.0,3.2766477377861265,5.493200224662074,-2.1011330418979544,True,2.08176641237778,98820322.58064516,11726.064516129032,2.4410927259052326,1361.0,23100,0.6247940939785172,저특화·결제건수 증가
경기도,부천시 오정구,148912.0,스넥,94.0,8021.0,1183010000.0,69645.0,3.8315009690248742,3.629574617589415,0.1948539808067313,True,6.312452992371333,12585212.765957447,740.9042553191489,0.46769232835500163,1361.0,44410,0.9854492926360324,저특화·결제건수 증가
경기도,부천시 오정구,148912.0,제과점,51.0,8301.0,883900000.0,78110.0,-2.0045800174527297,-0.9172228467910608,-1.097422985006106,True,3.4248415171376383,17331372.54901961,1531.5686274509803,0.5245379821639626,1361.0,31168,0.7618131107547144,저특화·결제건수 감소
경기도,부천시 원미구,382339.0,대형할인점,0.0,4004.0,17209740000.0,455676.0,-1.6780959461385758,-1.3228145128070017,-0.3600441495949484,False,0.0,,,1.1918114552792156,4661.0,0,,판정불가
경기도,부천시 원미구,382339.0,편의점,369.0,4010.0,17499030000.0,2295358.0,2.845016506382197,4.000084689470733,-1.11064157931929,True,9.651121125493345,47422845.52845529,6220.482384823848,6.003462895493266,4661.0,54446,0.921354181661214,저특화·결제건수 증가
경기도,부천시 원미구,382339.0,슈퍼마켓,406.0,4020.0,16569360000.0,1083690.0,-0.1300756506183308,1.728413693294029,-1.8269127340524351,True,10.618848718022488,40811231.5270936,2669.1871921182264,2.8343694993186674,4661.0,63862,0.8642706045165198,저특화·결제건수 증가
경기도,부천시 원미구,382339.0,일반한식,778.0,8001.0,44752730000.0,1274797.0,1.1284056626503207,1.8149411354184588,-0.6742973723817309,True,20.348434242910088,57522789.203084834,1638.556555269923,3.3342060318199294,4661.0,98173,1.0773424151590252,고특화·결제건수 증가
경기도,부천시 원미구,382339.0,갈비전문점,441.0,,,,,,,True,11.53426671095546,,,,4661.0,61512,0.9746416479360744,판정불가
경기도,부천시 원미구,382339.0,한정식,1203.0,,,,,,,True,31.46422415709619,,,,4661.0,180762,0.9047419204349874,판정불가
경기도,부천시 원미구,382339.0,일식회집,374.0,8004.0,4535690000.0,95369.0,0.674882123856093,2.850532901249547,-2.115351973413985,True,9.78189512448377,12127513.368983958,254.99732620320856,0.2494357101943563,4661.0,44227,1.1496095020342938,고특화·결제건수 증가
경기도,부천시 원미구,382339.0,중국음식,308.0,8005.0,3793780000.0,136412.0,4.023332347227792,2.664494436302205,1.3235714239733063,True,8.055678337810162,12317467.532467533,442.8961038961039,0.35678285500563633,4661.0,31984,1.3091341852003024,고특화·결제건수 증가
경기도,부천시 원미구,382339.0,서양음식,152.0,8006.0,11672500000.0,1253385.0,3.301118334491332,5.4910879039059335,-2.0759759074714306,True,3.9755295693089114,76792763.15789473,8245.953947368422,3.27820337449227,4661.0,23100,0.8945360182262135,저특화·결제건수 증가
경기도,부천시 원미구,382339.0,스넥,361.0,8021.0,4119120000.0,259030.0,4.425799018294442,3.0157796955737988,1.3687411063503676,True,9.441882727108666,11410304.709141275,717.5346260387812,0.6774877791697943,4661.0,44410,1.1050772866457022,고특화·결제건수 증가
경기도,부천시 원미구,382339.0,제과점,269.0,8301.0,3464300000.0,305127.0,-1.0227913944681128,0.1398157555773016,-1.1609839116172158,True,7.035641145684851,12878438.661710037,1134.3011152416357,0.7980535597990265,4661.0,31168,1.173301345605789,고특화·결제건수 증가
경기도,성남시 분당구,467641.0,대형할인점,0.0,4004.0,23799430000.0,695138.0,-2.215079458883914,-1.4574244701002788,-0.7688605505888149,False,0.0,,,1.4864778751221557,4339.0,0,,판정불가
경기도,성남시 분당구,467641.0,편의점,387.0,4010.0,18438560000.0,2596413.0,2.605418695747418,3.2028662836834405,-0.5789060027594575,True,8.275578916305458,47644857.881136954,6709.077519379845,5.552150046723876,4339.0,54446,1.0380079098313395,고특화·결제건수 증가
경기도,성남시 분당구,467641.0,슈퍼마켓,240.0,4020.0,8600590000.0,393172.0,-1.3548583723978005,0.8982228866008998,-2.2330237288033796,True,5.132141963600283,35835791.666666664,1638.2166666666667,0.8407560500469378,4339.0,63862,0.5488130162317255,저특화·결제건수 증가
경기도,성남시 분당구,467641.0,일반한식,588.0,8001.0,46847950000.0,1307407.0,0.3580447746854173,0.7784877278711297,-0.4171951402178822,True,12.573747810820693,79673384.3537415,2223.4812925170068,2.7957493034186482,4339.0,98173,0.874663372458279,저특화·결제건수 증가
경기도,성남시 분당구,467641.0,갈비전문점,382.0,,,,,,,True,8.168659292063783,,,,4339.0,61512,0.9068995611878953,판정불가
경기도,성남시 분당구,467641.0,한정식,994.0,,,,,,,True,21.255621299244506,,,,4339.0,180762,0.8030358302983784,판정불가
경기도,성남시 분당구,467641.0,일식회집,531.0,8004.0,10321620000.0,208903.0,-0.5224933851297505,0.4994351358094067,-1.0168500146872803,True,11.354864094465626,19438079.096045196,393.4143126177024,0.44671660525916246,4339.0,44227,1.7533261755088834,고특화·결제건수 증가
경기도,성남시 분당구,467641.0,중국음식,203.0,8005.0,5666710000.0,151094.0,-1.8078832974532584,-0.928748695070058,-0.8873760962979562,True,4.3409367442119065,27914827.586206898,744.3054187192118,0.3230982741034255,4339.0,31984,0.926870239683105,저특화·결제건수 감소
경기도,성남시 분당구,467641.0,서양음식,343.0,8006.0,23993320000.0,2105478.0,2.700966732356341,4.945449201229786,-2.1387134801526457,True,7.334686222978737,69951370.26239067,6138.419825072886,4.502338332182165,4339.0,23100,2.1683921026350155,고특화·결제건수 증가
경기도,성남시 분당구,467641.0,스넥,333.0,8021.0,4796840000.0,312194.0,2.1342636422971237,1.0837262208987424,1.039274530800943,True,7.120846974495393,14404924.924924925,937.5195195195195,0.6675933034100945,4339.0,44410,1.0950126518598122,고특화·결제건수 증가
경기도,성남시 분당구,467641.0,제과점,338.0,8301.0,5685630000.0,488634.0,-0.0654061551067676,1.6945157774159287,-1.7305966984244352,True,7.227766598737065,16821390.53254438,1445.6627218934912,1.0448912734341087,4339.0,31168,1.5836654491780533,고특화·결제건수 증가
경기도,성남시 수정구,234639.0,대형할인점,0.0,4004.0,9722810000.0,290088.0,-1.7333687424394308,-0.524411536434496,-1.21533053956019,False,0.0,,,1.2363162134172068,2362.0,0,,판정불가
경기도,성남시 수정구,234639.0,편의점,256.0,4010.0,10800480000.0,1442069.0,2.6242694558303743,4.266895944041997,-1.575405571767607,True,10.910377217768572,42189375.0,5633.08203125,6.145904985957151,2362.0,54446,1.2613610614598658,고특화·결제건수 증가
경기도,성남시 수정구,234639.0,슈퍼마켓,240.0,4020.0,9616190000.0,567265.0,-2.360101633706451,-0.6483472622939861,-1.722924907884083,True,10.228478641658038,40067458.333333336,2363.6041666666665,2.417607473608394,2362.0,63862,1.0081709049235636,고특화·결제건수 감소
경기도,성남시 수정구,234639.0,일반한식,400.0,8001.0,22681680000.0,663717.0,2.4775438544676733,2.320577000027451,0.1534069285400324,True,17.047464402763392,56704200.0,1659.2925,2.8286729827522277,2362.0,98173,1.0930332224784922,고특화·결제건수 증가
경기도,성남시 수정구,234639.0,갈비전문점,228.0,,,,,,,True,9.717054709575134,,,,2362.0,61512,0.9943526436096565,판정불가
경기도,성남시 수정구,234639.0,한정식,557.0,,,,,,,True,23.73859418084803,,,,2362.0,180762,0.8266344316914263,판정불가
경기도,성남시 수정구,234639.0,일식회집,159.0,8004.0,1636040000.0,41183.0,0.8869827364387376,3.449156949028372,-2.4767473106156555,True,6.776367100098449,10289559.748427672,259.0125786163522,0.17551643162475122,2362.0,44227,0.9644396939375598,저특화·결제건수 증가
경기도,성남시 수정구,234639.0,중국음식,132.0,8005.0,2454390000.0,89615.0,0.4496369051489744,1.9057705901641475,-1.4289020892362725,True,5.62566325291192,18593863.636363637,678.9015151515151,0.3819271306134104,2362.0,31984,1.1071503152084088,고특화·결제건수 증가
경기도,성남시 수정구,234639.0,서양음식,92.0,8006.0,6705230000.0,735581.0,3.889129690209315,5.903225340905946,-1.9018265441994076,True,3.9209168126355807,72882934.7826087,7995.445652173913,3.134947728212275,2362.0,23100,1.0684182089431877,고특화·결제건수 증가
경기도,성남시 수정구,234639.0,스넥,186.0,8021.0,2263300000.0,167591.0,2.5358008528863305,1.9557753810597,0.5688990836063876,True,7.927070947284979,12168279.569892474,901.0268817204301,0.7142504016808799,2362.0,44410,1.1235634543104522,고특화·결제건수 증가
경기도,성남시 수정구,234639.0,제과점,112.0,8301.0,2216650000.0,182528.0,-1.6132089985741809,0.5848923931706509,-2.185319623500527,True,4.77329003277375,19791517.85714286,1629.7142857142858,0.7779098956268992,2362.0,31168,0.9639944222955175,저특화·결제건수 증가
경기도,성남시 중원구,200064.0,대형할인점,0.0,4004.0,189910000.0,14867.0,-22.28298427184859,-17.652127197481413,-5.623529687855598,False,0.0,,,0.07431122040946897,2092.0,0,,판정불가
경기도,성남시 중원구,200064.0,편의점,208.0,4010.0,9726760000.0,1225315.0,1.4828649625510355,2.7837698402548177,-1.2656714963126765,True,10.396673064619321,46763269.23076923,5890.9375,6.124615123160589,2092.0,54446,1.1571269345478803,고특화·결제건수 증가
경기도,성남시 중원구,200064.0,슈퍼마켓,207.0,4020.0,8968040000.0,542211.0,-1.9745571331502656,-0.1834847328519706,-1.7943647857317244,True,10.34668905950096,43323864.73429952,2619.376811594203,2.7101877399232244,2092.0,63862,0.9817738870855195,저특화·결제건수 감소
경기도,성남시 중원구,200064.0,일반한식,350.0,8001.0,19253910000.0,565389.0,-0.290646507076098,1.236935111930617,-1.5089172912215676,True,17.494401791426743,55011171.428571425,1615.3971428571429,2.826040666986564,2092.0,98173,1.0798405413754417,고특화·결제건수 증가
경기도,성남시 중원구,200064.0,갈비전문점,202.0,,,,,,,True,10.09676903390915,,,,2092.0,61512,0.9946611794505672,판정불가
경기도,성남시 중원구,200064.0,한정식,553.0,,,,,,,True,27.641154830454255,,,,2092.0,180762,0.9266199369344937,판정불가
경기도,성남시 중원구,200064.0,일식회집,142.0,8004.0,1381820000.0,26757.0,-0.8276452771543692,1.3319768949141848,-2.131234619362217,True,7.097728726807421,9731126.760563381,188.42957746478874,0.13374220249520152,2092.0,44227,0.9724885791497808,저특화·결제건수 증가
경기도,성남시 중원구,200064.0,중국음식,101.0,8005.0,1819350000.0,70925.0,-0.6980958964880524,0.8513233137221468,-1.536339989699803,True,5.048384516954575,18013366.336633664,702.2277227722773,0.3545115563019834,2092.0,31984,0.9564719620804667,저특화·결제건수 증가
경기도,성남시 중원구,200064.0,서양음식,56.0,8006.0,3661730000.0,463026.0,3.0744389218417205,5.345309686984297,-2.155644871034215,True,2.799104286628279,65388035.71428572,8268.32142857143,2.314389395393474,2092.0,23100,0.73427660930529,저특화·결제건수 증가
경기도,성남시 중원구,200064.0,스넥,167.0,8021.0,2301860000.0,144314.0,3.993524850070013,2.3990392800555904,1.5571294235032542,True,8.347328854766474,13783592.814371258,864.1556886227545,0.7213391714651312,2092.0,44410,1.1389885143778016,고특화·결제건수 증가
경기도,성남시 중원구,200064.0,제과점,106.0,8301.0,1337620000.0,122657.0,0.3617696128873355,1.5999274668462848,-1.2186601750901798,True,5.298304542546385,12619056.603773585,1157.1415094339623,0.6130888115802943,2092.0,31168,1.0301028215436925,고특화·결제건수 증가
경기도,수원시 권선구,360286.0,대형할인점,0.0,4004.0,15319650000.0,415890.0,-2.874650518873305,-1.2930863948889053,-1.602283027824822,False,0.0,,,1.1543329466035317,3217.0,0,,판정불가
경기도,수원시 권선구,360286.0,편의점,349.0,4010.0,15616980000.0,1884711.0,2.2235198520681396,3.433319179129234,-1.169641791119474,True,9.68674886062739,44747793.69627507,5400.318051575931,5.231152473312868,3217.0,54446,1.2625649074760343,고특화·결제건수 증가
경기도,수원시 권선구,360286.0,슈퍼마켓,330.0,4020.0,19049240000.0,863463.0,2.08856401289367,2.6071211627241793,-0.5053812483522321,True,9.159390040134783,57724969.696969695,2616.5545454545454,2.3966043643105754,3217.0,63862,1.0178076022584717,고특화·결제건수 증가
경기도,수원시 권선구,360286.0,일반한식,564.0,8001.0,30356570000.0,791068.0,1.120490524787226,1.697535692342515,-0.567413127198059,True,15.654230250412171,53823705.673758864,1402.6028368794325,2.1956667758391943,3217.0,98173,1.131569693754063,고특화·결제건수 증가
경기도,수원시 권선구,360286.0,갈비전문점,351.0,,,,,,,True,9.742260315416086,,,,3217.0,61512,1.1239358771334154,판정불가
경기도,수원시 권선구,360286.0,한정식,798.0,,,,,,,True,22.14907046068956,,,,3217.0,180762,0.8695409101160905,판정불가
경기도,수원시 권선구,360286.0,일식회집,190.0,8004.0,1714720000.0,30272.0,9.377585157582148,10.55182580296668,-1.062163050547318,True,5.273588204926087,9024842.105263159,159.32631578947368,0.08402213796816974,3217.0,44227,0.8461753808781143,저특화·결제건수 증가
경기도,수원시 권선구,360286.0,중국음식,157.0,8005.0,2414300000.0,90148.0,-0.1457529867036726,1.006306966940681,-1.1405821955468651,True,4.357649200912609,15377707.006369427,574.1910828025477,0.25021233131456677,3217.0,31984,0.9668545416631226,저특화·결제건수 증가
경기도,수원시 권선구,360286.0,서양음식,77.0,8006.0,7007990000.0,768028.0,2.230651935650906,4.752951950480392,-2.4078557862711705,True,2.1371910093647823,91012857.14285715,9974.38961038961,2.131717579922617,3217.0,23100,0.6565578696508133,저특화·결제건수 증가
경기도,수원시 권선구,360286.0,스넥,235.0,8021.0,2620590000.0,146818.0,3.332062467783565,2.9535773493895254,0.3676269714354644,True,6.522595937671738,11151446.808510639,624.7574468085106,0.4075040384583359,3217.0,44410,1.042272682062201,고특화·결제건수 증가
경기도,수원시 권선구,360286.0,제과점,166.0,8301.0,2452240000.0,185353.0,-3.2377653097106665,0.7316163126587273,-3.940551901846704,True,4.607450747461739,14772530.120481927,1116.5843373493976,0.5144607339724552,3217.0,31168,1.049043310722873,고특화·결제건수 증가
경기도,수원시 영통구,362099.0,대형할인점,0.0,4004.0,5574930000.0,282663.0,-7.586416935963978,-4.514105215992868,-3.2175555634900452,False,0.0,,,0.7806235311337507,3288.0,0,,판정불가
경기도,수원시 영통구,362099.0,편의점,309.0,4010.0,12331140000.0,1708785.0,3.5293230425707027,4.776825252882132,-1.190627991734413,True,8.533577833686367,39906601.941747576,5530.0485436893205,4.719109967163676,3288.0,54446,1.0937196595515117,고특화·결제건수 증가
경기도,수원시 영통구,362099.0,슈퍼마켓,243.0,4020.0,6584940000.0,414704.0,-0.7786111082989299,1.32839515527675,-2.079383829524686,True,6.7108718886271435,27098518.51851852,1706.6008230452676,1.1452779488482432,3288.0,63862,0.7332925557777754,저특화·결제건수 증가
경기도,수원시 영통구,362099.0,일반한식,471.0,8001.0,27058840000.0,719343.0,0.4752942337369256,1.3806640771387997,-0.8930399614595184,True,13.007492426104465,57449766.45435244,1527.2675159235669,1.9865920646011175,3288.0,98173,0.924575460822512,저특화·결제건수 증가
경기도,수원시 영통구,362099.0,갈비전문점,347.0,8002.0,388370000.0,2492.0,0.7441085908677378,1.210250942522547,-0.4605683192303558,True,9.583014589932587,1119221.9020172912,7.181556195965418,0.006882095780435737,3288.0,61512,1.087134166292479,고특화·결제건수 증가
경기도,수원시 영통구,362099.0,한정식,723.0,,,,,,,True,19.966915125421497,,,,3288.0,180762,0.770805273894447,판정불가
경기도,수원시 영통구,362099.0,일식회집,326.0,8004.0,3344720000.0,77831.0,0.7010410809493657,2.580670342489437,-1.8323425410114031,True,9.003062698322834,10259877.300613496,238.74539877300614,0.21494397940894616,3288.0,44227,1.420507845583422,고특화·결제건수 증가
경기도,수원시 영통구,362099.0,중국음식,173.0,8005.0,2904910000.0,98112.0,-1.4467178436848125,0.2936497310068954,-1.7352719532687564,True,4.777698916594633,16791387.283236995,567.121387283237,0.27095352376007664,3288.0,31984,1.0423818585083295,고특화·결제건수 증가
경기도,수원시 영통구,362099.0,서양음식,169.0,8006.0,13847930000.0,1283432.0,1.7203250321778742,4.908794549555514,-3.039277623070476,True,4.6672318896213465,81940414.20118344,7594.2721893491125,3.5444229340594697,3288.0,23100,1.4098997798632833,고특화·결제건수 증가
경기도,수원시 영통구,362099.0,스넥,265.0,8021.0,4098710000.0,374572.0,11.703389988008,17.149733723194018,-4.649044912090732,True,7.3184405369802175,15466830.188679244,1413.4792452830188,1.034446380685945,3288.0,44410,1.1499491028905067,고특화·결제건수 증가
경기도,수원시 영통구,362099.0,제과점,262.0,8301.0,3589690000.0,288049.0,0.1948547446918963,2.3693344221849655,-2.1241514265641817,True,7.235590266750254,13701106.870229008,1099.4236641221373,0.7954979163157038,3288.0,31168,1.6199659048896615,고특화·결제건수 증가
경기도,수원시 장안구,269984.0,대형할인점,0.0,4004.0,26732480000.0,699501.0,-4.889628415418777,-3.63189606820158,-1.305133437207911,False,0.0,,,2.5908979791395046,2368.0,0,,판정불가
경기도,수원시 장안구,269984.0,편의점,241.0,4010.0,11123370000.0,1415134.0,4.165098380165814,5.73862779393221,-1.488131108371247,True,8.926454901031173,46155062.2406639,5871.925311203319,5.2415476472679865,2368.0,54446,1.1844444371363245,고특화·결제건수 증가
경기도,수원시 장안구,269984.0,슈퍼마켓,249.0,4020.0,11160490000.0,614536.0,-3.4656876376624153,-0.8180852266213491,-2.6694407111322747,True,9.222768756667062,44821244.97991968,2468.016064257028,2.276194144838213,2368.0,63862,1.0433270335021376,고특화·결제건수 감소
경기도,수원시 장안구,269984.0,일반한식,385.0,8001.0,21581840000.0,646877.0,2.284303712090981,3.30573212272786,-0.9887432087731992,True,14.260104302477185,56056727.27272727,1680.2,2.3959827249022165,2368.0,98173,1.0493788234008303,고특화·결제건수 증가
경기도,수원시 장안구,269984.0,갈비전문점,231.0,,,,,,,True,8.55606258148631,,,,2368.0,61512,1.0048836054402042,판정불가
경기도,수원시 장안구,269984.0,한정식,549.0,,,,,,,True,20.33453834301292,,,,2368.0,180762,0.8126973346616442,판정불가
경기도,수원시 장안구,269984.0,일식회집,163.0,8004.0,1974950000.0,46632.0,0.3855709211820424,2.9418228150759247,-2.4832005340394727,True,6.03739480858125,12116257.668711657,286.0858895705521,0.17272134645016002,2368.0,44227,0.9861971698222742,저특화·결제건수 증가
경기도,수원시 장안구,269984.0,중국음식,125.0,8005.0,2500000000.0,86638.0,0.2889903172012071,2.1422329570400693,-1.8143745110980265,True,4.629903994310774,20000000.0,693.104,0.3209004978072775,2368.0,31984,1.0457812838006841,고특화·결제건수 증가
경기도,수원시 장안구,269984.0,서양음식,84.0,8006.0,7089220000.0,706545.0,2.934039796984975,6.868829387082415,-3.681887050381639,True,3.1112954841768405,84395476.1904762,8411.25,2.6169884141282447,2368.0,23100,0.9730405405405405,저특화·결제건수 증가
경기도,수원시 장안구,269984.0,스넥,205.0,8021.0,2285630000.0,141863.0,5.404610349889602,3.4852157499333467,1.8547524745895696,True,7.5930425506696695,11149414.634146342,692.0146341463415,0.5254496562759274,2368.0,44410,1.235198389393672,고특화·결제건수 증가
경기도,수원시 장안구,269984.0,제과점,136.0,8301.0,1844940000.0,166404.0,-1.2323242197605535,0.7661294208200377,-1.9832593075344185,True,5.037335545810122,13565735.294117646,1223.5588235294117,0.616347635415432,2368.0,31168,1.1675986979022144,고특화·결제건수 증가
경기도,수원시 팔달구,193401.0,대형할인점,0.0,4004.0,6750750000.0,208635.0,-3.158038123767748,-3.258194130717209,0.1035291889059793,False,0.0,,,1.078768982580235,3101.0,0,,판정불가
경기도,수원시 팔달구,193401.0,편의점,274.0,4010.0,15645600000.0,1912483.0,2.4668534025394044,3.427478751162815,-0.9287912266860706,True,14.167455183789121,57100729.9270073,6979.86496350365,9.888692405933785,3101.0,54446,1.028319673396797,고특화·결제건수 증가
경기도,수원시 팔달구,193401.0,슈퍼마켓,280.0,4020.0,7586850000.0,527208.0,-1.1558141658581216,1.0050979037093666,-2.139408915406966,True,14.477691428689615,27095892.85714286,1882.8857142857144,2.7259838366916407,3101.0,63862,0.8958990509516394,저특화·결제건수 증가
경기도,수원시 팔달구,193401.0,일반한식,454.0,8001.0,36838750000.0,957165.0,0.7076308215894086,1.6101679912519715,-0.8882350925158267,True,23.474542530803873,81142621.14537445,2108.29295154185,4.949121255836319,3101.0,98173,0.9449467833427655,저특화·결제건수 증가
경기도,수원시 팔달구,193401.0,갈비전문점,284.0,,,,,,,True,14.68451559195661,,,,3101.0,61512,0.9434134265609091,판정불가
경기도,수원시 팔달구,193401.0,한정식,762.0,,,,,,,True,39.40000310236245,,,,3101.0,180762,0.8613732768622292,판정불가
경기도,수원시 팔달구,193401.0,일식회집,230.0,8004.0,3899990000.0,84524.0,0.6592119434210599,2.9697040831899932,-2.2438562491180076,True,11.892389387852182,16956478.260869566,367.495652173913,0.43704013939948605,3101.0,44227,1.0626345085040914,고특화·결제건수 증가
경기도,수원시 팔달구,193401.0,중국음식,232.0,8005.0,5015260000.0,136949.0,-0.3182455167904176,1.3840417129950666,-1.6790484981891345,True,11.995801469485679,21617500.0,590.2974137931035,0.7081090583812907,3101.0,31984,1.4821725599981546,고특화·결제건수 증가
경기도,수원시 팔달구,193401.0,서양음식,189.0,8006.0,14040320000.0,1088605.0,3.6214713918440817,4.808840804136296,-1.132890511126929,True,9.77244171436549,74287407.4074074,5759.814814814815,5.6287454563316635,3101.0,23100,1.671834891970332,고특화·결제건수 증가
경기도,수원시 팔달구,193401.0,스넥,229.0,8021.0,3315880000.0,188868.0,4.192501137427908,2.8237489387871566,1.331163483890852,True,11.840683347035435,14479825.327510918,824.7510917030568,0.9765616516977679,3101.0,44410,1.0536546055376084,고특화·결제건수 증가
경기도,수원시 팔달구,193401.0,제과점,167.0,8301.0,1741770000.0,165433.0,-1.1106335537854417,0.7510758148903502,-1.8478307587467304,True,8.63490881639702,10429760.479041915,990.6167664670659,0.8553885450437174,3101.0,31168,1.0948411107366174,고특화·결제건수 증가
경기도,시흥시,514831.0,대형할인점,0.0,4004.0,23866610000.0,470425.0,-1.67053779049385,0.2089228891533296,-1.8755422426066544,False,0.0,,,0.9137464527194361,5999.0,0,,판정불가
경기도,시흥시,514831.0,편의점,617.0,4010.0,34205310000.0,3987475.0,2.8237726752775885,4.136382455313735,-1.2604718438336426,True,11.984515306964811,55438103.72771475,6462.682333873582,7.7452115354359,5999.0,54446,1.196976571852328,고특화·결제건수 증가
경기도,시흥시,514831.0,슈퍼마켓,634.0,4020.0,43750640000.0,2050755.0,-1.4500779604338192,0.9880300535840528,-2.4142544544380624,True,12.314720753023808,69007318.61198738,3234.629337539432,3.9833557031336495,5999.0,63862,1.0486080982179502,고특화·결제건수 증가
경기도,시흥시,514831.0,일반한식,992.0,8001.0,63813220000.0,1698767.0,1.7728765432158498,1.9418869724758432,-0.1657909562785139,True,19.26845897003094,64327842.741935484,1712.4667338709678,3.299659499913564,5999.0,98173,1.067298931372831,고특화·결제건수 증가
경기도,시흥시,514831.0,갈비전문점,547.0,,,,,,,True,10.624845823192464,,,,5999.0,61512,0.9392775524580753,판정불가
경기도,시흥시,514831.0,한정식,1375.0,8003.0,52000000.0,427.0,26.82090689404422,18.377913411242517,7.132237120509882,True,26.707793431242486,37818.181818181816,0.31054545454545457,0.0008293983851011303,5999.0,180762,0.8034558648840725,저특화·결제건수 증가
경기도,시흥시,514831.0,일식회집,334.0,8004.0,3690210000.0,60255.0,4.436376443048388,5.132873143460217,-0.6624918349386504,True,6.487565822570902,11048532.934131736,180.40419161676647,0.11703840677814661,5999.0,44227,0.7976740254034923,저특화·결제건수 증가
경기도,시흥시,514831.0,중국음식,510.0,8005.0,8985500000.0,285560.0,0.2384185754722059,1.444310969128346,-1.1887235293294458,True,9.90616338176994,17618627.45098039,559.9215686274509,0.5546674539800439,5999.0,31984,1.6842395610207173,고특화·결제건수 증가
경기도,시흥시,514831.0,서양음식,142.0,8006.0,13544270000.0,1370660.0,2.942375667200631,5.77753216223466,-2.680301229457375,True,2.7581866670810418,95382183.09859155,9652.535211267606,2.66234939232486,5999.0,23100,0.6492961525333586,저특화·결제건수 증가
경기도,시흥시,514831.0,스넥,595.0,8021.0,4914130000.0,312211.0,5.367663145159048,4.474787980070923,0.8546321867228328,True,11.557190612064929,8259042.016806723,524.7243697478991,0.6064339559972107,5999.0,44410,1.4151505923508456,고특화·결제건수 증가
경기도,시흥시,514831.0,제과점,253.0,8301.0,4206950000.0,349441.0,-0.4465996212043975,1.308038379261618,-1.7319829981282224,True,4.914233991348617,16628260.869565217,1381.189723320158,0.6787489486841313,5999.0,31168,0.8573892833952818,저특화·결제건수 증가
경기도,안산시 단원구,288467.0,대형할인점,0.0,4004.0,22607490000.0,502344.0,-1.9483101635867024,-0.5025358262783919,-1.453076567643953,False,0.0,,,1.741426228996731,4377.0,0,,판정불가
경기도,안산시 단원구,288467.0,편의점,447.0,4010.0,26494400000.0,3143190.0,3.111833992484332,4.451918462113113,-1.282967789734606,True,15.49570661462143,59271588.36689038,7031.744966442953,10.896185698884102,4377.0,54446,1.188530482265417,고특화·결제건수 증가
경기도,안산시 단원구,288467.0,슈퍼마켓,480.0,4020.0,32237710000.0,1675885.0,-1.0701293319373275,1.688164257540261,-2.7125020985646207,True,16.63968495529818,67161895.83333333,3491.4270833333335,5.809624671106227,4377.0,63862,1.088096722608845,고특화·결제건수 증가
경기도,안산시 단원구,288467.0,일반한식,718.0,8001.0,46509900000.0,1180489.0,2.142009186976567,2.907106167643251,-0.7434831365486791,True,24.890195412300194,64777019.49860724,1644.1350974930363,4.09228438608229,4377.0,98173,1.0587688659657497,고특화·결제건수 증가
경기도,안산시 단원구,288467.0,갈비전문점,366.0,8002.0,61080000.0,1244.0,9.618812049486964,1.6810574488968146,7.806522473057018,True,12.687759778414861,166885.24590163934,3.398907103825137,0.004312451684248111,4377.0,61512,0.861370546977421,저특화·결제건수 증가
경기도,안산시 단원구,288467.0,한정식,1059.0,,,,,,,True,36.71130493262661,,,,4377.0,180762,0.848120581670714,판정불가
경기도,안산시 단원구,288467.0,일식회집,293.0,8004.0,3360240000.0,63135.0,0.0266949803971101,1.9094395135901616,-1.847468244530957,True,10.157141024796598,11468395.90443686,215.4778156996587,0.21886385617765636,4377.0,44227,0.9590669368390676,저특화·결제건수 증가
경기도,안산시 단원구,288467.0,중국음식,353.0,8005.0,8650430000.0,265997.0,0.1483700897527486,1.159529836985252,-0.9995694413190324,True,12.237101644208868,24505467.422096316,753.5325779036827,0.9221054748030104,4377.0,31984,1.5977569262127067,고특화·결제건수 증가
경기도,안산시 단원구,288467.0,서양음식,155.0,8006.0,15570120000.0,1447097.0,1.5774725235298883,4.2448510366176695,-2.558762842061967,True,5.373231600148371,100452387.09677419,9336.109677419356,5.016507954116069,4377.0,23100,0.971378526279143,저특화·결제건수 증가
경기도,안산시 단원구,288467.0,스넥,299.0,8021.0,4131590000.0,248575.0,5.173615942954612,5.3117762607682435,-0.1311917078215248,True,10.365137086737825,13818026.755852843,831.3545150501673,0.8617103516173427,4377.0,44410,0.9746735831304216,저특화·결제건수 증가
경기도,안산시 단원구,288467.0,제과점,207.0,8301.0,3116210000.0,266574.0,-0.7844034220535544,1.2343535162432462,-1.994142174250001,True,7.17586413697234,15054154.589371981,1287.7971014492753,0.9241057035986785,4377.0,31168,0.9614577190644206,저특화·결제건수 증가
경기도,안산시 상록구,320773.0,대형할인점,0.0,4004.0,6202340000.0,214861.0,-0.955286185317966,0.0351761972043761,-0.9901140980346892,False,0.0,,,0.6698225848185477,3178.0,0,,판정불가
경기도,안산시 상록구,320773.0,편의점,373.0,4010.0,18129090000.0,2218306.0,3.2785589981189585,4.769742152791004,-1.4232956233656042,True,11.628160724250483,48603458.44504021,5947.201072386059,6.915500992913993,3178.0,54446,1.3659483786650162,고특화·결제건수 증가
경기도,안산시 상록구,320773.0,슈퍼마켓,370.0,4020.0,26862200000.0,1404409.0,-1.7986692524065182,1.026009539843677,-2.7959916511759175,True,11.534636643358388,72600540.54054055,3795.7,4.378202030719543,3178.0,63862,1.1551826104584895,고특화·결제건수 증가
경기도,안산시 상록구,320773.0,일반한식,551.0,8001.0,30301310000.0,830415.0,2.90357698444282,3.516819817449606,-0.5924088801107308,True,17.177256190514786,54993303.085299455,1507.1052631578948,2.5887933211336365,3178.0,98173,1.1190538104100878,고특화·결제건수 증가
경기도,안산시 상록구,320773.0,갈비전문점,307.0,8002.0,31550000.0,497.0,4.771126100894152,5.686182143580291,-0.8658237284444487,True,9.57063094462439,102768.7296416938,1.6188925081433225,0.0015493822734457077,3178.0,61512,0.9951074131794859,저특화·결제건수 증가
경기도,안산시 상록구,320773.0,한정식,711.0,,,,,,,True,22.165207171426523,,,,3178.0,180762,0.7842488614853299,판정불가
경기도,안산시 상록구,320773.0,일식회집,175.0,8004.0,1276190000.0,26894.0,2.851219000845413,6.11108896280562,-3.072129401200366,True,5.45557138537221,7292514.285714285,153.68,0.08384122105040012,3178.0,44227,0.7889364132520559,저특화·결제건수 증가
경기도,안산시 상록구,320773.0,중국음식,166.0,8005.0,2644030000.0,108517.0,0.8297756401729481,2.114229184002016,-1.2578595109547577,True,5.174999142695925,15927891.56626506,653.7168674698795,0.3382984228722492,3178.0,31984,1.0348246023578185,고특화·결제건수 증가
경기도,안산시 상록구,320773.0,서양음식,95.0,8006.0,6418270000.0,703891.0,4.236083179761314,6.945110396736444,-2.5331005848938344,True,2.961595894916343,67560736.84210527,7409.378947368421,2.1943586274405886,3178.0,23100,0.819979621804669,저특화·결제건수 증가
경기도,안산시 상록구,320773.0,스넥,259.0,8021.0,3113380000.0,184137.0,5.521169989431436,4.962684058967305,0.532080458375411,True,8.074245650350871,12020772.200772202,710.953667953668,0.57404145610759,3178.0,44410,1.162814463147265,고특화·결제건수 증가
경기도,안산시 상록구,320773.0,제과점,171.0,8301.0,2384690000.0,201282.0,-1.1344414300025796,0.8251415683965421,-1.9435459925139889,True,5.330872610849417,13945555.555555556,1177.0877192982457,0.6274904683374224,3178.0,31168,1.0939024857109259,고특화·결제건수 증가
경기도,안성시,198785.0,대형할인점,0.0,4004.0,21648060000.0,488511.0,-2.6145775590462716,-1.2751803395576622,-1.3566975600414917,False,0.0,,,2.4574842166159416,3007.0,0,,판정불가
경기도,안성시,198785.0,편의점,334.0,4010.0,14905320000.0,1600216.0,5.306630075073197,6.95205277053296,-1.538467615006936,True,16.802072590990264,44626706.58682635,4791.065868263473,8.049983650677868,3007.0,54446,1.2926840396810826,고특화·결제건수 증가
경기도,안성시,198785.0,슈퍼마켓,285.0,4020.0,12394720000.0,599317.0,-1.1247274816322368,1.259906251921155,-2.354963402415904,True,14.337097869557562,43490245.614035085,2102.866666666667,3.0149005206630277,3007.0,63862,0.9404035141162222,저특화·결제건수 증가
경기도,안성시,198785.0,일반한식,509.0,8001.0,26782730000.0,990540.0,4.683254017099622,4.296169394638888,0.3711398268100215,True,25.605553738964208,52618330.0589391,1946.0510805500983,4.982971552179491,3007.0,98173,1.0925406850603154,고특화·결제건수 증가
경기도,안성시,198785.0,갈비전문점,274.0,,,,,,,True,13.7837361973992,,,,3007.0,61512,0.938647685681431,판정불가
경기도,안성시,198785.0,한정식,964.0,,,,,,,True,48.49460472369646,,,,3007.0,180762,1.123781283921934,판정불가
경기도,안성시,198785.0,일식회집,103.0,8004.0,833550000.0,16110.0,3.128244569066337,10.26058143916171,-6.468618954300323,True,5.181477475664662,8092718.446601942,156.40776699029126,0.08104233216792012,3007.0,44227,0.4907515072363504,저특화·결제건수 증가
경기도,안성시,198785.0,중국음식,170.0,8005.0,2276240000.0,82545.0,2.1724177874419084,3.828890861350706,-1.595387430383783,True,8.551953115174687,13389647.05882353,485.55882352941177,0.41524762934829085,3007.0,31984,1.1200258426519545,고특화·결제건수 증가
경기도,안성시,198785.0,서양음식,95.0,8006.0,5749130000.0,468855.0,3.368425037973614,6.434418064210291,-2.8806405690939423,True,4.779032623185854,60517157.89473684,4935.315789473684,2.3586035163618986,3007.0,23100,0.8666096568324703,저특화·결제건수 증가
경기도,안성시,198785.0,스넥,183.0,8021.0,1427630000.0,63620.0,4.50079033925367,3.13244604304601,1.326783518386149,True,9.20592600045275,7801256.830601093,347.6502732240437,0.3200442689337727,3007.0,44410,0.8683248207084467,저특화·결제건수 증가
경기도,안성시,198785.0,제과점,90.0,8301.0,1085270000.0,80294.0,1.8096795179984897,3.286270782778854,-1.429610396028129,True,4.527504590386599,12058555.555555556,892.1555555555556,0.40392383731166837,3007.0,31168,0.6084788300263109,저특화·결제건수 증가
경기도,안양시 동안구,328594.0,대형할인점,0.0,4004.0,18572930000.0,557823.0,-2.581616334124365,-1.4485029739199415,-1.1497677807010864,False,0.0,,,1.6976055557922543,2978.0,0,,판정불가
경기도,안양시 동안구,328594.0,편의점,284.0,4010.0,12257440000.0,1678587.0,3.0463143018386143,3.726358857581628,-0.6556140244706053,True,8.642884532279957,43160000.0,5910.517605633803,5.108392119150076,2978.0,54446,1.1098722544962143,고특화·결제건수 증가
경기도,안양시 동안구,328594.0,슈퍼마켓,263.0,4020.0,6890600000.0,433842.0,-1.3792151162927426,0.1318020597911389,-1.5090282457731574,True,8.003797999963481,26200000.0,1649.5893536121673,1.3202979969202115,2978.0,63862,0.8762617740708911,저특화·결제건수 증가
경기도,안양시 동안구,328594.0,일반한식,454.0,8001.0,31416620000.0,874252.0,0.5925424086972944,1.8013402898043638,-1.1874086113855344,True,13.816442174841901,69199603.52422908,1925.6651982378855,2.6605841859559214,2978.0,98173,0.9839758143539005,저특화·결제건수 증가
경기도,안양시 동안구,328594.0,갈비전문점,270.0,,,,,,,True,8.216826844068972,,,,2978.0,61512,0.9339519855189847,판정불가
경기도,안양시 동안구,328594.0,한정식,699.0,,,,,,,True,21.27245171853412,,,,2978.0,180762,0.8227931575002738,판정불가
경기도,안양시 동안구,328594.0,일식회집,287.0,8004.0,3304800000.0,71617.0,1.1157172143158784,2.6119476021399928,-1.458144419620114,True,8.734182608325167,11514982.578397213,249.53658536585365,0.21794981040432876,2978.0,44227,1.3807499902473657,고특화·결제건수 증가
경기도,안양시 동안구,328594.0,중국음식,157.0,8005.0,2842790000.0,98814.0,-0.2260882761287802,0.6067539379503631,-0.8278193873473325,True,4.7779326463660325,18106942.675159235,629.3885350318471,0.3007176028777154,2978.0,31984,1.0444496509503913,고특화·결제건수 증가
경기도,안양시 동안구,328594.0,서양음식,119.0,8006.0,11012460000.0,1094400.0,2.0733309289892548,4.097088030974882,-1.9441053926344685,True,3.621490349793362,92541680.67226891,9196.638655462184,3.3305538141292903,2978.0,23100,1.0961137228565032,고특화·결제건수 증가
경기도,안양시 동안구,328594.0,스넥,234.0,8021.0,3194030000.0,198378.0,3.3654826534222235,1.6259268704378926,1.7117243960805797,True,7.121249931526443,13649700.854700854,847.7692307692307,0.6037176576565609,2978.0,44410,1.1211293386356966,고특화·결제건수 증가
경기도,안양시 동안구,328594.0,제과점,211.0,8301.0,3039810000.0,277152.0,-0.907518720413772,1.371575713998093,-2.2482578754047684,True,6.421298015179827,14406682.464454977,1313.516587677725,0.8434481457360755,2978.0,31168,1.4404366190530695,고특화·결제건수 증가
경기도,안양시 만안구,233711.0,대형할인점,0.0,4004.0,4797220000.0,159793.0,-14.207872645072722,-7.864921334651875,-6.884404292375591,False,0.0,,,0.6837204924030106,2188.0,0,,판정불가
경기도,안양시 만안구,233711.0,편의점,203.0,4010.0,9866700000.0,1316265.0,2.980705213228408,4.507379548006176,-1.460829217401332,True,8.6859411837697,48604433.49753694,6484.064039408867,5.632019887810158,2188.0,54446,1.0797620720891392,고특화·결제건수 증가
경기도,안양시 만안구,233711.0,슈퍼마켓,247.0,4020.0,11578860000.0,757920.0,-0.7421590393048882,1.278129378537987,-1.9947923902621203,True,10.56860823837988,46877975.708502024,3068.502024291498,3.2429795773412464,2188.0,63862,1.120088780326546,고특화·결제건수 증가
경기도,안양시 만안구,233711.0,일반한식,357.0,8001.0,22298950000.0,661486.0,2.889974440384809,2.414923964399275,0.4638488782657541,True,15.275275874905331,62462044.817927174,1852.9019607843138,2.830358862013341,2188.0,98173,1.053111033276313,고특화·결제건수 증가
경기도,안양시 만안구,233711.0,갈비전문점,199.0,8002.0,16840000.0,397.0,6.364046883090421,8.096564587907444,-1.6027500146945637,True,8.51478963335059,84623.11557788945,1.9949748743718594,0.0016986791379096406,2188.0,61512,0.9368956827852796,저특화·결제건수 증가
경기도,안양시 만안구,233711.0,한정식,594.0,,,,,,,True,25.416005237237442,,,,2188.0,180762,0.9516501411544268,판정불가
경기도,안양시 만안구,233711.0,일식회집,119.0,8004.0,1253150000.0,27567.0,1.6843072664014425,3.91343387791881,-2.145176545831619,True,5.091758624968444,10530672.268907564,231.65546218487395,0.11795336976008831,2188.0,44227,0.7792153320357509,저특화·결제건수 증가
경기도,안양시 만안구,233711.0,중국음식,138.0,8005.0,2010450000.0,80431.0,0.8728200300917471,2.024771654433475,-1.129090127487382,True,5.904728489459203,14568478.260869564,582.8333333333334,0.3441472587939806,2188.0,31984,1.2495231848099553,고특화·결제건수 증가
경기도,안양시 만안구,233711.0,서양음식,54.0,8006.0,5644590000.0,603518.0,2.777246028512104,5.9722797600216415,-3.0149712158168303,True,2.3105459306579497,104529444.44444445,11176.25925925926,2.5823260351459707,2188.0,23100,0.6769861582658657,저특화·결제건수 증가
경기도,안양시 만안구,233711.0,스넥,178.0,8021.0,1993920000.0,129655.0,4.644163084364416,4.217312166387538,0.4095777458695232,True,7.6162439936502775,11201797.752808988,728.3988764044943,0.5547663567397341,2188.0,44410,1.160746113887257,고특화·결제건수 증가
경기도,안양시 만안구,233711.0,제과점,99.0,8301.0,1626110000.0,159158.0,-1.1901242593868036,0.6399207129385968,-1.818408599054196,True,4.236000872872907,16425353.535353536,1607.6565656565656,0.6810034615401073,2188.0,31168,0.9198653684086053,저특화·결제건수 증가
경기도,양주시,297226.0,대형할인점,0.0,4004.0,9124280000.0,212958.0,-2.868843958576249,0.6927058954195502,-3.5370485104401945,False,0.0,,,0.7164850988809862,3217.0,0,,판정불가
경기도,양주시,297226.0,편의점,339.0,4010.0,11644520000.0,1300600.0,3.731634380155562,4.778471069533409,-0.999095213637076,True,11.405462510009219,34349616.51917404,3836.5781710914453,4.375794849710322,3217.0,54446,1.226388262562681,고특화·결제건수 증가
경기도,양주시,297226.0,슈퍼마켓,352.0,4020.0,18908960000.0,558149.0,-1.8708476693159553,1.389755170830814,-3.215909570600072,True,11.842840128387154,53718636.36363637,1585.6505681818182,1.8778606178463526,3217.0,63862,1.0856614424090365,고특화·결제건수 증가
경기도,양주시,297226.0,일반한식,543.0,8001.0,24572890000.0,627144.0,3.2582356815650195,3.3170738357094645,-0.0569491101132001,True,18.2689266753245,45253941.06813996,1154.9613259668508,2.109990377692396,3217.0,98173,1.0894367796249222,고특화·결제건수 증가
경기도,양주시,297226.0,갈비전문점,283.0,,,,,,,True,9.521374307765807,,,,3217.0,61512,0.9061933140420414,판정불가
경기도,양주시,297226.0,한정식,964.0,8003.0,9160000.0,294.0,1.6712480203051563,2.4316052308392253,-0.7423072291218257,True,32.433232624332994,9502.07468879668,0.3049792531120332,0.0009891463061777906,3217.0,180762,1.05042285382445,고특화·결제건수 증가
경기도,양주시,297226.0,일식회집,126.0,8004.0,1397230000.0,27497.0,0.2744200738872819,3.1820711574980023,-2.817980925361017,True,4.239198455047674,11089126.984126983,218.23015873015873,0.09251209517336977,3217.0,44227,0.5611478841612758,저특화·결제건수 증가
경기도,양주시,297226.0,중국음식,168.0,8005.0,2300050000.0,86230.0,1.126837479946741,1.7023831127156588,-0.5659116484331569,True,5.652264606730232,13690773.80952381,513.2738095238095,0.2901159387133023,3217.0,31984,1.034595942671367,고특화·결제건수 증가
경기도,양주시,297226.0,서양음식,103.0,8006.0,7411480000.0,554408.0,1.814319523438875,5.140380650003414,-3.1634478646567965,True,3.465376514840559,71956116.50485437,5382.601941747573,1.865274235766723,3217.0,23100,0.8782527347277114,저특화·결제건수 증가
경기도,양주시,297226.0,스넥,198.0,8021.0,1989040000.0,103009.0,5.255349947564994,3.989198808844142,1.217579472891477,True,6.661597572217774,10045656.565656565,520.2474747474747,0.3465679314730205,3217.0,44410,0.8781701746736843,저특화·결제건수 증가
경기도,양주시,297226.0,제과점,141.0,8301.0,1745900000.0,139806.0,0.0559609643605034,2.166641571000565,-2.0659195351676667,True,4.743864937791445,12382269.5035461,991.531914893617,0.4703693485765041,3217.0,31168,0.8910548603128018,저특화·결제건수 증가
경기도,양평군,126822.0,대형할인점,0.0,4004.0,1191640000.0,27250.0,0.550761433408463,0.6976761543463346,-0.1458968335204125,False,0.0,,,0.21486808282474648,1833.0,0,,판정불가
경기도,양평군,126822.0,편의점,152.0,4010.0,3948470000.0,428275.0,7.617837787630415,8.668094130541776,-0.966480871238711,True,11.985302234628062,25976776.315789472,2817.5986842105262,3.376977180615351,1833.0,54446,0.9650736790131592,저특화·결제건수 증가
경기도,양평군,126822.0,슈퍼마켓,232.0,4020.0,6805530000.0,237593.0,1.4231663725329675,3.298734172192188,-1.8156735556243824,True,18.29335604232704,29334181.03448276,1024.1077586206898,1.8734367854157796,1833.0,63862,1.255822706773127,고특화·결제건수 증가
경기도,양평군,126822.0,일반한식,316.0,8001.0,17171930000.0,580667.0,6.495969463997696,5.221453138858835,1.2112704083804084,True,24.91681254041097,54341550.63291139,1837.5537974683543,4.578598350443929,1833.0,98173,1.112699472166076,고특화·결제건수 증가
경기도,양평군,126822.0,갈비전문점,155.0,,,,,,,True,12.221854252416774,,,,1833.0,61512,0.8710733203930172,판정불가
경기도,양평군,126822.0,한정식,592.0,,,,,,,True,46.679598176972455,,,,1833.0,180762,1.1321329509284188,판정불가
경기도,양평군,126822.0,일식회집,69.0,8004.0,455280000.0,7624.0,4.1015110456877535,8.610990687892352,-4.151955169217776,True,5.4406964091403704,6598260.869565218,110.4927536231884,0.060115752787371274,1833.0,44227,0.5393174485877557,저특화·결제건수 증가
경기도,양평군,126822.0,중국음식,67.0,8005.0,674690000.0,22004.0,3.7097191931117255,3.790902100121242,-0.0782177487302598,True,5.2829950639478955,10070000.0,328.4179104477612,0.17350301998076043,1833.0,31984,0.7241439186587293,저특화·결제건수 증가
경기도,양평군,126822.0,서양음식,59.0,8006.0,3651420000.0,220393.0,4.685539431279731,6.175562273493415,-1.403357618559704,True,4.652189683177998,61888474.576271184,3735.4745762711864,1.7378136285502515,1833.0,23100,0.8829231288805756,저특화·결제건수 증가
경기도,양평군,126822.0,스넥,102.0,8021.0,858980000.0,35537.0,5.115479255424976,4.159223077498386,0.9180715347838831,True,8.0427686048162,8421372.549019609,348.4019607843137,0.2802116352052483,1833.0,44410,0.7939666498492142,저특화·결제건수 증가
경기도,양평군,126822.0,제과점,89.0,8301.0,637350000.0,44410.0,3.467189825655348,4.3595842383592975,-0.8551149558680764,True,7.017709861065114,7161235.955056179,498.9887640449438,0.35017583699988963,1833.0,31168,0.987106321925995,저특화·결제건수 증가
경기도,여주시,113506.0,대형할인점,0.0,4004.0,30852650000.0,219117.0,-0.8357426224753346,3.083897564595159,-3.802378722258077,False,0.0,,,1.9304442055926558,1856.0,0,,판정불가
경기도,여주시,113506.0,편의점,194.0,4010.0,7063990000.0,748470.0,3.7383592035740145,4.582912555627882,-0.8075443028082425,True,17.091607492114957,36412319.587628864,3858.092783505155,6.594100752383134,1856.0,54446,1.216474770319722,고특화·결제건수 증가
경기도,여주시,113506.0,슈퍼마켓,187.0,4020.0,3505800000.0,144130.0,3.305897000938397,5.2667683874810205,-1.862763925006952,True,16.474900005286063,18747593.5828877,770.7486631016043,1.2698007153806847,1856.0,63862,0.999692528015689,저특화·결제건수 증가
경기도,여주시,113506.0,일반한식,329.0,8001.0,12367290000.0,301241.0,9.33066337285008,8.46814549385612,0.7951808109809013,True,28.985251880957836,37590547.11246201,915.6261398176292,2.65396542914031,1856.0,98173,1.1441189804978333,고특화·결제건수 증가
경기도,여주시,113506.0,갈비전문점,180.0,8002.0,20110000.0,265.0,17.79633454818216,16.825969302968193,0.8306074847942864,True,15.858192518457175,111722.22222222222,1.4722222222222223,0.002334678342995084,1856.0,61512,0.9990334097972473,저특화·결제건수 증가
경기도,여주시,113506.0,한정식,581.0,,,,,,,True,51.18672140679788,,,,1856.0,180762,1.0973277183104932,판정불가
경기도,여주시,113506.0,일식회집,78.0,8004.0,423460000.0,8475.0,9.590058664965031,12.237646655604454,-2.3589126015475106,True,6.871883424664775,5428974.358974359,108.65384615384616,0.07466565644106919,1856.0,44227,0.6021081091827974,저특화·결제건수 증가
경기도,여주시,113506.0,중국음식,81.0,8005.0,1064660000.0,36072.0,-0.3116553143418867,0.8572882292608753,-1.1590075086548095,True,7.136186633305728,13143950.617283951,445.3333333333333,0.31779817806988175,1856.0,31984,0.8646086917381105,저특화·결제건수 증가
경기도,여주시,113506.0,서양음식,42.0,8006.0,2571720000.0,180176.0,3.849450508406882,5.367613388181813,-1.4408249659996628,True,3.700244920973341,61231428.571428575,4289.9047619047615,1.5873698306697444,1856.0,23100,0.6207327586206897,저특화·결제건수 증가
경기도,여주시,113506.0,스넥,114.0,8021.0,1033860000.0,48920.0,3.6525910686119776,2.9748547741657334,0.6581570772132554,True,10.04352192835621,9068947.368421054,429.12280701754383,0.4309904322238472,1856.0,44410,0.8763779321215321,저특화·결제건수 증가
경기도,여주시,113506.0,제과점,70.0,8301.0,592580000.0,40579.0,2.6527789963591,3.23613150096475,-0.5650662187009875,True,6.167074868288901,8465428.57142857,579.7,0.3575053301147076,1856.0,31168,0.766754723013878,저특화·결제건수 증가
경기도,연천군,42977.0,대형할인점,0.0,,,,,,,False,0.0,,,,815.0,0,,판정불가
경기도,연천군,42977.0,편의점,67.0,4010.0,1556770000.0,149645.0,3.934305685746729,5.281386617248732,-1.279505309328219,True,15.589734043790866,23235373.134328358,2233.507462686567,3.481978732810573,815.0,54446,0.9567457506723045,저특화·결제건수 증가
경기도,연천군,42977.0,슈퍼마켓,126.0,4020.0,1727220000.0,54596.0,-0.046619659150932,1.6945328093802725,-1.7121396995793865,True,29.318007306233564,13708095.238095239,433.3015873015873,1.270353910231054,815.0,63862,1.533966049877871,고특화·결제건수 증가
경기도,연천군,42977.0,일반한식,132.0,8001.0,3602030000.0,93378.0,5.8628053167359,6.106908778825891,-0.2300542583884056,True,30.714102892244686,27288106.060606062,707.4090909090909,2.1727435605091094,815.0,98173,1.0453689271080806,고특화·결제건수 증가
경기도,연천군,42977.0,갈비전문점,74.0,,,,,,,True,17.21851222747051,,,,815.0,61512,0.9353186410033616,판정불가
경기도,연천군,42977.0,한정식,274.0,,,,,,,True,63.755031761174585,,,,815.0,180762,1.178504223056274,판정불가
경기도,연천군,42977.0,일식회집,17.0,8004.0,78630000.0,1541.0,-4.8206504226370805,-3.4161848607348224,-1.4541417315904912,True,3.9556041603648464,4625294.117647059,90.6470588235294,0.03585638830071899,815.0,44227,0.29884717729960086,저특화·결제건수 감소
경기도,연천군,42977.0,중국음식,29.0,8005.0,271370000.0,9633.0,1.8572830114637204,1.416778741932584,0.4343504842054304,True,6.747795332387091,9357586.206896551,332.17241379310343,0.22414314633408566,815.0,31984,0.7049412743181408,저특화·결제건수 증가
경기도,연천군,42977.0,서양음식,19.0,8006.0,668390000.0,54744.0,2.754305379497924,4.247497879101323,-1.43235332260459,True,4.420969355701887,35178421.05263158,2881.2631578947367,1.273797612676548,815.0,23100,0.6394834940111014,저특화·결제건수 증가
경기도,연천군,42977.0,스넥,58.0,8021.0,197310000.0,7406.0,1.396954342668491,3.0211246158762117,-1.576541004831393,True,13.495590664774182,3401896.5517241377,127.6896551724138,0.17232473183330618,815.0,44410,1.0153948082770283,고특화·결제건수 증가
경기도,연천군,42977.0,제과점,19.0,8301.0,172950000.0,12122.0,-4.13293923034019,-2.329860035221731,-1.8460905203665043,True,4.420969355701887,9102631.578947369,638.0,0.2820578448937804,815.0,31168,0.4739498431614618,저특화·결제건수 감소
경기도,오산시,253590.0,대형할인점,0.0,4004.0,7570050000.0,208645.0,-2.4042622545885073,-1.347958357233466,-1.0707369860424345,False,0.0,,,0.8227650932607753,2525.0,0,,판정불가
경기도,오산시,253590.0,편의점,277.0,4010.0,14082670000.0,1684228.0,3.079769859104975,4.20834772872424,-1.0830014046064322,True,10.92314365708427,50839963.89891697,6080.245487364621,6.641539492882211,2525.0,54446,1.276726093944295,고특화·결제건수 증가
경기도,오산시,253590.0,슈퍼마켓,263.0,4020.0,14488860000.0,627312.0,-1.465937331838693,0.9335724680248508,-2.3773158337615605,True,10.371071414487954,55090722.43346008,2385.216730038023,2.4737253046255767,2525.0,63862,1.0334683418546984,고특화·결제건수 증가
경기도,오산시,253590.0,일반한식,421.0,8001.0,25210850000.0,704322.0,1.318188459620312,2.217520955108785,-0.8798222526678686,True,16.60160100950353,59883254.156769596,1672.9738717339667,2.777404471785165,2525.0,98173,1.0761528935634235,고특화·결제건수 증가
경기도,오산시,253590.0,갈비전문점,272.0,,,,,,,True,10.725974999014156,,,,2525.0,61512,1.1096678423207127,판정불가
경기도,오산시,253590.0,한정식,615.0,,,,,,,True,24.25174494262392,,,,2525.0,180762,0.8537916877955928,판정불가
경기도,오산시,253590.0,일식회집,129.0,8004.0,1391620000.0,25166.0,0.6435010639711638,4.629452264585015,-3.8095881363636135,True,5.086951378208919,10787751.937984496,195.08527131782947,0.09923892897984936,2525.0,44227,0.7319580194617015,저특화·결제건수 증가
경기도,오산시,253590.0,중국음식,182.0,8005.0,3581850000.0,117640.0,-0.1075373732716767,0.790052883740438,-0.8905544062443642,True,7.176939153752119,19680494.505494505,646.3736263736264,0.46389841870736226,2525.0,31984,1.4279814164507996,고특화·결제건수 증가
경기도,오산시,253590.0,서양음식,54.0,8006.0,5727550000.0,537249.0,1.5754168092078045,4.944685784207293,-3.2105189031939276,True,2.1294215071572222,106065740.74074075,9949.055555555555,2.1185732875902046,2525.0,23100,0.5866319660537482,저특화·결제건수 증가
경기도,오산시,253590.0,스넥,193.0,8021.0,2319130000.0,139611.0,5.030518422795673,3.361248007323181,1.614986706966041,True,7.610710201506369,12016217.616580311,723.3730569948186,0.5505382704365314,2525.0,44410,1.090587411184262,고특화·결제건수 증가
경기도,오산시,253590.0,제과점,119.0,8301.0,1740900000.0,150030.0,0.1410763314024851,1.8912325916818615,-1.7176711045325248,True,4.692614062068694,14629411.764705881,1260.7563025210084,0.5916242754051816,2525.0,31168,0.9581245552686685,저특화·결제건수 증가
경기도,용인시 기흥구,434590.0,대형할인점,0.0,4004.0,9377060000.0,328140.0,-2.7208466995780127,-0.6325789031038801,-2.1015618332671124,False,0.0,,,0.7550564900250811,3053.0,0,,판정불가
경기도,용인시 기흥구,434590.0,편의점,338.0,4010.0,12346090000.0,1620101.0,3.6426134877823304,5.069301595156107,-1.357854373935964,True,7.777445408315884,36526893.49112426,4793.198224852071,3.7278837525023585,3053.0,54446,1.288454966916318,고특화·결제건수 증가
경기도,용인시 기흥구,434590.0,슈퍼마켓,305.0,4020.0,10263360000.0,448843.0,-1.8729107468391024,0.6281656419123793,-2.485463560621425,True,7.018109022296877,33650360.655737706,1471.616393442623,1.0327964288179663,3053.0,63862,0.9912332154383454,저특화·결제건수 증가
경기도,용인시 기흥구,434590.0,일반한식,469.0,8001.0,30502260000.0,948594.0,3.0708371003231822,3.94408313973202,-0.8401113493251698,True,10.791780758876182,65036801.70575693,2022.5884861407249,2.1827331507857983,3053.0,98173,0.9915150320428917,저특화·결제건수 증가
경기도,용인시 기흥구,434590.0,갈비전문점,269.0,,,,,,,True,6.189742055730688,,,,3053.0,61512,0.907634414799674,판정불가
경기도,용인시 기흥구,434590.0,한정식,718.0,,,,,,,True,16.52131894429232,,,,3053.0,180762,0.824395910933412,판정불가
경기도,용인시 기흥구,434590.0,일식회집,214.0,8004.0,1801120000.0,42322.0,1.3811001863404873,4.453075776254309,-2.941010178095842,True,4.924181412365678,8416448.59813084,197.7663551401869,0.09738374099726178,3053.0,44227,1.0042568773785359,고특화·결제건수 증가
경기도,용인시 기흥구,434590.0,중국음식,158.0,8005.0,2287290000.0,87668.0,-0.0932961714583558,0.7993796309960496,-0.8855965242269164,True,3.63561057548494,14476518.987341773,554.8607594936709,0.20172576451367957,3053.0,31984,1.02528081925011,고특화·결제건수 증가
경기도,용인시 기흥구,434590.0,서양음식,125.0,8006.0,10169410000.0,974862.0,2.5624993871851354,4.978608061342351,-2.301524776119552,True,2.876274189465933,81355280.0,7798.896,2.243176327112911,3053.0,23100,1.1230951601079342,고특화·결제건수 증가
경기도,용인시 기흥구,434590.0,스넥,258.0,8021.0,2349150000.0,147102.0,4.548010031143365,3.7751328888142774,0.744761409418907,True,5.9366299270576866,9105232.558139535,570.1627906976744,0.3384845486550542,3053.0,44410,1.205750512985592,고특화·결제건수 증가
경기도,용인시 기흥구,434590.0,제과점,199.0,8301.0,2776410000.0,255402.0,-0.1149976049177369,1.4382683853794682,-1.5312426119066325,True,4.579028509629766,13951809.04522613,1283.427135678392,0.5876849444303827,3053.0,31168,1.325142746791623,고특화·결제건수 증가
경기도,용인시 수지구,369230.0,대형할인점,0.0,4004.0,7543020000.0,302979.0,-2.5626765427398905,-1.6053631375128916,-0.972932505015382,False,0.0,,,0.8205698345204886,2055.0,0,,판정불가
경기도,용인시 수지구,369230.0,편의점,232.0,4010.0,8183740000.0,1080922.0,3.0789300090674865,4.290530050044532,-1.161754610313745,True,6.283346423638383,35274741.37931035,4659.146551724138,2.9275031822982966,2055.0,54446,1.3138794097913304,고특화·결제건수 증가
경기도,용인시 수지구,369230.0,슈퍼마켓,167.0,4020.0,9109060000.0,346806.0,0.6074754640238778,0.7889051784246811,-0.1800096092716128,True,4.522926089429353,54545269.46107785,2076.682634730539,0.9392682068087642,2055.0,63862,0.8063200448716937,저특화·결제건수 증가
경기도,용인시 수지구,369230.0,일반한식,306.0,8001.0,21504020000.0,646639.0,2.6673240411572507,2.0070701802249102,0.6472628414538287,True,8.28751726566097,70274575.1633987,2113.199346405229,1.7513176069116811,2055.0,98173,0.96108735800149,저특화·결제건수 증가
경기도,용인시 수지구,369230.0,갈비전문점,179.0,,,,,,,True,4.847926766514097,,,,2055.0,61512,0.8972773061272795,판정불가
경기도,용인시 수지구,369230.0,한정식,449.0,,,,,,,True,12.160442000920835,,,,2055.0,180762,0.7659011186248559,판정불가
경기도,용인시 수지구,369230.0,일식회집,169.0,8004.0,1837860000.0,46240.0,1.4682299171471134,5.067957161728938,-3.4260942553978366,True,4.577092868943477,10874911.24260355,273.6094674556213,0.12523359423665467,2055.0,44227,1.1782371823489488,고특화·결제건수 증가
경기도,용인시 수지구,369230.0,중국음식,102.0,8005.0,2415420000.0,70981.0,-1.5065977229164362,-0.2935083754355316,-1.2166603475014444,True,2.7625057552203236,23680588.23529412,695.8921568627451,0.19224060883460173,2055.0,31984,0.9833336376217306,저특화·결제건수 감소
경기도,용인시 수지구,369230.0,서양음식,98.0,8006.0,7214420000.0,712127.0,3.646202885997995,5.24278040335588,-1.51704231989957,True,2.6541721961920755,73616530.6122449,7266.602040816327,1.9286813097527287,2055.0,23100,1.3081200324412003,고특화·결제건수 증가
경기도,용인시 수지구,369230.0,스넥,182.0,8021.0,2268200000.0,148497.0,2.605597898338835,1.0202864255786566,1.5693001166930165,True,4.929176935785283,12462637.362637363,815.9175824175824,0.4021802128754435,2055.0,44410,1.2636421840064738,고특화·결제건수 증가
경기도,용인시 수지구,369230.0,제과점,171.0,8301.0,2486360000.0,206962.0,1.41886403750761,2.774966785737205,-1.3194874108369377,True,4.6312596484576005,14540116.959064327,1210.3040935672514,0.5605232510901065,2055.0,31168,1.6916895861748527,고특화·결제건수 증가
경기도,용인시 처인구,286391.0,대형할인점,0.0,4004.0,4124270000.0,165105.0,-4.614582165281413,-1.4109182942587668,-3.2495118278762845,False,0.0,,,0.5765020548830095,3569.0,0,,판정불가
경기도,용인시 처인구,286391.0,편의점,444.0,4010.0,17114900000.0,1966322.0,5.544750857863498,7.420520584156129,-1.7461931073245067,True,15.503280480182687,38547072.072072074,4428.653153153153,6.865865198277879,3569.0,54446,1.447823995760676,고특화·결제건수 증가
경기도,용인시 처인구,286391.0,슈퍼마켓,343.0,4020.0,11031160000.0,475939.0,1.4211383012906955,2.4368472354717694,-0.9915464616421196,True,11.976633343924915,32160816.326530613,1387.5772594752186,1.6618504073102855,3569.0,63862,0.953565178572784,저특화·결제건수 증가
경기도,용인시 처인구,286391.0,일반한식,588.0,8001.0,34509120000.0,1077049.0,3.6232150805846657,4.13527353732927,-0.4917243114179238,True,20.53137144672842,58688979.591836736,1831.7159863945578,3.7607641301577215,3569.0,98173,1.063369115465529,고특화·결제건수 증가
경기도,용인시 처인구,286391.0,갈비전문점,381.0,8002.0,43780000.0,615.0,-5.282374414402819,-0.268091297864593,-5.027762109230411,True,13.303490682318929,114908.13648293963,1.6141732283464567,0.0021474138502955748,3569.0,61512,1.0996738726540056,고특화·결제건수 감소
경기도,용인시 처인구,286391.0,한정식,1030.0,8003.0,24510000.0,261.0,19.74325418782622,17.647748027416995,1.7811698018400597,True,35.96481733015353,23796.11650485437,0.25339805825242717,0.0009113414876864148,3569.0,180762,1.0116466920589393,고특화·결제건수 증가
경기도,용인시 처인구,286391.0,일식회집,131.0,8004.0,1307600000.0,25573.0,1.261548549924857,4.84486634913747,-3.417733193802756,True,4.574166087621468,9981679.389312977,195.21374045801528,0.08929400714407924,3569.0,44227,0.5258750825637744,저특화·결제건수 증가
경기도,용인시 처인구,286391.0,중국음식,169.0,8005.0,2748910000.0,92330.0,1.2225356120133848,1.6473708916189422,-0.4179500914573583,True,5.901023426015483,16265739.644970413,546.3313609467456,0.32239141593136655,3569.0,31984,0.9381077131448886,저특화·결제건수 증가
경기도,용인시 처인구,286391.0,서양음식,88.0,8006.0,9290570000.0,719557.0,5.102568757440689,7.89173515571803,-2.5851529723308304,True,3.072722257333506,105574659.0909091,8176.784090909091,2.512498646954688,3569.0,23100,0.676346849190783,저특화·결제건수 증가
경기도,용인시 처인구,286391.0,스넥,235.0,8021.0,2862590000.0,152196.0,3.57769452365403,3.148987033870013,0.415619679952118,True,8.205565119015612,12181234.042553192,647.6425531914894,0.5314273144058298,3569.0,44410,0.9394763850361728,저특화·결제건수 증가
경기도,용인시 처인구,286391.0,제과점,160.0,8301.0,1544540000.0,130103.0,0.0279112163346691,3.098215268254852,-2.9780380231912225,True,5.586767740606374,9653375.0,813.14375,0.4542845270975694,3569.0,31168,0.911401683329469,저특화·결제건수 증가
경기도,의왕시,164221.0,대형할인점,0.0,4004.0,5330800000.0,205175.0,0.2508165074707189,2.7767214663885373,-2.457662516257531,False,0.0,,,1.2493834527861845,1108.0,0,,판정불가
경기도,의왕시,164221.0,편의점,131.0,4010.0,4510180000.0,593001.0,3.890337349991879,5.131736231691055,-1.180803177228373,True,7.977055309613265,34428854.96183206,4526.725190839695,3.6109937218747907,1108.0,54446,1.3759760772472736,고특화·결제건수 증가
경기도,의왕시,164221.0,슈퍼마켓,97.0,4020.0,3478940000.0,210121.0,-0.1339277800906955,1.070282108609303,-1.1914579276685595,True,5.9066745422327225,35865360.824742265,2166.1958762886597,1.2795014035963732,1108.0,63862,0.868629921445011,저특화·결제건수 증가
경기도,의왕시,164221.0,일반한식,189.0,8001.0,16693170000.0,354927.0,4.525198541299457,3.9322662577066234,0.5704987536042396,True,11.508881324556542,88323650.79365079,1877.920634920635,2.161276572423746,1108.0,98173,1.100969551246398,고특화·결제건수 증가
경기도,의왕시,164221.0,갈비전문점,97.0,,,,,,,True,5.9066745422327225,,,,1108.0,61512,0.9018149961523165,판정불가
경기도,의왕시,164221.0,한정식,272.0,,,,,,,True,16.56304613904434,,,,1108.0,180762,0.8605326101053874,판정불가
경기도,의왕시,164221.0,일식회집,66.0,8004.0,716900000.0,17098.0,1.711210721879478,4.1060364305643136,-2.300371612247563,True,4.018974430797523,10862121.212121213,259.06060606060606,0.10411579517844856,1108.0,44227,0.8534184363424044,저특화·결제건수 증가
경기도,의왕시,164221.0,중국음식,45.0,8005.0,898560000.0,32709.0,-0.802186699527331,0.1503240844949794,-0.9510810800958412,True,2.740209839180129,19968000.0,726.8666666666667,0.19917671917720634,1108.0,31984,0.8046097732982015,저특화·결제건수 증가
경기도,의왕시,164221.0,서양음식,57.0,8006.0,4399290000.0,357130.0,3.6886500008165006,5.398093578077927,-1.6218923124972222,True,3.470932462961497,77180526.31578948,6265.438596491228,2.174691421925332,1108.0,23100,1.4111346054667353,고특화·결제건수 증가
경기도,의왕시,164221.0,스넥,85.0,8021.0,1269930000.0,98750.0,5.116403446084726,3.552236067412896,1.5105104805786629,True,5.175951918451355,14940352.94117647,1161.764705882353,0.6013238258200839,1108.0,44410,1.094570449137793,고특화·결제건수 증가
경기도,의왕시,164221.0,제과점,69.0,8301.0,891230000.0,75527.0,2.258034068191732,2.899553991961754,-0.6234428613948519,True,4.201655086742865,12916376.811594203,1094.5942028985507,0.4599107300527947,1108.0,31168,1.2660350289846476,고특화·결제건수 증가
경기도,의정부시,461917.0,대형할인점,0.0,4004.0,7622040000.0,308652.0,-5.228824201651093,-2.216143384297478,-3.0809592928960527,False,0.0,,,0.6681979663013052,4618.0,0,,판정불가
경기도,의정부시,461917.0,편의점,484.0,4010.0,19041950000.0,2378720.0,2.3338960448627124,3.360720422180847,-0.9934377132086492,True,10.478072900542738,39342871.90082645,4914.710743801653,5.149669745863434,4618.0,54446,1.219749871722582,고특화·결제건수 증가
경기도,의정부시,461917.0,슈퍼마켓,431.0,4020.0,21354790000.0,970572.0,-0.1937910717516383,0.3371848784588154,-0.5291915961700935,True,9.330680620111405,49547076.56612529,2251.907192575406,2.1011826800052824,4618.0,63862,0.9260323381082143,저특화·결제건수 증가
경기도,의정부시,461917.0,일반한식,746.0,8001.0,43600560000.0,1198265.0,1.482487139389214,2.0341203632494227,-0.5406360361576861,True,16.1500875698448,58445790.8847185,1606.2533512064342,2.594113228134059,4618.0,98173,1.0426490773790995,고특화·결제건수 증가
경기도,의정부시,461917.0,갈비전문점,506.0,,,,,,,True,10.9543489414765,,,,4618.0,61512,1.1287092059373316,판정불가
경기도,의정부시,461917.0,한정식,1188.0,,,,,,,True,25.718906210423086,,,,4618.0,180762,0.9017802117132464,판정불가
경기도,의정부시,461917.0,일식회집,285.0,8004.0,3610270000.0,62033.0,0.4253622954345065,2.140765812688917,-1.679450416888623,True,6.169939621187356,12667614.03508772,217.65964912280702,0.13429468930565447,4618.0,44227,0.8841964704260157,저특화·결제건수 증가
경기도,의정부시,461917.0,중국음식,224.0,8005.0,2831000000.0,108287.0,-0.9245562222966854,0.371841876488688,-1.2915954061903232,True,4.8493560531437465,12638392.857142856,483.42410714285717,0.23442956202088253,4618.0,31984,0.9609629414100728,저특화·결제건수 증가
경기도,의정부시,461917.0,서양음식,136.0,8006.0,10976180000.0,1106566.0,2.155137009690958,4.664680627027344,-2.3976986336767614,True,2.9442518894087035,80707205.88235295,8136.514705882353,2.3955948795995816,4618.0,23100,0.8078269298191342,저특화·결제건수 증가
경기도,의정부시,461917.0,스넥,354.0,8021.0,3154080000.0,182713.0,5.181520231900259,3.395912020867917,1.7269620975653464,True,7.663714476843243,8909830.508474575,516.138418079096,0.39555374666877385,4618.0,44410,1.0937394757246957,고특화·결제건수 증가
경기도,의정부시,461917.0,제과점,264.0,8301.0,3085780000.0,278380.0,-1.8022775157053983,0.3721650441826357,-2.1663800506154822,True,5.71531249120513,11688560.606060605,1054.469696969697,0.6026623830688197,4618.0,31168,1.1622147689204727,고특화·결제건수 증가
경기도,이천시,224740.0,대형할인점,0.0,4004.0,5012580000.0,123504.0,-2.9094335616291023,-0.2416189344384747,-2.6742761848123178,False,0.0,,,0.5495416926225861,3094.0,0,,판정불가
경기도,이천시,224740.0,편의점,374.0,4010.0,13620130000.0,1495972.0,3.032836113932607,3.71935745276968,-0.6619028074385409,True,16.64145234493192,36417459.89304813,3999.9251336898396,6.656456349559491,3094.0,54446,1.4067944324712498,고특화·결제건수 증가
경기도,이천시,224740.0,슈퍼마켓,259.0,4020.0,11846240000.0,406315.0,-0.5058482757216287,1.467751195746728,-1.9450509627053656,True,11.52442822817478,45738378.37837838,1568.7837837837837,1.807933612174068,3094.0,63862,0.8305815239902895,저특화·결제건수 증가
경기도,이천시,224740.0,일반한식,535.0,8001.0,25967680000.0,764230.0,1.1312499034392065,1.6393670765152448,-0.4999216225869517,True,23.80528610839192,48537719.62616822,1428.4672897196263,3.4005072528254874,3094.0,98173,1.1160579284497385,고특화·결제건수 증가
경기도,이천시,224740.0,갈비전문점,296.0,8002.0,8930000.0,216.0,13.851457835171583,3.4735576855398396,10.029519020859976,True,13.170775117914033,30168.91891891892,0.7297297297297297,0.0009611106167126457,3094.0,61512,0.9855005719686355,저특화·결제건수 증가
경기도,이천시,224740.0,한정식,847.0,,,,,,,True,37.68799501646347,,,,3094.0,180762,0.9596244175173767,판정불가
경기도,이천시,224740.0,일식회집,160.0,8004.0,1269360000.0,24535.0,0.4894768297021617,2.518168321212887,-1.978860454426307,True,7.119337901575154,7933500.0,153.34375,0.10917059713446649,3094.0,44227,0.7408964584179617,저특화·결제건수 증가
경기도,이천시,224740.0,중국음식,184.0,8005.0,2252380000.0,82077.0,-0.3229105677928938,0.8266917634972332,-1.140176585369573,True,8.187238586811427,12241195.652173912,446.07065217391306,0.3652086855922399,3094.0,31984,1.178175707116648,고특화·결제건수 증가
경기도,이천시,224740.0,서양음식,93.0,8006.0,6261240000.0,501048.0,-0.1971378728803003,3.1789639520712063,-3.2720834709290427,True,4.138115155290558,67325161.29032259,5387.612903225807,2.2294562605677672,3094.0,23100,0.8245101117370025,저특화·결제건수 증가
경기도,이천시,224740.0,스넥,212.0,8021.0,1748530000.0,83978.0,2.159251865052042,1.0561493549172083,1.0915738598555345,True,9.433122719587079,8247783.018867925,396.12264150943395,0.3736673489365489,3094.0,44410,0.9776425727999964,저특화·결제건수 증가
경기도,이천시,224740.0,제과점,134.0,8301.0,1514440000.0,107037.0,-2.5913786965589045,-0.2833548040980914,-2.31458237280897,True,5.962445492569191,11301791.04477612,798.7835820895523,0.4762703568568123,3094.0,31168,0.8804828083500024,저특화·결제건수 감소
경기도,파주시,533387.0,대형할인점,0.0,4004.0,17150170000.0,324378.0,-2.622237243047026,-0.2635367739490301,-2.3649329370664183,False,0.0,,,0.6081475551522628,5516.0,0,,판정불가
경기도,파주시,533387.0,편의점,572.0,4010.0,21962670000.0,2403169.0,3.127799508831711,4.2213274683910225,-1.049236261062761,True,10.723920905458888,38396276.22377622,4201.3444055944055,4.505488510218659,5516.0,54446,1.2068439547596002,고특화·결제건수 증가
경기도,파주시,533387.0,슈퍼마켓,539.0,4020.0,26721870000.0,904496.0,0.3653101112813316,2.518449880745086,-2.10024612347186,True,10.105233160913183,49576753.246753246,1678.100185528757,1.6957593642139759,5516.0,63862,0.9695435446386855,저특화·결제건수 증가
경기도,파주시,533387.0,일반한식,949.0,8001.0,45167030000.0,1120774.0,1.6549089899161638,1.6887024921916418,-0.0332323074709973,True,17.791959684056792,47594341.412012644,1181.0052687038988,2.1012398127438425,5516.0,98173,1.110440311569976,고특화·결제건수 증가
경기도,파주시,533387.0,갈비전문점,503.0,,,,,,,True,9.430301075954231,,,,5516.0,61512,0.9393538215268679,판정불가
경기도,파주시,533387.0,한정식,1517.0,,,,,,,True,28.44088813563135,,,,5516.0,180762,0.9640498964503657,판정불가
경기도,파주시,533387.0,일식회집,298.0,8004.0,2687900000.0,52707.0,-0.7113044443964536,1.159464229147893,-1.8493263955082584,True,5.586937814382427,9019798.65771812,176.86912751677852,0.09881568167203175,5516.0,44227,0.7740158464227495,저특화·결제건수 증가
경기도,파주시,533387.0,중국음식,277.0,8005.0,3695620000.0,131892.0,-1.3219798125897897,-0.3378396842594904,-0.9874762148566986,True,5.1932274314897064,13341588.44765343,476.14440433212997,0.24727261819279436,5516.0,31984,0.9948739552880139,저특화·결제건수 감소
경기도,파주시,533387.0,서양음식,204.0,8006.0,16045140000.0,1172724.0,2.8254579805451647,4.5944829068539494,-1.6913176270341002,True,3.8246151481007225,78652647.05882353,5748.64705882353,2.1986362622261133,5516.0,23100,1.0144701129182638,고특화·결제건수 증가
경기도,파주시,533387.0,스넥,382.0,8021.0,3276970000.0,181051.0,3.937812216288731,2.831957594490365,1.075399756716927,True,7.161779345953314,8578455.4973822,473.9554973821989,0.3394364692052862,5516.0,44410,0.9881062791030706,저특화·결제건수 증가
경기도,파주시,533387.0,제과점,275.0,8301.0,3384130000.0,252566.0,-1.3681075635469724,0.3258269500196837,-1.688433143352554,True,5.155731204547542,12305927.272727273,918.4218181818181,0.47351360269372894,5516.0,31168,1.0135491832235661,고특화·결제건수 증가
경기도,평택시,619670.0,대형할인점,0.0,4004.0,10178430000.0,310429.0,-3.907372453147256,-1.3657715459884885,-2.576794026775174,False,0.0,,,0.500958574725257,7758.0,0,,판정불가
경기도,평택시,619670.0,편의점,924.0,4010.0,43179790000.0,4988090.0,4.522800491569913,5.755919965005107,-1.1660051502017104,True,14.911162392886535,46731374.45887446,5398.365800865801,8.049590911291494,7758.0,54446,1.3861222791712082,고특화·결제건수 증가
경기도,평택시,619670.0,슈퍼마켓,706.0,4020.0,35884150000.0,1510691.0,-0.3414110845198405,1.6424476213890014,-1.9518013903980471,True,11.393160875950104,50827407.93201133,2139.78895184136,2.4378959768909256,7758.0,63862,0.9029375978909925,저특화·결제건수 증가
경기도,평택시,619670.0,일반한식,1198.0,8001.0,62785650000.0,1816907.0,2.978671252715447,3.909172998851961,-0.8954952862022512,True,19.332870721513064,52408722.87145242,1516.6168614357262,2.932055771620379,7758.0,98173,0.9966904733339941,저특화·결제건수 증가
경기도,평택시,619670.0,갈비전문점,774.0,,,,,,,True,12.490519147288072,,,,7758.0,61512,1.027724392486449,판정불가
경기도,평택시,619670.0,한정식,2103.0,,,,,,,True,33.93741830329046,,,,7758.0,180762,0.9502277002435843,판정불가
경기도,평택시,619670.0,일식회집,441.0,8004.0,4034380000.0,73832.0,2.741088472140614,4.8675912813827775,-2.027797895668543,True,7.116691142059484,9148253.968253968,167.41950113378684,0.11914728807268385,7758.0,44227,0.8144166797775051,저특화·결제건수 증가
경기도,평택시,619670.0,중국음식,458.0,8005.0,6578480000.0,225898.0,0.2729676462309259,1.6943483492500646,-1.3976988161993569,True,7.391030709893976,14363493.44978166,493.22707423580783,0.36454564526280114,7758.0,31984,1.1695754747701255,고특화·결제건수 증가
경기도,평택시,619670.0,서양음식,302.0,8006.0,17632590000.0,1483461.0,2.8536532273190196,5.689374700325427,-2.683071482868434,True,4.873561734471574,58386059.602649,4912.122516556291,2.393953233172495,7758.0,23100,1.0678014706785008,고특화·결제건수 증가
경기도,평택시,619670.0,스넥,541.0,8021.0,7157590000.0,409329.0,4.612809310873182,2.487043208241966,2.0741803413256044,True,8.730453305791793,13230295.748613678,756.6155268022181,0.6605596527183824,7758.0,44410,0.994974713291432,저특화·결제건수 증가
경기도,평택시,619670.0,제과점,311.0,8301.0,3918970000.0,298129.0,-0.6950035163563199,2.029221659057757,-2.6700440629816624,True,5.018800329207481,12601189.710610932,958.6141479099679,0.4811093001113496,7758.0,31168,0.814980102012998,저특화·결제건수 증가
경기도,포천시,140468.0,대형할인점,0.0,4004.0,2866350000.0,76568.0,-7.262495997182274,-5.24832116824663,-2.125740518552828,False,0.0,,,0.5450921206253382,2927.0,0,,판정불가
경기도,포천시,140468.0,편의점,298.0,4010.0,9524520000.0,993535.0,5.418455564365911,7.127773653425168,-1.595588175470882,True,21.214796252527268,31961476.510067113,3334.010067114094,7.073034427770026,2927.0,54446,1.1848759642126707,고특화·결제건수 증가
경기도,포천시,140468.0,슈퍼마켓,391.0,4020.0,8778970000.0,304717.0,-0.2458052019391291,1.4350200556228436,-1.6570463106728293,True,27.83552125751061,22452608.695652176,779.3273657289003,2.1692983455306547,2927.0,63862,1.3254301529935624,고특화·결제건수 증가
경기도,포천시,140468.0,일반한식,512.0,8001.0,22017680000.0,522286.0,5.535538385422113,4.696178589704907,0.8017100595491331,True,36.449582823134094,43003281.25,1020.08984375,3.7181849246803544,2927.0,98173,1.1290170562051844,고특화·결제건수 증가
경기도,포천시,140468.0,갈비전문점,307.0,8002.0,332270000.0,1920.0,12.961664367432244,10.023998713663756,2.6700226206227495,True,21.85551157559017,1082312.703583062,6.254071661237785,0.013668593558675286,2927.0,61512,1.080441188617836,고특화·결제건수 증가
경기도,포천시,140468.0,한정식,937.0,,,,,,,True,66.70558418999344,,,,2927.0,180762,1.1221607067075463,판정불가
경기도,포천시,140468.0,일식회집,77.0,8004.0,412100000.0,7588.0,1.385180074483391,3.895450745734303,-2.4161507103851827,True,5.481675541760401,5351948.051948052,98.54545454545455,0.05401942079334795,2927.0,44227,0.3768997490190006,저특화·결제건수 증가
경기도,포천시,140468.0,중국음식,141.0,8005.0,1669540000.0,57474.0,2.941271219177674,3.36600351268571,-0.4109013399709101,True,10.037873394652163,11840709.219858157,407.6170212765957,0.4091608053079705,2927.0,31984,0.9543527742689248,저특화·결제건수 증가
경기도,포천시,140468.0,서양음식,62.0,8006.0,4888420000.0,351444.0,3.239973683671077,5.3430006451003695,-1.996361361030874,True,4.413816669988894,78845483.87096775,5668.451612903225,2.5019506222057695,2927.0,23100,0.5810350269250166,저특화·결제건수 증가
경기도,포천시,140468.0,스넥,122.0,8021.0,1242650000.0,65717.0,5.869568505369658,6.149121632987218,-0.2633588703485613,True,8.68525215707492,10185655.737704918,538.6639344262295,0.4678432098413874,2927.0,44410,0.594705098706366,저특화·결제건수 증가
경기도,포천시,140468.0,제과점,80.0,8301.0,610250000.0,45053.0,-2.7698768257189776,0.693842283660901,-3.439851961972414,True,5.695247316114703,7628125.0,563.1625,0.3207349716661446,2927.0,31168,0.5556529907418645,저특화·결제건수 증가
경기도,하남시,327495.0,대형할인점,0.0,4004.0,35959490000.0,722681.0,-3.2470113373059335,-2.7576662726806913,-0.5032222550287946,False,0.0,,,2.2066932319577397,2884.0,0,,판정불가
경기도,하남시,327495.0,편의점,296.0,4010.0,10969130000.0,1346501.0,2.545696534633055,3.6365301965979384,-1.052557105004941,True,9.038305928334784,37057871.62162162,4548.989864864865,4.111516206354295,2884.0,54446,1.1944715304830913,고특화·결제건수 증가
경기도,하남시,327495.0,슈퍼마켓,304.0,4020.0,10246060000.0,585316.0,1.5215128337420256,2.712293075148955,-1.159335660567626,True,9.282584466938427,33704144.7368421,1925.3815789473683,1.7872517137666224,2884.0,63862,1.0458782679417402,고특화·결제건수 증가
경기도,하남시,327495.0,일반한식,471.0,8001.0,30461930000.0,755318.0,1.4451329388722214,1.7573277021766642,-0.306803225236231,True,14.38189896028947,64675010.61571125,1603.647558386412,2.3063497152628285,2884.0,98173,1.0540929664301038,고특화·결제건수 증가
경기도,하남시,327495.0,갈비전문점,260.0,,,,,,,True,7.939052504618391,,,,2884.0,61512,0.9286746074737241,판정불가
경기도,하남시,327495.0,한정식,717.0,,,,,,,True,21.893464022351488,,,,2884.0,180762,0.8714893589398961,판정불가
경기도,하남시,327495.0,일식회집,208.0,8004.0,2572100000.0,52985.0,-0.0033736569016022,0.7341726102865888,-0.7321708692059834,True,6.351242003694713,12365865.384615384,254.73557692307693,0.16178872959892518,2884.0,44227,1.0332987985605844,고특화·결제건수 증가
경기도,하남시,327495.0,중국음식,120.0,8005.0,2505010000.0,86123.0,-2.297853122431748,0.1647623220510566,-2.4585646562660193,True,3.664178079054642,20875083.333333332,717.6916666666667,0.2629750072520191,2884.0,31984,0.824325130665194,저특화·결제건수 증가
경기도,하남시,327495.0,서양음식,134.0,8006.0,8731940000.0,766726.0,1.6763062435633576,4.185846280828795,-2.4087149328337008,True,4.091665521611017,65163731.34328358,5721.835820895522,2.341183834867708,2884.0,23100,1.2745089492107522,고특화·결제건수 증가
경기도,하남시,327495.0,스넥,194.0,8021.0,2192720000.0,136739.0,5.238892822707309,2.6189607303084843,2.5530682378320355,True,5.923754561138338,11302680.412371134,704.840206185567,0.4175300386265439,2884.0,44410,0.9597785232237369,저특화·결제건수 증가
경기도,하남시,327495.0,제과점,180.0,8301.0,2197340000.0,182950.0,0.828943023016821,2.5518287243789115,-1.6800146060705945,True,5.496267118581963,12207444.444444444,1016.3888888888889,0.5586344829692056,2884.0,31168,1.2688598071353099,고특화·결제건수 증가
경기도,화성시 동탄구,428989.0,대형할인점,0.0,4004.0,8419750000.0,343289.0,-5.309390315415383,-2.4813117790356385,-2.9000375086789996,False,0.0,,,0.8002279778735585,3473.0,0,,판정불가
경기도,화성시 동탄구,428989.0,편의점,337.0,4010.0,13346420000.0,1659594.0,3.4788592554795708,4.627242831209153,-1.0975951813832894,True,7.855679283151782,39603620.17804154,4924.611275964392,3.8686166778169135,3473.0,54446,1.129287355982405,고특화·결제건수 증가
경기도,화성시 동탄구,428989.0,슈퍼마켓,226.0,4020.0,5228580000.0,205690.0,-2.105543715421654,0.6240166515567879,-2.7126330848334272,True,5.268200350125528,23135309.734513275,910.1327433628319,0.47947616372447777,3473.0,63862,0.6456638438178536,저특화·결제건수 증가
경기도,화성시 동탄구,428989.0,일반한식,540.0,8001.0,23875670000.0,608212.0,2.227118297216792,2.6723782498688653,-0.4336706329802707,True,12.587735349857455,44214203.7037037,1126.3185185185184,1.4177799430754634,3473.0,98173,1.0035574536473275,고특화·결제건수 증가
경기도,화성시 동탄구,428989.0,갈비전문점,328.0,,,,,,,True,7.645883693987492,,,,3473.0,61512,0.9728693905612353,판정불가
경기도,화성시 동탄구,428989.0,한정식,761.0,,,,,,,True,17.739382594891712,,,,3473.0,180762,0.7681005259581704,판정불가
경기도,화성시 동탄구,428989.0,일식회집,356.0,8004.0,3320460000.0,69782.0,3.953880143687285,4.81169957113007,-0.8184386198800538,True,8.29858108249862,9327134.831460673,196.01685393258427,0.16266617558958388,3473.0,44227,1.468598431966027,고특화·결제건수 증가
경기도,화성시 동탄구,428989.0,중국음식,186.0,8005.0,2624810000.0,87903.0,-0.6129901905047702,1.4986532274051945,-2.0804644699854737,True,4.335775509395346,14111881.720430108,472.5967741935484,0.20490735193676296,3473.0,31984,1.061013014425439,고특화·결제건수 증가
경기도,화성시 동탄구,428989.0,서양음식,190.0,8006.0,12391780000.0,1074687.0,2.5695992388174087,5.4156376601800265,-2.6998256468714135,True,4.429017993468364,65219894.7368421,5656.247368421053,2.5051621370244925,3473.0,23100,1.5006595094127484,고특화·결제건수 증가
경기도,화성시 동탄구,428989.0,스넥,291.0,8021.0,2821200000.0,180976.0,6.503409706205063,4.1941187429794,2.2163352318589764,True,6.783390716312073,9694845.360824741,621.9106529209622,0.42186629493996347,3473.0,44410,1.1955087507820001,고특화·결제건수 증가
경기도,화성시 동탄구,428989.0,제과점,258.0,8301.0,2693030000.0,221322.0,1.596026079036511,3.5805913348956517,-1.9159624696895825,True,6.014140222709673,10438100.7751938,857.8372093023256,0.5159153265002133,3473.0,31168,1.5102585891396878,고특화·결제건수 증가
경기도,화성시 만세구,234482.0,대형할인점,0.0,4004.0,2050230000.0,66135.0,-16.734731716517274,-7.548184633648121,-9.936578364055206,False,0.0,,,0.2820472360351754,3855.0,0,,판정불가
경기도,화성시 만세구,234482.0,편의점,534.0,4010.0,25861210000.0,2586457.0,4.557895735829315,5.954997350942853,-1.3185801991821873,True,22.773603091068825,48429232.20973783,4843.5524344569285,11.030514069310223,3855.0,54446,1.6121157564322113,고특화·결제건수 증가
경기도,화성시 만세구,234482.0,슈퍼마켓,435.0,4020.0,30349530000.0,1128789.0,-0.4518259771774867,2.1643481263921993,-2.5607505470823173,True,18.551530607893145,69769034.48275863,2594.9172413793103,4.813968662839792,3855.0,63862,1.1196123645501663,고특화·결제건수 증가
경기도,화성시 만세구,234482.0,일반한식,626.0,8001.0,35191150000.0,1169764.0,2.9273948873597955,3.283544938670966,-0.3448274858522693,True,26.697145196646225,56215894.5686901,1868.632587859425,4.988715551726785,3855.0,98173,1.0481011927077617,고특화·결제건수 증가
경기도,화성시 만세구,234482.0,갈비전문점,300.0,,,,,,,True,12.794159039926306,,,,3855.0,61512,0.8016454857689974,판정불가
경기도,화성시 만세구,234482.0,한정식,1127.0,,,,,,,True,48.06339079332316,,,,3855.0,180762,1.0247967104985494,판정불가
경기도,화성시 만세구,234482.0,일식회집,209.0,8004.0,2240830000.0,36852.0,3.3204863162097613,5.9731234035341085,-2.503122491939167,True,8.91326413114866,10721674.641148325,176.32535885167465,0.15716344964645473,3855.0,44227,0.7767472945041202,저특화·결제건수 증가
경기도,화성시 만세구,234482.0,중국음식,203.0,8005.0,3520540000.0,127204.0,1.8279608432018188,1.901628537098807,-0.0722929505196171,True,8.657380950350134,17342561.57635468,626.6206896551724,0.5424894021715952,3855.0,31984,1.0432399403333315,고특화·결제건수 증가
경기도,화성시 만세구,234482.0,서양음식,91.0,8006.0,8680550000.0,665658.0,2.4360678459842857,5.1136120755158885,-2.5472859096574845,True,3.880894908777646,95390659.34065934,7314.923076923077,2.838844772733088,3855.0,23100,0.6475157803718115,저특화·결제건수 증가
경기도,화성시 만세구,234482.0,스넥,226.0,8021.0,2986630000.0,152839.0,3.910507995325329,2.094265812914542,1.7789854973236403,True,9.638266476744484,13215176.991150443,676.2787610619469,0.6518154911677655,3855.0,44410,0.8364666118187121,저특화·결제건수 증가
경기도,화성시 만세구,234482.0,제과점,104.0,8301.0,1626200000.0,124525.0,-0.0688293673220516,2.3566801771364663,-2.3696641394201285,True,4.435308467174453,15636538.461538462,1197.3557692307693,0.5310642181489411,3855.0,31168,0.5484604915880333,저특화·결제건수 증가
경기도,화성시 병점구,174794.0,대형할인점,0.0,4004.0,1867220000.0,86742.0,-9.276657987741132,-4.462474395303688,-5.0390499041779275,False,0.0,,,0.4962527317871323,1266.0,0,,판정불가
경기도,화성시 병점구,174794.0,편의점,149.0,4010.0,6869300000.0,836947.0,3.2794340019988253,4.133261262733634,-0.8199371174792638,True,8.52432005675252,46102684.56375839,5617.093959731544,4.788190670160303,1266.0,54446,1.3697203583137785,고특화·결제건수 증가
경기도,화성시 병점구,174794.0,슈퍼마켓,129.0,4020.0,9370140000.0,351975.0,-1.1896660115640192,1.4799295379233983,-2.6306635820926254,True,7.380116022289094,72636744.18604651,2728.4883720930234,2.013656075151321,1266.0,63862,1.0110178330318589,고특화·결제건수 증가
경기도,화성시 병점구,174794.0,일반한식,237.0,8001.0,13805990000.0,351994.0,2.030591303686387,2.5973988962707195,-0.552458053207931,True,13.558817808391591,58253122.362869196,1485.2067510548522,2.013764774534595,1266.0,98173,1.2082808841708632,고특화·결제건수 증가
경기도,화성시 병점구,174794.0,갈비전문점,132.0,,,,,,,True,7.551746627458608,,,,1266.0,61512,1.0740529802222538,판정불가
경기도,화성시 병점구,174794.0,한정식,300.0,,,,,,,True,17.163060516951383,,,,1266.0,180762,0.8306646675466697,판정불가
경기도,화성시 병점구,174794.0,일식회집,73.0,8004.0,401620000.0,10641.0,10.7107316613123,11.650949003056455,-0.842104209717416,True,4.176344725791503,5501643.835616439,145.76712328767124,0.06087737565362655,1266.0,44227,0.8261273493838748,저특화·결제건수 증가
경기도,화성시 병점구,174794.0,중국음식,67.0,8005.0,1091500000.0,40181.0,-1.174059845778191,-0.3211368184792622,-0.8556709016090288,True,3.8330835154524756,16291044.776119404,599.7164179104477,0.2298763115438745,1266.0,31984,1.0484642992902455,고특화·결제건수 감소
경기도,화성시 병점구,174794.0,서양음식,29.0,8006.0,4086050000.0,413702.0,1.9879180441772597,4.109746174927722,-2.0380686810870174,True,1.659095849971967,140898275.86206895,14265.586206896553,2.3667974873279403,1266.0,23100,0.6283442413300233,저특화·결제건수 증가
경기도,화성시 병점구,174794.0,스넥,101.0,8021.0,1160190000.0,69019.0,5.430062261957297,5.04767787680569,0.3640103169153945,True,5.778230374040298,11487029.702970296,683.3564356435644,0.3948590912731558,1266.0,44410,1.1382881685913218,고특화·결제건수 증가
경기도,화성시 병점구,174794.0,제과점,49.0,8301.0,914910000.0,83706.0,3.600746728812036,3.1300869514565823,0.4563748477948702,True,2.8032998844353925,18671632.653061226,1708.2857142857142,0.4788837145439775,1266.0,31168,0.786862350821193,저특화·결제건수 증가
경기도,화성시 효행구,160481.0,대형할인점,0.0,4004.0,3045380000.0,101410.0,-2.4888677804088046,-0.1168100384220587,-2.3748317839060205,False,0.0,,,0.6319128121085985,1434.0,0,,판정불가
경기도,화성시 효행구,160481.0,편의점,207.0,4010.0,8334440000.0,931394.0,4.375642484091789,6.185821483131622,-1.7047275933420047,True,12.898723213339897,40262995.16908213,4499.487922705314,5.803764931674155,1434.0,54446,1.679966192751422,고특화·결제건수 증가
경기도,화성시 효행구,160481.0,슈퍼마켓,162.0,4020.0,9037350000.0,326128.0,-1.7920795401474214,1.296839292324918,-3.049373360562837,True,10.094652949570353,55786111.11111111,2013.1358024691358,2.0321907266280745,1434.0,63862,1.1209046598778827,고특화·결제건수 증가
경기도,화성시 효행구,160481.0,일반한식,231.0,8001.0,13468130000.0,472510.0,2.374159795535893,3.6942952557377176,-1.273103266622323,True,14.394227354016985,58303593.07359307,2045.4978354978355,2.944336089630548,1434.0,98173,1.0397192693778938,고특화·결제건수 증가
경기도,화성시 효행구,160481.0,갈비전문점,141.0,,,,,,,True,8.7860868264779,,,,1434.0,61512,1.0128740400213097,판정불가
경기도,화성시 효행구,160481.0,한정식,361.0,,,,,,,True,22.494874782684555,,,,1434.0,180762,0.8824624601352493,판정불가
경기도,화성시 효행구,160481.0,일식회집,66.0,8004.0,593180000.0,13329.0,0.9849304321636252,2.584803200212238,-1.5595611807395555,True,4.112636386861996,8987575.757575758,201.95454545454547,0.08305656121285386,1434.0,44227,0.6594055979549401,저특화·결제건수 증가
경기도,화성시 효행구,160481.0,중국음식,77.0,8005.0,1282280000.0,48024.0,-0.3952070014666393,1.526951394762147,-1.8932493981375684,True,4.798075784672329,16652987.012987014,623.6883116883117,0.2992503785494856,1434.0,31984,1.0637856410771636,고특화·결제건수 증가
경기도,화성시 효행구,160481.0,서양음식,37.0,8006.0,3597130000.0,320361.0,3.925967113304638,7.039793935706808,-2.9090366376008165,True,2.305568883543846,97219729.72972973,8658.405405405405,1.9962550083810544,1434.0,23100,0.7077598459188417,저특화·결제건수 증가
경기도,화성시 효행구,160481.0,스넥,91.0,8021.0,1187220000.0,70945.0,5.101690666851809,4.954968627663617,0.1397952294271081,True,5.670453200067297,13046373.626373626,779.6153846153846,0.44207725525140046,1434.0,44410,0.9054339916782788,저특화·결제건수 증가
경기도,화성시 효행구,160481.0,제과점,61.0,8301.0,853760000.0,64366.0,0.2662476718151205,3.501968265755896,-3.126240638856839,True,3.8010730242209356,13996065.573770491,1055.1803278688524,0.4010817479950898,1434.0,31168,0.864802776656099,저특화·결제건수 증가
경상남도,거제시,229029.0,대형할인점,0.0,4004.0,6353370000.0,198759.0,-5.606242976513271,-2.950611556664293,-2.736371101812195,False,0.0,,,0.8678333311502037,3812.0,0,,판정불가
경상남도,거제시,229029.0,편의점,303.0,4010.0,13506510000.0,1448955.0,5.204762512151065,5.792253104440684,-0.5553247757277869,True,13.229765662863654,44575940.59405941,4782.029702970297,6.326513236315052,3812.0,54446,0.925058258287937,저특화·결제건수 증가
경상남도,거제시,229029.0,슈퍼마켓,348.0,4020.0,10557530000.0,560778.0,2.015873655852352,4.754686224953219,-2.614501238846176,True,15.194582345467166,30337729.88505747,1611.4310344827586,2.448502154748962,3812.0,63862,0.9057934239959897,저특화·결제건수 증가
경상남도,거제시,229029.0,일반한식,576.0,8001.0,30779560000.0,718627.0,3.168652579957905,4.626446919309568,-1.3933325485820314,True,25.14965353732497,53436736.11111111,1247.6163194444443,3.137711818154033,3812.0,98173,0.9752654876578296,저특화·결제건수 증가
경상남도,거제시,229029.0,갈비전문점,347.0,8002.0,265440000.0,3777.0,4.51872838521206,4.137749333831333,0.3658414492514413,True,15.150919752520425,764956.7723342939,10.884726224783861,0.016491361355985487,3812.0,61512,0.9376959965292947,저특화·결제건수 증가
경상남도,거제시,229029.0,한정식,1217.0,,,,,,,True,53.13737561618834,,,,3812.0,180762,1.1191179852324589,판정불가
경상남도,거제시,229029.0,일식회집,399.0,8004.0,1760510000.0,20962.0,4.040539020181988,5.409458979803324,-1.2986689931532838,True,17.42137458575115,4412305.764411028,52.53634085213032,0.09152552733496631,3812.0,44227,1.4996083474811848,고특화·결제건수 증가
경상남도,거제시,229029.0,중국음식,158.0,8005.0,1664660000.0,54035.0,1.1380175927705989,2.161586323105629,-1.0019115473577194,True,6.898689685585668,10535822.784810126,341.99367088607596,0.23593082098773518,3812.0,31984,0.8211391241265963,저특화·결제건수 증가
경상남도,거제시,229029.0,서양음식,78.0,8006.0,6196620000.0,502681.0,4.085894476808789,5.541943155210046,-1.3795924490986111,True,3.4056822498460892,79443846.15384616,6444.628205128205,2.194835588506259,3812.0,23100,0.5612741717883376,저특화·결제건수 증가
경상남도,거제시,229029.0,스넥,228.0,8021.0,1835940000.0,84823.0,7.575565793827829,8.43508979191416,-0.7926622274539731,True,9.955071191857801,8052368.421052632,372.030701754386,0.3703592121521729,3812.0,44410,0.8533879548885434,저특화·결제건수 증가
경상남도,거제시,229029.0,제과점,158.0,8301.0,1476890000.0,107208.0,4.435834840116124,6.300424810002149,-1.7540757463751289,True,6.898689685585668,9347405.06329114,678.5316455696203,0.46809792646346093,3812.0,31168,0.8426371196761119,저특화·결제건수 증가
경상남도,거창군,58846.0,대형할인점,0.0,,,,,,,False,0.0,,,,1013.0,0,,판정불가
경상남도,거창군,58846.0,편의점,57.0,4010.0,1505720000.0,163077.0,8.305876603432427,9.247741706414832,-0.862136908526253,True,9.686299833463618,26416140.350877192,2861.0,2.7712503823539407,1013.0,54446,0.6548544127459727,저특화·결제건수 증가
경상남도,거창군,58846.0,슈퍼마켓,111.0,4020.0,2836780000.0,119275.0,7.344164391535149,10.492020706847669,-2.8489444714422114,True,18.862794412534413,25556576.576576576,1074.5495495495495,2.026900723923461,1013.0,63862,1.0872172762202605,고특화·결제건수 증가
경상남도,거창군,58846.0,일반한식,151.0,8001.0,5584550000.0,183782.0,8.4138251156329,7.244404164965847,1.0904260784257351,True,25.660197804438702,36983774.83443709,1217.0993377483444,3.123100975427387,1013.0,98173,0.9621012221017375,저특화·결제건수 증가
경상남도,거창군,58846.0,갈비전문점,117.0,8002.0,46730000.0,621.0,10.08897572938326,11.726966630925851,-1.466065848680451,True,19.88240492132006,399401.7094017094,5.3076923076923075,0.010552968765931415,1013.0,61512,1.1897669354189528,고특화·결제건수 증가
경상남도,거창군,58846.0,한정식,345.0,,,,,,,True,58.627604255174525,,,,1013.0,180762,1.193844708273639,판정불가
경상남도,거창군,58846.0,일식회집,40.0,8004.0,200650000.0,3051.0,0.2942065086949945,3.779523341403858,-3.3583858554092765,True,6.797403391904293,5016250.0,76.275,0.05184719437174999,1013.0,44227,0.5657289344385917,저특화·결제건수 증가
경상남도,거창군,58846.0,중국음식,58.0,8005.0,395920000.0,12816.0,1.9657611021434056,6.134709399931433,-3.9279782470396234,True,9.856234918261226,6826206.8965517245,220.9655172413793,0.21778880467661355,1013.0,31984,1.134308269633336,고특화·결제건수 증가
경상남도,거창군,58846.0,서양음식,22.0,8006.0,1018760000.0,80265.0,3.2073614646135686,5.996966564782942,-2.6317782391106284,True,3.7385718655473608,46307272.72727273,3648.409090909091,1.363983958127995,1013.0,23100,0.5957260377003714,저특화·결제건수 증가
경상남도,거창군,58846.0,스넥,74.0,8021.0,351620000.0,20889.0,7.074749393900263,4.934864280977463,2.039250851073628,True,12.575196275022941,4751621.621621622,282.2837837837838,0.3549773986337219,1013.0,44410,1.0422858169177855,고특화·결제건수 증가
경상남도,거창군,58846.0,제과점,38.0,8301.0,320700000.0,21482.0,9.082058868260804,9.364973367983994,-0.2586883999607612,True,6.457533222309078,8439473.684210526,565.3157894736842,0.36505454916222,1013.0,31168,0.7626241306546719,저특화·결제건수 증가
경상남도,고성군,46808.0,대형할인점,0.0,4004.0,1026010000.0,28227.0,-3.7859048623295206,-1.4167265784637764,-2.403225417090021,False,0.0,,,0.6030379422320971,841.0,0,,판정불가
경상남도,고성군,46808.0,편의점,49.0,4010.0,2195980000.0,215400.0,11.502857535251312,10.06756803704962,1.3040076416683488,True,10.46829601777474,44815918.36734694,4395.918367346939,4.601777473936079,841.0,54446,0.6780776537011461,저특화·결제건수 증가
경상남도,고성군,46808.0,슈퍼마켓,86.0,4020.0,2596650000.0,94345.0,8.638283366549473,9.450740839084013,-0.7423042240792297,True,18.37292770466587,30193604.651162792,1097.0348837209303,2.015574260810118,841.0,63862,1.014624317572995,고특화·결제건수 증가
경상남도,고성군,46808.0,일반한식,103.0,8001.0,4800670000.0,107167.0,12.44760551489976,11.04727444734798,1.2610224559953136,True,22.004785506750984,46608446.60194175,1040.4563106796118,2.2895017945650316,841.0,98173,0.79048656529103,저특화·결제건수 증가
경상남도,고성군,46808.0,갈비전문점,93.0,8002.0,69030000.0,884.0,9.530654050490396,10.783960486155776,-1.1313067615252494,True,19.868398564347974,742258.0645161291,9.505376344086022,0.01888566057084259,841.0,61512,1.139127750021689,고특화·결제건수 증가
경상남도,고성군,46808.0,한정식,297.0,,,,,,,True,63.450692189369335,,,,841.0,180762,1.2379372823102768,판정불가
경상남도,고성군,46808.0,일식회집,90.0,8004.0,495280000.0,4894.0,25.896725296360017,22.637400156153628,2.6576926256234334,True,19.22748248162707,5503111.111111111,54.37777777777778,0.10455477696120322,841.0,44227,1.5332195883699882,고특화·결제건수 증가
경상남도,고성군,46808.0,중국음식,40.0,8005.0,388880000.0,14570.0,7.421572432557914,8.71800564738307,-1.1924733231678468,True,8.545547769612032,9722000.0,364.25,0.3112715775081183,841.0,31984,0.9422725631543478,저특화·결제건수 증가
경상남도,고성군,46808.0,서양음식,15.0,8006.0,1080070000.0,73271.0,11.439333623648984,12.211310586360131,-0.687967156498938,True,3.2045804136045124,72004666.66666667,4884.733333333334,1.565352076568108,841.0,23100,0.4892474944793612,저특화·결제건수 증가
경상남도,고성군,46808.0,스넥,49.0,8021.0,432300000.0,20266.0,12.947554443893718,11.561554231872377,1.2423636633285309,True,10.46829601777474,8822448.979591837,413.59183673469386,0.4329601777473936,841.0,44410,0.8313131261745689,저특화·결제건수 증가
경상남도,고성군,46808.0,제과점,19.0,8301.0,216150000.0,11132.0,10.831668253466358,13.275547210135189,-2.157463827683126,True,4.059135190565716,11376315.789473685,585.8947368421053,0.23782259442830286,841.0,31168,0.45929741043589933,저특화·결제건수 증가
경상남도,김해시,532777.0,대형할인점,0.0,4004.0,21965190000.0,755777.0,-2.889537259333286,-0.9065054678422924,-2.001172529895479,False,0.0,,,1.4185616120816027,6873.0,0,,판정불가
경상남도,김해시,532777.0,편의점,574.0,4010.0,29313060000.0,3203683.0,5.925568835396299,6.599969741524155,-0.6326464329803123,True,10.773738355822418,51068048.780487806,5581.329268292683,6.013178121427915,6873.0,54446,0.9719521763118298,저특화·결제건수 증가
경상남도,김해시,532777.0,슈퍼마켓,677.0,4020.0,26246600000.0,1335614.0,2.0708448508586685,5.286947179681827,-3.0546068767048,True,12.707004994584976,38768980.797636636,1972.8419497784344,2.5068912509361327,6873.0,63862,0.9773387904479742,저특화·결제건수 증가
경상남도,김해시,532777.0,일반한식,1149.0,8001.0,67484650000.0,1912846.0,4.284100165219895,5.838684242545448,-1.4688240773694627,True,21.566246290661947,58733376.849434294,1664.791993037424,3.5903314144567053,6873.0,98173,1.0790136758863795,고특화·결제건수 증가
경상남도,김해시,532777.0,갈비전문점,894.0,8002.0,412880000.0,4374.0,6.219006719465176,9.068216847063344,-2.6123193446844226,True,16.78000364129833,461834.451901566,4.89261744966443,0.008209813862084888,6873.0,61512,1.339913163969979,고특화·결제건수 증가
경상남도,김해시,532777.0,한정식,1856.0,,,,,,,True,34.836338655760294,,,,6873.0,180762,0.9466072295822976,판정불가
경상남도,김해시,532777.0,일식회집,470.0,8004.0,3571480000.0,69035.0,1.6127515803413948,3.81980995814458,-2.1258547657647697,True,8.821702138042745,7598893.617021277,146.88297872340425,0.12957578874463424,6873.0,44227,0.9797366614853699,저특화·결제건수 증가
경상남도,김해시,532777.0,중국음식,306.0,8005.0,4458850000.0,173107.0,3.5304281288944126,5.06685709728264,-1.4623345656620177,True,5.743491179236341,14571405.22875817,565.7091503267974,0.3249145514915246,6873.0,31984,0.882038684117266,저특화·결제건수 증가
경상남도,김해시,532777.0,서양음식,204.0,8006.0,16852330000.0,1612355.0,4.331542730902116,6.741347718614782,-2.257611543434171,True,3.828994119490894,82609460.78431372,7903.700980392156,3.026322457613598,6873.0,23100,0.8141738895470889,저특화·결제건수 증가
경상남도,김해시,532777.0,스넥,439.0,8021.0,5797790000.0,324646.0,7.485334307369791,7.964847721191807,-0.4441384616781224,True,8.239845188512266,13206810.933940774,739.5125284738041,0.6093468749589416,6873.0,44410,0.9113448212631049,저특화·결제건수 증가
경상남도,김해시,532777.0,제과점,304.0,8301.0,5035840000.0,344597.0,0.8896984158609211,4.0356411561416685,-3.0239086387319625,True,5.705952021202116,16565263.157894736,1133.5427631578948,0.6467940620559821,6873.0,31168,0.8992151833006637,저특화·결제건수 증가
경상남도,남해군,41143.0,대형할인점,0.0,,,,,,,False,0.0,,,,905.0,0,,판정불가
경상남도,남해군,41143.0,편의점,65.0,4010.0,2056290000.0,205835.0,10.492026781433257,11.358584040384669,-0.7781683526410285,True,15.798556255013002,31635230.769230768,3166.6923076923076,5.002916656539387,905.0,54446,0.835880368464836,저특화·결제건수 증가
경상남도,남해군,41143.0,슈퍼마켓,123.0,4020.0,3407160000.0,116104.0,10.260979192375355,8.828231659365969,1.316521927411204,True,29.895729528716917,27700487.80487805,943.9349593495934,2.821962423741584,905.0,63862,1.348526060422759,고특화·결제건수 증가
경상남도,남해군,41143.0,일반한식,79.0,8001.0,7991730000.0,164198.0,11.774389696814126,12.795881877918506,-0.905611236950981,True,19.20132221763119,101161139.24050634,2078.4556962025317,3.9909097537855773,905.0,98173,0.5634193736133749,저특화·결제건수 증가
경상남도,남해군,41143.0,갈비전문점,53.0,8002.0,22160000.0,422.0,31.68289091821761,35.73137656899027,-2.982719068435052,True,12.881899715625988,418113.2075471698,7.962264150943396,0.010256908830177673,905.0,61512,0.6032714453955532,저특화·결제건수 증가
경상남도,남해군,41143.0,한정식,340.0,,,,,,,True,82.63860194929879,,,,905.0,180762,1.3169476961281343,판정불가
경상남도,남해군,41143.0,일식회집,98.0,8004.0,591000000.0,6916.0,8.745989452276229,9.84590615347926,-1.001326985883506,True,23.8193617383273,6030612.244897959,70.57142857142857,0.16809663855333837,905.0,44227,1.5514412772778108,고특화·결제건수 증가
경상남도,남해군,41143.0,중국음식,35.0,8005.0,516090000.0,18517.0,10.323878815446417,12.003778354641614,-1.499859704621788,True,8.506914906545465,14745428.57142857,529.0571428571428,0.4500644094985781,905.0,31984,0.766182124211277,저특화·결제건수 증가
경상남도,남해군,41143.0,서양음식,30.0,8006.0,2014210000.0,111301.0,8.882069227937086,9.29293836074346,-0.3759338333920629,True,7.29164134846754,67140333.33333333,3710.0333333333333,2.705223245752619,905.0,23100,0.9092975532754537,저특화·결제건수 증가
경상남도,남해군,41143.0,스넥,47.0,8021.0,383800000.0,16323.0,18.936210140898176,19.081069175020517,-0.1216474080438726,True,11.42357144593248,8165957.44680851,347.29787234042556,0.39673820577011887,905.0,44410,0.7409925344075361,저특화·결제건수 증가
경상남도,남해군,41143.0,제과점,35.0,8301.0,423650000.0,21739.0,6.73394732952588,8.714033244844508,-1.8213710375909773,True,8.506914906545465,12104285.714285715,621.1142857142858,0.5283766375811195,905.0,31168,0.7862413071346727,저특화·결제건수 증가
경상남도,밀양시,98591.0,대형할인점,0.0,4004.0,4042900000.0,122442.0,-2.929133397655079,-0.2537113445192459,-2.6822271677461624,False,0.0,,,1.2419186335466725,1721.0,0,,판정불가
경상남도,밀양시,98591.0,편의점,105.0,4010.0,3054760000.0,334147.0,2.527306066151657,3.855064308845102,-1.278472312861851,True,10.650059336044873,29092952.38095238,3182.352380952381,3.3892241685346534,1721.0,54446,0.7100481116825732,저특화·결제건수 증가
경상남도,밀양시,98591.0,슈퍼마켓,185.0,4020.0,6075260000.0,241743.0,0.4040558343923662,1.92273029636334,-1.4900252942156282,True,18.764390258745728,32839243.243243244,1306.718918918919,2.451978375308091,1721.0,63862,1.0665805740956071,고특화·결제건수 증가
경상남도,밀양시,98591.0,일반한식,287.0,8001.0,9700370000.0,248129.0,2.1217426877336196,2.3279707369928,-0.2015363421886389,True,29.11016218518932,33799198.60627177,864.560975609756,2.5167510218985507,1721.0,98173,1.0763519223109166,고특화·결제건수 증가
경상남도,밀양시,98591.0,갈비전문점,195.0,8002.0,80130000.0,923.0,1.6308901976862116,-0.5194527402426147,2.1615712791707815,True,19.778681624083337,410923.07692307694,4.733333333333333,0.009361909302066112,1721.0,61512,1.1671837164239776,고특화·결제건수 감소
경상남도,밀양시,98591.0,한정식,610.0,8003.0,23530000.0,220.0,13.408263245026278,7.659089253398545,5.340165917710717,True,61.871773285594024,38573.770491803276,0.36065573770491804,0.002231441003742735,1721.0,180762,1.2424735544442982,고특화·결제건수 증가
경상남도,밀양시,98591.0,일식회집,78.0,8004.0,282890000.0,4593.0,-8.489834524826207,-4.882616798858538,-3.79238537117825,True,7.911472649633334,3626794.871794872,58.88461538461539,0.04658640240995628,1721.0,44227,0.6493391345980664,저특화·결제건수 감소
경상남도,밀양시,98591.0,중국음식,85.0,8005.0,695390000.0,24617.0,-3.890802073659515,-2.7961492684966425,-1.1261413996721008,True,8.62147660536966,8181058.823529412,289.61176470588236,0.24968810540515868,1721.0,31984,0.9784769636416116,저특화·결제건수 감소
경상남도,밀양시,98591.0,서양음식,34.0,8006.0,2283950000.0,174987.0,2.6834625561596135,3.258773492024526,-0.5571545316770234,True,3.4485906421478636,67175000.0,5146.676470588235,1.7748780314633181,1721.0,23100,0.5419152762790183,저특화·결제건수 증가
경상남도,밀양시,98591.0,스넥,92.0,8021.0,691670000.0,38773.0,2.77400782435065,2.5642325289877723,0.204530653806237,True,9.331480561105984,7518152.173913044,421.44565217391306,0.3932711910823503,1721.0,44410,0.762731198026524,저특화·결제건수 증가
경상남도,밀양시,98591.0,제과점,50.0,8301.0,452450000.0,28373.0,-1.9443976736687736,-1.6398059920771182,-0.3096696632858872,True,5.071456826688034,9049000.0,567.46,0.2877848890872392,1721.0,31168,0.5906436315737352,저특화·결제건수 감소
경상남도,사천시,107882.0,대형할인점,0.0,4004.0,5716680000.0,153461.0,-2.9653685264031027,-1.428399427563933,-1.559241292536076,False,0.0,,,1.4224893865519734,1929.0,0,,판정불가
경상남도,사천시,107882.0,편의점,126.0,4010.0,5148490000.0,528589.0,5.1305315848813065,5.4044575926397425,-0.259880857047909,True,11.67942752266365,40861031.746031746,4195.150793650793,4.8996959641089335,1929.0,54446,0.7601821463177035,저특화·결제건수 증가
경상남도,사천시,107882.0,슈퍼마켓,190.0,4020.0,4222210000.0,199105.0,5.63007749054408,8.747548089914853,-2.86670426517865,True,17.611835153222966,22222157.89473684,1047.921052631579,1.8455812832539256,1929.0,63862,0.9772916422835599,저특화·결제건수 증가
경상남도,사천시,107882.0,일반한식,354.0,8001.0,16967650000.0,446315.0,3.817295642853248,4.944911062292349,-1.0744831817235612,True,32.81362970653121,47931214.689265534,1260.776836158192,4.137066424426688,1929.0,98173,1.1844706362220665,고특화·결제건수 증가
경상남도,사천시,107882.0,갈비전문점,201.0,,,,,,,True,18.631467714725346,,,,1929.0,61512,1.0733696438146474,판정불가
경상남도,사천시,107882.0,한정식,615.0,8003.0,17590000.0,166.0,-10.533086269164164,-9.937223895374556,-0.6616078246326658,True,57.00672957490592,28601.62601626016,0.26991869918699185,0.0015387182291763224,1929.0,180762,1.1175863202093685,고특화·결제건수 감소
경상남도,사천시,107882.0,일식회집,159.0,8004.0,821660000.0,9926.0,2.939355215898985,4.821581963691774,-1.795648102739695,True,14.738325207170798,5167672.955974842,62.42767295597484,0.09200793459520587,1929.0,44227,1.1809261571179452,고특화·결제건수 증가
경상남도,사천시,107882.0,중국음식,80.0,8005.0,1106850000.0,37826.0,1.009398198678515,3.33604365991566,-2.251533326449231,True,7.415509538199143,13835625.0,472.825,0.350623829739901,1929.0,31984,0.8216186890749678,저특화·결제건수 증가
경상남도,사천시,107882.0,서양음식,33.0,8006.0,2899700000.0,238533.0,2.15642922842155,4.042736140905552,-1.813011635842951,True,3.058897684507147,87869696.96969697,7228.272727272727,2.2110546708440704,1929.0,23100,0.4692616455602458,저특화·결제건수 증가
경상남도,사천시,107882.0,스넥,104.0,8021.0,837990000.0,37320.0,6.073967356935075,7.318853809672904,-1.1599885840615496,True,9.640162399658887,8057596.153846154,358.84615384615387,0.34593351995699007,1929.0,44410,0.7692467416524634,저특화·결제건수 증가
경상남도,사천시,107882.0,제과점,67.0,8301.0,791500000.0,48132.0,2.935187284518378,5.268500413729777,-2.216534974888882,True,6.210489238241783,11813432.835820895,718.3880597014926,0.4461541313657515,1929.0,31168,0.7061207384745743,저특화·결제건수 증가
경상남도,산청군,32638.0,대형할인점,0.0,,,,,,,False,0.0,,,,593.0,0,,판정불가
경상남도,산청군,32638.0,편의점,20.0,4010.0,632430000.0,63889.0,6.955580833720948,7.351050566192006,-0.3683892522571731,True,6.127826459954655,31621500.0,3194.45,1.9575035235002145,593.0,54446,0.3925135470025563,저특화·결제건수 증가
경상남도,산청군,32638.0,슈퍼마켓,89.0,4020.0,1951250000.0,72216.0,3.5033086084334046,5.590627829940704,-1.9768034951634312,True,27.268827746798213,21924157.303370785,811.4157303370787,2.2126355781604263,593.0,63862,1.4891488988984098,고특화·결제건수 증가
경상남도,산청군,32638.0,일반한식,58.0,8001.0,4231770000.0,150785.0,5.806668884327201,3.409048473195521,2.3185789314686014,True,17.770696733868498,72961551.72413793,2599.7413793103447,4.619921563821313,593.0,98173,0.631286590837536,저특화·결제건수 증가
경상남도,산청군,32638.0,갈비전문점,56.0,8002.0,51940000.0,652.0,-4.782719119162902,-1.3157063983323405,-3.5132365995595034,True,17.15791408787303,927500.0,11.642857142857142,0.01997671425945217,593.0,61512,0.9727893618201864,저특화·결제건수 감소
경상남도,산청군,32638.0,한정식,266.0,8003.0,22410000.0,216.0,24.494235208915725,16.432599528118992,6.923864719562347,True,81.5000919173969,84248.12030075188,0.8120300751879699,0.006618052576751026,593.0,180762,1.5724075929418004,고특화·결제건수 증가
경상남도,산청군,32638.0,일식회집,16.0,8004.0,115020000.0,1666.0,7.750620776835143,12.8191776450868,-4.492637665022348,True,4.902261167963723,7188750.0,104.125,0.05104479441142227,593.0,44227,0.38656553833814056,저특화·결제건수 증가
경상남도,산청군,32638.0,중국음식,26.0,8005.0,229800000.0,8225.0,0.3859816889264199,1.683679612003827,-1.2762106249784566,True,7.96617439794105,8838461.538461538,316.34615384615387,0.25200686316563514,593.0,31984,0.8686227599465838,저특화·결제건수 증가
경상남도,산청군,32638.0,서양음식,8.0,8006.0,685610000.0,53212.0,8.007067758618437,6.942733407792748,0.9952376537517182,True,2.4511305839818616,85701250.0,6651.5,1.6303695079355354,593.0,23100,0.37005701437404637,저특화·결제건수 증가
경상남도,산청군,32638.0,스넥,34.0,8021.0,218270000.0,10255.0,2.97435625436076,4.890039433354508,-1.8263728275275892,True,10.417304981922912,6419705.882352941,301.61764705882354,0.3142043017341749,593.0,44410,0.8180668179727991,저특화·결제건수 증가
경상남도,산청군,32638.0,제과점,20.0,8301.0,162720000.0,10205.0,4.105534784709121,6.868431982657226,-2.5853258503844,True,6.127826459954655,8136000.0,510.25,0.31267234511918623,593.0,31168,0.685664546332815,저특화·결제건수 증가
경상남도,양산시,361389.0,대형할인점,0.0,4004.0,18081960000.0,565082.0,-0.9878956921320318,0.529127329401533,-1.5090382875430963,False,0.0,,,1.563639181048676,4422.0,0,,판정불가
경상남도,양산시,361389.0,편의점,349.0,4010.0,15143040000.0,1765848.0,1.042574377850615,1.8163017273926751,-0.7599248218754816,True,9.657183810243255,43389799.4269341,5059.736389684814,4.8862804346562845,4422.0,54446,0.9185145425939399,저특화·결제건수 증가
경상남도,양산시,361389.0,슈퍼마켓,431.0,4020.0,18904870000.0,847601.0,-7.280949679618565,-3.7885384505590256,-3.6299326221802137,True,11.926206940443677,43862807.42459397,1966.5916473317866,2.3453978953426917,4422.0,63862,0.9670776430085332,저특화·결제건수 감소
경상남도,양산시,361389.0,일반한식,767.0,8001.0,38188580000.0,1056418.0,-0.988283077946028,-0.3356951614776062,-0.6547860013931515,True,21.223667571508816,49789543.67666232,1377.3376792698828,2.9232157038537423,4422.0,98173,1.119514930820924,고특화·결제건수 감소
경상남도,양산시,361389.0,갈비전문점,490.0,8002.0,20150000.0,406.0,-2.20550035366196,-2.007270965712479,-0.2022898942636095,True,13.558796753636663,41122.448979591834,0.8285714285714286,0.0011234431595870378,4422.0,61512,1.141465581443802,고특화·결제건수 감소
경상남도,양산시,361389.0,한정식,1287.0,,,,,,,True,35.61259473863344,,,,4422.0,180762,1.0202297834688872,판정불가
경상남도,양산시,361389.0,일식회집,285.0,8004.0,2038950000.0,35676.0,-0.9487739314756548,0.7248172771719501,-1.6615480215192004,True,7.886238928135611,7154210.52631579,125.17894736842105,0.09871910877198808,4422.0,44227,0.9233874492146857,저특화·결제건수 증가
경상남도,양산시,361389.0,중국음식,210.0,8005.0,2205410000.0,83962.0,-3.735181887605911,-3.0856605072194507,-0.6702015241354924,True,5.810912894415712,10501952.38095238,399.81904761904764,0.23233136592425338,4422.0,31984,0.9408342230816902,저특화·결제건수 감소
경상남도,양산시,361389.0,서양음식,106.0,8006.0,9959580000.0,983595.0,0.4423043591070572,2.081909278598215,-1.606166000497134,True,2.9331274609907885,93958301.88679245,9279.198113207547,2.7217070801822967,4422.0,23100,0.6575374211195106,저특화·결제건수 증가
경상남도,양산시,361389.0,스넥,279.0,8021.0,3573870000.0,220638.0,-0.1254505736867485,-1.2676439690522048,1.1568582390634632,True,7.720212845438018,12809569.892473118,790.8172043010753,0.6105277139038543,4422.0,44410,0.9002228219407356,저특화·결제건수 감소
경상남도,양산시,361389.0,제과점,218.0,8301.0,2798410000.0,200761.0,-3.2623759818980123,-1.4777456330562018,-1.8113982067391965,True,6.032281004679169,12836743.119266056,920.9220183486239,0.5555260398075205,4422.0,31168,1.0022455739781584,고특화·결제건수 감소
경상남도,의령군,24531.0,대형할인점,0.0,,,,,,,False,0.0,,,,361.0,0,,판정불가
경상남도,의령군,24531.0,편의점,13.0,4010.0,573330000.0,57995.0,4.510732905627115,4.755197218571321,-0.2333672404187214,True,5.299417064122947,44102307.692307696,4461.153846153846,2.3641514817985407,361.0,54446,0.41909791327461315,저특화·결제건수 증가
경상남도,의령군,24531.0,슈퍼마켓,45.0,4020.0,1552420000.0,58310.0,1.723627252996362,3.0659706859274367,-1.3024118668824394,True,18.344135991194815,34498222.222222224,1295.7777777777778,2.376992376992377,361.0,63862,1.2368246247036654,고특화·결제건수 증가
경상남도,의령군,24531.0,일반한식,45.0,8001.0,2797400000.0,70326.0,5.912816828794671,5.3776026460900965,0.5079012705404718,True,18.344135991194815,62164444.44444445,1562.8,2.8668215727039255,361.0,98173,0.8045602577371118,저특화·결제건수 증가
경상남도,의령군,24531.0,갈비전문점,46.0,,,,,,,True,18.751783457665812,,,,361.0,61512,1.3126112095236964,판정불가
경상남도,의령군,24531.0,한정식,141.0,,,,,,,True,57.47829277241042,,,,361.0,180762,1.3691470650515771,판정불가
경상남도,의령군,24531.0,일식회집,25.0,8004.0,43830000.0,444.0,-16.061786142403477,-17.688606402837006,1.9764217192036655,True,10.191186661774898,1753200.0,17.76,0.01809954751131222,361.0,44227,0.9921804199901202,저특화·결제건수 감소
경상남도,의령군,24531.0,중국음식,18.0,8005.0,122250000.0,4728.0,0.3457482013696664,0.0190205448632083,0.3266655229441138,True,7.337654396477926,6791666.666666667,262.6666666666667,0.19273572214748685,361.0,31984,0.9878200873289832,저특화·결제건수 증가
경상남도,의령군,24531.0,서양음식,4.0,8006.0,451600000.0,35136.0,4.815702623266422,5.714746987672075,-0.8504436609117892,True,1.6305898658839835,112900000.0,8784.0,1.4323101381924912,361.0,23100,0.3039387943543068,저특화·결제건수 증가
경상남도,의령군,24531.0,스넥,14.0,8021.0,111110000.0,3770.0,-5.799666316583504,-4.233968928663867,-1.634919365879679,True,5.707064530593943,7936428.571428572,269.2857142857143,0.15368309485956544,361.0,44410,0.5533314911854471,저특화·결제건수 감소
경상남도,의령군,24531.0,제과점,10.0,8301.0,381120000.0,17307.0,1.060300424666044,3.2457994296992143,-2.1167921766360265,True,4.076474664709958,38112000.0,1730.7,0.7055154702213525,361.0,31168,0.5631566149243203,저특화·결제건수 증가
경상남도,진주시,334651.0,대형할인점,0.0,4004.0,19534150000.0,507289.0,-3.643193165498108,-0.6549892520138867,-3.0079053703709095,False,0.0,,,1.5158747471246163,5067.0,0,,판정불가
경상남도,진주시,334651.0,편의점,335.0,4010.0,12173680000.0,1503762.0,4.76481080725747,6.011565300324774,-1.176055168636864,True,10.010428775052219,36339343.28358209,4488.841791044776,4.493523103173157,5067.0,54446,0.7694373266212041,저특화·결제건수 증가
경상남도,진주시,334651.0,슈퍼마켓,542.0,4020.0,8064430000.0,477692.0,4.666127376664642,6.06596488154138,-1.319780107068398,True,16.195977301726277,14879022.140221402,881.350553505535,1.4274333559439536,5067.0,63862,1.061331840969974,고특화·결제건수 증가
경상남도,진주시,334651.0,일반한식,857.0,8001.0,36166100000.0,915931.0,3.5632996612836956,5.295944684632274,-1.645500240809782,True,25.608768537969407,42200816.80280047,1068.7642940490082,2.7369737427947323,5067.0,98173,1.0916494040213778,고특화·결제건수 증가
경상남도,진주시,334651.0,갈비전문점,578.0,8002.0,116390000.0,1409.0,4.986206063841604,5.837043090180012,-0.8039123179333489,True,17.271724871582634,201366.7820069204,2.4377162629757785,0.004210356460910023,5067.0,61512,1.1750664133515047,고특화·결제건수 증가
경상남도,진주시,334651.0,한정식,1359.0,,,,,,,True,40.60947076207751,,,,5067.0,180762,0.940170762795895,판정불가
경상남도,진주시,334651.0,일식회집,359.0,8004.0,3881910000.0,61652.0,4.269521859406617,5.139330819789716,-0.8272917029250914,True,10.727593821623124,10813119.777158774,171.73259052924791,0.18422774771328937,5067.0,44227,1.015082614961907,고특화·결제건수 증가
경상남도,진주시,334651.0,중국음식,228.0,8005.0,2079020000.0,75220.0,0.7884802542894382,2.7601575052910228,-1.9187176225377172,True,6.813067942423599,9118508.771929825,329.9122807017544,0.22477147834609787,5067.0,31984,0.8914489808551405,저특화·결제건수 증가
경상남도,진주시,334651.0,서양음식,176.0,8006.0,9869310000.0,797121.0,2.418863210709956,5.527465017088608,-2.9457751172884765,True,5.259210341519972,56075625.0,4529.096590909091,2.381947162865194,5067.0,23100,0.9527854370483144,저특화·결제건수 증가
경상남도,진주시,334651.0,스넥,360.0,8021.0,3154520000.0,179883.0,5.34182893272474,5.159951428178271,0.1729532032645698,True,10.757475698563578,8762555.555555556,499.675,0.5375241669679756,5067.0,44410,1.0137156473887157,고특화·결제건수 증가
경상남도,진주시,334651.0,제과점,273.0,8301.0,2599030000.0,184574.0,0.5052704604893139,3.4007398414576304,-2.800240487067954,True,8.157752404744047,9520256.41025641,676.0952380952381,0.5515417554407428,5067.0,31168,1.0953379488975046,고특화·결제건수 증가
경상남도,창녕군,54445.0,대형할인점,0.0,4004.0,873010000.0,30526.0,0.2487933766603959,2.0499067946768235,-1.7649339177156294,False,0.0,,,0.5606759114702912,994.0,0,,판정불가
경상남도,창녕군,54445.0,편의점,59.0,4010.0,2216830000.0,231853.0,3.106152526418181,4.85949559251169,-1.6720880223447847,True,10.836624116080447,37573389.83050848,3929.7118644067796,4.2584810359077965,994.0,54446,0.6907883032685331,저특화·결제건수 증가
경상남도,창녕군,54445.0,슈퍼마켓,108.0,4020.0,4572790000.0,177553.0,1.2953771882520058,2.666647439250535,-1.3356530920228165,True,19.836532280282857,42340648.14814815,1644.0092592592594,3.26114427403802,994.0,63862,1.0780531738865753,고특화·결제건수 증가
경상남도,창녕군,54445.0,일반한식,156.0,8001.0,6284710000.0,151613.0,1.0552832160917909,2.0767950719925077,-1.000728770118892,True,28.65276884929746,40286602.56410257,971.8782051282051,2.7847001561208558,994.0,98173,1.0129580924373618,고특화·결제건수 증가
경상남도,창녕군,54445.0,갈비전문점,118.0,,,,,,,True,21.673248232160894,,,,994.0,61512,1.222872283774176,판정불가
경상남도,창녕군,54445.0,한정식,353.0,,,,,,,True,64.83607310129489,,,,994.0,180762,1.2448771918084225,판정불가
경상남도,창녕군,54445.0,일식회집,53.0,8004.0,126780000.0,1853.0,-8.181691802039344,-7.15831751036782,-1.1022789163540114,True,9.734594544953623,2392075.4716981133,34.9622641509434,0.03403434658830012,994.0,44227,0.7639190332261959,저특화·결제건수 감소
경상남도,창녕군,54445.0,중국음식,55.0,8005.0,516310000.0,20367.0,-3.810943052333202,-2.999738575751465,-0.836291020942545,True,10.101937735329232,9387454.545454545,370.3090909090909,0.37408393791900085,994.0,31984,1.0961976209432684,고특화·결제건수 감소
경상남도,창녕군,54445.0,서양음식,16.0,8006.0,1000800000.0,87704.0,3.283343035813753,4.403922058132912,-1.0733112322113636,True,2.9387455230048674,62550000.0,5481.5,1.610873358435118,994.0,23100,0.4415368400881479,저특화·결제건수 증가
경상남도,창녕군,54445.0,스넥,52.0,8021.0,439920000.0,21776.0,2.4108842517084423,2.7039848231972607,-0.2853838358787869,True,9.550922949765818,8460000.0,418.7692307692308,0.39996326568096247,994.0,44410,0.746416984229176,저특화·결제건수 증가
경상남도,창녕군,54445.0,제과점,24.0,8301.0,190060000.0,11443.0,-1.676336370210121,-1.5141505366134065,-0.1646793265026562,True,4.408118284507301,7919166.666666667,476.7916666666667,0.21017540637340434,994.0,31168,0.4908640756241762,저특화·결제건수 감소
경상남도,창원시 마산합포구,174487.0,대형할인점,0.0,4004.0,7229900000.0,229846.0,-2.345029105573759,-1.2385785685369164,-1.120326662982154,False,0.0,,,1.317267188959636,2756.0,0,,판정불가
경상남도,창원시 마산합포구,174487.0,편의점,159.0,4010.0,8677510000.0,1036014.0,6.670205158649731,7.804703541528863,-1.0523644568459292,True,9.112426713737985,54575534.591194965,6515.811320754717,5.937485314092167,2756.0,54446,0.671424615497642,저특화·결제건수 증가
경상남도,창원시 마산합포구,174487.0,슈퍼마켓,237.0,4020.0,12835240000.0,660439.0,3.3257658906561183,6.701752030200775,-3.163946303889251,True,13.582673780854734,54157130.80168776,2786.662447257384,3.7850326958455356,2756.0,63862,0.8532414482806926,저특화·결제건수 증가
경상남도,창원시 마산합포구,174487.0,일반한식,420.0,8001.0,33511030000.0,762571.0,4.504098099981341,6.980549062061621,-2.3148609572415553,True,24.070561130628644,79788166.66666667,1815.645238095238,4.3703599695106226,2756.0,98173,0.9836109198363239,저특화·결제건수 증가
경상남도,창원시 마산합포구,174487.0,갈비전문점,271.0,8002.0,300320000.0,3792.0,4.855050900006807,7.931233065374071,-2.8501315865668246,True,15.531243015238958,1108191.8819188192,13.992619926199263,0.021732278049367573,2756.0,61512,1.0129209569548867,고특화·결제건수 증가
경상남도,창원시 마산합포구,174487.0,한정식,855.0,,,,,,,True,49.000785158779735,,,,2756.0,180762,1.0874895453465672,판정불가
경상남도,창원시 마산합포구,174487.0,일식회집,328.0,8004.0,3486440000.0,48944.0,3.748254035251425,6.7623145408053045,-2.823150208495961,True,18.797962025824273,10629390.24390244,149.21951219512195,0.28050227237559244,2756.0,44227,1.7051102927458657,고특화·결제건수 증가
경상남도,창원시 마산합포구,174487.0,중국음식,108.0,8005.0,1808260000.0,71265.0,3.930554823296084,5.649433017714889,-1.6269639555288282,True,6.189572862161651,16743148.148148147,659.8611111111111,0.4084258426129167,2756.0,31984,0.7763491687788742,저특화·결제건수 증가
경상남도,창원시 마산합포구,174487.0,서양음식,64.0,8006.0,6476470000.0,597898.0,4.590647245808353,7.169632668825679,-2.4064516773953057,True,3.6678950294291264,101194843.75,9342.15625,3.426604847352525,2756.0,23100,0.6369921901997373,저특화·결제건수 증가
경상남도,창원시 마산합포구,174487.0,스넥,203.0,8021.0,1980780000.0,121170.0,7.096410586506023,7.41298257288692,-0.2947241374347925,True,11.63410454647051,9757536.945812808,596.8965517241379,0.6944356886186364,2756.0,44410,1.050948363791808,고특화·결제건수 증가
경상남도,창원시 마산합포구,174487.0,제과점,111.0,8301.0,2047460000.0,147771.0,5.316348172951314,7.992308091985382,-2.477917146427424,True,6.361505441666141,18445585.585585587,1331.2702702702702,0.846888306865268,2756.0,31168,0.8188043801390582,저특화·결제건수 증가
경상남도,창원시 마산회원구,174175.0,대형할인점,0.0,4004.0,11187110000.0,358798.0,-4.096785738839986,-2.370892718677585,-1.7678057991344545,False,0.0,,,2.059985646619779,2074.0,0,,판정불가
경상남도,창원시 마산회원구,174175.0,편의점,151.0,4010.0,8760200000.0,1102988.0,8.339784382469688,8.69598295211146,-0.3277016868219794,True,8.6694416535094,58014569.53642384,7304.556291390729,6.332642457298694,2074.0,54446,0.8473201672914633,저특화·결제건수 증가
경상남도,창원시 마산회원구,174175.0,슈퍼마켓,203.0,4020.0,11999200000.0,765883.0,9.819149607994634,12.066553705019889,-2.0054191216951383,True,11.65494473948615,59109359.60591133,3772.822660098522,4.397203961532941,2074.0,63862,0.9711584589323767,저특화·결제건수 증가
경상남도,창원시 마산회원구,174175.0,일반한식,321.0,8001.0,22407280000.0,606024.0,5.471834900434504,8.906391729682062,-3.1536779198162357,True,18.429740203818,69804610.59190032,1887.9252336448599,3.479397158030716,2074.0,98173,0.9989633261205856,저특화·결제건수 증가
경상남도,창원시 마산회원구,174175.0,갈비전문점,215.0,8002.0,130640000.0,1585.0,4.497201149299196,11.86046530422036,-6.582543828059073,True,12.343906990096169,607627.9069767442,7.372093023255814,0.009100043060140664,2074.0,61512,1.06786213394807,고특화·결제건수 증가
경상남도,창원시 마산회원구,174175.0,한정식,649.0,,,,,,,True,37.26137505382518,,,,2074.0,180762,1.096917925835809,판정불가
경상남도,창원시 마산회원구,174175.0,일식회집,145.0,8004.0,1240790000.0,20235.0,-1.6399954761182076,1.9666474462780943,-3.5370810090588636,True,8.324960528204391,8557172.413793104,139.55172413793105,0.1161762595091144,2074.0,44227,1.0016525377894472,고특화·결제건수 증가
경상남도,창원시 마산회원구,174175.0,중국음식,98.0,8005.0,1268950000.0,54882.0,6.836523110690798,8.80115415466121,-1.805707907452617,True,5.626525046648486,12948469.387755102,560.0204081632653,0.31509688531649205,2074.0,31984,0.9361164429852342,저특화·결제건수 증가
경상남도,창원시 마산회원구,174175.0,서양음식,45.0,8006.0,5123310000.0,554993.0,6.7578955212031415,8.400839036965033,-1.5156188184131107,True,2.5836084397875703,113851333.33333333,12333.177777777777,3.186410219606717,2074.0,23100,0.5951646232263397,저특화·결제건수 증가
경상남도,창원시 마산회원구,174175.0,스넥,160.0,8021.0,2360550000.0,139521.0,14.441940321710891,14.435920548549452,0.005260387763401,True,9.186163341466916,14753437.5,872.00625,0.8010391847280034,2074.0,44410,1.1007172796139766,고특화·결제건수 증가
경상남도,창원시 마산회원구,174175.0,제과점,87.0,8301.0,2056860000.0,153906.0,6.592260277980749,8.716328696113774,-1.953771290484125,True,4.994976316922635,23642068.96551724,1769.0344827586207,0.8836285345198794,2074.0,31168,0.8527994120023207,저특화·결제건수 증가
경상남도,창원시 성산구,245292.0,대형할인점,0.0,4004.0,11724940000.0,415350.0,-2.195751125768953,0.5243525673706633,-2.705915157540182,False,0.0,,,1.6932879996086296,3087.0,0,,판정불가
경상남도,창원시 성산구,245292.0,편의점,245.0,4010.0,14088320000.0,1677504.0,5.903015319577193,6.350283459190563,-0.4205613046484887,True,9.988095820491496,57503346.93877551,6846.955102040816,6.83880436377868,3087.0,54446,0.9236529102083963,저특화·결제건수 증가
경상남도,창원시 성산구,245292.0,슈퍼마켓,238.0,4020.0,8839380000.0,630019.0,6.790547148136097,8.113378887766425,-1.2235597048572475,True,9.70272165419174,37140252.10084034,2647.138655462185,2.5684449554000945,3087.0,63862,0.7649677724168702,저특화·결제건수 증가
경상남도,창원시 성산구,245292.0,일반한식,482.0,8001.0,38349140000.0,928914.0,2.173707363250025,4.568474171085903,-2.2901422506344806,True,19.650049736640412,79562531.12033194,1927.207468879668,3.7869722616310355,3087.0,98173,1.007775214820379,고특화·결제건수 증가
경상남도,창원시 성산구,245292.0,갈비전문점,322.0,8002.0,119910000.0,1497.0,2.781620796150942,4.037577700663214,-1.2072146740342984,True,13.127211649788823,372391.3043478261,4.649068322981367,0.006102930385010518,3087.0,61512,1.0744957973652027,고특화·결제건수 증가
경상남도,창원시 성산구,245292.0,한정식,908.0,,,,,,,True,37.01710614288277,,,,3087.0,180762,1.031068236643546,판정불가
경상남도,창원시 성산구,245292.0,일식회집,282.0,8004.0,3400260000.0,55034.0,0.0300495105450732,3.6693600990201234,-3.5104977835292477,True,11.496502128075926,12057659.574468086,195.15602836879432,0.22436116954486898,3087.0,44227,1.3087910737393484,고특화·결제건수 증가
경상남도,창원시 성산구,245292.0,중국음식,135.0,8005.0,2602630000.0,88305.0,1.3964365720498504,3.782817734465653,-2.299399086004306,True,5.503644635781028,19278740.740740743,654.1111111111111,0.3599995107871435,3087.0,31984,0.8663825352909691,저특화·결제건수 증가
경상남도,창원시 성산구,245292.0,서양음식,130.0,8006.0,11159860000.0,1044345.0,5.096273799567495,6.613657484236186,-1.4232545064810571,True,5.299805945566916,85845076.92307693,8033.423076923077,4.25755833863314,3087.0,23100,1.1551544880990945,고특화·결제건수 증가
경상남도,창원시 성산구,245292.0,스넥,195.0,8021.0,3081680000.0,177161.0,6.972027831113417,6.243439582327451,0.6857724595986525,True,7.949708918350375,15803487.17948718,908.5179487179487,0.7222453239404465,3087.0,44410,0.9012858142903315,저특화·결제건수 증가
경상남도,창원시 성산구,245292.0,제과점,150.0,8301.0,3298480000.0,241128.0,1.9054912216006976,4.999578655248812,-2.9467617615944066,True,6.115160706423365,21989866.666666668,1607.52,0.9830243138789687,3087.0,31168,0.9878500388128264,저특화·결제건수 증가
경상남도,창원시 의창구,209377.0,대형할인점,0.0,4004.0,11480400000.0,325480.0,-0.7004033556875194,1.4168766728852025,-2.0876998957499917,False,0.0,,,1.5545164941708018,2684.0,0,,판정불가
경상남도,창원시 의창구,209377.0,편의점,199.0,4010.0,10681520000.0,1304138.0,7.239580176472729,7.638360359376145,-0.3704814729358298,True,9.504386823767653,53675979.89949749,6553.457286432161,6.228659308328995,2684.0,54446,0.8628790264741182,저특화·결제건수 증가
경상남도,창원시 의창구,209377.0,슈퍼마켓,241.0,4020.0,12397290000.0,720362.0,7.061670566137947,10.24879724012183,-2.8908493822769734,True,11.510337811698516,51441037.34439834,2989.0539419087136,3.4405020608758363,2684.0,63862,0.8909171979950621,저특화·결제건수 증가
경상남도,창원시 의창구,209377.0,일반한식,429.0,8001.0,33718300000.0,866009.0,5.026994988681864,7.199311674553416,-2.0264278304943697,True,20.489356519579516,78597435.8974359,2018.6689976689977,4.1361228788262325,2684.0,98173,1.0316396966011656,고특화·결제건수 증가
경상남도,창원시 의창구,209377.0,갈비전문점,305.0,8002.0,323000000.0,3399.0,2.738752104744366,6.893090224279906,-3.886442155259043,True,14.567025031402684,1059016.3934426229,11.144262295081967,0.016233874780897616,2684.0,61512,1.1705846013785928,고특화·결제건수 증가
경상남도,창원시 의창구,209377.0,한정식,791.0,,,,,,,True,37.77874360603123,,,,2684.0,180762,1.0330757353070543,판정불가
경상남도,창원시 의창구,209377.0,일식회집,213.0,8004.0,1438510000.0,25412.0,2.855407486305424,6.977825431963683,-3.85352565264102,True,10.17303715307794,6753568.075117371,119.30516431924883,0.1213695869173787,2684.0,44227,1.1369855295722848,고특화·결제건수 증가
경상남도,창원시 의창구,209377.0,중국음식,116.0,8005.0,1679270000.0,68346.0,5.270617977388783,6.319493018225324,-0.9865312663377248,True,5.540245585713809,14476465.51724138,589.1896551724138,0.32642553862172063,2684.0,31984,0.8562252437694258,저특화·결제건수 증가
경상남도,창원시 의창구,209377.0,서양음식,68.0,8006.0,6965650000.0,708976.0,4.684405883396949,7.578253271965895,-2.6899929126504176,True,3.247730170935681,102436029.41176471,10426.117647058823,3.386121684807787,2684.0,23100,0.6949599034844935,저특화·결제건수 증가
경상남도,창원시 의창구,209377.0,스넥,169.0,8021.0,2704850000.0,161067.0,8.734991154781804,9.889599542122411,-1.0506985120990018,True,8.071564689531323,16005029.585798817,953.0591715976332,0.7692678756501431,2684.0,44410,0.8983979387303849,저특화·결제건수 증가
경상남도,창원시 의창구,209377.0,제과점,153.0,8301.0,2998180000.0,202929.0,3.9081335104345354,6.799665293496579,-2.7074352481497184,True,7.307392884605282,19595947.7124183,1326.3333333333333,0.9692038762614805,2684.0,31168,1.1588982605109908,고특화·결제건수 증가
경상남도,창원시 진해구,182942.0,대형할인점,0.0,4004.0,7086990000.0,243620.0,-2.822580581753685,-1.44856378359827,-1.394212860722115,False,0.0,,,1.3316788927638268,2571.0,0,,판정불가
경상남도,창원시 진해구,182942.0,편의점,196.0,4010.0,11842090000.0,1337693.0,7.961769676651767,8.287159375720645,-0.3004877964707399,True,10.713778137333144,60418826.530612245,6824.964285714285,7.3121153152365235,2571.0,54446,0.8872241256517525,저특화·결제건수 증가
경상남도,창원시 진해구,182942.0,슈퍼마켓,202.0,4020.0,9644690000.0,536804.0,5.042458968184867,7.772195218914289,-2.5328761701332327,True,11.041750937455586,47745990.0990099,2657.4455445544554,2.934285183282133,2571.0,63862,0.779564590368129,저특화·결제건수 증가
경상남도,창원시 진해구,182942.0,일반한식,425.0,8001.0,26991320000.0,688349.0,6.216164797816149,9.050269649694703,-2.5988976102330428,True,23.231406675339727,63508988.23529412,1619.644705882353,3.762662483191394,2571.0,98173,1.0669402959792245,고특화·결제건수 증가
경상남도,창원시 진해구,182942.0,갈비전문점,283.0,8002.0,42020000.0,808.0,6.163060650663887,12.346791166164198,-5.50414520193501,True,15.46938373910857,148480.56537102474,2.8551236749116606,0.0044167003749822345,2571.0,61512,1.1338871611331185,고특화·결제건수 증가
경상남도,창원시 진해구,182942.0,한정식,772.0,,,,,,,True,42.19916694908769,,,,2571.0,180762,1.0525758772929763,판정불가
경상남도,창원시 진해구,182942.0,일식회집,231.0,8004.0,1261120000.0,20345.0,-1.2981040661238417,2.9389836711952593,-4.1161157670383695,True,12.626952804714062,5459393.939393939,88.07359307359307,0.1112101103081851,2571.0,44227,1.2872643703367734,고특화·결제건수 증가
경상남도,창원시 진해구,182942.0,중국음식,114.0,8005.0,1820040000.0,68775.0,6.793755126766024,8.27759610383185,-1.3704044331044396,True,6.23148320232642,15965263.157894736,603.2894736842105,0.3759388221403505,2571.0,31984,0.8784465161402172,저특화·결제건수 증가
경상남도,창원시 진해구,182942.0,서양음식,61.0,8006.0,6055540000.0,586971.0,6.011856993707795,7.8583397032382045,-1.711951727247801,True,3.334390134578172,99271147.5409836,9622.475409836066,3.208508707677843,2571.0,23100,0.6508203219055028,저특화·결제건수 증가
경상남도,창원시 진해구,182942.0,스넥,164.0,8021.0,2202930000.0,118018.0,9.420730262105277,9.537963573132254,-0.1070252789105111,True,8.964589870013448,13432500.0,719.6219512195122,0.645111565414175,2571.0,44410,0.9101360672374065,저특화·결제건수 증가
경상남도,창원시 진해구,182942.0,제과점,123.0,8301.0,1716520000.0,119374.0,8.001895839611228,11.420731012953814,-3.068401312988326,True,6.723442402510085,13955447.154471545,970.520325203252,0.6525237506969422,2571.0,31168,0.9726115586341734,저특화·결제건수 증가
경상남도,통영시,115890.0,대형할인점,0.0,4004.0,8250980000.0,206674.0,-2.197417353743459,-0.5269323309832397,-1.6793339764271604,False,0.0,,,1.7833635343860557,2144.0,0,,판정불가
경상남도,통영시,115890.0,편의점,143.0,4010.0,6243240000.0,660945.0,5.286279696133783,5.48667876963372,-0.1899757162110868,True,12.339287255155751,43659020.979020976,4621.993006993007,5.7032099404607814,2144.0,54446,0.7762303235137541,저특화·결제건수 증가
경상남도,통영시,115890.0,슈퍼마켓,229.0,4020.0,7585570000.0,308278.0,3.1374838433515175,4.681044931133429,-1.4745373327114006,True,19.760117352662004,33124759.825327512,1346.1921397379913,2.660091466045388,2144.0,63862,1.0597746154604821,고특화·결제건수 증가
경상남도,통영시,115890.0,일반한식,269.0,8001.0,20124780000.0,439606.0,3.886048720598782,5.03494597270888,-1.0938238140367202,True,23.211666235223056,74813308.55018587,1634.2230483271376,3.7933039951678316,2144.0,98173,0.8098055769961982,저특화·결제건수 증가
경상남도,통영시,115890.0,갈비전문점,179.0,8002.0,442900000.0,5064.0,-2.4142843443799618,-2.8358815689134156,0.433902176380505,True,15.445681249460696,2474301.675977654,28.29050279329609,0.043696608853222886,2144.0,61512,0.8600302537740482,저특화·결제건수 감소
경상남도,통영시,115890.0,한정식,685.0,,,,,,,True,59.10777461385797,,,,2144.0,180762,1.1199637847374804,판정불가
경상남도,통영시,115890.0,일식회집,227.0,8004.0,888440000.0,11075.0,10.490720545897467,6.561877472834615,3.6869123989153056,True,19.587539908533955,3913832.599118943,48.78854625550661,0.09556475968590905,2144.0,44227,1.516906882032283,고특화·결제건수 증가
경상남도,통영시,115890.0,중국음식,77.0,8005.0,977030000.0,36589.0,2.0516656624350698,3.226885437704559,-1.1384822571041298,True,6.64423159893002,12688701.2987013,475.1818181818182,0.3157218051600656,2144.0,31984,0.7115058812055282,저특화·결제건수 증가
경상남도,통영시,115890.0,서양음식,48.0,8006.0,3603940000.0,294652.0,3.4452624350006595,6.123013797249715,-2.5232522771780777,True,4.141858659073259,75082083.33333333,6138.583333333333,2.542514453360946,2144.0,23100,0.6141151385927505,저특화·결제건수 증가
경상남도,통영시,115890.0,스넥,171.0,8021.0,1548870000.0,74499.0,6.107172899864491,5.82425341364309,0.2673484358217474,True,14.755371472948484,9057719.298245614,435.6666666666667,0.642842350504789,2144.0,44410,1.1379832849936313,고특화·결제건수 증가
경상남도,통영시,115890.0,제과점,116.0,8301.0,942150000.0,56864.0,6.172456535151325,8.576613000255975,-2.214248905608244,True,10.009491759427043,8121982.75862069,490.2068965517241,0.49067218914487876,2144.0,31168,1.099941530157222,고특화·결제건수 증가
경상남도,하동군,39596.0,대형할인점,0.0,,,,,,,False,0.0,,,,850.0,0,,판정불가
경상남도,하동군,39596.0,편의점,37.0,4010.0,1109450000.0,104510.0,9.880682998907432,9.20593795136358,0.6178647976489554,True,9.344378220022225,29985135.135135137,2824.5945945945946,2.6394080210122235,850.0,54446,0.5065964549872404,저특화·결제건수 증가
경상남도,하동군,39596.0,슈퍼마켓,114.0,4020.0,1525160000.0,58700.0,6.517409768043274,7.836742311404084,-1.2234536347091662,True,28.790786948176585,13378596.49122807,514.9122807017544,1.4824729770683907,850.0,63862,1.3307262903282262,고특화·결제건수 증가
경상남도,하동군,39596.0,일반한식,94.0,8001.0,4690440000.0,100489.0,10.18861935002007,10.904894256954234,-0.6458460753541119,True,23.73977169411052,49898297.872340426,1069.031914893617,2.5378573593292253,850.0,98173,0.7137764127072197,저특화·결제건수 증가
경상남도,하동군,39596.0,갈비전문점,63.0,,,,,,,True,15.910698050308111,,,,850.0,61512,0.763496591769755,판정불가
경상남도,하동군,39596.0,한정식,320.0,,,,,,,True,80.81624406505708,,,,850.0,180762,1.3196818435941444,판정불가
경상남도,하동군,39596.0,일식회집,99.0,8004.0,354760000.0,4055.0,9.531240396809867,9.07250419376553,0.4205791426860625,True,25.002525507627034,3583434.3434343436,40.95959595959596,0.10240933427618952,850.0,44227,1.6686840484718544,고특화·결제건수 증가
경상남도,하동군,39596.0,중국음식,30.0,8005.0,334100000.0,12203.0,10.167369494314944,10.689804440185268,-0.4719810903203337,True,7.576522881099101,11136666.666666666,406.76666666666665,0.30818769572684107,850.0,31984,0.6992216696583586,저특화·결제건수 증가
경상남도,하동군,39596.0,서양음식,11.0,8006.0,691690000.0,51844.0,10.202550361264077,8.302951712147506,1.7539675688298746,True,2.7780583897363367,62880909.09090909,4713.090909090909,1.309324174159006,850.0,23100,0.35498263305322125,저특화·결제건수 증가
경상남도,하동군,39596.0,스넥,46.0,8021.0,302900000.0,13529.0,8.930093279859113,11.096426902430643,-1.9499579626211387,True,11.617335084351955,6584782.608695652,294.10869565217394,0.3416759268612991,850.0,44410,0.7721531716492046,저특화·결제건수 증가
경상남도,하동군,39596.0,제과점,36.0,8301.0,243430000.0,11794.0,12.88008263620122,16.080040630165776,-2.756682351757316,True,9.09182745731892,6761944.444444444,327.6111111111111,0.297858369532276,850.0,31168,0.8610333373595844,저특화·결제건수 증가
경상남도,함안군,56867.0,대형할인점,0.0,,,,,,,False,0.0,,,,934.0,0,,판정불가
경상남도,함안군,56867.0,편의점,65.0,4010.0,3292800000.0,334042.0,4.7806568380084915,5.227742400121951,-0.4248742317529747,True,11.430179190039917,50658461.538461536,5139.107692307693,5.874092179998945,934.0,54446,0.8099269094868058,저특화·결제건수 증가
경상남도,함안군,56867.0,슈퍼마켓,119.0,4020.0,7017260000.0,264319.0,-0.2932620906461568,2.1882780476421764,-2.4283999943040344,True,20.926020363303852,58968571.428571425,2221.168067226891,4.648020820511017,934.0,63862,1.264162480434089,고특화·결제건수 증가
경상남도,함안군,56867.0,일반한식,161.0,8001.0,10327400000.0,510356.0,4.2719914042317075,3.5514018298152448,0.695876213825396,True,28.311674609175796,64145341.61490683,3169.913043478261,8.974554662633865,934.0,98173,1.1125826014736777,고특화·결제건수 증가
경상남도,함안군,56867.0,갈비전문점,105.0,,,,,,,True,18.46413561467987,,,,934.0,61512,1.1580515756679013,판정불가
경상남도,함안군,56867.0,한정식,307.0,,,,,,,True,53.985615559111615,,,,934.0,180762,1.1522048216203558,판정불가
경상남도,함안군,56867.0,일식회집,41.0,8004.0,210100000.0,3989.0,-7.514380457637049,-4.1090737831202295,-3.551229306947036,True,7.209805335255948,5124390.243902439,97.29268292682927,0.0701461304447219,934.0,44227,0.6289191604399901,저특화·결제건수 감소
경상남도,함안군,56867.0,중국음식,49.0,8005.0,694800000.0,30968.0,0.3506947899752315,1.3254073159492343,-0.9619626032537816,True,8.616596620183937,14179591.836734693,632.0,0.5445689063956248,934.0,31984,1.0393498408733275,고특화·결제건수 증가
경상남도,함안군,56867.0,서양음식,14.0,8006.0,1500960000.0,124241.0,7.733727677524252,8.07905819201293,-0.3195165837540757,True,2.461884748623982,107211428.57142857,8874.357142857143,2.18476445038423,934.0,23100,0.41116345467523197,저특화·결제건수 증가
경상남도,함안군,56867.0,스넥,49.0,8021.0,673720000.0,31587.0,3.9708426955897296,3.357713998549484,0.5932103887754964,True,8.616596620183937,13749387.75510204,644.6326530612245,0.5554539539627552,934.0,44410,0.7485378363092211,저특화·결제건수 증가
경상남도,함안군,56867.0,제과점,24.0,8301.0,300580000.0,19761.0,-0.3603082508122027,1.883781866518516,-2.2025979760652468,True,4.22037385478397,12524166.666666666,823.375,0.3474950322682751,934.0,31168,0.522397099754209,저특화·결제건수 증가
경상남도,함양군,35141.0,대형할인점,0.0,,,,,,,False,0.0,,,,651.0,0,,판정불가
경상남도,함양군,35141.0,편의점,29.0,4010.0,1227750000.0,130082.0,6.616957017296336,6.215052572003954,0.3783874653923421,True,8.252468626390826,42336206.89655172,4485.586206896552,3.701715944338522,651.0,54446,0.5184374399234225,저특화·결제건수 증가
경상남도,함양군,35141.0,슈퍼마켓,85.0,4020.0,1031020000.0,45839.0,4.0774960198781525,4.636389908509822,-0.5341295596305546,True,24.188270111835177,12129647.05882353,539.2823529411764,1.3044307219487208,651.0,63862,1.2955099371576029,고특화·결제건수 증가
경상남도,함양군,35141.0,일반한식,71.0,8001.0,3432230000.0,116227.0,9.09827753689496,6.785733970909325,2.165592237831714,True,20.20431974047409,48341267.6056338,1637.0,3.3074471415156084,651.0,98173,0.7039318643474967,저특화·결제건수 증가
경상남도,함양군,35141.0,갈비전문점,74.0,,,,,,,True,21.058023391480038,,,,651.0,61512,1.170944227984239,판정불가
경상남도,함양군,35141.0,한정식,284.0,,,,,,,True,80.81727896189636,,,,651.0,180762,1.5292396171449043,판정불가
경상남도,함양군,35141.0,일식회집,15.0,8004.0,75990000.0,1468.0,15.143415559167176,27.646459404147635,-9.795057303856709,True,4.268518255029737,5066000.0,97.86666666666666,0.041774565322557695,651.0,44227,0.3301171719967128,저특화·결제건수 증가
경상남도,함양군,35141.0,중국음식,36.0,8005.0,183320000.0,7307.0,3.172369138460328,4.176794354500365,-0.9641544667059406,True,10.24444381207137,5092222.222222222,202.97222222222223,0.20793375259668193,651.0,31984,1.09555468978729,고특화·결제건수 증가
경상남도,함양군,35141.0,서양음식,6.0,8006.0,584520000.0,42786.0,6.938326521472924,6.254495335095535,0.6435785932828367,True,1.7074073020118952,97420000.0,7131.0,1.2175521470646822,651.0,23100,0.2528154487601492,저특화·결제건수 증가
경상남도,함양군,35141.0,스넥,38.0,8021.0,246000000.0,9971.0,8.426343300422577,9.269039490200129,-0.7712122241662931,True,10.813579579408668,6473684.2105263155,262.39473684210526,0.2837426368060101,651.0,44410,0.8328507127586092,저특화·결제건수 증가
경상남도,함양군,35141.0,제과점,13.0,8301.0,150820000.0,9278.0,6.348517433327816,6.069273213167371,0.2632658937893046,True,3.6993824876924393,11601538.461538462,713.6923076923077,0.2640220824677727,651.0,31168,0.40597449982178735,저특화·결제건수 증가
경상남도,합천군,38854.0,대형할인점,0.0,4004.0,183040000.0,7748.0,-2.245023626271335,-0.4489136988380284,-1.804209270002004,False,0.0,,,0.19941318783136872,626.0,0,,판정불가
경상남도,합천군,38854.0,편의점,26.0,4010.0,902980000.0,89148.0,10.867260387181537,10.364456826499502,0.4555846829133587,True,6.6917177124620375,34730000.0,3428.769230769231,2.2944355793483298,626.0,54446,0.48336851978317996,저특화·결제건수 증가
경상남도,합천군,38854.0,슈퍼마켓,96.0,4020.0,1379230000.0,61875.0,12.060527258259985,12.367077782278695,-0.2728116901043836,True,24.70788078447521,14366979.166666666,644.53125,1.5925001286868792,626.0,63862,1.521597237974094,고특화·결제건수 증가
경상남도,합천군,38854.0,일반한식,62.0,8001.0,3892540000.0,76760.0,11.066035234105827,12.966038624155976,-1.681924420109561,True,15.957173006640243,62782903.22580645,1238.0645161290322,1.9756009677253308,626.0,98173,0.6392498292038351,저특화·결제건수 증가
경상남도,합천군,38854.0,갈비전문점,75.0,,,,,,,True,19.30303186287126,,,,626.0,61512,1.2341626787697624,판정불가
경상남도,합천군,38854.0,한정식,249.0,,,,,,,True,64.08606578473258,,,,626.0,180762,1.3943223951512613,판정불가
경상남도,합천군,38854.0,일식회집,31.0,8004.0,86980000.0,1108.0,-13.912550637840749,-7.326909011128752,-7.106314849801261,True,7.9785865033201215,2805806.4516129033,35.74193548387097,0.028517012405415144,626.0,44227,0.7094882479303153,저특화·결제건수 감소
경상남도,합천군,38854.0,중국음식,31.0,8005.0,336200000.0,12235.0,7.749949438023792,9.565488216930754,-1.657035265805883,True,7.9785865033201215,10845161.290322581,394.6774193548387,0.3148967931229732,626.0,31984,0.9810698080669727,저특화·결제건수 증가
경상남도,합천군,38854.0,서양음식,7.0,8006.0,670560000.0,47009.0,10.979497135222092,11.909088348835867,-0.8306664162217771,True,1.8016163072013178,95794285.71428572,6715.571428571428,1.2098882997889535,626.0,23100,0.30673056443024493,저특화·결제건수 증가
경상남도,합천군,38854.0,스넥,35.0,8021.0,218240000.0,10680.0,12.791097250208235,16.305674597252757,-3.02184511565313,True,9.00808153600659,6235428.571428572,305.14285714285717,0.27487517372728676,626.0,44410,0.7977342983943546,저특화·결제건수 증가
경상남도,합천군,38854.0,제과점,14.0,8301.0,161090000.0,9137.0,11.616189524638578,15.032347549504188,-2.969736858926094,True,3.6032326144026356,11506428.57142857,652.6428571428571,0.2351624028414063,626.0,31168,0.4546635034868235,저특화·결제건수 증가
경상북도,경산시,263406.0,대형할인점,0.0,4004.0,5603020000.0,134786.0,-6.36394392113209,-5.2028746118448375,-1.224793794677965,False,0.0,,,0.5117043651245605,3596.0,0,,판정불가
경상북도,경산시,263406.0,편의점,310.0,4010.0,14636460000.0,1914036.0,6.228608206753267,8.261844397469984,-1.8780727430173152,True,11.7689042770476,47214387.09677419,6174.309677419355,7.266485957039703,3596.0,54446,1.0032781610884307,고특화·결제건수 증가
경상북도,경산시,263406.0,슈퍼마켓,329.0,4020.0,28221880000.0,1563159.0,-0.6500831732490636,1.7558987930669343,-2.3644643650672794,True,12.490224216608581,85780790.27355623,4751.243161094225,5.9344092389695,3596.0,63862,0.9077766892314277,저특화·결제건수 증가
경상북도,경산시,263406.0,일반한식,614.0,8001.0,32352270000.0,1011429.0,2.650875245043977,3.44860872732215,-0.7711398849074341,True,23.31002331002331,52690993.48534202,1647.2785016286646,3.839810027106444,3596.0,98173,1.1020516584381521,고특화·결제건수 증가
경상북도,경산시,263406.0,갈비전문점,353.0,,,,,,,True,13.401365192896137,,,,3596.0,61512,1.011208010490117,판정불가
경상북도,경산시,263406.0,한정식,1101.0,,,,,,,True,41.79859228719164,,,,3596.0,180762,1.073262177877833,판정불가
경상북도,경산시,263406.0,일식회집,180.0,8004.0,1364680000.0,31691.0,4.583757805575692,10.601617071217015,-5.441022857528752,True,6.833557322156671,7581555.555555556,176.0611111111111,0.12031236949803725,3596.0,44227,0.7171510977859623,저특화·결제건수 증가
경상북도,경산시,263406.0,중국음식,184.0,8005.0,1711940000.0,75231.0,4.569543618420172,7.484020469237025,-2.711544318953899,True,6.985414151537929,9304021.739130436,408.8641304347826,0.28560852827953803,3596.0,31984,1.013702902619274,고특화·결제건수 증가
경상북도,경산시,263406.0,서양음식,89.0,8006.0,8936310000.0,883743.0,5.210347974513446,8.585223298927204,-3.1080429011256143,True,3.3788144537330203,100407977.52808988,9929.696629213484,3.355060249197057,3596.0,23100,0.6788966576619524,저특화·결제건수 증가
경상북도,경산시,263406.0,스넥,259.0,8021.0,2835740000.0,224249.0,6.727886091928625,7.220493021468255,-0.4594335613071827,True,9.832729702436541,10948803.088803088,865.8262548262549,0.8513435532979506,3596.0,44410,1.0276485995222493,고특화·결제건수 증가
경상북도,경산시,263406.0,제과점,177.0,8301.0,2199480000.0,196519.0,2.0100021965986343,4.572771546342212,-2.450704243415679,True,6.719664700120727,12426440.677966101,1110.276836158192,0.7460688063293927,3596.0,31168,1.0006679150116602,고특화·결제건수 증가
경상북도,경주시,243051.0,대형할인점,0.0,4004.0,8345810000.0,243063.0,-3.3119663585186467,-0.7641977755433071,-2.5673885088494925,False,0.0,,,1.0000493723539503,5090.0,0,,판정불가
경상북도,경주시,243051.0,편의점,358.0,4010.0,14183420000.0,1563302.0,3.50291724685892,4.790617818456426,-1.2288319301909036,True,14.729418928537632,39618491.62011173,4366.765363128492,6.431991639614731,5090.0,54446,0.8185488305241718,저특화·결제건수 증가
경상북도,경주시,243051.0,슈퍼마켓,589.0,4020.0,17370370000.0,823801.0,-0.1287809416155617,1.682686201836043,-1.781490252781039,True,24.233597063990686,29491290.322580647,1398.6434634974532,3.3894162130581647,5090.0,63862,1.14815447773899,고특화·결제건수 증가
경상북도,경주시,243051.0,일반한식,739.0,8001.0,43617580000.0,1132239.0,2.0945396049791687,2.1253900927785443,-0.0302084405958058,True,30.405141307791368,59022435.72395129,1532.1231393775372,4.658442055371095,5090.0,98173,0.93708701593036,저특화·결제건수 증가
경상북도,경주시,243051.0,갈비전문점,524.0,,,,,,,True,21.55926122501039,,,,5090.0,61512,1.060471456557361,판정불가
경상북도,경주시,243051.0,한정식,1635.0,,,,,,,True,67.26983225742745,,,,5090.0,180762,1.1259994119197951,판정불가
경상북도,경주시,243051.0,일식회집,339.0,8004.0,1670570000.0,36492.0,2.6525633607715924,2.9735819335810154,-0.3117484764358652,True,13.947689990989547,4927935.103244837,107.64601769911505,0.15014132836318303,5090.0,44227,0.9542007671353313,저특화·결제건수 증가
경상북도,경주시,243051.0,중국음식,211.0,8005.0,2305150000.0,83390.0,-2.2030835622354252,-0.8986686492461544,-1.3162435814030995,True,8.681305569612961,10924881.516587678,395.2132701421801,0.34309671632702604,5090.0,31984,0.8212534803747651,저특화·결제건수 감소
경상북도,경주시,243051.0,서양음식,118.0,8006.0,11522200000.0,814920.0,1.4719977773763468,3.1199771471362827,-1.5981184396584174,True,4.854948138456538,97645762.71186441,6906.1016949152545,3.3528765567720353,5090.0,23100,0.6359128075591729,저특화·결제건수 증가
경상북도,경주시,243051.0,스넥,307.0,8021.0,3566300000.0,258281.0,1.343204226889615,1.4839833010195924,-0.1387204852931443,True,12.6310938856454,11616612.377850164,841.3061889250814,1.0626617458887229,5090.0,44410,0.8605679086950541,저특화·결제건수 증가
경상북도,경주시,243051.0,제과점,270.0,8301.0,4779330000.0,219469.0,0.5068126951484869,0.5138042662153012,-0.0069558317067288,True,11.10877963884123,17701222.222222224,812.8481481481482,0.9029750957617948,5090.0,31168,1.0784061936478095,고특화·결제건수 증가
경상북도,고령군,29545.0,대형할인점,0.0,,,,,,,False,0.0,,,,512.0,0,,판정불가
경상북도,고령군,29545.0,편의점,36.0,4010.0,1412190000.0,145093.0,6.538385915197255,7.163106804521961,-0.5829626519360476,True,12.184802843120664,39227500.0,4030.3611111111113,4.910915552546962,512.0,54446,0.8182987501377512,저특화·결제건수 증가
경상북도,고령군,29545.0,슈퍼마켓,78.0,4020.0,3070720000.0,146883.0,1.4331141690998304,2.921347016149972,-1.4459904482367634,True,26.40040616009477,39368205.12820513,1883.1153846153845,4.971501100016924,512.0,63862,1.5115671780558078,고특화·결제건수 증가
경상북도,고령군,29545.0,일반한식,74.0,8001.0,3360270000.0,92293.0,4.071009843002912,3.3632612005512956,0.6847197294582177,True,25.04653917752581,45409054.05405405,1247.2027027027027,3.1238111355559317,512.0,98173,0.9328568891141148,저특화·결제건수 증가
경상북도,고령군,29545.0,갈비전문점,64.0,,,,,,,True,21.661871721103402,,,,512.0,61512,1.287643061516452,판정불가
경상북도,고령군,29545.0,한정식,173.0,,,,,,,True,58.55474699610763,,,,512.0,180762,1.1844434515412532,판정불가
경상북도,고령군,29545.0,일식회집,16.0,8004.0,45620000.0,693.0,-2.7525917143734286,-0.7736093595590523,-1.9944113073561704,True,5.415467930275851,2851250.0,43.3125,0.023455745473007276,512.0,44227,0.4477214145205417,저특화·결제건수 감소
경상북도,고령군,29545.0,중국음식,25.0,8005.0,329360000.0,14837.0,0.2671189122840781,0.7376514934354094,-0.4670871061372654,True,8.461668641056017,13174400.0,593.48,0.5021831105093925,512.0,31984,0.9673476875156328,저특화·결제건수 증가
경상북도,고령군,29545.0,서양음식,9.0,8006.0,531240000.0,46521.0,4.022245247946434,5.518750708274282,-1.418236522213216,True,3.046200710780166,59026666.666666664,5169.0,1.5745811474022677,512.0,23100,0.48217633928571424,저특화·결제건수 증가
경상북도,고령군,29545.0,스넥,26.0,8021.0,340330000.0,18688.0,3.253662310625581,3.227873529916577,0.0249823810441623,True,8.800135386698257,13089615.384615384,718.7692307692307,0.6325266542562193,512.0,44410,0.7245492991443369,저특화·결제건수 증가
경상북도,고령군,29545.0,제과점,11.0,8301.0,221370000.0,15501.0,0.75694284549387,2.016155745916933,-1.2343269467625049,True,3.723134202064647,20124545.454545453,1409.1818181818182,0.5246573024200373,512.0,31168,0.43677635114540553,저특화·결제건수 증가
경상북도,구미시,402726.0,대형할인점,0.0,4004.0,9103030000.0,220394.0,-3.920481988915872,-1.3048407783118936,-2.650222393105188,False,0.0,,,0.5472554540804417,5602.0,0,,판정불가
경상북도,구미시,402726.0,편의점,475.0,4010.0,21050950000.0,2496835.0,3.177820054998705,4.494297991447801,-1.2598562426409996,True,11.794619666969602,44317789.473684214,5256.494736842105,6.19983562024801,5602.0,54446,0.9868016186357108,저특화·결제건수 증가
경상북도,구미시,402726.0,슈퍼마켓,499.0,4020.0,30220890000.0,1525600.0,-1.4004158704807437,1.2686263229638757,-2.6356061994290054,True,12.390558344879645,60562905.811623245,3057.314629258517,3.788183529248174,5602.0,63862,0.883812729856375,저특화·결제건수 증가
경상북도,구미시,402726.0,일반한식,1094.0,8001.0,45248960000.0,1176529.0,0.4740833270226762,1.316794079747418,-0.8317582098594888,True,27.164871401399463,41361023.765996344,1075.4378427787933,2.9214130699284375,5602.0,98173,1.260455396204326,고특화·결제건수 증가
경상북도,구미시,402726.0,갈비전문점,617.0,,,,,,,True,15.320590177937358,,,,5602.0,61512,1.1345601841565882,판정불가
경상북도,구미시,402726.0,한정식,1576.0,,,,,,,True,39.13330651609282,,,,5602.0,180762,0.9861688892798977,판정불가
경상북도,구미시,402726.0,일식회집,298.0,8004.0,2585270000.0,45497.0,1.3007329027055987,2.967317159890892,-1.6185565509077122,True,7.399571917383034,8675402.684563758,152.6744966442953,0.11297259178697179,5602.0,44227,0.762133418219901,저특화·결제건수 증가
경상북도,구미시,402726.0,중국음식,242.0,8005.0,2596090000.0,99178.0,-0.3280781833154227,0.6350909893844604,-0.9570907754249244,True,6.009048335592934,10727644.628099173,409.8264462809917,0.24626669249067604,5602.0,31984,0.8558246902815921,저특화·결제건수 증가
경상북도,구미시,402726.0,서양음식,158.0,8006.0,10936110000.0,1007361.0,1.5211150211699118,4.531488469473756,-2.879872364185215,True,3.9232629629077835,69215886.07594937,6375.702531645569,2.5013557604922454,5602.0,23100,0.773654987164448,저특화·결제건수 증가
경상북도,구미시,402726.0,스넥,375.0,8021.0,3113520000.0,186995.0,2.6525600280384656,2.0448285198821017,0.5955534611320067,True,9.311541842344424,8302720.0,498.6533333333333,0.46432313781578544,5602.0,44410,0.955108515061329,저특화·결제건수 증가
경상북도,구미시,402726.0,제과점,268.0,8301.0,3169020000.0,242001.0,0.0250987097721915,1.7075734078156994,-1.654227548323578,True,6.654648569995481,11824701.492537314,902.9888059701492,0.600907316637118,5602.0,31168,0.9725861510299563,저특화·결제건수 증가
경상북도,김천시,132740.0,대형할인점,0.0,4004.0,4125780000.0,77283.0,-1.4551933460925557,1.105316204280506,-2.532517227085931,False,0.0,,,0.5822133494048516,1982.0,0,,판정불가
경상북도,김천시,132740.0,편의점,140.0,4010.0,4626940000.0,549205.0,4.916434378524702,6.1413207473826805,-1.1540146290183149,True,10.546933855657677,33049571.42857143,3922.8928571428573,4.1374491487117675,1982.0,54446,0.8220604104982903,저특화·결제건수 증가
경상북도,김천시,132740.0,슈퍼마켓,248.0,4020.0,4738740000.0,252553.0,2.752351660279518,4.3561030636124345,-1.536806527123061,True,18.68313997287931,19107822.580645163,1018.358870967742,1.9026141328913666,1982.0,63862,1.2415117726255158,고특화·결제건수 증가
경상북도,김천시,132740.0,일반한식,324.0,8001.0,9696840000.0,255965.0,3.014161820342615,3.1569592567952243,-0.1384273416756549,True,24.40861835166491,29928518.51851852,790.0154320987655,1.9283185174024409,1982.0,98173,1.0551024328508078,고특화·결제건수 증가
경상북도,김천시,132740.0,갈비전문점,227.0,8002.0,91880000.0,1170.0,0.5158822567280116,0.8915863920055408,-0.3723840101173111,True,17.101099894530662,404757.7092511013,5.154185022026431,0.008814223293656772,1982.0,61512,1.1797980826003416,고특화·결제건수 증가
경상북도,김천시,132740.0,한정식,595.0,,,,,,,True,44.82446888654513,,,,1982.0,180762,1.0523289171255967,판정불가
경상북도,김천시,132740.0,일식회집,77.0,8004.0,787060000.0,10715.0,0.2669651121550446,1.2281353214902055,-0.9495089544843875,True,5.800813620611723,10221558.441558441,139.15584415584416,0.0807217116166943,1982.0,44227,0.5566022025119146,저특화·결제건수 증가
경상북도,김천시,132740.0,중국음식,119.0,8005.0,834400000.0,34144.0,-0.0620011679761009,0.4253341946575174,-0.4852713376975794,True,8.964893777309026,7011764.705882353,286.92436974789916,0.2572246496911255,1982.0,31984,1.1894764864773457,고특화·결제건수 증가
경상북도,김천시,132740.0,서양음식,34.0,8006.0,2350920000.0,202459.0,2.502443053676848,4.62593128861601,-2.0296003187597824,True,2.561398222088293,69144705.88235295,5954.676470588235,1.5252297724875696,1982.0,23100,0.47055307289414244,저특화·결제건수 증가
경상북도,김천시,132740.0,스넥,129.0,8021.0,1595740000.0,108425.0,3.910191498482828,3.328025254478575,0.5634156295646607,True,9.718246195570288,12370077.519379845,840.5038759689922,0.816822359499774,1982.0,44410,0.9286469011465723,저특화·결제건수 증가
경상북도,김천시,132740.0,제과점,89.0,8301.0,537510000.0,39488.0,1.0017544918711083,3.181288927134592,-2.1123349571671373,True,6.7048365225252375,6039438.202247191,443.685393258427,0.29748380292300736,1982.0,31168,0.9128990353634454,저특화·결제건수 증가
경상북도,문경시,64774.0,대형할인점,0.0,4004.0,1136200000.0,36442.0,-7.354334128192999,-2.610054924728548,-4.871426100299786,False,0.0,,,0.5626022786920678,1308.0,0,,판정불가
경상북도,문경시,64774.0,편의점,70.0,4010.0,2434430000.0,257861.0,5.133028614687367,5.815912861090256,-0.645351183899281,True,10.80680519961713,34777571.428571425,3683.7285714285713,3.980933707969247,1308.0,54446,0.6228301733974049,저특화·결제건수 증가
경상북도,문경시,64774.0,슈퍼마켓,180.0,4020.0,2351970000.0,113704.0,0.4650493352349698,2.4687870388430446,-1.955461522979192,True,27.788927656158336,13066500.0,631.6888888888889,1.7553956834532374,1308.0,63862,1.365424126966432,고특화·결제건수 증가
경상북도,문경시,64774.0,일반한식,203.0,8001.0,9210650000.0,334247.0,4.140501113640608,1.9808481547588743,2.11770444937309,True,31.339735078889678,45372660.098522164,1646.536945812808,5.160203167937753,1308.0,98173,1.001708959696717,고특화·결제건수 증가
경상북도,문경시,64774.0,갈비전문점,154.0,8002.0,34950000.0,529.0,4.8643612900468165,4.614521261527242,0.238819645214468,True,23.77497143915769,226948.05194805196,3.435064935064935,0.008166857072282088,1308.0,61512,1.212825880572071,고특화·결제건수 증가
경상북도,문경시,64774.0,한정식,468.0,,,,,,,True,72.25121190601168,,,,1308.0,180762,1.2542274402278064,판정불가
경상북도,문경시,64774.0,일식회집,34.0,8004.0,178400000.0,2373.0,2.9310368224801984,4.9064638155785625,-1.8830364891252929,True,5.249019668385463,5247058.823529412,69.79411764705883,0.03663506962670207,1308.0,44227,0.3724165894482793,저특화·결제건수 증가
경상북도,문경시,64774.0,중국음식,76.0,8005.0,418320000.0,15611.0,1.103619628646466,0.8164620185358252,0.2848320644875197,True,11.733102788155742,5504210.52631579,205.4078947368421,0.24100719424460432,1308.0,31984,1.151114165645514,고특화·결제건수 증가
경상북도,문경시,64774.0,서양음식,21.0,8006.0,1215230000.0,95269.0,4.434281173379853,5.409158001812049,-0.9248502188163272,True,3.242041559885139,57868095.23809524,4536.619047619048,1.4707907493747492,1308.0,23100,0.4403975535168196,저특화·결제건수 증가
경상북도,문경시,64774.0,스넥,60.0,8021.0,394630000.0,18331.0,6.3122477589752135,6.062035363767944,0.2359113648433445,True,9.262975885386112,6577166.666666667,305.51666666666665,0.28299935159168804,1308.0,44410,0.6544976026145034,저특화·결제건수 증가
경상북도,문경시,64774.0,제과점,42.0,8301.0,441600000.0,31541.0,2.978292703949332,3.1811720891411985,-0.1966244238984277,True,6.484083119770278,10514285.714285715,750.9761904761905,0.48693920400160556,1308.0,31168,0.6527966816118155,저특화·결제건수 증가
경상북도,봉화군,28122.0,대형할인점,0.0,,,,,,,False,0.0,,,,464.0,0,,판정불가
경상북도,봉화군,28122.0,편의점,10.0,4010.0,493350000.0,44400.0,6.632563194523487,7.613103823588106,-0.9111721474663856,True,3.5559348552734513,49335000.0,4440.0,1.5788350757414125,464.0,54446,0.2508195402721077,저특화·결제건수 증가
경상북도,봉화군,28122.0,슈퍼마켓,67.0,4020.0,1299170000.0,56078.0,4.285054838407987,6.9554032457089425,-2.4966933191456473,True,23.824763530332127,19390597.01492537,836.9850746268656,1.994097148140246,464.0,63862,1.432714425177565,고특화·결제건수 증가
경상북도,봉화군,28122.0,일반한식,48.0,8001.0,1705950000.0,38648.0,7.990432419041468,8.601946208608974,-0.5630781131609867,True,17.06848730531257,35540625.0,805.1666666666666,1.3742977028660834,464.0,98173,0.6676925357312583,저특화·결제건수 증가
경상북도,봉화군,28122.0,갈비전문점,67.0,,,,,,,True,23.824763530332127,,,,464.0,61512,1.4874497434759015,판정불가
경상북도,봉화군,28122.0,한정식,198.0,,,,,,,True,70.40751013441434,,,,464.0,180762,1.4958408827915846,판정불가
경상북도,봉화군,28122.0,일식회집,7.0,,,,,,,True,2.489154398691416,,,,464.0,44227,0.21614137252715807,판정불가
경상북도,봉화군,28122.0,중국음식,23.0,8005.0,142080000.0,5233.0,4.4099708686206185,4.555335475602288,-0.1390312663819717,True,8.17865016712894,6177391.304347826,227.52173913043478,0.1860820709764597,464.0,31984,0.9820246869124218,저특화·결제건수 증가
경상북도,봉화군,28122.0,서양음식,7.0,8006.0,414380000.0,28293.0,4.25558676711267,4.9810110160282335,-0.691005203602725,True,2.489154398691416,59197142.85714286,4041.8571428571427,1.0060806486025176,464.0,23100,0.4138218390804598,저특화·결제건수 증가
경상북도,봉화군,28122.0,스넥,23.0,8021.0,114380000.0,5829.0,5.450190495959803,6.834650766517561,-1.2958906690147731,True,8.17865016712894,4973043.478260869,253.43478260869566,0.20727544271388948,464.0,44410,0.7072523662735172,저특화·결제건수 증가
경상북도,봉화군,28122.0,제과점,14.0,8301.0,108020000.0,6110.0,2.400515691524925,3.695083916465726,-1.2484374148187198,True,4.978308797382832,7715714.285714285,436.42857142857144,0.21726761965720787,464.0,31168,0.6134037784111025,저특화·결제건수 증가
경상북도,상주시,89228.0,대형할인점,0.0,4004.0,1214610000.0,22903.0,-2.6056829847885608,-0.1563930472752975,-2.453126456732444,False,0.0,,,0.25667951764020264,1372.0,0,,판정불가
경상북도,상주시,89228.0,편의점,74.0,4010.0,4582010000.0,455531.0,6.345573139178325,7.975839348755895,-1.509843516299885,True,8.293360828439504,61919054.05405405,6155.824324324324,5.105247231810642,1372.0,54446,0.6277069777538694,저특화·결제건수 증가
경상북도,상주시,89228.0,슈퍼마켓,179.0,4020.0,6684390000.0,294208.0,3.0171350393946907,6.213162469954035,-3.0090690797983144,True,20.06096740933339,37342960.89385475,1643.6201117318435,3.2972609494777423,1372.0,63862,1.294499035045775,고특화·결제건수 증가
경상북도,상주시,89228.0,일반한식,230.0,8001.0,18286120000.0,445879.0,5.1451534894514666,5.786357486498952,-0.6061310855980541,True,25.776662034338997,79504869.56521739,1938.604347826087,4.997074909221321,1372.0,98173,1.081999322965863,고특화·결제건수 증가
경상북도,상주시,89228.0,갈비전문점,180.0,,,,,,,True,20.173039852960954,,,,1372.0,61512,1.3514621053816989,판정불가
경상북도,상주시,89228.0,한정식,447.0,,,,,,,True,50.0963823015197,,,,1372.0,180762,1.1420670473615049,판정불가
경상북도,상주시,89228.0,일식회집,46.0,8004.0,713090000.0,14461.0,3.0047075185642957,3.246946738027211,-0.2346211942495199,True,5.1553324068677995,15501956.52173913,314.3695652173913,0.16206796072981575,1372.0,44227,0.48035417068093106,저특화·결제건수 증가
경상북도,상주시,89228.0,중국음식,74.0,8005.0,1532760000.0,55863.0,2.0890773155848636,3.716602914514538,-1.5692044987928908,True,8.293360828439504,20712972.972972974,754.9054054054054,0.6260702918366432,1372.0,31984,1.0685384601921952,고특화·결제건수 증가
경상북도,상주시,89228.0,서양음식,22.0,8006.0,2868990000.0,258042.0,3.3994850999379085,6.095615599421788,-2.541227066030218,True,2.465593759806339,130408636.36363636,11729.181818181818,2.891939749854306,1372.0,23100,0.4398472858531167,저특화·결제건수 증가
경상북도,상주시,89228.0,스넥,74.0,8021.0,871990000.0,44415.0,5.355537953012171,5.104158406318731,0.2391718372565885,True,8.293360828439504,11783648.64864865,600.2027027027027,0.49776975837181153,1372.0,44410,0.7695594260478985,저특화·결제건수 증가
경상북도,상주시,89228.0,제과점,46.0,8301.0,916970000.0,60644.0,2.6553235371796524,5.238919034419968,-2.454981028829585,True,5.1553324068677995,19934130.43478261,1318.3478260869565,0.67965212713498,1372.0,31168,0.6816165267808502,저특화·결제건수 증가
경상북도,성주군,40461.0,대형할인점,0.0,4004.0,597590000.0,22859.0,0.6671025826994407,2.54548159309535,-1.831752097912366,False,0.0,,,0.5649637922938138,738.0,0,,판정불가
경상북도,성주군,40461.0,편의점,43.0,4010.0,1664150000.0,155654.0,4.912063697771003,6.343651540465858,-1.3461902257043503,True,10.627517856701516,38701162.79069767,3619.860465116279,3.8470131731791106,738.0,54446,0.67809640481153,저특화·결제건수 증가
경상북도,성주군,40461.0,슈퍼마켓,114.0,4020.0,1113920000.0,58521.0,0.8039018299218736,3.1173648155173357,-2.2435241530215646,True,28.175279899162156,9771228.07017544,513.3421052631579,1.4463557499814637,738.0,63862,1.5326793316788512,고특화·결제건수 증가
경상북도,성주군,40461.0,일반한식,112.0,8001.0,3798200000.0,123283.0,4.259651166004205,4.351797435545034,-0.0883034809224989,True,27.680976743036503,33912500.0,1100.7410714285713,3.0469587998319367,738.0,98173,0.9795236477213762,저특화·결제건수 증가
경상북도,성주군,40461.0,갈비전문점,53.0,,,,,,,True,13.099033637329773,,,,738.0,61512,0.7397840895433275,판정불가
경상북도,성주군,40461.0,한정식,285.0,,,,,,,True,70.43819974790539,,,,738.0,180762,1.3537132732498367,판정불가
경상북도,성주군,40461.0,일식회집,18.0,8004.0,43050000.0,734.0,17.47510715291641,20.662544627235143,-2.6416130077198066,True,4.448728405130867,2391666.6666666665,40.77777777777778,0.018140925829811423,738.0,44227,0.34944110401603257,저특화·결제건수 증가
경상북도,성주군,40461.0,중국음식,44.0,8005.0,339310000.0,13894.0,0.8788416468854645,0.7225886212200883,0.155132059058753,True,10.874669434764341,7711590.909090909,315.77272727272725,0.34339240256049036,738.0,31984,1.1811603633795218,고특화·결제건수 증가
경상북도,성주군,40461.0,서양음식,13.0,8006.0,753300000.0,55211.0,3.4206752539704155,4.089346210751168,-0.6424009575647681,True,3.212970514816737,57946153.84615385,4247.0,1.3645485776426682,738.0,23100,0.4831926700219382,저특화·결제건수 증가
경상북도,성주군,40461.0,스넥,36.0,8021.0,572790000.0,49250.0,2.4514255516656354,2.6661038058156787,-0.2091033419911045,True,8.897456810261733,15910833.333333334,1368.0555555555557,1.2172215219594178,738.0,44410,0.6960023286339596,저특화·결제건수 증가
경상북도,성주군,40461.0,제과점,20.0,8301.0,143860000.0,9583.0,3.922393407664513,4.228617212511245,-0.2938001223045765,True,4.943031561256519,7193000.0,479.15,0.23684535725760608,738.0,31168,0.5509472574191862,저특화·결제건수 증가
경상북도,안동시,151864.0,대형할인점,0.0,4004.0,3959940000.0,92539.0,-5.185139288887179,-2.782897026043952,-2.471007867295485,False,0.0,,,0.609354422377917,2456.0,0,,판정불가
경상북도,안동시,151864.0,편의점,146.0,4010.0,5682410000.0,651495.0,3.869468851129825,4.960915940460749,-1.0398604847827329,True,9.613865037138492,38920616.43835616,4462.2945205479455,4.289989727651056,2456.0,54446,0.6918370902358982,저특화·결제건수 증가
경상북도,안동시,151864.0,슈퍼마켓,270.0,4020.0,6886490000.0,331195.0,-0.0158657601362066,2.08308885135732,-2.0561237273588526,True,17.779065479639677,25505518.51851852,1226.648148148148,2.1808657746404676,2456.0,63862,1.090782629115692,고특화·결제건수 증가
경상북도,안동시,151864.0,일반한식,377.0,8001.0,17450820000.0,452188.0,2.1838847537632513,2.097490363661486,0.0846195041562988,True,24.82484328083022,46288647.214854114,1199.4376657824935,2.977585207817521,2456.0,98173,0.9907549529247893,저특화·결제건수 증가
경상북도,안동시,151864.0,갈비전문점,293.0,,,,,,,True,19.293578464942318,,,,2456.0,61512,1.2289231824896432,판정불가
경상북도,안동시,151864.0,한정식,797.0,,,,,,,True,52.481167360269716,,,,2456.0,180762,1.1375438529912116,판정불가
경상북도,안동시,151864.0,일식회집,122.0,8004.0,900930000.0,14765.0,-0.3980835749425805,1.7258031962752995,-2.0878545113278175,True,8.03350366117052,7384672.131147541,121.02459016393442,0.0972251488173629,2456.0,44227,0.711687460215063,저특화·결제건수 증가
경상북도,안동시,151864.0,중국음식,136.0,8005.0,1076220000.0,54079.0,-0.2860069315822877,2.0017227422539876,-2.2428343486090285,True,8.955381130485172,7913382.352941177,397.6397058823529,0.3561015118790497,2456.0,31984,1.0970415989753834,고특화·결제건수 증가
경상북도,안동시,151864.0,서양음식,59.0,8006.0,3520660000.0,268928.0,1.6037310934099145,4.212504869813894,-2.5033212469683463,True,3.885055049254596,59672203.38983051,4558.1016949152545,1.770847600484644,2456.0,23100,0.6589568791686055,저특화·결제건수 증가
경상북도,안동시,151864.0,스넥,136.0,8021.0,983590000.0,49432.0,4.87093071637117,4.3986252772528625,0.4524058031070964,True,8.955381130485172,7232279.411764706,363.47058823529414,0.3255017647368698,2456.0,44410,0.790087333970472,저특화·결제건수 증가
경상북도,안동시,151864.0,제과점,120.0,8301.0,1280800000.0,86824.0,1.1279321099066728,2.7824346447592316,-1.6097133139246136,True,7.901806879839857,10673333.333333334,723.5333333333333,0.5717220671126798,2456.0,31168,0.9933202181808453,저특화·결제건수 증가
경상북도,영덕군,32560.0,대형할인점,0.0,,,,,,,False,0.0,,,,884.0,0,,판정불가
경상북도,영덕군,32560.0,편의점,43.0,4010.0,1487060000.0,137992.0,2.259456636612678,2.7943916955006793,-0.5203932335847359,True,13.206388206388207,34582790.697674416,3209.1162790697676,4.238083538083538,884.0,54446,0.5661031071842864,저특화·결제건수 증가
경상북도,영덕군,32560.0,슈퍼마켓,119.0,4020.0,2869470000.0,137877.0,-2.1446743383798035,-0.7002709388216616,-1.4545894668738657,True,36.547911547911546,24113193.277310923,1158.6302521008404,4.234551597051597,884.0,63862,1.3356648831735738,고특화·결제건수 감소
경상북도,영덕군,32560.0,일반한식,170.0,8001.0,7445380000.0,128254.0,-6.099953223185092,-0.6511118909993949,-5.484551901786299,True,52.21130221130221,43796352.941176474,754.435294117647,3.939004914004914,884.0,98173,1.2412233036029803,고특화·결제건수 감소
경상북도,영덕군,32560.0,갈비전문점,59.0,,,,,,,True,18.12039312039312,,,,884.0,61512,0.6875198247010921,판정불가
경상북도,영덕군,32560.0,한정식,262.0,,,,,,,True,80.46683046683047,,,,884.0,180762,1.0389322206179863,판정불가
경상북도,영덕군,32560.0,일식회집,130.0,8004.0,457310000.0,3932.0,-4.858218890498975,2.0785985862416383,-6.795564959564023,True,39.926289926289925,3517769.230769231,30.246153846153845,0.12076167076167076,884.0,44227,2.1069243036260787,고특화·결제건수 증가
경상북도,영덕군,32560.0,중국음식,37.0,8005.0,411030000.0,15129.0,0.2363878962194184,1.3286770549273927,-1.077966465619489,True,11.363636363636363,11108918.918918919,408.8918918918919,0.46464987714987716,884.0,31984,0.8292051851717714,저특화·결제건수 증가
경상북도,영덕군,32560.0,서양음식,10.0,8006.0,1039680000.0,74630.0,-1.585239334018337,0.355234512983983,-1.9336050146454955,True,3.071253071253071,103968000.0,7463.0,2.292076167076167,884.0,23100,0.31029950441715143,저특화·결제건수 증가
경상북도,영덕군,32560.0,스넥,37.0,8021.0,303230000.0,13164.0,-0.3107888308861161,-0.4802809625639855,0.1703100986590578,True,11.363636363636363,8195405.405405405,355.7837837837838,0.4042997542997543,884.0,44410,0.5971920432905637,저특화·결제건수 감소
경상북도,영덕군,32560.0,제과점,17.0,8301.0,189080000.0,12265.0,-3.038647428247182,-0.9127824304859232,-2.145448272649157,True,5.22113022113022,11122352.94117647,721.4705882352941,0.3766891891891892,884.0,31168,0.3909606499763071,저특화·결제건수 감소
경상북도,영양군,15972.0,대형할인점,0.0,,,,,,,False,0.0,,,,224.0,0,,판정불가
경상북도,영양군,15972.0,편의점,8.0,4010.0,360620000.0,34136.0,16.015817325185843,15.99599575955202,0.017088146451963,True,5.008765339343851,45077500.0,4267.0,2.1372401702980217,224.0,54446,0.41564380959377834,저특화·결제건수 증가
경상북도,영양군,15972.0,슈퍼마켓,33.0,4020.0,986530000.0,41369.0,22.55928683925025,20.082871319604127,2.0622554178065204,True,20.66115702479339,29894848.484848484,1253.6060606060605,2.5900951665414476,224.0,63862,1.461735293064957,고특화·결제건수 증가
경상북도,영양군,15972.0,일반한식,17.0,8001.0,1109180000.0,26132.0,15.006075451926588,9.557027580974944,4.973709118681796,True,10.643626346105684,65245882.35294118,1537.1764705882354,1.6361131980966692,224.0,98173,0.48983991088617607,저특화·결제건수 증가
경상북도,영양군,15972.0,갈비전문점,12.0,,,,,,,True,7.513148009015778,,,,224.0,61512,0.5518470263641937,판정불가
경상북도,영양군,15972.0,한정식,110.0,,,,,,,True,68.87052341597796,,,,224.0,180762,1.721404190514125,판정불가
경상북도,영양군,15972.0,일식회집,10.0,8004.0,23150000.0,562.0,44.187555830511464,45.4199357384193,-0.8474628335173318,True,6.260956674179814,2315000.0,56.2,0.03518657650889056,224.0,44227,0.639602020743631,저특화·결제건수 증가
경상북도,영양군,15972.0,중국음식,13.0,8005.0,136160000.0,5253.0,17.139209970568317,20.052729778244753,-2.4268667718410897,True,8.13924367643376,10473846.153846154,404.0769230769231,0.32888805409466565,224.0,31984,1.1497618228757236,고특화·결제건수 증가
경상북도,영양군,15972.0,서양음식,2.0,8006.0,215700000.0,15021.0,17.427745752168864,14.839918574797034,2.2534212924283192,True,1.2521913348359628,107850000.0,7510.5,0.94045830202855,224.0,23100,0.24491496598639453,저특화·결제건수 증가
경상북도,영양군,15972.0,스넥,11.0,8021.0,151060000.0,7734.0,18.125225301445504,18.31372996120899,-0.1593261068054793,True,6.887052341597796,13732727.272727273,703.0909090909091,0.48422238918106686,224.0,44410,0.7006630585132049,저특화·결제건수 증가
경상북도,영양군,15972.0,제과점,8.0,8301.0,158470000.0,10414.0,17.404875754758933,16.05903319233147,1.1596189675276656,True,5.008765339343851,19808750.0,1301.75,0.6520160280490859,224.0,31168,0.7260697785274274,저특화·결제건수 증가
경상북도,영주시,96440.0,대형할인점,0.0,4004.0,812600000.0,23398.0,-17.074295031296366,-12.172160789867783,-5.581526638381716,False,0.0,,,0.2426171712982165,1681.0,0,,판정불가
경상북도,영주시,96440.0,편의점,71.0,4010.0,2806800000.0,285972.0,4.215329720187037,5.734408723693356,-1.4366931463871522,True,7.362090418913314,39532394.366197184,4027.774647887324,2.9652841144753213,1681.0,54446,0.49155258386224354,저특화·결제건수 증가
경상북도,영주시,96440.0,슈퍼마켓,206.0,4020.0,4452760000.0,224034.0,1.2286166031539176,2.860181059644302,-1.586196368392811,True,21.360431356283698,21615339.80582524,1087.5436893203882,2.323040232268768,1681.0,63862,1.2159124864923363,고특화·결제건수 증가
경상북도,영주시,96440.0,일반한식,277.0,8001.0,9149700000.0,206520.0,2.4303469580436934,2.9947369306597524,-0.5479794302461324,True,28.722521775197013,33031407.942238268,745.5595667870036,2.1414350891746166,1681.0,98173,1.0635681418856233,고특화·결제건수 증가
경상북도,영주시,96440.0,갈비전문점,207.0,,,,,,,True,21.464122770634592,,,,1681.0,61512,1.268493105217873,판정불가
경상북도,영주시,96440.0,한정식,549.0,,,,,,,True,56.926586478639564,,,,1681.0,180762,1.1448347938600674,판정불가
경상북도,영주시,96440.0,일식회집,57.0,8004.0,295420000.0,5413.0,-0.7312325222355066,-0.2520718499660838,-0.4803715537316073,True,5.91041061800083,5182807.01754386,94.96491228070175,0.0561281625881377,1681.0,44227,0.4858083641198502,저특화·결제건수 감소
경상북도,영주시,96440.0,중국음식,86.0,8005.0,622840000.0,25589.0,-0.1506646686659454,1.5483719906052518,-1.6731303771451735,True,8.917461634176691,7242325.5813953485,297.54651162790697,0.2653359601824969,1681.0,31984,1.0135455889753324,고특화·결제건수 증가
경상북도,영주시,96440.0,서양음식,34.0,8006.0,1462410000.0,117691.0,2.073788732564164,4.382252628057546,-2.2115482635913724,True,3.5255080879303193,43012058.823529415,3461.5,1.22035462463708,1681.0,23100,0.5548103453159966,저특화·결제건수 증가
경상북도,영주시,96440.0,스넥,128.0,8021.0,529280000.0,24541.0,3.117014461540756,4.6591095032149665,-1.473445597802315,True,13.272501036914143,4135000.0,191.7265625,0.25446909995852346,1681.0,44410,1.086442659331059,고특화·결제건수 증가
경상북도,영주시,96440.0,제과점,66.0,8301.0,538130000.0,37587.0,-0.6538309352250852,1.8801822265122656,-2.4872483601407516,True,6.843633347158855,8153484.848484849,569.5,0.3897449191206968,1681.0,31168,0.7982016363585281,저특화·결제건수 증가
경상북도,영천시,94107.0,대형할인점,0.0,4004.0,2810200000.0,66710.0,-1.6852692352668963,0.8966030686660879,-2.5589288691670053,False,0.0,,,0.7088739413646169,1450.0,0,,판정불가
경상북도,영천시,94107.0,편의점,91.0,4010.0,3504460000.0,372419.0,4.223749324252886,5.2451373413288565,-0.970484758610152,True,9.669843901091312,38510549.45054945,4092.5164835164837,3.9573995558247526,1450.0,54446,0.7303865012723774,저특화·결제건수 증가
경상북도,영천시,94107.0,슈퍼마켓,183.0,4020.0,7885250000.0,370012.0,0.9404471851802344,2.816026962268764,-1.8242095444680448,True,19.445949823073736,43088797.81420765,2021.9234972677596,3.931822287396262,1450.0,63862,1.2522351751999734,고특화·결제건수 증가
경상북도,영천시,94107.0,일반한식,240.0,8001.0,10187260000.0,264921.0,3.409013418050635,3.687045079635958,-0.2681450333277103,True,25.502885013867193,42446916.666666664,1103.8375,2.8151040836494627,1450.0,98173,1.0683080571700132,고특화·결제건수 증가
경상북도,영천시,94107.0,갈비전문점,153.0,,,,,,,True,16.258089196340336,,,,1450.0,61512,1.086948349859405,판정불가
경상북도,영천시,94107.0,한정식,504.0,,,,,,,True,53.55605852912111,,,,1450.0,180762,1.2184303918011454,판정불가
경상북도,영천시,94107.0,일식회집,58.0,8004.0,213340000.0,4589.0,8.73801931423645,10.949895923775156,-1.9935815091330136,True,6.1631972116845715,3678275.8620689656,79.12068965517241,0.0487636413869319,1450.0,44227,0.5730834105862934,저특화·결제건수 증가
경상북도,영천시,94107.0,중국음식,75.0,8005.0,814650000.0,35926.0,1.2424165295570724,2.2228062364294585,-0.9590714078078372,True,7.969651566833498,10862000.0,479.0133333333333,0.38175693625341367,1450.0,31984,1.0247214124303532,고특화·결제건수 증가
경상북도,영천시,94107.0,서양음식,17.0,8006.0,1864420000.0,166160.0,2.985696018756844,4.482004502116892,-1.4321207661456592,True,1.8064543551489263,109671764.70588236,9774.117647058823,1.7656497391267387,1450.0,23100,0.3215986863711002,저특화·결제건수 증가
경상북도,영천시,94107.0,스넥,88.0,8021.0,816940000.0,54434.0,3.90133145146927,3.8419982373016066,0.0571379742058194,True,9.35105783841797,9283409.090909092,618.5681818181819,0.5784266845186862,1450.0,44410,0.8659228971418367,저특화·결제건수 증가
경상북도,영천시,94107.0,제과점,41.0,8301.0,489130000.0,34541.0,2.301775255345034,5.062973307108097,-2.6281362166401463,True,4.356742856535646,11930000.0,842.4634146341464,0.3670396463599945,1450.0,31168,0.5748469694824045,저특화·결제건수 증가
경상북도,예천군,53422.0,대형할인점,0.0,4004.0,200470000.0,13490.0,-2.734404482747157,-0.8453622870099965,-1.9051475950172605,False,0.0,,,0.2525176893414698,753.0,0,,판정불가
경상북도,예천군,53422.0,편의점,34.0,4010.0,1216530000.0,121597.0,4.597981453363118,5.928400315345983,-1.255960495978631,True,6.3644191531578755,35780294.11764706,3576.3823529411766,2.276159634607465,753.0,54446,0.5254885879591993,저특화·결제건수 증가
경상북도,예천군,53422.0,슈퍼마켓,101.0,4020.0,1603600000.0,71190.0,0.3203784908886011,2.4338856673594513,-2.063289079293723,True,18.906068660851336,15877227.722772278,704.8514851485148,1.3325970573920856,753.0,63862,1.3308503066643158,고특화·결제건수 증가
경상북도,예천군,53422.0,일반한식,121.0,8001.0,4258980000.0,95553.0,4.211416247463301,4.311029646786853,-0.0954965161985718,True,22.649844633297143,35198181.81818182,789.694214876033,1.788645127475572,753.0,98173,1.0371549835683866,고특화·결제건수 증가
경상북도,예천군,53422.0,갈비전문점,103.0,,,,,,,True,19.280446258095914,,,,753.0,61512,1.4090542930804202,판정불가
경상북도,예천군,53422.0,한정식,244.0,,,,,,,True,45.67406686383887,,,,753.0,180762,1.1358815337044552,판정불가
경상북도,예천군,53422.0,일식회집,26.0,8004.0,187850000.0,2943.0,4.601376589490062,4.79604494476619,-0.1857592577837264,True,4.866908764179551,7225000.0,113.1923076923077,0.055089663434540075,753.0,44227,0.49469351511433024,저특화·결제건수 증가
경상북도,예천군,53422.0,중국음식,39.0,8005.0,264020000.0,9523.0,0.930052319511207,2.5156071030305176,-1.5466472162875844,True,7.300363146269326,6769743.58974359,244.17948717948718,0.17825989292800717,753.0,31984,1.0260822642396896,고특화·결제건수 증가
경상북도,예천군,53422.0,서양음식,10.0,8006.0,707740000.0,64315.0,2.254899548945458,5.349210214051756,-2.9371939844818553,True,1.8718879862229045,70774000.0,6431.5,1.203904758339261,753.0,23100,0.36428255233036105,저특화·결제건수 증가
경상북도,예천군,53422.0,스넥,45.0,8021.0,343650000.0,15755.0,3.715165407554012,1.5463404433153058,2.135798252079177,True,8.42349593800307,7636666.666666667,350.1111111111111,0.2949159522294186,753.0,44410,0.8526721755176996,저특화·결제건수 증가
경상북도,예천군,53422.0,제과점,30.0,8301.0,265320000.0,17941.0,-0.3711684388696534,1.7660589901339705,-2.1001377573350113,True,5.615663958668713,8844000.0,598.0333333333333,0.3358354236082513,753.0,31168,0.8099583186760145,저특화·결제건수 증가
경상북도,울릉군,8768.0,대형할인점,0.0,,,,,,,False,0.0,,,,280.0,0,,판정불가
경상북도,울릉군,8768.0,편의점,16.0,4010.0,795570000.0,65870.0,14.779304504591032,18.855189274646413,-3.429286339897998,True,18.248175182481752,49723125.0,4116.875,7.512545620437956,280.0,54446,0.6650300953500454,저특화·결제건수 증가
경상북도,울릉군,8768.0,슈퍼마켓,42.0,4020.0,197300000.0,9252.0,1.5008007008383129,5.898057948905194,-4.15234928121961,True,47.901459854014604,4697619.047619048,220.28571428571428,1.0552007299270072,280.0,63862,1.4883122983934107,고특화·결제건수 증가
경상북도,울릉군,8768.0,일반한식,19.0,8001.0,1584100000.0,23224.0,32.48722699976591,38.95996885361658,-4.657990288317583,True,21.66970802919708,83373684.21052632,1222.3157894736842,2.6487226277372264,280.0,98173,0.43797450855705156,저특화·결제건수 증가
경상북도,울릉군,8768.0,갈비전문점,19.0,,,,,,,True,21.66970802919708,,,,280.0,61512,0.6990062333946454,판정불가
경상북도,울릉군,8768.0,한정식,129.0,,,,,,,True,147.12591240875912,,,,280.0,180762,1.6149901132823428,판정불가
경상북도,울릉군,8768.0,일식회집,21.0,,,,,,,True,23.950729927007302,,,,280.0,44227,1.0745313948493,판정불가
경상북도,울릉군,8768.0,중국음식,8.0,8005.0,112300000.0,2764.0,23.783187171147933,20.27727559346001,2.9148578236324036,True,9.124087591240876,14037500.0,345.5,0.3152372262773723,280.0,31984,0.5660365897234332,저특화·결제건수 증가
경상북도,울릉군,8768.0,서양음식,7.0,8006.0,312760000.0,15591.0,42.29486282712803,39.896435326027486,1.714430746938624,True,7.983576642335766,44680000.0,2227.285714285714,1.7781706204379562,280.0,23100,0.6857619047619048,저특화·결제건수 증가
경상북도,울릉군,8768.0,스넥,15.0,8021.0,116930000.0,3942.0,29.49839397071803,37.43832043335507,-5.7770834492169145,True,17.107664233576642,7795333.333333333,262.8,0.44958941605839414,280.0,44410,0.7643597001962235,저특화·결제건수 증가
경상북도,울릉군,8768.0,제과점,4.0,,,,,,,True,4.562043795620438,,,,280.0,31168,0.29042791141097096,판정불가
경상북도,울진군,46195.0,대형할인점,0.0,,,,,,,False,0.0,,,,1003.0,0,,판정불가
경상북도,울진군,46195.0,편의점,61.0,4010.0,1909850000.0,184188.0,2.7026632340594903,2.9242011547018416,-0.2152437601234142,True,13.204892304361945,31309016.393442623,3019.4754098360654,3.987184760255439,1003.0,54446,0.7077962380719576,저특화·결제건수 증가
경상북도,울진군,46195.0,슈퍼마켓,108.0,4020.0,2166250000.0,89436.0,-0.4309032626800738,1.088136197269344,-1.5026881660821596,True,23.379153588050652,20057870.37037037,828.1111111111111,1.9360536854637949,1003.0,63862,1.0683797156961672,고특화·결제건수 증가
경상북도,울진군,46195.0,일반한식,142.0,8001.0,5904700000.0,119833.0,-1.1620478511920502,0.3535973329925326,-1.5103047867386117,True,30.739257495399933,41582394.366197184,843.8943661971831,2.594068622145254,1003.0,98173,0.913777953519881,저특화·결제건수 증가
경상북도,울진군,46195.0,갈비전문점,89.0,,,,,,,True,19.266154345708408,,,,1003.0,61512,0.9140596807574416,판정불가
경상북도,울진군,46195.0,한정식,375.0,,,,,,,True,81.17761662517589,,,,1003.0,180762,1.310595051238888,판정불가
경상북도,울진군,46195.0,일식회집,102.0,8004.0,346680000.0,3055.0,-4.5956317586924085,1.3020295070556642,-5.8218589444324,True,22.08031172204784,3398823.529411765,29.95098039215686,0.06613269834397661,1003.0,44227,1.4569917218295596,고특화·결제건수 증가
경상북도,울진군,46195.0,중국음식,43.0,8005.0,323390000.0,12141.0,-1.70811504777244,-1.0037702031967706,-0.71148653440782,True,9.308366706353501,7520697.674418605,282.3488372093023,0.2628206515856694,1003.0,31984,0.8493370563646729,저특화·결제건수 감소
경상북도,울진군,46195.0,서양음식,11.0,8006.0,830790000.0,73622.0,0.9569683321948158,1.767247931863796,-0.7962086193108673,True,2.3812100876718256,75526363.63636364,6692.909090909091,1.5937222643143196,1003.0,23100,0.3008327398756112,저특화·결제건수 증가
경상북도,울진군,46195.0,스넥,44.0,8021.0,441520000.0,19620.0,-0.36051744616765,-1.2242375037163558,0.8744250975346481,True,9.524840350687303,10034545.454545455,445.90909090909093,0.4247212901829202,1003.0,44410,0.6259163513737105,저특화·결제건수 감소
경상북도,울진군,46195.0,제과점,28.0,8301.0,223140000.0,15969.0,-2.413563453383519,-1.6887665395866405,-0.737247299504876,True,6.061262041346466,7969285.714285715,570.3214285714286,0.345686762636649,1003.0,31168,0.5675360980712891,저특화·결제건수 감소
경상북도,의성군,47952.0,대형할인점,0.0,,,,,,,False,0.0,,,,646.0,0,,판정불가
경상북도,의성군,47952.0,편의점,23.0,4010.0,736000000.0,80712.0,6.594940170267249,6.548252981125321,0.0438178832929331,True,4.796463129796463,32000000.0,3509.217391304348,1.6831831831831832,646.0,54446,0.41435698665385956,저특화·결제건수 증가
경상북도,의성군,47952.0,슈퍼마켓,106.0,4020.0,1027960000.0,51898.0,6.1387264997729645,7.744067627110404,-1.489957788574814,True,22.10543877210544,9697735.849056603,489.60377358490564,1.0822906239572907,646.0,63862,1.6280815648060014,고특화·결제건수 증가
경상북도,의성군,47952.0,일반한식,91.0,8001.0,2937300000.0,117919.0,4.110435062407025,0.2459157079388237,3.85503920750975,True,18.97731064397731,32278021.97802198,1295.8131868131868,2.459104938271605,646.0,98173,0.9092056768806969,저특화·결제건수 증가
경상북도,의성군,47952.0,갈비전문점,69.0,,,,,,,True,14.38938938938939,,,,646.0,61512,1.100277043277216,판정불가
경상북도,의성군,47952.0,한정식,243.0,,,,,,,True,50.67567567567568,,,,646.0,180762,1.318596578920136,판정불가
경상북도,의성군,47952.0,일식회집,13.0,8004.0,31590000.0,613.0,34.27353282571198,28.309634777991725,4.648051612054935,True,2.7110443777110445,2430000.0,47.15384615384615,0.012783616950283617,646.0,44227,0.2883159573383055,저특화·결제건수 증가
경상북도,의성군,47952.0,중국음식,40.0,8005.0,253100000.0,9938.0,0.7331047853983431,2.297021729419717,-1.5288000741194951,True,8.341675008341674,6327500.0,248.45,0.20724891558224892,646.0,31984,1.2267046836111555,고특화·결제건수 증가
경상북도,의성군,47952.0,서양음식,5.0,8006.0,327160000.0,29750.0,5.712239302446414,7.450330609307806,-1.6175765090766858,True,1.0427093760427093,65432000.0,5950.0,0.620412078745412,646.0,23100,0.21231018723278783,저특화·결제건수 증가
경상북도,의성군,47952.0,스넥,37.0,8021.0,342580000.0,26172.0,3.304234789679584,2.611838705461176,0.6747721246920697,True,7.716049382716049,9258918.918918919,707.3513513513514,0.5457957957957958,646.0,44410,0.8172101645028768,저특화·결제건수 증가
경상북도,의성군,47952.0,제과점,19.0,8301.0,102850000.0,7139.0,4.531733517119957,6.976546245130066,-2.2853726483261263,True,3.9622956289622957,5413157.894736842,375.7368421052632,0.14887804471137805,646.0,31168,0.5979398176108225,저특화·결제건수 증가
경상북도,청도군,40021.0,대형할인점,0.0,4004.0,1404770000.0,40835.0,-1.2114947481037326,-0.2511449660000819,-0.9627677247786908,False,0.0,,,1.0203393218560255,749.0,0,,판정불가
경상북도,청도군,40021.0,편의점,28.0,4010.0,919440000.0,101858.0,5.342656767807589,5.330332895897438,0.0117002116781943,True,6.99632692836261,32837142.85714286,3637.785714285714,2.5451138152469954,749.0,54446,0.43506641751872127,저특화·결제건수 증가
경상북도,청도군,40021.0,슈퍼마켓,104.0,4020.0,1833750000.0,77535.0,2.3861807056726447,4.298535585416252,-1.833539530550266,True,25.986357162489693,17632211.53846154,745.5288461538462,1.9373578871092676,749.0,63862,1.3776989678052045,고특화·결제건수 증가
경상북도,청도군,40021.0,일반한식,106.0,8001.0,7502170000.0,386433.0,-1.6266429373692282,0.3498509410629128,-1.969603203090962,True,26.486094800229882,70775188.67924528,3645.5943396226417,9.655755728242672,749.0,98173,0.9134342923177072,저특화·결제건수 증가
경상북도,청도군,40021.0,갈비전문점,95.0,,,,,,,True,23.737537792658856,,,,749.0,61512,1.306553707279711,판정불가
경상북도,청도군,40021.0,한정식,307.0,,,,,,,True,76.70972739311861,,,,749.0,180762,1.4367947975880004,판정불가
경상북도,청도군,40021.0,일식회집,14.0,8004.0,37290000.0,734.0,37.228306319991255,70.2108942751465,-19.37748350104948,True,3.498163464181305,2663571.4285714286,52.42857142857143,0.018340371305064843,749.0,44227,0.2677959862552773,저특화·결제건수 증가
경상북도,청도군,40021.0,중국음식,31.0,8005.0,384970000.0,14344.0,-0.945382354243398,0.0736983530613347,-1.018330214707767,True,7.74593338497289,12418387.096774194,462.7096774193548,0.3584118337872617,749.0,31984,0.819959545861048,저특화·결제건수 증가
경상북도,청도군,40021.0,서양음식,10.0,8006.0,1456500000.0,84127.0,2.281251277673533,4.043525386869858,-1.693785463961888,True,2.498688188700932,145650000.0,8412.7,2.102071412508433,749.0,23100,0.36622798652171146,저특화·결제건수 증가
경상북도,청도군,40021.0,스넥,36.0,8021.0,227070000.0,10685.0,8.69635280554738,10.722136170781166,-1.8296100809590288,True,8.995277479323356,6307500.0,296.80555555555554,0.2669848329626946,749.0,44410,0.6857806655966118,저특화·결제건수 증가
경상북도,청도군,40021.0,제과점,18.0,8301.0,249310000.0,20463.0,3.4206006396512625,3.724349121180824,-0.2928420222475421,True,4.497638739661678,13850555.555555556,1136.8333333333333,0.5113065640538718,749.0,31168,0.4885703182614465,저특화·결제건수 증가
경상북도,청송군,24020.0,대형할인점,0.0,,,,,,,False,0.0,,,,488.0,0,,판정불가
경상북도,청송군,24020.0,편의점,16.0,4010.0,573430000.0,56201.0,4.75564333754298,6.228166740792425,-1.3861892268578708,True,6.661115736885929,35839375.0,3512.5625,2.3397585345545377,488.0,54446,0.3815746448729769,저특화·결제건수 증가
경상북도,청송군,24020.0,슈퍼마켓,64.0,4020.0,1288330000.0,46989.0,3.3026992555884767,4.363455270508741,-1.0164056107291612,True,26.644462947543715,20130156.25,734.203125,1.9562447960033305,488.0,63862,1.3012566543330368,고특화·결제건수 증가
경상북도,청송군,24020.0,일반한식,43.0,8001.0,3073040000.0,84377.0,1.6884128640242857,0.9973141949079044,0.6842743043470312,True,17.90174854288093,71466046.51162791,1962.2558139534883,3.51278101582015,488.0,98173,0.5687244481262835,저특화·결제건수 증가
경상북도,청송군,24020.0,갈비전문점,46.0,,,,,,,True,19.150707743547045,,,,488.0,61512,0.9710095217992917,판정불가
경상북도,청송군,24020.0,한정식,243.0,,,,,,,True,101.16569525395504,,,,488.0,180762,1.7455192417672294,판정불가
경상북도,청송군,24020.0,일식회집,12.0,,,,,,,True,4.995836802664446,,,,488.0,44227,0.3523053753604263,판정불가
경상북도,청송군,24020.0,중국음식,19.0,8005.0,169310000.0,6565.0,1.0681225223304505,1.8956889899511304,-0.8121702456934107,True,7.910074937552039,8911052.631578946,345.5263157894737,0.27331390507910075,488.0,31984,0.7713408446026293,저특화·결제건수 증가
경상북도,청송군,24020.0,서양음식,4.0,8006.0,275090000.0,19239.0,1.8394292189839991,4.562826445744673,-2.6045558630473566,True,1.6652789342214822,68772500.0,4809.75,0.8009575353871774,488.0,23100,0.224839968774395,저특화·결제건수 증가
경상북도,청송군,24020.0,스넥,31.0,8021.0,163630000.0,7897.0,-0.3232767615353239,0.012512009604166,-0.3357467624722909,True,12.905911740216487,5278387.096774193,254.74193548387098,0.3287676935886761,488.0,44410,0.9063718849321339,저특화·결제건수 증가
경상북도,청송군,24020.0,제과점,10.0,8301.0,60130000.0,3803.0,1.7640460894247332,2.675589979846766,-0.8877902631004594,True,4.163197335553705,6013000.0,380.3,0.1583263946711074,488.0,31168,0.4165974139091796,저특화·결제건수 증가
경상북도,칠곡군,103537.0,대형할인점,0.0,4004.0,141110000.0,9173.0,1.747542462735521,3.8313099284693006,-2.0068777589046545,False,0.0,,,0.08859634719955185,1876.0,0,,판정불가
경상북도,칠곡군,103537.0,편의점,163.0,4010.0,7170620000.0,777370.0,4.313079057336313,4.853052059109644,-0.5149807193680793,True,15.743164279436337,43991533.74233129,4769.141104294478,7.50813718767204,1876.0,54446,1.011193148713222,고특화·결제건수 증가
경상북도,칠곡군,103537.0,슈퍼마켓,204.0,4020.0,9517010000.0,469360.0,-0.0586972022945658,1.556533538122705,-1.590474471847742,True,19.703101306779217,46652009.803921565,2300.7843137254904,4.5332586418381835,1876.0,63862,1.0789470819909588,고특화·결제건수 증가
경상북도,칠곡군,103537.0,일반한식,349.0,8001.0,18944270000.0,834404.0,2.5096581624215095,2.231416580136769,0.272168372103719,True,33.7077566473821,54281575.931232095,2390.842406876791,8.058993403324415,1876.0,98173,1.2007313706709426,고특화·결제건수 증가
경상북도,칠곡군,103537.0,갈비전문점,218.0,8002.0,2880000.0,193.0,15.042687364383236,5.686691946854904,8.852576653863888,True,21.05527492587191,13211.009174311926,0.8853211009174312,0.0018640679177492105,1876.0,61512,1.1970413109193456,고특화·결제건수 증가
경상북도,칠곡군,103537.0,한정식,620.0,,,,,,,True,59.8819745598192,,,,1876.0,180762,1.15850268452511,판정불가
경상북도,칠곡군,103537.0,일식회집,66.0,8004.0,134050000.0,3132.0,-3.4513751464355846,-2.0954066597740577,-1.384989652068172,True,6.374532775722688,2031060.606060606,47.45454545454545,0.030250055535702213,1876.0,44227,0.5040445775412495,저특화·결제건수 감소
경상북도,칠곡군,103537.0,중국음식,83.0,8005.0,1043320000.0,45698.0,-1.2281521241647322,-0.1116875191504783,-1.1177129508803303,True,8.016457884620957,12570120.481927712,550.5783132530121,0.4413687860378415,1876.0,31984,0.8765118833403909,저특화·결제건수 감소
경상북도,칠곡군,103537.0,서양음식,40.0,8006.0,3539080000.0,265190.0,2.7765447731046256,3.9538693343114497,-1.1325452037004646,True,3.86335319740769,88477000.0,6629.75,2.561306586051363,1876.0,23100,0.5848715605645243,저특화·결제건수 증가
경상북도,칠곡군,103537.0,스넥,86.0,8021.0,1023640000.0,54224.0,1.5403517095173185,1.2701981496643528,0.2667651143070662,True,8.306209374426533,11902790.697674418,630.5116279069767,0.5237161594405865,1876.0,44410,0.6540789474315943,저특화·결제건수 증가
경상북도,칠곡군,103537.0,제과점,47.0,8301.0,788200000.0,56899.0,-3.5138438172437927,-0.372363902290301,-3.1532213731062666,True,4.5394400069540355,16770212.765957447,1210.6170212765958,0.5495523339482504,1876.0,31168,0.5093325312058072,저특화·결제건수 감소
경상북도,포항시 남구,212298.0,대형할인점,0.0,4004.0,7832060000.0,208774.0,-4.128494873220979,-2.4407402830324214,-1.729978881640746,False,0.0,,,0.983400691480843,3779.0,0,,판정불가
경상북도,포항시 남구,212298.0,편의점,240.0,4010.0,14144650000.0,1606998.0,4.499867328690394,5.211491851622549,-0.6763752803123113,True,11.30486391770059,58936041.666666664,6695.825,7.569539044173756,3779.0,54446,0.7391178619926412,저특화·결제건수 증가
경상북도,포항시 남구,212298.0,슈퍼마켓,376.0,4020.0,21343630000.0,1126915.0,6.0078422215232825,7.346008292557007,-1.2465913659189842,True,17.710953471064258,56764973.404255316,2997.1143617021276,5.308175300756484,3779.0,63862,0.9872195893021477,저특화·결제건수 증가
경상북도,포항시 남구,212298.0,일반한식,621.0,8001.0,47093320000.0,1094415.0,0.6335782912863541,2.171575560087655,-1.5053083603441522,True,29.25133538705028,75834653.784219,1762.342995169082,5.155088601870955,3779.0,98173,1.0606399290803767,고특화·결제건수 증가
경상북도,포항시 남구,212298.0,갈비전문점,417.0,,,,,,,True,19.642201057004776,,,,3779.0,61512,1.1366968121775296,판정불가
경상북도,포항시 남구,212298.0,한정식,1171.0,,,,,,,True,55.15831519844747,,,,3779.0,180762,1.0862209935014484,판정불가
경상북도,포항시 남구,212298.0,일식회집,313.0,8004.0,2669420000.0,51077.0,2.2604074139280095,4.263008299767533,-1.9207204151273112,True,14.743426692667855,8528498.40255591,163.18530351437698,0.24059105596849711,3779.0,44227,1.186657234146003,고특화·결제건수 증가
경상북도,포항시 남구,212298.0,중국음식,179.0,8005.0,3256110000.0,111585.0,-1.5143742916497578,0.3375104957785323,-1.8456555063783735,True,8.431544338618357,18190558.659217875,623.3798882681564,0.5256055167735918,3779.0,31984,0.9384014910339532,저특화·결제건수 증가
경상북도,포항시 남구,212298.0,서양음식,89.0,8006.0,10866040000.0,943426.0,-0.3067028474569597,2.4674708712251845,-2.7073701488822044,True,4.192220369480635,122090337.07865168,10600.292134831461,4.443876061008583,3779.0,23100,0.6460207411887751,저특화·결제건수 증가
경상북도,포항시 남구,212298.0,스넥,242.0,8021.0,2998400000.0,155307.0,5.859911148749175,3.77649345812284,2.007600778558833,True,11.399071117014763,12390082.6446281,641.7644628099174,0.7315518751943023,3779.0,44410,0.913698743676389,저특화·결제건수 증가
경상북도,포항시 남구,212298.0,제과점,131.0,8301.0,3036650000.0,231078.0,0.2967693987565936,1.9606369118101492,-1.6318724200327488,True,6.170571555078239,23180534.351145037,1763.9541984732825,1.0884605601560071,3779.0,31168,0.7047430398620279,저특화·결제건수 증가
경상북도,포항시 북구,274710.0,대형할인점,0.0,4004.0,11530860000.0,356951.0,-2.687554272187536,-0.7396758697584908,-1.962393755508212,False,0.0,,,1.2993738851880166,3634.0,0,,판정불가
경상북도,포항시 북구,274710.0,편의점,277.0,4010.0,13634080000.0,1549449.0,3.8954880599510258,4.610669740020944,-0.6836603587830078,True,10.083360634851298,49220505.41516245,5593.678700361011,5.640307961122638,3634.0,54446,0.8871032986266771,저특화·결제건수 증가
경상북도,포항시 북구,274710.0,슈퍼마켓,358.0,4020.0,22096120000.0,1252662.0,2.875544141226762,4.262130437634324,-1.3299040510561355,True,13.031924575006371,61721005.586592175,3499.0558659217877,4.559943212842634,3634.0,63862,0.9774643236559183,저특화·결제건수 증가
경상북도,포항시 북구,274710.0,일반한식,591.0,8001.0,55958140000.0,1302855.0,1.514144140111647,3.0548658495894543,-1.4950499394433765,True,21.51359615594627,94683824.02707276,2204.492385786802,4.742655891667576,3634.0,98173,1.0496773408455364,고특화·결제건수 증가
경상북도,포항시 북구,274710.0,갈비전문점,339.0,,,,,,,True,12.340286119908265,,,,3634.0,61512,0.9609488120067744,판정불가
경상북도,포항시 북구,274710.0,한정식,1051.0,8003.0,298770000.0,3825.0,13.286114583945114,17.286304561485235,-3.4106198438907054,True,38.25852717411088,284272.1217887726,3.639391056137012,0.013923774161843398,3634.0,180762,1.0138086259758778,고특화·결제건수 증가
경상북도,포항시 북구,274710.0,일식회집,349.0,8004.0,4022010000.0,63761.0,-1.2965296145984335,1.4880080596563132,-2.7437110329507006,True,12.704306359433584,11524383.954154728,182.69627507163324,0.23210294492373776,3634.0,44227,1.3759363669139817,고특화·결제건수 증가
경상북도,포항시 북구,274710.0,중국음식,172.0,8005.0,3243270000.0,116395.0,-1.031899620587415,0.3387537312067061,-1.36602588812883,True,6.261148119835463,18856220.93023256,676.7151162790698,0.42370135779549345,3634.0,31984,0.9376830682815266,저특화·결제건수 증가
경상북도,포항시 북구,274710.0,서양음식,83.0,8006.0,13241180000.0,1101275.0,0.2696194227923933,2.6692346098252315,-2.3372290600510426,True,3.021367988060136,159532289.1566265,13268.373493975903,4.008863892832442,3634.0,23100,0.6265078491495661,저특화·결제건수 증가
경상북도,포항시 북구,274710.0,스넥,254.0,8021.0,3908690000.0,224629.0,3.072161581877782,2.272677186629407,0.7817184581855674,True,9.246114083943068,15388543.307086615,884.3661417322835,0.8176950238433257,3634.0,44410,0.9972713608137116,저특화·결제건수 증가
경상북도,포항시 북구,274710.0,제과점,160.0,8301.0,4054460000.0,298097.0,-0.2040469934701277,2.3108014879940177,-2.4580478746022765,True,5.8243238324050814,25340375.0,1863.10625,1.0851334134177861,3634.0,31168,0.8950997820040932,저특화·결제건수 증가
광주광역시,광산구,383206.0,대형할인점,0.0,4004.0,9879790000.0,227747.0,-3.405430397371165,-1.5205949012006976,-1.9139387512338384,False,0.0,,,0.5943200263043898,4259.0,0,,판정불가
광주광역시,광산구,383206.0,편의점,405.0,4010.0,23579710000.0,2735500.0,5.5152476120708265,5.902713123048696,-0.365869296028013,True,10.568728047055629,58221506.17283951,6754.320987654321,7.138458166103871,4259.0,54446,1.1066918996932253,고특화·결제건수 증가
광주광역시,광산구,383206.0,슈퍼마켓,510.0,4020.0,46045460000.0,2504981.0,1.3562657534163498,3.9460838744964337,-2.491501386629468,True,13.308768651847831,90285215.68627451,4911.727450980392,6.53690443260283,4259.0,63862,1.1881337906873906,고특화·결제건수 증가
광주광역시,광산구,383206.0,일반한식,662.0,8001.0,69174240000.0,1675054.0,2.019941942153967,3.46640298380946,-1.3980007035538211,True,17.275303622594638,104492809.66767372,2530.2930513595165,4.371158071637709,4259.0,98173,1.0032371684251935,고특화·결제건수 증가
광주광역시,광산구,383206.0,갈비전문점,439.0,,,,,,,True,11.455979290512152,,,,4259.0,61512,1.0617991152960273,판정불가
광주광역시,광산구,383206.0,한정식,1216.0,,,,,,,True,31.73227976597444,,,,4259.0,180762,1.000838777837306,판정불가
광주광역시,광산구,383206.0,일식회집,228.0,8004.0,2651780000.0,49619.0,2.391539245038769,3.002467102649502,-0.593119635670355,True,5.9498024561202065,11630614.03508772,217.62719298245614,0.12948388073255637,4259.0,44227,0.7669817892326538,저특화·결제건수 증가
광주광역시,광산구,383206.0,중국음식,192.0,8005.0,4559160000.0,156266.0,0.6925697481546544,3.472546627013843,-2.6866806408854904,True,5.010359963048595,23745625.0,813.8854166666666,0.4077858906175791,4259.0,31984,0.8931124402304463,저특화·결제건수 증가
광주광역시,광산구,383206.0,서양음식,93.0,8006.0,15081130000.0,1765680.0,3.03381229561408,5.843141780947273,-2.6542385628985077,True,2.4268931071016633,162162688.17204303,18985.8064516129,4.607652281018565,4259.0,23100,0.5989749438164559,저특화·결제건수 증가
광주광역시,광산구,383206.0,스넥,285.0,8021.0,6821210000.0,422977.0,5.475313172967405,4.319295871604399,1.108152898947652,True,7.437253070150259,23934070.175438598,1484.1298245614034,1.1037849094220864,4259.0,44410,0.9547766154129864,저특화·결제건수 증가
광주광역시,광산구,383206.0,제과점,229.0,8301.0,4940380000.0,376051.0,1.4756582375205547,3.749671053078226,-2.19182653060585,True,5.9758980809277515,21573711.790393014,1642.1441048034935,0.9813285804502018,4259.0,31168,1.0931109227325344,고특화·결제건수 증가
광주광역시,남구,205647.0,대형할인점,0.0,4004.0,2903430000.0,54907.0,-4.091154740404845,-0.7707412919979715,-3.3462040245384697,False,0.0,,,0.2669963578364868,1824.0,0,,판정불가
광주광역시,남구,205647.0,편의점,148.0,4010.0,8233840000.0,1035940.0,5.2156165998671264,6.148629903171742,-0.8789687668655378,True,7.196798397253547,55634054.05405405,6999.594594594595,5.037467115980296,1824.0,54446,0.9443135674104264,저특화·결제건수 증가
광주광역시,남구,205647.0,슈퍼마켓,231.0,4020.0,23686220000.0,1403013.0,1.1217675103116898,3.0624038065929535,-1.8829720873996831,True,11.23284074165925,102537748.91774891,6073.649350649351,6.822433587652628,1824.0,63862,1.256579462459349,고특화·결제건수 증가
광주광역시,남구,205647.0,일반한식,251.0,8001.0,26418890000.0,684450.0,2.838348774396165,3.7944581856862754,-0.921156512594958,True,12.205381065612434,105254541.83266932,2726.8924302788846,3.328276123648777,1824.0,98173,0.8881823771176589,저특화·결제건수 증가
광주광역시,남구,205647.0,갈비전문점,188.0,,,,,,,True,9.141879045159909,,,,1824.0,61512,1.0617407700223378,판정불가
광주광역시,남구,205647.0,한정식,514.0,,,,,,,True,24.994286325596775,,,,1824.0,180762,0.9878169501546767,판정불가
광주광역시,남구,205647.0,일식회집,113.0,8004.0,1734230000.0,33292.0,-1.4864409232082605,1.2712742834810944,-2.723097172619646,True,5.4948528303354784,15347168.14159292,294.6194690265487,0.16188906232524666,1824.0,44227,0.8875880673828282,저특화·결제건수 증가
광주광역시,남구,205647.0,중국음식,61.0,8005.0,2071440000.0,72839.0,1.8836995563007304,3.8032776797631738,-1.8492461571246084,True,2.9662479880572046,33958032.78688525,1194.0819672131147,0.3541943232821291,1824.0,31984,0.6625483108879001,저특화·결제건수 증가
광주광역시,남구,205647.0,서양음식,67.0,8006.0,7125240000.0,825395.0,1.0821709825944248,4.1977328909176705,-2.990047692865693,True,3.2580100852431593,106346865.6716418,12319.328358208955,4.013649603446683,1824.0,23100,1.0075887635756058,고특화·결제건수 증가
광주광역시,남구,205647.0,스넥,141.0,8021.0,2923510000.0,170044.0,5.539171863967889,4.599501070138897,0.898351124255229,True,6.856409283869932,20734113.475177307,1205.985815602837,0.8268732342314743,1824.0,44410,1.102957637563849,고특화·결제건수 증가
광주광역시,남구,205647.0,제과점,110.0,8301.0,2865230000.0,216796.0,-0.324313214728073,2.162717385707614,-2.43438180196996,True,5.348971781742501,26047545.454545453,1970.8727272727272,1.05421426035877,1824.0,31168,1.226038880408156,고특화·결제건수 증가
광주광역시,동구,105200.0,대형할인점,0.0,4004.0,3273210000.0,60854.0,2.105955586545737,4.5407829106984705,-2.329069341514891,False,0.0,,,0.5784600760456273,1835.0,0,,판정불가
광주광역시,동구,105200.0,편의점,134.0,4010.0,7543800000.0,1005847.0,5.619557776331774,7.139374044831424,-1.418541299171439,True,12.737642585551331,56297014.92537314,7506.320895522388,9.561283269961978,1835.0,54446,0.8498613480086411,저특화·결제건수 증가
광주광역시,동구,105200.0,슈퍼마켓,191.0,4020.0,12626090000.0,734727.0,2.8635866554146197,5.432150857150096,-2.4362247956182093,True,18.155893536121674,66105183.2460733,3846.738219895288,6.984096958174905,1835.0,63862,1.0327616675500144,고특화·결제건수 증가
광주광역시,동구,105200.0,일반한식,207.0,8001.0,27369530000.0,780232.0,2.26828859772434,3.5999260060941327,-1.2853652118356145,True,19.676806083650188,132219951.69082126,3769.236714975845,7.416653992395437,1835.0,98173,0.7280941493178463,저특화·결제건수 증가
광주광역시,동구,105200.0,갈비전문점,149.0,,,,,,,True,14.163498098859316,,,,1835.0,61512,0.8364417053556463,판정불가
광주광역시,동구,105200.0,한정식,616.0,,,,,,,True,58.55513307984791,,,,1835.0,180762,1.1767462760658958,판정불가
광주광역시,동구,105200.0,일식회집,123.0,8004.0,2283970000.0,56595.0,2.5274976683141843,4.908556855762771,-2.269652027262412,True,11.692015209125476,18568861.788617887,460.1219512195122,0.5379752851711027,1835.0,44227,0.9603441349061865,저특화·결제건수 증가
광주광역시,동구,105200.0,중국음식,73.0,8005.0,1961990000.0,67402.0,0.3323890082853009,2.757536551548078,-2.3600678107402837,True,6.93916349809886,26876575.342465755,923.3150684931506,0.6407034220532319,1835.0,31984,0.7881326903233633,저특화·결제건수 증가
광주광역시,동구,105200.0,서양음식,118.0,8006.0,9877540000.0,949232.0,1.338575945008063,4.693624787474473,-3.2046352863195473,True,11.216730038022813,83707966.10169491,8044.338983050848,9.023117870722434,1835.0,23100,1.7639216296872973,고특화·결제건수 증가
광주광역시,동구,105200.0,스넥,126.0,8021.0,2531680000.0,163208.0,4.676144536739271,3.8213990321289697,0.8232845180074904,True,11.97718631178707,20092698.412698414,1295.3015873015872,1.551406844106464,1835.0,44410,0.9797133595975573,저특화·결제건수 증가
광주광역시,동구,105200.0,제과점,98.0,8301.0,2972590000.0,203621.0,3.091093639505317,4.524403134737173,-1.3712678113877903,True,9.315589353612168,30332551.020408165,2077.765306122449,1.9355608365019012,1835.0,31168,1.085741401787063,고특화·결제건수 증가
광주광역시,북구,416783.0,대형할인점,0.0,4004.0,4051590000.0,150858.0,-9.429617405590418,-5.426830680856176,-4.232476032633029,False,0.0,,,0.3619581412869527,4164.0,0,,판정불가
광주광역시,북구,416783.0,편의점,383.0,4010.0,21261240000.0,2636228.0,6.291895223276919,7.267129807219395,-0.9091644250155582,True,9.189434309940665,55512375.979112275,6883.101827676241,6.325181209406334,4164.0,54446,1.0704525009807107,고특화·결제건수 증가
광주광역시,북구,416783.0,슈퍼마켓,536.0,4020.0,44501150000.0,2719610.0,2.7181143018376623,4.726304054944628,-1.917560035397941,True,12.860409373702863,83024533.58208956,5073.899253731343,6.525242152391052,4164.0,63862,1.2771940312822097,고특화·결제건수 증가
광주광역시,북구,416783.0,일반한식,626.0,8001.0,65344550000.0,1774997.0,3.2202856653792717,4.756398738708971,-1.466366820380256,True,15.019806470033567,104384265.17571884,2835.458466453674,4.258803741995235,4164.0,98173,0.9703242310010617,저특화·결제건수 증가
광주광역시,북구,416783.0,갈비전문점,474.0,,,,,,,True,11.372824707341708,,,,4164.0,61512,1.1726086669717546,판정불가
광주광역시,북구,416783.0,한정식,1163.0,,,,,,,True,27.90420914480677,,,,4164.0,180762,0.9790552101982704,판정불가
광주광역시,북구,416783.0,일식회집,211.0,8004.0,2482900000.0,52388.0,2.5034165476419097,2.3531774601365307,0.1467849765230092,True,5.062586525841985,11767298.578199051,248.28436018957345,0.12569610564730327,4164.0,44227,0.72598823026962,저특화·결제건수 증가
광주광역시,북구,416783.0,중국음식,160.0,8005.0,4326690000.0,169484.0,1.4935852903686606,3.3929067724622626,-1.8369939886431916,True,3.8389281712545857,27041812.5,1059.275,0.4066480638605701,4164.0,31984,0.7612403704253665,저특화·결제건수 증가
광주광역시,북구,416783.0,서양음식,84.0,8006.0,15447310000.0,2001293.0,3.9635913557707174,6.143334359396525,-2.053584444827513,True,2.0154372899086574,183896547.6190476,23824.916666666668,4.801762547896627,4164.0,23100,0.5533525456292027,저특화·결제건수 증가
광주광역시,북구,416783.0,스넥,326.0,8021.0,6799450000.0,433897.0,5.896576440519645,5.135603601231348,0.7238012749464334,True,7.821816148931219,20857208.588957056,1330.9723926380368,1.041062135451782,4164.0,44410,1.1170469650001806,고특화·결제건수 증가
광주광역시,북구,416783.0,제과점,201.0,8301.0,6222150000.0,470804.0,1.9832961111053728,4.151909184852106,-2.082163534705628,True,4.822653515138573,30955970.14925373,2342.3084577114428,1.12961421171209,4164.0,31168,0.9813450320730935,저특화·결제건수 증가
광주광역시,서구,274624.0,대형할인점,0.0,4004.0,11178010000.0,279485.0,-2.3597134623673086,0.6968897416279027,-3.035449468040131,False,0.0,,,1.0177005651363318,3199.0,0,,판정불가
광주광역시,서구,274624.0,편의점,290.0,4010.0,17086660000.0,2065194.0,4.205839598554535,4.837174373139294,-0.6022050654834564,True,10.559892798881378,58919517.24137931,7121.358620689655,7.520078361687252,3199.0,54446,1.0550258624262208,고특화·결제건수 증가
광주광역시,서구,274624.0,슈퍼마켓,303.0,4020.0,28047270000.0,1548868.0,0.7308556197670479,3.184023389692799,-2.3774686131989133,True,11.033267303658821,92565247.52475247,5111.775577557756,5.639958634350967,3199.0,63862,0.9397908229930259,저특화·결제건수 증가
광주광역시,서구,274624.0,일반한식,458.0,8001.0,60671760000.0,1368740.0,0.8545568250144183,2.14145308653138,-1.259915756658332,True,16.677347937543697,132471091.70305677,2988.515283842795,4.984050920531344,3199.0,98173,0.9240692153363107,저특화·결제건수 증가
광주광역시,서구,274624.0,갈비전문점,394.0,8002.0,15600000.0,374.0,11.313363615590797,8.610533021715824,2.4885529227027527,True,14.34688883710091,39593.90862944163,0.949238578680203,0.0013618620368212539,3199.0,61512,1.2687248921224936,고특화·결제건수 증가
광주광역시,서구,274624.0,한정식,913.0,,,,,,,True,33.24545560475414,,,,3199.0,180762,1.0004484748370934,판정불가
광주광역시,서구,274624.0,일식회집,221.0,8004.0,2684230000.0,47048.0,1.0758884851150228,2.504364458678028,-1.3935757575852712,True,8.0473665812165,12145837.104072398,212.8868778280543,0.1713178746213004,3199.0,44227,0.9897736303498814,저특화·결제건수 증가
광주광역시,서구,274624.0,중국음식,126.0,8005.0,3434450000.0,115525.0,0.8639819637550906,2.1074355759933225,-1.217789483423857,True,4.588091353996737,27257539.682539683,916.8650793650794,0.4206660743416453,3199.0,31984,0.780313023032304,저특화·결제건수 증가
광주광역시,서구,274624.0,서양음식,102.0,8006.0,15015480000.0,1555656.0,1.6949430320885683,4.068653684062018,-2.28090838878317,True,3.714169191330692,147210588.2352941,15251.529411764706,5.664676066185039,3199.0,23100,0.8746197472424417,저특화·결제건수 증가
광주광역시,서구,274624.0,스넥,227.0,8021.0,4841530000.0,292501.0,5.919899487802699,4.571430013157047,1.289519971636658,True,8.265847121883011,21328325.991189428,1288.5506607929515,1.065096277091587,3199.0,44410,1.0124560288521822,고특화·결제건수 증가
광주광역시,서구,274624.0,제과점,165.0,8301.0,4590270000.0,356528.0,-0.7536090595790012,1.908122376422136,-2.611893315205438,True,6.008214868329061,27819818.181818184,2160.775757575758,1.2982405033791657,3199.0,31168,1.0485909274137901,고특화·결제건수 증가
대구광역시,군위군,22622.0,대형할인점,0.0,,,,,,,False,0.0,,,,370.0,0,,판정불가
대구광역시,군위군,22622.0,편의점,18.0,4010.0,974130000.0,102903.0,8.519804577504049,8.324272438086739,0.1805063029886189,True,7.95685615772257,54118333.333333336,5716.833333333333,4.548802051100698,370.0,54446,0.5661742703655792,저특화·결제건수 증가
대구광역시,군위군,22622.0,슈퍼마켓,58.0,4020.0,867510000.0,42921.0,24.689052905072,23.51619989010937,0.9495539985897614,True,25.638758730439395,14957068.965517242,740.0172413793103,1.8973123508089471,370.0,63862,1.5553533929156365,고특화·결제건수 증가
대구광역시,군위군,22622.0,일반한식,46.0,8001.0,3424920000.0,149516.0,9.233240578735291,5.825067067235698,3.220572975714895,True,20.334187958624348,74454782.60869566,3250.3478260869565,6.609318362655822,370.0,98173,0.8024340924914403,저특화·결제건수 증가
대구광역시,군위군,22622.0,갈비전문점,24.0,,,,,,,True,10.609141543630093,,,,370.0,61512,0.6681823454355643,판정불가
대구광역시,군위군,22622.0,한정식,168.0,,,,,,,True,74.26399080541066,,,,370.0,180762,1.5916433046051,판정불가
대구광역시,군위군,22622.0,일식회집,7.0,,,,,,,True,3.0943329502254446,,,,370.0,44227,0.27105296446649013,판정불가
대구광역시,군위군,22622.0,중국음식,20.0,8005.0,205830000.0,8637.0,13.263538773686884,13.910692455350368,-0.5681237359847753,True,8.840951286358413,10291500.0,431.85,0.38179648130138805,370.0,31984,1.0708800346119007,고특화·결제건수 증가
대구광역시,군위군,22622.0,서양음식,3.0,8006.0,1373560000.0,139174.0,3.926569783553672,4.50115310216772,-0.5498344291495736,True,1.3261426929537616,457853333.3333333,46391.333333333336,6.152152771638228,370.0,23100,0.2224092664092664,저특화·결제건수 증가
대구광역시,군위군,22622.0,스넥,18.0,8021.0,94310000.0,4041.0,21.102004182755667,18.68423531175921,2.037144077851195,True,7.95685615772257,5239444.444444444,224.5,0.1786314207408717,370.0,44410,0.6941212412592733,저특화·결제건수 증가
대구광역시,군위군,22622.0,제과점,8.0,8301.0,153310000.0,7786.0,7.483747534518854,9.743760592510954,-2.05935448702527,True,3.5363805145433647,19163750.0,973.25,0.344178233577933,370.0,31168,0.4395665686220101,저특화·결제건수 증가
대구광역시,남구,141344.0,대형할인점,0.0,4004.0,1140420000.0,41817.0,-24.8019619425155,-19.061726353780976,-7.092115176344252,False,0.0,,,0.2958526714964908,1939.0,0,,판정불가
대구광역시,남구,141344.0,편의점,149.0,4010.0,7815520000.0,1060606.0,6.226208544029261,6.743962586276606,-0.4850429286141915,True,10.541657233416345,52453154.36241611,7118.161073825503,7.503721417251528,1939.0,54446,0.8943094242523174,저특화·결제건수 증가
대구광역시,남구,141344.0,슈퍼마켓,175.0,4020.0,11493120000.0,861839.0,7.626478924335424,8.568705547844084,-0.8678620775242283,True,12.381141045958795,65674971.428571425,4924.794285714286,6.097457267376047,1939.0,63862,0.8954947643763002,저특화·결제건수 증가
대구광역시,남구,141344.0,일반한식,298.0,8001.0,21851310000.0,699953.0,2.932186225810605,5.185137665209145,-2.1418914206011297,True,21.08331446683269,73326543.62416108,2348.8355704697988,4.952123896309712,1939.0,98173,0.9919544256127789,저특화·결제건수 증가
대구광역시,남구,141344.0,갈비전문점,180.0,,,,,,,True,12.73488793298619,,,,1939.0,61512,0.9562692153603358,판정불가
대구광역시,남구,141344.0,한정식,589.0,,,,,,,True,41.671383291827034,,,,1939.0,180762,1.0648187129245237,판정불가
대구광역시,남구,141344.0,일식회집,100.0,8004.0,781080000.0,19935.0,5.262914758433798,7.850256232673279,-2.3990128207555452,True,7.074937740547883,7810800.0,199.35,0.14103888385782204,1939.0,44227,0.7388904210756748,저특화·결제건수 증가
대구광역시,남구,141344.0,중국음식,97.0,8005.0,1476880000.0,71949.0,2.404490406492933,5.411119733418386,-2.852288576887438,True,6.862689608331447,15225567.010309279,741.7422680412371,0.5090346954946796,1939.0,31984,0.9910748953641338,저특화·결제건수 증가
대구광역시,남구,141344.0,서양음식,80.0,8006.0,6042550000.0,569615.0,3.07643684794426,7.475573137011161,-4.093149876445642,True,5.659950192438306,75531875.0,7120.1875,4.0299906610821825,1939.0,23100,1.13173702694074,고특화·결제건수 증가
대구광역시,남구,141344.0,스넥,164.0,8021.0,1994430000.0,129499.0,11.151180047314478,10.707858082551398,0.4004430872761807,True,11.602897894498529,12161158.536585366,789.6280487804878,0.9161973624632104,1939.0,44410,1.2067869153519197,고특화·결제건수 증가
대구광역시,남구,141344.0,제과점,107.0,8301.0,1935000000.0,174348.0,4.685957152142728,6.301555218478249,-1.519825427779533,True,7.570183382386235,18084112.14953271,1629.4205607476636,1.2335012451890424,1939.0,31168,1.1218695494936424,고특화·결제건수 증가
대구광역시,달서구,513399.0,대형할인점,0.0,4004.0,19109120000.0,570616.0,-6.734791905270461,-5.374158283180181,-1.4379091349719817,False,0.0,,,1.111447431724643,5483.0,0,,판정불가
대구광역시,달서구,513399.0,편의점,440.0,4010.0,28734250000.0,3745549.0,4.758705055657852,5.479975768006109,-0.6837987088038465,True,8.570332236720366,65305113.63636363,8512.611363636364,7.295590758844486,5483.0,54446,0.9339288225780321,저특화·결제건수 증가
대구광역시,달서구,513399.0,슈퍼마켓,491.0,4020.0,52772770000.0,3303584.0,2.532692428575051,4.5416841361989615,-1.921713548259396,True,9.563711655067502,107480183.299389,6728.2769857433805,6.434730102707641,5483.0,63862,0.8885176466790257,저특화·결제건수 증가
대구광역시,달서구,513399.0,일반한식,872.0,8001.0,86295330000.0,2295087.0,1.412197841016785,3.31347360816003,-1.8402979792880336,True,16.98484025095491,98962534.40366973,2631.980504587156,4.470376841404054,5483.0,98173,1.02648239063603,고특화·결제건수 증가
대구광역시,달서구,513399.0,갈비전문점,647.0,,,,,,,True,12.602283993541086,,,,5483.0,61512,1.2155463225258354,판정불가
대구광역시,달서구,513399.0,한정식,1522.0,8003.0,12600000.0,214.0,8.944194171141305,7.3243090719913635,1.5093366201531373,True,29.645558327928182,8278.580814717478,0.14060446780551905,0.0004168297951495815,5483.0,180762,0.9730487421676913,저특화·결제건수 증가
대구광역시,달서구,513399.0,일식회집,399.0,8004.0,5386850000.0,107518.0,2.2303509194306756,5.372674906580575,-2.982105170942799,True,7.7717330964805145,13500877.192982456,269.468671679198,0.20942385941538647,5483.0,44227,1.0425874558815023,고특화·결제건수 증가
대구광역시,달서구,513399.0,중국음식,267.0,8005.0,5854140000.0,242049.0,0.8349882013969417,1.518363399212022,-0.6731542697627592,True,5.200633425464405,21925617.97752809,906.5505617977528,0.47146371535589277,5483.0,31984,0.9647295150402121,저특화·결제건수 증가
대구광역시,달서구,513399.0,서양음식,158.0,8006.0,20152210000.0,2158036.0,2.3195106217768253,5.11321190473967,-2.657802223277725,True,3.077528394095041,127545632.9113924,13658.45569620253,4.203428522455244,5483.0,23100,0.7904459671886263,저특화·결제건수 증가
대구광역시,달서구,513399.0,스넥,399.0,8021.0,7274370000.0,504074.0,6.19171991134637,5.394004593122531,0.7568887066237553,True,7.7717330964805145,18231503.759398498,1263.34335839599,0.981836739066496,5483.0,44410,1.0382912724897817,고특화·결제건수 증가
대구광역시,달서구,513399.0,제과점,288.0,8301.0,7189280000.0,618308.0,1.398566631398212,3.614578671180954,-2.1387067999525846,True,5.609672009489695,24962777.777777776,2146.902777777778,1.2043420419595674,5483.0,31168,1.0678509381807721,고특화·결제건수 증가
대구광역시,달성군,252000.0,대형할인점,0.0,4004.0,2843680000.0,123255.0,-1.8485033372808943,0.0187421762513481,-1.8668956166653536,False,0.0,,,0.48910714285714285,2760.0,0,,판정불가
대구광역시,달성군,252000.0,편의점,216.0,4010.0,13107830000.0,1539648.0,5.569840467241097,6.101816990681357,-0.5013830474618375,True,8.571428571428571,60684398.14814815,7128.0,6.109714285714285,2760.0,54446,0.9108020871098449,저특화·결제건수 증가
대구광역시,달성군,252000.0,슈퍼마켓,270.0,4020.0,28198040000.0,1440288.0,1.064759970683994,2.7547747435279426,-1.6447068051700042,True,10.714285714285715,104437185.18518518,5334.4,5.715428571428571,2760.0,63862,0.9706384554739635,저특화·결제건수 증가
대구광역시,달성군,252000.0,일반한식,507.0,8001.0,37089630000.0,1165622.0,2.350148236213078,3.1381201192343195,-0.7639967473813607,True,20.11904761904762,73155088.75739644,2299.0571992110454,4.625484126984127,2760.0,98173,1.1856380860938032,고특화·결제건수 증가
대구광역시,달성군,252000.0,갈비전문점,313.0,8002.0,4410000.0,124.0,21.21951840751274,14.644461090540029,5.735172248557302,True,12.420634920634921,14089.456869009584,0.3961661341853035,0.0004920634920634921,2760.0,61512,1.16820950218739,고특화·결제건수 증가
대구광역시,달성군,252000.0,한정식,823.0,,,,,,,True,32.65873015873016,,,,2760.0,180762,1.0452710979237814,판정불가
대구광역시,달성군,252000.0,일식회집,122.0,8004.0,1754470000.0,35116.0,1.992673613249152,3.862466290509399,-1.8002583070099096,True,4.841269841269842,14380901.639344262,287.8360655737705,0.13934920634920636,2760.0,44227,0.63329869648123,저특화·결제건수 증가
대구광역시,달성군,252000.0,중국음식,136.0,8005.0,2788670000.0,111697.0,0.5721789223522254,1.6357165482688487,-1.0464211421301806,True,5.396825396825396,20504926.470588237,821.3014705882352,0.44324206349206347,2760.0,31984,0.976208031552008,저특화·결제건수 증가
대구광역시,달성군,252000.0,서양음식,52.0,8006.0,10506860000.0,906631.0,1.3726724169720117,3.7269022078444984,-2.269642436785728,True,2.0634920634920633,202055000.0,17435.21153846154,3.5977420634920634,2760.0,23100,0.5168060731538993,저특화·결제건수 증가
대구광역시,달성군,252000.0,스넥,198.0,8021.0,2915840000.0,198970.0,4.035620712534484,3.294265176793791,0.7177121929003571,True,7.857142857142858,14726464.646464646,1004.89898989899,0.7895634920634921,2760.0,44410,1.0235773376540733,고특화·결제건수 증가
대구광역시,달성군,252000.0,제과점,123.0,8301.0,2580620000.0,201194.0,1.4154260687958655,3.126665784129637,-1.6593571626913752,True,4.880952380952381,20980650.406504065,1635.7235772357724,0.7983888888888889,2760.0,31168,0.906008810597268,저특화·결제건수 증가
대구광역시,동구,338476.0,대형할인점,0.0,4004.0,6483950000.0,208675.0,-3.039695270417728,-1.0233030882194811,-2.0372393150232564,False,0.0,,,0.6165134307897754,3745.0,0,,판정불가
대구광역시,동구,338476.0,편의점,269.0,4010.0,19340680000.0,2540895.0,3.864182891269078,4.103425892938533,-0.2298128035819952,True,7.947387702525437,71898438.66171004,9445.706319702602,7.506869024687127,3745.0,54446,0.835949045089543,저특화·결제건수 증가
대구광역시,동구,338476.0,슈퍼마켓,281.0,4020.0,31532480000.0,2016890.0,4.042393254109836,5.032812713649768,-0.9429619506050192,True,8.301918008957799,112215231.31672598,7177.5444839857655,5.9587385811697136,3745.0,63862,0.744487326833197,저특화·결제건수 증가
대구광역시,동구,338476.0,일반한식,654.0,8001.0,56818250000.0,1584656.0,1.8663399749244856,2.998998147424901,-1.0996788249136409,True,19.321901700563703,86878058.10397553,2423.021406727829,4.681738143915669,3745.0,98173,1.1271434475014728,고특화·결제건수 증가
대구광역시,동구,338476.0,갈비전문점,433.0,8002.0,10680000.0,197.0,10.981436701819844,-3.3174122760743487,14.789476900146822,True,12.792635223767713,24665.127020785218,0.45496535796766746,0.0005820205863931268,3745.0,61512,1.1910268531623471,고특화·결제건수 감소
대구광역시,동구,338476.0,한정식,1152.0,,,,,,,True,34.03490941750671,,,,3745.0,180762,1.0782981151930793,판정불가
대구광역시,동구,338476.0,일식회집,210.0,8004.0,2718780000.0,58776.0,3.248644890185378,4.222169584266979,-0.9340859991352376,True,6.204280362566327,12946571.42857143,279.8857142857143,0.1736489440905707,3745.0,44227,0.8033879587658318,저특화·결제건수 증가
대구광역시,동구,338476.0,중국음식,186.0,8005.0,3035940000.0,127337.0,0.6046747498992449,2.6357726551798493,-1.97893760892154,True,5.4952197497016035,16322258.064516129,684.6075268817204,0.3762068802514802,3745.0,31984,0.9839514550332576,저특화·결제건수 증가
대구광역시,동구,338476.0,서양음식,92.0,8006.0,12746300000.0,1281949.0,1.8011285646069692,4.290153658408793,-2.3866347938793764,True,2.7180656826481053,138546739.13043478,13934.228260869566,3.787414765005495,3745.0,23100,0.673859495199949,저특화·결제건수 증가
대구광역시,동구,338476.0,스넥,287.0,8021.0,4186440000.0,275769.0,5.170410932367256,5.569405511299806,-0.3779452740120471,True,8.47918316217398,14586898.954703832,960.8675958188153,0.8147372339545492,3745.0,44410,1.093439172367931,고특화·결제건수 증가
대구광역시,동구,338476.0,제과점,181.0,8301.0,3725120000.0,329089.0,1.5466755067367404,2.8882363935627637,-1.303901139576725,True,5.34749878868812,20580773.480662983,1818.171270718232,0.9722668667793285,3745.0,31168,0.9825691956146867,저특화·결제건수 증가
대구광역시,북구,406915.0,대형할인점,0.0,4004.0,17712410000.0,418482.0,-3.106642552773524,-2.9014381466285935,-0.2113361951279576,False,0.0,,,1.028426084071612,4540.0,0,,판정불가
대구광역시,북구,406915.0,편의점,352.0,4010.0,22245700000.0,2980479.0,5.2820048089279386,6.460529528867292,-1.107006254012471,True,8.650455254782939,63198011.36363637,8467.269886363636,7.324573928215966,4540.0,54446,0.9023315831181232,저특화·결제건수 증가
대구광역시,북구,406915.0,슈퍼마켓,401.0,4020.0,39007580000.0,2369286.0,2.2547925853002613,4.194062933944743,-1.8612100287075484,True,9.854637946499883,97275760.59850374,5908.443890274314,5.822557536586265,4540.0,63862,0.8763777263667514,저특화·결제건수 증가
대구광역시,북구,406915.0,일반한식,745.0,8001.0,62256560000.0,1740038.0,2.2555568218949644,3.9037972749226553,-1.5863139714389098,True,18.3084919454923,83565852.34899329,2335.621476510067,4.27617069904034,4540.0,98173,1.0591407661140848,고특화·결제건수 증가
대구광역시,북구,406915.0,갈비전문점,490.0,,,,,,,True,12.041826917169432,,,,4540.0,61512,1.1117975332917385,판정불가
대구광역시,북구,406915.0,한정식,1320.0,,,,,,,True,32.43920720543603,,,,4540.0,180762,1.0191926132383191,판정불가
대구광역시,북구,406915.0,일식회집,260.0,8004.0,3295610000.0,68250.0,2.071281204083975,3.622903934227947,-1.4973742977989024,True,6.389540813191944,12675423.076923076,262.5,0.16772544634628853,4540.0,44227,0.8204938697821381,저특화·결제건수 증가
대구광역시,북구,406915.0,중국음식,239.0,8005.0,4197760000.0,183693.0,-0.0510105407774374,2.370684372933872,-2.3656136798783858,True,5.873462516741825,17563849.372384936,768.5899581589958,0.451428430999103,4540.0,31984,1.0429286504485724,고특화·결제건수 증가
대구광역시,북구,406915.0,서양음식,132.0,8006.0,15586560000.0,1739837.0,2.497573779792615,5.344994424180747,-2.7029482131089315,True,3.2439207205436027,118080000.0,13180.583333333334,4.275676738385166,4540.0,23100,0.7975380742605411,저특화·결제건수 증가
대구광역시,북구,406915.0,스넥,365.0,8021.0,5428000000.0,360052.0,6.399348889342564,4.9882033189055415,1.3440991709807462,True,8.969932295442538,14871232.87671233,986.4438356164384,0.88483344187361,4540.0,44410,1.1471007541858156,고특화·결제건수 증가
대구광역시,북구,406915.0,제과점,236.0,8301.0,5344360000.0,444580.0,0.9318981025334856,4.1373340114806645,-3.078085241354204,True,5.79973704582038,22645593.22033898,1883.8135593220338,1.0925623287418749,4540.0,31168,1.0567993604645904,고특화·결제건수 증가
대구광역시,서구,163508.0,대형할인점,0.0,4004.0,7036060000.0,100780.0,-3.191932132256494,-0.8480601371152554,-2.3639194537015205,False,0.0,,,0.6163612789588278,2046.0,0,,판정불가
대구광역시,서구,163508.0,편의점,141.0,4010.0,8833320000.0,1123688.0,5.762425697667487,6.373886529581909,-0.5748223101205773,True,8.62343126941801,62647659.57446808,7969.418439716312,6.872373217212614,2046.0,54446,0.8020340959316896,저특화·결제건수 증가
대구광역시,서구,163508.0,슈퍼마켓,249.0,4020.0,28302130000.0,1604377.0,5.068145376625051,6.747020764910733,-1.5727608848055032,True,15.228612667270104,113663172.69076306,6443.281124497992,9.812223255131247,2046.0,63862,1.20752610720091,고특화·결제건수 증가
대구광역시,서구,163508.0,일반한식,326.0,8001.0,26935200000.0,737069.0,3.0455890237741023,4.71575766105011,-1.5949544505824385,True,19.937862367590576,82623312.88343558,2260.947852760736,4.5078467108643006,2046.0,98173,1.0284074996421173,고특화·결제건수 증가
대구광역시,서구,163508.0,갈비전문점,241.0,8002.0,6600000.0,296.0,28.848956217389084,43.65217897917761,-10.304906522813178,True,14.73933997113291,27385.89211618257,1.2282157676348548,0.0018103089757076107,2046.0,61512,1.2133801674504985,고특화·결제건수 증가
대구광역시,서구,163508.0,한정식,675.0,,,,,,,True,41.28238373657558,,,,2046.0,180762,1.15647522263279,판정불가
대구광역시,서구,163508.0,일식회집,94.0,8004.0,687190000.0,12450.0,6.725440453806223,8.209178729567007,-1.371175988193111,True,5.7489541796120065,7310531.914893617,132.4468085106383,0.07614306333635051,2046.0,44227,0.6582336338601121,저특화·결제건수 증가
대구광역시,서구,163508.0,중국음식,98.0,8005.0,1505750000.0,65786.0,1.673999815143417,4.3235209558007,-2.539715987710797,True,5.9935905276806025,15364795.918367347,671.2857142857143,0.4023411698510165,2046.0,31984,0.9489274206995971,저특화·결제건수 증가
대구광역시,서구,163508.0,서양음식,19.0,8006.0,4109030000.0,466724.0,4.2707105148349,6.46863902552577,-2.064390538667365,True,1.162022653325831,216264736.84210527,24564.42105263158,2.8544413728991853,2046.0,23100,0.2547307173113625,저특화·결제건수 증가
대구광역시,서구,163508.0,스넥,134.0,8021.0,1923730000.0,119846.0,8.753329709373803,6.884402305899067,1.748550174913225,True,8.195317660297967,14356194.029850746,894.3731343283582,0.732967194265724,2046.0,44410,0.9344664695784394,저특화·결제건수 증가
대구광역시,서구,163508.0,제과점,69.0,8301.0,1494120000.0,125326.0,4.020134867065615,5.54929988544945,-1.4487685091643343,True,4.219977004183281,21653913.04347826,1816.3188405797102,0.7664823739511216,2046.0,31168,0.6856142776710604,저특화·결제건수 증가
대구광역시,수성구,408147.0,대형할인점,0.0,4004.0,14626940000.0,443555.0,-3.08473495337294,-0.6961965979036271,-2.4052838598716644,False,0.0,,,1.0867530571093258,4027.0,0,,판정불가
대구광역시,수성구,408147.0,편의점,291.0,4010.0,17571200000.0,2362295.0,4.843826539688894,5.166368368775565,-0.306696745442071,True,7.1297841218972575,60382130.58419244,8117.852233676976,5.787853395957829,4027.0,54446,0.8409897592674712,저특화·결제건수 증가
대구광역시,수성구,408147.0,슈퍼마켓,309.0,4020.0,28850120000.0,1827228.0,1.702384301597129,3.7942799345545777,-2.0154247751190693,True,7.570801696447603,93366084.14239483,5913.359223300971,4.476887003947107,4027.0,63862,0.7613417766800163,저특화·결제건수 증가
대구광역시,수성구,408147.0,일반한식,553.0,8001.0,70203250000.0,1652191.0,0.1566005421482413,1.8077250408003176,-1.6218066929502295,True,13.54903992924118,126949819.1681736,2987.6871609403256,4.0480292639661695,4027.0,98173,0.8863326873207672,저특화·결제건수 증가
대구광역시,수성구,408147.0,갈비전문점,418.0,,,,,,,True,10.241408120113588,,,,4027.0,61512,1.069252147432584,판정불가
대구광역시,수성구,408147.0,한정식,1060.0,,,,,,,True,25.971034945742588,,,,4027.0,180762,0.9227040454109171,판정불가
대구광역시,수성구,408147.0,일식회집,343.0,8004.0,5906370000.0,100990.0,2.724697249823238,4.3899306672050455,-1.5952050228776935,True,8.403834892820479,17219737.609329447,294.4314868804665,0.24743536029910793,4027.0,44227,1.220310465800215,고특화·결제건수 증가
대구광역시,수성구,408147.0,중국음식,190.0,8005.0,5474080000.0,170235.0,-2.394823040666333,-0.7691866132846088,-1.638237531165222,True,4.655185509142539,28810947.36842105,895.9736842105264,0.41709237113098957,4027.0,31984,0.9347264270327367,저특화·결제건수 감소
대구광역시,수성구,408147.0,서양음식,201.0,8006.0,22513970000.0,1924734.0,0.2576322451873153,3.0785570593995963,-2.736674721384281,True,4.924696249145529,112009800.99502487,9575.791044776119,4.71578622408103,4027.0,23100,1.3691397353577635,고특화·결제건수 증가
대구광역시,수성구,408147.0,스넥,355.0,8021.0,6214770000.0,436118.0,11.731325887394966,11.033295224986793,0.6286678793003265,True,8.697846609187376,17506394.366197184,1228.5014084507043,1.0685316809874874,4027.0,44410,1.257799092782131,고특화·결제건수 증가
대구광역시,수성구,408147.0,제과점,307.0,8301.0,6285530000.0,509634.0,-0.4715773269885097,1.459429186531777,-1.9032302162573256,True,7.521799743719787,20474039.087947883,1660.0456026058632,1.2486530588243943,4027.0,31168,1.5498623829703913,고특화·결제건수 증가
대구광역시,중구,101754.0,대형할인점,0.0,4004.0,10965370000.0,423761.0,-3.0156132791735755,-0.0246080964971834,-2.9917413932854124,False,0.0,,,4.164563555241072,2743.0,0,,판정불가
대구광역시,중구,101754.0,편의점,161.0,4010.0,10538360000.0,1353490.0,4.127010053391468,3.851453640756051,0.265337078081381,True,15.822473809383416,65455652.17391305,8406.770186335403,13.301590109479726,2743.0,54446,0.683092341833304,저특화·결제건수 증가
대구광역시,중구,101754.0,슈퍼마켓,187.0,4020.0,4043960000.0,336041.0,4.694816324489636,4.833909716661291,-0.1326797717910467,True,18.377655915246574,21625454.545454547,1797.0106951871658,3.302484423216778,2743.0,63862,0.676423380239562,저특화·결제건수 증가
대구광역시,중구,101754.0,일반한식,295.0,8001.0,38814040000.0,1184160.0,-0.1756032329728422,1.2911417199593287,-1.4480485934172411,True,28.99148927806278,131573016.94915254,4014.101694915254,11.637478624918922,2743.0,98173,0.6941438380338941,저특화·결제건수 증가
대구광역시,중구,101754.0,갈비전문점,221.0,,,,,,,True,21.719047899836863,,,,2743.0,61512,0.8299500301717416,판정불가
대구광역시,중구,101754.0,한정식,843.0,8003.0,30940000.0,1014.0,6.2382352529507585,9.645405942506413,-3.1074450044374644,True,82.84686597087092,36702.25385527877,1.2028469750889679,0.009965210212866324,2743.0,180762,1.0773081765259116,고특화·결제건수 증가
대구광역시,중구,101754.0,일식회집,276.0,8004.0,6360540000.0,158491.0,-1.0700584145811272,0.3004219533158328,-1.3663754760023252,True,27.124240816085855,23045434.782608695,574.2427536231884,1.557589873616762,2743.0,44227,1.4415878720544748,고특화·결제건수 증가
대구광역시,중구,101754.0,중국음식,116.0,8005.0,3990640000.0,134736.0,-1.0632376067332483,1.277747644445865,-2.3114507437483827,True,11.40004324154333,34402068.96551724,1161.5172413793102,1.324134677752226,2743.0,31984,0.837808441223893,저특화·결제건수 증가
대구광역시,중구,101754.0,서양음식,251.0,8006.0,19213030000.0,1579308.0,0.2184693346264685,2.734657920794245,-2.4492110423997926,True,24.667334945063587,76545936.25498007,6292.06374501992,15.520844389409753,2743.0,23100,2.510043574119403,고특화·결제건수 증가
대구광역시,중구,101754.0,스넥,203.0,8021.0,4304210000.0,321442.0,1.3010385757257954,1.5883826630580893,-0.2828513259093506,True,19.95007567270083,21203004.926108375,1583.4581280788177,3.159010947972561,2743.0,44410,1.0559291617244706,고특화·결제건수 증가
대구광역시,중구,101754.0,제과점,190.0,8301.0,3029440000.0,255775.0,1.596426232536859,3.28911052847283,-1.638782914554578,True,18.672484619769246,15944421.05263158,1346.1842105263158,2.5136603966428837,2743.0,31168,1.4081994975449923,고특화·결제건수 증가
대전광역시,대덕구,164047.0,대형할인점,0.0,4004.0,491540000.0,29154.0,-4.184801110724739,-3.4431957715479444,-0.7680508329813365,False,0.0,,,0.1777173614878663,2165.0,0,,판정불가
대전광역시,대덕구,164047.0,편의점,167.0,4010.0,6013820000.0,765581.0,3.756699420849298,4.990836928174698,-1.175471634891099,True,10.180009387553566,36010898.203592815,4584.317365269461,4.6668393813967946,2165.0,54446,0.8977138354090104,저특화·결제건수 증가
대전광역시,대덕구,164047.0,슈퍼마켓,239.0,4020.0,8153340000.0,489830.0,1.8113974624836295,3.1394215293309555,-1.2876008485947608,True,14.568995470810194,34114393.30543933,2049.4979079497907,2.985912573835547,2165.0,63862,1.0953245244527334,고특화·결제건수 증가
대전광역시,대덕구,164047.0,일반한식,363.0,8001.0,14153490000.0,392671.0,2.687578641570843,3.2883000780355305,-0.5815967888045542,True,22.127804836418832,38990330.5785124,1081.7382920110192,2.393649380970088,2165.0,98173,1.0821861930166214,고특화·결제건수 증가
대전광역시,대덕구,164047.0,갈비전문점,234.0,8002.0,17640000.0,208.0,-6.525278996126651,-8.05328494260272,1.6618385393347166,True,14.264204770584039,75384.61538461539,0.8888888888888888,0.0012679293129408036,2165.0,61512,1.1133800513435559,고특화·결제건수 감소
대전광역시,대덕구,164047.0,한정식,683.0,,,,,,,True,41.634409650892735,,,,2165.0,180762,1.105862145350145,판정불가
대전광역시,대덕구,164047.0,일식회집,103.0,8004.0,753420000.0,14537.0,-0.4179396803790202,1.8727641113626663,-2.248592949964142,True,6.278688424658787,7314757.281553398,141.1359223300971,0.08861484818375222,2165.0,44227,0.681611908664991,저특화·결제건수 증가
대전광역시,대덕구,164047.0,중국음식,98.0,8005.0,964060000.0,40992.0,1.2572949526758517,1.8565241744124523,-0.5883071571444213,True,5.973897724432632,9837346.93877551,418.2857142857143,0.24987960767341066,2165.0,31984,0.8967692853355085,저특화·결제건수 증가
대전광역시,대덕구,164047.0,서양음식,32.0,8006.0,2742450000.0,292192.0,3.5220933901637546,5.743120016277238,-2.100398234676237,True,1.9506604814473902,85701562.5,9131.0,1.7811480856096118,2165.0,23100,0.40543890905091823,저특화·결제건수 증가
대전광역시,대덕구,164047.0,스넥,165.0,8021.0,1352510000.0,83083.0,3.75439860716769,3.665743618739425,0.0855200429124124,True,10.058093107463105,8197030.303030303,503.53333333333336,0.5064585149377923,2165.0,44410,1.0874031762606782,고특화·결제건수 증가
대전광역시,대덕구,164047.0,제과점,81.0,8301.0,1035370000.0,87805.0,3.1108785376261916,4.233985038066625,-1.0774859082959285,True,4.9376093436637065,12782345.679012345,1084.0123456790122,0.5352429486671503,2165.0,31168,0.7606125901617576,저특화·결제건수 증가
대전광역시,동구,218251.0,대형할인점,0.0,4004.0,4822470000.0,122830.0,-5.328844113326364,-2.2133119959775716,-3.1860493293531245,False,0.0,,,0.5627923812491122,2706.0,0,,판정불가
대전광역시,동구,218251.0,편의점,232.0,4010.0,9768970000.0,1290200.0,4.234967621906604,5.337859667048577,-1.047004418570898,True,10.629962749311574,42107629.31034483,5561.206896551724,5.9115422151559445,2706.0,54446,0.9977909043315537,저특화·결제건수 증가
대전광역시,동구,218251.0,슈퍼마켓,330.0,4020.0,10265280000.0,650802.0,1.2309739891703102,3.214195875491419,-1.921462323567834,True,15.120205634796633,31106909.09090909,1972.1272727272728,2.9818969901627024,2706.0,63862,1.2100099986938297,고특화·결제건수 증가
대전광역시,동구,218251.0,일반한식,409.0,8001.0,18669780000.0,580178.0,3.540101805680846,4.6670020468044,-1.0766528314431958,True,18.73989122615704,45647383.86308069,1418.5281173594133,2.658306262056073,2706.0,98173,0.9755483082419876,저특화·결제건수 증가
대전광역시,동구,218251.0,갈비전문점,276.0,8002.0,21080000.0,343.0,11.896379117623889,12.743446589058763,-0.7513230232550225,True,12.645990167284456,76376.8115942029,1.2427536231884058,0.0015715850099197713,2706.0,61512,1.0506710568471271,고특화·결제건수 증가
대전광역시,동구,218251.0,한정식,776.0,,,,,,,True,35.55539264424905,,,,2706.0,180762,1.0052454545855247,판정불가
대전광역시,동구,218251.0,일식회집,106.0,8004.0,690750000.0,16578.0,1.888408259004988,4.567042492828012,-2.56164291345117,True,4.856793325116494,6516509.433962264,156.39622641509433,0.07595841485262382,2706.0,44227,0.5612235912984765,저특화·결제건수 증가
대전광역시,동구,218251.0,중국음식,152.0,8005.0,1665980000.0,62637.0,0.2562219620485893,2.7670370490314227,-2.443210545989497,True,6.964458352997236,10960394.736842105,412.0855263157895,0.28699524858992626,2706.0,31984,1.1128287721096322,고특화·결제건수 증가
대전광역시,동구,218251.0,서양음식,84.0,8006.0,4868870000.0,493608.0,4.983620934086403,7.124725070036342,-1.998702105933163,True,3.848779616130052,57962738.0952381,5876.285714285715,2.261652867569908,2706.0,23100,0.85150036954915,저특화·결제건수 증가
대전광역시,동구,218251.0,스넥,228.0,8021.0,2140170000.0,127554.0,5.8073173748814275,4.177032822709652,1.5649174371728043,True,10.446687529495856,9386710.52631579,559.4473684210526,0.5844371847093484,2706.0,44410,1.2021858403677486,고특화·결제건수 증가
대전광역시,동구,218251.0,제과점,113.0,8301.0,1453140000.0,120291.0,3.5751783034944253,3.8770607200470617,-0.2906150929378368,True,5.177524959793998,12859646.017699115,1064.5221238938052,0.5511589866713097,2706.0,31168,0.8489596375686549,저특화·결제건수 증가
대전광역시,서구,464359.0,대형할인점,0.0,4004.0,10611870000.0,281486.0,-2.056769857851716,-0.5298253596990051,-1.5350777292534168,False,0.0,,,0.6061818549871975,5565.0,0,,판정불가
대전광역시,서구,464359.0,편의점,471.0,4010.0,15976070000.0,2034721.0,2.880439235461032,3.971058239326512,-1.0489640312740025,True,10.143014348812018,33919469.214437366,4320.002123142251,4.381784352193023,5565.0,54446,0.9849974053769539,저특화·결제건수 증가
대전광역시,서구,464359.0,슈퍼마켓,452.0,4020.0,11642170000.0,775271.0,0.8854862316797565,2.592235748636853,-1.6636244492603125,True,9.733848164889665,25757013.274336282,1715.2013274336284,1.669550929345614,5565.0,63862,0.80589057666825,저특화·결제건수 증가
대전광역시,서구,464359.0,일반한식,896.0,8001.0,37946700000.0,991199.0,1.6850369660957951,2.4446065039100215,-0.741444145998272,True,19.29541583128571,42351227.678571425,1106.2488839285713,2.13455322282975,5565.0,98173,1.039192743242948,고특화·결제건수 증가
대전광역시,서구,464359.0,갈비전문점,598.0,,,,,,,True,12.877967262398274,,,,5565.0,61512,1.1069334063422653,판정불가
대전광역시,서구,464359.0,한정식,1507.0,,,,,,,True,32.45333890373612,,,,5565.0,180762,0.949262386316217,판정불가
대전광역시,서구,464359.0,일식회집,399.0,8004.0,3223790000.0,65377.0,-0.9902143853119753,1.0985171978790846,-2.066035824346283,True,8.592489862369417,8079674.185463659,163.85213032581453,0.1407897768752194,5565.0,44227,1.0272249812395824,고특화·결제건수 증가
대전광역시,서구,464359.0,중국음식,245.0,8005.0,3040930000.0,110249.0,-1.1718861202919997,0.3662508012323057,-1.5325240399488995,True,5.276090266367186,12411959.18367347,449.9959183673469,0.23742190848029218,5565.0,31984,0.8721947451713278,저특화·결제건수 증가
대전광역시,서구,464359.0,서양음식,231.0,8006.0,11283160000.0,1118597.0,2.741877736340766,5.901582382611461,-2.983623639215337,True,4.974599394003347,48844848.484848484,4842.411255411255,2.4089056096683814,5565.0,23100,1.1386235399820304,고특화·결제건수 증가
대전광역시,서구,464359.0,스넥,444.0,8021.0,3463360000.0,214634.0,3.81434498518936,3.3898016478778175,0.4106239982521621,True,9.561567666396042,7800360.360360361,483.4099099099099,0.4622156564210019,5565.0,44410,1.1383671509840612,고특화·결제건수 증가
대전광역시,서구,464359.0,제과점,322.0,8301.0,3519400000.0,277048.0,0.1249702980483245,2.6430224025314404,-2.453213131827093,True,6.934290064368301,10929813.664596273,860.3975155279503,0.5966245943332638,5565.0,31168,1.1763243707463227,고특화·결제건수 증가
대전광역시,유성구,371104.0,대형할인점,0.0,4004.0,10746190000.0,301281.0,-3.8135824734473007,-2.433061804603166,-1.4149472089401214,False,0.0,,,0.811850586358541,4608.0,0,,판정불가
대전광역시,유성구,371104.0,편의점,380.0,4010.0,12884990000.0,1681257.0,3.9499629474285953,5.44300335118963,-1.4159691551921412,True,10.239717168233165,33907868.421052635,4424.36052631579,4.530420043976891,4608.0,54446,0.9597331020134119,저특화·결제건수 증가
대전광역시,유성구,371104.0,슈퍼마켓,349.0,4020.0,8622240000.0,469571.0,-0.4632109802188233,1.6198031915199338,-2.0498112634729133,True,9.404371820298353,24705558.739255015,1345.4756446991405,1.2653353237906355,4608.0,63862,0.7514771298311638,저특화·결제건수 증가
대전광역시,유성구,371104.0,일반한식,695.0,8001.0,35339610000.0,955371.0,2.445863614263559,3.881034328925173,-1.3815521995259883,True,18.727903768215917,50848359.71223021,1374.6345323741007,2.5744023238768645,4608.0,98173,0.9734767836851499,저특화·결제건수 증가
대전광역시,유성구,371104.0,갈비전문점,481.0,8002.0,125980000.0,3332.0,43.823689911977745,44.86489237994087,-0.7187403730866394,True,12.961326205053032,261912.6819126819,6.927234927234927,0.00897861515909287,4608.0,61512,1.0752713760232873,고특화·결제건수 증가
대전광역시,유성구,371104.0,한정식,1260.0,,,,,,,True,33.952746399931016,,,,4608.0,180762,0.9585091515362743,판정불가
대전광역시,유성구,371104.0,일식회집,395.0,8004.0,2782490000.0,74007.0,2.1925239684744935,4.6294506862756775,-2.3291020853279445,True,10.643916530137105,7044278.481012658,187.35949367088608,0.19942388117616625,4608.0,44227,1.2281247134417637,고특화·결제건수 증가
대전광역시,유성구,371104.0,중국음식,229.0,8005.0,2942200000.0,104312.0,0.177804771832135,1.9587563644112775,-1.7467372652269213,True,6.170776925066828,12848034.934497816,455.51091703056767,0.28108562559282574,4608.0,31984,0.9845449797381329,저특화·결제건수 증가
대전광역시,유성구,371104.0,서양음식,235.0,8006.0,12865910000.0,1150610.0,3.8260953208021737,5.495382541343352,-1.58233202281341,True,6.332456669828404,54748553.19148936,4896.212765957447,3.100505518668621,4608.0,23100,1.3989066633597882,고특화·결제건수 증가
대전광역시,유성구,371104.0,스넥,340.0,8021.0,3205620000.0,212340.0,4.544655944959489,4.400573338948475,0.1380094011009854,True,9.16185220315599,9428294.11764706,624.5294117647059,0.5721846167112185,4608.0,44410,1.052763938927669,고특화·결제건수 증가
대전광역시,유성구,371104.0,제과점,244.0,8301.0,2976750000.0,243257.0,1.4288986420615797,3.4806210572225793,-1.982711733075544,True,6.574976286970768,12199795.081967212,996.9549180327868,0.655495494524446,4608.0,31168,1.0764992896917065,고특화·결제건수 증가
대전광역시,중구,224273.0,대형할인점,0.0,4004.0,2226130000.0,70083.0,-6.92613435974078,-6.896713726560404,-0.0315999943267368,False,0.0,,,0.3124896889059316,3028.0,0,,판정불가
대전광역시,중구,224273.0,편의점,215.0,4010.0,8075970000.0,1028894.0,3.817012677364093,4.917148329351808,-1.0485756327785696,True,9.586530701421928,37562651.1627907,4785.553488372093,4.587685543957587,3028.0,54446,0.8263460151104841,저특화·결제건수 증가
대전광역시,중구,224273.0,슈퍼마켓,318.0,4020.0,8431380000.0,550709.0,1.9817621629869016,3.6206785962501424,-1.581649971285317,True,14.179147735126387,26513773.58490566,1731.7893081761006,2.455529644674125,3028.0,63862,1.0420152155198252,고특화·결제건수 증가
대전광역시,중구,224273.0,일반한식,490.0,8001.0,23464610000.0,644925.0,2.1395925670482803,3.215260596703171,-1.0421598738755251,True,21.84837229626393,47886959.18367347,1316.1734693877552,2.875624796564901,3028.0,98173,1.0444639952379107,고특화·결제건수 증가
대전광역시,중구,224273.0,갈비전문점,331.0,8002.0,18510000.0,189.0,7.727406861209153,5.482314792297706,2.128406144036757,True,14.758798428700734,55921.450151057405,0.5709969788519638,0.0008427229314273229,3028.0,61512,1.1260498107316927,고특화·결제건수 증가
대전광역시,중구,224273.0,한정식,885.0,,,,,,,True,39.46083567794608,,,,3028.0,180762,1.024532144612466,판정불가
대전광역시,중구,224273.0,일식회집,191.0,8004.0,1035760000.0,25510.0,0.6656672756334049,2.0444550789013123,-1.3511638650055329,True,8.516406344053898,5422827.2251308905,133.56020942408378,0.11374530148524344,3028.0,44227,0.9037230137217803,저특화·결제건수 증가
대전광역시,중구,224273.0,중국음식,142.0,8005.0,1919850000.0,73839.0,2.456872916553087,2.268389344484577,0.1843028655057971,True,6.331569114427506,13520070.42253521,519.9929577464789,0.32923713509874125,3028.0,31984,0.9290626984562296,저특화·결제건수 증가
대전광역시,중구,224273.0,서양음식,103.0,8006.0,5648710000.0,556296.0,1.90159946763026,4.236760812630454,-2.240247420195376,True,4.5926170337044585,54841844.66019417,5400.9320388349515,2.4804412479433546,3028.0,23100,0.9330710196892495,저특화·결제건수 증가
대전광역시,중구,224273.0,스넥,232.0,8021.0,2650930000.0,149129.0,7.518263636978603,7.9027218666703964,-0.3563007707690613,True,10.344535454557615,11426422.413793104,642.7974137931035,0.66494406370807,3028.0,44410,1.093192561090856,고특화·결제건수 증가
대전광역시,중구,224273.0,제과점,121.0,8301.0,13703020000.0,523638.0,-3.665025099265824,0.0265746964889608,-3.6906190249503847,True,5.39521030173048,113248099.17355372,4327.586776859504,2.3348240760145003,3028.0,31168,0.812392473464638,저특화·결제건수 증가
부산광역시,강서구,153555.0,대형할인점,0.0,4004.0,9950450000.0,321081.0,-1.378574398814107,0.8400081710405759,-2.2001015371712547,False,0.0,,,2.0909836866269416,2100.0,0,,판정불가
부산광역시,강서구,153555.0,편의점,187.0,4010.0,12147950000.0,1483194.0,4.539708955746932,4.8226891807166545,-0.269960852160391,True,12.178046953860182,64962299.46524064,7931.5187165775405,9.659040734590212,2100.0,54446,1.0363385652538206,고특화·결제건수 증가
부산광역시,강서구,153555.0,슈퍼마켓,216.0,4020.0,9892870000.0,499508.0,-2.498817149849078,-0.4192163545229362,-2.0883555232200632,True,14.066621080394647,45800324.074074075,2312.537037037037,3.2529582234378562,2100.0,63862,1.0205570046126244,고특화·결제건수 감소
부산광역시,강서구,153555.0,일반한식,328.0,8001.0,28402190000.0,808485.0,1.781013337430197,2.707792770781493,-0.902345779564794,True,21.36042460356224,86592042.68292683,2464.893292682927,5.265116733417994,2100.0,98173,1.0081097460120205,고특화·결제건수 증가
부산광역시,강서구,153555.0,갈비전문점,204.0,8002.0,101010000.0,1207.0,2.535655010189318,1.1114692722002768,1.4085303558936877,True,13.285142131483832,495147.0588235294,5.916666666666667,0.007860375761127934,2100.0,61512,1.0006826078070714,고특화·결제건수 증가
부산광역시,강서구,153555.0,한정식,628.0,,,,,,,True,40.897398326332585,,,,2100.0,180762,1.0482829882597533,판정불가
부산광역시,강서구,153555.0,일식회집,160.0,8004.0,2227250000.0,34035.0,0.3989997696041748,2.304500851916597,-1.8625779574162056,True,10.419719318810849,13920312.5,212.71875,0.22164696688482954,2100.0,44227,1.091587448735797,고특화·결제건수 증가
부산광역시,강서구,153555.0,중국음식,93.0,8005.0,2134970000.0,85273.0,1.0268820837179202,2.8428732544422473,-1.7657919438242564,True,6.0564618540588055,22956666.666666668,916.9139784946236,0.5553254534205985,2100.0,31984,0.8773567140713213,저특화·결제건수 증가
부산광역시,강서구,153555.0,서양음식,76.0,8006.0,11572450000.0,1101265.0,1.7595176015632847,3.8075420754134504,-1.9729052753819771,True,4.949366676435153,152269078.9473684,14490.328947368422,7.171795122268894,2100.0,23100,0.9927219954648525,저특화·결제건수 증가
부산광역시,강서구,153555.0,스넥,119.0,8021.0,2825620000.0,218409.0,3.5176995399935387,2.265200952969952,1.224755415676196,True,7.749666243365569,23744705.88235294,1835.3697478991596,1.4223502979388494,2100.0,44410,0.8085227050964497,저특화·결제건수 증가
부산광역시,강서구,153555.0,제과점,89.0,8301.0,1598180000.0,141741.0,2.538574851477438,4.798778109588035,-2.156707643811542,True,5.795968871088536,17957078.651685394,1592.5955056179776,0.9230633974797304,2100.0,31168,0.8616028038525472,저특화·결제건수 증가
부산광역시,금정구,205672.0,대형할인점,0.0,4004.0,10618690000.0,295785.0,-0.0922859422120508,1.6015407441262737,-1.667126968678674,False,0.0,,,1.4381393675366603,2583.0,0,,판정불가
부산광역시,금정구,205672.0,편의점,180.0,4010.0,12282900000.0,1814567.0,7.447952428607168,8.565765395974402,-1.029618280947189,True,8.751798980901631,68238333.33333333,10080.927777777777,8.822625345209849,2583.0,54446,0.8110123114024943,저특화·결제건수 증가
부산광역시,금정구,205672.0,슈퍼마켓,257.0,4020.0,10720450000.0,842125.0,6.688361407861705,7.033204023131299,-0.322182838883413,True,12.495624100509549,41713813.22957198,3276.7509727626457,4.0945048426621025,2583.0,63862,0.987214506870839,저특화·결제건수 증가
부산광역시,금정구,205672.0,일반한식,398.0,8001.0,38577140000.0,1115905.0,5.02807844539249,6.39310733677455,-1.283005004319766,True,19.35119996888249,96927487.43718593,2803.781407035176,5.4256534676572405,2583.0,98173,0.9945163566150708,저특화·결제건수 증가
부산광역시,금정구,205672.0,갈비전문점,342.0,8002.0,95350000.0,1177.0,2.4347152710718123,4.336838438738277,-1.8230600007909197,True,16.6284180637131,278801.16959064326,3.4415204678362574,0.005722704111400677,2583.0,61512,1.3639146017456496,고특화·결제건수 증가
부산광역시,금정구,205672.0,한정식,652.0,,,,,,,True,31.70096075304368,,,,2583.0,180762,0.8848331370013972,판정불가
부산광역시,금정구,205672.0,일식회집,208.0,8004.0,2733190000.0,70488.0,3.967735330600406,5.634143305558299,-1.577527798126401,True,10.113189933486327,13140336.538461538,338.88461538461536,0.34272044809210783,2583.0,44227,1.1537103116719805,고특화·결제건수 증가
부산광역시,금정구,205672.0,중국음식,133.0,8005.0,2429810000.0,101155.0,2.760433643317298,5.248669123754157,-2.36414911575851,True,6.466607024777315,18269248.12030075,760.5639097744361,0.49182679217394687,2583.0,31984,1.0200930411004963,고특화·결제건수 증가
부산광역시,금정구,205672.0,서양음식,102.0,8006.0,11053160000.0,1372843.0,6.124353693729097,8.677816274065824,-2.34957111568869,True,4.959352755844257,108364313.7254902,13459.245098039215,6.674914426854409,2583.0,23100,1.0832011503788508,고특화·결제건수 증가
부산광역시,금정구,205672.0,스넥,183.0,8021.0,5135460000.0,351284.0,6.899356709499729,6.761054584049776,0.1295436111874532,True,8.89766229724999,28062622.95081967,1919.5846994535518,1.7079816406705823,2583.0,44410,1.010860524920751,고특화·결제건수 증가
부산광역시,금정구,205672.0,제과점,128.0,8301.0,3983080000.0,332226.0,1.5656336022910156,4.37296082010844,-2.6897073684207973,True,6.223501497530047,31117812.5,2595.515625,1.6153195379050138,2583.0,31168,1.0074464135665118,고특화·결제건수 증가
부산광역시,기장군,175262.0,대형할인점,0.0,4004.0,21454030000.0,319138.0,-2.665515628964301,-1.0410770378427974,-1.6415281639056634,False,0.0,,,1.8209195376065548,2480.0,0,,판정불가
부산광역시,기장군,175262.0,편의점,178.0,4010.0,10317920000.0,1206968.0,5.746714910819731,5.876369811344146,-0.1224587703143521,True,10.156223254327806,57965842.69662921,6780.7191011235955,6.88664970158962,2480.0,54446,0.8353099786352385,저특화·결제건수 증가
부산광역시,기장군,175262.0,슈퍼마켓,218.0,4020.0,8378740000.0,550628.0,7.025948439465542,6.662345020496245,0.3408920166713242,True,12.438520614850908,38434587.1559633,2525.816513761468,3.1417420775752873,2480.0,63862,0.8721830135746332,저특화·결제건수 증가
부산광역시,기장군,175262.0,일반한식,414.0,8001.0,44913160000.0,982663.0,3.036800680793694,5.07115306822208,-1.9361664243919583,True,23.621777681414112,108485893.71980676,2373.582125603865,5.606822927959284,2480.0,98173,1.0774619064502,고특화·결제건수 증가
부산광역시,기장군,175262.0,갈비전문점,245.0,8002.0,178260000.0,3986.0,5.135941930644869,6.336817211065111,-1.12931279298745,True,13.979071333204004,727591.8367346938,16.26938775510204,0.022743093197612717,2480.0,61512,1.0176533873275186,고특화·결제건수 증가
부산광역시,기장군,175262.0,한정식,638.0,8003.0,206940000.0,2254.0,-1.4254663717540224,0.2999836619659095,-1.7202894464420693,True,36.40264290034349,324357.36677115987,3.5329153605015673,0.012860745626547683,2480.0,180762,0.9017936791596579,저특화·결제건수 증가
부산광역시,기장군,175262.0,일식회집,297.0,8004.0,4314270000.0,62684.0,7.602870665682052,8.098854428321676,-0.4588242542094367,True,16.946057901884036,14526161.616161617,211.05723905723906,0.3576588193675754,2480.0,44227,1.7157840014529147,고특화·결제건수 증가
부산광역시,기장군,175262.0,중국음식,114.0,8005.0,2360700000.0,83646.0,1.7308289533211192,3.081574373339934,-1.3103655315999714,True,6.504547477490842,20707894.736842107,733.7368421052631,0.4772626125457886,2480.0,31984,0.9106798358856848,저특화·결제건수 증가
부산광역시,기장군,175262.0,서양음식,106.0,8006.0,13742690000.0,993511.0,1.845644824778008,4.6666942895932175,-2.6952694779964124,True,6.048088005386221,129648018.86792453,9372.745283018869,5.66871883237667,2480.0,23100,1.1724316436251918,고특화·결제건수 증가
부산광역시,기장군,175262.0,스넥,177.0,8021.0,4277320000.0,289500.0,7.844688250538147,5.96912529955012,1.769914534715835,True,10.09916582031473,24165649.717514124,1635.593220338983,1.6518127146785955,2480.0,44410,1.0183243747775494,고특화·결제건수 증가
부산광역시,기장군,175262.0,제과점,93.0,8301.0,1639230000.0,126005.0,4.549046971028411,6.016040927550427,-1.383747160983435,True,5.306341363216213,17626129.032258064,1354.8924731182797,0.7189521972817838,2480.0,31168,0.7623732674537987,저특화·결제건수 증가
부산광역시,남구,254413.0,대형할인점,0.0,4004.0,8984230000.0,337031.0,-5.286956227137547,-3.5775077212096855,-1.772873180860413,False,0.0,,,1.3247396949055277,2394.0,0,,판정불가
부산광역시,남구,254413.0,편의점,174.0,4010.0,14686930000.0,2121514.0,7.015010573177707,7.932132295140663,-0.8497207480856319,True,6.839273150350022,84407643.67816092,12192.6091954023,8.338858470282572,2394.0,54446,0.8458716125066367,저특화·결제건수 증가
부산광역시,남구,254413.0,슈퍼마켓,223.0,4020.0,19431580000.0,1267229.0,3.5636335987485883,5.154986535872299,-1.5133404411410123,True,8.765275359356636,87137130.04484305,5682.641255605381,4.98099153738213,2394.0,63862,0.9242373782838501,저특화·결제건수 증가
부산광역시,남구,254413.0,일반한식,373.0,8001.0,42573730000.0,1250407.0,3.3936143324221177,5.555587577457029,-2.04818455815847,True,14.661200488968724,114138686.32707775,3352.2975871313674,4.914870702361908,2394.0,98173,1.005629373295046,고특화·결제건수 증가
부산광역시,남구,254413.0,갈비전문점,220.0,8002.0,110350000.0,1677.0,6.381229872983068,7.003308483960204,-0.5813639034071323,True,8.647356856764395,501590.9090909091,7.622727272727273,0.006591644294906314,2394.0,61512,0.9466381738800984,저특화·결제건수 증가
부산광역시,남구,254413.0,한정식,677.0,,,,,,,True,26.61027541831589,,,,2394.0,180762,0.9912945343779376,판정불가
부산광역시,남구,254413.0,일식회집,204.0,8004.0,2785310000.0,67336.0,5.365061145400819,8.042450436936594,-2.4780901217142457,True,8.01845817627244,13653480.392156864,330.078431372549,0.2646720096850397,2394.0,44227,1.2208543834545096,고특화·결제건수 증가
부산광역시,남구,254413.0,중국음식,136.0,8005.0,3327110000.0,125672.0,2.177580522373391,4.365443632392522,-2.096348210548943,True,5.3456387841816255,24464044.11764706,924.0588235294117,0.49396846859240684,2394.0,31984,1.125452868455949,고특화·결제건수 증가
부산광역시,남구,254413.0,서양음식,90.0,8006.0,11854580000.0,1395001.0,6.603982948714101,7.904871991268781,-1.2055887918202173,True,3.537555077767253,131717555.55555555,15500.011111111111,5.483214301155995,2394.0,23100,1.031220909416398,고특화·결제건수 증가
부산광역시,남구,254413.0,스넥,169.0,8021.0,4015260000.0,265042.0,9.179667042889468,8.807657155360745,0.3418967904046482,True,6.642742312696285,23758934.911242604,1568.2958579881656,1.0417785254684313,2394.0,44410,1.0072264275490197,고특화·결제건수 증가
부산광역시,남구,254413.0,제과점,128.0,8301.0,3996940000.0,339026.0,3.68522513728678,6.020809929814083,-2.202949396513259,True,5.031189443935648,31226093.75,2648.640625,1.3325812753279116,2394.0,31168,1.0869816567428152,고특화·결제건수 증가
부산광역시,동구,83354.0,대형할인점,0.0,4004.0,660150000.0,45824.0,-13.204684390420969,-8.645784809015788,-4.990354929845758,False,0.0,,,0.5497516615879262,1355.0,0,,판정불가
부산광역시,동구,83354.0,편의점,97.0,4010.0,12006600000.0,1489467.0,2.953484008550407,3.454334748420049,-0.4841273602383608,True,11.63711399572906,123779381.44329897,15355.329896907217,17.86917244523358,1355.0,54446,0.83312810838133,저특화·결제건수 증가
부산광역시,동구,83354.0,슈퍼마켓,157.0,4020.0,5626640000.0,445445.0,8.338816808305193,7.416817260502261,0.8583381739629725,True,18.835328838448063,35838471.337579615,2837.229299363057,5.344014684358279,1355.0,63862,1.1496434482054882,고특화·결제건수 증가
부산광역시,동구,83354.0,일반한식,214.0,8001.0,22340280000.0,742387.0,4.959277544485523,5.9386098254752735,-0.9244337665021932,True,25.67363293903112,104393831.77570094,3469.0981308411215,8.90643520406939,1355.0,98173,1.0193603632836874,고특화·결제건수 증가
부산광역시,동구,83354.0,갈비전문점,112.0,8002.0,349150000.0,4544.0,2.2125485655240396,3.4776600574917325,-1.2225938345193057,True,13.43666770640881,3117410.714285714,40.57142857142857,0.054514480408858604,1355.0,61512,0.8514599137407683,저특화·결제건수 증가
부산광역시,동구,83354.0,한정식,377.0,,,,,,,True,45.22878326175109,,,,1355.0,180762,0.9753045359311429,판정불가
부산광역시,동구,83354.0,일식회집,107.0,8004.0,1167070000.0,25984.0,4.727368941789806,6.635301769039279,-1.7892131363606665,True,12.83681646951556,10907196.261682242,242.84112149532712,0.31173069078868443,1355.0,44227,1.1313639286482176,고특화·결제건수 증가
부산광역시,동구,83354.0,중국음식,81.0,8005.0,3109900000.0,83558.0,-0.4435985780661137,2.554720991020271,-2.9236290051911733,True,9.717590037670657,38393827.16049383,1031.5802469135801,1.0024473930465245,1355.0,31984,1.184290577022829,고특화·결제건수 증가
부산광역시,동구,83354.0,서양음식,42.0,8006.0,5905980000.0,758943.0,4.9401359979018,6.156338230613453,-1.1456708595859688,True,5.038750389903304,140618571.42857143,18070.071428571428,9.105057945629484,1355.0,23100,0.8502435424354243,저특화·결제건수 증가
부산광역시,동구,83354.0,스넥,101.0,8021.0,2133780000.0,129408.0,7.144489910077832,5.094058020759197,1.9510445480310263,True,12.11699498524366,21126534.653465346,1281.2673267326732,1.552510977277635,1355.0,44410,1.0635223774439952,고특화·결제건수 증가
부산광역시,동구,83354.0,제과점,67.0,8301.0,1934680000.0,169398.0,3.960727045889531,6.7366676495406965,-2.600737557936254,True,8.038006574369556,28875820.89552239,2528.3283582089553,2.032271996544857,1355.0,31168,1.0052449479833607,고특화·결제건수 증가
부산광역시,동래구,271097.0,대형할인점,0.0,4004.0,17294470000.0,616250.0,-1.808462610256876,0.1180525225366196,-1.92424351478457,False,0.0,,,2.27317159540681,2880.0,0,,판정불가
부산광역시,동래구,271097.0,편의점,177.0,4010.0,13795700000.0,1927695.0,6.586516843657401,6.274417898808678,0.2936726928448954,True,6.529028355164387,77941807.90960452,10890.93220338983,7.110720517010517,2880.0,54446,0.715253722342627,저특화·결제건수 증가
부산광역시,동래구,271097.0,슈퍼마켓,252.0,4020.0,13991970000.0,1043909.0,5.004469964350425,5.865848725594005,-0.8136512119940572,True,9.295565793793365,55523690.47619048,4142.496031746032,3.8506844413623167,2880.0,63862,0.8681821740628228,저특화·결제건수 증가
부산광역시,동래구,271097.0,일반한식,490.0,8001.0,58365510000.0,1559674.0,3.243550511874134,5.253729319512557,-1.9098409345061715,True,18.074711265709322,119113285.71428572,3183.008163265306,5.753195350741616,2880.0,98173,1.0981378394376367,고특화·결제건수 증가
부산광역시,동래구,271097.0,갈비전문점,319.0,8002.0,125210000.0,2062.0,7.221896601017945,7.388345625335055,-0.1549972889030965,True,11.767005905635253,392507.8369905956,6.463949843260188,0.007606133597937269,2880.0,61512,1.1409948239548562,고특화·결제건수 증가
부산광역시,동래구,271097.0,한정식,748.0,,,,,,,True,27.591600054593005,,,,2880.0,180762,0.910431549649693,판정불가
부산광역시,동래구,271097.0,일식회집,271.0,8004.0,4895900000.0,78173.0,4.251609544605758,5.221693810784236,-0.9219432144125982,True,9.996421944912706,18066051.660516605,288.4612546125461,0.2883580415865908,2880.0,44227,1.3481389259451868,고특화·결제건수 증가
부산광역시,동래구,271097.0,중국음식,144.0,8005.0,3959850000.0,141349.0,2.0012060842106916,3.468072951888937,-1.4176999975252156,True,5.311751882167638,27498958.333333332,981.5902777777778,0.5213964005503565,2880.0,31984,0.9905640320160081,저특화·결제건수 증가
부산광역시,동래구,271097.0,서양음식,99.0,8006.0,13118590000.0,1460510.0,4.5449234701447825,6.510820582817507,-1.8457252529982449,True,3.6518294189902507,132511010.1010101,14752.626262626263,5.387407459322678,2880.0,23100,0.9429226190476191,저특화·결제건수 증가
부산광역시,동래구,271097.0,스넥,210.0,8021.0,4997810000.0,331947.0,9.349148316491432,8.641175269687704,0.6516618078240533,True,7.746304828161138,23799095.23809524,1580.7,1.2244584041874311,2880.0,44410,1.0403784808226377,고특화·결제건수 증가
부산광역시,동래구,271097.0,제과점,170.0,8301.0,4822880000.0,400286.0,2.175058291235217,4.34316341341088,-2.0778602557655015,True,6.270818194225684,28369882.352941178,2354.6235294117646,1.4765416068787187,2880.0,31168,1.2000319950661646,고특화·결제건수 증가
부산광역시,부산진구,364912.0,대형할인점,0.0,4004.0,12041090000.0,361196.0,-0.8448598760130608,0.1683536029010463,-1.0115105644351656,False,0.0,,,0.9898167229359407,4741.0,0,,판정불가
부산광역시,부산진구,364912.0,편의점,362.0,4010.0,29726480000.0,4165115.0,5.315278567661527,5.499438613747822,-0.1745602142590786,True,9.920199938615337,82117348.06629834,11505.842541436465,11.414025847327576,4741.0,54446,0.8886238460330178,저특화·결제건수 증가
부산광역시,부산진구,364912.0,슈퍼마켓,398.0,4020.0,22061670000.0,1609198.0,5.647826903751666,5.848945250140149,-0.1900050547629532,True,10.906739159030122,55431331.65829146,4043.211055276382,4.409824834480642,4741.0,63862,0.8329442378690537,저특화·결제건수 증가
부산광역시,부산진구,364912.0,일반한식,656.0,8001.0,92002820000.0,2691241.0,3.2189535675107175,4.676840610174518,-1.3927503296484862,True,17.976936905336082,140248201.2195122,4102.5015243902435,7.37504110580085,4741.0,98173,0.8930733881566096,저특화·결제건수 증가
부산광역시,부산진구,364912.0,갈비전문점,477.0,8002.0,585970000.0,7937.0,4.188353802013225,3.6263413506035658,0.5423451644482572,True,13.0716446704959,1228448.6373165618,16.639412997903563,0.021750449423422632,4741.0,61512,1.036415507856313,고특화·결제건수 증가
부산광역시,부산진구,364912.0,한정식,1353.0,,,,,,,True,37.07743236725567,,,,4741.0,180762,1.0003823720110774,판정불가
부산광역시,부산진구,364912.0,일식회집,471.0,8004.0,8861380000.0,204275.0,1.1085595928203669,1.8688731468697004,-0.7463649401060468,True,12.907221467093438,18813970.276008494,433.7048832271762,0.5597924979173061,4741.0,44227,1.4233404681825785,고특화·결제건수 증가
부산광역시,부산진구,364912.0,중국음식,235.0,8005.0,6235190000.0,239745.0,3.451703591191628,4.7575539507961455,-1.246545294688652,True,6.439908799929846,26532723.40425532,1020.1914893617021,0.6569940149953961,4741.0,31984,0.9819976693683269,저특화·결제건수 증가
부산광역시,부산진구,364912.0,서양음식,223.0,8006.0,29696780000.0,2845347.0,1.1540658215753126,4.303850367695363,-3.019816176503825,True,6.111062393124917,133169417.04035874,12759.403587443947,7.797351142193186,4741.0,23100,1.290233324293649,고특화·결제건수 증가
부산광역시,부산진구,364912.0,스넥,308.0,8021.0,9440800000.0,668242.0,5.426057726844706,5.101467375764448,0.3088352229372441,True,8.44039110799316,30651948.051948052,2169.616883116883,1.8312415048011574,4741.0,44410,0.9269265351180808,저특화·결제건수 증가
부산광역시,부산진구,364912.0,제과점,258.0,8301.0,7073300000.0,652004.0,4.607784181758079,6.663240848366109,-1.927052516180493,True,7.0701977463059595,27415891.472868215,2527.1472868217056,1.786743105187004,4741.0,31168,1.10633370176801,고특화·결제건수 증가
부산광역시,북구,260736.0,대형할인점,0.0,4004.0,81315510000.0,2420890.0,-0.250042997621773,1.3216049215093522,-1.5511478725081396,False,0.0,,,9.284832167403044,2237.0,0,,판정불가
부산광역시,북구,260736.0,편의점,153.0,4010.0,11572100000.0,1539871.0,6.5625218098191915,6.694009495546125,-0.1232381146313673,True,5.86800441826215,75634640.52287582,10064.51633986928,5.905862635002455,2237.0,54446,0.7959848369690418,저특화·결제건수 증가
부산광역시,북구,260736.0,슈퍼마켓,257.0,4020.0,13873950000.0,1002809.0,6.205895102792041,6.632527215916177,-0.4000956596107431,True,9.856713303878252,53984241.24513619,3901.9805447470817,3.846070354688267,2237.0,63862,1.1399083912594443,고특화·결제건수 증가
부산광역시,북구,260736.0,일반한식,341.0,8001.0,39277060000.0,1088289.0,4.9971883113877515,6.897928673282401,-1.7780890476409117,True,13.078362788414333,115181994.13489737,3191.4633431085044,4.173911542709868,2237.0,98173,0.9838789280057239,저특화·결제건수 증가
부산광역시,북구,260736.0,갈비전문점,267.0,8002.0,639690000.0,7201.0,5.524641960302383,5.544387517794536,-0.0187082970079904,True,10.240243004418263,2395842.6966292136,26.970037453183522,0.027617973735886106,2237.0,61512,1.2295062938753427,고특화·결제건수 증가
부산광역시,북구,260736.0,한정식,542.0,,,,,,,True,20.787309769268532,,,,2237.0,180762,0.8493202745639002,판정불가
부산광역시,북구,260736.0,일식회집,201.0,8004.0,2957070000.0,69814.0,7.257252220278968,8.486029273472312,-1.1326592570697245,True,7.708946980854197,14711791.04477612,347.3333333333333,0.26775742513500245,2237.0,44227,1.2873241565472169,고특화·결제건수 증가
부산광역시,북구,260736.0,중국음식,126.0,8005.0,2291240000.0,88030.0,3.509203645794147,5.59540999318948,-1.975660066597503,True,4.832474226804124,18184444.444444444,698.6507936507936,0.33762119538537066,2237.0,31984,1.1158790168441397,고특화·결제건수 증가
부산광역시,북구,260736.0,서양음식,56.0,8006.0,9306580000.0,1109725.0,4.639712907485547,6.837983014534325,-2.057573575448097,True,2.147766323024055,166188928.57142857,19816.51785714286,4.256124969317624,2237.0,23100,0.686681567575622,저특화·결제건수 증가
부산광역시,북구,260736.0,스넥,165.0,8021.0,4499750000.0,314912.0,7.55777568596316,6.6374111448751165,0.8630784742492136,True,6.328240058910162,27271212.12121212,1908.5575757575757,1.2077810505645556,2237.0,44410,1.0524040574896596,고특화·결제건수 증가
부산광역시,북구,260736.0,제과점,129.0,8301.0,3609060000.0,320164.0,3.0203450320883034,5.394320405413523,-2.2524699283541856,True,4.947533136966126,27977209.30232558,2481.891472868217,1.227924030436917,2237.0,31168,1.1723576397143798,고특화·결제건수 증가
부산광역시,사상구,192475.0,대형할인점,0.0,4004.0,16864900000.0,432859.0,-1.7759286593402768,-0.6641819953288057,-1.1191800564416423,False,0.0,,,2.248910248084167,2412.0,0,,판정불가
부산광역시,사상구,192475.0,편의점,195.0,4010.0,13914860000.0,1885973.0,6.913289971869951,6.783203719391917,0.1218227660783683,True,10.131185868294585,71358256.41025642,9671.65641025641,9.798534874659047,2412.0,54446,0.9408852406227323,저특화·결제건수 증가
부산광역시,사상구,192475.0,슈퍼마켓,292.0,4020.0,16936560000.0,1174736.0,6.539063183324788,7.428882536819029,-0.8282868931353589,True,15.170801402779581,58001917.80821918,4023.068493150685,6.103317313936875,2412.0,63862,1.2011807383385185,고특화·결제건수 증가
부산광역시,사상구,192475.0,일반한식,344.0,8001.0,38295270000.0,1115582.0,4.027458618268218,5.487602583709449,-1.384185373141395,True,17.872450967658136,111323459.30232558,3242.970930232558,5.79598389401221,2412.0,98173,0.92052248983624,저특화·결제건수 증가
부산광역시,사상구,192475.0,갈비전문점,252.0,8002.0,120290000.0,2920.0,7.942587039970405,13.56345896883732,-4.949542731354599,True,13.09260942979608,477341.2698412698,11.587301587301587,0.015170801402779582,2412.0,61512,1.0762389767898703,고특화·결제건수 증가
부산광역시,사상구,192475.0,한정식,746.0,8003.0,79450000.0,2602.0,0.845383312193421,0.3502798942715368,0.4933752237099441,True,38.75828029614235,106501.34048257372,3.487935656836461,0.013518638784257696,2412.0,180762,1.0841758097831764,고특화·결제건수 증가
부산광역시,사상구,192475.0,일식회집,153.0,8004.0,1453010000.0,28677.0,4.3825162372619095,4.838599826625173,-0.4350340333784525,True,7.949084296661904,9496797.385620914,187.4313725490196,0.14899077802311989,2412.0,44227,0.9088076473849802,저특화·결제건수 증가
부산광역시,사상구,192475.0,중국음식,163.0,8005.0,2281800000.0,89480.0,3.983270843752465,6.550575311134252,-2.409470300732847,True,8.46863228990778,13998773.00613497,548.9570552147239,0.46489154435640995,2412.0,31984,1.338822033321802,고특화·결제건수 증가
부산광역시,사상구,192475.0,서양음식,35.0,8006.0,7682380000.0,962491.0,3.9228544134437,6.582516238406977,-2.495401608847427,True,1.8184179763605661,219496571.42857143,27499.742857142857,5.000602675672165,2412.0,23100,0.3980375898286346,저특화·결제건수 증가
부산광역시,사상구,192475.0,스넥,148.0,8021.0,2835930000.0,169658.0,10.55887275990042,11.249676537101166,-0.6209490208903024,True,7.689310300038967,19161689.18918919,1146.337837837838,0.8814547343810885,2412.0,44410,0.8754855162004285,저특화·결제건수 증가
부산광역시,사상구,192475.0,제과점,84.0,8301.0,2094040000.0,179237.0,6.993473690455955,8.274537948237786,-1.18316298739987,True,4.364203143265359,24929047.61904762,2133.7738095238096,0.931222236654111,2412.0,31168,0.7080083412506257,저특화·결제건수 증가
부산광역시,사하구,282159.0,대형할인점,0.0,4004.0,8880930000.0,262654.0,1.1413392887900715,1.4537416005184152,-0.3079258653253272,False,0.0,,,0.9308723095843124,2923.0,0,,판정불가
부산광역시,사하구,282159.0,편의점,217.0,4010.0,17405090000.0,2268843.0,6.278861309635832,6.929084969898549,-0.6080886790022775,True,7.690699215690445,80207788.01843318,10455.497695852535,8.041008792914633,2923.0,54446,0.8639930848757432,저특화·결제건수 증가
부산광역시,사하구,282159.0,슈퍼마켓,299.0,4020.0,17976530000.0,1192423.0,5.96413920283569,6.169497162696816,-0.1934246326385251,True,10.596862052955958,60122173.91304348,3988.0367892976587,4.226067571830067,2923.0,63862,1.0149512537795184,고특화·결제건수 증가
부산광역시,사하구,282159.0,일반한식,452.0,8001.0,45218700000.0,1268306.0,5.638032947630696,7.002495809750016,-1.2751691928245334,True,16.01933661517088,100041371.68141593,2805.9867256637167,4.495004589610822,2923.0,98173,0.9980743252782911,저특화·결제건수 증가
부산광역시,사하구,282159.0,갈비전문점,309.0,8002.0,167560000.0,3374.0,1.6800265750231491,2.600387793923895,-0.8970348345557257,True,10.95127215506151,542265.3721682848,10.919093851132686,0.011957796845041271,2923.0,61512,1.0889680629725178,고특화·결제건수 증가
부산광역시,사하구,282159.0,한정식,806.0,,,,,,,True,28.565454229707363,,,,2923.0,180762,0.9665947133150319,판정불가
부산광역시,사하구,282159.0,일식회집,258.0,8004.0,2570390000.0,50696.0,4.3378810773758,7.770305297421383,-3.184944322624745,True,9.1437806343232,9962751.937984496,196.49612403100775,0.17967174536342984,2923.0,44227,1.2645870674928472,고특화·결제건수 증가
부산광역시,사하구,282159.0,중국음식,165.0,8005.0,2898710000.0,119014.0,3.0472379736051685,4.83984768695834,-1.70985532018867,True,5.847766684741582,17567939.393939395,721.2969696969697,0.4217976389198998,2923.0,31984,1.1183240867782505,고특화·결제건수 증가
부산광역시,사하구,282159.0,서양음식,55.0,8006.0,9985540000.0,1263715.0,5.1736546903373535,6.888458200051496,-1.6042924919964108,True,1.9492555615805272,181555272.72727272,22976.636363636364,4.478733621823157,2923.0,23100,0.5161396477852174,저특화·결제건수 증가
부산광역시,사하구,282159.0,스넥,240.0,8021.0,4703540000.0,304679.0,10.078795597734194,10.331010336131056,-0.2285982314749809,True,8.50584245053321,19598083.333333332,1269.4958333333334,1.0798131549941699,2923.0,44410,1.1715126434755665,고특화·결제건수 증가
부산광역시,사하구,282159.0,제과점,122.0,8301.0,4258370000.0,347317.0,4.219562060129741,6.241791909684624,-1.9034221968639065,True,4.323803245687715,34904672.13114754,2846.8606557377047,1.2309265343299345,2923.0,31168,0.8485304014538803,저특화·결제건수 증가
부산광역시,서구,101216.0,대형할인점,0.0,4004.0,389480000.0,31785.0,-12.59819334300568,-9.85382697436345,-3.044351497718931,False,0.0,,,0.31403137843819157,1168.0,0,,판정불가
부산광역시,서구,101216.0,편의점,82.0,4010.0,6371050000.0,910022.0,6.944189203948516,7.868934014496595,-0.8572855743840091,True,8.101485931078091,77695731.70731707,11097.829268292682,8.990890768257984,1168.0,54446,0.817053242146674,저특화·결제건수 증가
부산광역시,서구,101216.0,슈퍼마켓,140.0,4020.0,5309720000.0,408346.0,10.985380702345855,9.988514928306286,0.9063362430971704,True,13.831805248182105,37926571.428571425,2916.7571428571428,4.034401675624407,1168.0,63862,1.1892906494011273,고특화·결제건수 증가
부산광역시,서구,101216.0,일반한식,174.0,8001.0,16878030000.0,477699.0,7.536709926171362,8.779574018133577,-1.1425528213183611,True,17.190957951312043,97000172.4137931,2745.396551724138,4.719599668036674,1168.0,98173,0.9615229838184731,저특화·결제건수 증가
부산광역시,서구,101216.0,갈비전문점,116.0,8002.0,41710000.0,739.0,2.36752945302273,2.944815819893394,-0.5607726452982543,True,11.460638634208031,359568.9655172414,6.370689655172414,0.00730121719886184,1168.0,61512,1.0230588707938935,고특화·결제건수 증가
부산광역시,서구,101216.0,한정식,324.0,,,,,,,True,32.01074928865002,,,,1168.0,180762,0.9723897145917898,판정불가
부산광역시,서구,101216.0,일식회집,118.0,8004.0,1348610000.0,26074.0,10.54821413889923,9.993095499666769,0.5046849865537132,True,11.658235852039203,11428898.305084746,220.96610169491527,0.25760749288650014,1168.0,44227,1.447428134614354,고특화·결제건수 증가
부산광역시,서구,101216.0,중국음식,50.0,8005.0,1144780000.0,50077.0,5.244050763568956,6.923692899350319,-1.5708792787043493,True,4.939930445779323,22895600.0,1001.54,0.49475379386658236,1168.0,31984,0.848085643849322,저특화·결제건수 증가
부산광역시,서구,101216.0,서양음식,37.0,8006.0,4917250000.0,617411.0,6.520538624487241,8.094008801232471,-1.4556497572762068,True,3.6555485298766994,132898648.64864865,16686.783783783783,6.099934792918115,1168.0,23100,0.8689448793215916,저특화·결제건수 증가
부산광역시,서구,101216.0,스넥,81.0,8021.0,2060110000.0,139252.0,9.604686905063987,8.651805776489454,0.877004410340638,True,8.002687322162505,25433456.790123455,1719.1604938271605,1.3757903888713248,1168.0,44410,0.9894793379252482,저특화·결제건수 증가
부산광역시,서구,101216.0,제과점,46.0,8301.0,1438510000.0,122998.0,11.922765195740114,12.537653432878756,-0.5463844485662644,True,4.544736010116978,31271956.52173913,2673.8695652173915,1.2152031299399304,1168.0,31168,0.8006659886501082,저특화·결제건수 증가
부산광역시,수영구,168440.0,대형할인점,0.0,4004.0,699920000.0,52543.0,-9.099545883199392,-4.008948976946914,-5.303199467031469,False,0.0,,,0.31193896936594634,2603.0,0,,판정불가
부산광역시,수영구,168440.0,편의점,167.0,4010.0,11762070000.0,1566292.0,4.767535994007419,5.040997665804408,-0.260338037408058,True,9.914509617668012,70431556.88622755,9378.994011976049,9.298812633578722,2603.0,54446,0.7466578769345016,저특화·결제건수 증가
부산광역시,수영구,168440.0,슈퍼마켓,166.0,4020.0,14804090000.0,1095712.0,3.678348706844059,4.162523047812149,-0.4648258575167898,True,9.855141296604131,89181265.06024097,6600.674698795181,6.505058180954642,2603.0,63862,0.6327566693131161,저특화·결제건수 증가
부산광역시,수영구,168440.0,일반한식,324.0,8001.0,44978530000.0,1116590.0,2.407316641452829,4.40251598911939,-1.9110644305493312,True,19.235336024697222,138822623.45679012,3446.2654320987654,6.629007361671812,2603.0,98173,0.8033857172148678,저특화·결제건수 증가
부산광역시,수영구,168440.0,갈비전문점,218.0,8002.0,38120000.0,683.0,5.126241650569787,9.577932963019844,-4.062580112687864,True,12.94229399192591,174862.3853211009,3.13302752293578,0.0040548563286630255,2603.0,61512,0.8627159044505157,저특화·결제건수 증가
부산광역시,수영구,168440.0,한정식,697.0,,,,,,,True,41.379719781524585,,,,2603.0,180762,0.9386351184178722,판정불가
부산광역시,수영구,168440.0,일식회집,323.0,8004.0,5728030000.0,97460.0,1.38430415645326,2.0877876659541763,-0.6890966349499217,True,19.17596770363334,17733839.009287927,301.73374613003097,0.5786036570885775,2603.0,44227,1.7778134999939759,고특화·결제건수 증가
부산광역시,수영구,168440.0,중국음식,109.0,8005.0,2823400000.0,94116.0,1.9339973728240236,2.82191616443322,-0.8635501308779677,True,6.471146995962955,25902752.29357798,863.4495412844037,0.558750890524816,2603.0,31984,0.8295926199749895,저특화·결제건수 증가
부산광역시,수영구,168440.0,서양음식,225.0,8006.0,14428340000.0,1243511.0,3.0588351015548474,5.325505579362985,-2.152062280963996,True,13.35787223937307,64125955.55555555,5526.7155555555555,7.382516029446688,2603.0,23100,2.3710553756654407,고특화·결제건수 증가
부산광역시,수영구,168440.0,스넥,167.0,8021.0,3565410000.0,234740.0,8.248728286497828,7.695647481185891,0.513559106841851,True,9.914509617668012,21349760.479041915,1405.62874251497,1.3936119686535264,2603.0,44410,0.9153914606524628,저특화·결제건수 증가
부산광역시,수영구,168440.0,제과점,207.0,8301.0,4095720000.0,323534.0,1.892318832025337,3.9598167988406514,-1.9887472202994507,True,12.289242460223225,19786086.95652174,1562.9661835748793,1.9207670387081452,2603.0,31168,1.6167116543776292,고특화·결제건수 증가
부산광역시,연제구,211464.0,대형할인점,0.0,4004.0,16188620000.0,432679.0,-5.591441328971661,-4.205365660051491,-1.4469241189453197,False,0.0,,,2.046111867741081,2249.0,0,,판정불가
부산광역시,연제구,211464.0,편의점,147.0,4010.0,10929450000.0,1518584.0,4.969757859301796,5.210039901942669,-0.2283831874456072,True,6.9515378504142555,74350000.0,10330.503401360544,7.181288540839103,2249.0,54446,0.7606891597545539,저특화·결제건수 증가
부산광역시,연제구,211464.0,슈퍼마켓,192.0,4020.0,11895070000.0,994897.0,5.919990218966975,6.174326374326001,-0.2395458149292598,True,9.079559641357395,61953489.583333336,5181.755208333333,4.704805546097681,2249.0,63862,0.8470608012199047,저특화·결제건수 증가
부산광역시,연제구,211464.0,일반한식,373.0,8001.0,40046890000.0,1054109.0,3.003976862542629,4.639470037974946,-1.5629792226955614,True,17.63893617826202,107364316.3538874,2826.029490616622,4.984815382287293,2249.0,98173,1.0704654155928592,고특화·결제건수 증가
부산광역시,연제구,211464.0,갈비전문점,235.0,8002.0,57950000.0,736.0,3.4674920086216954,4.658513039392513,-1.1380068340188938,True,11.113002686036394,246595.74468085106,3.1319148936170214,0.0034804978625203346,2249.0,61512,1.0763757028238905,고특화·결제건수 증가
부산광역시,연제구,211464.0,한정식,612.0,,,,,,,True,28.941096356826694,,,,2249.0,180762,0.953894084923402,판정불가
부산광역시,연제구,211464.0,일식회집,239.0,8004.0,2665800000.0,50917.0,1.6581470482521798,4.104558353153932,-2.349955990018065,True,11.302160178564673,11153974.89539749,213.0418410041841,0.2407833011765596,2249.0,44227,1.5225315154526915,고특화·결제건수 증가
부산광역시,연제구,211464.0,중국음식,99.0,8005.0,2806660000.0,96878.0,1.862572113547536,3.57350621097179,-1.6519032328009065,True,4.681647940074907,28350101.01010101,978.5656565656566,0.4581299890288654,2249.0,31984,0.8720839410367701,저특화·결제건수 증가
부산광역시,연제구,211464.0,서양음식,59.0,8006.0,9393770000.0,1232329.0,4.862927645619354,6.465703088043194,-1.5054382734864027,True,2.790073014792116,159216440.6779661,20886.93220338983,5.82760659024704,2249.0,23100,0.7196078680471744,저특화·결제건수 증가
부산광역시,연제구,211464.0,스넥,172.0,8021.0,4009940000.0,287402.0,7.419141223055869,7.598835594834837,-0.1670040115076899,True,8.133772178715999,23313604.651162792,1670.9418604651162,1.3591060416903114,2249.0,44410,1.091197959432344,고특화·결제건수 증가
부산광역시,연제구,211464.0,제과점,121.0,8301.0,3290080000.0,292648.0,2.1693768265234668,4.57779808246392,-2.3029948039653116,True,5.722014148980441,27190743.801652893,2418.5785123966944,1.3839140468353952,2249.0,31168,1.093785864673599,고특화·결제건수 증가
부산광역시,영도구,100570.0,대형할인점,0.0,4004.0,762320000.0,28903.0,-33.4444640246743,-22.668341177123747,-13.934943348664772,False,0.0,,,0.2873918663617381,1133.0,0,,판정불가
부산광역시,영도구,100570.0,편의점,82.0,4010.0,6100690000.0,793205.0,8.376164207407639,8.894575215583584,-0.476066881338793,True,8.153524908024261,74398658.53658536,9673.231707317073,7.887093566669981,1133.0,54446,0.8422931922571184,저특화·결제건수 증가
부산광역시,영도구,100570.0,슈퍼마켓,162.0,4020.0,7180840000.0,481209.0,10.442656473941842,9.218120696635792,1.1211837097136108,True,16.1081833548772,44326172.83950617,2970.425925925926,4.784816545689569,1133.0,63862,1.4186913347439396,고특화·결제건수 증가
부산광역시,영도구,100570.0,일반한식,178.0,8001.0,17552400000.0,456741.0,6.657799513805225,8.376248078172425,-1.585632087141119,True,17.699115044247787,98608988.76404494,2565.9606741573034,4.541523317092572,1133.0,98173,1.0140126123697426,고특화·결제건수 증가
부산광역시,영도구,100570.0,갈비전문점,92.0,8002.0,575550000.0,8630.0,6.3414093400556055,6.790126675039499,-0.4201861622931641,True,9.14785721388088,6255978.260869565,93.80434782608695,0.08581087799542607,1133.0,61512,0.8364565695287809,저특화·결제건수 증가
부산광역시,영도구,100570.0,한정식,328.0,,,,,,,True,32.614099632097044,,,,1133.0,180762,1.014803888995056,판정불가
부산광역시,영도구,100570.0,일식회집,89.0,8004.0,1123390000.0,26280.0,10.717434758251166,13.23242558853277,-2.221087128717527,True,8.849557522123893,12622359.550561797,295.2808988764045,0.261310529979119,1133.0,44227,1.1254285865441331,고특화·결제건수 증가
부산광역시,영도구,100570.0,중국음식,64.0,8005.0,1191830000.0,47864.0,5.747322626607154,7.366678320864686,-1.5082479215926714,True,6.363726757482351,18622343.75,747.875,0.4759272148752113,1133.0,31984,1.119083813751536,고특화·결제건수 증가
부산광역시,영도구,100570.0,서양음식,28.0,8006.0,4668660000.0,464633.0,6.2492313145392036,7.750169436363255,-1.392979825159791,True,2.784130456398528,166737857.14285713,16594.035714285714,4.619996022670777,1133.0,23100,0.6778934980876729,저특화·결제건수 증가
부산광역시,영도구,100570.0,스넥,73.0,8021.0,1739280000.0,97150.0,7.98661261639574,5.364942670017801,2.488180489585164,True,7.258625832753306,23825753.424657535,1330.8219178082193,0.9659938351397037,1133.0,44410,0.9193005161524453,저특화·결제건수 증가
부산광역시,영도구,100570.0,제과점,37.0,8301.0,1325810000.0,105297.0,9.539657161165987,11.03152546589678,-1.34364388714899,True,3.679029531669484,35832702.7027027,2845.864864864865,1.0470020880978423,1133.0,31168,0.6639084647435258,저특화·결제건수 증가
부산광역시,중구,36306.0,대형할인점,0.0,4004.0,2607730000.0,78744.0,-1.7449350176408098,0.6049478637409774,-2.335752794747691,False,0.0,,,2.1688977028590317,1547.0,0,,판정불가
부산광역시,중구,36306.0,편의점,87.0,4010.0,6665350000.0,849841.0,5.344967800357067,5.290616505791029,0.0516202643405219,True,23.962981325400758,76613218.3908046,9768.28735632184,23.40772875006886,1547.0,54446,0.6544979445187099,저특화·결제건수 증가
부산광역시,중구,36306.0,슈퍼마켓,174.0,4020.0,3357650000.0,269991.0,6.238834598761897,5.891475637885778,0.3280329778989252,True,47.925962650801516,19296839.08045977,1551.6724137931035,7.4365394149727315,1547.0,63862,1.1159937079097326,고특화·결제건수 증가
부산광역시,중구,36306.0,일반한식,194.0,8001.0,31044770000.0,825334.0,3.809371200140248,5.51737485482875,-1.6186942264611932,True,53.43469398997411,160024587.628866,4254.298969072165,22.732716355423346,1547.0,98173,0.8094027593242964,저특화·결제건수 증가
부산광역시,중구,36306.0,갈비전문점,134.0,8002.0,79940000.0,983.0,7.786552068933538,7.263952207503076,0.4872092167734549,True,36.90849997245634,596567.1641791045,7.335820895522388,0.027075414532033274,1547.0,61512,0.8922775448905214,저특화·결제건수 증가
부산광역시,중구,36306.0,한정식,452.0,,,,,,,True,124.49732826530051,,,,1547.0,180762,1.0242036286135874,판정불가
부산광역시,중구,36306.0,일식회집,207.0,8004.0,3663680000.0,67067.0,1.7405427144337264,3.4668058821811787,-1.6684222084840832,True,57.01536936043629,17698937.19806763,323.9951690821256,1.84727042362144,1547.0,44227,1.917069586156476,고특화·결제건수 증가
부산광역시,중구,36306.0,중국음식,64.0,8005.0,1927330000.0,68809.0,2.1953495451184626,4.842762254820088,-2.5251268211220204,True,17.62794028535228,30114531.25,1075.140625,1.8952514735856332,1547.0,31984,0.8196004919072335,저특화·결제건수 증가
부산광역시,중구,36306.0,서양음식,74.0,8006.0,9430390000.0,730012.0,2.973360740486075,5.5795057067390115,-2.46841936681525,True,20.382305954938577,127437702.7027027,9865.027027027027,20.1071999118603,1547.0,23100,1.3121236186782403,고특화·결제건수 증가
부산광역시,중구,36306.0,스넥,95.0,8021.0,2223450000.0,150417.0,4.479905390886375,5.018069872222412,-0.5124494117924916,True,26.166473861069793,23404736.842105262,1583.3368421052633,4.143034209221616,1547.0,44410,0.8761890982641476,저특화·결제건수 증가
부산광역시,중구,36306.0,제과점,66.0,8301.0,1754940000.0,155249.0,3.121947688813437,6.112555696532407,-2.8183356701649154,True,18.17881341926954,26590000.0,2352.257575757576,4.276125158376026,1547.0,31168,0.8673412738970173,저특화·결제건수 증가
부산광역시,해운대구,370739.0,대형할인점,0.0,4004.0,14783170000.0,491681.0,-6.259522494332925,-5.970336248428783,-0.3075478890025586,False,0.0,,,1.3262187145134448,3934.0,0,,판정불가
부산광역시,해운대구,370739.0,편의점,295.0,4010.0,21092250000.0,2817727.0,5.459111510259067,5.556444079689322,-0.0922090264396652,True,7.957080317959535,71499152.54237288,9551.616949152542,7.6002983230790395,3934.0,54446,0.87270408420046,저특화·결제건수 증가
부산광역시,해운대구,370739.0,슈퍼마켓,344.0,4020.0,17302900000.0,1258791.0,7.18593032275701,7.198058371761,-0.0113136834642225,True,9.278764845349423,50299127.906976745,3659.2761627906975,3.395356301872746,3934.0,63862,0.8676146935220018,저특화·결제건수 증가
부산광역시,해운대구,370739.0,일반한식,582.0,8001.0,68273330000.0,1762793.0,2.93157022864639,4.242768830375984,-1.2578317099991083,True,15.698375406957455,117308127.14776632,3028.8539518900343,4.7548086389616415,3934.0,98173,0.9548648210533959,저특화·결제건수 증가
부산광역시,해운대구,370739.0,갈비전문점,327.0,8002.0,445810000.0,4747.0,4.081409622150285,5.833528032470834,-1.6555419089713814,True,8.820221233805992,1363333.3333333333,14.516819571865444,0.0128041560235098,3934.0,61512,0.8562466316540516,저특화·결제건수 증가
부산광역시,해운대구,370739.0,한정식,1060.0,,,,,,,True,28.591542837413925,,,,3934.0,180762,0.944516825335476,판정불가
부산광역시,해운대구,370739.0,일식회집,389.0,8004.0,5142460000.0,94018.0,0.6009219010030655,3.262776878324008,-2.5777487859516395,True,10.492556758258505,13219691.516709512,241.69151670951157,0.2535961957064134,3934.0,44227,1.4166843334905195,고특화·결제건수 증가
부산광역시,해운대구,370739.0,중국음식,172.0,8005.0,3722030000.0,140258.0,1.1270342369126232,2.921294468686252,-1.7433323599709345,True,4.639382422674712,21639709.30232558,815.453488372093,0.3783200580462266,3934.0,31984,0.8661769878330117,저특화·결제건수 증가
부산광역시,해운대구,370739.0,서양음식,209.0,8006.0,20803700000.0,2027554.0,2.8284843117035527,5.378804811266949,-2.420145592020152,True,5.637389106622178,99539234.44976076,9701.215311004784,5.468952551525467,3934.0,23100,1.4572876267944899,고특화·결제건수 증가
부산광역시,해운대구,370739.0,스넥,324.0,8021.0,8072770000.0,565962.0,5.560620206915262,5.043805010165365,0.4919996916523373,True,8.739301772945387,24915956.790123455,1746.7962962962963,1.5265779969196658,3934.0,44410,1.175101033753625,고특화·결제건수 증가
부산광역시,해운대구,370739.0,제과점,232.0,8301.0,5312070000.0,461043.0,3.943665412535821,5.446223113183126,-1.4249516542991536,True,6.257771639886821,22896853.44827586,1987.2543103448277,1.2435783664518705,3934.0,31168,1.1989194919456452,고특화·결제건수 증가
서울특별시,강남구,552830.0,대형할인점,0.0,4004.0,21336780000.0,743812.0,-3.055207708134521,-2.10107609153264,-0.9746088909965364,False,0.0,,,1.3454624387243819,9164.0,0,,판정불가
서울특별시,강남구,552830.0,편의점,803.0,4010.0,37366440000.0,5369935.0,2.3080234145662013,2.606990250653146,-0.2913708270329633,True,14.525260930123185,46533549.19053549,6687.341220423412,9.71353761554185,9164.0,54446,1.0197878017139363,고특화·결제건수 증가
서울특별시,강남구,552830.0,슈퍼마켓,379.0,4020.0,18508810000.0,724050.0,-1.1557087582925414,-0.2955092193290089,-0.8627490419221,True,6.855633739124143,48835910.290237464,1910.4221635883905,1.3097154640667112,9164.0,63862,0.41035236511792716,저특화·결제건수 감소
서울특별시,강남구,552830.0,일반한식,924.0,8001.0,108268040000.0,3078554.0,-0.3072001468266871,-0.0265586977211166,-0.2807160036204117,True,16.71399887849791,117173203.46320346,3331.7683982683984,5.5687173272072785,9164.0,98173,0.6507889272317328,저특화·결제건수 감소
서울특별시,강남구,552830.0,갈비전문점,689.0,,,,,,,True,12.463144185373443,,,,9164.0,61512,0.7744967868920432,판정불가
서울특별시,강남구,552830.0,한정식,2699.0,,,,,,,True,48.8215183691189,,,,9164.0,180762,1.032419011035542,판정불가
서울특별시,강남구,552830.0,일식회집,1118.0,8004.0,18743390000.0,407509.0,-1.5536570053051422,-0.3271323562083436,-1.2305501768848075,True,20.223215093247475,16765107.33452594,364.49821109123434,0.7371325724001954,9164.0,44227,1.7478918950116653,고특화·결제건수 감소
서울특별시,강남구,552830.0,중국음식,447.0,8005.0,13618130000.0,359172.0,-3.3767731823984737,-1.9889362333804093,-1.416000291888211,True,8.085668288623989,30465615.212527964,803.51677852349,0.6496970135484688,9164.0,31984,0.9663512053931811,저특화·결제건수 감소
서울특별시,강남구,552830.0,서양음식,1074.0,8006.0,103755930000.0,8839654.0,-1.3577336865847545,-0.1141045578986567,-1.2450497872414528,True,19.42731038474757,96607011.17318435,8230.590316573556,15.989823272977226,9164.0,23100,3.2147895491675498,고특화·결제건수 감소
서울특별시,강남구,552830.0,스넥,561.0,8021.0,10079340000.0,715677.0,0.9888167929757158,-0.6144667219282424,1.6131960679006214,True,10.147785033373731,17966737.96791444,1275.716577540107,1.2945697592388257,9164.0,44410,0.8734586185568368,저특화·결제건수 감소
서울특별시,강남구,552830.0,제과점,470.0,8301.0,9031450000.0,745163.0,-1.057448481396584,0.5375654816160983,-1.5864855642484303,True,8.501709386248937,19215851.063829787,1585.4531914893616,1.3479062279543441,9164.0,31168,1.0426755003733026,고특화·결제건수 증가
서울특별시,강동구,499011.0,대형할인점,0.0,4004.0,14426870000.0,570740.0,-3.4641092761105647,-2.352417840476578,-1.1384730794643838,False,0.0,,,1.1437423223135361,3776.0,0,,판정불가
서울특별시,강동구,499011.0,편의점,346.0,4010.0,16118170000.0,2156877.0,2.2935004428926304,2.8510423080381218,-0.542086742763046,True,6.93371488804856,46584306.3583815,6233.748554913294,4.322303516355351,3776.0,54446,1.0664081640213254,고특화·결제건수 증가
서울특별시,강동구,499011.0,슈퍼마켓,353.0,4020.0,14310940000.0,869831.0,-1.629701037035529,0.5715041979127697,-2.188696741192801,True,7.073992356881912,40540906.515580736,2464.1104815864023,1.7431098713254818,3776.0,63862,0.9275675164775318,저특화·결제건수 증가
서울특별시,강동구,499011.0,일반한식,627.0,8001.0,36790440000.0,1116562.0,0.8126759100905888,1.2372368753644576,-0.4193723360867062,True,12.56485327978742,58676937.79904306,1780.8006379585327,2.23754987365008,3776.0,98173,1.0717384690326155,고특화·결제건수 증가
서울특별시,강동구,499011.0,갈비전문점,330.0,8002.0,13530000.0,518.0,-2.369703477011415,-3.0151573847743314,0.6655203951030553,True,6.613080673572326,41000.0,1.5696969696969696,0.0010380532693668074,3776.0,61512,0.900258920128028,저특화·결제건수 감소
서울특별시,강동구,499011.0,한정식,852.0,,,,,,,True,17.07377192085946,,,,3776.0,180762,0.790944113422669,판정불가
서울특별시,강동구,499011.0,일식회집,316.0,8004.0,4651250000.0,107135.0,-0.6738533295982981,1.373405032510786,-2.0195221433594455,True,6.332525735905621,14719145.569620254,339.0348101265823,0.21469466604944581,3776.0,44227,1.1989827710889083,고특화·결제건수 증가
서울특별시,강동구,499011.0,중국음식,169.0,8005.0,3025870000.0,126500.0,-0.5807914081294687,-0.5787750330821563,-0.0020281132605118,True,3.386698890405221,17904556.21301775,748.5207100591716,0.2535014258202725,3776.0,31984,0.8866807278109394,저특화·결제건수 감소
서울특별시,강동구,499011.0,서양음식,165.0,8006.0,13644610000.0,1323165.0,3.4583631037728915,4.7478727597647294,-1.231060471222458,True,3.306540336786163,82694606.06060606,8019.181818181818,2.6515748149840386,3776.0,23100,1.1986304479418886,고특화·결제건수 증가
서울특별시,강동구,499011.0,스넥,336.0,8021.0,4945500000.0,358919.0,2.7812351960116204,2.418453630402036,0.3542150391361354,True,6.733318504000914,14718750.0,1068.2113095238096,0.7192606976599715,3776.0,44410,1.2696144172750832,고특화·결제건수 증가
서울특별시,강동구,499011.0,제과점,282.0,8301.0,4611880000.0,419332.0,-0.7173168865516609,0.7192844343123238,-1.4263418658428668,True,5.651178030143624,16354184.397163121,1486.9929078014184,0.840326165154676,3776.0,31168,1.5182857445054465,고특화·결제건수 증가
서울특별시,강북구,278041.0,대형할인점,0.0,4004.0,2624890000.0,131062.0,-0.5797605643399408,-0.4533594755407573,-0.1269767499266643,False,0.0,,,0.4713765236062307,2857.0,0,,판정불가
서울특별시,강북구,278041.0,편의점,265.0,4010.0,11084450000.0,1407264.0,1.8906021391282115,2.9473388914916923,-1.0264828248521811,True,9.530968454292713,41828113.20754717,5310.4301886792455,5.061354260702558,2857.0,54446,1.0794809475624205,고특화·결제건수 증가
서울특별시,강북구,278041.0,슈퍼마켓,290.0,4020.0,13725320000.0,875608.0,-1.7039092300194487,0.7774319861397826,-2.462199291306145,True,10.430116421678818,47328689.655172415,3019.3379310344826,3.1492046137080503,2857.0,63862,1.0071416789968244,고특화·결제건수 증가
서울특별시,강북구,278041.0,일반한식,508.0,8001.0,27118660000.0,752766.0,1.2955296544836243,2.0900816716038464,-0.7782852203763146,True,18.27068669728565,53383188.97637795,1481.8228346456692,2.7073920752694747,2857.0,98173,1.1476427997191574,고특화·결제건수 증가
서울특별시,강북구,278041.0,갈비전문점,276.0,8002.0,14840000.0,401.0,11.578847893998567,0.0618025928067227,11.509931864869062,True,9.926593559942598,53768.115942028984,1.4528985507246377,0.0014422333396873124,2857.0,61512,0.9951403149556619,저특화·결제건수 증가
서울특별시,강북구,278041.0,한정식,765.0,,,,,,,True,27.513927802014813,,,,2857.0,180762,0.9386190921389267,판정불가
서울특별시,강북구,278041.0,일식회집,171.0,8004.0,2233840000.0,45502.0,0.8605155826418373,2.8578570351871297,-1.9418462625193744,True,6.150172096920958,13063391.812865498,266.093567251462,0.16365212324801018,2857.0,44227,0.8575189290361933,저특화·결제건수 증가
서울특별시,강북구,278041.0,중국음식,121.0,8005.0,1774340000.0,77301.0,-1.265641183639815,-1.2497651494386046,-0.0160769584246306,True,4.351876162148748,14663966.94214876,638.8512396694215,0.2780201481076532,2857.0,31984,0.8390496876019389,저특화·결제건수 감소
서울특별시,강북구,278041.0,서양음식,109.0,8006.0,6690990000.0,750472.0,2.7733400309816805,5.222103276391653,-2.327232747835996,True,3.9202851378034174,61385229.35779817,6885.064220183486,2.69914149352074,2857.0,23100,1.0465249929163125,고특화·결제건수 증가
서울특별시,강북구,278041.0,스넥,234.0,8021.0,2539540000.0,160274.0,4.554395888686293,2.917431044500169,1.5905613146118027,True,8.416024974733942,10852735.042735042,684.9316239316239,0.5764401652993624,2857.0,44410,1.1686115402369983,고특화·결제건수 증가
서울특별시,강북구,278041.0,제과점,118.0,8301.0,1862680000.0,189439.0,-2.4879698196467768,-0.7186622437884048,-1.7821149632400966,True,4.243978406062415,15785423.728813559,1605.415254237288,0.6813347671746254,2857.0,31168,0.8396690753428842,저특화·결제건수 감소
서울특별시,강서구,548515.0,대형할인점,0.0,4004.0,23042700000.0,677455.0,-2.8972751814959583,-1.9245515953226875,-0.9918115104196508,False,0.0,,,1.2350710554861764,5250.0,0,,판정불가
서울특별시,강서구,548515.0,편의점,529.0,4010.0,23648330000.0,3201196.0,1.90986124955274,2.6181592677892307,-0.6902267817805001,True,9.64422121546357,44703837.42911153,6051.410207939509,5.836113871088302,5250.0,54446,1.1726697348005801,고특화·결제건수 증가
서울특별시,강서구,548515.0,슈퍼마켓,432.0,4020.0,16363770000.0,1129707.0,-1.0696288579848428,0.6841262725311177,-1.7418387539748847,True,7.875810141928661,37879097.222222224,2615.0625,2.059573575927732,5250.0,63862,0.8164456036900996,저특화·결제건수 증가
서울특별시,강서구,548515.0,일반한식,795.0,8001.0,50297370000.0,1529093.0,0.3769265515510468,0.5717959418681476,-0.1937614700942386,True,14.493678386188163,63267132.0754717,1923.3874213836477,2.787695869757436,5250.0,98173,0.9773746927799468,저특화·결제건수 증가
서울특별시,강서구,548515.0,갈비전문점,494.0,,,,,,,True,9.006134745631387,,,,5250.0,61512,0.969288643640575,판정불가
서울특별시,강서구,548515.0,한정식,1280.0,,,,,,,True,23.3357337538627,,,,5250.0,180762,0.8546510987085887,판정불가
서울특별시,강서구,548515.0,일식회집,428.0,8004.0,5599620000.0,130885.0,-0.1275566527867064,1.9410362302550457,-2.02920527349697,True,7.802885973947841,13083224.29906542,305.80607476635515,0.23861699315424373,5250.0,44227,1.1679985701473028,고특화·결제건수 증가
서울특별시,강서구,548515.0,중국음식,287.0,8005.0,4636130000.0,166174.0,-1.5629785720474692,-1.2443278884576303,-0.3226657029176963,True,5.232309052623903,16153763.066202091,579.0034843205575,0.3029525172511235,5250.0,31984,1.0830166750041688,고특화·결제건수 감소
서울특별시,강서구,548515.0,서양음식,232.0,8006.0,18973180000.0,1960884.0,1.8956364739600944,3.594158849862112,-1.639592805964784,True,4.229601742887615,81780948.27586207,8452.086206896553,3.574895855172602,5250.0,23100,1.212165804988662,고특화·결제건수 증가
서울특별시,강서구,548515.0,스넥,434.0,8021.0,4704380000.0,325729.0,2.5088666018437693,1.149595980336909,1.343822096700361,True,7.9122722259190725,10839585.253456222,750.5276497695853,0.5938379078056206,5250.0,44410,1.1794919462583502,고특화·결제건수 증가
서울특별시,강서구,548515.0,제과점,339.0,8301.0,5070360000.0,508138.0,-0.6926695709597384,0.6509908740178625,-1.3349699126751762,True,6.180323236374575,14956814.159292035,1498.9321533923303,0.9263885217359599,5250.0,31168,1.3127341595775888,고특화·결제건수 증가
서울특별시,관악구,477797.0,대형할인점,0.0,4004.0,3666760000.0,227598.0,-4.612715110959532,-0.3972999758544037,-4.232229783011148,False,0.0,,,0.476348742248277,4231.0,0,,판정불가
서울특별시,관악구,477797.0,편의점,406.0,4010.0,22749960000.0,3139993.0,2.5439817646307468,3.529043318376939,-0.9514832960610504,True,8.497332549178836,56034384.236453205,7733.972906403941,6.571813971205344,4231.0,54446,1.1167664446849617,고특화·결제건수 증가
서울특별시,관악구,477797.0,슈퍼마켓,361.0,4020.0,20699510000.0,1504518.0,-1.1802828588964076,0.8953648824260715,-2.0572280438663144,True,7.555509975993989,57339362.88088643,4167.6398891966755,3.148864475917597,4231.0,63862,0.8465780189396065,저특화·결제건수 증가
서울특별시,관악구,477797.0,일반한식,654.0,8001.0,41270360000.0,1374148.0,0.9712280128326184,1.6880303748929584,-0.7049033789106962,True,13.687821396953101,63104525.99388379,2101.1437308868503,2.8760080117706894,4231.0,98173,0.9976724677128375,저특화·결제건수 증가
서울특별시,관악구,477797.0,갈비전문점,375.0,8002.0,20320000.0,834.0,2.6680456773884376,6.985250478884157,-4.035327096184923,True,7.848521443207053,54186.666666666664,2.224,0.0017455111689692485,4231.0,61512,0.913006188737735,저특화·결제건수 증가
서울특별시,관악구,477797.0,한정식,1050.0,,,,,,,True,21.975860040979747,,,,4231.0,180762,0.8699303100683746,판정불가
서울특별시,관악구,477797.0,일식회집,357.0,8004.0,5271690000.0,135408.0,-0.1431656528189366,1.486272279358559,-1.6055747201869384,True,7.471792413933114,14766638.655462185,379.29411764705884,0.2834006910884748,4231.0,44227,1.2088795649923585,고특화·결제건수 증가
서울특별시,관악구,477797.0,중국음식,231.0,8005.0,4332270000.0,159438.0,0.1897797804322293,0.5356037098133656,-0.3439815514306458,True,4.834689209015544,18754415.584415585,690.2077922077922,0.3336940164965456,4231.0,31984,1.0816369245837762,고특화·결제건수 증가
서울특별시,관악구,477797.0,서양음식,201.0,8006.0,13621110000.0,1589134.0,3.271131555205787,5.601639291959298,-2.2068859464484936,True,4.20680749355898,67766716.41791044,7906.139303482587,3.325960606701172,4231.0,23100,1.3031259074180368,고특화·결제건수 증가
서울특별시,관악구,477797.0,스넥,368.0,8021.0,4670500000.0,350615.0,3.1622233611306534,2.5175840904266304,0.6288084882447421,True,7.702015709600521,12691576.086956521,952.758152173913,0.7338158255493442,4231.0,44410,1.2409930435392558,고특화·결제건수 증가
서울특별시,관악구,477797.0,제과점,228.0,8301.0,4141150000.0,409073.0,-0.2883989295377728,0.8243116203822438,-1.103613336939531,True,4.771901037469887,18162938.59649123,1794.1798245614036,0.8561648566232103,4231.0,31168,1.0955399352680446,고특화·결제건수 증가
서울특별시,광진구,330905.0,대형할인점,0.0,4004.0,10249800000.0,409443.0,-4.340930639746349,-1.6102030052201823,-2.7754174903634343,False,0.0,,,1.2373430440760944,3724.0,0,,판정불가
서울특별시,광진구,330905.0,편의점,373.0,4010.0,15385970000.0,2123799.0,4.128991775404805,5.4739543125711085,-1.2751608166510335,True,11.272117375077439,41249249.32975871,5693.8310991957105,6.418153246400024,3724.0,54446,1.1656777517178898,고특화·결제건수 증가
서울특별시,광진구,330905.0,슈퍼마켓,278.0,4020.0,11934560000.0,749315.0,-1.314379239193182,0.935159606772315,-2.228696972124843,True,8.40120276212206,42930071.942446046,2695.377697841727,2.264441456007011,3724.0,63862,0.740692479329338,저특화·결제건수 증가
서울특별시,광진구,330905.0,일반한식,548.0,8001.0,37497630000.0,1123124.0,1.0788035196085202,2.044258141674997,-0.9461136174130058,True,16.560644293679456,68426332.11678833,2049.4963503649633,3.39409800395884,3724.0,98173,0.9497824720588218,저특화·결제건수 증가
서울특별시,광진구,330905.0,갈비전문점,346.0,,,,,,,True,10.4561732219217,,,,3724.0,61512,0.9570880757995541,판정불가
서울특별시,광진구,330905.0,한정식,864.0,,,,,,,True,26.110212900983665,,,,3724.0,180762,0.8132840577466598,판정불가
서울특별시,광진구,330905.0,일식회집,349.0,8004.0,4763540000.0,118975.0,1.457397173276124,3.682720606142962,-2.1462818682393294,True,10.546833683383449,13649111.747851003,340.9025787965616,0.35954428008038564,3724.0,44227,1.34268333978663,고특화·결제건수 증가
서울특별시,광진구,330905.0,중국음식,254.0,8005.0,6192120000.0,177919.0,-0.7140298612932476,1.051114562293295,-1.746783725476282,True,7.675919070428068,24378425.196850393,700.4685039370079,0.5376739547604298,3724.0,31984,1.35125276118188,고특화·결제건수 증가
서울특별시,광진구,330905.0,서양음식,215.0,8006.0,15252440000.0,1442581.0,3.283822833393932,5.649476711516285,-2.239153426743368,True,6.497333071425334,70941581.39534883,6709.679069767441,4.359501971865037,3724.0,23100,1.58366068231804,고특화·결제건수 증가
서울특별시,광진구,330905.0,스넥,287.0,8021.0,4282060000.0,301732.0,4.459675075611139,3.17299273829949,1.2471115775185366,True,8.673184146507307,14920069.68641115,1051.3310104529617,0.9118387452592134,3724.0,44410,1.0996051827384268,고특화·결제건수 증가
서울특별시,광진구,330905.0,제과점,210.0,8301.0,2890130000.0,290252.0,0.0545941867759232,1.5417551738232598,-1.4645807377483084,True,6.346232302322418,13762523.80952381,1382.152380952381,0.8771460086731842,3724.0,31168,1.146425966095938,고특화·결제건수 증가
서울특별시,구로구,382633.0,대형할인점,0.0,4004.0,14955700000.0,464433.0,-3.943177056499677,-3.2039562074908092,-0.7636891137756437,False,0.0,,,1.2137818745377424,3716.0,0,,판정불가
서울특별시,구로구,382633.0,편의점,337.0,4010.0,17785680000.0,2429172.0,2.5866523113818976,3.629610048555635,-1.00642831395876,True,8.807395075699167,52776498.516320474,7208.225519287834,6.348568994310475,3716.0,54446,1.055439985825321,고특화·결제건수 증가
서울특별시,구로구,382633.0,슈퍼마켓,431.0,4020.0,20317710000.0,1278545.0,-0.934158471853302,0.387987436959152,-1.3170359746904026,True,11.264057203638997,47140858.46867749,2966.461716937355,3.3414394471987516,3716.0,63862,1.1508119853024041,고특화·결제건수 증가
서울특별시,구로구,382633.0,일반한식,583.0,8001.0,36744400000.0,1140799.0,0.6103895793297425,1.26597834058917,-0.6473929072748128,True,15.236532133924674,63026415.094339624,1956.7735849056603,2.9814443605230077,3716.0,98173,1.012619097740257,고특화·결제건수 증가
서울특별시,구로구,382633.0,갈비전문점,342.0,,,,,,,True,8.938068593142777,,,,3716.0,61512,0.9480601227957516,판정불가
서울특별시,구로구,382633.0,한정식,835.0,,,,,,,True,21.82247741308251,,,,3716.0,180762,0.7876784416130785,판정불가
서울특별시,구로구,382633.0,일식회집,255.0,8004.0,2966130000.0,80432.0,0.9086620532049462,3.753831211451057,-2.7422304555169723,True,6.664349389623999,11631882.352941176,315.41960784313727,0.2102066471004853,3716.0,44227,0.9831557434035578,저특화·결제건수 증가
서울특별시,구로구,382633.0,중국음식,350.0,8005.0,5727410000.0,197365.0,0.7971796324392417,1.7181481749621172,-0.9054122190061478,True,9.147146221052548,16364028.57142857,563.9,0.5158075754051532,3716.0,31984,1.8659709968008762,고특화·결제건수 증가
서울특별시,구로구,382633.0,서양음식,88.0,8006.0,10722120000.0,1345570.0,3.059517484144977,5.229499912386501,-2.0621426786673216,True,2.299853907007498,121842272.72727273,15290.568181818182,3.516607297331908,3716.0,23100,0.6495914706033112,저특화·결제건수 증가
서울특별시,구로구,382633.0,스넥,309.0,8021.0,4215990000.0,294357.0,3.9653799810689767,2.148701805380433,1.7784642815625424,True,8.075623378014965,13643980.582524272,952.6116504854369,0.7692932914829614,3716.0,44410,1.1864442278610918,고특화·결제건수 증가
서울특별시,구로구,382633.0,제과점,186.0,8301.0,3451430000.0,377688.0,-1.2718735651238169,0.1599553254434422,-1.4295422615903957,True,4.861054848902212,18556075.268817205,2030.5806451612902,0.9870763891248272,3716.0,31168,1.0175918747499575,고특화·결제건수 증가
서울특별시,금천구,222503.0,대형할인점,0.0,4004.0,19072180000.0,746854.0,-4.764796760227373,-2.4544153597188605,-2.3685145863121293,False,0.0,,,3.356601933457077,2812.0,0,,판정불가
서울특별시,금천구,222503.0,편의점,294.0,4010.0,13545180000.0,1936409.0,1.865571180148829,2.6230159066065526,-0.7380846487176036,True,13.213304989146213,46072040.81632653,6586.425170068027,8.702844456029807,2812.0,54446,1.2167780371891834,고특화·결제건수 증가
서울특별시,금천구,222503.0,슈퍼마켓,277.0,4020.0,12909450000.0,898558.0,-1.6272302994463497,0.7246333608626122,-2.334943878011466,True,12.449270346916672,46604512.63537906,3243.8916967509026,4.038408470897021,2812.0,63862,0.9773885885608695,저특화·결제건수 증가
서울특별시,금천구,222503.0,일반한식,446.0,8001.0,24127880000.0,901622.0,-0.1590350215786809,0.723791490852952,-0.876482605911211,True,20.044673554963307,54098385.65022422,2021.57399103139,4.052179071742853,2812.0,98173,1.0237002438534963,고특화·결제건수 증가
서울특별시,금천구,222503.0,갈비전문점,262.0,,,,,,,True,11.775122133184722,,,,2812.0,61512,0.9597794654831022,판정불가
서울특별시,금천구,222503.0,한정식,718.0,8003.0,17450000.0,347.0,13.975651374728075,13.938516280018826,0.0325922224737093,True,32.26922783063599,24303.621169916434,0.4832869080779944,0.0015595295344332436,2812.0,180762,0.8950500412801233,저특화·결제건수 증가
서울특별시,금천구,222503.0,일식회집,172.0,8004.0,1512590000.0,49379.0,2.5810050554787054,2.951956805345259,-0.3603153950418815,True,7.730232850793023,8794127.906976745,287.08720930232556,0.22192509763913296,2812.0,44227,0.8763366520345169,저특화·결제건수 증가
서울특별시,금천구,222503.0,중국음식,205.0,8005.0,3197580000.0,114755.0,-0.676464086743869,-0.2406182932987146,-0.4368970476647378,True,9.213358921003312,15597951.219512194,559.780487804878,0.5157458551120659,2812.0,31984,1.4442789940489449,고특화·결제건수 감소
서울특별시,금천구,222503.0,서양음식,62.0,8006.0,7569990000.0,1001974.0,1.5057842483957469,3.894792908096669,-2.299449850017237,True,2.786479283425392,122096612.90322581,16160.870967741936,4.503193215372377,2812.0,23100,0.6047971279550227,저특화·결제건수 증가
서울특별시,금천구,222503.0,스넥,244.0,8021.0,2718120000.0,181701.0,3.753844689439563,2.6422506599760105,1.0829790094392322,True,10.966144276706382,11139836.06557377,744.6762295081967,0.8166226972220599,2812.0,44410,1.2380525063396395,고특화·결제건수 증가
서울특별시,금천구,222503.0,제과점,132.0,8301.0,2033980000.0,207677.0,-1.1946047853616113,0.6343681448804618,-1.817443646696298,True,5.932504280841157,15408939.393939395,1573.310606060606,0.933367190554734,2812.0,31168,0.954322155560943,저특화·결제건수 증가
서울특별시,노원구,481053.0,대형할인점,0.0,4004.0,23416980000.0,694111.0,-2.998407890571654,-1.2340217899910109,-1.7864310489883188,False,0.0,,,1.4428992231625206,3321.0,0,,판정불가
서울특별시,노원구,481053.0,편의점,316.0,4010.0,14278850000.0,2067665.0,3.0834248217255023,4.57900086037949,-1.4300921086927485,True,6.56892275903071,45186234.17721519,6543.243670886076,4.298206226756719,3321.0,54446,1.107382242482912,고특화·결제건수 증가
서울특별시,노원구,481053.0,슈퍼마켓,327.0,4020.0,16880970000.0,994180.0,-1.7359498349471598,0.8653937605024689,-2.5790248750986975,True,6.797587791781779,51623761.467889905,3040.3058103975536,2.0666745660041617,3321.0,63862,0.9769710359824256,저특화·결제건수 증가
서울특별시,노원구,481053.0,일반한식,524.0,8001.0,33174660000.0,994047.0,0.959199596962087,1.678950430858718,-0.7078661127467866,True,10.892770651050924,63310419.847328246,1897.0362595419847,2.066398089191835,3321.0,98173,1.0183936337420658,고특화·결제건수 증가
서울특별시,노원구,481053.0,갈비전문점,314.0,,,,,,,True,6.527347298530516,,,,3321.0,61512,0.9739715057299992,판정불가
서울특별시,노원구,481053.0,한정식,704.0,,,,,,,True,14.634562096068416,,,,3321.0,180762,0.7430909507741794,판정불가
서울특별시,노원구,481053.0,일식회집,283.0,8004.0,3690400000.0,91390.0,1.8725074169390343,3.091052450169022,-1.1820085296141027,True,5.882927660777503,13040282.685512368,322.9328621908127,0.18997906675563817,3321.0,44227,1.2208868202041632,고특화·결제건수 증가
서울특별시,노원구,481053.0,중국음식,155.0,8005.0,2669450000.0,107176.0,-2.479158328693603,-1.3248929397770417,-1.169763502979602,True,3.222098188765063,17222258.06451613,691.4580645161291,0.22279457772844158,3321.0,31984,0.9246457390092216,저특화·결제건수 감소
서울특별시,노원구,481053.0,서양음식,155.0,8006.0,12164250000.0,1340939.0,2.87534108472368,5.654767257097585,-2.630668018614372,True,3.222098188765063,78479032.25806452,8651.21935483871,2.7875078213835067,3321.0,23100,1.28025408296411,고특화·결제건수 증가
서울특별시,노원구,481053.0,스넥,310.0,8021.0,4278550000.0,313748.0,3.9626803625222538,2.201893851167122,1.7228511576501344,True,6.444196377530126,13801774.193548387,1012.0903225806452,0.652210879050749,3321.0,44410,1.3318563078797994,고특화·결제건수 증가
서울특별시,노원구,481053.0,제과점,233.0,8301.0,3371110000.0,347164.0,-0.3246086898336417,1.7725152961982689,-2.0605995439224536,True,4.843541148272643,14468283.261802575,1489.9742489270386,0.7216751584544738,3321.0,31168,1.4263412330963374,고특화·결제건수 증가
서울특별시,도봉구,298225.0,대형할인점,0.0,4004.0,5315140000.0,225006.0,-6.2187171203508536,-2.9380578917089175,-3.379964543653708,False,0.0,,,0.7544840305138738,2227.0,0,,판정불가
서울특별시,도봉구,298225.0,편의점,239.0,4010.0,8631220000.0,1166815.0,2.281406906075566,3.1281938017657622,-0.8211012570605745,True,8.014083326347556,36113891.21338912,4882.071129707113,3.9125324838628552,2227.0,54446,1.2489844516396789,고특화·결제건수 증가
서울특별시,도봉구,298225.0,슈퍼마켓,282.0,4020.0,9513260000.0,579578.0,-1.5683895334236964,0.4247592387798066,-1.9847184970236385,True,9.455947690502137,33734964.53900709,2055.241134751773,1.9434252661581022,2227.0,63862,1.2564109209607597,고특화·결제건수 증가
서울특별시,도봉구,298225.0,일반한식,388.0,8001.0,19373720000.0,557034.0,3.3056776344570085,2.964567857804362,0.3312885041422142,True,13.010311006790175,49932268.041237116,1435.6546391752577,1.8678313354011233,2227.0,98173,1.124513757229175,고특화·결제건수 증가
서울특별시,도봉구,298225.0,갈비전문점,201.0,,,,,,,True,6.739877609187694,,,,2227.0,61512,0.9297395792179861,판정불가
서울특별시,도봉구,298225.0,한정식,494.0,,,,,,,True,16.56467432307821,,,,2227.0,180762,0.7775797122322368,판정불가
서울특별시,도봉구,298225.0,일식회집,145.0,8004.0,1780980000.0,38426.0,0.9618949454098308,3.4391090634094463,-2.39485252766539,True,4.862100762846844,12282620.689655172,265.00689655172414,0.12884902338838125,2227.0,44227,0.9328367145825387,저특화·결제건수 증가
서울특별시,도봉구,298225.0,중국음식,90.0,8005.0,1232330000.0,52357.0,-0.0065668331630048,1.1383192854198658,-1.132000340397162,True,3.0178556459049375,13692555.555555556,581.7444444444444,0.1755620756140498,2227.0,31984,0.8006354996088075,저특화·결제건수 증가
서울특별시,도봉구,298225.0,서양음식,62.0,8006.0,5287450000.0,578715.0,4.633567022041998,5.470082778701553,-0.7931308430037963,True,2.0789672227345126,85281451.61290322,9334.112903225807,1.9405314779109732,2227.0,23100,0.7636683986571727,저특화·결제건수 증가
서울특별시,도봉구,298225.0,스넥,188.0,8021.0,2218630000.0,143377.0,5.389669422878085,3.895144979175432,1.4384930537439573,True,6.303965127001425,11801223.40425532,762.6436170212766,0.48076787660323583,2227.0,44410,1.2044871910890347,고특화·결제건수 증가
서울특별시,도봉구,298225.0,제과점,138.0,8301.0,1801070000.0,171796.0,-1.201396798518256,0.1816088217307253,-1.3804985131651617,True,4.627378657054238,13051231.88405797,1244.8985507246377,0.5760616983820941,2227.0,31168,1.2597816004624964,고특화·결제건수 증가
서울특별시,동대문구,352848.0,대형할인점,0.0,4004.0,5545110000.0,237884.0,-0.8980526594780944,0.6342358103542155,-1.522631396257588,False,0.0,,,0.6741826508865008,3805.0,0,,판정불가
서울특별시,동대문구,352848.0,편의점,348.0,4010.0,16637670000.0,2323465.0,3.1927050021760084,4.679090006226723,-1.4199445218355038,True,9.86260372738403,47809396.551724136,6676.623563218391,6.584889244093774,3805.0,54446,1.06439770845776,고특화·결제건수 증가
서울특별시,동대문구,352848.0,슈퍼마켓,382.0,4020.0,11879700000.0,796441.0,-4.068590169343513,-0.707623359353514,-3.3849192895783182,True,10.826191447875573,31098691.099476438,2084.9240837696334,2.257178728517662,3805.0,63862,0.9961196635764922,저특화·결제건수 감소
서울특별시,동대문구,352848.0,일반한식,621.0,8001.0,35526070000.0,1101274.0,2.031088526433801,2.9182779376479533,-0.862032895412064,True,17.599646306624948,57207842.190016106,1773.3880837359097,3.1211003038135403,3805.0,98173,1.0533924551891574,고특화·결제건수 증가
서울특별시,동대문구,352848.0,갈비전문점,297.0,,,,,,,True,8.417222146646715,,,,3805.0,61512,0.8040577961006807,판정불가
서울특별시,동대문구,352848.0,한정식,1024.0,,,,,,,True,29.02099487598059,,,,3805.0,180762,0.9433730918728179,판정불가
서울특별시,동대문구,352848.0,일식회집,258.0,8004.0,2778000000.0,68882.0,2.5652263637052695,6.132281216426563,-3.3609518346706904,True,7.311930349612298,10767441.860465117,266.984496124031,0.1952172040085249,3805.0,44227,0.9714554528992358,저특화·결제건수 증가
서울특별시,동대문구,352848.0,중국음식,212.0,8005.0,3116050000.0,127497.0,1.18709944823554,3.0130491126216583,-1.7725421003603696,True,6.008252845417857,14698349.056603774,601.4009433962265,0.3613368929397361,3805.0,31984,1.1038085402753939,고특화·결제건수 증가
서울특별시,동대문구,352848.0,서양음식,162.0,8006.0,10691710000.0,1249020.0,4.672100050861753,7.711627219880122,-2.8219118469109414,True,4.591212079989117,65998209.87654321,7710.0,3.539824513671609,3805.0,23100,1.167867843063638,고특화·결제건수 증가
서울특별시,동대문구,352848.0,스넥,311.0,8021.0,4363830000.0,280169.0,5.0627258392231385,5.3123568464104025,-0.2370386673154592,True,8.813993560966761,14031607.7170418,900.8649517684887,0.7940217884188092,3805.0,44410,1.1661926008425256,고특화·결제건수 증가
서울특별시,동대문구,352848.0,제과점,190.0,8301.0,3101610000.0,323448.0,0.6626351819597758,3.4842470088640027,-2.7266099995514828,True,5.384754908629211,16324263.157894736,1702.3578947368421,0.9166780029927901,3805.0,31168,1.0151619505298064,고특화·결제건수 증가
서울특별시,동작구,371999.0,대형할인점,0.0,4004.0,3423890000.0,209670.0,-4.494558701238313,-2.404319399774266,-2.1417334134142476,False,0.0,,,0.5636305473939446,2870.0,0,,판정불가
서울특별시,동작구,371999.0,편의점,300.0,4010.0,14377550000.0,2159937.0,3.726114727502748,4.856675920074439,-1.0781966743189766,True,8.064537807897333,47925166.666666664,7199.79,5.806297866392114,2870.0,54446,1.2165184671037417,고특화·결제건수 증가
서울특별시,동작구,371999.0,슈퍼마켓,252.0,4020.0,10553640000.0,722369.0,-0.4791011501017529,1.5715900193862635,-2.018961374038351,True,6.77421175863376,41879523.809523806,2866.5436507936506,1.9418573705843296,2870.0,63862,0.8712071990595575,저특화·결제건수 증가
서울특별시,동작구,371999.0,일반한식,428.0,8001.0,31080580000.0,980474.0,0.8580358716053023,1.6449636832967631,-0.7741926241848478,True,11.505407272600197,72618177.57009345,2290.8271028037384,2.6356898808867766,2870.0,98173,0.9625319109751891,저특화·결제건수 증가
서울특별시,동작구,371999.0,갈비전문점,238.0,,,,,,,True,6.397866660931885,,,,2870.0,61512,0.8542412505670122,판정불가
서울특별시,동작구,371999.0,한정식,657.0,,,,,,,True,17.66133779929516,,,,2870.0,180762,0.8024568004738131,판정불가
서울특별시,동작구,371999.0,일식회집,275.0,8004.0,4633060000.0,110266.0,0.5696247473987833,3.5564697822043754,-2.884266952212078,True,7.392492990572555,16847490.90909091,400.9672727272727,0.29641477530853577,2870.0,44227,1.3728043372058423,고특화·결제건수 증가
서울특별시,동작구,371999.0,중국음식,151.0,8005.0,2639820000.0,111516.0,0.8500307394167615,1.6170592835667483,-0.7548226149800471,True,4.059150696641658,17482251.65562914,738.5165562913908,0.29977499939515967,2870.0,31984,1.0423356713199807,고특화·결제건수 증가
서울특별시,동작구,371999.0,서양음식,123.0,8006.0,10983070000.0,1262336.0,4.977120095811721,5.854477749533869,-0.828833765349158,True,3.3064605012379067,89293252.03252032,10262.894308943089,3.3933854660899625,2870.0,23100,1.1755918367346938,고특화·결제건수 증가
서울특별시,동작구,371999.0,스넥,267.0,8021.0,3895920000.0,293422.0,2.607297811317007,0.9728669443474716,1.6186832328633178,True,7.177438649028626,14591460.674157303,1098.9588014981273,0.7887709375562838,2870.0,44410,1.3273758696090514,고특화·결제건수 증가
서울특별시,동작구,371999.0,제과점,179.0,8301.0,3124040000.0,340420.0,0.7990951063867953,3.0591212268199235,-2.1929413850319186,True,4.811840892045409,17452737.430167597,1901.7877094972066,0.9151099868548034,2870.0,31168,1.2679657595747267,고특화·결제건수 증가
서울특별시,마포구,356487.0,대형할인점,0.0,4004.0,8153010000.0,317982.0,-10.40748609525322,-7.346139369065428,-3.3040681795030182,False,0.0,,,0.8919876461133225,6262.0,0,,판정불가
서울특별시,마포구,356487.0,편의점,511.0,4010.0,21348170000.0,3004589.0,3.128481528860739,4.181616244601232,-1.0108642519692634,True,14.334323551770472,41777240.70450098,5879.821917808219,8.428326979665458,6262.0,54446,0.9497016332909265,저특화·결제건수 증가
서울특별시,마포구,356487.0,슈퍼마켓,293.0,4020.0,9782230000.0,560115.0,-0.0496197796751741,1.8001928557385434,-1.817101307494682,True,8.21909354338307,33386450.511945393,1911.655290102389,1.5712073652054632,6262.0,63862,0.4642558324595649,저특화·결제건수 증가
서울특별시,마포구,356487.0,일반한식,648.0,8001.0,57633280000.0,1681859.0,-0.2582377059146975,0.5769493724360477,-0.8303961131869545,True,18.177380942362554,88940246.91358025,2595.4614197530864,4.717869094805701,6262.0,98173,0.6679057878985312,저특화·결제건수 증가
서울특별시,마포구,356487.0,갈비전문점,495.0,,,,,,,True,13.885499330971397,,,,6262.0,61512,0.8142872123291521,판정불가
서울특별시,마포구,356487.0,한정식,1564.0,8003.0,188760000.0,488.0,-5.068356036155063,4.385645801262498,-9.056802556375231,True,43.87256758310963,120690.53708439898,0.31202046035805625,0.00136891387343718,6262.0,180762,0.8755115392816071,저특화·결제건수 증가
서울특별시,마포구,356487.0,일식회집,816.0,8004.0,12948640000.0,351860.0,-0.8991578886523003,0.7285255253879275,-1.6159110892872162,True,22.89003526075285,15868431.37254902,431.20098039215685,0.9870205645647667,6262.0,44227,1.866959689549726,고특화·결제건수 증가
서울특별시,마포구,356487.0,중국음식,333.0,8005.0,7272780000.0,234677.0,-2.1142187728751356,-0.8061683481154227,-1.318681215330274,True,9.341154095380757,21840180.18018018,704.7357357357357,0.6583045104029039,6262.0,31984,1.0535222697583222,고특화·결제건수 감소
서울특별시,마포구,356487.0,서양음식,690.0,8006.0,36438730000.0,2791761.0,1.3513204893441322,3.6886467790143658,-2.2541776388033,True,19.355544521960127,52809753.623188406,4046.0304347826086,7.831312221764048,6262.0,23100,3.022521330474061,고특화·결제건수 증가
서울특별시,마포구,356487.0,스넥,424.0,8021.0,6470700000.0,442110.0,2.98893514298764,1.383385965897428,1.583641305519505,True,11.893841851175498,15261084.905660378,1042.7122641509434,1.2401854766092453,6262.0,44410,0.966089466701753,저특화·결제건수 증가
서울특별시,마포구,356487.0,제과점,488.0,8301.0,4978610000.0,461331.0,-1.850859493825698,-0.0477458518702612,-1.8039749651700832,True,13.6891387343718,10202069.672131147,945.3504098360655,1.2941032912841142,6262.0,31168,1.5843208964865487,고특화·결제건수 감소
서울특별시,서대문구,299810.0,대형할인점,0.0,4004.0,2743110000.0,192388.0,-2.6343839041044617,-1.2787492832006722,-1.3731943336016332,False,0.0,,,0.6416997431706748,3123.0,0,,판정불가
서울특별시,서대문구,299810.0,편의점,299.0,4010.0,14339270000.0,2078061.0,3.624683724396853,5.272382705997589,-1.5651768671393784,True,9.972982889163136,47957424.74916388,6950.036789297659,6.931259797871985,3123.0,54446,1.114239504937276,고특화·결제건수 증가
서울특별시,서대문구,299810.0,슈퍼마켓,237.0,4020.0,12375070000.0,717399.0,-3.685589168995097,-1.4637262201097552,-2.2548680436694166,True,7.905006504119275,52215485.23206751,3027.0,2.3928454687969047,3123.0,63862,0.752972600532049,저특화·결제건수 감소
서울특별시,서대문구,299810.0,일반한식,423.0,8001.0,26630610000.0,883069.0,1.475805191405148,2.321173422436323,-0.8261909072729794,True,14.108935659250859,62956524.82269503,2087.6335697399527,2.9454287715553185,3123.0,98173,0.8742218311255572,저특화·결제건수 증가
서울특별시,서대문구,299810.0,갈비전문점,248.0,8002.0,15560000.0,296.0,-4.554391095435795,-5.114530361388999,0.5903319739962359,True,8.271905540175444,62741.93548387097,1.1935483870967742,0.0009872919515693272,3123.0,61512,0.8180223612067374,저특화·결제건수 감소
서울특별시,서대문구,299810.0,한정식,791.0,,,,,,,True,26.383376138220875,,,,3123.0,180762,0.8878563155824958,판정불가
서울특별시,서대문구,299810.0,일식회집,253.0,8004.0,3022860000.0,108240.0,3.0807969455035105,4.870534848701743,-1.7066165494247676,True,8.438677829291885,11948063.241106719,427.82608695652175,0.3610286514792702,3123.0,44227,1.1606636477612249,고특화·결제건수 증가
서울특별시,서대문구,299810.0,중국음식,177.0,8005.0,3956250000.0,134967.0,0.8501934766356433,2.6875246962949415,-1.7892448231597071,True,5.9037390347219905,22351694.91525424,762.5254237288135,0.45017511090357226,3123.0,31984,1.1228295463774154,고특화·결제건수 증가
서울특별시,서대문구,299810.0,서양음식,190.0,8006.0,13558640000.0,1383795.0,4.92047329784919,7.280970527936587,-2.200294440357159,True,6.337346986424736,71361263.15789473,7283.131578947368,4.615573196357693,3123.0,23100,1.668841010627754,고특화·결제건수 증가
서울특별시,서대문구,299810.0,스넥,299.0,8021.0,3817850000.0,276963.0,2.685848901399364,1.3913648650470996,1.2767202000635944,True,9.972982889163136,12768729.096989967,926.2976588628762,0.9237950702111337,3123.0,44410,1.3660410737630022,고특화·결제건수 증가
서울특별시,서대문구,299810.0,제과점,206.0,8301.0,3567500000.0,352301.0,1.2549899955785615,3.451740180952149,-2.123454068081528,True,6.8710183115973456,17317961.165048543,1710.1990291262136,1.1750808845602214,3123.0,31168,1.3410088000468143,고특화·결제건수 증가
서울특별시,서초구,414383.0,대형할인점,0.0,4004.0,24047440000.0,729947.0,-2.3159652108612554,-1.2608525738632494,-1.0685859302028695,False,0.0,,,1.7615273792602495,4967.0,0,,판정불가
서울특별시,서초구,414383.0,편의점,481.0,4010.0,21498850000.0,3162725.0,3.794720694753379,4.064765811660014,-0.2594971648669034,True,11.607619038425804,44696153.84615385,6575.31185031185,7.632371501726664,4967.0,54446,1.1270164742518638,고특화·결제건수 증가
서울특별시,서초구,414383.0,슈퍼마켓,266.0,4020.0,4519170000.0,246677.0,-2.3577358031896427,-0.2592303370989433,-2.1039595675700675,True,6.419182254098263,16989360.90225564,927.3571428571429,0.5952874514639838,4967.0,63862,0.5313617493760785,저특화·결제건수 감소
서울특별시,서초구,414383.0,일반한식,583.0,8001.0,67486720000.0,2036078.0,0.716752331069403,0.4056421185725444,0.3098533169376166,True,14.069109977967242,115757667.23842196,3492.4150943396226,4.913517205097699,4967.0,98173,0.7575785317501097,저특화·결제건수 증가
서울특별시,서초구,414383.0,갈비전문점,370.0,,,,,,,True,8.928937721866003,,,,4967.0,61512,0.7673491971187233,판정불가
서울특별시,서초구,414383.0,한정식,1407.0,,,,,,,True,33.95409560720396,,,,4967.0,180762,0.9929745701922795,판정불가
서울특별시,서초구,414383.0,일식회집,508.0,8004.0,8144050000.0,182402.0,-1.0646466346294423,0.3157712144395516,-1.376072607883535,True,12.25919016948089,16031594.488188976,359.0590551181102,0.44017732387670344,4967.0,44227,1.4653028617769128,고특화·결제건수 증가
서울특별시,서초구,414383.0,중국음식,249.0,8005.0,9012680000.0,221070.0,-2.1285546049363653,-1.0221341081295092,-1.1178463859946302,True,6.008933764174689,36195502.00803213,887.8313253012049,0.5334919627494371,4967.0,31984,0.9931566095107148,저특화·결제건수 감소
서울특별시,서초구,414383.0,서양음식,405.0,8006.0,35557140000.0,2742995.0,2.2338510117286976,3.3525239775234907,-1.082385724840237,True,9.773566965826301,87795407.4074074,6772.827160493827,6.6194679801053615,4967.0,23100,2.236630331617245,고특화·결제건수 증가
서울특별시,서초구,414383.0,스넥,388.0,8021.0,7685090000.0,550203.0,2.0895540793156293,1.3747807187978356,0.7050800558577467,True,9.363318475902728,19806932.98969072,1418.048969072165,1.3277644111848217,4967.0,44410,1.1145565778044122,고특화·결제건수 증가
서울특별시,서초구,414383.0,제과점,310.0,8301.0,6309900000.0,573818.0,-1.024962384637654,0.8480282838604911,-1.8572407417090768,True,7.481001875076921,20354516.129032258,1851.0258064516129,1.3847527528880288,4967.0,31168,1.2688314229148518,고특화·결제건수 증가
서울특별시,성동구,274517.0,대형할인점,0.0,4004.0,16420330000.0,413359.0,-4.778879881131582,-2.952243927029886,-1.882203183274303,False,0.0,,,1.5057683130735073,3396.0,0,,판정불가
서울특별시,성동구,274517.0,편의점,285.0,4010.0,13534020000.0,1876514.0,3.510912810099294,5.305859901766233,-1.7045082708040775,True,10.38187070381798,47487789.473684214,6584.259649122807,6.835693235755891,3396.0,54446,0.9766895172433309,저특화·결제건수 증가
서울특별시,성동구,274517.0,슈퍼마켓,245.0,4020.0,9185200000.0,521704.0,-1.957973859530953,0.0645930088972724,-2.0212612749531127,True,8.924766043633,37490612.24489796,2129.4040816326533,1.9004433240928613,3396.0,63862,0.7158156912178752,저특화·결제건수 증가
서울특별시,성동구,274517.0,일반한식,424.0,8001.0,30243830000.0,927300.0,1.372555915450154,2.040461440860177,-0.6545496913467965,True,15.44530939796078,71329787.73584905,2187.0283018867926,3.3779328784738287,3396.0,98173,0.8058448585935957,저특화·결제건수 증가
서울특별시,성동구,274517.0,갈비전문점,304.0,,,,,,,True,11.073995417405843,,,,3396.0,61512,0.9221283644310988,판정불가
서울특별시,성동구,274517.0,한정식,892.0,,,,,,,True,32.49343392212504,,,,3396.0,180762,0.9207365041713415,판정불가
서울특별시,성동구,274517.0,일식회집,330.0,8004.0,4520810000.0,124771.0,2.491129839691238,4.275762196728077,-1.7114546270780169,True,12.02111344652608,13699424.242424242,378.0939393939394,0.45451101388985016,3396.0,44227,1.3922079320780094,고특화·결제건수 증가
서울특별시,성동구,274517.0,중국음식,139.0,8005.0,2711540000.0,103896.0,1.118784346994166,0.6606846362191695,0.4550929813665904,True,5.063438694142804,19507482.01438849,747.4532374100719,0.37846836443644655,3396.0,31984,0.8108857505902539,저특화·결제건수 증가
서울특별시,성동구,274517.0,서양음식,309.0,8006.0,19604700000.0,1534342.0,2.9932348755328815,5.3553465153002096,-2.2420424951326856,True,11.256133499928966,63445631.067961164,4965.508090614887,5.5892421962938545,3396.0,23100,2.4958825509002183,고특화·결제건수 증가
서울특별시,성동구,274517.0,스넥,228.0,8021.0,3105510000.0,236027.0,4.346188082335474,1.0740820018900463,3.2373344537367976,True,8.305496563054383,13620657.894736841,1035.2061403508771,0.8597901040737004,3396.0,44410,0.9579254664414392,저특화·결제건수 증가
서울특별시,성동구,274517.0,제과점,240.0,8301.0,3444400000.0,311863.0,-1.3065824133979758,0.8254916714519575,-2.114618088645116,True,8.742627961109877,14351666.666666666,1299.4291666666666,1.1360425765981705,3396.0,31168,1.4367458515030365,고특화·결제건수 증가
서울특별시,성북구,421762.0,대형할인점,0.0,4004.0,6586420000.0,280551.0,-4.709854258984882,-2.497924878659475,-2.268597235056453,False,0.0,,,0.6651879496019082,3326.0,0,,판정불가
서울특별시,성북구,421762.0,편의점,330.0,4010.0,14685890000.0,2135177.0,4.629158744741424,6.64602175091977,-1.8911750978286583,True,7.824317980282718,44502696.96969697,6470.233333333334,5.062516300662459,3326.0,54446,1.1547049911745375,고특화·결제건수 증가
서울특별시,성북구,421762.0,슈퍼마켓,326.0,4020.0,17764310000.0,1019546.0,-1.6079290028272402,0.7772134187597156,-2.3667477405591426,True,7.729477762339898,54491748.46625767,3127.441717791411,2.41734912106828,3326.0,63862,0.9725191607060572,저특화·결제건수 증가
서울특별시,성북구,421762.0,일반한식,512.0,8001.0,29453850000.0,876551.0,3.0403597361140813,3.4308360147559025,-0.377524047650653,True,12.139547896681067,57527050.78125,1712.013671875,2.0783071969499387,3326.0,98173,0.9935757436898902,저특화·결제건수 증가
서울특별시,성북구,421762.0,갈비전문점,294.0,,,,,,,True,6.970756018797331,,,,3326.0,61512,0.9105641854139191,판정불가
서울특별시,성북구,421762.0,한정식,782.0,,,,,,,True,18.541262607821473,,,,3326.0,180762,0.8241811874596247,판정불가
서울특별시,성북구,421762.0,일식회집,225.0,8004.0,2930010000.0,76089.0,2.17911718075099,5.728043673689138,-3.3566557836739044,True,5.334762259283672,13022266.666666666,338.17333333333335,0.18040743357628236,3326.0,44227,0.9692105185050813,저특화·결제건수 증가
서울특별시,성북구,421762.0,중국음식,162.0,8005.0,2911070000.0,115658.0,0.5237161840369832,2.635535300578984,-2.057590590195994,True,3.841028826684244,17969567.901234567,713.9382716049382,0.2742257481707693,3326.0,31984,0.9649511316091,저특화·결제건수 증가
서울특별시,성북구,421762.0,서양음식,172.0,8006.0,12305050000.0,1333887.0,6.732622827421553,8.189365307359143,-1.3464747443513791,True,4.078129371541296,71540988.37209302,7755.156976744186,3.1626533447773864,3326.0,23100,1.4185333447871031,고특화·결제건수 증가
서울특별시,성북구,421762.0,스넥,309.0,8021.0,3580780000.0,256597.0,6.150161075397973,6.6295799886734645,-0.4496115555612149,True,7.32640683608291,11588284.789644012,830.411003236246,0.60839288508685,3326.0,44410,1.3255642666060785,고특화·결제건수 증가
서울특별시,성북구,421762.0,제과점,214.0,8301.0,3199900000.0,291712.0,0.6904357403854603,1.8815877918341928,-1.169153403736178,True,5.0739516599409145,14952803.738317758,1363.1401869158879,0.6916507414134038,3326.0,31168,1.3080607675695564,고특화·결제건수 증가
서울특별시,송파구,650258.0,대형할인점,0.0,4004.0,25131080000.0,865021.0,-2.5074838644430137,-1.3189223389451716,-1.2044472493300518,False,0.0,,,1.3302735222019568,6056.0,0,,판정불가
서울특별시,송파구,650258.0,편의점,583.0,4010.0,25562030000.0,3625739.0,4.097287313748617,5.040573849888989,-0.8980211184759198,True,8.965672087079282,43845677.53001715,6219.106346483705,5.575846817724657,6056.0,54446,1.1203714576963075,고특화·결제건수 증가
서울특별시,송파구,650258.0,슈퍼마켓,420.0,4020.0,19693650000.0,1213356.0,-1.1540866148907667,0.7915975669360203,-1.9304031574007767,True,6.458974745408746,46889642.85714286,2888.942857142857,1.86596089552147,6056.0,63862,0.6881232555319601,저특화·결제건수 증가
서울특별시,송파구,650258.0,일반한식,873.0,8001.0,63887300000.0,1762331.0,1.594475795579765,1.907748006622432,-0.3074076477700874,True,13.425440363671035,73181328.75143184,2018.7067583046965,2.710202719535938,6056.0,98173,0.9304255794313225,저특화·결제건수 증가
서울특별시,송파구,650258.0,갈비전문점,522.0,,,,,,,True,8.027582897865155,,,,6056.0,61512,0.8879123885225734,판정불가
서울특별시,송파구,650258.0,한정식,1465.0,8003.0,18890000.0,477.0,16.15189777826617,10.623382646551304,4.997600868325294,True,22.52951905243765,12894.19795221843,0.32559726962457336,0.0007335549889428503,6056.0,180762,0.8479884699758546,저특화·결제건수 증가
서울특별시,송파구,650258.0,일식회집,632.0,8004.0,8444030000.0,199969.0,1.0113693200220777,2.8279583933605146,-1.766629525395422,True,9.719219140710303,13360806.962025316,316.40664556962025,0.3075225525868194,6056.0,44227,1.4951647766287046,고특화·결제건수 증가
서울특별시,송파구,650258.0,중국음식,287.0,8005.0,6488720000.0,207941.0,-2.0302581913956628,-0.9344171426763992,-1.106177359595731,True,4.413632742695976,22608780.48780488,724.5331010452961,0.31978230179405714,6056.0,31984,0.9388767410455559,저특화·결제건수 감소
서울특별시,송파구,650258.0,서양음식,397.0,8006.0,30129140000.0,2614282.0,6.104294778813999,6.608855146398858,-0.4732818553318161,True,6.105268985541123,75892040.302267,6585.093198992443,4.020376527470635,6056.0,23100,1.7981999748380197,고특화·결제건수 증가
서울특별시,송파구,650258.0,스넥,491.0,8021.0,6893930000.0,476313.0,3.11957534323496,-0.0155698294704733,3.1356333854763765,True,7.5508490476087955,14040590.631364562,970.0875763747454,0.7324984852166371,6056.0,44410,1.156805059257781,고특화·결제건수 감소
서울특별시,송파구,650258.0,제과점,386.0,8301.0,5579530000.0,508134.0,1.3847071486782252,1.5347546399254055,-0.1477794394434758,True,5.936105361256608,14454740.932642488,1316.4093264248704,0.7814344460198875,6056.0,31168,1.2957995651130176,고특화·결제건수 증가
서울특별시,양천구,421247.0,대형할인점,0.0,4004.0,8157640000.0,346252.0,-4.179758129185693,-1.3253824395224445,-2.8927152293382994,False,0.0,,,0.8219690585333546,2845.0,0,,판정불가
서울특별시,양천구,421247.0,편의점,273.0,4010.0,12032980000.0,1660246.0,2.210193869846662,3.074846581492231,-0.8388590818439379,True,6.480758319940557,44076849.81684982,6081.48717948718,3.941264863607337,2845.0,54446,1.1167596768136527,고특화·결제건수 증가
서울특별시,양천구,421247.0,슈퍼마켓,309.0,4020.0,17767010000.0,1038362.0,-1.602341178078875,0.1388343760080354,-1.7387615553312987,True,7.335363812679971,57498414.2394822,3360.3948220064726,2.464971857366343,2845.0,63862,1.0776531932128035,고특화·결제건수 증가
서울특별시,양천구,421247.0,일반한식,444.0,8001.0,27178180000.0,826557.0,1.023131056387525,1.0502363199089764,-0.026823552827378,True,10.540134410452774,61212117.117117114,1861.6148648648648,1.9621670896172554,2845.0,98173,1.007288704168211,고특화·결제건수 증가
서울특별시,양천구,421247.0,갈비전문점,239.0,8002.0,44720000.0,561.0,38.944938158060666,41.44835366930618,-1.7698442196777322,True,5.673630910131111,187112.97071129706,2.3472803347280333,0.0013317602261855872,2845.0,61512,0.8653685531175593,저특화·결제건수 증가
서울특별시,양천구,421247.0,한정식,615.0,,,,,,,True,14.59951050096499,,,,2845.0,180762,0.7577588793264927,판정불가
서울특별시,양천구,421247.0,일식회집,217.0,8004.0,2224660000.0,55469.0,0.5284314397963225,2.0030505207876614,-1.445661745862017,True,5.151371997901469,10251889.40092166,255.61751152073734,0.13167808910211823,2845.0,44227,1.0927864683411745,고특화·결제건수 증가
서울특별시,양천구,421247.0,중국음식,144.0,8005.0,2515530000.0,101382.0,-1.4843859528599788,-0.8500683636576047,-0.6397559521562608,True,3.418421970957657,17468958.333333332,704.0416666666666,0.24067115018029803,2845.0,31984,1.002750232761372,고특화·결제건수 감소
서울특별시,양천구,421247.0,서양음식,124.0,8006.0,10069290000.0,1043897.0,3.5941684551575426,4.928607722892624,-1.271759243445982,True,2.943641141657982,81203951.61290322,8418.524193548386,2.4781114168172116,2845.0,23100,1.19556381287137,고특화·결제건수 증가
서울특별시,양천구,421247.0,스넥,258.0,8021.0,3641200000.0,246675.0,3.642425617632352,2.166910008372749,1.4442206475058237,True,6.124672697965802,14113178.294573644,956.1046511627907,0.5855828053374861,2845.0,44410,1.2939038018084403,고특화·결제건수 증가
서울특별시,양천구,421247.0,제과점,222.0,8301.0,4001140000.0,398936.0,-0.4969249597301006,1.0583745745410478,-1.53901103280063,True,5.270067205226387,18023153.153153155,1797.009009009009,0.9470358245874748,2845.0,31168,1.5863795231376057,고특화·결제건수 증가
서울특별시,영등포구,371867.0,대형할인점,0.0,4004.0,16556600000.0,578082.0,-2.454870399542318,-1.4969863371110437,-0.9724413769811362,False,0.0,,,1.5545396606851374,5910.0,0,,판정불가
서울특별시,영등포구,371867.0,편의점,502.0,4010.0,23517520000.0,3357275.0,3.490463546949559,4.078088536838332,-0.5646000980127418,True,13.499450072203235,46847649.402390435,6687.798804780877,9.02816060580799,5910.0,54446,0.988543043595626,저특화·결제건수 증가
서울특별시,영등포구,371867.0,슈퍼마켓,479.0,4020.0,13912760000.0,959254.0,-1.5652664107925385,1.1732733763377263,-2.706781836487244,True,12.880949371683963,29045427.974947806,2002.617954070981,2.5795620477213625,5910.0,63862,0.8041755114838621,저특화·결제건수 증가
서울특별시,영등포구,371867.0,일반한식,831.0,8001.0,67016040000.0,1854063.0,0.9299568158896936,1.4537976246994977,-0.51633435226119,True,22.346699223109336,80645054.15162455,2231.1227436823106,4.9858228882907065,5910.0,98173,0.9075421555886968,저특화·결제건수 증가
서울특별시,영등포구,371867.0,갈비전문점,492.0,,,,,,,True,13.230536724151378,,,,5910.0,61512,0.857557206451566,판정불가
서울특별시,영등포구,371867.0,한정식,1596.0,8003.0,13460000.0,490.0,6.643020466051558,5.476775533087174,1.1056888372536096,True,42.91857034907642,8433.58395989975,0.30701754385964913,0.0013176754054541006,5910.0,180762,0.9466372615375508,저특화·결제건수 증가
서울특별시,영등포구,371867.0,일식회집,527.0,8004.0,8668980000.0,196700.0,0.3589016363568524,1.8383280923089989,-1.4527206835241535,True,14.171733442332878,16449677.41935484,373.2447817836812,0.5289525556180033,5910.0,44227,1.2775590413662292,고특화·결제건수 증가
서울특별시,영등포구,371867.0,중국음식,535.0,8005.0,13247710000.0,353623.0,-1.0280192743500778,-0.1898876619685704,-0.8397261487322888,True,14.386864120774362,24762074.766355142,660.977570093458,0.9509394487814191,5910.0,31984,1.7934069615179842,고특화·결제건수 감소
서울특별시,영등포구,371867.0,서양음식,269.0,8006.0,26016420000.0,2402650.0,1.4209139848775505,4.283630570065446,-2.745125548025934,True,7.23376906259496,96715315.98513012,8931.7843866171,6.461046556967948,5910.0,23100,1.2485275964869873,고특화·결제건수 증가
서울특별시,영등포구,371867.0,스넥,404.0,8021.0,5885310000.0,411195.0,4.169390279332127,2.831777579663004,1.3007775720232069,True,10.864099261295033,14567599.00990099,1017.809405940594,1.1057582415218343,5910.0,44410,0.975345395219366,저특화·결제건수 증가
서울특별시,영등포구,371867.0,제과점,275.0,8301.0,4317480000.0,399695.0,-0.4675204756268344,1.2289992326508343,-1.6759226319906666,True,7.395117071426075,15699927.272727273,1453.4363636363637,1.0748332064958708,5910.0,31168,0.9459792376753284,저특화·결제건수 증가
서울특별시,용산구,199648.0,대형할인점,0.0,4004.0,5315460000.0,160135.0,-5.011745296987278,-2.803823743279297,-2.271613595041299,False,0.0,,,0.8020866725436768,3637.0,0,,판정불가
서울특별시,용산구,199648.0,편의점,265.0,4010.0,16843010000.0,2429956.0,2.1394743312052107,3.317687825792849,-1.140379270366813,True,13.273361115563391,63558528.30188679,9169.645283018868,12.17120131431319,3637.0,54446,0.8479727982364134,저특화·결제건수 증가
서울특별시,용산구,199648.0,슈퍼마켓,228.0,4020.0,5858690000.0,435408.0,-2.1959838872293287,0.2235914715526492,-2.414177463864666,True,11.420099374899824,25696008.771929823,1909.6842105263158,2.180878345888764,3637.0,63862,0.6220056897327424,저특화·결제건수 증가
서울특별시,용산구,199648.0,일반한식,294.0,8001.0,33910100000.0,874458.0,0.6689009417964049,0.8115379440626841,-0.1414887672336377,True,14.725917615002404,115340476.1904762,2974.3469387755104,4.3799987978842765,3637.0,98173,0.5217437961364411,저특화·결제건수 증가
서울특별시,용산구,199648.0,갈비전문점,259.0,,,,,,,True,12.972832184644975,,,,3637.0,61512,0.7335706415897962,판정불가
서울특별시,용산구,199648.0,한정식,909.0,8003.0,52440000.0,524.0,-1.193758187979684,-0.1762088130689829,-1.019345551608284,True,45.53013303414009,57689.76897689769,0.5764576457645765,0.0026246193300208365,3637.0,180762,0.876110269842088,저특화·결제건수 감소
서울특별시,용산구,199648.0,일식회집,349.0,8004.0,5098640000.0,100568.0,0.6430882800210205,2.405468394422803,-1.720982426069109,True,17.48076614842122,14609283.667621776,288.1604584527221,0.5037265587433883,3637.0,44227,1.374801418027333,고특화·결제건수 증가
서울특별시,용산구,199648.0,중국음식,142.0,8005.0,12116370000.0,466310.0,-3.0432315344650367,-2.525554458762342,-0.5310900439887342,True,7.1125180317358545,85326549.29577465,3283.8732394366198,2.3356607629427795,3637.0,31984,0.7734951473537154,저특화·결제건수 감소
서울특별시,용산구,199648.0,서양음식,706.0,8006.0,32588820000.0,1781964.0,2.594267989209695,4.507545318737298,-1.830755208815164,True,35.362237538067,46159801.69971672,2524.028328611898,8.925528930918416,3637.0,23100,5.324695130733073,고특화·결제건수 증가
서울특별시,용산구,199648.0,스넥,240.0,8021.0,3373770000.0,204850.0,2.8044524733729967,2.6967772504835934,0.1048477136013143,True,12.021157236736656,14057375.0,853.5416666666666,1.0260558583106267,3637.0,44410,0.9415263835246306,저특화·결제건수 증가
서울특별시,용산구,199648.0,제과점,245.0,8301.0,3129500000.0,245500.0,-1.7257468000758176,0.2830997122299047,-2.0031755281500545,True,12.271598012502004,12773469.387755102,1002.0408163265306,1.2296642090078538,3637.0,31168,1.3694909762711442,고특화·결제건수 증가
서울특별시,은평구,453212.0,대형할인점,0.0,4004.0,20263490000.0,566989.0,-1.6578602521203338,-1.4784336730509953,-0.1821190890061998,False,0.0,,,1.2510458681588308,3345.0,0,,판정불가
서울특별시,은평구,453212.0,편의점,326.0,4010.0,15317680000.0,2000099.0,2.1182474860109433,3.130402544659471,-0.9814322776546804,True,7.193101683097535,46986748.46625767,6135.273006134969,4.413164258669232,3345.0,54446,1.1342292059707053,고특화·결제건수 증가
서울특별시,은평구,453212.0,슈퍼마켓,300.0,4020.0,16799890000.0,1031006.0,-1.4293406353773752,0.6020946241260531,-2.0192772994373787,True,6.619418726776873,55999633.333333336,3436.6866666666665,2.274886807939772,3345.0,63862,0.8898728241515161,저특화·결제건수 증가
서울특별시,은평구,453212.0,일반한식,534.0,8001.0,30347670000.0,908106.0,1.259505972916963,1.3372225289651647,-0.0766910263659515,True,11.782565333662834,56830842.69662921,1700.573033707865,2.0037112874328127,3345.0,98173,1.0303823227039628,고특화·결제건수 증가
서울특별시,은평구,453212.0,갈비전문점,335.0,,,,,,,True,7.3916842449008415,,,,3345.0,61512,1.0316542316484578,판정불가
서울특별시,은평구,453212.0,한정식,801.0,,,,,,,True,17.67384800049425,,,,3345.0,180762,0.8394108587547395,판정불가
서울특별시,은평구,453212.0,일식회집,238.0,8004.0,3143080000.0,67892.0,2.2469281158834473,3.8728103499547486,-1.5652625827621705,True,5.251405523242986,13206218.487394959,285.26050420168065,0.1498018587327785,3345.0,44227,1.0193860367678462,고특화·결제건수 증가
서울특별시,은평구,453212.0,중국음식,146.0,8005.0,2531550000.0,101315.0,-0.5626336708162151,0.5489724896592784,-1.105537066119476,True,3.2214504470314114,17339383.561643835,693.9383561643835,0.22354880276779962,3345.0,31984,0.8647076153921506,저특화·결제건수 증가
서울특별시,은평구,453212.0,서양음식,129.0,8006.0,9914620000.0,999968.0,5.653224657180025,5.9538693954519255,-0.2837505982436956,True,2.8463500525140555,76857519.37984496,7751.68992248062,2.2064023017925387,3345.0,23100,1.0578569293188127,고특화·결제건수 증가
서울특별시,은평구,453212.0,스넥,314.0,8021.0,3700420000.0,259650.0,3.8950613087490904,2.735772103196038,1.1284182537593233,True,6.92832493402646,11784777.070063693,826.9108280254777,0.5729106908025383,3345.0,44410,1.339362328674678,고특화·결제건수 증가
서울특별시,은평구,453212.0,제과점,222.0,8301.0,3292200000.0,338283.0,-0.4673773676884722,0.887792198363889,-1.3432443475300155,True,4.8983698578148855,14829729.72972973,1523.7972972972973,0.7464122750500869,3345.0,31168,1.349252539111058,고특화·결제건수 증가
서울특별시,종로구,136318.0,대형할인점,0.0,4004.0,2509320000.0,124969.0,-10.571954141625753,-9.04222103614449,-1.681805693704482,False,0.0,,,0.9167461377074194,4572.0,0,,판정불가
서울특별시,종로구,136318.0,편의점,286.0,4010.0,14506460000.0,2123704.0,4.596202311606017,5.696443148856225,-1.0409440511642447,True,20.98035475872592,50721888.11188811,7425.538461538462,15.579043119764082,4572.0,54446,0.7280130418256731,저특화·결제건수 증가
서울특별시,종로구,136318.0,슈퍼마켓,306.0,4020.0,4890580000.0,350512.0,-0.5494040343574811,1.839991076079953,-2.34622478379092,True,22.447512434161297,15982287.581699347,1145.4640522875818,2.5712818556610277,4572.0,63862,0.6640763536138579,저특화·결제건수 증가
서울특별시,종로구,136318.0,일반한식,608.0,8001.0,67489800000.0,1979603.0,1.90669902780311,2.2693398438527015,-0.3545938759390403,True,44.60159333323552,111002960.5263158,3255.9259868421054,14.521948678824513,4572.0,98173,0.8583227464285175,저특화·결제건수 증가
서울특별시,종로구,136318.0,갈비전문점,339.0,8002.0,233600000.0,3110.0,3.7072099358241086,2.546574217814905,1.1318132535017045,True,24.868322598629675,689085.5457227138,9.174041297935103,0.022814301853020143,4572.0,61512,0.7637987713982104,저특화·결제건수 증가
서울특별시,종로구,136318.0,한정식,1450.0,,,,,,,True,106.36893146906499,,,,4572.0,180762,1.1117316493259124,판정불가
서울특별시,종로구,136318.0,일식회집,409.0,8004.0,6551090000.0,163227.0,-0.5561643463261396,0.9695201531017428,-1.5110347133615043,True,30.003374462653504,16017334.963325184,399.0880195599022,1.197398729441453,4572.0,44227,1.2816662014971238,고특화·결제건수 증가
서울특별시,종로구,136318.0,중국음식,195.0,8005.0,5623880000.0,161916.0,-0.9662443295374328,-0.2874244871032995,-0.6807765609728139,True,14.304787335494947,28840410.256410256,830.3384615384615,1.1877815108789742,4572.0,31984,0.8449693186488259,저특화·결제건수 감소
서울특별시,종로구,136318.0,서양음식,432.0,8006.0,33885230000.0,2441545.0,2.8003125419592054,4.63869657832119,-1.7568873623975252,True,31.690605789404188,78438032.4074074,5651.724537037037,17.910657433354363,4572.0,23100,2.59185601799775,고특화·결제건수 증가
서울특별시,종로구,136318.0,스넥,311.0,8021.0,5430300000.0,352410.0,4.511748015576966,4.520905582691729,-0.0087614693574806,True,22.814301853020144,17460771.704180066,1133.1511254019292,2.5852051820009097,4572.0,44410,0.9705518036320667,저특화·결제건수 증가
서울특별시,종로구,136318.0,제과점,236.0,8301.0,3822380000.0,311689.0,-0.1760243555481165,1.1190434399028184,-1.2807358054376827,True,17.312460570137475,16196525.423728814,1320.7161016949153,2.286484543493889,4572.0,31168,1.0494026895252055,고특화·결제건수 증가
서울특별시,중구,117558.0,대형할인점,0.0,4004.0,7030830000.0,196351.0,-2.5883117068911017,-0.8931172833480108,-1.7104709350910383,False,0.0,,,1.670247877643376,4669.0,0,,판정불가
서울특별시,중구,117558.0,편의점,363.0,4010.0,17943780000.0,2491841.0,3.4499872123545257,4.0297980614460975,-0.5573507397843348,True,30.878374929821877,49431900.82644628,6864.575757575758,21.196694397659027,4669.0,54446,0.9048198073915535,저특화·결제건수 증가
서울특별시,중구,117558.0,슈퍼마켓,419.0,4020.0,11118300000.0,648996.0,-0.4603234616990834,0.8139117332026793,-1.263947775654184,True,35.641980979601556,26535322.195704058,1548.9164677804297,5.52064512836217,4669.0,63862,0.890416010604468,저특화·결제건수 증가
서울특별시,중구,117558.0,일반한식,627.0,8001.0,64368220000.0,1875957.0,1.3581358533778891,1.5593902450665194,-0.1981642378936649,True,53.33537487878324,102660637.95853269,2991.956937799043,15.957714489868831,4669.0,98173,0.8667561488685278,저특화·결제건수 증가
서울특별시,중구,117558.0,갈비전문점,321.0,,,,,,,True,27.305670392487112,,,,4669.0,61512,0.7082174731150673,판정불가
서울특별시,중구,117558.0,한정식,1435.0,,,,,,,True,122.06740502560439,,,,4669.0,180762,1.0773733191823447,판정불가
서울특별시,중구,117558.0,일식회집,413.0,8004.0,6015670000.0,156164.0,-0.6926707173548894,0.1212855946811021,-0.812970296177722,True,35.13159461712517,14565786.924939467,378.1210653753027,1.3283995984960615,4669.0,44227,1.2673133892275603,고특화·결제건수 증가
서울특별시,중구,117558.0,중국음식,226.0,8005.0,7277650000.0,228264.0,-2.0135816478006534,-0.8533773452328163,-1.1701904427019147,True,19.224552986610867,32201991.150442477,1010.0176991150443,1.9417138774051956,4669.0,31984,0.9589525433095645,저특화·결제건수 감소
서울특별시,중구,117558.0,서양음식,345.0,8006.0,27915360000.0,2221138.0,3.7537753740333217,5.477235825819446,-1.6339643699349042,True,29.347215842392693,80914086.95652173,6438.08115942029,18.893975739634904,4669.0,23100,2.0268824771287828,고특화·결제건수 증가
서울특별시,중구,117558.0,스넥,318.0,8021.0,5878130000.0,374003.0,2.1429923212911715,1.9539277054208744,0.1854412283326324,True,27.050477211248914,18484685.534591194,1176.1100628930817,3.1814338454209836,4669.0,44410,0.9717796488251836,저특화·결제건수 증가
서울특별시,중구,117558.0,제과점,202.0,8301.0,4141980000.0,392163.0,-2.582673813663092,-1.5610290126644455,-1.0378458762334315,True,17.183007536705286,20504851.485148516,1941.40099009901,3.335910784463839,4669.0,31168,0.8795567931786527,저특화·결제건수 감소
서울특별시,중랑구,376386.0,대형할인점,0.0,4004.0,6152120000.0,244995.0,-18.375760130582375,-11.387520439161682,-7.886292908238513,False,0.0,,,0.6509142210390397,3295.0,0,,판정불가
서울특별시,중랑구,376386.0,편의점,335.0,4010.0,14052240000.0,1829210.0,1.9201482172441495,2.820906440586106,-0.8760457911956654,True,8.900437317009667,41946985.07462686,5460.328358208955,4.859931028252911,3295.0,54446,1.1832288115294813,고특화·결제건수 증가
서울특별시,중랑구,376386.0,슈퍼마켓,357.0,4020.0,13263950000.0,928963.0,-1.3601814076687933,0.6011936527195185,-1.9496538651013071,True,9.484943648275973,37153921.568627454,2602.1372549019607,2.4681125227824627,3295.0,63862,1.0750176844237687,고특화·결제건수 증가
서울특별시,중랑구,376386.0,일반한식,599.0,8001.0,30398270000.0,870894.0,1.614312408913459,2.0906093094977427,-0.4665433028618566,True,15.914513292205344,50748363.93989983,1453.9131886477462,2.313832076644721,3295.0,98173,1.1733421384104894,고특화·결제건수 증가
서울특별시,중랑구,376386.0,갈비전문점,363.0,,,,,,,True,9.644354465894056,,,,3295.0,61512,1.1348453567962904,판정불가
서울특별시,중랑구,376386.0,한정식,797.0,,,,,,,True,21.1750702736021,,,,3295.0,180762,0.8478930813190944,판정불가
서울특별시,중랑구,376386.0,일식회집,218.0,8004.0,3060690000.0,57802.0,-0.6582478961023117,1.4181363978223025,-2.047350077287729,True,5.791926373457036,14039862.385321101,265.1467889908257,0.15357106799934112,3295.0,44227,0.9478921358711075,저특화·결제건수 증가
서울특별시,중랑구,376386.0,중국음식,110.0,8005.0,1676100000.0,83073.0,-1.2548956211239022,-0.4510231231820631,-0.8075145753999785,True,2.922531656331532,15237272.727272727,755.209090909091,0.2207122475331176,3295.0,31984,0.6613781093885334,저특화·결제건수 감소
서울특별시,중랑구,376386.0,서양음식,84.0,8006.0,7285140000.0,860818.0,3.4150775613039275,5.781121339720846,-2.2367353913920587,True,2.23175144665317,86727857.14285715,10247.833333333334,2.2870616866727245,3295.0,23100,0.6992898330804248,저특화·결제건수 증가
서울특별시,중랑구,376386.0,스넥,264.0,8021.0,3108170000.0,208545.0,3.962080312739813,2.854564615940169,1.076778362666866,True,7.014075975195677,11773371.212121213,789.9431818181819,0.554072149336054,3295.0,44410,1.1431759036622124,고특화·결제건수 증가
서울특별시,중랑구,376386.0,제과점,168.0,8301.0,2411980000.0,236742.0,-0.341029114824597,1.0142104891404702,-1.3416326251550443,True,4.46350289330634,14357023.80952381,1409.1785714285713,0.6289872630756723,3295.0,31168,1.0365499964166975,고특화·결제건수 증가
세종특별자치시,세종특별자치시,390923.0,대형할인점,0.0,4004.0,2905670000.0,186073.0,-6.734460581100139,-1.458310066731299,-5.354231815936733,False,0.0,,,0.47598376150802074,3810.0,0,,판정불가
세종특별자치시,세종특별자치시,390923.0,편의점,318.0,4010.0,10590530000.0,1290011.0,5.147609028439044,6.58118030233712,-1.3450510398097502,True,8.134594280715127,33303553.459119495,4056.6383647798743,3.2999107241067933,3810.0,54446,0.9713628558065623,저특화·결제건수 증가
세종특별자치시,세종특별자치시,390923.0,슈퍼마켓,357.0,4020.0,8287300000.0,445730.0,0.9145187611685318,2.7023952614874944,-1.7408323299246315,True,9.132233201934907,23213725.49019608,1248.5434173669469,1.1401989650135704,3810.0,63862,0.929706895059401,저특화·결제건수 증가
세종특별자치시,세종특별자치시,390923.0,일반한식,681.0,8001.0,25048230000.0,692566.0,2.4776425210098516,3.299463460840378,-0.7955713537099179,True,17.420310393606925,36781541.85022026,1016.9838472834067,1.7716174284961488,3810.0,98173,1.1536535335220142,고특화·결제건수 증가
세종특별자치시,세종특별자치시,390923.0,갈비전문점,318.0,8002.0,28450000.0,341.0,5.008287120099402,6.18857797790454,-1.111504533049442,True,8.134594280715127,89465.40880503145,1.0723270440251573,0.0008722945439383203,3810.0,61512,0.8597805639101979,저특화·결제건수 증가
세종특별자치시,세종특별자치시,390923.0,한정식,1020.0,,,,,,,True,26.092094862671164,,,,3810.0,180762,0.938454854327529,판정불가
세종특별자치시,세종특별자치시,390923.0,일식회집,230.0,8004.0,1662210000.0,38264.0,2.229259076242679,3.8218175393159233,-1.5339342932136637,True,5.883511586680753,7227000.0,166.36521739130436,0.09788116841424015,3810.0,44227,0.8648896616459808,저특화·결제건수 증가
세종특별자치시,세종특별자치시,390923.0,중국음식,217.0,8005.0,2870880000.0,96156.0,-1.559755968730731,-0.2250038503687725,-1.3377621346738149,True,5.550965279607492,13229861.751152074,443.1152073732719,0.24597171309951066,3810.0,31984,1.1283590285956626,고특화·결제건수 감소
세종특별자치시,세종특별자치시,390923.0,서양음식,149.0,8006.0,9644100000.0,838188.0,1.5024576804360377,4.7776077685448035,-3.125811094431162,True,3.8114922887627487,64725503.355704695,5625.422818791946,2.144125569485551,3810.0,23100,1.0727404074490687,고특화·결제건수 증가
세종특별자치시,세종특별자치시,390923.0,스넥,280.0,8021.0,2530590000.0,146271.0,3.8790284836176094,2.753053484078959,1.0958068508524397,True,7.16253584465483,9037821.42857143,522.3964285714286,0.3741683144762524,3810.0,44410,1.0485704373645481,고특화·결제건수 증가
세종특별자치시,세종특별자치시,390923.0,제과점,240.0,8301.0,2816830000.0,235339.0,0.753678756070843,2.696529975616176,-1.891837260720114,True,6.139316438275569,11736791.666666666,980.5791666666667,0.6020085796947225,3810.0,31168,1.2806270109460136,고특화·결제건수 증가
울산광역시,남구,304337.0,대형할인점,0.0,4004.0,11769140000.0,273058.0,-2.121089279871928,-1.7535520543487184,-0.3740972149206822,False,0.0,,,0.8972224869141774,4713.0,0,,판정불가
울산광역시,남구,304337.0,편의점,387.0,4010.0,17373450000.0,2126546.0,2.2861718403421305,3.649648622092731,-1.3154668634930704,True,12.716166617926838,44892635.65891473,5494.950904392765,6.987471125758616,4713.0,54446,0.9556368174746834,저특화·결제건수 증가
울산광역시,남구,304337.0,슈퍼마켓,337.0,4020.0,14349780000.0,935170.0,-0.5463511970189845,1.0662787026963825,-1.5956161841668144,True,11.07325103421536,42580949.554896146,2774.9851632047476,3.072810732838925,4713.0,63862,0.7094720200276956,저특화·결제건수 증가
울산광역시,남구,304337.0,일반한식,675.0,8001.0,46454650000.0,1134791.0,0.9033632898730044,2.2120278147423003,-1.2803429819836851,True,22.179360380104953,68821703.7037037,1681.171851851852,3.728731636311063,4713.0,98173,0.9243992776674009,저특화·결제건수 증가
울산광역시,남구,304337.0,갈비전문점,569.0,8002.0,33740000.0,252.0,0.6883173284403238,3.4937767805724738,-2.7107518339776897,True,18.696379342636614,59297.01230228471,0.4428822495606327,0.0008280294541905848,4713.0,61512,1.2436561035482474,고특화·결제건수 증가
울산광역시,남구,304337.0,한정식,1411.0,,,,,,,True,46.3630777723379,,,,4713.0,180762,1.0494645257231574,판정불가
울산광역시,남구,304337.0,일식회집,422.0,8004.0,4532980000.0,82421.0,-1.4601240658098642,0.78203519109919,-2.2247608441897153,True,13.866207526524873,10741658.767772513,195.31042654028437,0.2708214906501674,4713.0,44227,1.2828410739837461,고특화·결제건수 증가
울산광역시,남구,304337.0,중국음식,211.0,8005.0,3201140000.0,108820.0,-2.837823658267921,-1.8769550304601823,-0.9792486852665242,True,6.933103763262436,15171279.620853081,515.7345971563981,0.357564147638966,4713.0,31984,0.8869467886924579,저특화·결제건수 감소
울산광역시,남구,304337.0,서양음식,176.0,8006.0,12544010000.0,1175904.0,2.2576404021613357,3.9550059647248337,-1.6327886731491346,True,5.783062854664402,71272784.0909091,6681.272727272727,3.863822013097323,4713.0,23100,1.024350479423681,고특화·결제건수 증가
울산광역시,남구,304337.0,스넥,290.0,8021.0,3848590000.0,219258.0,2.008470349822315,1.570471008298756,0.4312270457894966,True,9.528910385526572,13271000.0,756.0620689655173,0.7204447701068224,4713.0,44410,0.8779405567003797,저특화·결제건수 증가
울산광역시,남구,304337.0,제과점,235.0,8301.0,2833490000.0,214372.0,-1.3840783064069673,1.365373921026123,-2.712417585096881,True,7.721703243443946,12057404.255319148,912.2212765957447,0.7043901990227938,4713.0,31168,1.0136938558689736,고특화·결제건수 증가
울산광역시,동구,147756.0,대형할인점,0.0,4004.0,2413870000.0,113341.0,-8.869376238966048,-3.5129078666039453,-5.551486995749251,False,0.0,,,0.7670822166274127,1965.0,0,,판정불가
울산광역시,동구,147756.0,편의점,157.0,4010.0,8867390000.0,1021627.0,4.9489882655385244,5.896965491543915,-0.8951882819353042,True,10.625626032106988,56480191.08280255,6507.178343949045,6.91428436070278,1965.0,54446,0.9298576015136132,저특화·결제건수 증가
울산광역시,동구,147756.0,슈퍼마켓,191.0,4020.0,12968620000.0,777346.0,4.42370649394472,6.088186559038131,-1.5689589190660342,True,12.926717019951813,67898534.03141361,4069.8743455497383,5.261011397168304,1965.0,63862,0.9644364681701151,저특화·결제건수 증가
울산광역시,동구,147756.0,일반한식,310.0,8001.0,22531960000.0,522722.0,2.9693002151955006,4.574232045428534,-1.5347297310639754,True,20.9805354774087,72683741.93548387,1686.2,3.537737892200655,1965.0,98173,1.0182452750167958,고특화·결제건수 증가
울산광역시,동구,147756.0,갈비전문점,214.0,8002.0,31460000.0,483.0,10.289304018079088,7.333515166291758,2.753835879881436,True,14.483337394082135,147009.34579439252,2.2570093457943927,0.003268902785673678,1965.0,61512,1.1218549217893974,고특화·결제건수 증가
울산광역시,동구,147756.0,한정식,569.0,,,,,,,True,38.50943447305016,,,,1965.0,180762,1.0150510872364946,판정불가
울산광역시,동구,147756.0,일식회집,148.0,8004.0,783000000.0,14041.0,-0.7743952000284642,1.795553404428042,-2.524617744594636,True,10.016513711795122,5290540.540540541,94.87162162162163,0.09502828988332115,1965.0,44227,1.079088355811341,고특화·결제건수 증가
울산광역시,동구,147756.0,중국음식,98.0,8005.0,1632630000.0,69642.0,1.9727633419694304,2.968914556230588,-0.9674290717294032,True,6.632556376729202,16659489.795918368,710.6326530612245,0.47133111345732154,1965.0,31984,0.988043512850573,저특화·결제건수 증가
울산광역시,동구,147756.0,서양음식,63.0,8006.0,4399730000.0,383857.0,3.4797987150805976,5.173339865053823,-1.6102380623703647,True,4.263786242183058,69836984.12698413,6092.9682539682535,2.5979114215327974,1965.0,23100,0.8794503816793893,저특화·결제건수 증가
울산광역시,동구,147756.0,스넥,140.0,8021.0,1586890000.0,83850.0,5.092573228727888,5.888924348113786,-0.7520627150464585,True,9.475080538184574,11334928.57142857,598.9285714285714,0.5674896450905547,1965.0,44410,1.0165530194297527,고특화·결제건수 증가
울산광역시,동구,147756.0,제과점,75.0,8301.0,1521710000.0,122186.0,3.440398092970478,4.681996103943897,-1.1860664270679124,True,5.075936002598879,20289466.666666668,1629.1466666666668,0.8269444218847288,1965.0,31168,0.7759524350674797,저특화·결제건수 증가
울산광역시,북구,213685.0,대형할인점,0.0,4004.0,5808440000.0,140319.0,-0.6894583239676434,0.797289000126518,-1.4749874117073678,False,0.0,,,0.6566628448417062,2327.0,0,,판정불가
울산광역시,북구,213685.0,편의점,177.0,4010.0,8968280000.0,997420.0,4.225395422063836,4.869984695526329,-0.614655637963452,True,8.283220628495215,50668248.58757062,5635.141242937853,4.667711818798699,2327.0,54446,0.8852302193153269,저특화·결제건수 증가
울산광역시,북구,213685.0,슈퍼마켓,205.0,4020.0,8416290000.0,486893.0,2.650519883031075,4.630321284736478,-1.8921870614519836,True,9.593560614923836,41055073.17073171,2375.0878048780487,2.2785548821863957,2327.0,63862,0.8740983273761617,저특화·결제건수 증가
울산광역시,북구,213685.0,일반한식,415.0,8001.0,28322420000.0,632775.0,1.0434661837892636,2.5298435989491592,-1.4497022164336304,True,19.421110513138498,68246795.18072289,1524.7590361445782,2.9612513746870395,2327.0,98173,1.1510785944027637,고특화·결제건수 증가
울산광역시,북구,213685.0,갈비전문점,289.0,,,,,,,True,13.5245805742097,,,,2327.0,61512,1.2793428269127793,판정불가
울산광역시,북구,213685.0,한정식,673.0,,,,,,,True,31.494957530945083,,,,2327.0,180762,1.0138106986302513,판정불가
울산광역시,북구,213685.0,일식회집,164.0,8004.0,862910000.0,16928.0,6.269798279363446,6.6852080808198515,-0.389379004764868,True,7.67484849193907,5261646.341463415,103.21951219512195,0.07921941175094181,2327.0,44227,1.009730117491965,고특화·결제건수 증가
울산광역시,북구,213685.0,중국음식,101.0,8005.0,1076000000.0,41587.0,-0.164821918400053,-0.2607789641748955,0.0962079358333729,True,4.72658352247467,10653465.346534653,411.7524752475247,0.19461824648431103,2327.0,31984,0.8598793917801187,저특화·결제건수 감소
울산광역시,북구,213685.0,서양음식,41.0,8006.0,5876690000.0,533275.0,0.984810867069359,3.557570892828936,-2.4843765681044316,True,1.9187121229847675,143333902.4390244,13006.707317073171,2.495612700938297,2327.0,23100,0.48330447950559674,저특화·결제건수 증가
울산광역시,북구,213685.0,스넥,156.0,8021.0,1643760000.0,88780.0,4.327179651878535,3.507599973044901,0.7918062819030908,True,7.300465638673749,10536923.076923076,569.1025641025641,0.4154713714111894,2327.0,44410,0.9565171667260004,저특화·결제건수 증가
울산광역시,북구,213685.0,제과점,106.0,8301.0,1371090000.0,106303.0,2.6396971465420114,4.652607512675529,-1.9234211301325903,True,4.960572805765496,12934811.320754716,1002.8584905660377,0.497475255633292,2327.0,31168,0.9260743887706937,저특화·결제건수 증가
울산광역시,울주군,218285.0,대형할인점,0.0,4004.0,9041800000.0,290917.0,-1.2256641510202104,0.426237872107548,-1.6448908752625533,False,0.0,,,1.3327393087019264,3256.0,0,,판정불가
울산광역시,울주군,218285.0,편의점,247.0,4010.0,13397860000.0,1488239.0,5.82921548102542,6.846584272176514,-0.9521771782235584,True,11.31548205327897,54242348.17813765,6025.259109311741,6.817871131777264,3256.0,54446,0.8828601311887503,저특화·결제건수 증가
울산광역시,울주군,218285.0,슈퍼마켓,338.0,4020.0,9969180000.0,534134.0,5.515045842096602,5.758158536075346,-0.2298760656804209,True,15.484343862381749,29494615.384615384,1580.2781065088757,2.446956959937696,3256.0,63862,1.0299949976596494,고특화·결제건수 증가
울산광역시,울주군,218285.0,일반한식,523.0,8001.0,31954260000.0,850481.0,4.059541773498486,4.752873520846275,-0.6618737262703972,True,23.959502485283004,61098011.47227533,1626.1586998087955,3.8961953409533407,3256.0,98173,1.0367416758226857,고특화·결제건수 증가
울산광역시,울주군,218285.0,갈비전문점,397.0,8002.0,170060000.0,1473.0,4.251361000093098,4.919531223572985,-0.636840648912275,True,18.187232288063772,428362.72040302266,3.7103274559193955,0.006748058730558673,3256.0,61512,1.2560056398575712,고특화·결제건수 증가
울산광역시,울주군,218285.0,한정식,1072.0,,,,,,,True,49.11010834459537,,,,3256.0,180762,1.154113651607594,판정불가
울산광역시,울주군,218285.0,일식회집,181.0,8004.0,1121320000.0,20434.0,5.160812958769309,5.05402929107193,0.1016464274792829,True,8.29191194997366,6195138.121546961,112.89502762430939,0.09361156286506173,3256.0,44227,0.7964380936434207,저특화·결제건수 증가
울산광역시,울주군,218285.0,중국음식,147.0,8005.0,1991830000.0,73135.0,2.0399035126438423,2.6947296187603156,-0.6376433421144216,True,6.734315230089103,13549863.94557823,497.5170068027211,0.33504363561399086,3256.0,31984,0.8944282107269852,저특화·결제건수 증가
울산광역시,울주군,218285.0,서양음식,56.0,8006.0,7549000000.0,662192.0,2.975763404223847,5.665737509952337,-2.5457392047020853,True,2.565453420986325,134803571.42857143,11824.857142857143,3.033612020981744,3256.0,23100,0.47177723177723174,저특화·결제건수 증가
울산광역시,울주군,218285.0,스넥,181.0,8021.0,2503130000.0,155998.0,7.443318164034619,7.5040098836569715,-0.056455307749021,True,8.29191194997366,13829447.513812155,861.8674033149172,0.7146528620839728,3256.0,44410,0.7931562163379322,저특화·결제건수 증가
울산광역시,울주군,218285.0,제과점,114.0,8301.0,1943770000.0,146586.0,2.49330618498056,4.298957668470724,-1.7312267771933345,True,5.222530178436447,17050614.03508772,1285.842105263158,0.6715349199441097,3256.0,31168,0.7117981366890503,저특화·결제건수 증가
울산광역시,중구,203026.0,대형할인점,0.0,4004.0,2825850000.0,89929.0,-12.6559513533176,-8.388666652479133,-4.6580314300752015,False,0.0,,,0.4429432683498665,2366.0,0,,판정불가
울산광역시,중구,203026.0,편의점,157.0,4010.0,7392280000.0,869281.0,2.692100851011618,3.519717803611712,-0.799477597272979,True,7.732999714322303,47084585.98726115,5536.821656050955,4.281624028449558,2366.0,54446,0.7722612793635881,저특화·결제건수 증가
울산광역시,중구,203026.0,슈퍼마켓,242.0,4020.0,9163530000.0,636173.0,-1.434528775697179,-0.2148533152930756,-1.22230161594881,True,11.91965561061145,37865826.44628099,2628.814049586777,3.133455813541123,2366.0,63862,1.014853694593422,고특화·결제건수 감소
울산광역시,중구,203026.0,일반한식,387.0,8001.0,20395950000.0,537152.0,0.9651139538226297,1.3801515881139157,-0.4093874666685312,True,19.061598021928226,52702713.17829458,1387.9896640826873,2.6457301035335377,2366.0,98173,1.0557217988886887,고특화·결제건수 증가
울산광역시,중구,203026.0,갈비전문점,274.0,8002.0,36100000.0,419.0,-11.485126289637186,-7.360543884586056,-4.452295574698288,True,13.495808418626186,131751.82481751824,1.5291970802919708,0.0020637750829942962,2366.0,61512,1.1929474179391644,고특화·결제건수 감소
울산광역시,중구,203026.0,한정식,688.0,,,,,,,True,33.887285372316846,,,,2366.0,180762,1.0193231484227807,판정불가
울산광역시,중구,203026.0,일식회집,142.0,8004.0,939530000.0,20786.0,2.273460340882855,3.180615965979398,-0.8791919069330575,True,6.994178085565395,6616408.450704225,146.38028169014083,0.10238097583560726,2366.0,44227,0.8598673320293075,저특화·결제건수 증가
울산광역시,중구,203026.0,중국음식,104.0,8005.0,1425120000.0,47126.0,-2.108776428823802,-2.0271047723531583,-0.0833614810308802,True,5.122496626047895,13703076.923076924,453.13461538461536,0.2321180538453203,2366.0,31984,0.8708255226514358,저특화·결제건수 감소
울산광역시,중구,203026.0,서양음식,84.0,8006.0,5750600000.0,484449.0,0.4010974790941996,3.5094472426938355,-3.002962383048623,True,4.1374011210386845,68459523.8095238,5767.25,2.3861426615310353,2366.0,23100,0.9738630600169061,저특화·결제건수 증가
울산광역시,중구,203026.0,스넥,167.0,8021.0,1936390000.0,106804.0,1.171025516825894,0.759184646931604,0.4087377953061449,True,8.225547466826908,11595149.700598802,639.5449101796407,0.5260607015850187,2366.0,44410,1.007085364361099,고특화·결제건수 증가
울산광역시,중구,203026.0,제과점,121.0,8301.0,1528100000.0,118500.0,-0.0153504059455775,1.4733953905539294,-1.4671291827473747,True,5.959827805305725,12628925.61983471,979.3388429752066,0.5836690867179573,2366.0,31168,1.0396975526842451,고특화·결제건수 증가
인천광역시,강화군,69681.0,대형할인점,0.0,,,,,,,False,0.0,,,,1438.0,0,,판정불가
인천광역시,강화군,69681.0,편의점,119.0,4010.0,2650110000.0,260076.0,6.483867876890772,8.081610511800141,-1.47827426640256,True,17.077826093196137,22269831.93277311,2185.5126050420167,3.7323804193395618,1438.0,54446,0.9630912194481707,저특화·결제건수 증가
인천광역시,강화군,69681.0,슈퍼마켓,147.0,4020.0,3264590000.0,115516.0,0.3539863112896799,1.6689542200647962,-1.293381956038259,True,21.09613811512464,22208095.23809524,785.8231292517007,1.657783326875332,1438.0,63862,1.0142879363181798,고특화·결제건수 증가
인천광역시,강화군,69681.0,일반한식,233.0,8001.0,10903850000.0,224248.0,4.659193761794919,4.506812895739825,0.1458095045029617,True,33.43809646819076,46797639.48497854,962.4377682403433,3.2182086939050816,1438.0,98173,1.0458040018396182,고특화·결제건수 증가
인천광역시,강화군,69681.0,갈비전문점,90.0,8002.0,25000000.0,826.0,47.82727691802631,44.63153964296912,2.209571496608586,True,12.91600292762733,277777.77777777775,9.177777777777777,0.011854020464689084,1438.0,61512,0.6447169709957201,저특화·결제건수 증가
인천광역시,강화군,69681.0,한정식,497.0,,,,,,,True,71.32503838923093,,,,1438.0,180762,1.211534237713722,판정불가
인천광역시,강화군,69681.0,일식회집,160.0,8004.0,903910000.0,9650.0,9.521828760960672,7.517877370583298,1.863830871093487,True,22.96178298244859,5649437.5,60.3125,0.13848825361289305,1438.0,44227,1.5941124077504685,고특화·결제건수 증가
인천광역시,강화군,69681.0,중국음식,52.0,8005.0,665330000.0,20786.0,2.930065142556368,1.585666863554986,1.3234133520107014,True,7.4625794692957905,12794807.692307692,399.7307692307692,0.2983022631707352,1438.0,31984,0.7164023597334134,저특화·결제건수 증가
인천광역시,강화군,69681.0,서양음식,31.0,8006.0,2699030000.0,152802.0,3.0335029428915568,3.733944266634954,-0.6752286618380404,True,4.4488454528494135,87065483.87096775,4929.096774193548,2.192878977052568,1438.0,23100,0.5913384992383601,저특화·결제건수 증가
인천광역시,강화군,69681.0,스넥,64.0,8021.0,416410000.0,19433.0,0.6967530643954253,2.025325780254219,-1.30219894491719,True,9.184713192979435,6506406.25,303.640625,0.2788852054362021,1438.0,44410,0.6350174236215265,저특화·결제건수 증가
인천광역시,강화군,69681.0,제과점,45.0,8301.0,427930000.0,25097.0,-0.3491829029976729,0.7217789560900422,-1.0632872752918905,True,6.458001463813665,9509555.555555556,557.7111111111111,0.3601699171940701,1438.0,31168,0.6361946599058126,저특화·결제건수 증가
인천광역시,계양구,276309.0,대형할인점,0.0,4004.0,8377630000.0,280130.0,-4.154884682592446,-1.7743926761238056,-2.423494312047876,False,0.0,,,1.013828720743805,2452.0,0,,판정불가
인천광역시,계양구,276309.0,편의점,258.0,4010.0,10883310000.0,1373073.0,1.1895337449435672,2.111420541631889,-0.902824377330485,True,9.337372289719118,42183372.093023255,5321.988372093023,4.969338675178876,2452.0,54446,1.224555824023432,고특화·결제건수 증가
인천광역시,계양구,276309.0,슈퍼마켓,282.0,4020.0,15372390000.0,813424.0,-2.5589440539868713,-1.3012437658596472,-1.27428180061722,True,10.205965060855782,54512021.27659574,2884.482269503546,2.943892526121118,2452.0,63862,1.141120359290217,고특화·결제건수 감소
인천광역시,계양구,276309.0,일반한식,456.0,8001.0,26060210000.0,683094.0,-1.6715741568567053,-1.183228174190632,-0.494193418427893,True,16.503262651596582,57149583.333333336,1498.0131578947369,2.4722104600284465,2452.0,98173,1.2003216547729962,고특화·결제건수 감소
인천광역시,계양구,276309.0,갈비전문점,260.0,,,,,,,True,9.409755020647173,,,,2452.0,61512,1.0922910146632219,판정불가
인천광역시,계양구,276309.0,한정식,579.0,,,,,,,True,20.954800603671977,,,,2452.0,180762,0.8277444679405308,판정불가
인천광역시,계양구,276309.0,일식회집,119.0,8004.0,1210410000.0,23101.0,0.1517074204757438,2.96021281569722,-2.727757954666319,True,4.306772490219283,10171512.605042016,194.12605042016807,0.08360567335845014,2452.0,44227,0.6953193909030272,저특화·결제건수 증가
인천광역시,계양구,276309.0,중국음식,127.0,8005.0,1489000000.0,57168.0,-2.6967411865421527,-2.3478156375158257,-0.3573146379717759,True,4.596303413931505,11724409.448818898,450.1417322834646,0.20689879808475295,2452.0,31984,1.0261144540459464,고특화·결제건수 감소
인천광역시,계양구,276309.0,서양음식,54.0,8006.0,5360800000.0,614156.0,-0.1066062510203548,2.734252615319794,-2.7652499473350174,True,1.9543337350574899,99274074.07407407,11373.25925925926,2.222714424792533,2452.0,23100,0.6040969470985784,저특화·결제건수 증가
인천광역시,계양구,276309.0,스넥,198.0,8021.0,2407290000.0,156120.0,1.2746651883980655,0.8468904553654394,0.4241823730024032,True,7.165890361877462,12158030.303030303,788.4848484848485,0.5650195976243988,2452.0,44410,1.1521506737052376,고특화·결제건수 증가
인천광역시,계양구,276309.0,제과점,119.0,8301.0,2477150000.0,195586.0,-12.439946732067476,-4.272639720188268,-8.53184187676979,True,4.306772490219283,20816386.55462185,1643.579831932773,0.7078524405647301,2452.0,31168,0.9866494706579886,저특화·결제건수 감소
인천광역시,남동구,479149.0,대형할인점,0.0,4004.0,16340820000.0,424168.0,-4.246919949989553,-3.416850398063108,-0.859435165810577,False,0.0,,,0.8852528127993589,5053.0,0,,판정불가
인천광역시,남동구,479149.0,편의점,479.0,4010.0,21451970000.0,2582871.0,0.7725434719703019,1.7918296865360408,-1.0013438384048352,True,9.996890320130063,44784906.05427975,5392.21503131524,5.3905382250615155,5053.0,54446,1.103228730313033,고특화·결제건수 증가
인천광역시,남동구,479149.0,슈퍼마켓,526.0,4020.0,24132610000.0,1304791.0,-2.0816684990044267,0.2311933481542591,-2.307526998231905,True,10.97779605091527,45879486.69201521,2480.591254752852,2.7231424880360806,5053.0,63862,1.0328547647667183,고특화·결제건수 증가
인천광역시,남동구,479149.0,일반한식,874.0,8001.0,44252980000.0,1189118.0,-1.1845982081412614,-0.2799997055251522,-0.9071384877103787,True,18.240672525665296,50632700.22883295,1360.5469107551487,2.481729065489023,5053.0,98173,1.1163886147268602,고특화·결제건수 감소
인천광역시,남동구,479149.0,갈비전문점,478.0,8002.0,15620000.0,331.0,-17.241861221479272,-12.186101500551567,-5.757357101005439,True,9.976019985432506,32677.824267782427,0.6924686192468619,0.0006908080784891547,5053.0,61512,0.9744601360061177,저특화·결제건수 감소
인천광역시,남동구,479149.0,한정식,1247.0,,,,,,,True,26.025307367854257,,,,5053.0,180762,0.8650781529027393,판정불가
인천광역시,남동구,479149.0,일식회집,357.0,8004.0,4440750000.0,78061.0,-3.964692871704625,-2.471897680205317,-1.5306308192118545,True,7.4507094870280435,12439075.6302521,218.65826330532212,0.16291591968260394,5053.0,44227,1.0122243102083255,고특화·결제건수 감소
인천광역시,남동구,479149.0,중국음식,281.0,8005.0,3384600000.0,125817.0,-2.99136728009036,-2.5161982237511618,-0.487433858426857,True,5.86456405001367,12044839.857651245,447.7473309608541,0.26258429006425976,5053.0,31984,1.1017157846685068,고특화·결제건수 감소
인천광역시,남동구,479149.0,서양음식,141.0,8006.0,10300430000.0,1180573.0,0.6676606542563339,3.0119791295645952,-2.275772677233645,True,2.9427171923556137,73052695.035461,8372.85815602837,2.4638953644899604,5053.0,23100,0.7654259138842554,저특화·결제건수 증가
인천광역시,남동구,479149.0,스넥,426.0,8021.0,4250100000.0,280464.0,-0.228618683447708,-1.2152479757838466,0.9987667854794484,True,8.890762581159514,9976760.563380282,658.3661971830986,0.5853377550615779,5053.0,44410,1.2028870643103837,고특화·결제건수 감소
인천광역시,남동구,479149.0,제과점,244.0,8301.0,3442300000.0,282552.0,-3.658067002856259,-1.667061211348726,-2.0247597763622456,True,5.092361666204041,14107786.885245902,1158.0,0.589695480946428,5053.0,31168,0.9816957702155915,저특화·결제건수 감소
인천광역시,동구,57926.0,대형할인점,0.0,4004.0,5581910000.0,74881.0,-3.5945832844390604,-2.322691336195533,-1.302136561339166,False,0.0,,,1.292701032351621,0.0,0,,판정불가
인천광역시,동구,57926.0,편의점,0.0,4010.0,1932720000.0,238624.0,1.4143493723333194,3.0588412350762506,-1.5956824693883809,False,0.0,,,4.119462762835342,0.0,54446,,판정불가
인천광역시,동구,57926.0,슈퍼마켓,0.0,4020.0,3396740000.0,173826.0,-2.058398099672342,0.3872904632460953,-2.4362531866659407,False,0.0,,,3.0008286434416322,0.0,63862,,판정불가
인천광역시,동구,57926.0,일반한식,0.0,8001.0,3854200000.0,107306.0,-0.3380489082292474,1.2894988369298883,-1.6068277203932086,False,0.0,,,1.85246694057936,0.0,98173,,판정불가
인천광역시,동구,57926.0,갈비전문점,0.0,,,,,,,False,0.0,,,,0.0,61512,,판정불가
인천광역시,동구,57926.0,한정식,0.0,,,,,,,False,0.0,,,,0.0,180762,,판정불가
인천광역시,동구,57926.0,일식회집,0.0,8004.0,68520000.0,1227.0,-10.049857653523771,-9.09384810170372,-1.0516445057421764,False,0.0,,,0.02118219797672893,0.0,44227,,판정불가
인천광역시,동구,57926.0,중국음식,0.0,8005.0,339040000.0,17863.0,-1.7349206764497644,-1.4059934308824564,-0.3336178912018447,False,0.0,,,0.3083762041225011,0.0,31984,,판정불가
인천광역시,동구,57926.0,서양음식,0.0,8006.0,726550000.0,98895.0,2.884168839552011,3.0326633126221325,-0.1441236868929421,False,0.0,,,1.7072644408383109,0.0,23100,,판정불가
인천광역시,동구,57926.0,스넥,0.0,8021.0,359330000.0,22301.0,2.4773026583542355,1.5374033119424324,0.925668094469848,False,0.0,,,0.38499119566343265,0.0,44410,,판정불가
인천광역시,동구,57926.0,제과점,0.0,8301.0,296210000.0,23522.0,-4.053305892225917,-1.381532589886129,-2.7092018082464624,False,0.0,,,0.40606981320995755,0.0,31168,,판정불가
인천광역시,미추홀구,418211.0,대형할인점,0.0,4004.0,4301620000.0,202236.0,-9.011078815974503,-6.012237445059069,-3.1906721570933194,False,0.0,,,0.4835740810260849,4245.0,0,,판정불가
인천광역시,미추홀구,418211.0,편의점,438.0,4010.0,19849000000.0,2467801.0,1.3867079360979837,2.7919638444865784,-1.367087324564163,True,10.473182197503172,45317351.598173514,5634.248858447489,5.900851484059482,4245.0,54446,1.2008140590949583,고특화·결제건수 증가
인천광역시,미추홀구,418211.0,슈퍼마켓,457.0,4020.0,16620060000.0,1098433.0,-2.1978605065337833,-0.4526521724852789,-1.7531439783533305,True,10.927498320225915,36367746.17067834,2403.573304157549,2.626504324372147,4245.0,63862,1.0681723130990008,고특화·결제건수 감소
인천광역시,미추홀구,418211.0,일반한식,669.0,8001.0,32598410000.0,944675.0,-0.9872088324343444,0.6161126583792977,-1.593503712727732,True,15.996709794816493,48727070.25411061,1412.070254110613,2.2588478064900253,4245.0,98173,1.0171890762247462,고특화·결제건수 증가
인천광역시,미추홀구,418211.0,갈비전문점,397.0,,,,,,,True,9.49281582741726,,,,4245.0,61512,0.9633814754714374,판정불가
인천광역시,미추홀구,418211.0,한정식,1154.0,,,,,,,True,27.593726611686446,,,,4245.0,180762,0.9529416375011015,판정불가
인천광역시,미추홀구,418211.0,일식회집,227.0,8004.0,2261650000.0,50665.0,-2.804112422591615,2.1156591478305176,-4.8178424459855815,True,5.427882097792741,9963215.859030837,223.19383259911893,0.12114698083025076,4245.0,44227,0.7661362438344441,저특화·결제건수 증가
인천광역시,미추홀구,418211.0,중국음식,229.0,8005.0,2745270000.0,101526.0,-1.574827169540935,-0.0219762763673912,-1.553192226989874,True,5.475704847553029,11988078.602620088,443.34497816593887,0.24276262460815234,4245.0,31984,1.0687357518570828,고특화·결제건수 감소
인천광역시,미추홀구,418211.0,서양음식,105.0,8006.0,8345310000.0,972605.0,1.3653193445221237,4.283067274306519,-2.79791149804745,True,2.5106943624151445,79479142.85714285,9262.904761904761,2.325632276530268,4245.0,23100,0.67849234393404,저특화·결제건수 증가
인천광역시,미추홀구,418211.0,스넥,363.0,8021.0,3812360000.0,251221.0,4.469570636509629,3.9488136109170817,0.5009744772476961,True,8.679829081492358,10502369.14600551,692.068870523416,0.6007039508764714,4245.0,44410,1.220094541467517,고특화·결제건수 증가
인천광역시,미추홀구,418211.0,제과점,206.0,8301.0,2611650000.0,216087.0,-2.0864484478478675,-0.1527079136895556,-1.93669802530724,True,4.925743225309712,12677912.621359223,1048.9660194174758,0.5166937263725727,4245.0,31168,0.9865654846987517,저특화·결제건수 감소
인천광역시,부평구,488191.0,대형할인점,0.0,4004.0,12878000000.0,452239.0,-0.7067914168597528,0.6833399001820336,-1.3806964671811788,False,0.0,,,0.9263566923601623,4376.0,0,,판정불가
인천광역시,부평구,488191.0,편의점,426.0,4010.0,20665580000.0,2597288.0,1.0910503288311426,2.111506710831077,-0.9993549354723924,True,8.72609286119572,48510751.17370892,6096.920187793427,5.32022917259843,4376.0,54446,1.132952321945747,고특화·결제건수 증가
인천광역시,부평구,488191.0,슈퍼마켓,501.0,4020.0,29565700000.0,1439345.0,-1.9403482137650343,-0.4285198196665097,-1.5183347594717966,True,10.262376815631587,59013373.25349301,2872.9441117764472,2.948323504529989,4376.0,63862,1.1359604836914972,고특화·결제건수 감소
인천광역시,부평구,488191.0,일반한식,715.0,8001.0,42716050000.0,1194335.0,-1.962002233310312,-0.8956169741388439,-1.076022297513543,True,14.645907032288592,59742727.27272727,1670.3986013986014,2.4464502622948805,4376.0,98173,1.0545859787010696,고특화·결제건수 감소
인천광역시,부평구,488191.0,갈비전문점,396.0,8002.0,7340000.0,172.0,-10.74798119221931,-5.112210659651514,-5.939405451162019,True,8.111579279421374,18535.353535353537,0.43434343434343436,0.000352321120217292,4376.0,61512,0.9321876642788208,저특화·결제건수 감소
인천광역시,부평구,488191.0,한정식,1120.0,,,,,,,True,22.94184038624227,,,,4376.0,180762,0.8971785842533317,판정불가
인천광역시,부평구,488191.0,일식회집,248.0,8004.0,3333310000.0,66507.0,-1.8941575232512848,-0.1420960344468013,-1.75455464137206,True,5.079978942667932,13440766.129032258,268.1733870967742,0.13623151594355487,4376.0,44227,0.8119554720372529,저특화·결제건수 감소
인천광역시,부평구,488191.0,중국음식,307.0,8005.0,4149340000.0,146445.0,-2.0223033369237986,-1.0126788883052444,-1.0199533003619112,True,6.28852232015748,13515765.472312704,477.0195439739414,0.29997480494314727,4376.0,31984,1.3898681802052764,고특화·결제건수 감소
인천광역시,부평구,488191.0,서양음식,111.0,8006.0,11194810000.0,1286195.0,-0.0904620380283872,2.629251393901885,-2.650037289555734,True,2.273700252565082,100854144.14414415,11587.342342342343,2.6346143210341855,4376.0,23100,0.6957913293288064,저특화·결제건수 증가
인천광역시,부평구,488191.0,스넥,344.0,8021.0,4241460000.0,273329.0,1.382535830199464,-0.0138001771571795,1.3965287307954977,True,7.04642240434584,12329825.581395349,794.5610465116279,0.5598812759760012,4376.0,44410,1.1216198403854394,고특화·결제건수 감소
인천광역시,부평구,488191.0,제과점,208.0,8301.0,3382510000.0,293724.0,-3.735146582330528,-1.4792640490001312,-2.2897540416795077,True,4.260627500302136,16262067.307692308,1412.1346153846155,0.6016579576436272,4376.0,31168,0.966323215297929,저특화·결제건수 감소
인천광역시,서구,662875.0,대형할인점,0.0,4004.0,11285670000.0,363675.0,-5.840204795431368,-3.629962751774346,-2.29349506005067,False,0.0,,,0.5486328493305676,0.0,0,,판정불가
인천광역시,서구,662875.0,편의점,0.0,4010.0,26156300000.0,3130116.0,1.322258102250217,2.3109549870242736,-0.966364633092761,False,0.0,,,4.722030548745993,0.0,54446,,판정불가
인천광역시,서구,662875.0,슈퍼마켓,0.0,4020.0,27763790000.0,1369436.0,-0.3523328821870113,0.1820919436726812,-0.5334534501037894,False,0.0,,,2.0659038280218742,0.0,63862,,판정불가
인천광역시,서구,662875.0,일반한식,0.0,8001.0,44085670000.0,1182143.0,-1.6255460353464684,-0.8535833996986097,-0.7786087103480119,False,0.0,,,1.7833573448991138,0.0,98173,,판정불가
인천광역시,서구,662875.0,갈비전문점,0.0,,,,,,,False,0.0,,,,0.0,61512,,판정불가
인천광역시,서구,662875.0,한정식,0.0,,,,,,,False,0.0,,,,0.0,180762,,판정불가
인천광역시,서구,662875.0,일식회집,0.0,8004.0,3352900000.0,66285.0,-2.581313362142328,-0.7335263954672027,-1.86144112869021,False,0.0,,,0.09999622854987743,0.0,44227,,판정불가
인천광역시,서구,662875.0,중국음식,0.0,8005.0,4088410000.0,156666.0,-3.012747382268284,-2.0135428514680753,-1.0197373799172065,False,0.0,,,0.23634320196115408,0.0,31984,,판정불가
인천광역시,서구,662875.0,서양음식,0.0,8006.0,12994910000.0,1387735.0,-0.4855183635057766,2.7369287401537763,-3.136600580897119,False,0.0,,,2.0935093343390534,0.0,23100,,판정불가
인천광역시,서구,662875.0,스넥,0.0,8021.0,4672880000.0,304106.0,0.1134746789105596,-0.8432392889313141,0.9648499617989708,False,0.0,,,0.45876824438996794,0.0,44410,,판정불가
인천광역시,서구,662875.0,제과점,0.0,8301.0,4030380000.0,337810.0,-3.4650821837136143,-1.2341286798214093,-2.2588303774083194,False,0.0,,,0.5096134263624363,0.0,31168,,판정불가
인천광역시,연수구,410290.0,대형할인점,0.0,4004.0,11327560000.0,420517.0,-3.815336735259287,-0.9723199352559244,-2.870931438709505,False,0.0,,,1.0249262716615077,3800.0,0,,판정불가
인천광역시,연수구,410290.0,편의점,345.0,4010.0,16028470000.0,2059699.0,2.098510062143794,3.859082805438649,-1.6951552967138466,True,8.408686538789636,46459333.333333336,5970.142028985507,5.020105291379268,3800.0,54446,1.056610315967342,고특화·결제건수 증가
인천광역시,연수구,410290.0,슈퍼마켓,302.0,4020.0,14502020000.0,822910.0,-3.187209881539548,-0.5469280194382697,-2.6548017165496316,True,7.360647346998465,48019933.77483444,2724.8675496688743,2.0056789100392405,3800.0,63862,0.788544410727737,저특화·결제건수 감소
인천광역시,연수구,410290.0,일반한식,577.0,8001.0,39083720000.0,890411.0,-1.4764440588602543,-0.8389522614915237,-0.6428852981160822,True,14.063223573569914,67736083.18890814,1543.1733102253033,2.1701991274464403,3800.0,98173,0.9800437895079952,저특화·결제건수 감소
인천광역시,연수구,410290.0,갈비전문점,335.0,,,,,,,True,8.164956494187038,,,,3800.0,61512,0.9081272118063398,판정불가
인천광역시,연수구,410290.0,한정식,1005.0,,,,,,,True,24.494869482561114,,,,3800.0,180762,0.9270873477716265,판정불가
인천광역시,연수구,410290.0,일식회집,288.0,8004.0,3492130000.0,68407.0,-2.1685977195511743,-0.9384789346424344,-1.2417725587891062,True,7.019425284554827,12125451.388888888,237.52430555555554,0.16672841161129934,3800.0,44227,1.0858422516371875,고특화·결제건수 감소
인천광역시,연수구,410290.0,중국음식,208.0,8005.0,2961340000.0,96759.0,-3.341860621326296,-1.326722793781861,-2.042232592855941,True,5.0695849277340415,14237211.538461538,465.1875,0.23583075385702795,3800.0,31984,1.0844069403122616,고특화·결제건수 감소
인천광역시,연수구,410290.0,서양음식,219.0,8006.0,16035470000.0,1271862.0,1.238286933114841,2.895293349161192,-1.6103811574971796,True,5.3376879767969,73221324.20091324,5807.58904109589,3.099909819883497,3800.0,23100,1.5808616541353382,고특화·결제건수 증가
인천광역시,연수구,410290.0,스넥,286.0,8021.0,2752130000.0,170879.0,2.31616934360103,0.97793752917231,1.32527148719207,True,6.970679275634308,9622832.167832168,597.479020979021,0.4164834629164737,3800.0,44410,1.0738583296791855,고특화·결제건수 증가
인천광역시,연수구,410290.0,제과점,235.0,8301.0,3754050000.0,313887.0,-2.211306647534629,-0.5312244438465434,-1.6890548760596915,True,5.727656048161056,15974680.851063829,1335.6893617021276,0.7650369251017572,3800.0,31168,1.2572471428185452,고특화·결제건수 감소
인천광역시,옹진군,19340.0,대형할인점,0.0,,,,,,,False,0.0,,,,556.0,0,,판정불가
인천광역시,옹진군,19340.0,편의점,36.0,4010.0,1880480000.0,145897.0,8.690662764343124,9.502812884887026,-0.7416705554383398,True,18.61427094105481,52235555.55555555,4052.6944444444443,7.543795243019648,556.0,54446,0.7535412950908787,저특화·결제건수 증가
인천광역시,옹진군,19340.0,슈퍼마켓,95.0,4020.0,636330000.0,28851.0,11.162177235375363,11.810871217734164,-0.5801707609411308,True,49.12099276111685,6698210.52631579,303.69473684210527,1.491778697001034,556.0,63862,1.6953197643570026,고특화·결제건수 증가
인천광역시,옹진군,19340.0,일반한식,69.0,8001.0,3182330000.0,56467.0,11.651569192486514,11.12149922121026,0.4770183762739099,True,35.67735263702171,46120724.63768116,818.3623188405797,2.9197001034126164,556.0,98173,0.8009908657063837,저특화·결제건수 증가
인천광역시,옹진군,19340.0,갈비전문점,33.0,,,,,,,True,17.063081695966908,,,,556.0,61512,0.6113988637416247,판정불가
인천광역시,옹진군,19340.0,한정식,210.0,,,,,,,True,108.58324715615305,,,,556.0,180762,1.3239838639925514,판정불가
인천광역시,옹진군,19340.0,일식회집,69.0,8004.0,213940000.0,2190.0,21.202918539488607,12.714184590760338,7.531202908976277,True,35.67735263702171,3100579.7101449277,31.73913043478261,0.11323681489141675,556.0,44227,1.7780015885995615,고특화·결제건수 증가
인천광역시,옹진군,19340.0,중국음식,17.0,8005.0,219180000.0,6777.0,8.11334026854577,9.71747768218548,-1.4620618770387672,True,8.790072388831437,12892941.176470589,398.6470588235294,0.3504136504653568,556.0,31984,0.6057405951177028,저특화·결제건수 증가
인천광역시,옹진군,19340.0,서양음식,3.0,8006.0,653680000.0,40617.0,14.04519032183692,15.239448769061903,-1.0363278026592209,True,1.5511892450879006,217893333.33333334,13539.0,2.100155118924509,556.0,23100,0.14800616649537512,저특화·결제건수 증가
인천광역시,옹진군,19340.0,스넥,16.0,8021.0,151860000.0,4600.0,4.1695027754771745,4.398525710759873,-0.2193737255612077,True,8.273009307135471,9491250.0,287.5,0.2378490175801448,556.0,44410,0.41059130178406256,저특화·결제건수 증가
인천광역시,옹진군,19340.0,제과점,8.0,8301.0,24870000.0,1703.0,11.225845472323083,7.956556095393975,3.028337967765708,True,4.1365046535677354,3108750.0,212.875,0.08805584281282317,556.0,31168,0.29251732084558224,저특화·결제건수 증가
인천광역시,중구,179030.0,대형할인점,0.0,4004.0,4928680000.0,144313.0,-0.5132333198735215,1.2229149711135747,-1.715173181371563,False,0.0,,,0.8060827794224432,0.0,0,,판정불가
인천광역시,중구,179030.0,편의점,0.0,4010.0,14953470000.0,1959411.0,0.3278135344277734,0.8328312579272525,-0.5008465171503902,False,0.0,,,10.944595877785845,0.0,54446,,판정불가
인천광역시,중구,179030.0,슈퍼마켓,0.0,4020.0,6599910000.0,307188.0,-1.5153602949891758,0.9937297794640692,-2.4844018335912716,False,0.0,,,1.71584650617215,0.0,63862,,판정불가
인천광역시,중구,179030.0,일반한식,0.0,8001.0,31861500000.0,927719.0,-0.3258960577252386,-0.2188217383021943,-0.1073091351379354,False,0.0,,,5.18191923141373,0.0,98173,,판정불가
인천광역시,중구,179030.0,갈비전문점,0.0,,,,,,,False,0.0,,,,0.0,61512,,판정불가
인천광역시,중구,179030.0,한정식,0.0,,,,,,,False,0.0,,,,0.0,180762,,판정불가
인천광역시,중구,179030.0,일식회집,0.0,8004.0,3314170000.0,52242.0,0.5728021512609294,0.9015673471073168,-0.325827640234221,False,0.0,,,0.29180584259621295,0.0,44227,,판정불가
인천광역시,중구,179030.0,중국음식,0.0,8005.0,4052380000.0,113962.0,-0.8043365215812392,0.193167286362422,-0.995580671776442,False,0.0,,,0.636552533095012,0.0,31984,,판정불가
인천광역시,중구,179030.0,서양음식,0.0,8006.0,14451720000.0,1181499.0,-3.4956994692290606,-1.1599623685904454,-2.363148736698144,False,0.0,,,6.599447020052505,0.0,23100,,판정불가
인천광역시,중구,179030.0,스넥,0.0,8021.0,2730510000.0,144252.0,1.2488838764759465,1.5915931996498804,-0.3373402388724148,False,0.0,,,0.8057420544042898,0.0,44410,,판정불가
인천광역시,중구,179030.0,제과점,0.0,8301.0,3469390000.0,305131.0,-4.171268920603292,-3.566321912693646,-0.6273192311112993,False,0.0,,,1.704356811707535,0.0,31168,,판정불가
전라남도,강진군,31666.0,대형할인점,0.0,,,,,,,False,0.0,,,,541.0,0,,판정불가
전라남도,강진군,31666.0,편의점,28.0,4010.0,865370000.0,84722.0,3.359018001539576,3.6090026682766,-0.2412769742967535,True,8.842291416661404,30906071.42857143,3025.785714285714,2.6754879050085263,541.0,54446,0.602337794309653,저특화·결제건수 증가
전라남도,강진군,31666.0,슈퍼마켓,105.0,4020.0,1324800000.0,58135.0,1.1376983584276794,3.16377914197552,-1.963945873638008,True,33.158592812480265,12617142.857142856,553.6666666666666,1.835880755384324,541.0,63862,1.925727557995171,고특화·결제건수 증가
전라남도,강진군,31666.0,일반한식,60.0,8001.0,4147970000.0,76903.0,4.09646387936611,3.3701089610371535,0.7026740376201892,True,18.94776732141729,69132833.33333333,1281.7166666666667,2.428566917198257,541.0,98173,0.7158256390464507,저특화·결제건수 증가
전라남도,강진군,31666.0,갈비전문점,48.0,,,,,,,True,15.158213857133834,,,,541.0,61512,0.9139647608545611,판정불가
전라남도,강진군,31666.0,한정식,201.0,,,,,,,True,63.47502052674793,,,,541.0,180762,1.302377789845538,판정불가
전라남도,강진군,31666.0,일식회집,35.0,8004.0,185100000.0,2461.0,7.409426207609783,3.801988043114967,3.475307392953271,True,11.052864270826754,5288571.428571428,70.31428571428572,0.07771742563001326,541.0,44227,0.926890913609994,저특화·결제건수 증가
전라남도,강진군,31666.0,중국음식,15.0,8005.0,213100000.0,7108.0,4.57154440217827,4.670977122202117,-0.0949955018645977,True,4.736941830354323,14206666.666666666,473.8666666666667,0.2244678835343902,541.0,31984,0.5492961360532392,저특화·결제건수 증가
전라남도,강진군,31666.0,서양음식,3.0,8006.0,677370000.0,54569.0,0.7924704271971648,2.0195289594079253,-1.2027682785116405,True,0.9473883660708646,225790000.0,18189.666666666668,1.7232678582707004,541.0,23100,0.15210984948508052,저특화·결제건수 증가
전라남도,강진군,31666.0,스넥,32.0,8021.0,246560000.0,11356.0,0.8489720966118549,3.6431346770269815,-2.695945649581436,True,10.105475904755888,7705000.0,354.875,0.3586180761700246,541.0,44410,0.8439510676226941,저특화·결제건수 증가
전라남도,강진군,31666.0,제과점,14.0,8301.0,201870000.0,11903.0,-2.1588169856642603,0.164222002267812,-2.319230301493799,True,4.421145708330702,14419285.714285715,850.2142857142857,0.3758921240447167,541.0,31168,0.5260986195614631,저특화·결제건수 증가
전라남도,고흥군,58976.0,대형할인점,0.0,4004.0,296550000.0,10765.0,0.1529537198768969,1.546872587616277,-1.3726851770217434,False,0.0,,,0.182531877373847,924.0,0,,판정불가
전라남도,고흥군,58976.0,편의점,48.0,4010.0,1739340000.0,162893.0,2.3967945010141545,3.878074529728744,-1.4259794816380822,True,8.138903960933261,36236250.0,3393.6041666666665,2.762021839392295,924.0,54446,0.6045728139545867,저특화·결제건수 증가
전라남도,고흥군,58976.0,슈퍼마켓,188.0,4020.0,3408720000.0,120906.0,-3.0736064181996814,0.345342687116705,-3.4071826492006676,True,31.877373846988604,18131489.36170213,643.1170212765958,2.050088171459577,924.0,63862,2.018778586565377,고특화·결제건수 증가
전라남도,고흥군,58976.0,일반한식,87.0,8001.0,6030970000.0,121433.0,3.002740281776394,2.8886672945295464,0.1108703127821818,True,14.751763429191534,69321494.25287357,1395.7816091954023,2.0590240097666848,924.0,98173,0.6077158252705501,저특화·결제건수 증가
전라남도,고흥군,58976.0,갈비전문점,64.0,,,,,,,True,10.851871947911015,,,,924.0,61512,0.71349918560219,판정불가
전라남도,고흥군,58976.0,한정식,365.0,,,,,,,True,61.88958220293001,,,,924.0,180762,1.3847108088984146,판정불가
전라남도,고흥군,58976.0,일식회집,52.0,8004.0,105200000.0,1110.0,4.62617656667696,4.298610666376208,0.3140654493937095,True,8.8171459576777,2023076.923076923,21.346153846153847,0.018821215409658167,924.0,44227,0.8062861837253046,저특화·결제건수 증가
전라남도,고흥군,58976.0,중국음식,37.0,8005.0,475780000.0,16372.0,0.8213093883536453,1.9334112961446128,-1.091008231403141,True,6.273738469886055,12858918.918918919,442.4864864864865,0.27760444926749867,924.0,31984,0.793308856809357,저특화·결제건수 증가
전라남도,고흥군,58976.0,서양음식,6.0,8006.0,1140150000.0,81981.0,0.5423793187790196,3.1288708413715756,-2.508018852035112,True,1.0173629951166576,190025000.0,13663.5,1.390073928377645,924.0,23100,0.1781199752628324,저특화·결제건수 증가
전라남도,고흥군,58976.0,스넥,52.0,8021.0,432420000.0,17492.0,0.8394098886368541,0.692944676538819,0.145457273663588,True,8.8171459576777,8315769.230769231,336.38461538461536,0.2965952251763429,924.0,44410,0.8029637254586591,저특화·결제건수 증가
전라남도,고흥군,58976.0,제과점,25.0,8301.0,325280000.0,18645.0,-0.3773464304712407,0.6293174537904727,-1.0003683913725852,True,4.2390124796527395,13011200.0,745.8,0.31614555073250133,924.0,31168,0.5500528625207783,저특화·결제건수 증가
전라남도,곡성군,27657.0,대형할인점,0.0,,,,,,,False,0.0,,,,375.0,0,,판정불가
전라남도,곡성군,27657.0,편의점,22.0,4010.0,736190000.0,75215.0,9.792524190270612,11.891102634657924,-1.875554351483644,True,7.954586542285859,33463181.818181816,3418.8636363636365,2.7195646671728677,375.0,54446,0.6827642312260466,저특화·결제건수 증가
전라남도,곡성군,27657.0,슈퍼마켓,62.0,4020.0,286080000.0,13626.0,23.771829272922044,24.38225038928572,-0.4907622385455328,True,22.417471164623784,4614193.548387097,219.7741935483871,0.4926781646599414,375.0,63862,1.6404508888958482,고특화·결제건수 증가
전라남도,곡성군,27657.0,일반한식,46.0,8001.0,2890480000.0,99101.0,15.786233793931371,11.336186415855282,3.996946115483525,True,16.632317315688613,62836521.73913044,2154.3695652173915,3.583215822395777,375.0,98173,0.7917349712582209,저특화·결제건수 증가
전라남도,곡성군,27657.0,갈비전문점,23.0,,,,,,,True,8.316158657844307,,,,375.0,61512,0.6318035288507391,판정불가
전라남도,곡성군,27657.0,한정식,138.0,,,,,,,True,49.89695194706584,,,,375.0,180762,1.289989002113276,판정불가
전라남도,곡성군,27657.0,일식회집,21.0,8004.0,55320000.0,691.0,21.76091733670408,22.988700053473025,-0.9982890430056828,True,7.593014426727411,2634285.714285714,32.904761904761905,0.024984633185088766,375.0,44227,0.8023167748208108,저특화·결제건수 증가
전라남도,곡성군,27657.0,중국음식,25.0,8005.0,377290000.0,12997.0,14.202522919131969,13.615769793791507,0.516436341896383,True,9.039302888961203,15091600.0,519.88,0.46993527859131506,375.0,31984,1.3207520426880108,고특화·결제건수 증가
전라남도,곡성군,27657.0,서양음식,5.0,8006.0,599310000.0,53800.0,19.309587802493393,21.21330934383274,-1.5705548768900284,True,1.8078605777922405,119862000.0,10760.0,1.9452579817044509,375.0,23100,0.36573968253968253,저특화·결제건수 증가
전라남도,곡성군,27657.0,스넥,22.0,8021.0,629120000.0,63050.0,9.038800172926884,6.408485041661148,2.4719035612958113,True,7.954586542285859,28596363.636363637,2865.909090909091,2.2797121885960157,375.0,44410,0.8370588005704421,저특화·결제건수 증가
전라남도,곡성군,27657.0,제과점,11.0,8301.0,116270000.0,6872.0,22.81125117372632,21.69956571247712,0.9134670733958572,True,3.9772932711429294,10570000.0,624.7272727272727,0.24847235781176555,375.0,31168,0.596345311430527,저특화·결제건수 증가
전라남도,광양시,155975.0,대형할인점,0.0,4004.0,15057060000.0,260699.0,-2.189964420056413,-0.6363803810879158,-1.5635340629970174,False,0.0,,,1.671415290912005,2158.0,0,,판정불가
전라남도,광양시,155975.0,편의점,139.0,4010.0,6422220000.0,651534.0,2.156820188115325,2.757804628228573,-0.5848552742904325,True,8.911684564834108,46203021.58273381,4687.294964028777,4.17716941817599,2158.0,54446,0.7496226630857207,저특화·결제건수 증가
전라남도,광양시,155975.0,슈퍼마켓,195.0,4020.0,9142570000.0,377053.0,0.1276438945186032,1.485786181914563,-1.3382586256576483,True,12.502003526206122,46884974.35897436,1933.6051282051283,2.4173938131110755,2158.0,63862,0.8965736737309703,저특화·결제건수 증가
전라남도,광양시,155975.0,일반한식,332.0,8001.0,19008180000.0,528796.0,1.2925968392377314,1.8163987951918716,-0.5144573586891548,True,21.28546241384837,57253554.21686747,1592.7590361445782,3.3902612598172785,2158.0,98173,0.9929786428823842,저특화·결제건수 증가
전라남도,광양시,155975.0,갈비전문점,252.0,8002.0,76710000.0,914.0,8.771783439711621,6.611148568723121,2.0266500267518563,True,16.156435326174066,304404.7619047619,3.626984126984127,0.005859913447667895,2158.0,61512,1.2029140000079552,고특화·결제건수 증가
전라남도,광양시,155975.0,한정식,732.0,,,,,,,True,46.93059785221991,,,,2158.0,180762,1.18904373708914,판정불가
전라남도,광양시,155975.0,일식회집,143.0,8004.0,1050730000.0,15145.0,5.333197938265261,6.272119242122953,-0.8835067095241513,True,9.168135919217823,7347762.237762238,105.9090909090909,0.09709889405353422,2158.0,44227,0.949385168139944,저특화·결제건수 증가
전라남도,광양시,155975.0,중국음식,90.0,8005.0,1150920000.0,40617.0,-1.8776108162174787,-1.105147601781414,-0.781095472315968,True,5.770155473633595,12788000.0,451.3,0.26040711652508414,2158.0,31984,0.8262350591421753,저특화·결제건수 감소
전라남도,광양시,155975.0,서양음식,39.0,8006.0,3666310000.0,341041.0,1.3072905821918668,3.514733768353514,-2.1324917775488177,True,2.5004007052412245,94007948.71794872,8744.641025641025,2.1865106587594165,2158.0,23100,0.49573149741824435,저특화·결제건수 증가
전라남도,광양시,155975.0,스넥,153.0,8021.0,1760240000.0,91608.0,2.5958677002795087,2.371915395526949,0.2187634214787398,True,9.809264305177111,11504836.60130719,598.7450980392157,0.5873248918095849,2158.0,44410,1.0115900388139085,고특화·결제건수 증가
전라남도,광양시,155975.0,제과점,83.0,8301.0,1079870000.0,71671.0,0.4371282658492915,0.8681633962780133,-0.4273252490335433,True,5.321365603462093,13010481.927710844,863.5060240963855,0.45950312550088157,2158.0,31168,0.7819212999526142,저특화·결제건수 증가
전라남도,구례군,24337.0,대형할인점,0.0,,,,,,,False,0.0,,,,524.0,0,,판정불가
전라남도,구례군,24337.0,편의점,16.0,4010.0,508310000.0,48292.0,2.300396442063377,3.881499425628275,-1.5220255698146374,True,6.574351810001232,31769375.0,3018.25,1.9843037350536221,524.0,54446,0.35535959293513875,저특화·결제건수 증가
전라남도,구례군,24337.0,슈퍼마켓,98.0,4020.0,742160000.0,23723.0,2.6757467534762225,3.7654549711154934,-1.050164737332483,True,40.26790483625754,7573061.224489796,242.07142857142858,0.9747709249291203,524.0,63862,1.8556565552487818,고특화·결제건수 증가
전라남도,구례군,24337.0,일반한식,52.0,8001.0,3227700000.0,69580.0,6.474795489100998,6.595685717909716,-0.113410057822251,True,21.36664338250401,62071153.84615385,1338.076923076923,2.859021243374286,524.0,98173,0.6405091246073394,저특화·결제건수 증가
전라남도,구례군,24337.0,갈비전문점,40.0,,,,,,,True,16.43587952500308,,,,524.0,61512,0.7863469077963067,판정불가
전라남도,구례군,24337.0,한정식,233.0,,,,,,,True,95.73899823314295,,,,524.0,180762,1.5587010324655313,판정불가
전라남도,구례군,24337.0,일식회집,12.0,8004.0,25570000.0,591.0,24.826553087322296,25.49482264857204,-0.5325076741381661,True,4.930763857500924,2130833.3333333335,49.25,0.024284011998192054,524.0,44227,0.32810118926696186,저특화·결제건수 증가
전라남도,구례군,24337.0,중국음식,20.0,8005.0,152150000.0,5001.0,1.3871944979910886,2.1669118569701356,-0.7631799227431035,True,8.21793976250154,7607500.0,250.05,0.20548958376135104,524.0,31984,0.7561557496305406,저특화·결제건수 증가
전라남도,구례군,24337.0,서양음식,10.0,8006.0,578630000.0,35700.0,6.909831799887703,7.154103228372823,-0.2279627388272119,True,4.10896988125077,57863000.0,3570.0,1.466902247606525,524.0,23100,0.5234823700472555,저특화·결제건수 증가
전라남도,구례군,24337.0,스넥,21.0,8021.0,235450000.0,12088.0,4.49918327276868,6.888965585294125,-2.235761474011544,True,8.628836750626617,11211904.761904761,575.6190476190476,0.4966922792455931,524.0,44410,0.5718110734292359,저특화·결제건수 증가
전라남도,구례군,24337.0,제과점,22.0,8301.0,338480000.0,18331.0,7.1187074299630115,8.024103812706427,-0.8381429243913993,True,9.039733738751695,15385454.545454545,833.2272727272727,0.7532152689320787,524.0,31168,0.8535476785742276,저특화·결제건수 증가
전라남도,나주시,116691.0,대형할인점,0.0,4004.0,910070000.0,24369.0,-1.0277559853605258,1.4896588777413882,-2.4804644048852995,False,0.0,,,0.2088335861377484,1568.0,0,,판정불가
전라남도,나주시,116691.0,편의점,109.0,4010.0,4371830000.0,473106.0,3.7553681123519738,5.072534552294318,-1.2535782500675985,True,9.340908896144517,40108532.110091746,4340.422018348624,4.054348664421421,1568.0,54446,0.8090209865307472,저특화·결제건수 증가
전라남도,나주시,116691.0,슈퍼마켓,233.0,4020.0,5641680000.0,239461.0,-0.1491464447192051,1.6404641974157166,-1.760726553411769,True,19.967263970657548,24213218.88412017,1027.7296137339056,2.0520948487886814,1568.0,63862,1.4743910098880302,고특화·결제건수 증가
전라남도,나주시,116691.0,일반한식,229.0,8001.0,13069270000.0,311345.0,4.087114732737184,3.0077927404218987,1.0478061548558493,True,19.624478323092614,57071048.0349345,1359.585152838428,2.6681149360276284,1568.0,98173,0.9426331058229775,저특화·결제건수 증가
전라남도,나주시,116691.0,갈비전문점,153.0,,,,,,,True,13.111551019358819,,,,1568.0,61512,1.0051499408776388,판정불가
전라남도,나주시,116691.0,한정식,499.0,,,,,,,True,42.76250953372582,,,,1568.0,180762,1.1155593390474656,판정불가
전라남도,나주시,116691.0,일식회집,74.0,8004.0,394430000.0,6579.0,5.124690596264166,6.985393008548344,-1.739211643719887,True,6.341534479951324,5330135.135135135,88.9054054054054,0.056379669383242924,1568.0,44227,0.676150707643267,저특화·결제건수 증가
전라남도,나주시,116691.0,중국음식,69.0,8005.0,1072860000.0,36401.0,0.4093687415740955,2.024960084784123,-1.5835255822373602,True,5.913052420495154,15548695.652173912,527.5507246376811,0.3119435089252813,1568.0,31984,0.8717974261365378,저특화·결제건수 증가
전라남도,나주시,116691.0,서양음식,49.0,8006.0,3505030000.0,340136.0,2.771927977559862,4.578332952025236,-1.7273224036704116,True,4.199124182670472,71531224.48979592,6941.551020408163,2.9148434755036807,1568.0,23100,0.8572023809523809,저특화·결제건수 증가
전라남도,나주시,116691.0,스넥,97.0,8021.0,1069450000.0,48753.0,3.333373401741213,2.956016871973304,0.3665220753802005,True,8.31255195344971,11025257.731958764,502.6082474226804,0.41779571689333367,1568.0,44410,0.8826534633218296,저특화·결제건수 증가
전라남도,나주시,116691.0,제과점,56.0,8301.0,716970000.0,45766.0,0.521340486358694,2.7782717796417176,-2.1959225955091997,True,4.79899906590911,12803035.714285715,817.25,0.392198198661422,1568.0,31168,0.7260697785274274,저특화·결제건수 증가
전라남도,담양군,44031.0,대형할인점,0.0,,,,,,,False,0.0,,,,708.0,0,,판정불가
전라남도,담양군,44031.0,편의점,25.0,4010.0,966280000.0,97005.0,4.586776673659746,6.087380779210201,-1.414498213197935,True,5.677817901024278,38651200.0,3880.2,2.2031069019554406,708.0,54446,0.41094726937237974,저특화·결제건수 증가
전라남도,담양군,44031.0,슈퍼마켓,94.0,4020.0,3106380000.0,102587.0,0.1760292629319456,2.4078067278889814,-2.179304035762823,True,21.348595307851287,33046595.74468085,1091.3510638297873,2.3298812200495105,708.0,63862,1.3173385691994408,고특화·결제건수 증가
전라남도,담양군,44031.0,일반한식,108.0,8001.0,13882440000.0,283997.0,3.297972601804001,3.412650604493351,-0.1108935918565096,True,24.52817333242488,128541111.1111111,2629.6018518518517,6.449933001748768,708.0,98173,0.9845635696376183,저특화·결제건수 증가
전라남도,담양군,44031.0,갈비전문점,105.0,,,,,,,True,23.84683518430197,,,,708.0,61512,1.5277121068839261,판정불가
전라남도,담양군,44031.0,한정식,238.0,,,,,,,True,54.05282641775113,,,,708.0,180762,1.1783705727361202,판정불가
전라남도,담양군,44031.0,일식회집,16.0,8004.0,19890000.0,390.0,17.053673903117662,22.282951831215833,-4.276375283544037,True,3.633803456655538,1243125.0,24.375,0.008857395925597875,708.0,44227,0.3237759381843465,저특화·결제건수 증가
전라남도,담양군,44031.0,중국음식,31.0,8005.0,530300000.0,19047.0,-1.6287968311986107,-0.1744110248748789,-1.4569268473698969,True,7.040494197270105,17106451.612903226,614.4193548387096,0.4325815902432377,708.0,31984,0.8674430788840748,저특화·결제건수 감소
전라남도,담양군,44031.0,서양음식,23.0,8006.0,2810340000.0,180935.0,0.9198086956310376,3.6249847042808607,-2.610544181376419,True,5.223592468942336,122188695.6521739,7866.739130434783,4.109263927687311,708.0,23100,0.8911030400860909,저특화·결제건수 증가
전라남도,담양군,44031.0,스넥,34.0,8021.0,323960000.0,16405.0,5.052514975645487,5.674791654948522,-0.588860095731135,True,7.721832345393019,9528235.294117646,482.5,0.37257841066521313,708.0,44410,0.6851887331325845,저특화·결제건수 증가
전라남도,담양군,44031.0,제과점,34.0,8301.0,1198420000.0,50374.0,-2.548940222896438,-0.7618022497089338,-1.8008569418847633,True,7.721832345393019,35247647.058823526,1481.5882352941176,1.144057595784788,708.0,31168,0.9762972163250153,저특화·결제건수 감소
전라남도,목포시,199524.0,대형할인점,0.0,4004.0,6804470000.0,143434.0,-5.888766473738694,-3.2727552380219316,-2.7045236759862057,False,0.0,,,0.7188809366291774,3246.0,0,,판정불가
전라남도,목포시,199524.0,편의점,243.0,4010.0,12136920000.0,1287087.0,5.027744990239359,6.056146634882615,-0.969676607414123,True,12.178985986648222,49946172.83950617,5296.6543209876545,6.45078787514284,3246.0,54446,0.8712385953407481,저특화·결제건수 증가
전라남도,목포시,199524.0,슈퍼마켓,440.0,4020.0,19642360000.0,904848.0,5.530676067272819,8.196223184366957,-2.4636230717148626,True,22.052484914095547,44641727.27272727,2056.4727272727273,4.535033379443075,3246.0,63862,1.3449525801871036,고특화·결제건수 증가
전라남도,목포시,199524.0,일반한식,473.0,8001.0,38620320000.0,806681.0,2.4725374398533706,4.072125630157187,-1.5369996342616468,True,23.706421282652713,81649725.15856236,1705.4566596194504,4.043027405224434,3246.0,98173,0.9405153535249199,저특화·결제건수 증가
전라남도,목포시,199524.0,갈비전문점,307.0,,,,,,,True,15.386620155971212,,,,3246.0,61512,0.9742610471609384,판정불가
전라남도,목포시,199524.0,한정식,970.0,,,,,,,True,48.61570537880154,,,,3246.0,180762,1.047517791169297,판정불가
전라남도,목포시,199524.0,일식회집,241.0,8004.0,2561040000.0,36341.0,2.2416596294456315,2.444660196740844,-0.1981563186459629,True,12.07874741885688,10626721.991701245,150.79253112033194,0.18213848960526052,3246.0,44227,1.0637176675238502,고특화·결제건수 증가
전라남도,목포시,199524.0,중국음식,129.0,8005.0,2372750000.0,85333.0,2.638240513870024,4.89251116759272,-2.1491244976687858,True,6.465387622541649,18393410.85271318,661.4961240310078,0.4276828852669353,3246.0,31984,0.7873244616763097,저특화·결제건수 증가
전라남도,목포시,199524.0,서양음식,66.0,8006.0,7428340000.0,686324.0,2.5635719878465895,5.116863987138565,-2.429003208851858,True,3.307872737114332,112550606.06060606,10398.848484848484,3.4398067400412984,3246.0,23100,0.5577361147786286,저특화·결제건수 증가
전라남도,목포시,199524.0,스넥,240.0,8021.0,3410060000.0,189514.0,5.354885063901252,5.235262571602402,0.1136714912621811,True,12.028628134961208,14208583.333333334,789.6416666666667,0.9498305968204326,3246.0,44410,1.0549388345283677,고특화·결제건수 증가
전라남도,목포시,199524.0,제과점,137.0,8301.0,3048210000.0,193480.0,1.3253067877513078,3.5031908609369973,-2.1041709488086116,True,6.866341893707022,22249708.029197082,1412.2627737226278,0.969707904813456,3246.0,31168,0.8580417961895291,저특화·결제건수 증가
전라남도,무안군,95659.0,대형할인점,0.0,4004.0,2079710000.0,46258.0,-1.9771997065320257,-0.683289737610191,-1.3028119492715462,False,0.0,,,0.4835718541904055,1280.0,0,,판정불가
전라남도,무안군,95659.0,편의점,94.0,4010.0,3340740000.0,337130.0,3.841574079479985,5.13323832733188,-1.2285974144830691,True,9.826571467399827,35539787.234042555,3586.4893617021276,3.5242894029835146,1280.0,54446,0.8546675834772068,저특화·결제건수 증가
전라남도,무안군,95659.0,슈퍼마켓,161.0,4020.0,3320970000.0,148734.0,7.046020098682987,5.864336818553138,1.1162241370814232,True,16.830617087780553,20627142.85714286,923.8136645962733,1.5548354049279212,1280.0,63862,1.248011875215308,고특화·결제건수 증가
전라남도,무안군,95659.0,일반한식,191.0,8001.0,8742430000.0,186769.0,3.7767255394449943,3.0843709821694776,0.671638727266691,True,19.966756917801778,45771884.816753924,977.848167539267,1.952445666377445,1280.0,98173,0.9631117071394375,저특화·결제건수 증가
전라남도,무안군,95659.0,갈비전문점,89.0,,,,,,,True,9.303881495729623,,,,1280.0,61512,0.7162514529685265,판정불가
전라남도,무안군,95659.0,한정식,396.0,,,,,,,True,41.39704575628012,,,,1280.0,180762,1.084484640023899,판정불가
전라남도,무안군,95659.0,일식회집,96.0,8004.0,645630000.0,10240.0,0.8252367500402462,0.5778331977054965,0.2459821856058775,True,10.035647456067906,6725312.5,106.66666666666667,0.10704690619805768,1280.0,44227,1.0745313948493,고특화·결제건수 증가
전라남도,무안군,95659.0,중국음식,69.0,8005.0,861000000.0,28247.0,1.505228013636637,1.859975870570702,-0.3482701167971826,True,7.213121609048809,12478260.869565217,409.3768115942029,0.2952884725953648,1280.0,31984,1.0679518470172586,고특화·결제건수 증가
전라남도,무안군,95659.0,서양음식,36.0,8006.0,2844280000.0,240324.0,1.754157482241181,4.704479598866382,-2.817761119608444,True,3.7633677960254652,79007777.77777778,6675.666666666667,2.5122988950333998,1280.0,23100,0.7714821428571428,저특화·결제건수 증가
전라남도,무안군,95659.0,스넥,85.0,8021.0,654950000.0,32987.0,2.0706068789845253,2.183254346525932,-0.1102406341056066,True,8.88572951839346,7705294.117647059,388.08235294117645,0.3448394819097001,1280.0,44410,0.9474875450349021,저특화·결제건수 증가
전라남도,무안군,95659.0,제과점,63.0,8301.0,653490000.0,44947.0,-1.2890237455634816,1.3891631032912652,-2.6414922136464436,True,6.585893643044565,10372857.142857144,713.4444444444445,0.46986692313321277,1280.0,31168,1.0006149135331108,고특화·결제건수 증가
전라남도,보성군,37559.0,대형할인점,0.0,,,,,,,False,0.0,,,,613.0,0,,판정불가
전라남도,보성군,37559.0,편의점,27.0,4010.0,761060000.0,76456.0,6.269973673917917,7.670295406006493,-1.3005645863682609,True,7.188689794722969,28187407.407407407,2831.703703703704,2.035623951649405,613.0,54446,0.5126047635446924,저특화·결제건수 증가
전라남도,보성군,37559.0,슈퍼마켓,127.0,4020.0,2269930000.0,91695.0,0.5075740028199072,2.3868064609085136,-1.8354244292267343,True,33.813466812215445,17873464.566929135,722.007874015748,2.441358928618973,613.0,63862,2.0556352571611,고특화·결제건수 증가
전라남도,보성군,37559.0,일반한식,79.0,8001.0,4656180000.0,120921.0,6.216974494632045,4.861733261080729,1.2924078130361585,True,21.03357384381906,58938987.341772154,1530.6455696202531,3.2194946617322078,613.0,98173,0.8318018484830413,저특화·결제건수 증가
전라남도,보성군,37559.0,갈비전문점,38.0,,,,,,,True,10.117415266647143,,,,613.0,61512,0.6385701316492682,판정불가
전라남도,보성군,37559.0,한정식,222.0,,,,,,,True,59.1070049788333,,,,613.0,180762,1.2694941062714877,판정불가
전라남도,보성군,37559.0,일식회집,32.0,8004.0,23140000.0,298.0,19.576132344205607,15.72702428795882,3.326023528151229,True,8.519928645597593,723125.0,9.3125,0.007934183551212759,613.0,44227,0.747906571727626,저특화·결제건수 증가
전라남도,보성군,37559.0,중국음식,26.0,8005.0,302570000.0,10394.0,2.88522844274658,3.2142663119334314,-0.3187910750559075,True,6.922442024548044,11637307.692307692,399.7692307692308,0.2767379323198168,613.0,31984,0.8402827025258144,저특화·결제건수 증가
전라남도,보성군,37559.0,서양음식,12.0,8006.0,762940000.0,55367.0,3.692388124513829,4.0260689020938205,-0.3207664973805693,True,3.1949732420990977,63578333.333333336,4613.916666666667,1.474134029127506,613.0,23100,0.5369750640876252,저특화·결제건수 증가
전라남도,보성군,37559.0,스넥,31.0,8021.0,229020000.0,9858.0,2.190571019383417,3.0621249804315003,-0.8456588307427623,True,8.253680875422669,7387741.935483871,318.0,0.2624670518384409,613.0,44410,0.7215489067648961,저특화·결제건수 증가
전라남도,보성군,37559.0,제과점,19.0,8301.0,325100000.0,18743.0,0.6177876189966766,0.2692438024055264,0.3476079038533075,True,5.058707633323571,17110526.315789472,986.4736842105264,0.4990281956388615,613.0,31168,0.6301290736975389,저특화·결제건수 증가
전라남도,순천시,274131.0,대형할인점,0.0,4004.0,5893610000.0,123149.0,-5.904215069126838,-4.093988570277232,-1.8875005558709093,False,0.0,,,0.4492341252904633,3511.0,0,,판정불가
전라남도,순천시,274131.0,편의점,251.0,4010.0,9098120000.0,1024167.0,2.73773312466205,4.12811048316575,-1.335256495150225,True,9.15620633930493,36247490.03984064,4080.3466135458166,3.7360495529509614,3511.0,54446,0.8319979190615421,저특화·결제건수 증가
전라남도,순천시,274131.0,슈퍼마켓,417.0,4020.0,16379610000.0,776739.0,-0.1799966400919566,1.8377334863632209,-1.9813187679843252,True,15.211705352550425,39279640.28776979,1862.68345323741,2.833459185571862,3511.0,63862,1.178441523649582,고특화·결제건수 증가
전라남도,순천시,274131.0,일반한식,478.0,8001.0,31109000000.0,722791.0,2.453276907855918,2.150018291174445,0.2968757340963784,True,17.436918845369547,65081589.95815899,1512.1150627615064,2.6366627634233266,3511.0,98173,0.8787196364100164,저특화·결제건수 증가
전라남도,순천시,274131.0,갈비전문점,355.0,8002.0,17720000.0,196.0,5.505913335893915,-1.533122465421161,7.14863310136261,True,12.95001295001295,49915.49295774648,0.5521126760563381,0.0007149866304795883,3511.0,61512,1.0415569053565148,고특화·결제건수 감소
전라남도,순천시,274131.0,한정식,1178.0,,,,,,,True,42.97215564821199,,,,3511.0,180762,1.176122748140502,판정불가
전라남도,순천시,274131.0,일식회집,198.0,8004.0,2467480000.0,37238.0,0.6341110682233501,1.474721347558684,-0.8283937794282974,True,7.2228241242325755,12462020.202020202,188.07070707070707,0.1358401640091781,3511.0,44227,0.8079643641134014,저특화·결제건수 증가
전라남도,순천시,274131.0,중국음식,157.0,8005.0,1645880000.0,53384.0,-0.8322294411431018,-0.6601542106400718,-0.1732187413174196,True,5.727188825780375,10483312.101910828,340.02547770700636,0.1947390116404201,3511.0,31984,0.8858932100627358,저특화·결제건수 감소
전라남도,순천시,274131.0,서양음식,82.0,8006.0,8323890000.0,721408.0,1.8188318950303053,4.30834437091911,-2.3866858312275516,True,2.9912705969044,101510853.65853658,8797.658536585366,2.6316177302092796,3511.0,23100,0.6406434199997287,저특화·결제건수 증가
전라남도,순천시,274131.0,스넥,215.0,8021.0,2608840000.0,148507.0,3.9666604858401,4.018727969842978,-0.050055874570946,True,7.8429655894444625,12134139.53488372,690.7302325581395,0.5417373445542459,3511.0,44410,0.8737198130031834,저특화·결제건수 증가
전라남도,순천시,274131.0,제과점,180.0,8301.0,2377880000.0,148153.0,3.018452328207794,3.0078868318326157,0.0102569780820872,True,6.566203749302341,13210444.444444444,823.0722222222222,0.5404459911502165,3511.0,31168,1.0422647917340455,고특화·결제건수 증가
전라남도,신안군,42319.0,대형할인점,0.0,,,,,,,False,0.0,,,,546.0,0,,판정불가
전라남도,신안군,42319.0,편의점,18.0,4010.0,668020000.0,51300.0,6.745340050157375,6.956476351684097,-0.1974039429202227,True,4.253408634419528,37112222.222222224,2850.0,1.2122214608095654,546.0,54446,0.3836712088557954,저특화·결제건수 증가
전라남도,신안군,42319.0,슈퍼마켓,121.0,4020.0,1082790000.0,40289.0,-0.1826819528679098,0.780187142577713,-0.9554150699119304,True,28.59235804248683,8948677.685950413,332.9669421487603,0.9520310026229353,546.0,63862,2.1988496716190804,고특화·결제건수 증가
전라남도,신안군,42319.0,일반한식,26.0,8001.0,2141430000.0,45316.0,10.097375919355764,10.018210636911194,0.0719565260934676,True,6.1438124719393175,82362692.3076923,1742.923076923077,1.0708192537630852,546.0,98173,0.30735053232073795,저특화·결제건수 증가
전라남도,신안군,42319.0,갈비전문점,31.0,,,,,,,True,7.325314870389186,,,,546.0,61512,0.5848635151210259,판정불가
전라남도,신안군,42319.0,한정식,223.0,,,,,,,True,52.695006970864156,,,,546.0,180762,1.4316946740686245,판정불가
전라남도,신안군,42319.0,일식회집,75.0,8004.0,190730000.0,2146.0,17.07639593570284,11.73544992925301,4.77999239259481,True,17.72253597674803,2543066.6666666665,28.613333333333333,0.05071008294146837,546.0,44227,1.9680062176727111,고특화·결제건수 증가
전라남도,신안군,42319.0,중국음식,23.0,8005.0,166070000.0,4972.0,6.041845478083248,5.923511685118754,0.1117162668438312,True,5.434911032869397,7220434.782608695,216.17391304347825,0.11748859850185496,546.0,31984,0.8345411258742925,저특화·결제건수 증가
전라남도,신안군,42319.0,서양음식,1.0,8006.0,330920000.0,22191.0,5.212913876781993,4.1146896925659275,1.054821550598636,True,0.23630047968997378,330920000.0,22191.0,0.5243743944800208,546.0,23100,0.05023896738182452,저특화·결제건수 증가
전라남도,신안군,42319.0,스넥,16.0,8021.0,114860000.0,3689.0,2.0930717665411693,1.208495138061212,0.8740142092551852,True,3.7808076750395805,7178750.0,230.5625,0.08717124695763133,546.0,44410,0.41811128899622485,저특화·결제건수 증가
전라남도,신안군,42319.0,제과점,12.0,8301.0,24450000.0,1350.0,3.543928478216609,12.340606871714703,-7.83036396050744,True,2.8356057562796857,2037500.0,112.5,0.03190056475814646,546.0,31168,0.4468121714014938,저특화·결제건수 증가
전라남도,여수시,260502.0,대형할인점,0.0,4004.0,6160760000.0,130598.0,-1.677522425162813,1.6774149431234564,-3.299589559946003,False,0.0,,,0.5013320435159807,4481.0,0,,판정불가
전라남도,여수시,260502.0,편의점,345.0,4010.0,13840300000.0,1452345.0,2.665669381043993,3.605049970260038,-0.9066938237911232,True,13.2436603173872,40116811.5942029,4209.695652173913,5.575177925697307,4481.0,54446,0.896031957303258,저특화·결제건수 증가
전라남도,여수시,260502.0,슈퍼마켓,528.0,4020.0,14891310000.0,697592.0,-0.8456387992588927,1.0315432817118224,-1.8580158433653335,True,20.268558398783888,28203238.636363637,1321.1969696969697,2.6778757936599336,4481.0,63862,1.1691272685438083,고특화·결제건수 증가
전라남도,여수시,260502.0,일반한식,552.0,8001.0,44811290000.0,958276.0,1.141174661772899,1.5569870685842555,-0.4094375176082581,True,21.189856507819517,81179873.1884058,1736.0072463768115,3.6785744447259523,4481.0,98173,0.7950920264811414,저특화·결제건수 증가
전라남도,여수시,260502.0,갈비전문점,364.0,8002.0,73370000.0,588.0,-12.008893709739787,-7.383958669004081,-4.993665216381745,True,13.973021320373741,201565.93406593407,1.6153846153846154,0.0022571803671372964,4481.0,61512,0.836781208465947,저특화·결제건수 감소
전라남도,여수시,260502.0,한정식,1638.0,,,,,,,True,62.87859594168183,,,,4481.0,180762,1.2813776436873237,판정불가
전라남도,여수시,260502.0,일식회집,407.0,8004.0,3388780000.0,38529.0,1.1970386761396,1.0014556290703684,0.1936437904296187,True,15.623680432395913,8326240.786240786,94.66584766584766,0.14790289517930763,4481.0,44227,1.3012996435428554,고특화·결제건수 증가
전라남도,여수시,260502.0,중국음식,155.0,8005.0,2338360000.0,76540.0,-0.5085536399971353,0.7136054665869236,-1.2134995077596953,True,5.950050287521785,15086193.548387097,493.80645161290323,0.2938173219399467,4481.0,31984,0.6852819681431879,저특화·결제건수 증가
전라남도,여수시,260502.0,서양음식,86.0,8006.0,10057350000.0,755218.0,-0.14655691657958,2.709883548312883,-2.7810765295521485,True,3.3013182240443455,116945930.23255815,8781.60465116279,2.8990871471236304,4481.0,23100,0.5264496657846356,저특화·결제건수 증가
전라남도,여수시,260502.0,스넥,247.0,8021.0,2997020000.0,140829.0,1.846657096587049,1.2949459138936057,0.5446581541811906,True,9.481693038825037,12133684.210526315,570.1578947368421,0.5406062141557454,4481.0,44410,0.7864779716666044,저특화·결제건수 증가
전라남도,여수시,260502.0,제과점,159.0,8301.0,2004930000.0,143228.0,0.1191977357961777,1.1006501948919534,-0.9707677024864358,True,6.103599972361057,12609622.641509434,900.8050314465409,0.5498153565039807,4481.0,31168,0.7213708221388321,저특화·결제건수 증가
전라남도,영광군,53902.0,대형할인점,0.0,,,,,,,False,0.0,,,,708.0,0,,판정불가
전라남도,영광군,53902.0,편의점,41.0,4010.0,1462820000.0,138553.0,6.623593299618589,6.37008031195438,0.2383311048752978,True,7.606396794182033,35678536.585365854,3379.3414634146343,2.5704612073763498,708.0,54446,0.6739535217707028,저특화·결제건수 증가
전라남도,영광군,53902.0,슈퍼마켓,106.0,4020.0,2513180000.0,72434.0,5.981188941396566,6.463807112907729,-0.4533166571803394,True,19.66531854105599,23709245.28301887,683.3396226415094,1.343809135097028,708.0,63862,1.4855094503738375,고특화·결제건수 증가
전라남도,영광군,53902.0,일반한식,87.0,8001.0,4969930000.0,90774.0,6.019375243628514,5.67147217720042,0.3292308314250766,True,16.140402953508218,57125632.183908045,1043.3793103448277,1.6840562502319023,708.0,98173,0.7931206533191925,저특화·결제건수 증가
전라남도,영광군,53902.0,갈비전문점,56.0,,,,,,,True,10.389224889614486,,,,708.0,61512,0.814779790338094,판정불가
전라남도,영광군,53902.0,한정식,289.0,,,,,,,True,53.61582130533189,,,,708.0,180762,1.430878552608146,판정불가
전라남도,영광군,53902.0,일식회집,31.0,,,,,,,True,5.751178063893733,,,,708.0,44227,0.6273158802321714,판정불가
전라남도,영광군,53902.0,중국음식,32.0,8005.0,388940000.0,12318.0,3.7744613358862353,4.827711872711568,-1.0047443734193704,True,5.9366999369225635,12154375.0,384.9375,0.2285258431969129,708.0,31984,0.8954251136867869,저특화·결제건수 증가
전라남도,영광군,53902.0,서양음식,8.0,8006.0,964710000.0,83135.0,6.379578943994953,6.217743047875008,0.1523623939617566,True,1.4841749842306409,120588750.0,10391.875,1.5423360914251791,708.0,23100,0.30994888350820554,저특화·결제건수 증가
전라남도,영광군,53902.0,스넥,35.0,8021.0,524330000.0,21184.0,5.83925243507134,7.4639605279218175,-1.5118632189517354,True,6.493265556009053,14980857.142857144,605.2571428571429,0.39300953582427367,708.0,44410,0.7053413429306018,저특화·결제건수 증가
전라남도,영광군,53902.0,제과점,23.0,8301.0,411860000.0,18275.0,5.685056813576712,6.368967746386269,-0.6429609568461417,True,4.267003079663092,17906956.52173913,794.5652173913044,0.339041222960187,708.0,31168,0.6604363522198633,저특화·결제건수 증가
전라남도,영암군,50076.0,대형할인점,0.0,4004.0,363670000.0,15945.0,-3.315415552660414,1.1600188867148835,-4.424113882765431,False,0.0,,,0.3184160076683441,811.0,0,,판정불가
전라남도,영암군,50076.0,편의점,61.0,4010.0,3025020000.0,322318.0,3.3254246170813953,4.456249066197807,-1.082581903165802,True,12.181484144100965,49590491.80327869,5283.901639344263,6.436576403866123,811.0,54446,0.8753632882690178,저특화·결제건수 증가
전라남도,영암군,50076.0,슈퍼마켓,154.0,4020.0,4672470000.0,240956.0,-0.1092316195836844,3.0409583874415698,-3.057221183037049,True,30.753255052320476,30340714.285714287,1564.6493506493507,4.811806054796709,811.0,63862,1.8840944837861509,고특화·결제건수 증가
전라남도,영암군,50076.0,일반한식,110.0,8001.0,5603020000.0,128300.0,4.103618771498456,3.29269522857304,0.7850734663578431,True,21.96661075165748,50936545.45454545,1166.3636363636363,2.562105599488777,811.0,98173,0.8754373978556163,저특화·결제건수 증가
전라남도,영암군,50076.0,갈비전문점,71.0,,,,,,,True,14.17844875788801,,,,811.0,61512,0.9018264598536928,판정불가
전라남도,영암군,50076.0,한정식,269.0,,,,,,,True,53.718348110871474,,,,811.0,180762,1.1627052001302447,판정불가
전라남도,영암군,50076.0,일식회집,12.0,,,,,,,True,2.3963575365444525,,,,811.0,44227,0.21199139725756846,판정불가
전라남도,영암군,50076.0,중국음식,52.0,8005.0,748260000.0,20654.0,0.3798716369687325,1.595142926488869,-1.1961903438626984,True,10.384215991692628,14389615.384615384,397.1923076923077,0.412453071331576,811.0,31984,1.2702670694163358,고특화·결제건수 증가
전라남도,영암군,50076.0,서양음식,20.0,8006.0,1283540000.0,112638.0,6.291965221317827,6.662989473814592,-0.3478472282907825,True,3.993929227574087,64177000.0,5631.9,2.2493410016774504,811.0,23100,0.6764605718983031,저특화·결제건수 증가
전라남도,영암군,50076.0,스넥,43.0,8021.0,549350000.0,25833.0,4.674538656412993,3.4086211708062746,1.22418950303551,True,8.586947839284289,12775581.395348838,600.7674418604652,0.515875868679607,811.0,44410,0.7565056136755061,저특화·결제건수 증가
전라남도,영암군,50076.0,제과점,19.0,8301.0,217400000.0,14813.0,-0.5301578531257363,-0.2528115221296737,-0.2780492715918596,True,3.794232766195383,11442105.263157895,779.6315789473684,0.2958103682402748,811.0,31168,0.4762874502793975,저특화·결제건수 감소
전라남도,완도군,44175.0,대형할인점,0.0,,,,,,,False,0.0,,,,804.0,0,,판정불가
전라남도,완도군,44175.0,편의점,51.0,4010.0,2659790000.0,233195.0,1.0323187962887632,3.1340055772491535,-2.0378213463125303,True,11.544991511035654,52152745.09803922,4572.450980392156,5.278890775325411,804.0,54446,0.7382330349501437,저특화·결제건수 증가
전라남도,완도군,44175.0,슈퍼마켓,187.0,4020.0,1919890000.0,69391.0,-0.9061362829301453,2.0723675791254115,-2.9180315228278233,True,42.33163554046407,10266791.443850268,371.0748663101604,1.5708205998868139,804.0,63862,2.3077479253695508,고특화·결제건수 증가
전라남도,완도군,44175.0,일반한식,74.0,8001.0,5562640000.0,103287.0,2.1265216620444978,2.286265941786296,-0.1561737328770553,True,16.751556310130162,75170810.8108108,1395.7702702702702,2.338132427843803,804.0,98173,0.5940581184408293,저특화·결제건수 증가
전라남도,완도군,44175.0,갈비전문점,51.0,,,,,,,True,11.544991511035654,,,,804.0,61512,0.653430807336707,판정불가
전라남도,완도군,44175.0,한정식,266.0,,,,,,,True,60.215053763440864,,,,804.0,180762,1.1597483863364273,판정불가
전라남도,완도군,44175.0,일식회집,79.0,8004.0,304300000.0,3167.0,7.288351617131696,6.906802727895396,0.3568986065437424,True,17.883418222976797,3851898.734177215,40.08860759493671,0.07169213355970572,804.0,44227,1.407760865557126,고특화·결제건수 증가
전라남도,완도군,44175.0,중국음식,29.0,8005.0,588070000.0,16293.0,0.5892820407042489,1.768969399847735,-1.159181788024678,True,6.5647990945104695,20278275.862068966,561.8275862068965,0.36882852292020374,804.0,31984,0.714585993245379,저특화·결제건수 증가
전라남도,완도군,44175.0,서양음식,4.0,8006.0,800170000.0,68263.0,1.6387193137698122,2.713388196448386,-1.046279264610774,True,0.9054895302773062,200042500.0,17065.75,1.5452857951329937,804.0,23100,0.13647003079838899,저특화·결제건수 증가
전라남도,완도군,44175.0,스넥,43.0,8021.0,587290000.0,21279.0,0.9788666665216486,2.2925208470981753,-1.284213322438419,True,9.73401245048104,13657906.976744186,494.86046511627904,0.48169779286926995,804.0,44410,0.76309210533686,저특화·결제건수 증가
전라남도,완도군,44175.0,제과점,20.0,8301.0,239080000.0,14885.0,-0.5434737505980217,1.5491289493435634,-2.060680107837677,True,4.527447651386531,11954000.0,744.25,0.3369552914544426,804.0,31168,0.505720243750447,저특화·결제건수 증가
전라남도,장성군,43095.0,대형할인점,0.0,,,,,,,False,0.0,,,,553.0,0,,판정불가
전라남도,장성군,43095.0,편의점,33.0,4010.0,1216980000.0,123222.0,3.2827099947318508,4.238070163524768,-0.9165175135094372,True,7.657500870170554,36878181.81818182,3734.0,2.8593108249216845,553.0,54446,0.6944934540047942,저특화·결제건수 증가
전라남도,장성군,43095.0,슈퍼마켓,97.0,4020.0,909830000.0,49306.0,2.1438145501750663,4.285419930457623,-2.053599996730739,True,22.508411648683143,9379690.721649485,508.30927835051546,1.1441234481958464,553.0,63862,1.740401361593259,고특화·결제건수 증가
전라남도,장성군,43095.0,일반한식,50.0,8001.0,5121290000.0,175124.0,5.690879747651161,4.30747658708692,1.3262742095090607,True,11.60227404571296,102425800.0,3502.48,4.063673279962873,553.0,98173,0.583576960102667,저특화·결제건수 증가
전라남도,장성군,43095.0,갈비전문점,55.0,,,,,,,True,12.762501450284255,,,,553.0,61512,1.0245261248955495,판정불가
전라남도,장성군,43095.0,한정식,228.0,,,,,,,True,52.9063696484511,,,,553.0,180762,1.4452663951658293,판정불가
전라남도,장성군,43095.0,일식회집,14.0,8004.0,45960000.0,760.0,1.6755948553115998,5.09601610332636,-3.254567941616303,True,3.248636732799629,3282857.1428571427,54.285714285714285,0.0176354565494837,553.0,44227,0.36271101935841354,저특화·결제건수 증가
전라남도,장성군,43095.0,중국음식,21.0,8005.0,500950000.0,17167.0,2.873224443453529,3.861971764253523,-0.9519820430948802,True,4.8729550991994435,23854761.904761903,817.4761904761905,0.39835247708550875,553.0,31984,0.7523271129235505,저특화·결제건수 증가
전라남도,장성군,43095.0,서양음식,12.0,8006.0,1393020000.0,108107.0,5.969655433370568,6.603286086296476,-0.594381914656005,True,2.78454577097111,116085000.0,9008.916666666666,2.508574080519782,553.0,23100,0.5952363730302247,저특화·결제건수 증가
전라남도,장성군,43095.0,스넥,28.0,8021.0,343710000.0,16130.0,0.6708929765269126,2.750502217859976,-2.0239407072908597,True,6.497273465599258,12275357.142857144,576.0714285714286,0.3742893607147001,553.0,44410,0.7224327968099328,저특화·결제건수 증가
전라남도,장성군,43095.0,제과점,15.0,8301.0,201770000.0,13078.0,4.004855502326461,4.682212074814253,-0.6470598576993232,True,3.480682213713888,13451333.333333334,871.8666666666667,0.30346907993966815,553.0,31168,0.551445401413236,저특화·결제건수 증가
전라남도,장흥군,33952.0,대형할인점,0.0,,,,,,,False,0.0,,,,565.0,0,,판정불가
전라남도,장흥군,33952.0,편의점,29.0,4010.0,1015480000.0,100979.0,3.00567468067003,3.5473665561830305,-0.5231343814225184,True,8.541470311027334,35016551.72413793,3482.0344827586205,2.9741694156456173,565.0,54446,0.5973500413984921,저특화·결제건수 증가
전라남도,장흥군,33952.0,슈퍼마켓,103.0,4020.0,2382640000.0,78288.0,-1.60460612920042,1.30316893843178,-2.87036930641274,True,30.33694627709708,23132427.18446602,760.0776699029126,2.3058435438265787,565.0,63862,1.808804327250989,고특화·결제건수 증가
전라남도,장흥군,33952.0,일반한식,62.0,8001.0,3829300000.0,94111.0,1.7408785102787665,2.4423566596835977,-0.6847540141380694,True,18.261074458058435,61762903.22580645,1517.9193548387098,2.77188383600377,565.0,98173,0.7082661824453111,저특화·결제건수 증가
전라남도,장흥군,33952.0,갈비전문점,65.0,,,,,,,True,19.144674835061263,,,,565.0,61512,1.18508741944877,판정불가
전라남도,장흥군,33952.0,한정식,188.0,,,,,,,True,55.37229029217719,,,,565.0,180762,1.1664002135306653,판정불가
전라남도,장흥군,33952.0,일식회집,42.0,8004.0,28810000.0,317.0,8.512167571702767,10.00441040989365,-1.3565300087792085,True,12.370405278039586,685952.380952381,7.5476190476190474,0.009336710650329878,565.0,44227,1.0650222674612533,고특화·결제건수 증가
전라남도,장흥군,33952.0,중국음식,19.0,8005.0,232930000.0,7418.0,1.529834712489874,1.3665122628144617,0.1611207153422868,True,5.596135721017908,12259473.684210526,390.42105263157896,0.21848491988689916,565.0,31984,0.6662200569311204,저특화·결제건수 증가
전라남도,장흥군,33952.0,서양음식,11.0,8006.0,576330000.0,50519.0,0.902460549497798,2.7345478347570547,-1.7833215056400256,True,3.2398680490103677,52393636.36363637,4592.636363636364,1.4879535815268614,565.0,23100,0.5340446691951116,저특화·결제건수 증가
전라남도,장흥군,33952.0,스넥,29.0,8021.0,287490000.0,10929.0,1.658468757211415,1.977051245003552,-0.3124060598954992,True,8.541470311027334,9913448.27586207,376.86206896551727,0.32189561734213007,565.0,44410,0.7323422732263523,저특화·결제건수 증가
전라남도,장흥군,33952.0,제과점,17.0,8301.0,177230000.0,10884.0,-2.5316377727239323,-1.814823000940825,-0.7300641437861403,True,5.007068803016023,10425294.11764706,640.2352941176471,0.32057021677662584,565.0,31168,0.6116977249186821,저특화·결제건수 감소
전라남도,진도군,27882.0,대형할인점,0.0,,,,,,,False,0.0,,,,488.0,0,,판정불가
전라남도,진도군,27882.0,편의점,31.0,4010.0,1422420000.0,105433.0,-0.1536408331546017,1.4380221011515122,-1.5690989446924657,True,11.118284197690267,45884516.12903226,3401.064516129032,3.781400186500251,488.0,54446,0.7393008744413927,저특화·결제건수 증가
전라남도,진도군,27882.0,슈퍼마켓,92.0,4020.0,2312100000.0,64992.0,-5.389270913546276,-1.7046579575355294,-3.74851226868813,True,32.99619826411305,25131521.739130434,706.4347826086956,2.330966214762212,488.0,63862,1.87055644060374,고특화·결제건수 감소
전라남도,진도군,27882.0,일반한식,43.0,8001.0,3275520000.0,57126.0,2.438081427409071,2.362833409430136,0.0735110737682962,True,15.422136145183272,76174883.72093023,1328.5116279069769,2.0488487196040457,488.0,98173,0.5687244481262835,저특화·결제건수 증가
전라남도,진도군,27882.0,갈비전문점,40.0,,,,,,,True,14.34617315831002,,,,488.0,61512,0.8443561059124275,판정불가
전라남도,진도군,27882.0,한정식,187.0,,,,,,,True,67.06835951509935,,,,488.0,180762,1.3432596634175797,판정불가
전라남도,진도군,27882.0,일식회집,32.0,8004.0,31420000.0,254.0,3.721832356258033,2.7709561349524807,0.925238274573358,True,11.476938526648016,981875.0,7.9375,0.009109819955526862,488.0,44227,0.9394810009611367,저특화·결제건수 증가
전라남도,진도군,27882.0,중국음식,19.0,8005.0,175370000.0,5371.0,1.6047918721022667,2.1705765011252134,-0.5537647416687401,True,6.814432250197259,9230000.0,282.6842105263158,0.1926332400832078,488.0,31984,0.7713408446026293,저특화·결제건수 증가
전라남도,진도군,27882.0,서양음식,5.0,8006.0,627980000.0,47496.0,0.2322534333794391,2.857646078330794,-2.552452583789453,True,1.7932716447887525,125596000.0,9499.2,1.7034646008177319,488.0,23100,0.28104996096799373,저특화·결제건수 증가
전라남도,진도군,27882.0,스넥,22.0,8021.0,273180000.0,12284.0,-1.4003170890041363,1.484789461231963,-2.842895536910188,True,7.890395237070511,12417272.727272727,558.3636363636364,0.4405709776917007,488.0,44410,0.6432316602744176,저특화·결제건수 증가
전라남도,진도군,27882.0,제과점,17.0,8301.0,131040000.0,8254.0,2.532792595146905,5.761902168620454,-3.0531878750868207,True,6.097123592281759,7708235.294117647,485.52941176470586,0.2960332831217273,488.0,31168,0.7082156036456053,저특화·결제건수 증가
전라남도,함평군,29601.0,대형할인점,0.0,,,,,,,False,0.0,,,,353.0,0,,판정불가
전라남도,함평군,29601.0,편의점,18.0,4010.0,564070000.0,52687.0,5.469323649445132,5.2145748337009525,0.2421231242409256,True,6.0808756460930375,31337222.222222224,2927.0555555555557,1.7799060842539103,353.0,54446,0.5934404533576892,저특화·결제건수 증가
전라남도,함평군,29601.0,슈퍼마켓,71.0,4020.0,331990000.0,15161.0,0.1061007010716405,2.521147990923746,-2.355657673737609,True,23.985676159589204,4675915.492957747,213.53521126760563,0.5121786426134253,353.0,63862,1.9956595502536763,고특화·결제건수 증가
전라남도,함평군,29601.0,일반한식,38.0,8001.0,3409970000.0,128004.0,5.393399795638013,3.891583907651154,1.445560681144168,True,12.837404141751968,89736052.63157895,3368.5263157894738,4.324313367791628,353.0,98173,0.6948037529516966,저특화·결제건수 증가
전라남도,함평군,29601.0,갈비전문점,23.0,,,,,,,True,7.77000777000777,,,,353.0,61512,0.6711793861728815,판정불가
전라남도,함평군,29601.0,한정식,136.0,,,,,,,True,45.94439377048073,,,,353.0,180762,1.3505242662843757,판정불가
전라남도,함평군,29601.0,일식회집,13.0,8004.0,17250000.0,223.0,-8.953565987841957,-7.016949312334917,-2.0827631070228234,True,4.391743522178305,1326923.076923077,17.153846153846153,0.007533529272659707,353.0,44227,0.5276263695199584,저특화·결제건수 감소
전라남도,함평군,29601.0,중국음식,18.0,8005.0,203790000.0,6825.0,2.434756867175329,4.008161776286829,-1.5127706155366611,True,6.0808756460930375,11321666.666666666,379.1666666666667,0.230566534914361,353.0,31984,1.0102069448321895,고특화·결제건수 증가
전라남도,함평군,29601.0,서양음식,7.0,8006.0,665330000.0,46853.0,-2.1260744595531187,1.8776052543907196,-3.929891857927572,True,2.3647849734806257,95047142.85714285,6693.285714285715,1.5828181480355394,353.0,23100,0.543947119924457,저특화·결제건수 증가
전라남도,함평군,29601.0,스넥,21.0,8021.0,331600000.0,19987.0,4.3991485793372265,4.261715095207796,0.1318158674101703,True,7.094354920441877,15790476.19047619,951.7619047619048,0.6752136752136753,353.0,44410,0.848807372455863,저특화·결제건수 증가
전라남도,함평군,29601.0,제과점,8.0,8301.0,104170000.0,5832.0,0.2689564195577715,3.777165177886822,-3.380520900060771,True,2.702611398263572,13021250.0,729.0,0.1970203709334144,353.0,31168,0.4607354968559313,저특화·결제건수 증가
전라남도,해남군,62027.0,대형할인점,0.0,,,,,,,False,0.0,,,,1001.0,0,,판정불가
전라남도,해남군,62027.0,편의점,75.0,4010.0,2565300000.0,221567.0,0.9153959399278522,2.296123936035939,-1.349736376103017,True,12.091508536605028,34204000.0,2954.2266666666665,3.5721056959066213,1001.0,54446,0.8719800201268079,저특화·결제건수 증가
전라남도,해남군,62027.0,슈퍼마켓,208.0,4020.0,3124150000.0,111236.0,2.6686577956229742,2.2719891938924692,0.3878565429860872,True,33.53378367485128,15019951.923076924,534.7884615384615,1.793348058103729,1001.0,63862,2.0617313224497464,고특화·결제건수 증가
전라남도,해남군,62027.0,일반한식,110.0,8001.0,7335960000.0,140943.0,2.9417133521832253,2.6107666826659717,0.322526261343276,True,17.73421252035404,66690545.45454545,1281.3,2.272284650232963,1001.0,98173,0.709270459201703,저특화·결제건수 증가
전라남도,해남군,62027.0,갈비전문점,88.0,,,,,,,True,14.18737001628323,,,,1001.0,61512,0.905595120187395,판정불가
전라남도,해남군,62027.0,한정식,323.0,,,,,,,True,52.074096764312316,,,,1001.0,180762,1.1311146670790844,판정불가
전라남도,해남군,62027.0,일식회집,55.0,8004.0,101210000.0,1507.0,1.229379052974349,1.7097789804178711,-0.4723242270893178,True,8.86710626017702,1840181.8181818181,27.4,0.024295871152885035,1001.0,44227,0.7872024870690844,저특화·결제건수 증가
전라남도,해남군,62027.0,중국음식,39.0,8005.0,482420000.0,16096.0,0.5481090765389324,1.0835870982215348,-0.5297378506783376,True,6.287584439034614,12369743.58974359,412.71794871794873,0.259499895206926,1001.0,31984,0.7718680768955907,저특화·결제건수 증가
전라남도,해남군,62027.0,서양음식,12.0,8006.0,1145350000.0,88190.0,2.5399352344659163,3.515896225249246,-0.942812675513724,True,1.9346413658568042,95445833.33333333,7349.166666666667,1.4218001837909298,1001.0,23100,0.32883687740830597,저특화·결제건수 증가
전라남도,해남군,62027.0,스넥,66.0,8021.0,501320000.0,19877.0,0.7418863481181626,0.4081562205870614,0.3323735243160056,True,10.640527512212424,7595757.575757576,301.1666666666667,0.3204572202427975,1001.0,44410,0.9407504002415059,저특화·결제건수 증가
전라남도,해남군,62027.0,제과점,25.0,8301.0,466110000.0,24995.0,-0.2543693002597805,0.3105953563192823,-0.5632153358997006,True,4.0305028455350085,18644400.0,999.8,0.4029696744965902,1001.0,31168,0.5077411038653339,저특화·결제건수 증가
전라남도,화순군,59909.0,대형할인점,0.0,,,,,,,False,0.0,,,,748.0,0,,판정불가
전라남도,화순군,59909.0,편의점,33.0,4010.0,1801320000.0,202495.0,1.525792046117846,2.9049468412463173,-1.3402220568231171,True,5.508354337411741,54585454.54545455,6136.212121212121,3.380043065315729,748.0,54446,0.5134423530276087,저특화·결제건수 증가
전라남도,화순군,59909.0,슈퍼마켓,101.0,4020.0,2718740000.0,116309.0,0.3995828060992033,1.8000175442645403,-1.3756723937267032,True,16.858902669048057,26918217.82178218,1151.5742574257426,1.9414278322121885,748.0,63862,1.3397463648639438,고특화·결제건수 증가
전라남도,화순군,59909.0,일반한식,121.0,8001.0,9127080000.0,212644.0,5.360723814071446,5.257636837483911,0.0979377645982763,True,20.197299237176384,75430413.2231405,1757.388429752066,3.5494499991654007,748.0,98173,1.0440878377366245,고특화·결제건수 증가
전라남도,화순군,59909.0,갈비전문점,91.0,,,,,,,True,15.189704384983893,,,,748.0,61512,1.2532141026523758,판정불가
전라남도,화순군,59909.0,한정식,245.0,,,,,,,True,40.895357959572024,,,,748.0,180762,1.1481606948883711,판정불가
전라남도,화순군,59909.0,일식회집,24.0,8004.0,136160000.0,2278.0,1.748040795017514,-2.1379550240565854,3.9708916976232977,True,4.006075881753993,5673333.333333333,94.91666666666667,0.03802433691098166,748.0,44227,0.459692575336599,저특화·결제건수 감소
전라남도,화순군,59909.0,중국음식,36.0,8005.0,507240000.0,17396.0,-0.7828962733071145,-0.1653224235541807,-0.6185965285259528,True,6.009113822630991,14090000.0,483.22222222222223,0.290373733495802,748.0,31984,0.9534840949886708,저특화·결제건수 감소
전라남도,화순군,59909.0,서양음식,15.0,8006.0,2245880000.0,187934.0,5.0590846714480096,5.254817974741925,-0.1859613717073091,True,2.503797426096246,149725333.33333334,12528.933333333332,3.136991103173146,748.0,23100,0.5500763941940412,저특화·결제건수 증가
전라남도,화순군,59909.0,스넥,46.0,8021.0,560260000.0,28006.0,2.180300472143468,2.8326687338215644,-0.6343978715233978,True,7.678312106695154,12179565.217391305,608.8260869565217,0.4674756714350098,748.0,44410,0.8774467859650052,저특화·결제건수 증가
전라남도,화순군,59909.0,제과점,36.0,8301.0,551710000.0,30705.0,1.6217566168883115,2.548113481218355,-0.9033387674164186,True,6.009113822630991,15325277.777777778,852.9166666666666,0.5125273331219016,748.0,31168,0.978446974272255,저특화·결제건수 증가
전북특별자치도,고창군,50071.0,대형할인점,0.0,,,,,,,False,0.0,,,,784.0,0,,판정불가
전북특별자치도,고창군,50071.0,편의점,49.0,4010.0,1482570000.0,138743.0,8.420359175618298,10.889262383350967,-2.226458319469701,True,9.786103732699566,30256530.612244897,2831.4897959183672,2.770925286093747,784.0,54446,0.7273766667891122,저특화·결제건수 증가
전북특별자치도,고창군,50071.0,슈퍼마켓,151.0,4020.0,1872210000.0,73143.0,3.99709476538111,4.914044444323353,-0.8740008869154421,True,30.157176808931315,12398741.721854305,484.3907284768212,1.4607856843282538,784.0,63862,1.9110132402840563,고특화·결제건수 증가
전북특별자치도,고창군,50071.0,일반한식,119.0,8001.0,6203240000.0,192406.0,10.302582342819049,7.597287580142304,2.5142778442827822,True,23.766251922270374,52128067.22689076,1616.857142857143,3.842663417946516,784.0,98173,0.9796798217723521,저특화·결제건수 증가
전북특별자치도,고창군,50071.0,갈비전문점,50.0,,,,,,,True,9.985820135407721,,,,784.0,61512,0.6569607456716592,판정불가
전북특별자치도,고창군,50071.0,한정식,249.0,,,,,,,True,49.72938427433045,,,,784.0,180762,1.113323749189655,판정불가
전북특별자치도,고창군,50071.0,일식회집,57.0,8004.0,103750000.0,1758.0,1.7495932382507835,7.004096103072912,-4.910562358062142,True,11.383834954364803,1820175.4385964912,30.842105263157894,0.035110143596093546,784.0,44227,1.0416375766396275,고특화·결제건수 증가
전북특별자치도,고창군,50071.0,중국음식,39.0,8005.0,383140000.0,12818.0,9.143244061128383,9.239965037604152,-0.0885399189229458,True,7.788939705618023,9824102.564102564,328.6666666666667,0.25599648499131233,784.0,31984,0.9855101338934774,저특화·결제건수 증가
전북특별자치도,고창군,50071.0,서양음식,13.0,8006.0,1101290000.0,75048.0,9.1708100079327,10.395029533920184,-1.1089444254474643,True,2.5963132352060074,84714615.38461539,5772.923076923077,1.4988316590441573,784.0,23100,0.45484207968901846,저특화·결제건수 증가
전북특별자치도,고창군,50071.0,스넥,34.0,8021.0,433020000.0,20418.0,6.199509792784815,8.067413414504596,-1.7284614877893414,True,6.79035769207725,12735882.352941176,600.5294117647059,0.4077809510495097,784.0,44410,0.6187673763493238,저특화·결제건수 증가
전북특별자치도,고창군,50071.0,제과점,23.0,8301.0,241470000.0,16014.0,2.2277844060732312,3.797246584549424,-1.5120460610655584,True,4.593477262287552,10498695.652173912,696.2608695652174,0.3198258472968385,784.0,31168,0.5964144609332439,저특화·결제건수 증가
전북특별자치도,군산시,255591.0,대형할인점,0.0,4004.0,5711230000.0,132119.0,-6.753499376510809,-4.057593289796425,-2.809921263344435,False,0.0,,,0.5169156973445856,3979.0,0,,판정불가
전북특별자치도,군산시,255591.0,편의점,290.0,4010.0,10949280000.0,1192449.0,3.0469165835592573,4.464052493511836,-1.3565775748940314,True,11.346252411078638,37756137.93103448,4111.893103448276,4.665457703909762,3979.0,54446,0.8482100361652376,저특화·결제건수 증가
전북특별자치도,군산시,255591.0,슈퍼마켓,569.0,4020.0,19769070000.0,938904.0,-1.2000500688773996,1.036506522096745,-2.2136123545453033,True,22.26212973070257,34743532.513181016,1650.0949033391917,3.6734626806108195,3979.0,63862,1.4188652053042652,고특화·결제건수 증가
전북특별자치도,군산시,255591.0,일반한식,566.0,8001.0,29239740000.0,688929.0,1.918396123657752,2.4731962711547606,-0.5414100151896639,True,22.144754705760374,51660318.02120142,1217.1890459363958,2.695435285279998,3979.0,98173,0.9181121958191233,저특화·결제건수 증가
전북특별자치도,군산시,255591.0,갈비전문점,347.0,,,,,,,True,13.5763778849803,,,,3979.0,61512,0.898340572699088,판정불가
전북특별자치도,군산시,255591.0,한정식,1197.0,,,,,,,True,46.83263495193493,,,,3979.0,180762,1.054528691069413,판정불가
전북특별자치도,군산시,255591.0,일식회집,256.0,8004.0,1626240000.0,26687.0,-1.1513436002689812,-0.1611361551347653,-0.9918056025485488,True,10.016002128400451,6352500.0,104.24609375,0.1044129096877433,3979.0,44227,0.9217727639488006,저특화·결제건수 감소
전북특별자치도,군산시,255591.0,중국음식,221.0,8005.0,3109620000.0,102129.0,-0.2943052100178314,0.6269182658315916,-0.9154841385639644,True,8.646626837408203,14070678.733031673,462.1221719457014,0.3995797974107069,3979.0,31984,1.1003500933678703,고특화·결제건수 증가
전북특별자치도,군산시,255591.0,서양음식,110.0,8006.0,6929600000.0,589137.0,1.0002471613679165,3.5842822217341572,-2.4946208101677088,True,4.303750914547069,62996363.63636363,5355.790909090909,2.304999002312288,3979.0,23100,0.7583192714130135,저특화·결제건수 증가
전북특별자치도,군산시,255591.0,스넥,263.0,8021.0,3821450000.0,219040.0,2.364393285384203,2.6708134281927824,-0.2984491235407401,True,10.289877186598902,14530228.13688213,832.8517110266159,0.8569941821112637,3979.0,44410,0.9430752839482266,저특화·결제건수 증가
전북특별자치도,군산시,255591.0,제과점,160.0,8301.0,3216990000.0,170990.0,0.3122121463344134,1.74839602998471,-1.4115051830665275,True,6.260001330250283,20106187.5,1068.6875,0.668998517162185,3979.0,31168,0.817489974315877,저특화·결제건수 증가
전북특별자치도,김제시,81631.0,대형할인점,0.0,4004.0,2753240000.0,31531.0,-6.485890875190484,-11.014223225725942,5.088827130230322,False,0.0,,,0.3862625718170793,1069.0,0,,판정불가
전북특별자치도,김제시,81631.0,편의점,81.0,4010.0,2379440000.0,238807.0,3.970343661027156,4.756007549249975,-0.7499941116537128,True,9.922700934693928,29375802.469135802,2948.2345679012346,2.925444990261053,1069.0,54446,0.8818336390633202,저특화·결제건수 증가
전북특별자치도,김제시,81631.0,슈퍼마켓,161.0,4020.0,4703620000.0,172305.0,0.8564835206042497,2.7648793439652413,-1.857050614513338,True,19.722899388712623,29215031.055900622,1070.2173913043478,2.110778993274614,1069.0,63862,1.4943453697620153,고특화·결제건수 증가
전북특별자치도,김제시,81631.0,일반한식,168.0,8001.0,5733160000.0,142827.0,2.4015813837317115,3.221236421568461,-0.7940759733676495,True,20.58041675343926,34125952.38095238,850.1607142857143,1.74966618074016,1069.0,98173,1.0143430103157751,고특화·결제건수 증가
전북특별자치도,김제시,81631.0,갈비전문점,102.0,,,,,,,True,12.495253028873833,,,,1069.0,61512,0.9828968551893591,판정불가
전북특별자치도,김제시,81631.0,한정식,345.0,,,,,,,True,42.26335583295562,,,,1069.0,180762,1.1313046674286216,판정불가
전북특별자치도,김제시,81631.0,일식회집,45.0,8004.0,156810000.0,2421.0,-0.4176698386996054,2.733441379276079,-3.0672692121178815,True,5.512611630385516,3484666.6666666665,53.8,0.029657850571474072,1069.0,44227,0.6031046182503088,저특화·결제건수 증가
전북특별자치도,김제시,81631.0,중국음식,59.0,8005.0,599820000.0,22447.0,0.8342028281448974,2.1010617860421656,-1.2407892099614488,True,7.227646359838787,10166440.677966101,380.45762711864404,0.27498131837169704,1069.0,31984,1.093419605031702,고특화·결제건수 증가
전북특별자치도,김제시,81631.0,서양음식,15.0,8006.0,1491970000.0,107423.0,2.4056512376009396,4.4798375670424635,-1.9852503389570668,True,1.837537210128505,99464666.66666667,7161.533333333334,1.3159583981575627,1069.0,23100,0.3848991046371776,저특화·결제건수 증가
전북특별자치도,김제시,81631.0,스넥,53.0,8021.0,514490000.0,23077.0,3.1893615452165784,4.682224793621708,-1.426090486086135,True,6.492631475787385,9707358.490566038,435.41509433962267,0.28269897465423677,1069.0,44410,0.707396192760334,저특화·결제건수 증가
전북특별자치도,김제시,81631.0,제과점,40.0,8301.0,341810000.0,19673.0,-2.344752028001828,-0.7961446408571046,-1.5610354875204608,True,4.900099227009346,8545250.0,491.825,0.2409991302323872,1069.0,31168,0.7607092160437031,저특화·결제건수 감소
전북특별자치도,남원시,73812.0,대형할인점,0.0,4004.0,1598270000.0,38302.0,-2.667217496336577,-1.0750399203070555,-1.6094801299357258,False,0.0,,,0.5189129138893405,1313.0,0,,판정불가
전북특별자치도,남원시,73812.0,편의점,64.0,4010.0,2533520000.0,269841.0,4.127130767987626,4.748720252260356,-0.5934100987351215,True,8.67067685471197,39586250.0,4216.265625,3.65578767680052,1313.0,54446,0.5672762427966876,저특화·결제건수 증가
전북특별자치도,남원시,73812.0,슈퍼마켓,226.0,4020.0,3764700000.0,180679.0,2.112253635731325,3.100566587682689,-0.9585911936874028,True,30.61832764320165,16657964.601769911,799.4646017699115,2.447826911613288,1313.0,63862,1.7078374178060973,고특화·결제건수 증가
전북특별자치도,남원시,73812.0,일반한식,180.0,8001.0,8573390000.0,206000.0,6.24716757232642,5.456953734838707,0.7493235955541072,True,24.38627865387742,47629944.44444445,1144.4444444444443,2.7908741126104157,1313.0,98173,0.8848324540536097,저특화·결제건수 증가
전북특별자치도,남원시,73812.0,갈비전문점,101.0,,,,,,,True,13.68341191134233,,,,1313.0,61512,0.7923957301639706,판정불가
전북특별자치도,남원시,73812.0,한정식,499.0,,,,,,,True,67.60418360158239,,,,1313.0,180762,1.3322140469355872,판정불가
전북특별자치도,남원시,73812.0,일식회집,35.0,8004.0,297590000.0,3426.0,-9.829674521519326,-4.353550690338541,-5.725381204117129,True,4.741776404920609,8502571.42857143,97.88571428571429,0.04641521703788002,1313.0,44227,0.3819101174889617,저특화·결제건수 감소
전북특별자치도,남원시,73812.0,중국음식,76.0,8005.0,886510000.0,28401.0,0.4259292732638037,0.9981853422888352,-0.5666003474079192,True,10.296428764970464,11664605.263157895,373.69736842105266,0.3847748333604292,1313.0,31984,1.1467306387390193,고특화·결제건수 증가
전북특별자치도,남원시,73812.0,서양음식,13.0,8006.0,1621990000.0,128748.0,2.9046012908940755,5.101206092067356,-2.089990098923396,True,1.761231236113369,124768461.53846154,9903.692307692309,1.7442692245163387,1313.0,23100,0.2715888731730316,저특화·결제건수 증가
전북특별자치도,남원시,73812.0,스넥,68.0,8021.0,1049820000.0,64251.0,3.27469109578806,4.130763497203213,-0.8221128633500756,True,9.21259415813147,15438529.411764706,944.8676470588235,0.8704682165501545,1313.0,44410,0.7389392582755062,저특화·결제건수 증가
전북특별자치도,남원시,73812.0,제과점,51.0,8301.0,487990000.0,27601.0,2.241842213741611,3.7045762066000583,-1.4104816261380957,True,6.9094456185986015,9568431.37254902,541.1960784313726,0.3739364872920392,1313.0,31168,0.7896630950016499,저특화·결제건수 증가
전북특별자치도,무주군,23326.0,대형할인점,0.0,,,,,,,False,0.0,,,,483.0,0,,판정불가
전북특별자치도,무주군,23326.0,편의점,31.0,4010.0,816530000.0,81810.0,-10.533759961690617,-9.769195854797992,-0.8473426720903893,True,13.289891108634142,26339677.419354837,2639.032258064516,3.5072451341850295,483.0,54446,0.7469540926033119,저특화·결제건수 감소
전북특별자치도,무주군,23326.0,슈퍼마켓,92.0,4020.0,267150000.0,13605.0,9.232193334747087,9.180990319594647,0.0468973719715315,True,39.44096716110778,2903804.347826087,147.8804347826087,0.5832547372031209,483.0,63862,1.8899203789122676,고특화·결제건수 증가
전북특별자치도,무주군,23326.0,일반한식,45.0,8001.0,2728220000.0,87203.0,-6.690387724686106,-5.097617162437917,-1.6783251533045804,True,19.29177741575924,60627111.11111111,1937.8444444444444,3.738446368858784,483.0,98173,0.6013379980188351,저특화·결제건수 감소
전북특별자치도,무주군,23326.0,갈비전문점,21.0,,,,,,,True,9.002829460687645,,,,483.0,61512,0.44787584748398335,판정불가
전북특별자치도,무주군,23326.0,한정식,224.0,,,,,,,True,96.03018091400155,,,,483.0,180762,1.6256950247174242,판정불가
전북특별자치도,무주군,23326.0,일식회집,7.0,,,,,,,True,3.0009431535625484,,,,483.0,44227,0.2076389168790918,판정불가
전북특별자치도,무주군,23326.0,중국음식,22.0,8005.0,311540000.0,9339.0,-6.161690826023357,-4.341246305290236,-1.903061089989728,True,9.431535625482294,14160909.090909092,424.5,0.4003686873017234,483.0,31984,0.9023771720228645,저특화·결제건수 감소
전북특별자치도,무주군,23326.0,서양음식,7.0,8006.0,447010000.0,31407.0,-10.95230740585969,-8.632778856667237,-2.538687857818996,True,3.0009431535625484,63858571.428571425,4486.714285714285,1.3464374517705564,483.0,23100,0.3975431331953071,저특화·결제건수 감소
전북특별자치도,무주군,23326.0,스넥,27.0,8021.0,377220000.0,19145.0,-25.88555338843244,-31.35109841231048,7.961591369231977,True,11.575066449455544,13971111.111111112,709.074074074074,0.8207579524993569,483.0,44410,0.7975927306395376,저특화·결제건수 감소
전북특별자치도,무주군,23326.0,제과점,7.0,8301.0,63360000.0,3389.0,8.223237538217768,8.894546650537812,-0.6164763369412524,True,3.0009431535625484,9051428.57142857,484.14285714285717,0.1452885192489068,483.0,31168,0.29463701157634736,저특화·결제건수 증가
전북특별자치도,부안군,46946.0,대형할인점,0.0,,,,,,,False,0.0,,,,934.0,0,,판정불가
전북특별자치도,부안군,46946.0,편의점,58.0,4010.0,1918250000.0,199502.0,5.709818560931886,5.908433375301398,-0.1875344654241848,True,12.354620201934138,33073275.862068966,3439.689655172414,4.2496059302176965,934.0,54446,0.7227040115420729,저특화·결제건수 증가
전북특별자치도,부안군,46946.0,슈퍼마켓,146.0,4020.0,3492320000.0,121459.0,2.346209278406067,4.337225312783013,-1.9082508935887987,True,31.09956119797214,23920000.0,831.9109589041096,2.5872065777702042,934.0,63862,1.5509892617090504,고특화·결제건수 증가
전북특별자치도,부안군,46946.0,일반한식,106.0,8001.0,5783430000.0,111883.0,6.347055901567643,6.001648314482977,0.3258511472010018,True,22.57913347250032,54560660.37735849,1055.5,2.3832275380224086,934.0,98173,0.7325077997280114,저특화·결제건수 증가
전북특별자치도,부안군,46946.0,갈비전문점,47.0,,,,,,,True,10.011502577429386,,,,934.0,61512,0.5183659433942034,판정불가
전북특별자치도,부안군,46946.0,한정식,318.0,,,,,,,True,67.73740041750096,,,,934.0,180762,1.1934890334699453,판정불가
전북특별자치도,부안군,46946.0,일식회집,123.0,8004.0,364980000.0,4874.0,7.900105761553955,5.890361664791974,1.8979480900481147,True,26.200315255825842,2967317.073170732,39.6260162601626,0.10382141183487412,934.0,44227,1.8867574813199701,고특화·결제건수 증가
전북특별자치도,부안군,46946.0,중국음식,42.0,8005.0,394280000.0,13830.0,2.6855456379995934,2.4687805781820717,0.2115425387073301,True,8.94644911174541,9387619.047619049,329.2857142857143,0.29459378860818813,934.0,31984,0.8908712921771379,저특화·결제건수 증가
전북특별자치도,부안군,46946.0,서양음식,11.0,8006.0,1096480000.0,79325.0,3.782105705623161,5.271740674640476,-1.4150378434620094,True,2.34311762450475,99680000.0,7211.363636363636,1.68970732330763,934.0,23100,0.323057000101968,저특화·결제건수 증가
전북특별자치도,부안군,46946.0,스넥,53.0,8021.0,467320000.0,19973.0,4.868719859018288,4.373550205990342,0.4744206286464645,True,11.28956673625016,8817358.490566038,376.8490566037736,0.4254462574021216,934.0,44410,0.8096429658038513,저특화·결제건수 증가
전북특별자치도,부안군,46946.0,제과점,30.0,8301.0,142970000.0,7927.0,-2.8460751069200603,-0.5515823754412162,-2.3072189445397564,True,6.3903207941038636,4765666.666666667,264.23333333333335,0.16885357644953777,934.0,31168,0.6529963746927612,저특화·결제건수 감소
전북특별자치도,순창군,27584.0,대형할인점,0.0,,,,,,,False,0.0,,,,380.0,0,,판정불가
전북특별자치도,순창군,27584.0,편의점,16.0,4010.0,848290000.0,97713.0,7.987259062250413,9.61202251768946,-1.4822858096399811,True,5.800464037122969,53018125.0,6107.0625,3.5423796403712298,380.0,54446,0.49002217552108607,저특화·결제건수 증가
전북특별자치도,순창군,27584.0,슈퍼마켓,66.0,4020.0,1759500000.0,70496.0,9.435902739564336,18.455805751202973,-7.6145723330636255,True,23.92691415313225,26659090.90909091,1068.121212121212,2.5556844547563804,380.0,63862,1.7233089770871073,고특화·결제건수 증가
전북특별자치도,순창군,27584.0,일반한식,46.0,8001.0,3046090000.0,67724.0,11.369839638620968,13.009646780016112,-1.4510328880040118,True,16.676334106728536,66219347.82608695,1472.2608695652175,2.4551914153132253,380.0,98173,0.7813174058469287,저특화·결제건수 증가
전북특별자치도,순창군,27584.0,갈비전문점,30.0,,,,,,,True,10.875870069605568,,,,380.0,61512,0.8132482493788118,판정불가
전북특별자치도,순창군,27584.0,한정식,157.0,,,,,,,True,56.917053364269144,,,,380.0,180762,1.4482857074641329,판정불가
전북특별자치도,순창군,27584.0,일식회집,9.0,,,,,,,True,3.2627610208816704,,,,380.0,44227,0.3393257036366211,판정불가
전북특별자치도,순창군,27584.0,중국음식,23.0,8005.0,308310000.0,11069.0,11.222891058015636,12.509610762829878,-1.1436531475756704,True,8.338167053364268,13404782.608695652,481.2608695652174,0.40128335266821347,380.0,31984,1.1991038282299045,고특화·결제건수 증가
전북특별자치도,순창군,27584.0,서양음식,3.0,8006.0,599580000.0,45468.0,12.995524118093826,12.946598681492343,0.0433173173628971,True,1.0875870069605569,199860000.0,15156.0,1.64834686774942,380.0,23100,0.2165563909774436,저특화·결제건수 증가
전북특별자치도,순창군,27584.0,스넥,18.0,8021.0,280360000.0,13182.0,14.90868901543972,12.837244810612338,1.835780560136954,True,6.525522041763341,15575555.555555556,732.3333333333334,0.4778857308584687,380.0,44410,0.6758548928050819,저특화·결제건수 증가
전북특별자치도,순창군,27584.0,제과점,12.0,8301.0,227730000.0,11923.0,14.710974662384276,17.225916819528816,-2.1453806678401603,True,4.3503480278422275,18977500.0,993.5833333333334,0.4322433294663573,380.0,31168,0.6419985410137252,저특화·결제건수 증가
전북특별자치도,완주군,100102.0,대형할인점,0.0,4004.0,195100000.0,10599.0,0.6544021086290177,0.999222684942416,-0.3414091387506071,False,0.0,,,0.10588200035963317,1521.0,0,,판정불가
전북특별자치도,완주군,100102.0,편의점,91.0,4010.0,3215610000.0,356931.0,4.428644194286178,6.54198390980054,-1.983574585304768,True,9.090727457992848,35336373.62637363,3922.3186813186812,3.565673013526203,1521.0,54446,0.6962921938494065,저특화·결제건수 증가
전북특별자치도,완주군,100102.0,슈퍼마켓,271.0,4020.0,4775370000.0,257084.0,0.6242020479000828,3.1709527214560973,-2.468476452312891,True,27.07238616611057,17621291.51291513,948.649446494465,2.56822041517652,1521.0,63862,1.7678397232724712,고특화·결제건수 증가
전북특별자치도,완주군,100102.0,일반한식,202.0,8001.0,9887010000.0,308771.0,3.95764465065312,4.018133357678382,-0.0581520789430825,True,20.17941699466544,48945594.05940594,1528.569306930693,3.0845637449801204,1521.0,98173,0.8571866917189812,저특화·결제건수 증가
전북특별자치도,완주군,100102.0,갈비전문점,167.0,,,,,,,True,16.682983356975885,,,,1521.0,61512,1.1310263840801973,판정불가
전북특별자치도,완주군,100102.0,한정식,505.0,,,,,,,True,50.448542486663605,,,,1521.0,180762,1.16385895661322,판정불가
전북특별자치도,완주군,100102.0,일식회집,51.0,8004.0,241750000.0,5746.0,0.3058967971462625,1.7664807641536682,-1.435230889424482,True,5.0948033006333535,4740196.0784313725,112.66666666666667,0.05740145052046912,1521.0,44227,0.4803953639036976,저특화·결제건수 증가
전북특별자치도,완주군,100102.0,중국음식,67.0,8005.0,622890000.0,22783.0,1.2709884163515743,2.2181203167578114,-0.9265792576416196,True,6.693172963577152,9296865.671641791,340.04477611940297,0.22759785019280335,1521.0,31984,0.8726862609476994,저특화·결제건수 증가
전북특별자치도,완주군,100102.0,서양음식,32.0,8006.0,2327140000.0,228098.0,4.502507882300882,6.11519478342406,-1.5197511576119052,True,3.1967393258875942,72723125.0,7128.0625,2.2786557711134643,1521.0,23100,0.577104035565574,저특화·결제건수 증가
전북특별자치도,완주군,100102.0,스넥,89.0,8021.0,1205020000.0,80906.0,4.61203869326914,3.0640302662922654,1.5019870880046062,True,8.890931250124872,13539550.561797753,909.056179775281,0.8082355996883179,1521.0,44410,0.8348824777072054,저특화·결제건수 증가
전북특별자치도,완주군,100102.0,제과점,46.0,8301.0,471400000.0,27763.0,-0.8029344872155191,4.387986331767413,-4.972718606224554,True,4.595312780963417,10247826.086956521,603.5434782608696,0.277347105951929,1521.0,31168,0.6148440991080385,저특화·결제건수 증가
전북특별자치도,익산시,266758.0,대형할인점,0.0,4004.0,4097620000.0,94585.0,-2.956385596337102,-1.3531515619565415,-1.6252258027153084,False,0.0,,,0.3545723089841729,3363.0,0,,판정불가
전북특별자치도,익산시,266758.0,편의점,260.0,4010.0,10259630000.0,1175523.0,3.2682945428996915,4.9103318823227315,-1.5651817222967563,True,9.746661768344342,39460115.384615384,4521.242307692308,4.406701954580556,3363.0,54446,0.8997582318889998,저특화·결제건수 증가
전북특별자치도,익산시,266758.0,슈퍼마켓,431.0,4020.0,16846570000.0,758255.0,-1.095981683130503,1.4842662949208874,-2.5425103538247265,True,16.15696623906312,39087169.373549886,1759.292343387471,2.842482699675361,3363.0,63862,1.2716078909853505,고특화·결제건수 증가
전북특별자치도,익산시,266758.0,일반한식,485.0,8001.0,19211500000.0,478360.0,2.7200137870833383,3.46952332078354,-0.7243771012422341,True,18.181272914026945,39611340.206185564,986.3092783505155,1.793235816732769,3363.0,98173,0.9308252071622707,저특화·결제건수 증가
전북특별자치도,익산시,266758.0,갈비전문점,316.0,,,,,,,True,11.845942764603123,,,,3363.0,61512,0.9679338862663072,판정불가
전북특별자치도,익산시,266758.0,한정식,1072.0,,,,,,,True,40.186236214096674,,,,3363.0,180762,1.1173934135100583,판정불가
전북특별자치도,익산시,266758.0,일식회집,148.0,8004.0,1189250000.0,18443.0,-2.21445242695281,0.1588459029979032,-2.3695344216018785,True,5.548099775826779,8035472.972972973,124.61486486486487,0.06913757038214412,3363.0,44227,0.6305110375168854,저특화·결제건수 증가
전북특별자치도,익산시,266758.0,중국음식,172.0,8005.0,1654330000.0,58930.0,-1.2575000032965866,0.5505476550450091,-1.7981479967114922,True,6.447791631366257,9618197.674418604,342.6162790697674,0.22091183769558925,3363.0,31984,1.013244207592943,고특화·결제건수 증가
전북특별자치도,익산시,266758.0,서양음식,101.0,8006.0,4770260000.0,421583.0,2.343945337739673,5.285929081978551,-2.7942800808151675,True,3.786203225395302,47230297.02970297,4174.089108910891,1.5803949647245819,3363.0,23100,0.8238115061665463,저특화·결제건수 증가
전북특별자치도,익산시,266758.0,스넥,214.0,8021.0,2200800000.0,111794.0,4.46960381679684,4.845310457918885,-0.3583437728222097,True,8.022252378560342,10284112.149532711,522.4018691588785,0.41908396374241824,3363.0,44410,0.9079281045843535,저특화·결제건수 증가
전북특별자치도,익산시,266758.0,제과점,164.0,8301.0,1254680000.0,86676.0,0.4408952593921267,2.608506449437839,-2.112506326279918,True,6.147894346186431,7650487.804878049,528.5121951219512,0.32492371362808237,3363.0,31168,0.9914101763300466,저특화·결제건수 증가
전북특별자치도,임실군,25342.0,대형할인점,0.0,4004.0,152970000.0,6838.0,1.8817159084508257,5.070945534220042,-3.035310674662726,False,0.0,,,0.2698287427985163,406.0,0,,판정불가
전북특별자치도,임실군,25342.0,편의점,19.0,4010.0,508090000.0,58550.0,7.212917194609909,7.1436718550831095,0.0646284921245443,True,7.497435087996212,26741578.94736842,3081.5789473684213,2.310393812643043,406.0,54446,0.5446367160194338,저특화·결제건수 증가
전북특별자치도,임실군,25342.0,슈퍼마켓,84.0,4020.0,732300000.0,33338.0,9.472083158896076,11.903065483256787,-2.1724001159953894,True,33.14655512587799,8717857.142857144,396.8809523809524,1.3155236366506196,406.0,63862,2.0528445495081526,고특화·결제건수 증가
전북특별자치도,임실군,25342.0,일반한식,45.0,8001.0,3338880000.0,151195.0,8.421289045715822,5.347503608263221,2.917758211796438,True,17.757083103148922,74197333.33333333,3359.8888888888887,5.96618262173467,406.0,98173,0.7153848597120626,저특화·결제건수 증가
전북특별자치도,임실군,25342.0,갈비전문점,24.0,,,,,,,True,9.470444321679425,,,,406.0,61512,0.6089346497811793,판정불가
전북특별자치도,임실군,25342.0,한정식,157.0,,,,,,,True,61.952489937652906,,,,406.0,180762,1.355538346887612,판정불가
전북특별자치도,임실군,25342.0,일식회집,8.0,,,,,,,True,3.156814773893142,,,,406.0,44227,0.282307098810982,판정불가
전북특별자치도,임실군,25342.0,중국음식,28.0,8005.0,257120000.0,9573.0,6.846684820396807,7.155769324974622,-0.2884441094724802,True,11.048851708625996,9182857.142857144,341.89285714285717,0.3777523478809881,406.0,31984,1.3662952165738043,고특화·결제건수 증가
전북특별자치도,임실군,25342.0,서양음식,7.0,8006.0,653230000.0,37559.0,12.416076387481818,9.91961930327362,2.2711660575537387,True,2.762212927156499,93318571.42857143,5365.571428571428,1.4820850761581563,406.0,23100,0.47293924466338255,저특화·결제건수 증가
전북특별자치도,임실군,25342.0,스넥,24.0,8021.0,198550000.0,9489.0,15.120237274090409,13.700265315182278,1.2488730391014478,True,9.470444321679425,8272916.666666667,395.375,0.3744376923684003,406.0,44410,0.8434313933199707,저특화·결제건수 증가
전북특별자치도,임실군,25342.0,제과점,10.0,8301.0,79680000.0,4412.0,4.604030929417462,6.704311661580991,-1.968318523833128,True,3.9460184673664274,7968000.0,441.2,0.17409833478020678,406.0,31168,0.5007377782947775,저특화·결제건수 증가
전북특별자치도,장수군,21169.0,대형할인점,0.0,,,,,,,False,0.0,,,,295.0,0,,판정불가
전북특별자치도,장수군,21169.0,편의점,15.0,4010.0,573830000.0,54937.0,12.646797664154462,13.7791945452462,-0.9952583032581558,True,7.085833057773159,38255333.333333336,3662.4666666666667,2.5951627379658935,295.0,54446,0.5917640678962269,저특화·결제건수 증가
전북특별자치도,장수군,21169.0,슈퍼마켓,53.0,4020.0,955040000.0,41044.0,17.93967759777314,25.09540835162311,-5.720218550097641,True,25.03661013746516,18019622.641509432,774.4150943396227,1.9388728801549435,295.0,63862,1.782611340448605,고특화·결제건수 증가
전북특별자치도,장수군,21169.0,일반한식,34.0,8001.0,2561480000.0,85167.0,13.98895748177122,9.51717070214092,4.083183258808244,True,16.06122159761916,75337647.05882353,2504.9117647058824,4.023194293542444,295.0,98173,0.7438924748373116,저특화·결제건수 증가
전북특별자치도,장수군,21169.0,갈비전문점,21.0,,,,,,,True,9.920166280882423,,,,295.0,61512,0.7333018113042846,판정불가
전북특별자치도,장수군,21169.0,한정식,109.0,,,,,,,True,51.490386886484956,,,,295.0,180762,1.295217402637685,판정불가
전북특별자치도,장수군,21169.0,일식회집,6.0,8004.0,18630000.0,335.0,16.02597018348302,23.79913097725142,-6.278849239415678,True,2.8343332231092635,3105000.0,55.833333333333336,0.015825027162360054,295.0,44227,0.2913983443659119,저특화·결제건수 증가
전북특별자치도,장수군,21169.0,중국음식,23.0,8005.0,257330000.0,9737.0,23.613969101672012,22.937001785041435,0.55066197060364,True,10.864944021918843,11188260.869565217,423.3478260869565,0.45996504322358167,295.0,31984,1.5446083211097077,고특화·결제건수 증가
전북특별자치도,장수군,21169.0,서양음식,6.0,8006.0,430910000.0,35996.0,15.36188054830018,17.265593927569455,-1.623420233939294,True,2.8343332231092635,71818333.33333333,5999.333333333333,1.7004109783173509,295.0,23100,0.5579079903147699,저특화·결제건수 증가
전북특별자치도,장수군,21169.0,스넥,18.0,8021.0,224740000.0,10249.0,23.55616919805757,24.0342440987503,-0.3854378314363684,True,8.50299966932779,12485555.555555556,569.3888888888889,0.484151353394114,295.0,44410,0.8705927432743428,저특화·결제건수 증가
전북특별자치도,장수군,21169.0,제과점,10.0,8301.0,80090000.0,4431.0,27.041266155814007,26.0179588517338,0.8120329145183356,True,4.723888705182106,8009000.0,443.1,0.20931550852661912,295.0,31168,0.6891509762294226,저특화·결제건수 증가
전북특별자치도,전주시 덕진구,307345.0,대형할인점,0.0,4004.0,2106280000.0,71160.0,-6.897194535077254,-1.802539704518601,-5.188173721834113,False,0.0,,,0.23153134100115505,3614.0,0,,판정불가
전북특별자치도,전주시 덕진구,307345.0,편의점,358.0,4010.0,10515560000.0,1344512.0,4.103683465849016,5.562719052627782,-1.38215044086857,True,11.64814784688217,29373072.625698324,3755.6201117318437,4.374601831817664,3614.0,54446,1.1528537762501478,고특화·결제건수 증가
전북특별자치도,전주시 덕진구,307345.0,슈퍼마켓,411.0,4020.0,14819660000.0,844933.0,-0.7790072579347417,1.8345380654949788,-2.5664625902744524,True,13.372594315833998,36057566.90997567,2055.7980535279808,2.749135336511087,3614.0,63862,1.1283828714991548,고특화·결제건수 증가
전북특별자치도,전주시 덕진구,307345.0,일반한식,542.0,8001.0,25041640000.0,633431.0,1.8155423897164689,2.853144907297488,-1.0088194371851893,True,17.634905399469652,46202287.82287823,1168.6918819188193,2.0609770778766534,3614.0,98173,0.9679755835292306,저특화·결제건수 증가
전북특별자치도,전주시 덕진구,307345.0,갈비전문점,301.0,,,,,,,True,9.79355447461322,,,,3614.0,61512,0.8579536502854501,판정불가
전북특별자치도,전주시 덕진구,307345.0,한정식,1012.0,,,,,,,True,32.92716653923115,,,,3614.0,180762,0.9815909672970418,판정불가
전북특별자치도,전주시 덕진구,307345.0,일식회집,206.0,8004.0,1740720000.0,29878.0,-3.073213344815405,1.3622512422951183,-4.37585445543045,True,6.702565520831638,8450097.087378642,145.03883495145632,0.09721322943272219,3614.0,44227,0.8166517887436112,저특화·결제건수 증가
전북특별자치도,전주시 덕진구,307345.0,중국음식,186.0,8005.0,2219300000.0,78204.0,-1.3830487217744944,1.0165989505639703,-2.375498380729336,True,6.0518310042460435,11931720.430107526,420.4516129032258,0.25445021067529977,3614.0,31984,1.019617653320296,고특화·결제건수 증가
전북특별자치도,전주시 덕진구,307345.0,서양음식,94.0,8006.0,8009360000.0,759857.0,2.300429402327111,5.5092136002348235,-3.04123601002804,True,3.0584522279523014,85205957.44680852,8083.585106382979,2.4723258878459062,3614.0,23100,0.7134656231059109,저특화·결제건수 증가
전북특별자치도,전주시 덕진구,307345.0,스넥,296.0,8021.0,2674340000.0,148531.0,3.949251716501912,3.40314888155722,0.5281297918405071,True,9.630870845466822,9034932.432432432,501.7939189189189,0.4832712424148758,3614.0,44410,1.168606012770024,고특화·결제건수 증가
전북특별자치도,전주시 덕진구,307345.0,제과점,208.0,8301.0,2017820000.0,162130.0,0.707678324989811,2.498412405738802,-1.747084699868702,True,6.767638972490198,9701057.692307692,779.4711538461538,0.5275179358701134,3614.0,31168,1.170069283382329,고특화·결제건수 증가
전북특별자치도,전주시 완산구,313529.0,대형할인점,0.0,4004.0,9789630000.0,234326.0,-3.5910052943329407,-2.694914502031555,-0.9209084887141684,False,0.0,,,0.7473822198265552,4292.0,0,,판정불가
전북특별자치도,전주시 완산구,313529.0,편의점,321.0,4010.0,10167830000.0,1216425.0,2.9822455963869334,4.360480732837131,-1.3206485125135696,True,10.238287367356769,31675482.866043612,3789.4859813084113,3.879784645120547,4292.0,54446,0.8704115938091519,저특화·결제건수 증가
전북특별자치도,전주시 완산구,313529.0,슈퍼마켓,485.0,4020.0,13524180000.0,776114.0,-0.2600687864746627,1.806969530230524,-2.0303505017811094,True,15.469063467813186,27884907.216494847,1600.2350515463918,2.4754137575790436,4292.0,63862,1.1212045118372231,고특화·결제건수 증가
전북특별자치도,전주시 완산구,313529.0,일반한식,572.0,8001.0,34782100000.0,866552.0,1.172054938966956,2.0525464342950066,-0.8627824842126276,True,18.24392639915287,60807867.132867135,1514.951048951049,2.763865543538237,4292.0,98173,0.8601804739600896,저특화·결제건수 증가
전북특별자치도,전주시 완산구,313529.0,갈비전문점,400.0,,,,,,,True,12.75799048891809,,,,4292.0,61512,0.9600321055108683,판정불가
전북특별자치도,전주시 완산구,313529.0,한정식,1269.0,,,,,,,True,40.47472482609264,,,,4292.0,180762,1.0364302922536286,판정불가
전북특별자치도,전주시 완산구,313529.0,일식회집,293.0,8004.0,2652980000.0,47907.0,-4.1814089030793795,-1.8502149924120024,-2.3751390902049576,True,9.345228033132502,9054539.249146758,163.50511945392492,0.15279926258814974,4292.0,44227,0.9780605737522365,저특화·결제건수 감소
전북특별자치도,전주시 완산구,313529.0,중국음식,171.0,8005.0,2213100000.0,73389.0,-2.1609398361516945,-0.1952934645699652,-1.9694926620359203,True,5.454040934012484,12942105.263157895,429.17543859649123,0.23407404099780244,4292.0,31984,0.7893124393044612,저특화·결제건수 감소
전북특별자치도,전주시 완산구,313529.0,서양음식,199.0,8006.0,10192030000.0,869860.0,1.9979625344481295,3.938211006307895,-1.8667326030289424,True,6.34710026823675,51216231.15577889,4371.155778894472,2.7744164016725725,4292.0,23100,1.2718231038920693,고특화·결제건수 증가
전북특별자치도,전주시 완산구,313529.0,스넥,303.0,8021.0,3184730000.0,193645.0,3.4960963460177332,3.0208894878163632,0.4612723308485756,True,9.664177795355453,10510660.0660066,639.0924092409241,0.6176302670566359,4292.0,44410,1.0072736403331408,고특화·결제건수 증가
전북특별자치도,전주시 완산구,313529.0,제과점,279.0,8301.0,3023770000.0,199308.0,0.473136473182665,1.6915420197798514,-1.1981385299086096,True,8.89869836602037,10837885.304659499,714.3655913978495,0.6356923920913217,4292.0,31168,1.32154173109419,고특화·결제건수 증가
전북특별자치도,정읍시,100738.0,대형할인점,0.0,4004.0,1089530000.0,20090.0,-1.3511628723119944,0.9550136168320138,-2.284360534977462,False,0.0,,,0.1994282197383311,1401.0,0,,판정불가
전북특별자치도,정읍시,100738.0,편의점,94.0,4010.0,3177320000.0,345605.0,4.876633662440555,5.527882109119559,-0.6171340063525335,True,9.331136214735254,33801276.595744684,3676.648936170213,3.430731203716572,1401.0,54446,0.7808526101718949,저특화·결제건수 증가
전북특별자치도,정읍시,100738.0,슈퍼마켓,229.0,4020.0,5158070000.0,235429.0,4.501618997617097,5.991990536233078,-1.406117133073845,True,22.732236097599714,22524323.144104805,1028.0742358078603,2.337042625424368,1401.0,63862,1.6218106891843496,고특화·결제건수 증가
전북특별자치도,정읍시,100738.0,일반한식,162.0,8001.0,8066730000.0,215791.0,3.7268883594500166,3.3343824479574646,0.3798405740608203,True,16.08131985943735,49794629.62962963,1332.0432098765432,2.142101292461633,1401.0,98173,0.746328701609672,저특화·결제건수 증가
전북특별자치도,정읍시,100738.0,갈비전문점,130.0,,,,,,,True,12.904762850165776,,,,1401.0,61512,0.9558520942020772,판정불가
전북특별자치도,정읍시,100738.0,한정식,462.0,,,,,,,True,45.86154182135838,,,,1401.0,180762,1.1559579317885003,판정불가
전북특별자치도,정읍시,100738.0,일식회집,54.0,8004.0,400780000.0,7176.0,7.414699918785522,11.458566330317192,-3.628134242770828,True,5.360439953145784,7421851.851851852,132.88888888888889,0.07123429093291508,1401.0,44227,0.5522217018497474,저특화·결제건수 증가
전북특별자치도,정읍시,100738.0,중국음식,79.0,8005.0,808100000.0,30532.0,3.4645643140184146,4.370279462521303,-0.8677902877783968,True,7.8421251166392025,10229113.924050633,386.4810126582278,0.30308324564712424,1401.0,31984,1.1171243187618078,고특화·결제건수 증가
전북특별자치도,정읍시,100738.0,서양음식,40.0,8006.0,2126970000.0,168243.0,1.7715950003627683,3.691501206615765,-1.8515559943792677,True,3.9706962615894694,53174250.0,4206.075,1.6701046278464928,1401.0,23100,0.7831684850956799,저특화·결제건수 증가
전북특별자치도,정읍시,100738.0,스넥,98.0,8021.0,849980000.0,43019.0,2.8359342362914313,2.126027232953159,0.6951283845781276,True,9.728205840894201,8673265.306122448,438.96938775510205,0.4270384561932935,1401.0,44410,0.9980504484122948,저특화·결제건수 증가
전북특별자치도,정읍시,100738.0,제과점,53.0,8301.0,449990000.0,30426.0,0.7447509315486848,2.3573009332994785,-1.5754127815480528,True,5.261172546606048,8490377.358490566,574.0754716981132,0.302031011137803,1401.0,31168,0.7690846190825854,저특화·결제건수 증가
전북특별자치도,진안군,24689.0,대형할인점,0.0,,,,,,,False,0.0,,,,377.0,0,,판정불가
전북특별자치도,진안군,24689.0,편의점,14.0,4010.0,338930000.0,36417.0,6.304406333181276,7.316298319072283,-0.9429061584685532,True,5.670541536716756,24209285.714285713,2601.214285714286,1.4750293653043867,377.0,54446,0.4321813616996316,저특화·결제건수 증가
전북특별자치도,진안군,24689.0,슈퍼마켓,72.0,4020.0,564550000.0,27220.0,4.756207752995444,6.398508522778236,-1.5435373978303375,True,29.16278504597189,7840972.222222222,378.05555555555554,1.102515290210215,377.0,63862,1.8949334303152179,고특화·결제건수 증가
전북특별자치도,진안군,24689.0,일반한식,35.0,8001.0,2475490000.0,103956.0,9.613690460986684,6.929097727397463,2.510628809786936,True,14.17635384179189,70728285.71428572,2970.1714285714284,4.210620114220908,377.0,98173,0.5992112500152318,저특화·결제건수 증가
전북특별자치도,진안군,24689.0,갈비전문점,26.0,,,,,,,True,10.531005711045406,,,,377.0,61512,0.7104237580780425,판정불가
전북특별자치도,진안군,24689.0,한정식,166.0,,,,,,,True,67.23642107821297,,,,377.0,180762,1.5434939334477267,판정불가
전북특별자치도,진안군,24689.0,일식회집,6.0,8004.0,20890000.0,260.0,-22.047596066203713,-10.990715723669435,-12.422165207180036,True,2.430232087164324,3481666.6666666665,43.333333333333336,0.010531005711045404,377.0,44227,0.22801727211656236,저특화·결제건수 감소
전북특별자치도,진안군,24689.0,중국음식,18.0,8005.0,185980000.0,6332.0,5.743410419457993,5.846183007416527,-0.0970961682683556,True,7.290696261492973,10332222.222222222,351.77777777777777,0.256470492932075,377.0,31984,0.945896688397249,저특화·결제건수 증가
전북특별자치도,진안군,24689.0,서양음식,3.0,8006.0,331730000.0,28076.0,7.0209691734208715,7.123122878261204,-0.0953610220609329,True,1.215116043582162,110576666.66666667,9358.666666666666,1.1371866013204261,377.0,23100,0.21827965138309965,저특화·결제건수 증가
전북특별자치도,진안군,24689.0,스넥,27.0,8021.0,125270000.0,6703.0,10.282075093276267,11.463951599472464,-1.060321735625425,True,10.936044392239458,4639629.62962963,248.25925925925927,0.27149742800437443,377.0,44410,1.0218495726761185,고특화·결제건수 증가
전북특별자치도,진안군,24689.0,제과점,10.0,8301.0,66040000.0,3652.0,-0.5993867754776427,1.2101949440323427,-1.787944110285138,True,4.05038681194054,6604000.0,365.2,0.14792012637206853,377.0,31168,0.5392560689328373,저특화·결제건수 증가
제주특별자치도,서귀포시,178669.0,대형할인점,0.0,4004.0,7597640000.0,114611.0,-2.6054003931037815,-2.273915877508497,-0.3391975832979929,False,0.0,,,0.6414711001908557,4557.0,0,,판정불가
제주특별자치도,서귀포시,178669.0,편의점,433.0,4010.0,19229970000.0,2035778.0,4.041316478153621,5.237804362228657,-1.136937330958257,True,24.234758128158777,44411016.16628175,4701.565819861432,11.39413104679603,4557.0,54446,1.1058296132356746,고특화·결제건수 증가
제주특별자치도,서귀포시,178669.0,슈퍼마켓,342.0,4020.0,21951590000.0,718743.0,2.207287959501433,3.750593126549667,-1.4875145486308794,True,19.141541061963743,64185935.67251462,2101.5877192982457,4.02276276242661,4557.0,63862,0.7446460479124372,저특화·결제건수 증가
제주특별자치도,서귀포시,178669.0,일반한식,549.0,8001.0,60175530000.0,1349412.0,2.6964950407004653,4.023494726548948,-1.2756730480328686,True,30.727210652099693,109609344.26229508,2457.945355191257,7.552580470031175,4557.0,98173,0.7775826831524661,저특화·결제건수 증가
제주특별자치도,서귀포시,178669.0,갈비전문점,580.0,8002.0,23030000.0,212.0,15.91923301976811,18.74568092718396,-2.380253231398838,True,32.462262619704596,39706.89655172414,0.36551724137931035,0.0011865516681685128,4557.0,61512,1.3110958537275266,고특화·결제건수 증가
제주특별자치도,서귀포시,178669.0,한정식,1475.0,,,,,,,True,82.55489200700737,,,,4557.0,180762,1.1346219493404093,판정불가
제주특별자치도,서귀포시,178669.0,일식회집,328.0,8004.0,4655100000.0,65871.0,6.586680205643866,8.844060495194274,-2.0739581739970987,True,18.357969205626045,14192378.048780488,200.8262195121951,0.36867615534871745,4557.0,44227,1.0312231658563982,고특화·결제건수 증가
제주특별자치도,서귀포시,178669.0,중국음식,184.0,8005.0,3844180000.0,133140.0,2.592510411110686,3.6888601250133943,-1.0573457096363716,True,10.298372969009732,20892282.608695652,723.5869565217391,0.74517683537715,4557.0,31984,0.7999288211145292,저특화·결제건수 증가
제주특별자치도,서귀포시,178669.0,서양음식,202.0,8006.0,16048480000.0,1084620.0,3.613099834091344,5.396964004673168,-1.6925195022721546,True,11.305822498586771,79447920.79207921,5369.40594059406,6.070555048721379,4557.0,23100,1.215921920227384,고특화·결제건수 증가
제주특별자치도,서귀포시,178669.0,스넥,257.0,8021.0,3708150000.0,176758.0,4.565121246497542,4.47455004407193,0.086692120126284,True,14.384140505627725,14428599.221789883,687.7743190661479,0.9893042441609904,4557.0,44410,0.8046715533043706,저특화·결제건수 증가
제주특별자치도,서귀포시,178669.0,제과점,207.0,8301.0,4041430000.0,288210.0,2.060648995981652,4.154012789146842,-2.0098733952796146,True,11.58566959013595,19523816.425120775,1392.3188405797102,1.613094605107769,4557.0,31168,0.9234804556385712,저특화·결제건수 증가
제주특별자치도,제주시,484123.0,대형할인점,0.0,4004.0,12327800000.0,222537.0,-2.0108686256206374,-0.3408851659260513,-1.6756956576174713,False,0.0,,,0.45967037302503705,10014.0,0,,판정불가
제주특별자치도,제주시,484123.0,편의점,891.0,4010.0,50370850000.0,5951730.0,5.3503160708392485,6.473821601811849,-1.055194144504537,True,18.404413754355815,56532940.51627385,6679.83164983165,12.293838549294291,10014.0,54446,1.0354984783049312,고특화·결제건수 증가
제주특별자치도,제주시,484123.0,슈퍼마켓,725.0,4020.0,63953060000.0,2657680.0,0.880193286239844,3.304489887196296,-2.346748533005382,True,14.975533077337783,88211117.2413793,3665.7655172413793,5.489679275721253,10014.0,63862,0.7183452608582803,저특화·결제건수 증가
제주특별자치도,제주시,484123.0,일반한식,1166.0,8001.0,150076730000.0,3774487.0,3.7799014526664743,4.82375193006829,-0.9958148398448906,True,24.084788369897733,128710746.1406518,3237.1243567753004,7.796545505997443,10014.0,98173,0.7515263765134402,저특화·결제건수 증가
제주특별자치도,제주시,484123.0,갈비전문점,1024.0,8002.0,198720000.0,2374.0,11.582249446069254,10.86474989035382,0.6471845707720956,True,21.151649477508812,194062.5,2.318359375,0.0049037124862896415,10014.0,61512,1.053362488510363,고특화·결제건수 증가
제주특별자치도,제주시,484123.0,한정식,3416.0,8003.0,4580000.0,178.0,38.302174015811794,41.66344553944924,-2.3727162013022345,True,70.56058067887706,1340.7494145199064,0.052107728337236536,0.0003676751569332587,10014.0,180762,1.195772231706847,고특화·결제건수 증가
제주특별자치도,제주시,484123.0,일식회집,777.0,8004.0,12306830000.0,192156.0,4.518257077947582,5.245720564022703,-0.6912048130570414,True,16.04964027736753,15838906.048906049,247.3050193050193,0.3969156598632992,10014.0,44227,1.1116582035788645,고특화·결제건수 증가
제주특별자치도,제주시,484123.0,중국음식,375.0,8005.0,9127930000.0,316785.0,2.6859114488152143,4.27623394809475,-1.525105423419041,True,7.745965384829888,24341146.666666668,844.76,0.6543481718488896,10014.0,31984,0.7418843858717856,저특화·결제건수 증가
제주특별자치도,제주시,484123.0,서양음식,500.0,8006.0,39123450000.0,2988412.0,3.5483437465955885,6.059259243947845,-2.367464675174518,True,10.32795384643985,78246900.0,5976.824,6.172836242029401,10014.0,23100,1.3696063606189428,고특화·결제건수 증가
제주특별자치도,제주시,484123.0,스넥,581.0,8021.0,9706410000.0,550314.0,5.828450995574906,6.286835096049355,-0.4312708154873406,True,12.001082369563107,16706385.542168675,947.184165232358,1.13672351860994,10014.0,44410,0.8278146330332311,저특화·결제건수 증가
제주특별자치도,제주시,484123.0,제과점,559.0,8301.0,14520820000.0,894961.0,1.6074024343571869,4.0501526435880475,-2.3476661467266116,True,11.546652400319754,25976422.182468694,1601.0035778175313,1.848623180472731,10014.0,31168,1.134855619483852,고특화·결제건수 증가
충청남도,계룡시,45959.0,대형할인점,0.0,4004.0,344110000.0,11413.0,-43.01047049612558,-33.90380643231426,-13.777894871488565,False,0.0,,,0.24833003329054157,454.0,0,,판정불가
충청남도,계룡시,45959.0,편의점,36.0,4010.0,1061630000.0,114711.0,4.42044890660668,5.441845813346573,-0.968682688415694,True,7.833068604625863,29489722.222222224,3186.4166666666665,2.495942035292326,454.0,54446,0.9228391190980807,저특화·결제건수 증가
충청남도,계룡시,45959.0,슈퍼마켓,34.0,4020.0,477390000.0,29399.0,0.6993996900217415,2.2232055352100746,-1.4906652919072272,True,7.397898126591092,14040882.352941176,864.6764705882352,0.6396788441872103,454.0,63862,0.7430634088895149,저특화·결제건수 증가
충청남도,계룡시,45959.0,일반한식,82.0,8001.0,2417340000.0,67806.0,3.19088525793732,3.729596382481358,-0.5193417725811574,True,17.841989599425577,29479756.097560976,826.9024390243902,1.475358471681281,454.0,98173,1.165765675454429,고특화·결제건수 증가
충청남도,계룡시,45959.0,갈비전문점,52.0,,,,,,,True,11.314432428904022,,,,454.0,61512,1.1798667700238856,판정불가
충청남도,계룡시,45959.0,한정식,136.0,,,,,,,True,29.591592506364368,,,,454.0,180762,1.0500772378819045,판정불가
충청남도,계룡시,45959.0,일식회집,20.0,8004.0,76100000.0,1760.0,-3.460976146993207,-1.192550999107882,-2.295803778786816,True,4.351704780347701,3805000.0,88.0,0.03829500206705977,454.0,44227,0.6311491306016448,저특화·결제건수 감소
충청남도,계룡시,45959.0,중국음식,17.0,8005.0,248670000.0,8740.0,-3.227262501766045,-2.089619804288924,-1.1619224592970638,True,3.698949063295546,14627647.05882353,514.1176470588235,0.19016949890119456,454.0,31984,0.7418320944613276,저특화·결제건수 감소
충청남도,계룡시,45959.0,서양음식,10.0,8006.0,593780000.0,54600.0,5.2269731692061265,5.08276710220873,0.1372309380253898,True,2.1758523901738505,59378000.0,5460.0,1.1880154050349225,454.0,23100,0.6041955108034404,저특화·결제건수 증가
충청남도,계룡시,45959.0,스넥,40.0,8021.0,248550000.0,11198.0,6.38184112395158,5.985208876031548,0.3742335861072416,True,8.703409560695402,6213750.0,279.95,0.24365195065166778,454.0,44410,1.2570967169159624,고특화·결제건수 증가
충청남도,계룡시,45959.0,제과점,27.0,8301.0,229210000.0,17657.0,-0.6363217774920417,1.7348505187085643,-2.330737484854859,True,5.874801453469397,8489259.25925926,653.9629629629629,0.3841902565329968,454.0,31168,1.20905011578576,고특화·결제건수 증가
충청남도,공주시,99757.0,대형할인점,0.0,4004.0,659440000.0,27892.0,-0.7913025789174206,1.6994229438833546,-2.4491048726747753,False,0.0,,,0.27959942660665416,1850.0,0,,판정불가
충청남도,공주시,99757.0,편의점,124.0,4010.0,3570630000.0,414609.0,6.4398386060582995,8.169232757204806,-1.598785631611474,True,12.43020539911986,28795403.225806452,3343.6209677419356,4.156189540583618,1850.0,54446,0.7800623280592424,저특화·결제건수 증가
충청남도,공주시,99757.0,슈퍼마켓,228.0,4020.0,5041520000.0,201327.0,3.150536950769593,5.271200484049718,-2.0144764413524756,True,22.855538959672003,22111929.824561402,883.0131578947369,2.0181741632166164,1850.0,63862,1.222829564085397,고특화·결제건수 증가
충청남도,공주시,99757.0,일반한식,278.0,8001.0,17143810000.0,888486.0,5.6813996674969305,4.024601548548446,1.5926983562395611,True,27.867718556091305,61668381.29496403,3195.9928057553957,8.906502801808394,1850.0,98173,0.9698985987505233,저특화·결제건수 증가
충청남도,공주시,99757.0,갈비전문점,143.0,,,,,,,True,14.334833645759195,,,,1850.0,61512,0.7962506283107141,판정불가
충청남도,공주시,99757.0,한정식,691.0,,,,,,,True,69.26832202251471,,,,1850.0,180762,1.309316099383481,판정불가
충청남도,공주시,99757.0,일식회집,50.0,8004.0,307050000.0,7005.0,5.083953287092487,7.124831078004679,-1.9051397984712808,True,5.012179596419299,6141000.0,140.1,0.07022063614583438,1850.0,44227,0.3872185206664145,저특화·결제건수 증가
충청남도,공주시,99757.0,중국음식,95.0,8005.0,1161660000.0,40611.0,3.1675721258994933,3.878897906197677,-0.6847644657729175,True,9.523141233196668,12228000.0,427.4842105263158,0.40709925118036827,1850.0,31984,1.0173360328813057,고특화·결제건수 증가
충청남도,공주시,99757.0,서양음식,45.0,8006.0,2866670000.0,214362.0,6.936546141471174,8.823302605824363,-1.7337798239659494,True,4.510961636777369,63703777.777777776,4763.6,2.1488416852952676,1850.0,23100,0.6672277992277992,저특화·결제건수 증가
충청남도,공주시,99757.0,스넥,112.0,8021.0,1490410000.0,99604.0,6.5408167730982125,5.883009252345791,0.6212588076192231,True,11.227282295979231,13307232.142857144,889.3214285714286,0.9984662730434957,1850.0,44410,0.8637953224559844,저특화·결제건수 증가
충청남도,공주시,99757.0,제과점,84.0,8301.0,913350000.0,49062.0,6.862264297111058,6.73865009688779,0.1158101588422843,True,8.420461721984422,10873214.285714285,584.0714285714286,0.49181511071904727,1850.0,31168,0.9230897941062212,저특화·결제건수 증가
충청남도,금산군,48939.0,대형할인점,0.0,,,,,,,False,0.0,,,,888.0,0,,판정불가
충청남도,금산군,48939.0,편의점,47.0,4010.0,1329290000.0,147948.0,4.276921875944558,6.369878172151644,-1.9676212215076463,True,9.603792476348106,28282765.95744681,3147.8297872340427,3.023110402746276,888.0,54446,0.6159766367403292,저특화·결제건수 증가
충청남도,금산군,48939.0,슈퍼마켓,121.0,4020.0,4206580000.0,160556.0,0.6602686132615678,3.3739721860914265,-2.625132337900963,True,24.724657226343,34765123.96694215,1326.909090909091,3.2807372443245675,888.0,63862,1.3519954061982185,고특화·결제건수 증가
충청남도,금산군,48939.0,일반한식,141.0,8001.0,5081970000.0,173061.0,3.423920443467437,3.1065587720077796,0.3077996930936739,True,28.81137742904432,36042340.42553192,1227.3829787234042,3.5362594249984673,888.0,98173,1.024847889866785,고특화·결제건수 증가
충청남도,금산군,48939.0,갈비전문점,83.0,,,,,,,True,16.959888841210486,,,,888.0,61512,0.9628321991519416,판정불가
충청남도,금산군,48939.0,한정식,316.0,,,,,,,True,64.57017920268089,,,,888.0,180762,1.2474188597599492,판정불가
충청남도,금산군,48939.0,일식회집,35.0,8004.0,67590000.0,1434.0,-2.6279873417874513,3.633454366297737,-6.041911606993084,True,7.151760354727314,1931142.857142857,40.97142857142857,0.029301783853368478,888.0,44227,0.5646936759718544,저특화·결제건수 증가
충청남도,금산군,48939.0,중국음식,57.0,8005.0,543310000.0,20523.0,1.116522493484582,1.995663453380816,-0.8619395473593731,True,11.647152577698769,9531754.385964911,360.05263157894734,0.4193587936001962,888.0,31984,1.271670041101632,고특화·결제건수 증가
충청남도,금산군,48939.0,서양음식,13.0,8006.0,982620000.0,74046.0,2.134034138059654,2.592866802023412,-0.4472364193206196,True,2.656368131755859,75586153.84615384,5695.846153846154,1.5130264206461104,888.0,23100,0.40157228657228655,저특화·결제건수 증가
충청남도,금산군,48939.0,스넥,53.0,8021.0,426480000.0,20651.0,1.699265839556405,1.864394854051063,-0.162106705420707,True,10.829808537158502,8046792.452830189,389.64150943396226,0.421974294529925,888.0,44410,0.8515839302486454,저특화·결제건수 증가
충청남도,금산군,48939.0,제과점,22.0,8301.0,315890000.0,22762.0,0.5173004514620518,2.43595280408759,-1.8730263155701303,True,4.4953922229714545,14358636.363636363,1034.6363636363637,0.46510962626943747,888.0,31168,0.5036700265460532,저특화·결제건수 증가
충청남도,논산시,105977.0,대형할인점,0.0,4004.0,782930000.0,18770.0,-19.091927431876687,-14.303644170701135,-5.587499275597587,False,0.0,,,0.17711390207309133,1756.0,0,,판정불가
충청남도,논산시,105977.0,편의점,115.0,4010.0,4362170000.0,477892.0,4.60576351844452,5.714001304173917,-1.0483358609618845,True,10.851411155250666,37931913.04347826,4155.582608695652,4.509393547656567,1756.0,54446,0.7621714503940583,저특화·결제건수 증가
충청남도,논산시,105977.0,슈퍼마켓,263.0,4020.0,5836540000.0,277834.0,2.2762710742621746,3.9553107658054234,-1.6151552808358574,True,24.816705511573264,22192167.30038023,1056.403041825095,2.6216443190503598,1756.0,63862,1.4860521430427753,고특화·결제건수 증가
충청남도,논산시,105977.0,일반한식,326.0,8001.0,11876900000.0,354580.0,3.143929686560242,3.0346534244514927,0.1060577761722716,True,30.76139162271059,36432208.58895706,1087.6687116564417,3.3458203195032885,1756.0,98173,1.1982470069862028,고특화·결제건수 증가
충청남도,논산시,105977.0,갈비전문점,160.0,,,,,,,True,15.097615520348755,,,,1756.0,61512,0.9386008648867077,판정불가
충청남도,논산시,105977.0,한정식,549.0,,,,,,,True,51.803693254196666,,,,1756.0,180762,1.095938091388823,판정불가
충청남도,논산시,105977.0,일식회집,51.0,8004.0,535830000.0,9618.0,-2.3978487240144895,-0.4846163128189361,-1.9225493992060887,True,4.812364947111165,10506470.588235294,188.58823529411765,0.09075554129669645,1756.0,44227,0.4161055515361754,저특화·결제건수 감소
충청남도,논산시,105977.0,중국음식,98.0,8005.0,915530000.0,36770.0,0.4251769402859816,1.0810959301440417,-0.6489037181703468,True,9.247289506213612,9342142.857142856,375.2040816326531,0.34696207667701484,1756.0,31984,1.1056409468971389,고특화·결제건수 증가
충청남도,논산시,105977.0,서양음식,25.0,8006.0,2564390000.0,207739.0,3.4996353363675667,5.099062117495459,-1.521827834524128,True,2.359002425054493,102575600.0,8309.56,1.9602272191135812,1756.0,23100,0.3905250027117908,저특화·결제건수 증가
충청남도,논산시,105977.0,스넥,105.0,8021.0,1494770000.0,65550.0,7.176579753355449,6.446821203325302,0.6855616182622135,True,9.90781018522887,14235904.761904761,624.2857142857143,0.618530435849288,1756.0,44410,0.8531577519274477,저특화·결제건수 증가
충청남도,논산시,105977.0,제과점,64.0,8301.0,865340000.0,57387.0,2.9589731471519674,4.493050835116655,-1.4681145547040917,True,6.039046208139502,13520937.5,896.671875,0.5415042886664088,1756.0,31168,0.7409550359459851,저특화·결제건수 증가
충청남도,당진시,172400.0,대형할인점,0.0,4004.0,4247440000.0,104991.0,0.0283936202840841,2.53811898912114,-2.447602309833001,False,0.0,,,0.6089965197215778,2847.0,0,,판정불가
충청남도,당진시,172400.0,편의점,278.0,4010.0,10306710000.0,1031557.0,5.1076190606499265,6.343476518714791,-1.1621375363324855,True,16.125290023201856,37074496.402877696,3710.636690647482,5.983509280742459,2847.0,54446,1.1364142654998142,고특화·결제건수 증가
충청남도,당진시,172400.0,슈퍼마켓,262.0,4020.0,7461860000.0,295426.0,1.2054518003042851,3.1016159161408297,-1.8391216267442312,True,15.197215777262182,28480381.679389313,1127.5801526717557,1.7136078886310906,2847.0,63862,0.9130964106757373,저특화·결제건수 증가
충청남도,당진시,172400.0,일반한식,466.0,8001.0,19766630000.0,480089.0,4.601792198960755,5.068688236845734,-0.4443721966267352,True,27.03016241299304,42417660.94420601,1030.233905579399,2.7847389791183295,2847.0,98173,1.0564567296419887,고특화·결제건수 증가
충청남도,당진시,172400.0,갈비전문점,252.0,8002.0,26460000.0,620.0,13.600036112347317,17.1427157662359,-3.0242423788075534,True,14.617169373549883,105000.0,2.4603174603174605,0.0035962877030162412,2847.0,61512,0.9117978264900483,저특화·결제건수 증가
충청남도,당진시,172400.0,한정식,922.0,,,,,,,True,53.480278422273784,,,,2847.0,180762,1.1352242062090916,판정불가
충청남도,당진시,172400.0,일식회집,207.0,8004.0,1126480000.0,15293.0,3.397417220433009,3.1019185126963817,0.2866083502609909,True,12.006960556844547,5441932.367149758,73.8792270531401,0.08870649651972158,2847.0,44227,1.0416953459023774,고특화·결제건수 증가
충청남도,당진시,172400.0,중국음식,147.0,8005.0,1740500000.0,57282.0,1.8766111959196103,1.9815455610225208,-0.1028954449804119,True,8.526682134570766,11840136.05442177,389.6734693877551,0.33226218097447796,2847.0,31984,1.0229217611967207,고특화·결제건수 증가
충청남도,당진시,172400.0,서양음식,37.0,8006.0,4587280000.0,363043.0,4.500863317856686,6.362229472870114,-1.7500255158606328,True,2.146171693735499,123980540.54054055,9811.972972972973,2.1058178654292345,2847.0,23100,0.35649020690116573,저특화·결제건수 증가
충청남도,당진시,172400.0,스넥,172.0,8021.0,1566460000.0,80728.0,5.630634733987728,4.594335983685921,0.9907790326843589,True,9.976798143851509,9107325.581395349,469.3488372093023,0.4682598607888631,2847.0,44410,0.86199656156071,저특화·결제건수 증가
충청남도,당진시,172400.0,제과점,104.0,8301.0,1297480000.0,89688.0,2.442754781360839,4.342351880877828,-1.820542728120244,True,6.0324825986078885,12475769.23076923,862.3846153846154,0.5202320185614849,2847.0,31168,0.7426467141102453,저특화·결제건수 증가
충청남도,보령시,91260.0,대형할인점,0.0,4004.0,2098450000.0,52871.0,-4.312107983815269,-2.5884081557366594,-1.7695017558427566,False,0.0,,,0.5793447293447294,2042.0,0,,판정불가
충청남도,보령시,91260.0,편의점,161.0,4010.0,5313930000.0,522723.0,6.238000013177745,7.180007800742382,-0.8789025181971012,True,17.641902257286873,33005776.397515528,3246.726708074534,5.72784352399737,2042.0,54446,0.9175917206898888,저특화·결제건수 증가
충청남도,보령시,91260.0,슈퍼마켓,277.0,4020.0,4351210000.0,159408.0,2.820754761826723,3.338717938012466,-0.5012285680729736,True,30.352838045145734,15708339.350180505,575.4801444043321,1.7467455621301775,2042.0,63862,1.3459435411523826,고특화·결제건수 증가
충청남도,보령시,91260.0,일반한식,291.0,8001.0,14436520000.0,278442.0,2.203084705711663,3.5201731081452734,-1.2723011978135372,True,31.88691650230112,49610034.364261165,956.8453608247422,3.0510848126232744,2042.0,98173,0.9197938800254798,저특화·결제건수 증가
충청남도,보령시,91260.0,갈비전문점,151.0,,,,,,,True,16.546131930747315,,,,2042.0,61512,0.761739871847147,판정불가
충청남도,보령시,91260.0,한정식,626.0,,,,,,,True,68.59522244137628,,,,2042.0,180762,1.0746246158429913,판정불가
충청남도,보령시,91260.0,일식회집,263.0,8004.0,1806270000.0,18467.0,7.089388609199874,6.358004015205984,0.6876629556617941,True,28.818759587990357,6867946.768060837,70.21673003802282,0.20235590620206004,2042.0,44227,1.8452612265449948,고특화·결제건수 증가
충청남도,보령시,91260.0,중국음식,91.0,8005.0,1118690000.0,38699.0,1.5147134041418149,1.238798693825328,0.2725385068533753,True,9.971509971509972,12293296.703296704,425.2637362637363,0.42405215866754326,2042.0,31984,0.8828729374481561,저특화·결제건수 증가
충청남도,보령시,91260.0,서양음식,33.0,8006.0,2529910000.0,179464.0,2.6027206006482992,3.9861843313768146,-1.3304303255515662,True,3.616042077580539,76663939.39393939,5438.30303030303,1.966513258820951,2042.0,23100,0.44329368965999716,저특화·결제건수 증가
충청남도,보령시,91260.0,스넥,80.0,8021.0,857360000.0,31675.0,1.9628176400040425,1.7314530577407363,0.2274267940830239,True,8.766162612316458,10717000.0,395.9375,0.3470852509314048,2042.0,44410,0.5589832609988706,저특화·결제건수 증가
충청남도,보령시,91260.0,제과점,69.0,8301.0,668380000.0,42378.0,0.0523527743019014,1.4004599960241508,-1.3294882703441946,True,7.560815253122946,9686666.666666666,614.1739130434783,0.4643655489809336,2042.0,31168,0.6869573027007785,저특화·결제건수 증가
충청남도,부여군,57762.0,대형할인점,0.0,,,,,,,False,0.0,,,,826.0,0,,판정불가
충청남도,부여군,57762.0,편의점,54.0,4010.0,1415230000.0,142586.0,6.740707534552935,8.43436797236549,-1.5619221741987024,True,9.348706762231226,26207962.962962963,2640.4814814814813,2.468508708147225,826.0,54446,0.7608395158665774,저특화·결제건수 증가
충청남도,부여군,57762.0,슈퍼마켓,109.0,4020.0,2166630000.0,80758.0,0.4380586616373395,2.8994649338869367,-2.392049631969511,True,18.87053772376303,19877339.449541286,740.8990825688073,1.3981164087116098,826.0,63862,1.3093304320006598,고특화·결제건수 증가
충청남도,부여군,57762.0,일반한식,125.0,8001.0,4522880000.0,132173.0,7.936021000650424,6.2846971589910705,1.5536797730995415,True,21.640524912572282,36183040.0,1057.384,2.2882344794155327,826.0,98173,0.9767495730531927,저특화·결제건수 증가
충청남도,부여군,57762.0,갈비전문점,80.0,,,,,,,True,13.84993594404626,,,,826.0,61512,0.9976895391895028,판정불가
충청남도,부여군,57762.0,한정식,311.0,,,,,,,True,53.841625982479826,,,,826.0,180762,1.3198316258857143,판정불가
충청남도,부여군,57762.0,일식회집,19.0,8004.0,26100000.0,1988.0,7.383658331545624,13.266894031776204,-5.1941352771446985,True,3.2893597867109863,1373684.2105263157,104.63157894736842,0.034417090820954954,826.0,44227,0.3295576513662099,저특화·결제건수 증가
충청남도,부여군,57762.0,중국음식,46.0,8005.0,255610000.0,9655.0,-1.6368257576620384,-0.1595361579924349,-1.4796501767132324,True,7.963713167826599,5556739.130434782,209.8913043478261,0.1671514144247083,826.0,31984,1.1032916579355052,고특화·결제건수 감소
충청남도,부여군,57762.0,서양음식,16.0,8006.0,1359420000.0,115837.0,5.369759298121805,4.792900608183247,0.5504749716733041,True,2.769987188809252,84963750.0,7239.8125,2.005418787438108,826.0,23100,0.5313409431569238,저특화·결제건수 증가
충청남도,부여군,57762.0,스넥,41.0,8021.0,368750000.0,15732.0,0.9294297249915164,0.1970539606545618,0.7309354271279921,True,7.0980921713237075,8993902.43902439,383.7073170731707,0.2723589903396697,826.0,44410,0.7082202871874613,저특화·결제건수 증가
충청남도,부여군,57762.0,제과점,25.0,8301.0,209760000.0,12428.0,1.7096671887208414,3.0870947412233103,-1.3361784576043514,True,4.328104982514456,8390400.0,497.12,0.21515875489075864,826.0,31168,0.615313371633413,저특화·결제건수 증가
충청남도,서산시,171136.0,대형할인점,0.0,4004.0,3189220000.0,69311.0,-2.318934209200558,-0.3346421472772637,-1.9909546352660936,False,0.0,,,0.40500537584143603,2706.0,0,,판정불가
충청남도,서산시,171136.0,편의점,249.0,4010.0,8513060000.0,870612.0,4.4821459676055255,5.876519936549033,-1.316981300272334,True,14.549831712789826,34188995.98393574,3496.4337349397592,5.087252243829469,2706.0,54446,1.070904893011021,고특화·결제건수 증가
충청남도,서산시,171136.0,슈퍼마켓,281.0,4020.0,6106180000.0,257379.0,1.4623547590629484,2.8488424719423473,-1.3480829531529677,True,16.41968960359013,21730177.93594306,915.9395017793594,1.5039442314884068,2706.0,63862,1.0303418473726247,고특화·결제건수 증가
충청남도,서산시,171136.0,일반한식,442.0,8001.0,16841610000.0,395995.0,4.116927392427622,4.524980985437241,-0.3903885838223414,True,25.82741211667913,38103190.045248866,895.9162895927602,2.3139199233358263,2706.0,98173,1.0542600299338838,고특화·결제건수 증가
충청남도,서산시,171136.0,갈비전문점,268.0,8002.0,41020000.0,421.0,10.073463522996065,16.070241388819433,-5.1665076199290265,True,15.660059835452506,153059.7014925373,1.5708955223880596,0.0024600317875841434,2706.0,61512,1.0202168233153264,고특화·결제건수 증가
충청남도,서산시,171136.0,한정식,892.0,,,,,,,True,52.12228870605834,,,,2706.0,180762,1.1555141050132578,판정불가
충청남도,서산시,171136.0,일식회집,131.0,8004.0,805130000.0,12713.0,4.201364678022712,4.331154645021728,-0.1244019271526385,True,7.654730740463725,6146030.534351145,97.04580152671755,0.07428594801795063,2706.0,44227,0.693587645850004,저특화·결제건수 증가
충청남도,서산시,171136.0,중국음식,131.0,8005.0,1585810000.0,54351.0,0.3228146074524808,1.096134338101334,-0.7649350152821895,True,7.654730740463725,12105419.847328244,414.89312977099235,0.3175895194465221,2706.0,31984,0.9590826917523803,저특화·결제건수 증가
충청남도,서산시,171136.0,서양음식,51.0,8006.0,3669270000.0,302776.0,3.1085833288711475,5.025646584714385,-1.8253286870239789,True,2.980086013462977,71946470.58823529,5936.78431372549,1.769212789827973,2706.0,23100,0.5169823672262697,저특화·결제건수 증가
충청남도,서산시,171136.0,스넥,155.0,8021.0,1266670000.0,59130.0,5.050888220503437,4.250567819419284,0.7676892489165907,True,9.05712415856395,8172064.516129033,381.48387096774195,0.3455146783844428,2706.0,44410,0.8172754616535133,저특화·결제건수 증가
충청남도,서산시,171136.0,제과점,106.0,8301.0,983350000.0,69478.0,0.3020035971922782,3.706537551910162,-3.282853747782091,True,6.193904263275991,9276886.79245283,655.4528301886793,0.4059812079281975,2706.0,31168,0.796369217542278,저특화·결제건수 증가
충청남도,서천군,46761.0,대형할인점,0.0,,,,,,,False,0.0,,,,792.0,0,,판정불가
충청남도,서천군,46761.0,편의점,41.0,4010.0,1534480000.0,149620.0,7.186402431348972,7.361629068478727,-0.16321160422974,True,8.767990419366567,37426341.46341463,3649.268292682927,3.199674942794209,792.0,54446,0.6024736027950222,저특화·결제건수 증가
충청남도,서천군,46761.0,슈퍼마켓,130.0,4020.0,3617090000.0,131255.0,-2.2410525729829476,-0.4376202929555421,-1.8113591552691963,True,27.800945232137895,27823769.230769232,1009.6538461538462,2.8069331280340455,792.0,63862,1.6286245689490184,고특화·결제건수 감소
충청남도,서천군,46761.0,일반한식,122.0,8001.0,5968650000.0,145772.0,5.365669202687705,5.520910616734389,-0.1471191000336884,True,26.090117833237098,48923360.655737706,1194.8524590163934,3.1173841449070805,792.0,98173,0.9942324037951145,저특화·결제건수 증가
충청남도,서천군,46761.0,갈비전문점,38.0,,,,,,,True,8.126430144778768,,,,792.0,61512,0.4942468316931836,판정불가
충청남도,서천군,46761.0,한정식,280.0,,,,,,,True,59.87895896152777,,,,792.0,180762,1.2392845595620516,판정불가
충청남도,서천군,46761.0,일식회집,52.0,8004.0,205750000.0,1475.0,11.026088646544324,11.97869168464503,-0.8507002749982309,True,11.120378092855157,3956730.769230769,28.365384615384617,0.031543380167233376,792.0,44227,0.9406672143461887,저특화·결제건수 증가
충청남도,서천군,46761.0,중국음식,47.0,8005.0,480020000.0,16697.0,1.6111744379981627,2.7093499174925046,-1.069206922618522,True,10.051110968542162,10213191.489361702,355.25531914893617,0.3570710634930818,792.0,31984,1.1756694319381913,고특화·결제건수 증가
충청남도,서천군,46761.0,서양음식,8.0,8006.0,799310000.0,67324.0,4.0462814745332025,5.195104355751406,-1.0920877813221297,True,1.7108273989007936,99913750.0,8415.5,1.4397467975449627,792.0,23100,0.2770755170755171,저특화·결제건수 증가
충청남도,서천군,46761.0,스넥,50.0,8021.0,340020000.0,14728.0,5.382449781888714,7.680945224038843,-2.1345424089358667,True,10.69267124312996,6800400.0,294.56,0.31496332413763606,792.0,44410,0.9007605894568291,저특화·결제건수 증가
충청남도,서천군,46761.0,제과점,24.0,8301.0,300880000.0,16454.0,-1.4010404755104389,0.5317186797003193,-1.9225366686195993,True,5.13248219670238,12536666.666666666,685.5833333333334,0.35187442526892065,792.0,31168,0.6160592060232717,저특화·결제건수 증가
충청남도,아산시,363678.0,대형할인점,0.0,4004.0,6735830000.0,163430.0,-3.7674756166537566,-1.6529518565106671,-2.1500632708955405,False,0.0,,,0.44938104587024785,4550.0,0,,판정불가
충청남도,아산시,363678.0,편의점,496.0,4010.0,23621240000.0,2689359.0,3.9392604616242446,5.632272130644105,-1.602740937850888,True,13.638438398803336,47623467.741935484,5422.094758064516,7.394890535033738,4550.0,54446,1.2686727972831635,고특화·결제건수 증가
충청남도,아산시,363678.0,슈퍼마켓,481.0,4020.0,26300560000.0,1076590.0,1.4678098312107748,2.953832194776522,-1.4433871298295395,True,13.225985624645979,54678918.91891892,2238.232848232848,2.960283547533807,4550.0,63862,1.0489058102963085,고특화·결제건수 증가
충청남도,아산시,363678.0,일반한식,768.0,8001.0,33697880000.0,866271.0,2.769230115664076,3.5833985961906816,-0.7860028648997482,True,21.11758203685678,43877447.916666664,1127.95703125,2.38197251414713,4550.0,98173,1.0894394253338158,고특화·결제건수 증가
충청남도,아산시,363678.0,갈비전문점,439.0,,,,,,,True,12.071117857005373,,,,4550.0,61512,0.9938906444056659,판정불가
충청남도,아산시,363678.0,한정식,1202.0,,,,,,,True,33.0512156358097,,,,4550.0,180762,0.926043227747347,판정불가
충청남도,아산시,363678.0,일식회집,205.0,8004.0,2267290000.0,42833.0,1.2833309966412692,3.8463140276866854,-2.468053926653714,True,5.6368545801505725,11059951.219512194,208.94146341463414,0.11777726450321438,4550.0,44227,0.6455060393966492,저특화·결제건수 증가
충청남도,아산시,363678.0,중국음식,295.0,8005.0,3970840000.0,135468.0,0.7977887027883853,2.0247585759683613,-1.20261972711886,True,8.111571225094727,13460474.576271186,459.2135593220339,0.37249434939699405,4550.0,31984,1.2844676459108677,고특화·결제건수 증가
충청남도,아산시,363678.0,서양음식,130.0,8006.0,10823570000.0,953180.0,4.346534704597969,6.36346307197441,-1.89626052887319,True,3.5745907093637777,83258230.76923077,7332.153846153846,2.620944901808743,4550.0,23100,0.7837278911564625,저특화·결제건수 증가
충청남도,아산시,363678.0,스넥,320.0,8021.0,3561740000.0,183312.0,4.386304875653899,4.336911752333656,0.0473400280789255,True,8.798992515356991,11130437.5,572.85,0.5040502862422253,4550.0,44410,1.0034670935909396,고특화·결제건수 증가
충청남도,아산시,363678.0,제과점,214.0,8301.0,2661660000.0,212357.0,0.5729796602609287,2.9942970178265584,-2.3509237187633274,True,5.884326244644988,12437663.551401868,992.3224299065421,0.5839148917448952,4550.0,31168,0.9561780467991967,저특화·결제건수 증가
충청남도,예산군,78318.0,대형할인점,0.0,,,,,,,False,0.0,,,,1356.0,0,,판정불가
충청남도,예산군,78318.0,편의점,105.0,4010.0,4096390000.0,424886.0,5.044282319556769,6.007658666309449,-0.9087799493668742,True,13.406879644526162,39013238.0952381,4046.5333333333333,5.425138537756327,1356.0,54446,0.9011746314201389,저특화·결제건수 증가
충청남도,예산군,78318.0,슈퍼마켓,164.0,4020.0,3898770000.0,152369.0,1.181493937135583,3.8578898749508017,-2.5769789286473275,True,20.940269159069434,23772987.80487805,929.079268292683,1.9455169948160065,1356.0,63862,1.2000158158137628,고특화·결제건수 증가
충청남도,예산군,78318.0,일반한식,235.0,8001.0,12455360000.0,357019.0,3.5993012300501155,2.4566222212392828,1.1152807734998629,True,30.005873490129986,53001531.91489362,1519.2297872340425,4.558581679818177,1356.0,98173,1.1185655435124202,고특화·결제건수 증가
충청남도,예산군,78318.0,갈비전문점,128.0,,,,,,,True,16.34362470951761,,,,1356.0,61512,0.9723794210861703,판정불가
충청남도,예산군,78318.0,한정식,491.0,,,,,,,True,62.6931229091652,,,,1356.0,180762,1.2692874664085918,판정불가
충청남도,예산군,78318.0,일식회집,28.0,8004.0,304680000.0,4080.0,-5.610306225071544,-1.790844566883693,-3.8891095655425305,True,3.575167905206977,10881428.57142857,145.71428571428572,0.05209530376158737,1356.0,44227,0.295839518739237,저특화·결제건수 감소
충청남도,예산군,78318.0,중국음식,67.0,8005.0,763200000.0,27111.0,0.9080093202136772,1.8417210913187203,-0.9168263861799962,True,8.554866058888122,11391044.776119404,404.64179104477614,0.34616563242166554,1356.0,31984,0.978875960841778,저특화·결제건수 증가
충청남도,예산군,78318.0,서양음식,25.0,8006.0,2291190000.0,157426.0,1.1403457371246604,2.5526309282924653,-1.3771320914773544,True,3.1921142010776578,91647600.0,6297.04,2.0100870808754054,1356.0,23100,0.5057241185559769,저특화·결제건수 증가
충청남도,예산군,78318.0,스넥,67.0,8021.0,643760000.0,33037.0,4.151021396492606,4.492702567824605,-0.3269904624299518,True,8.554866058888122,9608358.208955225,493.089552238806,0.4218315074440103,1356.0,44410,0.7049846595713448,저특화·결제건수 증가
충청남도,예산군,78318.0,제과점,46.0,8301.0,515500000.0,37988.0,-3.5807029421417975,-1.5437907275120422,-2.0688509436641014,True,5.87349012998289,11206521.739130436,825.8260869565217,0.4850481370821523,1356.0,31168,0.6896591996632201,저특화·결제건수 감소
충청남도,천안시 동남구,263653.0,대형할인점,0.0,4004.0,3425680000.0,144502.0,-8.426873935293191,-3.3620042270436823,-5.24107486681436,False,0.0,,,0.54807644896891,3583.0,0,,판정불가
충청남도,천안시 동남구,263653.0,편의점,370.0,4010.0,13223020000.0,1625559.0,5.080513796259375,7.324412751483587,-2.0907628541328043,True,14.03359719024627,35737891.89189189,4393.402702702702,6.165524382426902,3583.0,54446,1.2018057123615808,고특화·결제건수 증가
충청남도,천안시 동남구,263653.0,슈퍼마켓,380.0,4020.0,14271320000.0,602270.0,-1.5315666951357196,1.48483462295075,-2.972268052949378,True,14.412883600793467,37556105.2631579,1584.921052631579,2.2843282648026,3583.0,63862,1.0523000714289628,고특화·결제건수 증가
충청남도,천안시 동남구,263653.0,일반한식,561.0,8001.0,26004170000.0,868015.0,3.774547918918257,3.699780536519637,0.0720998463176826,True,21.277967631697724,46353244.20677362,1547.2638146167558,3.2922629365112477,3583.0,98173,1.0105767851718153,고특화·결제건수 증가
충청남도,천안시 동남구,263653.0,갈비전문점,361.0,8002.0,50360000.0,686.0,7.148383119989692,6.506859707736906,0.602330604820364,True,13.692239420753795,139501.38504155126,1.9002770083102494,0.002601904776353768,3583.0,61512,1.0378769639016225,고특화·결제건수 증가
충청남도,천안시 동남구,263653.0,한정식,1035.0,,,,,,,True,39.25614349163484,,,,3583.0,180762,1.0125855619435078,판정불가
충청남도,천안시 동남구,263653.0,일식회집,153.0,8004.0,1111010000.0,26625.0,1.0245451613470768,2.9976985883874594,-1.9157257434709536,True,5.803082081372107,7261503.267973856,174.01960784313727,0.10098500680819107,3583.0,44227,0.6117901327079465,저특화·결제건수 증가
충청남도,천안시 동남구,263653.0,중국음식,195.0,8005.0,2189760000.0,77573.0,0.8952303389510318,2.5887906938606378,-1.650823977410421,True,7.396085005670331,11229538.461538462,397.8102564102564,0.29422384725377676,3583.0,31984,1.07820254671014,고특화·결제건수 증가
충청남도,천안시 동남구,263653.0,서양음식,95.0,8006.0,7773470000.0,667604.0,3.4941924112130547,6.7005046271968265,-3.0049644349727953,True,3.603220900198367,81826000.0,7027.41052631579,2.5321312482695055,3583.0,23100,0.7272942333506106,저특화·결제건수 증가
충청남도,천안시 동남구,263653.0,스넥,246.0,8021.0,2057040000.0,110826.0,4.355234790597246,3.978626317403717,0.3621979694594899,True,9.330445699461034,8361951.219512195,450.5121951219512,0.420347957353036,3583.0,44410,0.9796091943346521,저특화·결제건수 증가
충청남도,천안시 동남구,263653.0,제과점,187.0,8301.0,4554540000.0,277586.0,1.163557548825667,2.384035700666044,-1.192059038782764,True,7.092655877232575,24355828.877005346,1484.4171122994653,1.052845975581541,3583.0,31168,1.0610386157883365,고특화·결제건수 증가
충청남도,천안시 서북구,402529.0,대형할인점,0.0,4004.0,14661770000.0,363302.0,-2.8203437001286393,-0.2897618640338465,-2.537935806194766,False,0.0,,,0.9025486362473263,5176.0,0,,판정불가
충청남도,천안시 서북구,402529.0,편의점,554.0,4010.0,21613390000.0,2546616.0,3.4103286581721943,4.691366027924206,-1.2236322997355125,True,13.762983536589909,39013339.35018051,4596.779783393502,6.32654044801741,5176.0,54446,1.2456465947485877,고특화·결제건수 증가
충청남도,천안시 서북구,402529.0,슈퍼마켓,396.0,4020.0,19826210000.0,887103.0,-2.077534129152831,0.4216486329325491,-2.488689237935705,True,9.837800506298924,50066186.86868687,2240.159090909091,2.2038238238735595,5176.0,63862,0.7591082820244599,저특화·결제건수 증가
충청남도,천안시 서북구,402529.0,일반한식,842.0,8001.0,37174030000.0,985335.0,1.33491534511569,2.3300327761610036,-0.9724588217635736,True,20.917747541170947,44149679.33491687,1170.231591448931,2.4478608994631443,5176.0,98173,1.0499559722749785,고특화·결제건수 증가
충청남도,천안시 서북구,402529.0,갈비전문점,576.0,,,,,,,True,14.309528009162074,,,,5176.0,61512,1.1463406544566868,판정불가
충청남도,천안시 서북구,402529.0,한정식,1386.0,,,,,,,True,34.43230177204624,,,,5176.0,180762,0.9386574936837456,판정불가
충청남도,천안시 서북구,402529.0,일식회집,347.0,8004.0,3257250000.0,58914.0,0.0873717437904962,1.6821276943508046,-1.5683738988567355,True,8.62049690829729,9386887.608069165,169.78097982708934,0.14635964116871084,5176.0,44227,0.9604904534072826,저특화·결제건수 증가
충청남도,천안시 서북구,402529.0,중국음식,276.0,8005.0,3082910000.0,99804.0,-1.5191463219055128,-0.0631312403604363,-1.4569348625950662,True,6.856648837723494,11169963.768115941,361.60869565217394,0.24794238427541868,5176.0,31984,1.0563974993679222,고특화·결제건수 감소
충청남도,천안시 서북구,402529.0,서양음식,185.0,8006.0,9680150000.0,834794.0,3.110956674443445,5.154240621886188,-1.943130334410376,True,4.595942155720458,52325135.13513514,4512.4,2.073872938347299,5176.0,23100,0.9804169426657834,저특화·결제건수 증가
충청남도,천안시 서북구,402529.0,스넥,390.0,8021.0,2808260000.0,159499.0,4.601025095654995,4.233553972048354,0.3525459025461566,True,9.688742922870153,7200666.666666667,408.9717948717949,0.3962422583217607,5176.0,44410,1.0750654206778414,고특화·결제건수 증가
충청남도,천안시 서북구,402529.0,제과점,224.0,8301.0,3681840000.0,248014.0,0.639886819865135,2.8724288492131116,-2.1702044506214,True,5.564816448007472,16436785.714285715,1107.205357142857,0.616139458275056,5176.0,31168,0.8798125291584282,저특화·결제건수 증가
충청남도,청양군,30051.0,대형할인점,0.0,,,,,,,False,0.0,,,,488.0,0,,판정불가
충청남도,청양군,30051.0,편의점,29.0,4010.0,827400000.0,83799.0,8.820966020587507,9.658863771203375,-0.7640948682124789,True,9.650261222588266,28531034.48275862,2889.6206896551726,2.7885594489368075,488.0,54446,0.6916040438322706,저특화·결제건수 증가
충청남도,청양군,30051.0,슈퍼마켓,65.0,4020.0,1026520000.0,45412.0,19.62270099700755,18.06043764234464,1.3232742363666543,True,21.62989584373232,15792615.384615384,698.6461538461539,1.5111643539316495,488.0,63862,1.3215887895569904,고특화·결제건수 증가
충청남도,청양군,30051.0,일반한식,68.0,8001.0,3151250000.0,68377.0,10.237433085542095,10.139512762628398,0.0889057164477542,True,22.62819872882766,46341911.76470588,1005.5441176470588,2.275365212472131,488.0,98173,0.8993781970369135,저특화·결제건수 증가
충청남도,청양군,30051.0,갈비전문점,56.0,,,,,,,True,18.63498718844631,,,,488.0,61512,1.1820985482773987,판정불가
충청남도,청양군,30051.0,한정식,189.0,,,,,,,True,62.89308176100629,,,,488.0,180762,1.3576260769300672,판정불가
충청남도,청양군,30051.0,일식회집,11.0,8004.0,10850000.0,259.0,14.230094703996196,16.09307241536296,-1.604727717689599,True,3.6604439120162393,986363.6363636364,23.545454545454547,0.008618681574656418,488.0,44227,0.3229465940803908,저특화·결제건수 증가
충청남도,청양군,30051.0,중국음식,31.0,8005.0,421140000.0,14640.0,7.4502302578471,8.906568245852574,-1.3372361387036575,True,10.315796479318491,13585161.290322581,472.258064516129,0.4871718079265249,488.0,31984,1.2585034832990267,고특화·결제건수 증가
충청남도,청양군,30051.0,서양음식,9.0,8006.0,601580000.0,39821.0,8.419527897969429,9.784212417269682,-1.243060809247652,True,2.994908655286014,66842222.222222224,4424.555555555556,1.325113972912715,488.0,23100,0.5058899297423887,저특화·결제건수 증가
충청남도,청양군,30051.0,스넥,20.0,8021.0,283370000.0,11675.0,10.23939985585259,8.929332825702625,1.2026760801392078,True,6.655352567302253,14168500.0,583.75,0.388506206116269,488.0,44410,0.5847560547949251,저특화·결제건수 증가
충청남도,청양군,30051.0,제과점,10.0,8301.0,222140000.0,12461.0,8.862921078101433,9.295054232379268,-0.395382167393475,True,3.3276762836511264,22214000.0,1246.1,0.41466174170576686,488.0,31168,0.4165974139091796,저특화·결제건수 증가
충청남도,태안군,59039.0,대형할인점,0.0,,,,,,,False,0.0,,,,1446.0,0,,판정불가
충청남도,태안군,59039.0,편의점,123.0,4010.0,3789210000.0,356595.0,13.116324576541022,14.881603006823802,-1.53660671863875,True,20.833686207422215,30806585.36585366,2899.1463414634145,6.039990514744491,1446.0,54446,0.9899566253395385,저특화·결제건수 증가
충청남도,태안군,59039.0,슈퍼마켓,290.0,4020.0,4369540000.0,164854.0,6.945017333681816,8.93764386076454,-1.8291441383013431,True,49.120073171971065,15067379.310344828,568.4620689655172,2.792289842307627,1446.0,63862,1.9899057931493276,고특화·결제건수 증가
충청남도,태안군,59039.0,일반한식,166.0,8001.0,10294420000.0,194285.0,13.876741306851397,12.877508532347786,0.8852363836656312,True,28.117007401886887,62014578.313253015,1170.3915662650602,3.2907908331780686,1446.0,98173,0.7409570924412812,저특화·결제건수 증가
충청남도,태안군,59039.0,갈비전문점,84.0,,,,,,,True,14.227883263605413,,,,1446.0,61512,0.5984067339827496,판정불가
충청남도,태안군,59039.0,한정식,441.0,,,,,,,True,74.69638713392843,,,,1446.0,180762,1.0690757673566413,판정불가
충청남도,태안군,59039.0,일식회집,164.0,8004.0,671520000.0,5584.0,20.90144769509909,19.9728276712029,0.7740252871601356,True,27.778248276562948,4094634.1463414636,34.048780487804876,0.0945815477904436,1446.0,44227,1.6249252997260049,고특화·결제건수 증가
충청남도,태안군,59039.0,중국음식,56.0,8005.0,887510000.0,25380.0,7.645132756887546,6.254098755220597,1.3091579693988968,True,9.485255509070276,15848392.857142856,453.2142857142857,0.4298853300360779,1446.0,31984,0.7672418505241556,저특화·결제건수 증가
충청남도,태안군,59039.0,서양음식,23.0,8006.0,1894540000.0,129898.0,8.822847636915148,8.706157122240493,0.1073448990965433,True,3.8957299412252917,82371304.3478261,5647.739130434783,2.2002066430664478,1446.0,23100,0.43630771257327267,저특화·결제건수 증가
충청남도,태안군,59039.0,스넥,64.0,8021.0,805960000.0,34448.0,9.07254917322122,9.304021265850093,-0.2117690547412061,True,10.84029201036603,12593125.0,538.25,0.5834787174579515,1446.0,44410,0.6315041875295678,저특화·결제건수 증가
충청남도,태안군,59039.0,제과점,35.0,8301.0,448710000.0,25369.0,6.473698023065151,6.964222264456725,-0.458587208888219,True,5.928284693168922,12820285.714285715,724.8285714285714,0.4296990125171497,1446.0,31168,0.49208048613892036,저특화·결제건수 증가
충청남도,홍성군,101566.0,대형할인점,0.0,4004.0,1395250000.0,46457.0,-0.5719234876822035,1.7601256144232251,-2.291712090590143,False,0.0,,,0.45740700628162967,1599.0,0,,판정불가
충청남도,홍성군,101566.0,편의점,105.0,4010.0,3697710000.0,387355.0,4.349669101774159,5.826930019362037,-1.3959215459785588,True,10.338105271449107,35216285.71428572,3689.095238095238,3.813825492783018,1599.0,54446,0.7642231395908121,저특화·결제건수 증가
충청남도,홍성군,101566.0,슈퍼마켓,192.0,4020.0,3178250000.0,135219.0,0.3464963326187458,2.817683405666542,-2.4034650375244175,True,18.90396392493551,16553385.416666666,704.265625,1.331341196857216,1599.0,63862,1.1913944602523863,고특화·결제건수 증가
충청남도,홍성군,101566.0,일반한식,283.0,8001.0,9198130000.0,224841.0,1.2532162669387774,2.7159935644661104,-1.4240988640287189,True,27.863655160191403,32502226.148409896,794.4911660777385,2.2137427879408462,1599.0,98173,1.142329089169572,고특화·결제건수 증가
충청남도,홍성군,101566.0,갈비전문점,147.0,8002.0,20510000.0,255.0,22.969788113838945,22.60920579461443,0.2940907388541101,True,14.47334738002875,139523.80952380953,1.7346938775510203,0.0025106827087804976,1599.0,61512,0.9470095311715745,저특화·결제건수 증가
충청남도,홍성군,101566.0,한정식,436.0,,,,,,,True,42.927751412874386,,,,1599.0,180762,0.9558202220840953,판정불가
충청남도,홍성군,101566.0,일식회집,159.0,8004.0,2530140000.0,23167.0,-25.533992283794333,-14.473484877363957,-12.932255442152416,True,15.654845125337218,15912830.188679244,145.70440251572327,0.22809798554634425,1599.0,44227,1.4246445009884405,고특화·결제건수 감소
충청남도,홍성군,101566.0,중국음식,91.0,8005.0,787980000.0,29183.0,0.1816659542241893,0.780118420838419,-0.5938199676598677,True,8.959691235255892,8659120.879120879,320.6923076923077,0.2873304058444755,1599.0,31984,1.1274712559531799,고특화·결제건수 증가
충청남도,홍성군,101566.0,서양음식,33.0,8006.0,2199350000.0,166438.0,0.7296737600954917,3.355667287237559,-2.540734916687327,True,3.2491187995982904,66646969.696969695,5043.575757575758,1.6387176811137585,1599.0,23100,0.5661073885464128,저특화·결제건수 증가
충청남도,홍성군,101566.0,스넥,90.0,8021.0,854370000.0,40828.0,3.993325191713476,2.889825209676065,1.0725064211049673,True,8.86123308981352,9493000.0,453.64444444444445,0.40198491621211824,1599.0,44410,0.8030796099622611,저특화·결제건수 증가
충청남도,홍성군,101566.0,제과점,63.0,8301.0,672270000.0,45413.0,1.4899647544788384,3.8903097945289034,-2.310460951360525,True,6.202863162869464,10670952.38095238,720.8412698412699,0.447127975897446,1599.0,31168,0.8009925511709706,저특화·결제건수 증가
충청북도,괴산군,37415.0,대형할인점,0.0,,,,,,,False,0.0,,,,726.0,0,,판정불가
충청북도,괴산군,37415.0,편의점,36.0,4010.0,993480000.0,102406.0,4.967287229525392,10.105426104218692,-4.666562817557978,True,9.621809434718696,27596666.666666668,2844.6111111111113,2.737030602699452,726.0,54446,0.5770922315021055,저특화·결제건수 증가
충청북도,괴산군,37415.0,슈퍼마켓,124.0,4020.0,2541820000.0,88023.0,-4.541168424522941,1.7373304017995788,-6.171283246303385,True,33.14178805291995,20498548.387096774,709.8629032258065,2.3526125885340106,726.0,63862,1.6946806703469508,고특화·결제건수 증가
충청북도,괴산군,37415.0,일반한식,105.0,8001.0,3826990000.0,101466.0,5.763722772517705,5.5861162343727075,0.1682101250421427,True,28.06361085126286,36447523.809523806,966.3428571428572,2.7119069891754646,726.0,98173,0.9334819886600925,저특화·결제건수 증가
충청북도,괴산군,37415.0,갈비전문점,60.0,,,,,,,True,16.036349057864495,,,,726.0,61512,0.8513342555480675,판정불가
충청북도,괴산군,37415.0,한정식,300.0,,,,,,,True,80.18174528932246,,,,726.0,180762,1.448514420267333,판정불가
충청북도,괴산군,37415.0,일식회집,17.0,8004.0,119800000.0,1527.0,-9.470707417500773,-5.6133018053489305,-4.086810626849969,True,4.543632233061606,7047058.823529412,89.82352941176471,0.04081250835226513,726.0,44227,0.33548271280878056,저특화·결제건수 감소
충청북도,괴산군,37415.0,중국음식,31.0,8005.0,378620000.0,13552.0,0.7304571630979165,2.012254791026121,-1.25651337729377,True,8.285447013229987,12213548.387096774,437.16129032258067,0.36220767072029936,726.0,31984,0.8459362256886019,저특화·결제건수 증가
충청북도,괴산군,37415.0,서양음식,10.0,8006.0,697850000.0,58687.0,6.231155004198358,10.575602683854976,-3.928938729891219,True,2.6727248429774155,69785000.0,5868.7,1.5685420285981557,726.0,23100,0.3778302505575233,저특화·결제건수 증가
충청북도,괴산군,37415.0,스넥,23.0,8021.0,1520000000.0,156733.0,0.3009995801340829,1.0363230168335351,-0.7277812718669172,True,6.147267138848056,66086956.52173913,6814.478260869565,4.189041828143792,726.0,44410,0.4520180412546997,저특화·결제건수 증가
충청북도,괴산군,37415.0,제과점,20.0,8301.0,172420000.0,9389.0,2.8202058395395344,6.580920653232345,-3.528506594466861,True,5.345449685954831,8621000.0,469.45,0.25094213550714956,726.0,31168,0.5600538236575198,저특화·결제건수 증가
충청북도,단양군,26628.0,대형할인점,0.0,,,,,,,False,0.0,,,,668.0,0,,판정불가
충청북도,단양군,26628.0,편의점,28.0,4010.0,1394280000.0,138962.0,6.006106137607263,6.853762111431365,-0.7932860360500289,True,10.515247108307046,49795714.28571428,4962.928571428572,5.21864203094487,668.0,54446,0.48782147712802726,저특화·결제건수 증가
충청북도,단양군,26628.0,슈퍼마켓,112.0,4020.0,846630000.0,45033.0,6.907517924544406,7.752441675996621,-0.7841342045805878,True,42.06098843322818,7559196.428571428,402.08035714285717,1.691189725101397,668.0,63862,1.6635826089826546,고특화·결제건수 증가
충청북도,단양군,26628.0,일반한식,85.0,8001.0,4178230000.0,86128.0,13.161122815276052,10.830794172037097,2.102600329310738,True,31.921285864503528,49155647.058823526,1013.2705882352941,3.234490010515247,668.0,98173,0.8212884733420918,저특화·결제건수 증가
충청북도,단양군,26628.0,갈비전문점,61.0,,,,,,,True,22.90821691452606,,,,668.0,61512,0.9406733742814799,판정불가
충청북도,단양군,26628.0,한정식,275.0,,,,,,,True,103.27474838515849,,,,668.0,180762,1.443093333365135,판정불가
충청북도,단양군,26628.0,일식회집,17.0,8004.0,179800000.0,2368.0,3.8133201709712785,6.474434223626465,-2.499298608214317,True,6.384257172900706,10576470.588235294,139.2941176470588,0.08892894697311102,668.0,44227,0.36461145134606987,저특화·결제건수 증가
충청북도,단양군,26628.0,중국음식,22.0,8005.0,194010000.0,7042.0,2.5242184884543963,2.7879715867392703,-0.2565991858904843,True,8.261979870812679,8818636.363636363,320.09090909090907,0.2644584647739222,668.0,31984,0.6524673264776102,저특화·결제건수 증가
충청북도,단양군,26628.0,서양음식,8.0,8006.0,794860000.0,48805.0,13.37587085639459,11.216345799540669,1.9417335116784784,True,3.004356316659156,99357500.0,6100.625,1.8328451254318763,668.0,23100,0.3285086968919304,저특화·결제건수 증가
충청북도,단양군,26628.0,스넥,38.0,8021.0,672260000.0,40539.0,12.14281670853855,8.020826657383099,3.8159215946656375,True,14.270692504130988,17691052.63157895,1066.8157894736842,1.5224200090130688,668.0,44410,0.811655410188405,저특화·결제건수 증가
충청북도,단양군,26628.0,제과점,22.0,8301.0,209940000.0,12268.0,5.248689687871287,4.419442437323256,0.7941502379173946,True,8.261979870812679,9542727.272727273,557.6363636363636,0.4607180411596815,668.0,31168,0.6695493766061307,저특화·결제건수 증가
충청북도,보은군,31181.0,대형할인점,0.0,,,,,,,False,0.0,,,,588.0,0,,판정불가
충청북도,보은군,31181.0,편의점,24.0,4010.0,839780000.0,85804.0,5.204634640087526,6.650062697481897,-1.3552997727665643,True,7.69699496488246,34990833.333333336,3575.1666666666665,2.751803983194894,588.0,54446,0.4750214966786038,저특화·결제건수 증가
충청북도,보은군,31181.0,슈퍼마켓,99.0,4020.0,1300930000.0,59640.0,1.674184388636376,2.8332054725830735,-1.1270883549922013,True,31.750104230140153,13140707.070707072,602.4242424242424,1.9127032487732913,588.0,63862,1.670554620645665,고특화·결제건수 증가
충청북도,보은군,31181.0,일반한식,91.0,8001.0,4157520000.0,181938.0,6.489619354457796,6.668291483780559,-0.1675025697302303,True,29.184439241845997,45687032.96703297,1999.3186813186812,5.834899458003271,588.0,98173,0.9988892300423984,저특화·결제건수 증가
충청북도,보은군,31181.0,갈비전문점,40.0,,,,,,,True,12.828324941470768,,,,588.0,61512,0.7007581287164366,판정불가
충청북도,보은군,31181.0,한정식,244.0,,,,,,,True,78.25278214297168,,,,588.0,180762,1.4546238008153993,판정불가
충청북도,보은군,31181.0,일식회집,13.0,8004.0,23670000.0,241.0,9.227821161881192,14.608996846778863,-4.6952471733888075,True,4.169205605977999,1820769.2307692308,18.53846153846154,0.007729065777236138,588.0,44227,0.31675528646351253,저특화·결제건수 증가
충청북도,보은군,31181.0,중국음식,26.0,8005.0,311470000.0,10226.0,1.92521842835169,2.135690222139929,-0.2060707607012677,True,8.338411211955998,11979615.384615384,393.3076923076923,0.32795612712870015,588.0,31984,0.8760090079053132,저특화·결제건수 증가
충청북도,보은군,31181.0,서양음식,10.0,8006.0,535980000.0,40063.0,5.958858783592165,7.590061322944323,-1.5161275300847,True,3.207081235367692,53598000.0,4006.3,1.2848529553253585,588.0,23100,0.46650469711694204,저특화·결제건수 증가
충청북도,보은군,31181.0,스넥,30.0,8021.0,163640000.0,6707.0,4.314981726422032,5.814535170578712,-1.4171526073797704,True,9.621243706103076,5454666.666666667,223.56666666666666,0.21509893845611108,588.0,44410,0.7279616192344986,저특화·결제건수 증가
충청북도,보은군,31181.0,제과점,11.0,8301.0,151640000.0,8313.0,4.641299108334969,4.197714922518226,0.4257139287042639,True,3.527789358904461,13785454.545454545,755.7272727272727,0.26660466309611625,588.0,31168,0.38032226494293814,저특화·결제건수 증가
충청북도,영동군,43011.0,대형할인점,0.0,,,,,,,False,0.0,,,,706.0,0,,판정불가
충청북도,영동군,43011.0,편의점,34.0,4010.0,1076020000.0,105982.0,7.933501115229662,8.975961865296076,-0.9565969707658684,True,7.904954546511357,31647647.05882353,3117.1176470588234,2.4640673316128434,706.0,54446,0.560471539282262,저특화·결제건수 증가
충청북도,영동군,43011.0,슈퍼마켓,112.0,4020.0,2811190000.0,84463.0,2.481327142129152,4.085346488008574,-1.541061638358748,True,26.039850270860942,25099910.714285713,754.1339285714286,1.9637534584176142,706.0,63862,1.5740413354113503,고특화·결제건수 증가
충청북도,영동군,43011.0,일반한식,116.0,8001.0,3311330000.0,100571.0,6.38360670434784,5.676607468903673,0.6690215104153516,True,26.96984492339169,28545948.275862068,866.9913793103449,2.3382623049917464,706.0,98173,1.0604899387157476,고특화·결제건수 증가
충청북도,영동군,43011.0,갈비전문점,75.0,,,,,,,True,17.437399734951523,,,,706.0,61512,1.0943142165862199,판정불가
충청북도,영동군,43011.0,한정식,266.0,,,,,,,True,61.844644393294736,,,,706.0,180762,1.3207332898222204,판정불가
충청북도,영동군,43011.0,일식회집,17.0,8004.0,51330000.0,586.0,5.665163076544448,11.490633649770702,-5.22507620821852,True,3.9524772732556785,3019411.7647058824,34.470588235294116,0.013624421659575458,706.0,44227,0.3449864723784344,저특화·결제건수 증가
충청북도,영동군,43011.0,중국음식,34.0,8005.0,224950000.0,8208.0,3.878317752336238,4.235991905803966,-0.3431388207932971,True,7.904954546511357,6616176.470588235,241.41176470588235,0.19083490269930947,706.0,31984,0.9540843367859567,저특화·결제건수 증가
충청북도,영동군,43011.0,서양음식,13.0,8006.0,617540000.0,45998.0,4.5308291029007135,6.138070968971062,-1.5142934588855317,True,3.0224826207249307,47503076.92307692,3538.3076923076924,1.0694473506777336,706.0,23100,0.5050937542155672,저특화·결제건수 증가
충청북도,영동군,43011.0,스넥,28.0,8021.0,190920000.0,8658.0,5.3078047818259915,6.132911604504013,-0.777427859279625,True,6.5099625677152355,6818571.428571428,309.2142857142857,0.2012973425402804,706.0,44410,0.5658715816372419,저특화·결제건수 증가
충청북도,영동군,43011.0,제과점,11.0,8301.0,121780000.0,7421.0,4.588740695259511,6.7108463408023855,-1.9886503746446185,True,2.557485294459557,11070909.090909092,674.6363636363636,0.17253725791076702,706.0,31168,0.31675565408845274,저특화·결제건수 증가
충청북도,옥천군,50547.0,대형할인점,0.0,,,,,,,False,0.0,,,,844.0,0,,판정불가
충청북도,옥천군,50547.0,편의점,51.0,4010.0,1339780000.0,151180.0,5.893803870228588,6.669921225406393,-0.7275878206920212,True,10.089619561991809,26270196.07843137,2964.3137254901962,2.99087977525867,844.0,54446,0.7032456873221747,저특화·결제건수 증가
충청북도,옥천군,50547.0,슈퍼마켓,130.0,4020.0,3009500000.0,125156.0,-0.604674972424064,2.6528119729026582,-3.1733051269814396,True,25.71863809919481,23150000.0,962.7384615384616,2.4760322076483274,844.0,63862,1.5282827708621123,고특화·결제건수 증가
충청북도,옥천군,50547.0,일반한식,125.0,8001.0,5743770000.0,239696.0,5.881068912818666,7.640430676583112,-1.634480420327078,True,24.72945971076424,45950160.0,1917.568,4.742042059865076,844.0,98173,0.9559184210212526,저특화·결제건수 증가
충청북도,옥천군,50547.0,갈비전문점,63.0,,,,,,,True,12.463647694225177,,,,844.0,61512,0.7689242926591136,판정불가
충청북도,옥천군,50547.0,한정식,320.0,,,,,,,True,63.307416859556454,,,,844.0,180762,1.3290634680746714,판정불가
충청북도,옥천군,50547.0,일식회집,23.0,8004.0,39540000.0,661.0,-1.5347589586924022,-1.739873830380582,0.2087468026797587,True,4.55022058678062,1719130.4347826086,28.73913043478261,0.01307693829505213,844.0,44227,0.3904300486814203,저특화·결제건수 감소
충청북도,옥천군,50547.0,중국음식,40.0,8005.0,228880000.0,9530.0,2.4498536320168007,2.1590101620132427,0.2846968363752726,True,7.913427107444557,5722000.0,238.25,0.18853740083486656,844.0,31984,0.9389232530957422,저특화·결제건수 증가
충청북도,옥천군,50547.0,서양음식,12.0,8006.0,661100000.0,46756.0,10.738479201241889,9.231014401845856,1.3800703102969216,True,2.374028132233367,55091666.666666664,3896.3333333333335,0.9250004945891942,844.0,23100,0.3900067704807041,저특화·결제건수 증가
충청북도,옥천군,50547.0,스넥,51.0,8021.0,254130000.0,19438.0,-17.74341307330632,-27.720269913176864,13.803118561574976,True,10.089619561991809,4982941.176470588,381.1372549019608,0.3845529902862682,844.0,44410,0.8621687613587734,저특화·결제건수 감소
충청북도,옥천군,50547.0,제과점,29.0,8301.0,163280000.0,10916.0,0.9786801675408586,0.3833184682552079,0.5930882823662551,True,5.737234652897303,5630344.827586207,376.41379310344826,0.21595742576216195,844.0,31168,0.6985410665453449,저특화·결제건수 증가
충청북도,음성군,95954.0,대형할인점,0.0,4004.0,168800000.0,9131.0,5.1238304892590225,6.909242032957855,-1.6700254437764035,False,0.0,,,0.09516018092002418,1824.0,0,,판정불가
충청북도,음성군,95954.0,편의점,193.0,4010.0,9053450000.0,911016.0,4.819763572177574,6.468775280932619,-1.548821900509284,True,20.11380453133793,46909067.35751295,4720.290155440414,9.494299351772725,1824.0,54446,1.2314359358798126,고특화·결제건수 증가
충청북도,음성군,95954.0,슈퍼마켓,160.0,4020.0,10938550000.0,385111.0,-1.1832141852527711,1.545885908314176,-2.6875535814725255,True,16.674656606290515,68365937.5,2406.94375,4.013496050190716,1824.0,63862,0.8703580692359126,저특화·결제건수 증가
충청북도,음성군,95954.0,일반한식,352.0,8001.0,10750360000.0,358874.0,4.26405926459142,2.909729530087133,1.3160366281094602,True,36.684244533839134,30540795.454545453,1019.5284090909091,3.740062946828689,1824.0,98173,1.2455784730893065,고특화·결제건수 증가
충청북도,음성군,95954.0,갈비전문점,169.0,,,,,,,True,17.612606040394358,,,,1824.0,61512,0.9544371815626334,판정불가
충청북도,음성군,95954.0,한정식,586.0,,,,,,,True,61.07092982053901,,,,1824.0,180762,1.1261881960907403,판정불가
충청북도,음성군,95954.0,일식회집,56.0,8004.0,435010000.0,6936.0,1.2546848439067064,3.1362234188438274,-1.824323707584351,True,5.83612981220168,7768035.714285715,123.85714285714286,0.07228463638826937,1824.0,44227,0.4398666528622866,저특화·결제건수 증가
충청북도,음성군,95954.0,중국음식,115.0,8005.0,1296270000.0,46330.0,1.536200889251072,2.899082753247832,-1.324483977437323,True,11.984909435771307,11271913.043478262,402.8695652173913,0.4828355253558997,1824.0,31984,1.249066487739484,고특화·결제건수 증가
충청북도,음성군,95954.0,서양음식,36.0,8006.0,2645280000.0,180663.0,4.87090240703229,5.7656508796144275,-0.8459726434252252,True,3.751797736415366,73480000.0,5018.416666666667,1.8828084290389144,1824.0,23100,0.541390977443609,저특화·결제건수 증가
충청북도,음성군,95954.0,스넥,101.0,8021.0,1977140000.0,161898.0,2.7292459968908487,2.8673997853628523,-0.1343027905441672,True,10.525876982720888,19575643.564356435,1602.950495049505,1.6872459720282635,1824.0,44410,0.7900618538577925,저특화·결제건수 증가
충청북도,음성군,95954.0,제과점,56.0,8301.0,626910000.0,43807.0,2.3276549815608956,2.805906440180812,-0.4651984260244912,True,5.83612981220168,11194821.42857143,782.2678571428571,0.45654167621985536,1824.0,31168,0.6241652482077884,저특화·결제건수 증가
충청북도,제천시,128192.0,대형할인점,0.0,4004.0,3457970000.0,77957.0,-2.870554169669352,-0.3533501264979158,-2.526130127171243,False,0.0,,,0.6081268721917125,2274.0,0,,판정불가
충청북도,제천시,128192.0,편의점,147.0,4010.0,5011410000.0,534537.0,4.5510354003268665,6.569703615739855,-1.894223355158952,True,11.467174238642038,34091224.489795916,3636.3061224489797,4.169815589116325,2274.0,54446,0.7523262622198732,저특화·결제건수 증가
충청북도,제천시,128192.0,슈퍼마켓,312.0,4020.0,8696020000.0,362687.0,-1.7675875795666078,0.9979423708513376,-2.738204250006622,True,24.33849226160759,27871858.974358976,1162.4583333333333,2.829248315027459,2274.0,63862,1.361341064493533,고특화·결제건수 증가
충청북도,제천시,128192.0,일반한식,364.0,8001.0,14744120000.0,341268.0,4.4082065298274005,4.694012139277629,-0.2729913617886728,True,28.394907638542186,40505824.17582417,937.5494505494505,2.662163005491762,2274.0,98173,1.0331519213103435,고특화·결제건수 증가
충청북도,제천시,128192.0,갈비전문점,280.0,,,,,,,True,21.842236645032454,,,,2274.0,61512,1.2683907026371384,판정불가
충청북도,제천시,128192.0,한정식,714.0,,,,,,,True,55.697703444832754,,,,2274.0,180762,1.1006416431361123,판정불가
충청북도,제천시,128192.0,일식회집,77.0,8004.0,525320000.0,6742.0,0.9037708245621504,2.8745711502725224,-1.9157312673814844,True,6.006615077383924,6822337.662337663,87.55844155844156,0.05259298552171742,2274.0,44227,0.48512997598004165,저특화·결제건수 증가
충청북도,제천시,128192.0,중국음식,106.0,8005.0,1053220000.0,35450.0,-1.409384542538199,-0.366406768164485,-1.0468133694093102,True,8.268846729905142,9936037.735849056,334.4339622641509,0.27653831752371444,2274.0,31984,0.9234809797158914,저특화·결제건수 감소
충청북도,제천시,128192.0,서양음식,50.0,8006.0,3321030000.0,253290.0,3.9192158059504183,6.590571066447562,-2.5061834586023632,True,3.900399400898652,66420600.0,5065.8,1.975864328507239,2274.0,23100,0.6031327218662311,저특화·결제건수 증가
충청북도,제천시,128192.0,스넥,141.0,8021.0,1423000000.0,72977.0,2.757776240911237,3.3171370760129784,-0.5414017954157885,True,10.999126310534198,10092198.581560284,517.5673758865248,0.5692788941587619,2274.0,44410,0.8846942528216624,저특화·결제건수 증가
충청북도,제천시,128192.0,제과점,83.0,8301.0,680180000.0,48397.0,0.5497141704485554,2.3016616717556655,-1.7125308354505124,True,6.474663005491762,8194939.759036144,583.0963855421687,0.37753525961058415,2274.0,31168,0.7420343734818563,저특화·결제건수 증가
충청북도,증평군,36741.0,대형할인점,0.0,4004.0,264900000.0,11157.0,0.3846505948968637,2.556885644278671,-2.1180782116534904,False,0.0,,,0.3036662039683188,625.0,0,,판정불가
충청북도,증평군,36741.0,편의점,52.0,4010.0,1815930000.0,199016.0,4.827382106177105,5.979847763887398,-1.0874384913987298,True,14.153125935603278,34921730.76923077,3827.230769230769,5.416727906153888,625.0,54446,0.9682838188296661,저특화·결제건수 증가
충청북도,증평군,36741.0,슈퍼마켓,62.0,4020.0,2429820000.0,96760.0,-0.608440811167709,2.7636561472556807,-3.2814100673795776,True,16.87488092321929,39190645.161290325,1560.6451612903227,2.633570126017256,625.0,63862,0.9842705333375089,저특화·결제건수 증가
충청북도,증평군,36741.0,일반한식,115.0,8001.0,3423860000.0,82800.0,3.961815636127694,4.844965453996252,-0.8423387942801359,True,31.300182357584173,29772695.652173914,720.0,2.25361312974606,625.0,98173,1.1876024568873316,고특화·결제건수 증가
충청북도,증평군,36741.0,갈비전문점,60.0,,,,,,,True,16.330529925696087,,,,625.0,61512,0.9889098712446353,판정불가
충청북도,증평군,36741.0,한정식,194.0,,,,,,,True,52.80204675975069,,,,625.0,180762,1.088077680043372,판정불가
충청북도,증평군,36741.0,일식회집,24.0,8004.0,85900000.0,1132.0,8.534084019530596,7.162180836400562,1.2802120789464115,True,6.532211970278436,3579166.6666666665,47.166666666666664,0.030810266459813287,625.0,44227,0.5501600741628416,저특화·결제건수 증가
충청북도,증평군,36741.0,중국음식,34.0,8005.0,232340000.0,8747.0,-2.1061034925658055,-0.5096359966916107,-1.60464534617758,True,9.25396695789445,6833529.411764706,257.2647058823529,0.2380719087667728,625.0,31984,1.0777336668334168,고특화·결제건수 감소
충청북도,증평군,36741.0,서양음식,8.0,8006.0,682990000.0,54767.0,8.600043831176128,8.517595786241577,0.0759766601325956,True,2.177403990092812,85373750.0,6845.875,1.490623554067663,625.0,23100,0.3511100952380952,저특화·결제건수 증가
충청북도,증평군,36741.0,스넥,52.0,8021.0,457200000.0,24375.0,5.398444953633179,4.210576897428444,1.1398728339964546,True,14.153125935603278,8792307.692307692,468.75,0.6634277782314036,625.0,44410,1.1871015717180815,고특화·결제건수 증가
충청북도,증평군,36741.0,제과점,24.0,8301.0,230940000.0,18360.0,-3.8130251503667303,-2.3690743721368683,-1.4789891306917762,True,6.532211970278436,9622500.0,765.0,0.4997142157263003,625.0,31168,0.7806702258726899,저특화·결제건수 감소
충청북도,진천군,85569.0,대형할인점,0.0,4004.0,709170000.0,35034.0,-1.5809900408490591,1.2508400872919898,-2.7968460564866926,False,0.0,,,0.40942397363531186,1470.0,0,,판정불가
충청북도,진천군,85569.0,편의점,154.0,4010.0,6390410000.0,676981.0,4.002871572603405,5.311749994879314,-1.242860765621628,True,17.997171872991387,41496168.83116883,4395.980519480519,7.911521695941287,1470.0,54446,1.2192218414750833,고특화·결제건수 증가
충청북도,진천군,85569.0,슈퍼마켓,129.0,4020.0,8438440000.0,288956.0,-1.2377551086295135,1.8346938260828356,-3.0170944884064648,True,15.075553062440838,65414263.565891474,2239.968992248062,3.376877140085779,1470.0,63862,0.8707133174274375,저특화·결제건수 증가
충청북도,진천군,85569.0,일반한식,273.0,8001.0,9054440000.0,234653.0,3.386221822055023,3.3004158396787235,0.0830645081907825,True,31.904077411212004,33166446.886446886,859.5347985347985,2.742266475008473,1470.0,98173,1.1986670760508782,고특화·결제건수 증가
충청북도,진천군,85569.0,갈비전문점,131.0,,,,,,,True,15.30928256728488,,,,1470.0,61512,0.9179931486185319,판정불가
충청북도,진천군,85569.0,한정식,468.0,,,,,,,True,54.69270413350629,,,,1470.0,180762,1.1160064570190276,판정불가
충청북도,진천군,85569.0,일식회집,58.0,8004.0,361380000.0,6384.0,5.08354020707901,6.731295428206506,-1.543835118384639,True,6.778155640477276,6230689.655172414,110.06896551724138,0.07460645794621884,1470.0,44227,0.5652863573810376,저특화·결제건수 증가
충청북도,진천군,85569.0,중국음식,88.0,8005.0,926400000.0,33086.0,0.9157630375747904,1.0125809685869291,-0.0958473984960919,True,10.284098213137936,10527272.727272727,375.97727272727275,0.386658719863502,1470.0,31984,1.1859814260871933,고특화·결제건수 증가
충청북도,진천군,85569.0,서양음식,36.0,8006.0,2026990000.0,172194.0,2.583230822026244,5.259552982917351,-2.5425931281746927,True,4.207131087192791,56305277.777777776,4783.166666666667,2.0123409178557656,1470.0,23100,0.6717667638483964,저특화·결제건수 증가
충청북도,진천군,85569.0,스넥,81.0,8021.0,845650000.0,41349.0,2.2424719154904356,1.7019765639736346,0.5314501937696542,True,9.466044946183782,10440123.456790123,510.48148148148147,0.4832240647898187,1470.0,44410,0.7861985487732585,저특화·결제건수 증가
충청북도,진천군,85569.0,제과점,52.0,8301.0,612980000.0,43797.0,0.6620819869167601,1.410194176057953,-0.7377090589555347,True,6.076967125945143,11788076.923076924,842.25,0.5118325561827297,1470.0,31168,0.7191548282557376,저특화·결제건수 증가
충청북도,청주시 상당구,193079.0,대형할인점,0.0,4004.0,2523760000.0,96205.0,-5.312099218159247,-2.8592157962091695,-2.5250809349080487,False,0.0,,,0.49826754851641036,2622.0,0,,판정불가
충청북도,청주시 상당구,193079.0,편의점,183.0,4010.0,7095900000.0,794913.0,4.380885261735055,5.277777285981466,-0.8519291035277567,True,9.477985694974596,38775409.836065575,4343.786885245901,4.117034996037892,2622.0,54446,0.8122650192061481,저특화·결제건수 증가
충청북도,청주시 상당구,193079.0,슈퍼마켓,288.0,4020.0,8320760000.0,399755.0,1.0895315957525435,3.1192449623673673,-1.9683167456817137,True,14.916174208484609,28891527.777777776,1388.0381944444443,2.070421951636377,2622.0,63862,1.0898396693040993,고특화·결제건수 증가
충청북도,청주시 상당구,193079.0,일반한식,415.0,8001.0,21940670000.0,632060.0,3.2527376598483917,3.4607464093103677,-0.2010508880721127,True,21.493792696253866,52869084.3373494,1523.0361445783133,3.2735823160467996,2622.0,98173,1.0215712773360912,고특화·결제건수 증가
충청북도,청주시 상당구,193079.0,갈비전문점,282.0,,,,,,,True,14.60542057914118,,,,2622.0,61512,1.107903412197222,판정불가
충청북도,청주시 상당구,193079.0,한정식,724.0,,,,,,,True,37.49760460744048,,,,2622.0,180762,0.9679302614271506,판정불가
충청북도,청주시 상당구,193079.0,일식회집,143.0,8004.0,1085060000.0,21060.0,-2.8716279706060175,-0.5788261836407622,-2.306150389252352,True,7.406294832685067,7587832.167832168,147.27272727272728,0.10907452389954371,2622.0,44227,0.7813780293081612,저특화·결제건수 감소
충청북도,청주시 상당구,193079.0,중국음식,128.0,8005.0,1655330000.0,57072.0,0.0369412835379763,1.4007033682078869,-1.3449236931994253,True,6.629410759326493,12932265.625,445.875,0.29558885223147,2622.0,31984,0.9671410838905342,저특화·결제건수 증가
충청북도,청주시 상당구,193079.0,서양음식,90.0,8006.0,5161800000.0,406146.0,2.878848499341614,5.253099303495185,-2.2557538161488693,True,4.661304440151441,57353333.333333336,4512.733333333334,2.1035223923886077,2622.0,23100,0.9415495259888852,저특화·결제건수 증가
충청북도,청주시 상당구,193079.0,스넥,231.0,8021.0,1714170000.0,99782.0,3.2290168323081665,3.2154434285221836,0.013150555125389,True,11.96401472972203,7420649.35064935,431.95670995671,0.5167936440524344,2622.0,44410,1.257024800627809,고특화·결제건수 증가
충청북도,청주시 상당구,193079.0,제과점,138.0,8301.0,1490000000.0,111866.0,1.1502239675622543,2.9933520745722575,-1.7895602676136286,True,7.1473334748988755,10797101.449275363,810.6231884057971,0.5793794250022012,2622.0,31168,1.0699975683562086,고특화·결제건수 증가
충청북도,청주시 서원구,187779.0,대형할인점,0.0,4004.0,3144820000.0,89495.0,-3.5890364404865323,-2.5658962397411744,-1.050084273636735,False,0.0,,,0.47659748960213866,2168.0,0,,판정불가
충청북도,청주시 서원구,187779.0,편의점,188.0,4010.0,7470620000.0,934101.0,5.21443522371103,6.8478705074903665,-1.528748561876876,True,10.01176915416527,39737340.42553192,4968.622340425532,4.974469988656878,2168.0,54446,1.0092015745856318,고특화·결제건수 증가
충청북도,청주시 서원구,187779.0,슈퍼마켓,199.0,4020.0,9443120000.0,445505.0,0.6973499031123714,2.835203986237857,-2.078912668283912,True,10.597564157866428,47452864.32160804,2238.718592964824,2.372496392035318,2168.0,63862,0.9107446106404943,저특화·결제건수 증가
충청북도,청주시 서원구,187779.0,일반한식,367.0,8001.0,17239540000.0,552372.0,2.3177931716198996,2.4964117722167374,-0.1742681499853736,True,19.544251487120498,46974223.43324251,1505.100817438692,2.9416068889492437,2168.0,98173,1.0925971183560552,고특화·결제건수 증가
충청북도,청주시 서원구,187779.0,갈비전문점,261.0,,,,,,,True,13.899317815091145,,,,2168.0,61512,1.2401285574014538,판정불가
충청북도,청주시 서원구,187779.0,한정식,552.0,,,,,,,True,29.396258367549088,,,,2168.0,180762,0.8925200660377832,판정불가
충청북도,청주시 서원구,187779.0,일식회집,128.0,8004.0,942180000.0,15860.0,-3.869395181264309,1.536908732865052,-5.324471644446928,True,6.816523679431672,7360781.25,123.90625,0.08446098871545807,2168.0,44227,0.8458795728210973,저특화·결제건수 증가
충청북도,청주시 서원구,187779.0,중국음식,120.0,8005.0,1156330000.0,44149.0,-0.7480107918593117,2.1034299841089106,-2.792698322095558,True,6.390490949467193,9636083.333333334,367.90833333333336,0.23511148744002258,2168.0,31984,1.0965653490952119,고특화·결제건수 증가
충청북도,청주시 서원구,187779.0,서양음식,68.0,8006.0,4318630000.0,363008.0,2.7777081751874517,6.585588871125629,-3.5726037039982916,True,3.621278204698076,63509264.705882356,5338.35294117647,1.9331661154868223,2168.0,23100,0.8603654893691793,저특화·결제건수 증가
충청북도,청주시 서원구,187779.0,스넥,180.0,8021.0,1443980000.0,82402.0,4.11922559349913,3.023749717138433,1.0633236310738512,True,9.585736424200789,8022111.111111111,457.7888888888889,0.438824362681663,2168.0,44410,1.1846165095292025,고특화·결제건수 증가
충청북도,청주시 서원구,187779.0,제과점,105.0,8301.0,1301010000.0,105045.0,-0.4956269037184961,1.8683272535305009,-2.3205977961782014,True,5.591679580783794,12390571.42857143,1000.4285714285714,0.5594076014889844,2168.0,31168,0.9846149210657918,저특화·결제건수 증가
충청북도,청주시 청원구,186088.0,대형할인점,0.0,4004.0,1617580000.0,70239.0,-11.23110817383122,-5.572126947683234,-5.992914002216931,False,0.0,,,0.3774504535488586,2686.0,0,,판정불가
충청북도,청주시 청원구,186088.0,편의점,273.0,4010.0,9939460000.0,1153479.0,3.2462578238122854,4.497331425797852,-1.1972301923077795,True,14.670478483298224,36408278.38827839,4225.197802197802,6.19856734448218,2686.0,54446,1.1828671930509465,고특화·결제건수 증가
충청북도,청주시 청원구,186088.0,슈퍼마켓,231.0,4020.0,14665260000.0,588331.0,-0.2137813941288145,2.220040852156469,-2.380963875572486,True,12.413481793560036,63485974.02597403,2546.8874458874457,3.161574093977043,2686.0,63862,0.8533138270758944,저특화·결제건수 증가
충청북도,청주시 청원구,186088.0,일반한식,468.0,8001.0,22599990000.0,644170.0,1.4143828633380289,2.2768197837151987,-0.8432379127557346,True,25.1493916856541,48290576.92307692,1376.431623931624,3.4616418038777352,2686.0,98173,1.124587130174316,고특화·결제건수 증가
충청북도,청주시 청원구,186088.0,갈비전문점,296.0,,,,,,,True,15.906452861011996,,,,2686.0,61512,1.1351968613815928,판정불가
충청북도,청주시 청원구,186088.0,한정식,707.0,,,,,,,True,37.99277761059284,,,,2686.0,180762,0.9226810358198775,판정불가
충청북도,청주시 청원구,186088.0,일식회집,148.0,8004.0,1520030000.0,25227.0,-2.061388156033609,1.0768835299789257,-3.104836216167832,True,7.953226430505998,10270472.972972972,170.4527027027027,0.13556489402863162,2686.0,44227,0.7894298656624295,저특화·결제건수 증가
충청북도,청주시 청원구,186088.0,중국음식,148.0,8005.0,1791390000.0,64545.0,-1.661006322767767,-0.1572460488594858,-1.5061286016251043,True,7.953226430505998,12103986.486486487,436.11486486486484,0.34685202699797946,2686.0,31984,1.0916118893400535,고특화·결제건수 감소
충청북도,청주시 청원구,186088.0,서양음식,76.0,8006.0,4602500000.0,407335.0,1.6297395340803635,4.420251374812886,-2.6723856761425155,True,4.0840892480976745,60559210.526315786,5359.671052631579,2.1889374919392974,2686.0,23100,0.7761415452256851,저특화·결제건수 증가
충청북도,청주시 청원구,186088.0,스넥,204.0,8021.0,1638470000.0,86317.0,3.1907045724727663,3.314490042399261,-0.1198142389085008,True,10.962555350156915,8031715.68627451,423.12254901960785,0.46385043635269335,2686.0,44410,1.0836491952148992,고특화·결제건수 증가
충청북도,청주시 청원구,186088.0,제과점,135.0,8301.0,1574500000.0,122110.0,1.1873955249789483,2.758285106324039,-1.528723041377842,True,7.2546322170156055,11662962.962962963,904.5185185185185,0.6561949185331671,2686.0,31168,1.0217958908539373,고특화·결제건수 증가
충청북도,청주시 흥덕구,292625.0,대형할인점,0.0,4004.0,11296040000.0,266665.0,-2.352728961993762,-0.0959874215779846,-2.2589098096978786,False,0.0,,,0.9112857753096967,3849.0,0,,판정불가
충청북도,청주시 흥덕구,292625.0,편의점,366.0,4010.0,16803090000.0,2069415.0,1.8550386714970704,2.6006058445778177,-0.7266693670504308,True,12.507475437847074,45910081.96721312,5654.139344262295,7.071900897052542,3849.0,54446,1.106655692573926,고특화·결제건수 증가
충청북도,청주시 흥덕구,292625.0,슈퍼마켓,321.0,4020.0,16302360000.0,809733.0,-0.33129825241136,2.3428973509398463,-2.6129762519632314,True,10.969671080734729,50786168.224299066,2522.532710280374,2.767135412217001,3849.0,63862,0.8274846242041827,저특화·결제건수 증가
충청북도,청주시 흥덕구,292625.0,일반한식,677.0,8001.0,32844800000.0,843524.0,0.9522885587570158,1.1268786391165269,-0.172644585404991,True,23.13541221700128,48515214.1802068,1245.97341211226,2.8826108500640752,3849.0,98173,1.135256564823053,고특화·결제건수 증가
충청북도,청주시 흥덕구,292625.0,갈비전문점,438.0,8002.0,76720000.0,1307.0,-1.9992181185684668,0.0713062671044118,-2.069049024049234,True,14.967962409226825,175159.81735159818,2.9840182648401825,0.004466467321657412,3849.0,61512,1.1722268868676664,고특화·결제건수 증가
충청북도,청주시 흥덕구,292625.0,한정식,1014.0,,,,,,,True,34.651858180264846,,,,3849.0,180762,0.9234815706951424,판정불가
충청북도,청주시 흥덕구,292625.0,일식회집,240.0,8004.0,2497100000.0,40445.0,-1.1771683413904956,0.9880859513717488,-2.1440690477140416,True,8.201623237932507,10404583.333333334,168.52083333333334,0.13821443827424176,3849.0,44227,0.8933490422233724,저특화·결제건수 증가
충청북도,청주시 흥덕구,292625.0,중국음식,204.0,8005.0,2481640000.0,88807.0,-0.9038583293125634,0.0469463834320172,-0.950358553773932,True,6.9713797522426315,12164901.960784314,435.328431372549,0.3034839812046134,3849.0,31984,1.0500133153092526,고특화·결제건수 증가
충청북도,청주시 흥덕구,292625.0,서양음식,119.0,8006.0,7909110000.0,694791.0,0.394417795072306,3.404180793957635,-2.91067824896027,True,4.066638188808202,66463109.24369748,5838.579831932773,2.3743391712943187,3849.0,23100,0.8480713605265436,저특화·결제건수 증가
충청북도,청주시 흥덕구,292625.0,스넥,287.0,8021.0,2689590000.0,162228.0,2.991646677039928,2.6062610106021946,0.3755966377118793,True,9.807774455360956,9371393.728222996,565.2543554006969,0.5543887227680478,3849.0,44410,1.0638944402488704,고특화·결제건수 증가
충청북도,청주시 흥덕구,292625.0,제과점,183.0,8301.0,2305110000.0,186313.0,0.4130971029372814,2.0864135648219726,-1.6391176880968577,True,6.253737718923537,12596229.50819672,1018.103825136612,0.6366954293037164,3849.0,31168,0.9665839296374482,저특화·결제건수 증가
충청북도,충주시,205978.0,대형할인점,0.0,4004.0,7582650000.0,207337.0,-2.1231327577549206,0.4671336347867224,-2.578222647376056,False,0.0,,,1.0065977919972036,3594.0,0,,판정불가
충청북도,충주시,205978.0,편의점,270.0,4010.0,9513450000.0,1048849.0,4.464154582131733,6.233171076613816,-1.6652204547356542,True,13.108196020934274,35235000.0,3884.625925925926,5.092043810504034,3594.0,54446,0.8743091821171298,저특화·결제건수 증가
충청북도,충주시,205978.0,슈퍼마켓,374.0,4020.0,13718750000.0,499326.0,-1.0117941544948887,1.2407643634215209,-2.2249521050931715,True,18.15727893270155,36681149.73262032,1335.096256684492,2.424171513462603,3594.0,63862,1.0325149315509843,고특화·결제건수 증가
충청북도,충주시,205978.0,일반한식,605.0,8001.0,25974380000.0,792643.0,2.722614563865288,2.7144878838565516,0.0079119121130511,True,29.372068861723093,42932859.50413223,1310.1537190082645,3.8481925254153357,3594.0,98173,1.0865020904660478,고특화·결제건수 증가
충청북도,충주시,205978.0,갈비전문점,343.0,,,,,,,True,16.65226383400169,,,,3594.0,61512,0.9831086702284765,판정불가
충청북도,충주시,205978.0,한정식,1184.0,,,,,,,True,57.481866995504376,,,,3594.0,180762,1.1548134107132955,판정불가
충청북도,충주시,205978.0,일식회집,156.0,8004.0,948840000.0,15084.0,1.8937199176821256,4.824380903933786,-2.795781821919306,True,7.573624367650915,6082307.692307692,96.6923076923077,0.07323112177028615,3594.0,44227,0.6218768228398843,저특화·결제건수 증가
충청북도,충주시,205978.0,중국음식,201.0,8005.0,1877320000.0,66592.0,0.6640031394213988,1.6165446357465678,-0.937388197699147,True,9.758323704473293,9339900.497512437,331.30348258706465,0.3232966627503908,3594.0,31984,1.1079764631898588,고특화·결제건수 증가
충청북도,충주시,205978.0,서양음식,71.0,8006.0,4288940000.0,382538.0,2.674639564117837,5.536287823693723,-2.7115301462530756,True,3.446970064764198,60407605.633802816,5387.859154929577,1.8571789220207984,3594.0,23100,0.541893102260381,저특화·결제건수 증가
충청북도,충주시,205978.0,스넥,257.0,8021.0,1809540000.0,91227.0,2.7968866853423417,3.205534266362706,-0.3959551044672699,True,12.477060656963365,7041011.673151751,354.9688715953307,0.4428968142228782,3594.0,44410,1.0202805421279957,고특화·결제건수 증가
충청북도,충주시,205978.0,제과점,133.0,8301.0,1758170000.0,117179.0,-0.7548062551887513,-0.5834505010500738,-0.172361397576434,True,6.457000262163921,13219323.308270676,881.0451127819549,0.5688908524211324,3594.0,31168,0.7523327365709904,저특화·결제건수 감소
